Gini	MAX_EXC_WEIGHT	mean_peaks_height	std_peaks_height
0.275811805555556	2	0	0
0.275811805555556	2.36734693877551	0	0
0.275811805555556	2.73469387755102	0	0
0.275811805555556	3.10204081632653	0	0
0.275811805555556	3.46938775510204	0	0
0.275811805555556	3.83673469387755	0	0
0.275811805555556	4.20408163265306	0	0
0.275811805555556	4.57142857142857	0	0
0.275811805555556	4.93877551020408	0	0
0.275811805555556	5.30612244897959	0	0
0.275811805555556	5.6734693877551	0	0
0.275811805555556	6.04081632653061	0	0
0.275811805555556	6.40816326530612	0	0
0.275811805555556	6.77551020408163	0	0
0.275811805555556	7.14285714285714	0	0
0.275811805555556	7.51020408163265	0.992888888888889	0
0.275811805555556	7.87755102040816	0.893777777777778	0.280329651135763
0.275811805555556	8.24489795918367	0.996037037037037	0.0006899235559332
0.275811805555556	8.61224489795918	0.995968253968254	0.0007411185733288
0.275811805555556	8.97959183673469	0.99597037037037	0.0004722185911262
0.275811805555556	9.3469387755102	0.996861111111111	0.0006180165405913
0.275811805555556	9.71428571428572	0.996166666666667	0.0006643478190612
0.275811805555556	10.0816326530612	0.998140885984023	0.000556491901509145
0.275811805555556	10.4489795918367	0.997664488017429	0.000387230901738822
0.275811805555556	10.8163265306122	0.998197046719923	0.000380687307312489
0.275811805555556	11.1836734693878	0.997810699588477	0.000497758994703666
0.275811805555556	11.5510204081633	0.997758573388203	0.000380044195414145
0.275811805555556	11.9183673469388	0.999075445816186	0.000380251505967444
0.275811805555556	12.2857142857143	0.99920877914952	0.000330143988062991
0.275811805555556	12.6530612244898	0.99821975308642	0.000506838464634721
0.275811805555556	13.0204081632653	0.997101234567901	0.000320296652174379
0.275811805555556	13.3877551020408	0.997782598471487	0.000434912459916777
0.275811805555556	13.7551020408163	0.997797817140812	0.000465815860218055
0.275811805555556	14.1224489795918	0.998501341921632	0.000259571945141844
0.275811805555556	14.4897959183673	0.998362895369873	0.000514239067595623
0.275811805555556	14.8571428571429	0.99893808870599	0.00058953512152821
0.275811805555556	15.2244897959184	0.992239761600681	0.0316872352952527
0.275811805555556	15.5918367346939	0.977907194550873	0.110060857927558
0.275811805555556	15.9591836734694	0.998949889451929	0.000261966981381467
0.275811805555556	16.3265306122449	0.999288995088278	0.000237899957082922
0.275811805555556	16.6938775510204	0.998994855967078	0.000333184382947355
0.275811805555556	17.0612244897959	0.998199417009602	0.000416816661957833
0.275811805555556	17.4285714285714	0.998766507247989	0.000294510370484199
0.275811805555556	17.7959183673469	0.999143283634512	0.000146238797198678
0.275811805555556	18.1632653061225	0.999007147498375	0.000176497408995645
0.275811805555556	18.530612244898	0.998719558154646	0.000167234522422577
0.275811805555556	18.8979591836735	0.998499655469423	0.00149573119063228
0.275811805555556	19.265306122449	0.998058726802913	0.00498550063593805
0.275811805555556	19.6326530612245	0.999058186806335	0.000294933104175199
0.275811805555556	20	0.999456391071206	0.000222604407660199
0.287104027777778	2	0	0
0.287104027777778	2.36734693877551	0	0
0.287104027777778	2.73469387755102	0	0
0.287104027777778	3.10204081632653	0	0
0.287104027777778	3.46938775510204	0	0
0.287104027777778	3.83673469387755	0	0
0.287104027777778	4.20408163265306	0	0
0.287104027777778	4.57142857142857	0	0
0.287104027777778	4.93877551020408	0	0
0.287104027777778	5.30612244897959	0	0
0.287104027777778	5.6734693877551	0	0
0.287104027777778	6.04081632653061	0	0
0.287104027777778	6.40816326530612	0	0
0.287104027777778	6.77551020408163	0	0
0.287104027777778	7.14285714285714	0	0
0.287104027777778	7.51020408163265	0.996296296296296	0.0004190262407031
0.287104027777778	7.87755102040816	0.993377777777778	0.0078892331693264
0.287104027777778	8.24489795918367	0.996727272727273	0.0005110751774009
0.287104027777778	8.61224489795918	0.996539682539682	0.0006098213559459
0.287104027777778	8.97959183673469	0.998083333333333	0.0004639803635691
0.287104027777778	9.3469387755102	0.996916666666667	0.0004572799342542
0.287104027777778	9.71428571428572	0.998277777777778	0.0004681194318431
0.287104027777778	10.0816326530612	0.998529593318809	0.000365777438202211
0.287104027777778	10.4489795918367	0.998570483337368	0.000441013265727178
0.287104027777778	10.8163265306122	0.998647462277092	0.000414500001542933
0.287104027777778	11.1836734693878	0.998417009602195	0.000442896778901867
0.287104027777778	11.5510204081633	0.998373113854595	0.000403755319341933
0.287104027777778	11.9183673469388	0.999111111111111	0.000313102292881766
0.287104027777778	12.2857142857143	0.998867518590715	0.000294180591122356
0.287104027777778	12.6530612244898	0.99867706302794	0.000389367823895977
0.287104027777778	13.0204081632653	0.999013125406108	0.000306965153545176
0.287104027777778	13.3877551020408	0.999351440329218	0.000245414947532011
0.287104027777778	13.7551020408163	0.997750534979424	0.00623187485819519
0.287104027777778	14.1224489795918	0.995119012345679	0.0208915660433021
0.287104027777778	14.4897959183673	0.999459188712522	0.000294823385148622
0.287104027777778	14.8571428571429	0.998941855834329	0.000278256334634667
0.287104027777778	15.2244897959184	0.999120569494225	0.000282053214310233
0.287104027777778	15.5918367346939	0.998878086419753	0.000303422229487011
0.287104027777778	15.9591836734694	0.999022421931736	0.000321360606865333
0.287104027777778	16.3265306122449	0.999829419833777	0.000263942726999244
0.287104027777778	16.6938775510204	0.999835179909254	0.000360952811399944
0.287104027777778	17.0612244897959	0.999647928103213	0.000633652304194198
0.287104027777778	17.4285714285714	0.99913766650894	0.000311950344908275
0.287104027777778	17.7959183673469	0.999883368463314	0.00012100508257048
0.287104027777778	18.1632653061225	0.999530809449509	0.000320122755229689
0.287104027777778	18.530612244898	0.999536500810575	0.000801995084252394
0.287104027777778	18.8979591836735	0.999327345380808	0.00186336928000975
0.287104027777778	19.265306122449	0.999426641617463	0.000225975792288267
0.287104027777778	19.6326530612245	0.999783971613337	0.000246815779908378
0.287104027777778	20	0.999770177206685	0.000278167302247178
0.292467361111111	2	0	0
0.292467361111111	2.36734693877551	0	0
0.292467361111111	2.73469387755102	0	0
0.292467361111111	3.10204081632653	0	0
0.292467361111111	3.46938775510204	0	0
0.292467361111111	3.83673469387755	0	0
0.292467361111111	4.20408163265306	0	0
0.292467361111111	4.57142857142857	0	0
0.292467361111111	4.93877551020408	0	0
0.292467361111111	5.30612244897959	0	0
0.292467361111111	5.6734693877551	0	0
0.292467361111111	6.04081632653061	0	0
0.292467361111111	6.40816326530612	0	0
0.292467361111111	6.77551020408163	0	0
0.292467361111111	7.14285714285714	0.550444444444444	0.445111111111111
0.292467361111111	7.51020408163265	0.995111111111111	0
0.292467361111111	7.87755102040816	0.907555555555556	0.266963686437956
0.292467361111111	8.24489795918367	0.995931623931624	0.0008332347081677
0.292467361111111	8.61224489795918	0.997274074074074	0.0003930814566346
0.292467361111111	8.97959183673469	0.9975	0.000440958551844
0.292467361111111	9.3469387755102	0.99825	0.0004835248662647
0.292467361111111	9.71428571428572	0.998666666666667	0.0004033267613213
0.292467361111111	10.0816326530612	0.99757153231663	0.0004036067908968
0.292467361111111	10.4489795918367	0.998265795206972	0.000304714735041255
0.292467361111111	10.8163265306122	0.997849108367627	0.000322431026689923
0.292467361111111	11.1836734693878	0.998065843621399	0.000415846002296044
0.292467361111111	11.5510204081633	0.998131687242798	0.0004063236505564
0.292467361111111	11.9183673469388	0.998765432098765	0.000324220234456333
0.292467361111111	12.2857142857143	0.998826655115154	0.00028685787609459
0.292467361111111	12.6530612244898	0.999035737491878	0.000419916130438644
0.292467361111111	13.0204081632653	0.999100714749838	0.000269588170402022
0.292467361111111	13.3877551020408	0.999261858349578	0.000246864324504045
0.292467361111111	13.7551020408163	0.998724470435348	0.000217383834198233
0.292467361111111	14.1224489795918	0.998486913580247	0.000280634894573266
0.292467361111111	14.4897959183673	0.998776014109347	0.000318169957259066
0.292467361111111	14.8571428571429	0.999081242532856	0.000195209230801223
0.292467361111111	15.2244897959184	0.998778176025488	0.000367699209950489
0.292467361111111	15.5918367346939	0.998750467639356	0.000254723972258078
0.292467361111111	15.9591836734694	0.998965779802381	0.000231147207921244
0.292467361111111	16.3265306122449	0.996506153212036	0.0137010761627379
0.292467361111111	16.6938775510204	0.991122336011225	0.0473120094891043
0.292467361111111	17.0612244897959	0.999033681544793	0.000319220126469389
0.292467361111111	17.4285714285714	0.999043691659139	0.000256224145833299
0.292467361111111	17.7959183673469	0.999492699733199	0.000157789757943933
0.292467361111111	18.1632653061225	0.99957398520706	8.78539823368414e-05
0.292467361111111	18.530612244898	0.999469410150891	0.000107614173710305
0.292467361111111	18.8979591836735	0.99922304526749	0.000217603970206022
0.292467361111111	19.265306122449	0.999383264746228	0.000166829976095087
0.292467361111111	19.6326530612245	0.998926889064005	0.000336621167362633
0.292467361111111	20	0.99943122318536	0.000273795145001533
0.309115138888889	2	0	0
0.309115138888889	2.36734693877551	0	0
0.309115138888889	2.73469387755102	0	0
0.309115138888889	3.10204081632653	0	0
0.309115138888889	3.46938775510204	0	0
0.309115138888889	3.83673469387755	0	0
0.309115138888889	4.20408163265306	0	0
0.309115138888889	4.57142857142857	0	0
0.309115138888889	4.93877551020408	0	0
0.309115138888889	5.30612244897959	0	0
0.309115138888889	5.6734693877551	0	0
0.309115138888889	6.04081632653061	0	0
0.309115138888889	6.40816326530612	0	0
0.309115138888889	6.77551020408163	0	0
0.309115138888889	7.14285714285714	0.989481481481482	0.0011086392257108
0.309115138888889	7.51020408163265	0.880055555555556	0.293154948916224
0.309115138888889	7.87755102040816	0.991418803418804	0.0011743975410131
0.309115138888889	8.24489795918367	0.992615384615385	0.000790032137319
0.309115138888889	8.61224489795918	0.992918518518518	0.0008189792569531
0.309115138888889	8.97959183673469	0.993388888888889	0.0009279607271383
0.309115138888889	9.3469387755102	0.994666666666667	0.0005879447357921
0.309115138888889	9.71428571428572	0.99443137254902	0.0003448602864907
0.309115138888889	10.0816326530612	0.994489469862019	0.000584719584774522
0.309115138888889	10.4489795918367	0.994588880819818	0.000578979563708822
0.309115138888889	10.8163265306122	0.995418381344307	0.000543379195168844
0.309115138888889	11.1836734693878	0.995319615912209	0.000425570478894666
0.309115138888889	11.5510204081633	0.995928669410151	0.000402312477366001
0.309115138888889	11.9183673469388	0.99560109739369	0.000529537452136766
0.309115138888889	12.2857142857143	0.995874074074074	0.000427168414911777
0.309115138888889	12.6530612244898	0.995425451092118	0.000371254034134523
0.309115138888889	13.0204081632653	0.994793770180437	0.000424368711002931
0.309115138888889	13.3877551020408	0.995655125743027	0.000324688560248022
0.309115138888889	13.7551020408163	0.996110470964792	0.000400842724623233
0.309115138888889	14.1224489795918	0.996111827956989	0.000321415922071844
0.309115138888889	14.4897959183673	0.995668293793025	0.000421139531402789
0.309115138888889	14.8571428571429	0.996088888888889	0.000423126473259911
0.309115138888889	15.2244897959184	0.99624984984985	0.000330768777953533
0.309115138888889	15.5918367346939	0.99599754140105	0.0002802368004277
0.309115138888889	15.9591836734694	0.996087935889106	0.000343101979741433
0.309115138888889	16.3265306122449	0.995222322593596	0.000356482995604367
0.309115138888889	16.6938775510204	0.996204757603131	0.000250243893819067
0.309115138888889	17.0612244897959	0.996433088140405	0.000336341713012289
0.309115138888889	17.4285714285714	0.996249210450761	0.000363038367391834
0.309115138888889	17.7959183673469	0.996073882668198	0.000493868279255522
0.309115138888889	18.1632653061225	0.996204115226338	0.000481941996350355
0.309115138888889	18.530612244898	0.995974378242977	0.000408624330238821
0.309115138888889	18.8979591836735	0.996085860143215	0.0003410768952468
0.309115138888889	19.265306122449	0.995611242448122	0.000381340934564534
0.309115138888889	19.6326530612245	0.996514378775939	0.00031849843802069
0.309115138888889	20	0.996275891778303	0.00046666320736569
0.31439625	2	0	0
0.31439625	2.36734693877551	0	0
0.31439625	2.73469387755102	0	0
0.31439625	3.10204081632653	0	0
0.31439625	3.46938775510204	0	0
0.31439625	3.83673469387755	0	0
0.31439625	4.20408163265306	0	0
0.31439625	4.57142857142857	0	0
0.31439625	4.93877551020408	0	0
0.31439625	5.30612244897959	0	0
0.31439625	5.6734693877551	0	0
0.31439625	6.04081632653061	0	0
0.31439625	6.40816326530612	0	0
0.31439625	6.77551020408163	0	0
0.31439625	7.14285714285714	0.992444444444444	0.0006285393610546
0.31439625	7.51020408163265	0.993911111111111	0.0005277485372016
0.31439625	7.87755102040816	0.995272727272727	0.0005450803055851
0.31439625	8.24489795918367	0.996190476190476	0.0005498573992282
0.31439625	8.61224489795918	0.994518518518518	0.0008689113065845
0.31439625	8.97959183673469	0.996527777777778	0.0005925202502139
0.31439625	9.3469387755102	0.996444444444444	0.0006666666666666
0.31439625	9.71428571428572	0.998117647058824	0.0003584656000209
0.31439625	10.0816326530612	0.997760348583878	0.000419445948170511
0.31439625	10.4489795918367	0.997957879448076	0.000378720292232544
0.31439625	10.8163265306122	0.998063100137174	0.000364648293248822
0.31439625	11.1836734693878	0.997572016460906	0.0004253493490418
0.31439625	11.5510204081633	0.997822973070536	0.000346997599604344
0.31439625	11.9183673469388	0.997915529564652	0.000345323884845756
0.31439625	12.2857142857143	0.997707602339181	0.000862083714534015
0.31439625	12.6530612244898	0.996823911630929	0.00220504239883952
0.31439625	13.0204081632653	0.997345147380235	0.000404649227741709
0.31439625	13.3877551020408	0.998120014964459	0.0002947314409058
0.31439625	13.7551020408163	0.9988170781893	0.000313381409054144
0.31439625	14.1224489795918	0.999007716049383	0.000316283866785689
0.31439625	14.4897959183673	0.998161943509166	0.000325554456545222
0.31439625	14.8571428571429	0.998572732617177	0.000290376283061567
0.31439625	15.2244897959184	0.998314581247915	0.000270948073229867
0.31439625	15.5918367346939	0.99879915002722	0.000388655168483078
0.31439625	15.9591836734694	0.999055497242632	0.000575181676334501
0.31439625	16.3265306122449	0.999006521050966	0.000287141214285422
0.31439625	16.6938775510204	0.998755916892502	0.000266635416424611
0.31439625	17.0612244897959	0.998637243515292	0.0003187572080053
0.31439625	17.4285714285714	0.998734156378601	0.000239330657113277
0.31439625	17.7959183673469	0.998751165980795	0.000147877447569644
0.31439625	18.1632653061225	0.999131331173569	0.000207006445548002
0.31439625	18.530612244898	0.999105200945626	0.000381931721565578
0.31439625	18.8979591836735	0.999200617283951	0.000348610577389844
0.31439625	19.265306122449	0.998969702695893	0.000237696676193088
0.31439625	19.6326530612245	0.99887152353819	0.000309801288509511
0.31439625	20	0.99934439986821	0.000288810284895911
0.314461805555555	2	0	0
0.314461805555555	2.36734693877551	0	0
0.314461805555555	2.73469387755102	0	0
0.314461805555555	3.10204081632653	0	0
0.314461805555555	3.46938775510204	0	0
0.314461805555555	3.83673469387755	0	0
0.314461805555555	4.20408163265306	0	0
0.314461805555555	4.57142857142857	0	0
0.314461805555555	4.93877551020408	0	0
0.314461805555555	5.30612244897959	0	0
0.314461805555555	5.6734693877551	0	0
0.314461805555555	6.04081632653061	0	0
0.314461805555555	6.40816326530612	0	0
0.314461805555555	6.77551020408163	0	0
0.314461805555555	7.14285714285714	0.991555555555556	0
0.314461805555555	7.51020408163265	0.991555555555556	0
0.314461805555555	7.87755102040816	0.994505050505051	0.0007644803203403
0.314461805555555	8.24489795918367	0.994974358974359	0.0005881931806524
0.314461805555555	8.61224489795918	0.99597037037037	0.0004722185911262
0.314461805555555	8.97959183673469	0.994607407407408	0.000455179007281
0.314461805555555	9.3469387755102	0.995972222222222	0.0008384104595992
0.314461805555555	9.71428571428572	0.996732026143791	0.0005267827890093
0.314461805555555	10.0816326530612	0.996938271604938	0.000526459942299589
0.314461805555555	10.4489795918367	0.996985394981038	0.000447585480055511
0.314461805555555	10.8163265306122	0.997336076817558	0.000510648318811533
0.314461805555555	11.1836734693878	0.996702331961591	0.000461486709971188
0.314461805555555	11.5510204081633	0.996485596707819	0.000359756063533
0.314461805555555	11.9183673469388	0.996373113854595	0.000413027433192556
0.314461805555555	12.2857142857143	0.997135802469136	0.000531586922414532
0.314461805555555	12.6530612244898	0.997593386759079	0.000427691560446334
0.314461805555555	13.0204081632653	0.997478882391163	0.000470982114372833
0.314461805555555	13.3877551020408	0.997673814165042	0.000469717799933633
0.314461805555555	13.7551020408163	0.997211487979207	0.000484628610869111
0.314461805555555	14.1224489795918	0.997597366255144	0.000325396476881933
0.314461805555555	14.4897959183673	0.998106712076061	0.000281783202684189
0.314461805555555	14.8571428571429	0.998049212430822	0.000283700366261011
0.314461805555555	15.2244897959184	0.998220576131687	0.000243940841801856
0.314461805555555	15.5918367346939	0.997862757201646	0.000307656714466367
0.314461805555555	15.9591836734694	0.998213477366255	0.000404130107221789
0.314461805555555	16.3265306122449	0.998072850628406	0.000388281266957478
0.314461805555555	16.6938775510204	0.998147480814148	0.000381847603898411
0.314461805555555	17.0612244897959	0.998117194117194	0.000420758434717021
0.314461805555555	17.4285714285714	0.99857094017094	0.000248159224358233
0.314461805555555	17.7959183673469	0.998253658536585	0.000268872497665844
0.314461805555555	18.1632653061225	0.997992801938601	0.000384364601266998
0.314461805555555	18.530612244898	0.998389182833627	0.000256883379814921
0.314461805555555	18.8979591836735	0.998365881032548	0.000218774850889667
0.314461805555555	19.265306122449	0.997609427609428	0.000241059435854878
0.314461805555555	19.6326530612245	0.997592115003462	0.000229771649156202
0.314461805555555	20	0.996347541609953	0.000457005918118302
0.320704027777778	2	0	0
0.320704027777778	2.36734693877551	0	0
0.320704027777778	2.73469387755102	0	0
0.320704027777778	3.10204081632653	0	0
0.320704027777778	3.46938775510204	0	0
0.320704027777778	3.83673469387755	0	0
0.320704027777778	4.20408163265306	0	0
0.320704027777778	4.57142857142857	0	0
0.320704027777778	4.93877551020408	0	0
0.320704027777778	5.30612244897959	0	0
0.320704027777778	5.6734693877551	0	0
0.320704027777778	6.04081632653061	0	0
0.320704027777778	6.40816326530612	0	0
0.320704027777778	6.77551020408163	0	0
0.320704027777778	7.14285714285714	0	0
0.320704027777778	7.51020408163265	0.991111111111111	0
0.320704027777778	7.87755102040816	0.992055555555556	0.0007837075544258
0.320704027777778	8.24489795918367	0.993606837606838	0.0008457652565369
0.320704027777778	8.61224489795918	0.993896296296296	0.0008957757900936
0.320704027777778	8.97959183673469	0.994472222222222	0.0006279252530809
0.320704027777778	9.3469387755102	0.994916666666667	0.0002707442873557
0.320704027777778	9.71428571428572	0.995361111111111	0.0004435755395186
0.320704027777778	10.0816326530612	0.996273057371097	0.000448405261500733
0.320704027777778	10.4489795918367	0.995800855321552	0.00049031122820241
0.320704027777778	10.8163265306122	0.996567901234568	0.0002481450770647
0.320704027777778	11.1836734693878	0.996683127572016	0.000268235247597922
0.320704027777778	11.5510204081633	0.997058984910837	0.000322667961751378
0.320704027777778	11.9183673469388	0.996913580246914	0.000321771731594968
0.320704027777778	12.2857142857143	0.996700888022526	0.00047660688877431
0.320704027777778	12.6530612244898	0.996701754385965	0.000386847994497401
0.320704027777778	13.0204081632653	0.997146198830409	0.000487381881119976
0.320704027777778	13.3877551020408	0.997143599740091	0.000361179959332856
0.320704027777778	13.7551020408163	0.997561580719475	0.000304807500187322
0.320704027777778	14.1224489795918	0.997156812570146	0.000229249878838767
0.320704027777778	14.4897959183673	0.997443646723647	0.000276326586068389
0.320704027777778	14.8571428571429	0.997224121557455	0.000264590517373156
0.320704027777778	15.2244897959184	0.997477594878829	0.000328526189652534
0.320704027777778	15.5918367346939	0.997333459470539	0.000357156573990077
0.320704027777778	15.9591836734694	0.997210500922378	0.000247882147473689
0.320704027777778	16.3265306122449	0.997726748971193	0.000288510130587622
0.320704027777778	16.6938775510204	0.998015976761075	0.000162569431541444
0.320704027777778	17.0612244897959	0.995169498910675	0.0125947115379435
0.320704027777778	17.4285714285714	0.989962762762763	0.0432113718092585
0.320704027777778	17.7959183673469	0.997812619637181	0.000147095178145889
0.320704027777778	18.1632653061225	0.997779337231969	0.000244959025372612
0.320704027777778	18.530612244898	0.997160072267389	0.000324422565031944
0.320704027777778	18.8979591836735	0.997371187680131	0.000313453180864822
0.320704027777778	19.265306122449	0.997151306345105	0.000335370925131611
0.320704027777778	19.6326530612245	0.997037452428513	0.000319426726744765
0.320704027777778	20	0.997892034868449	0.000153713235271765
0.326914027777778	2	0	0
0.326914027777778	2.36734693877551	0	0
0.326914027777778	2.73469387755102	0	0
0.326914027777778	3.10204081632653	0	0
0.326914027777778	3.46938775510204	0	0
0.326914027777778	3.83673469387755	0	0
0.326914027777778	4.20408163265306	0	0
0.326914027777778	4.57142857142857	0	0
0.326914027777778	4.93877551020408	0	0
0.326914027777778	5.30612244897959	0	0
0.326914027777778	5.6734693877551	0	0
0.326914027777778	6.04081632653061	0	0
0.326914027777778	6.40816326530612	0	0
0.326914027777778	6.77551020408163	0	0
0.326914027777778	7.14285714285714	0	0
0.326914027777778	7.51020408163265	0.868761904761905	0.307677901556274
0.326914027777778	7.87755102040816	0.99568253968254	0.0006155783945925
0.326914027777778	8.24489795918367	0.996571428571428	0.000701292762996
0.326914027777778	8.61224489795918	0.998281481481482	0.0003191208774598
0.326914027777778	8.97959183673469	0.946611111111111	0.199200864877393
0.326914027777778	9.3469387755102	0.997960784313725	0.0003428726025779
0.326914027777778	9.71428571428572	0.998640522875817	0.0004166634627583
0.326914027777778	10.0816326530612	0.998310336480271	0.000720275918133606
0.326914027777778	10.4489795918367	0.997865407891552	0.00202781227039562
0.326914027777778	10.8163265306122	0.998351972887921	0.000415040311355277
0.326914027777778	11.1836734693878	0.997953360768176	0.0002586743296198
0.326914027777778	11.5510204081633	0.997854595336077	0.000279007407889689
0.326914027777778	11.9183673469388	0.999026063100137	0.0003085506258439
0.326914027777778	12.2857142857143	0.999034293552812	0.000320124224422269
0.326914027777778	12.6530612244898	0.998697422568767	0.00051276912906911
0.326914027777778	13.0204081632653	0.999107645657353	0.00033388842177831
0.326914027777778	13.3877551020408	0.999353321575544	0.000291111964219489
0.326914027777778	13.7551020408163	0.999402918069585	0.000374733104094145
0.326914027777778	14.1224489795918	0.998408612877748	0.000431259940743645
0.326914027777778	14.4897959183673	0.998352299954275	0.000244037370602223
0.326914027777778	14.8571428571429	0.961547082521117	0.0722391397282447
0.326914027777778	15.2244897959184	0.86774587604016	0.262691472714706
0.326914027777778	15.5918367346939	0.99207323206463	0.0382444301336322
0.326914027777778	15.9591836734694	0.998697393689986	0.000251997507711233
0.326914027777778	16.3265306122449	0.999495866236607	0.000210892229972511
0.326914027777778	16.6938775510204	0.999879528651458	0.000195952496291556
0.326914027777778	17.0612244897959	0.999361533463288	0.00181110841928712
0.326914027777778	17.4285714285714	0.99801839807287	0.00577653853289448
0.326914027777778	17.7959183673469	0.999318449692433	9.98982896277507e-05
0.326914027777778	18.1632653061225	0.999721340388007	0.000157665672971224
0.326914027777778	18.530612244898	0.999023319615912	0.000292177153420743
0.326914027777778	18.8979591836735	0.999522134929542	0.000242679862494134
0.326914027777778	19.265306122449	0.999175967714975	0.000289136736875033
0.326914027777778	19.6326530612245	0.998945101129498	0.000353452678399812
0.326914027777778	20	0.998793800893092	0.000404998980558812
0.330557361111111	2	0	0
0.330557361111111	2.36734693877551	0	0
0.330557361111111	2.73469387755102	0	0
0.330557361111111	3.10204081632653	0	0
0.330557361111111	3.46938775510204	0	0
0.330557361111111	3.83673469387755	0	0
0.330557361111111	4.20408163265306	0	0
0.330557361111111	4.57142857142857	0	0
0.330557361111111	4.93877551020408	0	0
0.330557361111111	5.30612244897959	0	0
0.330557361111111	5.6734693877551	0	0
0.330557361111111	6.04081632653061	0	0
0.330557361111111	6.40816326530612	0	0
0.330557361111111	6.77551020408163	0	0
0.330557361111111	7.14285714285714	0.975111111111111	0.0015817893706713
0.330557361111111	7.51020408163265	0.977333333333334	0.0010720403362764
0.330557361111111	7.87755102040816	0.982507936507936	0.0013914036190991
0.330557361111111	8.24489795918367	0.98402962962963	0.0009933661993623
0.330557361111111	8.61224489795918	0.987437037037037	0.0011977115811204
0.330557361111111	8.97959183673469	0.986555555555556	0.0012813958438523
0.330557361111111	9.3469387755102	0.988194444444444	0.0009158245289908
0.330557361111111	9.71428571428572	0.988313725490196	0.0009368090388062
0.330557361111111	10.0816326530612	0.990639877350117	0.000825819403172911
0.330557361111111	10.4489795918367	0.990754458161866	0.000739711706632955
0.330557361111111	10.8163265306122	0.991835390946502	0.000621328834507134
0.330557361111111	11.1836734693878	0.989923182441701	0.000733580328001644
0.330557361111111	11.5510204081633	0.991294924554184	0.000696773813487377
0.330557361111111	11.9183673469388	0.993214208360407	0.000562155929373367
0.330557361111111	12.2857142857143	0.992831472620946	0.000697704230963733
0.330557361111111	12.6530612244898	0.993670751964085	0.000642429961708411
0.330557361111111	13.0204081632653	0.993229065255732	0.000656235757732555
0.330557361111111	13.3877551020408	0.993967535436671	0.000611861814396056
0.330557361111111	13.7551020408163	0.994187079495721	0.0005212610142965
0.330557361111111	14.1224489795918	0.994780022446689	0.000583620840601922
0.330557361111111	14.4897959183673	0.993711560044893	0.000498318972543689
0.330557361111111	14.8571428571429	0.994681069958848	0.000491296669328966
0.330557361111111	15.2244897959184	0.99464675786898	0.000443605299660945
0.330557361111111	15.5918367346939	0.993835168501835	0.000587458903170233
0.330557361111111	15.9591836734694	0.994693992237852	0.000529614663829467
0.330557361111111	16.3265306122449	0.995871215074724	0.000523098571908322
0.330557361111111	16.6938775510204	0.996399789220114	0.000441932628966189
0.330557361111111	17.0612244897959	0.995821396309201	0.000534682884627266
0.330557361111111	17.4285714285714	0.996099339649727	0.000437432117838355
0.330557361111111	17.7959183673469	0.996656879446199	0.000365526853882989
0.330557361111111	18.1632653061225	0.995433744855967	0.000433493247644467
0.330557361111111	18.530612244898	0.995174900037942	0.00434327387506012
0.330557361111111	18.8979591836735	0.99459341213554	0.0141216373948272
0.330557361111111	19.265306122449	0.99556938271605	0.000550950580206534
0.330557361111111	19.6326530612245	0.997069750566894	0.000469216882802887
0.330557361111111	20	0.997443628117914	0.000238386299902787
0.339392916666667	2	0	0
0.339392916666667	2.36734693877551	0	0
0.339392916666667	2.73469387755102	0	0
0.339392916666667	3.10204081632653	0	0
0.339392916666667	3.46938775510204	0	0
0.339392916666667	3.83673469387755	0	0
0.339392916666667	4.20408163265306	0	0
0.339392916666667	4.57142857142857	0	0
0.339392916666667	4.93877551020408	0	0
0.339392916666667	5.30612244897959	0	0
0.339392916666667	5.6734693877551	0	0
0.339392916666667	6.04081632653061	0	0
0.339392916666667	6.40816326530612	0	0
0.339392916666667	6.77551020408163	0	0
0.339392916666667	7.14285714285714	0.988	0
0.339392916666667	7.51020408163265	0.992444444444444	0.0003142696805273
0.339392916666667	7.87755102040816	0.991506172839506	0.0008750639578601
0.339392916666667	8.24489795918367	0.993641025641026	0.0007268475769391
0.339392916666667	8.61224489795918	0.996088888888889	0.000589622184952
0.339392916666667	8.97959183673469	0.994916666666667	0.0007195463248326
0.339392916666667	9.3469387755102	0.997027777777778	0.0004639803635691
0.339392916666667	9.71428571428572	0.995738562091503	0.0006108926246038
0.339392916666667	10.0816326530612	0.997506656983781	0.000660372791091722
0.339392916666667	10.4489795918367	0.996888888888889	0.0005663065718095
0.339392916666667	10.8163265306122	0.997456790123457	0.000462021219432133
0.339392916666667	11.1836734693878	0.997657064471879	0.000415902272079678
0.339392916666667	11.5510204081633	0.997659807956104	0.000411106620664567
0.339392916666667	11.9183673469388	0.99732293697206	0.000451525877335067
0.339392916666667	12.2857142857143	0.997380116959064	0.000494845212843544
0.339392916666667	12.6530612244898	0.997837556855101	0.0004087506471172
0.339392916666667	13.0204081632653	0.998310991153096	0.000379453425356344
0.339392916666667	13.3877551020408	0.998428793922127	0.0003457731302702
0.339392916666667	13.7551020408163	0.998603237311385	0.000350938021682756
0.339392916666667	14.1224489795918	0.998472090323942	0.000363800428965967
0.339392916666667	14.4897959183673	0.998257803102247	0.000254979089617722
0.339392916666667	14.8571428571429	0.998805628567636	0.000192024080627067
0.339392916666667	15.2244897959184	0.993910089722866	0.0294133577652877
0.339392916666667	15.5918367346939	0.980604253553273	0.102377034393252
0.339392916666667	15.9591836734694	0.999095198902606	0.0003021403273112
0.339392916666667	16.3265306122449	0.99644433892582	0.0121279172459038
0.339392916666667	16.6938775510204	0.991704969927192	0.0413646522093743
0.339392916666667	17.0612244897959	0.997836223988271	0.000301230842343901
0.339392916666667	17.4285714285714	0.998489801740123	0.000341350300202688
0.339392916666667	17.7959183673469	0.998740138512496	0.000249398688918333
0.339392916666667	18.1632653061225	0.999475109066336	0.000202541108316845
0.339392916666667	18.530612244898	0.99929616579229	0.000294959014184613
0.339392916666667	18.8979591836735	0.998908118219229	0.000348370676981854
0.339392916666667	19.265306122449	0.99917366255144	0.000146472083707422
0.339392916666667	19.6326530612245	0.999262551440329	0.000187345975409846
0.339392916666667	20	0.998210699588477	0.000350533596275146
0.339590694444444	2	0	0
0.339590694444444	2.36734693877551	0	0
0.339590694444444	2.73469387755102	0	0
0.339590694444444	3.10204081632653	0	0
0.339590694444444	3.46938775510204	0	0
0.339590694444444	3.83673469387755	0	0
0.339590694444444	4.20408163265306	0	0
0.339590694444444	4.57142857142857	0	0
0.339590694444444	4.93877551020408	0	0
0.339590694444444	5.30612244897959	0	0
0.339590694444444	5.6734693877551	0	0
0.339590694444444	6.04081632653061	0	0
0.339590694444444	6.40816326530612	0	0
0.339590694444444	6.77551020408163	0	0
0.339590694444444	7.14285714285714	0.985777777777778	0
0.339590694444444	7.51020408163265	0.987777777777778	0.0002222222222222
0.339590694444444	7.87755102040816	0.912121212121212	0.252179053194176
0.339590694444444	8.24489795918367	0.991760683760684	0.0005941246904951
0.339590694444444	8.61224489795918	0.993746031746032	0.0006388765649999
0.339590694444444	8.97959183673469	0.992027777777778	0.0006933324430193
0.339590694444444	9.3469387755102	0.994638888888889	0.0004835248662646
0.339590694444444	9.71428571428572	0.994091503267974	0.0008455404773226
0.339590694444444	10.0816326530612	0.993696441539579	0.000594269782626055
0.339590694444444	10.4489795918367	0.993771968046478	0.000674819391733921
0.339590694444444	10.8163265306122	0.99517082223836	0.000409420664067589
0.339590694444444	11.1836734693878	0.995500685871056	0.000430771404386689
0.339590694444444	11.5510204081633	0.995253772290809	0.000498680335062266
0.339590694444444	11.9183673469388	0.996013717421125	0.000441453019279711
0.339590694444444	12.2857142857143	0.995178687459389	0.000479761395394924
0.339590694444444	12.6530612244898	0.99565489856328	0.000611275202085765
0.339590694444444	13.0204081632653	0.996410078694679	0.000378224968411747
0.339590694444444	13.3877551020408	0.996126882863725	0.000513874453874656
0.339590694444444	13.7551020408163	0.996399551066218	0.000370166450039333
0.339590694444444	14.1224489795918	0.997198945981555	0.0003638353834362
0.339590694444444	14.4897959183673	0.996901617974082	0.000355958779238856
0.339590694444444	14.8571428571429	0.996295019157088	0.000469640160393589
0.339590694444444	15.2244897959184	0.996686888037463	0.000339601945871788
0.339590694444444	15.5918367346939	0.997618499812944	0.000224771428646056
0.339590694444444	15.9591836734694	0.996929079151301	0.000367260808623555
0.339590694444444	16.3265306122449	0.996376376376376	0.000582616227275999
0.339590694444444	16.6938775510204	0.997011144477811	0.000919988753143278
0.339590694444444	17.0612244897959	0.996307212475633	0.000424638679398022
0.339590694444444	17.4285714285714	0.99666783625731	0.000437193730850566
0.339590694444444	17.7959183673469	0.996547736625514	0.000387594721469456
0.339590694444444	18.1632653061225	0.99720987654321	0.000292258998192456
0.339590694444444	18.530612244898	0.997046443268666	0.000306475637914056
0.339590694444444	18.8979591836735	0.997148684916801	0.000321970409209511
0.339590694444444	19.265306122449	0.99736401860798	0.000309304016580478
0.339590694444444	19.6326530612245	0.997282921810699	0.000304513608696912
0.339590694444444	20	0.997347736625514	0.000384502967233412
0.346020694444444	2	0	0
0.346020694444444	2.36734693877551	0	0
0.346020694444444	2.73469387755102	0	0
0.346020694444444	3.10204081632653	0	0
0.346020694444444	3.46938775510204	0	0
0.346020694444444	3.83673469387755	0	0
0.346020694444444	4.20408163265306	0	0
0.346020694444444	4.57142857142857	0	0
0.346020694444444	4.93877551020408	0	0
0.346020694444444	5.30612244897959	0	0
0.346020694444444	5.6734693877551	0	0
0.346020694444444	6.04081632653061	0	0
0.346020694444444	6.40816326530612	0	0
0.346020694444444	6.77551020408163	0.547777777777778	0.425111111111111
0.346020694444444	7.14285714285714	0.977333333333333	0
0.346020694444444	7.51020408163265	0.974888888888889	0.0105198225587063
0.346020694444444	7.87755102040816	0.979521367521368	0.0011882493809902
0.346020694444444	8.24489795918367	0.980539682539683	0.0011038310254421
0.346020694444444	8.61224489795918	0.984305555555556	0.0008420836884013
0.346020694444444	8.97959183673469	0.982972222222222	0.0008272929228797
0.346020694444444	9.3469387755102	0.983055555555556	0.0011317527104146
0.346020694444444	9.71428571428572	0.986248366013072	0.0007063663312996
0.346020694444444	10.0816326530612	0.985214233841685	0.00111294989244831
0.346020694444444	10.4489795918367	0.985810376825627	0.000743213524926489
0.346020694444444	10.8163265306122	0.988455418381344	0.000825018907754023
0.346020694444444	11.1836734693878	0.988185834957765	0.000936799690203488
0.346020694444444	11.5510204081633	0.986725868168363	0.0008124689683704
0.346020694444444	11.9183673469388	0.987648834019205	0.000975345784321691
0.346020694444444	12.2857142857143	0.988452674897119	0.00129483901849766
0.346020694444444	12.6530612244898	0.989510288065844	0.000715295059131789
0.346020694444444	13.0204081632653	0.989179917695473	0.000713321466810411
0.346020694444444	13.3877551020408	0.988089978714346	0.00243754075607215
0.346020694444444	13.7551020408163	0.988393523668273	0.00681338023862266
0.346020694444444	14.1224489795918	0.989824970131422	0.000657161678874744
0.346020694444444	14.4897959183673	0.989826615831518	0.000732240280627855
0.346020694444444	14.8571428571429	0.990262890341322	0.000716788119569444
0.346020694444444	15.2244897959184	0.98997385620915	0.000626136534554388
0.346020694444444	15.5918367346939	0.99141426611797	0.000514641120811989
0.346020694444444	15.9591836734694	0.990711789762472	0.000581965761533667
0.346020694444444	16.3265306122449	0.991053541260559	0.000584192111152289
0.346020694444444	16.6938775510204	0.990542637759711	0.000543875846399622
0.346020694444444	17.0612244897959	0.991992554268977	0.000442235229518568
0.346020694444444	17.4285714285714	0.991047320752747	0.000578574753140166
0.346020694444444	17.7959183673469	0.991717025552685	0.000475402788938033
0.346020694444444	18.1632653061225	0.991083676268861	0.000573717157490067
0.346020694444444	18.530612244898	0.990467781571958	0.000613752096779866
0.346020694444444	18.8979591836735	0.99190760307275	0.000532928892852244
0.346020694444444	19.265306122449	0.988443597883598	0.0236766336975551
0.346020694444444	19.6326530612245	0.979718377425044	0.0817868759363247
0.346020694444444	20	0.994611075837743	-0.0224441107982177
0.346105138888889	2	0	0
0.346105138888889	2.36734693877551	0	0
0.346105138888889	2.73469387755102	0	0
0.346105138888889	3.10204081632653	0	0
0.346105138888889	3.46938775510204	0	0
0.346105138888889	3.83673469387755	0	0
0.346105138888889	4.20408163265306	0	0
0.346105138888889	4.57142857142857	0	0
0.346105138888889	4.93877551020408	0	0
0.346105138888889	5.30612244897959	0	0
0.346105138888889	5.6734693877551	0	0
0.346105138888889	6.04081632653061	0	0
0.346105138888889	6.40816326530612	0	0
0.346105138888889	6.77551020408163	0	0
0.346105138888889	7.14285714285714	0.983333333333333	0.0002222222222221
0.346105138888889	7.51020408163265	0.987833333333333	0.0009411707970054
0.346105138888889	7.87755102040816	0.989212121212121	0.0009492800100582
0.346105138888889	8.24489795918367	0.988349206349206	0.0007162231220748
0.346105138888889	8.61224489795918	0.990166666666667	0.000844371341865
0.346105138888889	8.97959183673469	0.990777777777778	0.0008240220541217
0.346105138888889	9.3469387755102	0.992	0.0007150219258132
0.346105138888889	9.71428571428572	0.99124183006536	0.0008988294607932
0.346105138888889	10.0816326530612	0.992136528685548	0.000777790820926334
0.346105138888889	10.4489795918367	0.99202420721375	0.000709005731834167
0.346105138888889	10.8163265306122	0.993772290809328	0.000739340576128321
0.346105138888889	11.1836734693878	0.994384087791495	0.000461074294823555
0.346105138888889	11.5510204081633	0.993028806584362	0.000420777905321723
0.346105138888889	11.9183673469388	0.993500685871056	0.000567582993608677
0.346105138888889	12.2857142857143	0.994578153201935	0.000433962606944188
0.346105138888889	12.6530612244898	0.995247130171107	0.000350567800002656
0.346105138888889	13.0204081632653	0.994887457505815	0.000475439999385436
0.346105138888889	13.3877551020408	0.995459023081052	0.000586054568512045
0.346105138888889	13.7551020408163	0.995598280749886	0.000375458555717167
0.346105138888889	14.1224489795918	0.99536056167677	0.0004292498335834
0.346105138888889	14.4897959183673	0.995148705694942	0.000461756335072956
0.346105138888889	14.8571428571429	0.994693303404414	0.000522891513710234
0.346105138888889	15.2244897959184	0.995188427484724	0.000557718362503833
0.346105138888889	15.5918367346939	0.995742112482853	0.000448232338912922
0.346105138888889	15.9591836734694	0.996444300050538	0.000408042775967278
0.346105138888889	16.3265306122449	0.996154645873944	0.0004767251974587
0.346105138888889	16.6938775510204	0.996431820291469	0.000431611366795433
0.346105138888889	17.0612244897959	0.995923517012948	0.000357638380842444
0.346105138888889	17.4285714285714	0.996614020713851	0.000355805654318844
0.346105138888889	17.7959183673469	0.995695977866521	0.000360648598791144
0.346105138888889	18.1632653061225	0.995970968948747	0.000430171089142122
0.346105138888889	18.530612244898	0.996840626915331	0.000415382498198467
0.346105138888889	18.8979591836735	0.996578956892274	0.000442824696425489
0.346105138888889	19.265306122449	0.995988063044148	0.000470197507881524
0.346105138888889	19.6326530612245	0.996493827160494	0.000331547563251344
0.346105138888889	20	0.997246661627614	0.000270344447642344
0.346230694444444	2	0	0
0.346230694444444	2.36734693877551	0	0
0.346230694444444	2.73469387755102	0	0
0.346230694444444	3.10204081632653	0	0
0.346230694444444	3.46938775510204	0	0
0.346230694444444	3.83673469387755	0	0
0.346230694444444	4.20408163265306	0	0
0.346230694444444	4.57142857142857	0	0
0.346230694444444	4.93877551020408	0	0
0.346230694444444	5.30612244897959	0	0
0.346230694444444	5.6734693877551	0	0
0.346230694444444	6.04081632653061	0	0
0.346230694444444	6.40816326530612	0	0
0.346230694444444	6.77551020408163	0	0
0.346230694444444	7.14285714285714	0.986111111111111	0.0009622504486493
0.346230694444444	7.51020408163265	0.986611111111111	0.001205696356345
0.346230694444444	7.87755102040816	0.989128205128205	0.0010403503627147
0.346230694444444	8.24489795918367	0.990281481481481	0.0011460195321963
0.346230694444444	8.61224489795918	0.991407407407408	0.0011086392257107
0.346230694444444	8.97959183673469	0.992583333333333	0.0005144516438181
0.346230694444444	9.3469387755102	0.991032679738562	0.0005950225713328
0.346230694444444	9.71428571428572	0.944418300653595	0.196105671310478
0.346230694444444	10.0816326530612	0.993170660856935	0.000618759976135045
0.346230694444444	10.4489795918367	0.992763334140241	0.000550041356577612
0.346230694444444	10.8163265306122	0.992702331961591	0.000715310589060666
0.346230694444444	11.1836734693878	0.994680384087791	0.000563700495944023
0.346230694444444	11.5510204081633	0.993687242798354	0.000624178052691399
0.346230694444444	11.9183673469388	0.994150891632373	0.000408002263336222
0.346230694444444	12.2857142857143	0.994519962457584	0.000399132021730624
0.346230694444444	12.6530612244898	0.993863547758285	0.000584512382252689
0.346230694444444	13.0204081632653	0.994503027940221	0.000562033116741375
0.346230694444444	13.3877551020408	0.994225185185185	0.0003900890364654
0.346230694444444	13.7551020408163	0.994351623228167	0.000473569196284544
0.346230694444444	14.1224489795918	0.995092821216278	0.000358017246563355
0.346230694444444	14.4897959183673	0.994715020576132	0.000490958705295722
0.346230694444444	14.8571428571429	0.994559436962215	0.000470690352476911
0.346230694444444	15.2244897959184	0.994461226016781	0.000361948345104411
0.346230694444444	15.5918367346939	0.994875171467764	0.000381127307683389
0.346230694444444	15.9591836734694	0.994552923293664	0.000421315257453145
0.346230694444444	16.3265306122449	0.993957767291101	0.000306403720710855
0.346230694444444	16.6938775510204	0.994032098765432	0.000415898893924722
0.346230694444444	17.0612244897959	0.994732500717772	0.000313820876731023
0.346230694444444	17.4285714285714	0.995047360193958	0.000387922257728723
0.346230694444444	17.7959183673469	0.994568717899639	0.0004044604446252
0.346230694444444	18.1632653061225	0.995188305933166	0.000299171544791033
0.346230694444444	18.530612244898	0.995259354684797	0.000294654693748901
0.346230694444444	18.8979591836735	0.995362881242156	0.000408549589283767
0.346230694444444	19.265306122449	0.994636196480168	0.000509648118041378
0.346230694444444	19.6326530612245	0.994730212765957	0.000449665461715356
0.346230694444444	20	0.994888510638298	0.000477238439509756
0.348612916666667	2	0	0
0.348612916666667	2.36734693877551	0	0
0.348612916666667	2.73469387755102	0	0
0.348612916666667	3.10204081632653	0	0
0.348612916666667	3.46938775510204	0	0
0.348612916666667	3.83673469387755	0	0
0.348612916666667	4.20408163265306	0	0
0.348612916666667	4.57142857142857	0	0
0.348612916666667	4.93877551020408	0	0
0.348612916666667	5.30612244897959	0	0
0.348612916666667	5.6734693877551	0	0
0.348612916666667	6.04081632653061	0	0
0.348612916666667	6.40816326530612	0	0
0.348612916666667	6.77551020408163	0.990666666666667	0
0.348612916666667	7.14285714285714	0.995	0.0006573421981221
0.348612916666667	7.51020408163265	0.996148148148148	0.0010683114890263
0.348612916666667	7.87755102040816	0.996407407407407	0.0005276965499546
0.348612916666667	8.24489795918367	0.997079365079365	0.0003647341362881
0.348612916666667	8.61224489795918	0.996740740740741	0.0005775878130257
0.348612916666667	8.97959183673469	0.997555555555556	0.0003849001794597
0.348612916666667	9.3469387755102	0.997444444444444	0.0004581228472908
0.348612916666667	9.71428571428572	0.998248366013072	0.0005383336021431
0.348612916666667	10.0816326530612	0.997885257806827	0.000471375786998189
0.348612916666667	10.4489795918367	0.997923666585976	0.000454299118480833
0.348612916666667	10.8163265306122	0.997517146776406	0.000318415586368155
0.348612916666667	11.1836734693878	0.999012345679012	0.000172248586257367
0.348612916666667	11.5510204081633	0.99850032488629	0.000284675755398823
0.348612916666667	11.9183673469388	0.998078983466897	0.000337788329262044
0.348612916666667	12.2857142857143	0.998590282290087	0.00020637925931259
0.348612916666667	12.6530612244898	0.998472023680601	0.000255615525464788
0.348612916666667	13.0204081632653	0.998763843765793	0.000119446660765834
0.348612916666667	13.3877551020408	0.998801299545159	0.000219939614936677
0.348612916666667	13.7551020408163	0.998281481481481	0.000308586947383788
0.348612916666667	14.1224489795918	0.999061728395062	0.000161535797324866
0.348612916666667	14.4897959183673	0.998904320987654	0.000219749025165233
0.348612916666667	14.8571428571429	0.998817992011619	0.000212442569126822
0.348612916666667	15.2244897959184	0.998506899055919	0.000192146309485577
0.348612916666667	15.5918367346939	0.998995309034525	0.000129235760240756
0.348612916666667	15.9591836734694	0.998637233724953	0.000183457976348012
0.348612916666667	16.3265306122449	0.999112610586295	8.16517331941338e-05
0.348612916666667	16.6938775510204	0.999038751071271	0.0001413632056471
0.348612916666667	17.0612244897959	0.998950918398073	0.000193928581874248
0.348612916666667	17.4285714285714	0.999012345679012	9.64902056475572e-05
0.348612916666667	17.7959183673469	0.998758698092032	9.85935955671491e-05
0.348612916666667	18.1632653061225	0.999089786756453	0.00010185031716434
0.348612916666667	18.530612244898	0.999024591594962	7.18710952178258e-05
0.348612916666667	18.8979591836735	0.996581207133059	0.0150932556149052
0.348612916666667	19.265306122449	0.991414567061392	0.052591027429232
0.348612916666667	19.6326530612245	0.999001259763164	0.000117050703666491
0.348612916666667	20	0.998466112370874	0.000360995064848305
0.365709583333333	2	0	0
0.365709583333333	2.36734693877551	0	0
0.365709583333333	2.73469387755102	0	0
0.365709583333333	3.10204081632653	0	0
0.365709583333333	3.46938775510204	0	0
0.365709583333333	3.83673469387755	0	0
0.365709583333333	4.20408163265306	0	0
0.365709583333333	4.57142857142857	0	0
0.365709583333333	4.93877551020408	0	0
0.365709583333333	5.30612244897959	0	0
0.365709583333333	5.6734693877551	0	0
0.365709583333333	6.04081632653061	0	0
0.365709583333333	6.40816326530612	0	0
0.365709583333333	6.77551020408163	0	0
0.365709583333333	7.14285714285714	0.987555555555556	0
0.365709583333333	7.51020408163265	0.990864197530864	0.0007586316788018
0.365709583333333	7.87755102040816	0.992565656565657	0.000711386539865
0.365709583333333	8.24489795918367	0.99231746031746	0.0006155783945925
0.365709583333333	8.61224489795918	0.993955555555556	0.0006846945190098
0.365709583333333	8.97959183673469	0.994722222222222	0.0006060395619241
0.365709583333333	9.3469387755102	0.994980392156863	0.0002957832287315
0.365709583333333	9.71428571428572	0.995424836601307	0.0003964902192968
0.365709583333333	10.0816326530612	0.995872185911402	0.000314617927998489
0.365709583333333	10.4489795918367	0.995891874445251	0.000395512516354445
0.365709583333333	10.8163265306122	0.995676268861454	0.000524098321521967
0.365709583333333	11.1836734693878	0.99640329218107	0.000479597827378389
0.365709583333333	11.5510204081633	0.997761316872428	0.0004145539865079
0.365709583333333	11.9183673469388	0.996545953360768	0.000413347186298789
0.365709583333333	12.2857142857143	0.99636112916035	0.000472063645434434
0.365709583333333	12.6530612244898	0.997166991552957	0.000463240760806533
0.365709583333333	13.0204081632653	0.997197400909682	0.000372374850130446
0.365709583333333	13.3877551020408	0.99765267489712	0.000498999641663267
0.365709583333333	13.7551020408163	0.997644174826167	0.000457483900271233
0.365709583333333	14.1224489795918	0.9973892528049	0.000451329143130722
0.365709583333333	14.4897959183673	0.997899086443889	0.000377131234320844
0.365709583333333	14.8571428571429	0.997811597456042	0.000367205670774022
0.365709583333333	15.2244897959184	0.997346114742193	0.000361167711702523
0.365709583333333	15.5918367346939	0.996723472928266	0.000423075276572811
0.365709583333333	15.9591836734694	0.997679086493901	0.000360068115482367
0.365709583333333	16.3265306122449	0.997900988708006	0.000326926181445489
0.365709583333333	16.6938775510204	0.998247054071616	0.000342590649322689
0.365709583333333	17.0612244897959	0.997867371645149	0.000297093662946711
0.365709583333333	17.4285714285714	0.997995387328721	0.000328945670559256
0.365709583333333	17.7959183673469	0.997696047468657	0.000372572202193811
0.365709583333333	18.1632653061225	0.997779199650001	0.000331054474209164
0.365709583333333	18.530612244898	0.997532969662168	0.000172715741066746
0.365709583333333	18.8979591836735	0.998064087680535	0.000277533417402811
0.365709583333333	19.265306122449	0.998194399713723	0.000276280640135223
0.365709583333333	19.6326530612245	0.998190329218107	0.00024252711348749
0.365709583333333	20	0.997088477366255	0.00033476755682439
0.371845138888889	2	0	0
0.371845138888889	2.36734693877551	0	0
0.371845138888889	2.73469387755102	0	0
0.371845138888889	3.10204081632653	0	0
0.371845138888889	3.46938775510204	0	0
0.371845138888889	3.83673469387755	0	0
0.371845138888889	4.20408163265306	0	0
0.371845138888889	4.57142857142857	0	0
0.371845138888889	4.93877551020408	0	0
0.371845138888889	5.30612244897959	0	0
0.371845138888889	5.6734693877551	0	0
0.371845138888889	6.04081632653061	0	0
0.371845138888889	6.40816326530612	0	0
0.371845138888889	6.77551020408163	0.983333333333333	0.002
0.371845138888889	7.14285714285714	0.985111111111111	0.0002222222222221
0.371845138888889	7.51020408163265	0.987873015873016	0.0006598288790738
0.371845138888889	7.87755102040816	0.989025641025641	0.0006837606837606
0.371845138888889	8.24489795918367	0.990014814814815	0.0007588887985105
0.371845138888889	8.61224489795918	0.975527777777778	0.0561172645140798
0.371845138888889	8.97959183673469	0.991583333333333	0.0007612327558913
0.371845138888889	9.3469387755102	0.988261437908497	0.0089683491854295
0.371845138888889	9.71428571428572	0.992339869281046	0.00072357398709
0.371845138888889	10.0816326530612	0.992612926652142	0.000636274908499666
0.371845138888889	10.4489795918367	0.992733317195191	0.000734047078832478
0.371845138888889	10.8163265306122	0.993259259259259	0.000685799438336111
0.371845138888889	11.1836734693878	0.994074074074074	0.000522578842655956
0.371845138888889	11.5510204081633	0.993681755829904	0.000627482695056245
0.371845138888889	11.9183673469388	0.993259259259259	0.000687254287062332
0.371845138888889	12.2857142857143	0.994544456914827	0.000450950010744412
0.371845138888889	12.6530612244898	0.994776655443322	0.000539462575290644
0.371845138888889	13.0204081632653	0.994349206349206	0.00174264435408834
0.371845138888889	13.3877551020408	0.993797690163282	0.0047680982735046
0.371845138888889	13.7551020408163	0.995819693349263	0.000471342647547744
0.371845138888889	14.1224489795918	0.995987514029181	0.000416386737784878
0.371845138888889	14.4897959183673	0.995659866640259	0.000483305712264689
0.371845138888889	14.8571428571429	0.995004455435828	0.000566591847981989
0.371845138888889	15.2244897959184	0.994700244103753	0.000461886824392533
0.371845138888889	15.5918367346939	0.995763482781027	0.000413397169595533
0.371845138888889	15.9591836734694	0.995624526537663	0.000491061863241933
0.371845138888889	16.3265306122449	0.994993315266486	0.000603247969259367
0.371845138888889	16.6938775510204	0.995421987066431	0.000516687493012922
0.371845138888889	17.0612244897959	0.995711185933408	0.000592425419812555
0.371845138888889	17.4285714285714	0.996141414141414	0.000456281255381111
0.371845138888889	17.7959183673469	0.996056116722783	0.000412789900653722
0.371845138888889	18.1632653061225	0.996170071081182	0.00043473838309608
0.371845138888889	18.530612244898	0.995815100361132	0.000544254412770354
0.371845138888889	18.8979591836735	0.995717813051146	0.000471228365873345
0.371845138888889	19.265306122449	0.99616830435878	0.000507809726840347
0.371845138888889	19.6326530612245	0.996015238095238	0.000355021272116591
0.371845138888889	20	0.995675646258504	0.000613741938122691
0.373622916666667	2	0	0
0.373622916666667	2.36734693877551	0	0
0.373622916666667	2.73469387755102	0	0
0.373622916666667	3.10204081632653	0	0
0.373622916666667	3.46938775510204	0	0
0.373622916666667	3.83673469387755	0	0
0.373622916666667	4.20408163265306	0	0
0.373622916666667	4.57142857142857	0	0
0.373622916666667	4.93877551020408	0	0
0.373622916666667	5.30612244897959	0	0
0.373622916666667	5.6734693877551	0	0
0.373622916666667	6.04081632653061	0	0
0.373622916666667	6.40816326530612	0	0
0.373622916666667	6.77551020408163	0	0
0.373622916666667	7.14285714285714	0.980888888888889	0
0.373622916666667	7.51020408163265	0.980833333333333	0.0010526275178608
0.373622916666667	7.87755102040816	0.922444444444444	0.225147022316193
0.373622916666667	8.24489795918367	0.985492063492064	0.0009444110971837
0.373622916666667	8.61224489795918	0.986222222222222	0.0010641946664336
0.373622916666667	8.97959183673469	0.987916666666667	0.0008347210667398
0.373622916666667	9.3469387755102	0.987	0.0008678055195451
0.373622916666667	9.71428571428572	0.986849673202614	0.0007929804385936
0.373622916666667	10.0816326530612	0.98721568627451	0.000916494604444344
0.373622916666667	10.4489795918367	0.989372387638183	0.000932468871144021
0.373622916666667	10.8163265306122	0.989421124828532	0.000685839078792967
0.373622916666667	11.1836734693878	0.989887517146776	0.000680882667481133
0.373622916666667	11.5510204081633	0.989667172045339	0.000627084384811322
0.373622916666667	11.9183673469388	0.990988953866147	0.000456742580792601
0.373622916666667	12.2857142857143	0.99085466753303	0.000597732711678866
0.373622916666667	12.6530612244898	0.992466969893871	0.000569938325393955
0.373622916666667	13.0204081632653	0.991570902565055	0.00053673546208691
0.373622916666667	13.3877551020408	0.991778410889522	0.000506424898033711
0.373622916666667	13.7551020408163	0.991834922994343	0.000644248189693767
0.373622916666667	14.1224489795918	0.981567299403049	0.0417789315769291
0.373622916666667	14.4897959183673	0.950009726898616	0.173348761131338
0.373622916666667	14.8571428571429	0.973990889285007	0.101229760516765
0.373622916666667	15.2244897959184	0.991051953914699	0.000495134186055267
0.373622916666667	15.5918367346939	0.992659325992659	0.000513056374617555
0.373622916666667	15.9591836734694	0.99242042042042	0.000364510886836822
0.373622916666667	16.3265306122449	0.992256396747625	0.000311324153611444
0.373622916666667	16.6938775510204	0.991950490499057	0.000351049219725544
0.373622916666667	17.0612244897959	0.992018066847335	0.000402394564233146
0.373622916666667	17.4285714285714	0.992685335742246	0.000550348346283443
0.373622916666667	17.7959183673469	0.992793344677633	0.0004579961060746
0.373622916666667	18.1632653061225	0.991929919928542	0.000710358435411788
0.373622916666667	18.530612244898	0.992158024691358	0.000590416382160119
0.373622916666667	18.8979591836735	0.992006701106149	0.000463584987836601
0.373622916666667	19.265306122449	0.993511382540933	0.000517850427428858
0.373622916666667	19.6326530612245	0.992635823465189	0.000309718376665368
0.373622916666667	20	0.990955362391871	0.000429377334041268
0.375599583333333	2	0	0
0.375599583333333	2.36734693877551	0	0
0.375599583333333	2.73469387755102	0	0
0.375599583333333	3.10204081632653	0	0
0.375599583333333	3.46938775510204	0	0
0.375599583333333	3.83673469387755	0	0
0.375599583333333	4.20408163265306	0	0
0.375599583333333	4.57142857142857	0	0
0.375599583333333	4.93877551020408	0	0
0.375599583333333	5.30612244897959	0	0
0.375599583333333	5.6734693877551	0	0
0.375599583333333	6.04081632653061	0	0
0.375599583333333	6.40816326530612	0	0
0.375599583333333	6.77551020408163	0	0
0.375599583333333	7.14285714285714	0.969777777777778	0.0006285393610546
0.375599583333333	7.51020408163265	0.978181818181818	0.0013855699555137
0.375599583333333	7.87755102040816	0.977264957264957	0.0017764623667373
0.375599583333333	8.24489795918367	0.983703703703704	0.0010966966236042
0.375599583333333	8.61224489795918	0.981777777777778	0.0015734421389453
0.375599583333333	8.97959183673469	0.9855	0.0011850405004278
0.375599583333333	9.3469387755102	0.986805555555556	0.0008566191080616
0.375599583333333	9.71428571428572	0.986091503267974	0.0006777245174805
0.375599583333333	10.0816326530612	0.987058178003712	0.000758571941605622
0.375599583333333	10.4489795918367	0.988962962962963	0.000976404451314345
0.375599583333333	10.8163265306122	0.988578875171468	0.000878789796270432
0.375599583333333	11.1836734693878	0.98920438957476	0.000443064690782757
0.375599583333333	11.5510204081633	0.987794238683128	0.000830269995002368
0.375599583333333	11.9183673469388	0.989038683127572	0.00100590831956499
0.375599583333333	12.2857142857143	0.990740740740741	0.000593363120636234
0.375599583333333	12.6530612244898	0.989049382716049	0.0006878477912853
0.375599583333333	13.0204081632653	0.991360585276635	0.000668934915207453
0.375599583333333	13.3877551020408	0.992468221307727	0.000523868911990233
0.375599583333333	13.7551020408163	0.991401234567901	0.000742951462751257
0.375599583333333	14.1224489795918	0.992006172839506	0.000899995679348023
0.375599583333333	14.4897959183673	0.991134259259259	0.000575838316373423
0.375599583333333	14.8571428571429	0.993038489469862	0.000688270602098955
0.375599583333333	15.2244897959184	0.992682796315407	0.0005260437893295
0.375599583333333	15.5918367346939	0.9924193199047	0.000542403516685278
0.375599583333333	15.9591836734694	0.992583358426177	0.000523056383732666
0.375599583333333	16.3265306122449	0.99206527007069	0.000612132713144789
0.375599583333333	16.6938775510204	0.992323667336587	0.000573099194451811
0.375599583333333	17.0612244897959	0.992917472166395	0.000488977354774122
0.375599583333333	17.4285714285714	0.993357578077647	0.000525544838313667
0.375599583333333	17.7959183673469	0.993899945768335	0.000543421972216567
0.375599583333333	18.1632653061225	0.994284582811475	0.000397077562172925
0.375599583333333	18.530612244898	0.994140907481641	0.000603130832114911
0.375599583333333	18.8979591836735	0.989842290517468	0.024751270852478
0.375599583333333	19.265306122449	0.980225185185185	0.0851624288023723
0.375599583333333	19.6326530612245	0.993977860082304	0.000571898254598853
0.375599583333333	20	0.993518230452675	0.000248821681856953
0.377538472222222	2	0	0
0.377538472222222	2.36734693877551	0	0
0.377538472222222	2.73469387755102	0	0
0.377538472222222	3.10204081632653	0	0
0.377538472222222	3.46938775510204	0	0
0.377538472222222	3.83673469387755	0	0
0.377538472222222	4.20408163265306	0	0
0.377538472222222	4.57142857142857	0	0
0.377538472222222	4.93877551020408	0	0
0.377538472222222	5.30612244897959	0	0
0.377538472222222	5.6734693877551	0	0
0.377538472222222	6.04081632653061	0	0
0.377538472222222	6.40816326530612	0	0
0.377538472222222	6.77551020408163	0.982	0.0002222222222222
0.377538472222222	7.14285714285714	0.986444444444444	0.0003849001794597
0.377538472222222	7.51020408163265	0.9892	0.0009948013015822
0.377538472222222	7.87755102040816	0.987142857142857	0.0010552869929266
0.377538472222222	8.24489795918367	0.989748148148148	0.001118101467503
0.377538472222222	8.61224489795918	0.9904	0.0005574781547326
0.377538472222222	8.97959183673469	0.990472222222222	0.0008160239345315
0.377538472222222	9.3469387755102	0.953542483660131	0.159164201727724
0.377538472222222	9.71428571428572	0.99116339869281	0.000607526799405
0.377538472222222	10.0816326530612	0.992209150326797	0.000695319433084389
0.377538472222222	10.4489795918367	0.992981844589688	0.000589460314984055
0.377538472222222	10.8163265306122	0.993434035342532	0.000431633469213
0.377538472222222	11.1836734693878	0.994134430727023	0.000417436856431301
0.377538472222222	11.5510204081633	0.993152263374486	0.000659217589071066
0.377538472222222	11.9183673469388	0.994479820951556	0.000471828773203423
0.377538472222222	12.2857142857143	0.994573749187784	0.000567260314386423
0.377538472222222	12.6530612244898	0.994421436588103	0.000584912505062577
0.377538472222222	13.0204081632653	0.995169472502806	0.000433900706129579
0.377538472222222	13.3877551020408	0.994864197530864	0.000496732453836133
0.377538472222222	13.7551020408163	0.995424930306651	0.000526663139831178
0.377538472222222	14.1224489795918	0.99498217255839	0.000527563688905889
0.377538472222222	14.4897959183673	0.995002222662353	0.000469386624030578
0.377538472222222	14.8571428571429	0.994835765057987	0.000473881567511222
0.377538472222222	15.2244897959184	0.99483002868188	0.000414134265019511
0.377538472222222	15.5918367346939	0.995699299689553	0.000415952464737778
0.377538472222222	15.9591836734694	0.995828893220706	0.0004461917264085
0.377538472222222	16.3265306122449	0.994675720164609	0.000456029112848489
0.377538472222222	16.6938775510204	0.995408705286483	0.0003593975490021
0.377538472222222	17.0612244897959	0.994562498681017	0.000602528917421532
0.377538472222222	17.4285714285714	0.995533760806457	0.000478920059858522
0.377538472222222	17.7959183673469	0.995125913165534	0.000504906102706344
0.377538472222222	18.1632653061225	0.995833196159122	0.00046822598742821
0.377538472222222	18.530612244898	0.995577503429355	0.000398989813814033
0.377538472222222	18.8979591836735	0.995520797290109	0.000364428894482955
0.377538472222222	19.265306122449	0.995577727387251	0.000326178931065367
0.377538472222222	19.6326530612245	0.995887971781305	0.000301865469104811
0.377538472222222	20	0.996649150919627	0.000338920157118311
0.378718472222222	2	0	0
0.378718472222222	2.36734693877551	0	0
0.378718472222222	2.73469387755102	0	0
0.378718472222222	3.10204081632653	0	0
0.378718472222222	3.46938775510204	0	0
0.378718472222222	3.83673469387755	0	0
0.378718472222222	4.20408163265306	0	0
0.378718472222222	4.57142857142857	0	0
0.378718472222222	4.93877551020408	0	0
0.378718472222222	5.30612244897959	0	0
0.378718472222222	5.6734693877551	0	0
0.378718472222222	6.04081632653061	0	0
0.378718472222222	6.40816326530612	0.979555555555556	0
0.378718472222222	6.77551020408163	0.981555555555556	0.0015869840952317
0.378718472222222	7.14285714285714	0.983866666666667	0.001209836230117
0.378718472222222	7.51020408163265	0.986017094017094	0.0009801894828602
0.378718472222222	7.87755102040816	0.988412698412698	0.0013695018800078
0.378718472222222	8.24489795918367	0.988711111111111	0.0009151671236432
0.378718472222222	8.61224489795918	0.992361111111111	0.0007571673983577
0.378718472222222	8.97959183673469	0.9915	0.000844371341865
0.378718472222222	9.3469387755102	0.990143790849673	0.0009669669024265
0.378718472222222	9.71428571428572	0.993882352941177	0.000739458071829
0.378718472222222	10.0816326530612	0.994748002904866	0.000757175105434867
0.378718472222222	10.4489795918367	0.995062256552453	0.000735052054279688
0.378718472222222	10.8163265306122	0.994852974186308	0.000570069116959567
0.378718472222222	11.1836734693878	0.995893004115226	0.000748097694270333
0.378718472222222	11.5510204081633	0.995853104312041	0.000609359281202389
0.378718472222222	11.9183673469388	0.997067255124153	0.000573542911164066
0.378718472222222	12.2857142857143	0.99702501796329	0.000491083905589888
0.378718472222222	12.6530612244898	0.99329012345679	0.0174702215625564
0.378718472222222	13.0204081632653	0.985673456790124	0.0600997831399287
0.378718472222222	13.3877551020408	0.996443347050755	0.000603059951435367
0.378718472222222	13.7551020408163	0.996316872427984	0.000591822379572278
0.378718472222222	14.1224489795918	0.996673958558949	0.000592133297826001
0.378718472222222	14.4897959183673	0.997281351526966	0.000394405699652811
0.378718472222222	14.8571428571429	0.996670882264378	0.000414392077312178
0.378718472222222	15.2244897959184	0.99743450767841	0.000442683133900978
0.378718472222222	15.5918367346939	0.997416020671835	0.000481364679394578
0.378718472222222	15.9591836734694	0.997541150182876	0.0005178441444096
0.378718472222222	16.3265306122449	0.99675970656647	0.000682568593934556
0.378718472222222	16.6938775510204	0.996153775090283	0.000621767510433056
0.378718472222222	17.0612244897959	0.99652430335097	0.000488623998897656
0.378718472222222	17.4285714285714	0.996647901234568	0.000483206379420844
0.378718472222222	17.7959183673469	0.997567039457758	0.000476392297259711
0.378718472222222	18.1632653061225	0.997719643925588	0.000452164637826144
0.378718472222222	18.530612244898	0.994939703738213	0.0214833157749091
0.378718472222222	18.8979591836735	0.986791037951532	0.0775712974069221
0.378718472222222	19.265306122449	0.996231056586519	0.0124122261077474
0.378718472222222	19.6326530612245	0.997437689261588	0.000433160145026624
0.378718472222222	20	0.996246913580247	0.000656403948434424
0.383637361111111	2	0	0
0.383637361111111	2.36734693877551	0	0
0.383637361111111	2.73469387755102	0	0
0.383637361111111	3.10204081632653	0	0
0.383637361111111	3.46938775510204	0	0
0.383637361111111	3.83673469387755	0	0
0.383637361111111	4.20408163265306	0	0
0.383637361111111	4.57142857142857	0	0
0.383637361111111	4.93877551020408	0	0
0.383637361111111	5.30612244897959	0	0
0.383637361111111	5.6734693877551	0	0
0.383637361111111	6.04081632653061	0	0
0.383637361111111	6.40816326530612	0.536444444444445	0.426666666666667
0.383637361111111	6.77551020408163	0.541555555555556	0.425111111111111
0.383637361111111	7.14285714285714	0.967722222222222	0.0011097213530799
0.383637361111111	7.51020408163265	0.971802469135802	0.001512433859863
0.383637361111111	7.87755102040816	0.97415873015873	0.0007098628499999
0.383637361111111	8.24489795918367	0.975377777777778	0.001554920505292
0.383637361111111	8.61224489795918	0.976861111111111	0.0008953756367381
0.383637361111111	8.97959183673469	0.978277777777778	0.0007677930533936
0.383637361111111	9.3469387755102	0.980392156862745	0.0014770663416288
0.383637361111111	9.71428571428572	0.982222222222222	0.000939722915326
0.383637361111111	10.0816326530612	0.970613410796417	0.0394778405457755
0.383637361111111	10.4489795918367	0.947646090534979	0.136114392546185
0.383637361111111	10.8163265306122	0.982853223593964	0.000824454864787944
0.383637361111111	11.1836734693878	0.985451303155007	0.0006549751781342
0.383637361111111	11.5510204081633	0.983433831492311	0.000716238871987634
0.383637361111111	11.9183673469388	0.98454840805718	0.000869260872742491
0.383637361111111	12.2857142857143	0.984987654320987	0.0011201489956253
0.383637361111111	12.6530612244898	0.983993202379167	0.000846361280128811
0.383637361111111	13.0204081632653	0.986070275403609	0.000782901734005912
0.383637361111111	13.3877551020408	0.987445271574304	0.000812373740101034
0.383637361111111	13.7551020408163	0.986633818096925	0.000644982802271611
0.383637361111111	14.1224489795918	0.987195452382741	0.0006995153438309
0.383637361111111	14.4897959183673	0.988352618413621	0.000880202358651889
0.383637361111111	14.8571428571429	0.987921106291477	0.00088379292515881
0.383637361111111	15.2244897959184	0.988456593345482	0.000729879245097389
0.383637361111111	15.5918367346939	0.989018296929408	0.000852334001455455
0.383637361111111	15.9591836734694	0.989676190476191	0.000719558591123789
0.383637361111111	16.3265306122449	0.986569077013521	0.0239589430105769
0.383637361111111	16.6938775510204	0.977292372475835	0.0826021607221022
0.383637361111111	17.0612244897959	0.99013933515585	0.000801747603567956
0.383637361111111	17.4285714285714	0.990761048488102	0.000768363363078699
0.383637361111111	17.7959183673469	0.991073395499518	0.0005992021652337
0.383637361111111	18.1632653061225	0.991507727869714	0.000615724039697756
0.383637361111111	18.530612244898	0.989654747034616	0.00069891339050429
0.383637361111111	18.8979591836735	0.989955831145374	0.00277560606005045
0.383637361111111	19.265306122449	0.989898385565052	0.00778175681500139
0.383637361111111	19.6326530612245	0.991859897149205	0.000538169428808433
0.383637361111111	20	0.992190972782168	0.000558317509869633
0.391584027777778	2	0	0
0.391584027777778	2.36734693877551	0	0
0.391584027777778	2.73469387755102	0	0
0.391584027777778	3.10204081632653	0	0
0.391584027777778	3.46938775510204	0	0
0.391584027777778	3.83673469387755	0	0
0.391584027777778	4.20408163265306	0	0
0.391584027777778	4.57142857142857	0	0
0.391584027777778	4.93877551020408	0	0
0.391584027777778	5.30612244897959	0	0
0.391584027777778	5.6734693877551	0	0
0.391584027777778	6.04081632653061	0	0
0.391584027777778	6.40816326530612	0	0
0.391584027777778	6.77551020408163	0.558444444444444	0.427333333333333
0.391584027777778	7.14285714285714	0.986666666666667	0.0012570787221094
0.391584027777778	7.51020408163265	0.938055555555556	0.131638850788956
0.391584027777778	7.87755102040816	0.989592592592593	0.0006899235559332
0.391584027777778	8.24489795918367	0.99063492063492	0.0011573159449878
0.391584027777778	8.61224489795918	0.989392592592593	0.0007413330964857
0.391584027777778	8.97959183673469	0.992138888888889	0.0007812422839125
0.391584027777778	9.3469387755102	0.991861111111111	0.0007652765174419
0.391584027777778	9.71428571428572	0.992339869281046	0.0008559846035944
0.391584027777778	10.0816326530612	0.985848785604777	0.0256786508028934
0.391584027777778	10.4489795918367	0.970164286290648	0.0886923728008217
0.391584027777778	10.8163265306122	0.992945372387638	0.000600309320914467
0.391584027777778	11.1836734693878	0.993245541838134	0.000615660168069367
0.391584027777778	11.5510204081633	0.993673525377229	0.000602519130552588
0.391584027777778	11.9183673469388	0.994717695473251	0.000424585662002323
0.391584027777778	12.2857142857143	0.993566731643925	0.000495436611739444
0.391584027777778	12.6530612244898	0.993855277925453	0.0004254988346985
0.391584027777778	13.0204081632653	0.995018705574261	0.000391730520818399
0.391584027777778	13.3877551020408	0.994197885625089	0.000299761030109089
0.391584027777778	13.7551020408163	0.994333134667234	0.000261064127093378
0.391584027777778	14.1224489795918	0.994075720164609	0.000325301262924922
0.391584027777778	14.4897959183673	0.994481855592967	0.000398683869641066
0.391584027777778	14.8571428571429	0.994506247661803	0.000342080382509045
0.391584027777778	15.2244897959184	0.994277248677249	0.0004660150294554
0.391584027777778	15.5918367346939	0.994656790123457	0.000431878873548111
0.391584027777778	15.9591836734694	0.994271604938271	0.000399877132326867
0.391584027777778	16.3265306122449	0.994616681722373	0.000396188576122933
0.391584027777778	16.6938775510204	0.995317704076512	0.000336372310043722
0.391584027777778	17.0612244897959	0.995762492651382	0.000352985534281866
0.391584027777778	17.4285714285714	0.995955019619102	0.000253123218871089
0.391584027777778	17.7959183673469	0.995479605703895	0.000300538409819656
0.391584027777778	18.1632653061225	0.995723106558095	0.000317634876421079
0.391584027777778	18.530612244898	0.99544939147185	0.000409287113589211
0.391584027777778	18.8979591836735	0.995402263374486	0.00035937686153761
0.391584027777778	19.265306122449	0.99578621819098	0.000231482315159456
0.391584027777778	19.6326530612245	0.99609847148736	0.000219556052465111
0.391584027777778	20	0.994745674813135	0.000197818135346011
0.392498472222222	2	0	0
0.392498472222222	2.36734693877551	0	0
0.392498472222222	2.73469387755102	0	0
0.392498472222222	3.10204081632653	0	0
0.392498472222222	3.46938775510204	0	0
0.392498472222222	3.83673469387755	0	0
0.392498472222222	4.20408163265306	0	0
0.392498472222222	4.57142857142857	0	0
0.392498472222222	4.93877551020408	0	0
0.392498472222222	5.30612244897959	0	0
0.392498472222222	5.6734693877551	0	0
0.392498472222222	6.04081632653061	0	0
0.392498472222222	6.40816326530612	0	0
0.392498472222222	6.77551020408163	0.990666666666667	0
0.392498472222222	7.14285714285714	0.964740740740741	0.0653306457833048
0.392498472222222	7.51020408163265	0.993925925925926	0.00075541029831
0.392498472222222	7.87755102040816	0.995418803418804	0.0009920422651997
0.392498472222222	8.24489795918367	0.996095238095238	0.0007162231220748
0.392498472222222	8.61224489795918	0.996918518518518	0.0006382417549196
0.392498472222222	8.97959183673469	0.995777777777778	0.0006085806194501
0.392498472222222	9.3469387755102	0.997071895424837	0.0005293714178121
0.392498472222222	9.71428571428572	0.996967320261438	0.0005545935538717
0.392498472222222	10.0816326530612	0.998986201888163	0.000363687312852222
0.392498472222222	10.4489795918367	0.99796804647785	0.0004350381885491
0.392498472222222	10.8163265306122	0.998052771725974	0.000436710412994545
0.392498472222222	11.1836734693878	0.998469135802469	0.000605994248381111
0.392498472222222	11.5510204081633	0.997707818930041	0.000455137165383277
0.392498472222222	11.9183673469388	0.998259475850119	0.000355176358650002
0.392498472222222	12.2857142857143	0.998021147143954	0.000618634763494453
0.392498472222222	12.6530612244898	0.998499962588851	0.000315781021250855
0.392498472222222	13.0204081632653	0.998422427983539	0.000227031093766399
0.392498472222222	13.3877551020408	0.998788580246914	0.000146014521556778
0.392498472222222	13.7551020408163	0.999159511784512	0.000196488584872144
0.392498472222222	14.1224489795918	0.99943062369729	0.000191569261123778
0.392498472222222	14.4897959183673	0.999304409171076	0.000256339361635678
0.392498472222222	14.8571428571429	0.999324554183813	0.0002541422939968
0.392498472222222	15.2244897959184	0.999035243220429	0.000309555318513011
0.392498472222222	15.5918367346939	0.9990794555239	0.000272352960405878
0.392498472222222	15.9591836734694	0.999228689006467	0.000289768479433677
0.392498472222222	16.3265306122449	0.998628019323672	0.000482821148697122
0.392498472222222	16.6938775510204	0.99889454459762	0.0003805092084664
0.392498472222222	17.0612244897959	0.999393337165695	0.000160540300169646
0.392498472222222	17.4285714285714	0.998981756095231	0.000281856393430443
0.392498472222222	17.7959183673469	0.99884766514959	0.0025064564453749
0.392498472222222	18.1632653061225	0.998102586713698	0.00842013271625849
0.392498472222222	18.530612244898	0.999057214243722	0.000314112534481709
0.392498472222222	18.8979591836735	0.999435626102293	0.000193877665374466
0.392498472222222	19.265306122449	0.999341563786008	0.000190571561272654
0.392498472222222	19.6326530612245	0.998759100981323	0.0003201729559377
0.392498472222222	20	0.998508388730611	0.0003513668846685
0.397885138888889	2	0	0
0.397885138888889	2.36734693877551	0	0
0.397885138888889	2.73469387755102	0	0
0.397885138888889	3.10204081632653	0	0
0.397885138888889	3.46938775510204	0	0
0.397885138888889	3.83673469387755	0	0
0.397885138888889	4.20408163265306	0	0
0.397885138888889	4.57142857142857	0	0
0.397885138888889	4.93877551020408	0	0
0.397885138888889	5.30612244897959	0	0
0.397885138888889	5.6734693877551	0	0
0.397885138888889	6.04081632653061	0	0
0.397885138888889	6.40816326530612	0.968	0
0.397885138888889	6.77551020408163	0.969037037037037	0.0009486109981381
0.397885138888889	7.14285714285714	0.971777777777778	0.0012919503869998
0.397885138888889	7.51020408163265	0.974444444444445	0.0010591001471499
0.397885138888889	7.87755102040816	0.976111111111111	0.0014098419489388
0.397885138888889	8.24489795918367	0.979666666666667	0.0010715167512214
0.397885138888889	8.61224489795918	0.979416666666667	0.0009521742500556
0.397885138888889	8.97959183673469	0.98156862745098	0.0010239558707224
0.397885138888889	9.3469387755102	0.982222222222222	0.000939722915326
0.397885138888889	9.71428571428572	0.982901960784314	0.0010125446656751
0.397885138888889	10.0816326530612	0.983251028806585	0.000424026898284811
0.397885138888889	10.4489795918367	0.982927943193739	0.0006129012332718
0.397885138888889	10.8163265306122	0.98559896715888	0.000756581974918179
0.397885138888889	11.1836734693878	0.984949245541838	0.00100053148102747
0.397885138888889	11.5510204081633	0.983294924554184	0.0114367462453501
0.397885138888889	11.9183673469388	0.978074074074074	0.0371915595387469
0.397885138888889	12.2857142857143	0.986848765432099	0.000962769198317434
0.397885138888889	12.6530612244898	0.987258744855967	0.000916325857605599
0.397885138888889	13.0204081632653	0.988808935920047	0.000676618406052725
0.397885138888889	13.3877551020408	0.987508916323731	0.000854161033696534
0.397885138888889	13.7551020408163	0.987899440751292	0.0007631124354178
0.397885138888889	14.1224489795918	0.989103323836657	0.000882586160725878
0.397885138888889	14.4897959183673	0.989304995693368	0.000864858736434922
0.397885138888889	14.8571428571429	0.989510192362905	0.000740057304330733
0.397885138888889	15.2244897959184	0.989297246945481	0.0005823154609998
0.397885138888889	15.5918367346939	0.988471739193883	0.000592324789679222
0.397885138888889	15.9591836734694	0.989434900621662	0.0007470399064431
0.397885138888889	16.3265306122449	0.988930699588477	0.000825555947185911
0.397885138888889	16.6938775510204	0.988880987654321	0.000801862431070722
0.397885138888889	17.0612244897959	0.989312379569111	0.000820729091871076
0.397885138888889	17.4285714285714	0.990018881626725	0.000597472389414588
0.397885138888889	17.7959183673469	0.990279424325053	0.000512309780482233
0.397885138888889	18.1632653061225	0.991331383561526	0.000747367139257311
0.397885138888889	18.530612244898	0.990971193415638	0.000686801563509263
0.397885138888889	18.8979591836735	0.992252335227644	0.000516651166608534
0.397885138888889	19.265306122449	0.991305996472663	0.000542420193973389
0.397885138888889	19.6326530612245	0.989179894179894	0.000516340889653577
0.397885138888889	20	0.988917989417989	0.000428168747933077
0.407472916666667	2	0	0
0.407472916666667	2.36734693877551	0	0
0.407472916666667	2.73469387755102	0	0
0.407472916666667	3.10204081632653	0	0
0.407472916666667	3.46938775510204	0	0
0.407472916666667	3.83673469387755	0	0
0.407472916666667	4.20408163265306	0	0
0.407472916666667	4.57142857142857	0	0
0.407472916666667	4.93877551020408	0	0
0.407472916666667	5.30612244897959	0	0
0.407472916666667	5.6734693877551	0	0
0.407472916666667	6.04081632653061	0	0
0.407472916666667	6.40816326530612	0	0
0.407472916666667	6.77551020408163	0	0
0.407472916666667	7.14285714285714	0.979111111111111	0
0.407472916666667	7.51020408163265	0.979733333333333	0.0013941677458984
0.407472916666667	7.87755102040816	0.981094017094017	0.0009955705831494
0.407472916666667	8.24489795918367	0.981511111111111	0.001061716910647
0.407472916666667	8.61224489795918	0.982103703703704	0.0008189792569532
0.407472916666667	8.97959183673469	0.98425	0.0007530800950958
0.407472916666667	9.3469387755102	0.985444444444444	0.0006573421981221
0.407472916666667	9.71428571428572	0.983738562091503	0.0009648440307056
0.407472916666667	10.0816326530612	0.984936657790688	0.000894427873095767
0.407472916666667	10.4489795918367	0.985116598079561	0.000572140646276789
0.407472916666667	10.8163265306122	0.98561865569273	0.000552888808615223
0.407472916666667	11.1836734693878	0.986065843621399	0.000696429187721078
0.407472916666667	11.5510204081633	0.98604938271605	0.000746629268112734
0.407472916666667	11.9183673469388	0.986735253772291	0.000797527244480177
0.407472916666667	12.2857142857143	0.987755252328352	0.000621525918375202
0.407472916666667	12.6530612244898	0.987152201491383	0.000787458517393444
0.407472916666667	13.0204081632653	0.98722633744856	0.000610468817553645
0.407472916666667	13.3877551020408	0.987313131313131	0.000603143831315022
0.407472916666667	13.7551020408163	0.986982932776036	0.000494851544200811
0.407472916666667	14.1224489795918	0.988524258778615	0.000463567669723566
0.407472916666667	14.4897959183673	0.987542015133413	0.000590959832434389
0.407472916666667	14.8571428571429	0.98743621399177	0.000612344103559811
0.407472916666667	15.2244897959184	0.987727646838758	0.000644005374088866
0.407472916666667	15.5918367346939	0.989049350649351	0.000467696550656278
0.407472916666667	15.9591836734694	0.98942969636303	0.000554980170554255
0.407472916666667	16.3265306122449	0.98387987987988	0.0290005342385012
0.407472916666667	16.6938775510204	0.972952218885552	0.0996795436821809
0.407472916666667	17.0612244897959	0.988956790123457	0.000559133720571566
0.407472916666667	17.4285714285714	0.987778451178451	0.0084439341332466
0.407472916666667	17.7959183673469	0.984004414515525	0.0283442669728344
0.407472916666667	18.1632653061225	0.989206995884774	0.000720885025832031
0.407472916666667	18.530612244898	0.988029835390947	0.000620590501681535
0.407472916666667	18.8979591836735	0.988616255144033	0.000672024681679399
0.407472916666667	19.265306122449	0.989306899302931	0.000461254473946877
0.407472916666667	19.6326530612245	0.98883458121194	0.000509089390297523
0.407472916666667	20	0.989896319114648	0.000566626092301323
0.422431805555556	2	0	0
0.422431805555556	2.36734693877551	0	0
0.422431805555556	2.73469387755102	0	0
0.422431805555556	3.10204081632653	0	0
0.422431805555556	3.46938775510204	0	0
0.422431805555556	3.83673469387755	0	0
0.422431805555556	4.20408163265306	0	0
0.422431805555556	4.57142857142857	0	0
0.422431805555556	4.93877551020408	0	0
0.422431805555556	5.30612244897959	0	0
0.422431805555556	5.6734693877551	0	0
0.422431805555556	6.04081632653061	0	0
0.422431805555556	6.40816326530612	0	0
0.422431805555556	6.77551020408163	0.974222222222222	0.0004444444444444
0.422431805555556	7.14285714285714	0.977925925925926	0.00075541029831
0.422431805555556	7.51020408163265	0.980222222222222	0.0009162456945817
0.422431805555556	7.87755102040816	0.981936507936508	0.000642023759243
0.422431805555556	8.24489795918367	0.982637037037037	0.0013230882110676
0.422431805555556	8.61224489795918	0.982083333333333	0.0008566191080616
0.422431805555556	8.97959183673469	0.983916666666667	0.0007571673983577
0.422431805555556	9.3469387755102	0.984944444444444	0.0006826780959691
0.422431805555556	9.71428571428572	0.985254901960784	0.0007188354031303
0.422431805555556	10.0816326530612	0.984699104333091	0.000814649844350789
0.422431805555556	10.4489795918367	0.985626886145405	0.000880267801121188
0.422431805555556	10.8163265306122	0.986323731138546	0.000637977185757233
0.422431805555556	11.1836734693878	0.986172839506173	0.000686374593093145
0.422431805555556	11.5510204081633	0.986291531297379	0.000723706350948255
0.422431805555556	11.9183673469388	0.985490747803486	0.000565798928234811
0.422431805555556	12.2857142857143	0.985468599033816	0.000615247796224279
0.422431805555556	12.6530612244898	0.985675577026302	0.000708551208259644
0.422431805555556	13.0204081632653	0.983125177702955	0.018348464244973
0.422431805555556	13.3877551020408	0.975125195308202	0.0627793916864912
0.422431805555556	13.7551020408163	0.98724473493101	0.000571634834540833
0.422431805555556	14.1224489795918	0.987400726216413	0.0005436163388742
0.422431805555556	14.4897959183673	0.987702292768959	0.000514638514947189
0.422431805555556	14.8571428571429	0.986859807956104	0.000563589390945755
0.422431805555556	15.2244897959184	0.986401603883086	0.000523340462925989
0.422431805555556	15.5918367346939	0.986415411748745	0.000627402915211378
0.422431805555556	15.9591836734694	0.987347385325705	0.000743955308652545
0.422431805555556	16.3265306122449	0.98771173341363	0.000559598598494422
0.422431805555556	16.6938775510204	0.98798353909465	0.000499010409812789
0.422431805555556	17.0612244897959	0.987228126677402	0.00047022158946168
0.422431805555556	17.4285714285714	0.988655154692157	0.000687647786424943
0.422431805555556	17.7959183673469	0.988928815340163	0.000492858456373055
0.422431805555556	18.1632653061225	0.987171263462044	0.000582609049275945
0.422431805555556	18.530612244898	0.988087805492567	0.000586448362439619
0.422431805555556	18.8979591836735	0.988592874779541	0.000461111318321545
0.422431805555556	19.265306122449	0.988545649963689	0.000567267883648956
0.422431805555556	19.6326530612245	0.988440980950785	0.000499879541196178
0.422431805555556	20	0.988895983464611	0.000523350661470378
0.440094027777778	2	0	0
0.440094027777778	2.36734693877551	0	0
0.440094027777778	2.73469387755102	0	0
0.440094027777778	3.10204081632653	0	0
0.440094027777778	3.46938775510204	0	0
0.440094027777778	3.83673469387755	0	0
0.440094027777778	4.20408163265306	0	0
0.440094027777778	4.57142857142857	0	0
0.440094027777778	4.93877551020408	0	0
0.440094027777778	5.30612244897959	0	0
0.440094027777778	5.6734693877551	0	0
0.440094027777778	6.04081632653061	0	0
0.440094027777778	6.40816326530612	0	0
0.440094027777778	6.77551020408163	0.976888888888889	0
0.440094027777778	7.14285714285714	0.981111111111111	0.002
0.440094027777778	7.51020408163265	0.909925925925926	0.24420569710097
0.440094027777778	7.87755102040816	0.985362962962963	0.0010195348464643
0.440094027777778	8.24489795918367	0.985096296296296	0.0008719371241221
0.440094027777778	8.61224489795918	0.986305555555556	0.0010209986638605
0.440094027777778	8.97959183673469	0.986916666666667	0.0009682458365518
0.440094027777778	9.3469387755102	0.988722222222222	0.0007993052538854
0.440094027777778	9.71428571428572	0.987084967320262	0.0010165867762208
0.440094027777778	10.0816326530612	0.991015250544662	0.000847704851583534
0.440094027777778	10.4489795918367	0.991728395061728	0.000659709184918622
0.440094027777778	10.8163265306122	0.991555555555556	0.000483078949334989
0.440094027777778	11.1836734693878	0.991429355281207	0.000579422125540189
0.440094027777778	11.5510204081633	0.990889387704203	0.000717264753717089
0.440094027777778	11.9183673469388	0.990774410774411	0.000611145352558777
0.440094027777778	12.2857142857143	0.991616535727647	0.000538736447378524
0.440094027777778	12.6530612244898	0.991666756128109	0.000739279132626734
0.440094027777778	13.0204081632653	0.991201288244766	0.000811493538805275
0.440094027777778	13.3877551020408	0.991333592463028	0.000620616998545789
0.440094027777778	13.7551020408163	0.993528961009691	0.000633514820502455
0.440094027777778	14.1224489795918	0.993927170868347	0.000571562159166289
0.440094027777778	14.4897959183673	0.994841508174841	0.000682941597291613
0.440094027777778	14.8571428571429	0.993283550216884	0.00117948634844906
0.440094027777778	15.2244897959184	0.994525672681228	0.000652167207263877
0.440094027777778	15.5918367346939	0.995162664495998	0.000495275227181633
0.440094027777778	15.9591836734694	0.994141448942483	0.000466519240256945
0.440094027777778	16.3265306122449	0.994996541022381	0.000432640322763867
0.440094027777778	16.6938775510204	0.995403666292555	0.000453254096170578
0.440094027777778	17.0612244897959	0.994553554872395	0.000554061995549932
0.440094027777778	17.4285714285714	0.994446233673287	0.000404353614180266
0.440094027777778	17.7959183673469	0.993812379272697	0.0121123014518458
0.440094027777778	18.1632653061225	0.988748677248677	0.0415808573837598
0.440094027777778	18.530612244898	0.994480452674897	0.00049591209580719
0.440094027777778	18.8979591836735	0.995352699104333	0.000490900127582766
0.440094027777778	19.265306122449	0.994837821350762	0.000335426854952933
0.440094027777778	19.6326530612245	0.994393466286799	0.00043111483816788
0.440094027777778	20	0.993404064577398	0.00064416895832978
0.44046625	2	0	0
0.44046625	2.36734693877551	0	0
0.44046625	2.73469387755102	0	0
0.44046625	3.10204081632653	0	0
0.44046625	3.46938775510204	0	0
0.44046625	3.83673469387755	0	0
0.44046625	4.20408163265306	0	0
0.44046625	4.57142857142857	0	0
0.44046625	4.93877551020408	0	0
0.44046625	5.30612244897959	0	0
0.44046625	5.6734693877551	0	0
0.44046625	6.04081632653061	0	0
0.44046625	6.40816326530612	0.977333333333333	0
0.44046625	6.77551020408163	0.982074074074074	0.00075541029831
0.44046625	7.14285714285714	0.985888888888889	0.0012188505682892
0.44046625	7.51020408163265	0.986920634920635	0.0007070176968673
0.44046625	7.87755102040816	0.982696296296296	0.0249747021523671
0.44046625	8.24489795918367	0.986916666666667	0.0010300275676521
0.44046625	8.61224489795918	0.99075	0.000945669140586
0.44046625	8.97959183673469	0.991607843137255	0.0006446446016176
0.44046625	9.3469387755102	0.992496732026144	0.0007449833646418
0.44046625	9.71428571428572	0.992339869281046	0.0008142437386874
0.44046625	10.0816326530612	0.99278431372549	0.000686582865698588
0.44046625	10.4489795918367	0.992200274348423	0.000903193852239299
0.44046625	10.8163265306122	0.993572135742828	0.000685408700833577
0.44046625	11.1836734693878	0.993547938552769	0.000561482773559067
0.44046625	11.5510204081633	0.994713056490834	0.000691771765136088
0.44046625	11.9183673469388	0.994621440744898	0.000545901136316511
0.44046625	12.2857142857143	0.994726108824874	0.00153359803943604
0.44046625	12.6530612244898	0.994104377104377	0.00432136352024486
0.44046625	13.0204081632653	0.995747100635989	0.00062699212906551
0.44046625	13.3877551020408	0.99605087916199	0.000581721758877533
0.44046625	13.7551020408163	0.995534904601571	0.00148225885340672
0.44046625	14.1224489795918	0.994870955165692	0.00363676762061169
0.44046625	14.4897959183673	0.995460021424934	0.000499534743372078
0.44046625	14.8571428571429	0.995994954303897	0.000506949059396178
0.44046625	15.2244897959184	0.995662178632368	0.000442880730451711
0.44046625	15.5918367346939	0.995838918283363	0.000399365334712578
0.44046625	15.9591836734694	0.995836139169472	0.000465990683112377
0.44046625	16.3265306122449	0.992687893427024	0.0238890322328343
0.44046625	16.6938775510204	0.983358024691358	0.0821835563542168
0.44046625	17.0612244897959	0.993950266741157	0.0123095091684099
0.44046625	17.4285714285714	0.985842680776014	0.0641487805327899
0.44046625	17.7959183673469	0.984033580246914	0.0789048665268774
0.44046625	18.1632653061225	0.995191111111111	0.000460325250521301
0.44046625	18.530612244898	0.994787160493827	0.000558825543739403
0.44046625	18.8979591836735	0.99567714884696	0.000669815393441477
0.44046625	19.265306122449	0.996520847891917	0.000463859315323622
0.44046625	19.6326530612245	0.995632551934439	0.000516542079623245
0.44046625	20	0.997299790356394	0.000577459512725445
0.479375138888889	2	0	0
0.479375138888889	2.36734693877551	0	0
0.479375138888889	2.73469387755102	0	0
0.479375138888889	3.10204081632653	0	0
0.479375138888889	3.46938775510204	0	0
0.479375138888889	3.83673469387755	0	0
0.479375138888889	4.20408163265306	0	0
0.479375138888889	4.57142857142857	0	0
0.479375138888889	4.93877551020408	0	0
0.479375138888889	5.30612244897959	0	0
0.479375138888889	5.6734693877551	0	0
0.479375138888889	6.04081632653061	0	0
0.479375138888889	6.40816326530612	0.961888888888889	0.000853460638652
0.479375138888889	6.77551020408163	0.964444444444444	0.0011589693164804
0.479375138888889	7.14285714285714	0.964666666666667	0.0009583937179043
0.479375138888889	7.51020408163265	0.967703703703704	0.0010936905970543
0.479375138888889	7.87755102040816	0.970992592592593	0.001006535570457
0.479375138888889	8.24489795918367	0.971472222222222	0.0011245712488887
0.479375138888889	8.61224489795918	0.973666666666667	0.0007777777777777
0.479375138888889	8.97959183673469	0.972305555555556	0.0012244298244741
0.479375138888889	9.3469387755102	0.975137254901961	0.0009206178751194
0.479375138888889	9.71428571428572	0.975555555555556	0.0006644844458634
0.479375138888889	10.0816326530612	0.975361897845558	0.000682108097155622
0.479375138888889	10.4489795918367	0.974647462277092	0.0006047054652153
0.479375138888889	10.8163265306122	0.9751020968058	0.000644589309367322
0.479375138888889	11.1836734693878	0.97610175832398	0.000720310024312256
0.479375138888889	11.5510204081633	0.976662177328844	0.000789476335705933
0.479375138888889	11.9183673469388	0.977486060606061	0.000690116407947511
0.479375138888889	12.2857142857143	0.977335601280293	0.000677249688341555
0.479375138888889	12.6530612244898	0.978629172382259	0.000657080095926712
0.479375138888889	13.0204081632653	0.97860987654321	0.000790893149280299
0.479375138888889	13.3877551020408	0.979117384050717	0.000704785119275633
0.479375138888889	13.7551020408163	0.980097430764097	0.000757000082281067
0.479375138888889	14.1224489795918	0.979376639797692	0.000776183361383489
0.479375138888889	14.4897959183673	0.975824499520406	0.0167855152978146
0.479375138888889	14.8571428571429	0.968949947363384	0.0566357456348154
0.479375138888889	15.2244897959184	0.97373257341128	0.0254147624814423
0.479375138888889	15.5918367346939	0.965686367218282	0.0870627935059701
0.479375138888889	15.9591836734694	0.979144908501882	0.000872066577179256
0.479375138888889	16.3265306122449	0.979281347106744	0.000679317271611656
0.479375138888889	16.6938775510204	0.979262081128748	0.000629166653207555
0.479375138888889	17.0612244897959	0.979260421205519	0.000734877091820765
0.479375138888889	17.4285714285714	0.979133253860594	0.00053834905241949
0.479375138888889	17.7959183673469	0.979921195506101	0.000657128455735222
0.479375138888889	18.1632653061225	0.979571843251089	0.000650125012945065
0.479375138888889	18.530612244898	0.980551871694662	0.000544813159111424
0.479375138888889	18.8979591836735	0.979446880325893	0.00071822096332769
0.479375138888889	19.265306122449	0.979366562309252	0.000882135095863815
0.479375138888889	19.6326530612245	0.979752440585189	0.000530131455160211
0.479375138888889	20	0.980392809183452	0.000544249986017911
0.503130694444444	2	0	0
0.503130694444444	2.36734693877551	0	0
0.503130694444444	2.73469387755102	0	0
0.503130694444444	3.10204081632653	0	0
0.503130694444444	3.46938775510204	0	0
0.503130694444444	3.83673469387755	0	0
0.503130694444444	4.20408163265306	0	0
0.503130694444444	4.57142857142857	0	0
0.503130694444444	4.93877551020408	0	0
0.503130694444444	5.30612244897959	0	0
0.503130694444444	5.6734693877551	0	0
0.503130694444444	6.04081632653061	0	0
0.503130694444444	6.40816326530612	0	0
0.503130694444444	6.77551020408163	0.962888888888889	0.0011111111111111
0.503130694444444	7.14285714285714	0.962793650793651	0.0005158119621991
0.503130694444444	7.51020408163265	0.964957264957265	0.0010865127235603
0.503130694444444	7.87755102040816	0.96584126984127	0.0011741740958036
0.503130694444444	8.24489795918367	0.968355555555556	0.0012591721102741
0.503130694444444	8.61224489795918	0.968666666666667	0.0010183501544346
0.503130694444444	8.97959183673469	0.967764705882353	0.0010125446656751
0.503130694444444	9.3469387755102	0.969908496732026	0.0009116651385182
0.503130694444444	9.71428571428572	0.970718954248366	0.0009627164778835
0.503130694444444	10.0816326530612	0.971422577261357	0.000979227326269522
0.503130694444444	10.4489795918367	0.971412894375857	0.000978844512184489
0.503130694444444	10.8163265306122	0.971486968449931	0.000898137467805533
0.503130694444444	11.1836734693878	0.973113854595336	0.000834953671156412
0.503130694444444	11.5510204081633	0.974104252400549	0.000927991628999288
0.503130694444444	11.9183673469388	0.975034293552812	0.000672820651072612
0.503130694444444	12.2857142857143	0.975737382337638	0.000806539935176255
0.503130694444444	12.6530612244898	0.975530769594626	0.000779936764269845
0.503130694444444	13.0204081632653	0.97571966579374	0.00129565406369432
0.503130694444444	13.3877551020408	0.976147891614558	0.00215397477184211
0.503130694444444	13.7551020408163	0.976184661429106	0.000905691887583745
0.503130694444444	14.1224489795918	0.976688890911113	0.000916664970649334
0.503130694444444	14.4897959183673	0.97922989656323	0.000789120605182433
0.503130694444444	14.8571428571429	0.979400172101926	0.000835175693269444
0.503130694444444	15.2244897959184	0.978532033788174	0.000821948821356511
0.503130694444444	15.5918367346939	0.976734231200898	0.000770632005482722
0.503130694444444	15.9591836734694	0.97652124077656	0.000750790202990378
0.503130694444444	16.3265306122449	0.97825649492789	0.000773135259985233
0.503130694444444	16.6938775510204	0.977063786008231	0.000723470479899644
0.503130694444444	17.0612244897959	0.976060699588477	0.000786620404984433
0.503130694444444	17.4285714285714	0.977990069779925	0.000758016875331243
0.503130694444444	17.7959183673469	0.979930285801921	0.000654661679734744
0.503130694444444	18.1632653061225	0.978192995716805	0.000768006783174887
0.503130694444444	18.530612244898	0.979474930713026	0.000676011094010368
0.503130694444444	18.8979591836735	0.980846837500432	0.000723356918127355
0.503130694444444	19.265306122449	0.976935289276204	0.0126574347547221
0.503130694444444	19.6326530612245	0.973507838295812	0.0425212846893185
0.503130694444444	20	0.981373110626967	-0.011421078235317
0.528127361111111	2	0	0
0.528127361111111	2.36734693877551	0	0
0.528127361111111	2.73469387755102	0	0
0.528127361111111	3.10204081632653	0	0
0.528127361111111	3.46938775510204	0	0
0.528127361111111	3.83673469387755	0	0
0.528127361111111	4.20408163265306	0	0
0.528127361111111	4.57142857142857	0	0
0.528127361111111	4.93877551020408	0	0
0.528127361111111	5.30612244897959	0	0
0.528127361111111	5.6734693877551	0	0
0.528127361111111	6.04081632653061	0	0
0.528127361111111	6.40816326530612	0	0
0.528127361111111	6.77551020408163	0.970133333333333	0.0008618097524295
0.528127361111111	7.14285714285714	0.971308641975308	0.0008409573514037
0.528127361111111	7.51020408163265	0.972	0.00133901921556
0.528127361111111	7.87755102040816	0.974459259259259	0.0008719371241222
0.528127361111111	8.24489795918367	0.977451851851852	0.0009800198760616
0.528127361111111	8.61224489795918	0.976972222222222	0.0007065609634431
0.528127361111111	8.97959183673469	0.977444444444445	0.0010715167512214
0.528127361111111	9.3469387755102	0.977777777777778	0.0006644844458634
0.528127361111111	9.71428571428572	0.978013071895425	0.0007486442386026
0.528127361111111	10.0816326530612	0.978971677559913	0.000878682796779545
0.528127361111111	10.4489795918367	0.979603001694505	0.000657078088840623
0.528127361111111	10.8163265306122	0.979437585733882	0.000787771400248177
0.528127361111111	11.1836734693878	0.980699732871273	0.00095734460483867
0.528127361111111	11.5510204081633	0.980400779727095	0.00159785289977565
0.528127361111111	11.9183673469388	0.981237435284747	0.00067689543802339
0.528127361111111	12.2857142857143	0.981602548785345	0.000860032643464476
0.528127361111111	12.6530612244898	0.981083889708811	0.000608015603069378
0.528127361111111	13.0204081632653	0.982284801327939	0.000711190120965092
0.528127361111111	13.3877551020408	0.983025044091711	0.000856721408290456
0.528127361111111	13.7551020408163	0.983471864847304	0.000919748186994136
0.528127361111111	14.1224489795918	0.98284902446306	0.00149555668400757
0.528127361111111	14.4897959183673	0.982060994327661	0.000712346740529744
0.528127361111111	14.8571428571429	0.982861909063535	0.000638035486735044
0.528127361111111	15.2244897959184	0.982954895905548	0.000568757589779733
0.528127361111111	15.5918367346939	0.983077127867826	0.000591874609033322
0.528127361111111	15.9591836734694	0.984751789499938	0.000579350935240522
0.528127361111111	16.3265306122449	0.983962890176647	0.000671578245502633
0.528127361111111	16.6938775510204	0.984533215755438	0.000623234091505289
0.528127361111111	17.0612244897959	0.984370946502058	0.000620041173679189
0.528127361111111	17.4285714285714	0.983229857549858	0.000668961462184479
0.528127361111111	17.7959183673469	0.983555179272161	0.000837008521165467
0.528127361111111	18.1632653061225	0.985178626400478	0.000722270446649387
0.528127361111111	18.530612244898	0.985215632480701	0.000611502113341434
0.528127361111111	18.8979591836735	0.985529361813313	0.000636116303947422
0.528127361111111	19.265306122449	0.985040291806959	0.000658115319336333
0.528127361111111	19.6326530612245	0.981824883758217	0.0168797417216836
0.528127361111111	20	0.971345951579285	0.0897823029035188
0.539209583333333	2	0	0
0.539209583333333	2.36734693877551	0	0
0.539209583333333	2.73469387755102	0	0
0.539209583333333	3.10204081632653	0	0
0.539209583333333	3.46938775510204	0	0
0.539209583333333	3.83673469387755	0	0
0.539209583333333	4.20408163265306	0	0
0.539209583333333	4.57142857142857	0	0
0.539209583333333	4.93877551020408	0	0
0.539209583333333	5.30612244897959	0	0
0.539209583333333	5.6734693877551	0	0
0.539209583333333	6.04081632653061	0	0
0.539209583333333	6.40816326530612	0	0
0.539209583333333	6.77551020408163	0.964698412698413	0.0017595436775302
0.539209583333333	7.14285714285714	0.965407407407408	0.0013188513936862
0.539209583333333	7.51020408163265	0.968034188034188	0.001286488049383
0.539209583333333	7.87755102040816	0.969142857142857	0.0009156955620226
0.539209583333333	8.24489795918367	0.972916666666667	0.0011912100912439
0.539209583333333	8.61224489795918	0.971444444444444	0.0010943175335329
0.539209583333333	8.97959183673469	0.973888888888889	0.0010599324460188
0.539209583333333	9.3469387755102	0.975346405228758	0.0010899170502314
0.539209583333333	9.71428571428572	0.975058823529412	0.0009131633566835
0.539209583333333	10.0816326530612	0.976900202576157	0.000888561963502455
0.539209583333333	10.4489795918367	0.977330541717806	0.0010052424338536
0.539209583333333	10.8163265306122	0.978097991628856	0.000936569530289223
0.539209583333333	11.1836734693878	0.978416019910273	0.00104266832239022
0.539209583333333	11.5510204081633	0.979275632838851	0.00101648505787171
0.539209583333333	11.9183673469388	0.97929534662868	0.000900247414992377
0.539209583333333	12.2857142857143	0.97698468144845	0.000854028022480589
0.539209583333333	12.6530612244898	0.979103238504205	0.000941905820082334
0.539209583333333	13.0204081632653	0.979238683127572	0.000978084949305731
0.539209583333333	13.3877551020408	0.979078068264343	0.000821095435242711
0.539209583333333	13.7551020408163	0.981743168378463	0.0007538358176087
0.539209583333333	14.1224489795918	0.982357201646091	0.000665524219328911
0.539209583333333	14.4897959183673	0.981027073857483	0.000823460646385711
0.539209583333333	14.8571428571429	0.980079532163743	0.000823565705195144
0.539209583333333	15.2244897959184	0.981340740740741	0.000699332170869122
0.539209583333333	15.5918367346939	0.98092853223594	0.000689281345497145
0.539209583333333	15.9591836734694	0.98082085048011	0.00081403493564109
0.539209583333333	16.3265306122449	0.981889676910954	0.000578157991948678
0.539209583333333	16.6938775510204	0.981833464670344	0.000601381185593544
0.539209583333333	17.0612244897959	0.982829818754925	0.000654145972859646
0.539209583333333	17.4285714285714	0.982451551682401	0.000780038267842188
0.539209583333333	17.7959183673469	0.982944267545575	0.000700698314447078
0.539209583333333	18.1632653061225	0.982129998944814	0.000702195054329147
0.539209583333333	18.530612244898	0.981069958847737	0.00107396239145641
0.539209583333333	18.8979591836735	0.982589072650568	0.00150867022399189
0.539209583333333	19.265306122449	0.981878855328657	0.0189960054048961
0.539209583333333	19.6326530612245	0.974799268404207	0.0641973993751607
0.539209583333333	20	0.983877457704618	-0.0174618332884347
0.56960625	2	0	0
0.56960625	2.36734693877551	0	0
0.56960625	2.73469387755102	0	0
0.56960625	3.10204081632653	0	0
0.56960625	3.46938775510204	0	0
0.56960625	3.83673469387755	0	0
0.56960625	4.20408163265306	0	0
0.56960625	4.57142857142857	0	0
0.56960625	4.93877551020408	0	0
0.56960625	5.30612244897959	0	0
0.56960625	5.6734693877551	0.941777777777778	0
0.56960625	6.04081632653061	0.943555555555556	0
0.56960625	6.40816326530612	0.948355555555556	0.0010850271658429
0.56960625	6.77551020408163	0.950518518518518	0.0020793583477952
0.56960625	7.14285714285714	0.957811965811966	0.0008443821562549
0.56960625	7.51020408163265	0.957274074074074	0.0011228026857183
0.56960625	7.87755102040816	0.957037037037037	0.0009960140037909
0.56960625	8.24489795918367	0.962972222222222	0.001645935885225
0.56960625	8.61224489795918	0.960418300653595	0.0044194607287038
0.56960625	8.97959183673469	0.962143790849673	0.0009669669024265
0.56960625	9.3469387755102	0.963084967320261	0.0009079087766894
0.56960625	9.71428571428572	0.962666666666667	0.0010450978348395
0.56960625	10.0816326530612	0.966716049382716	0.00117369338247578
0.56960625	10.4489795918367	0.966969696969697	0.00109356767360997
0.56960625	10.8163265306122	0.961078649745316	0.0294293977940934
0.56960625	11.1836734693878	0.946120994688896	0.100326203725907
0.56960625	11.5510204081633	0.969207348234218	0.000992417187786555
0.56960625	11.9183673469388	0.967854184546995	0.00516712029178822
0.56960625	12.2857142857143	0.966497069460033	0.0159458031326278
0.56960625	12.6530612244898	0.969889683055375	0.00111420218202101
0.56960625	13.0204081632653	0.969510904516752	0.000992734498527869
0.56960625	13.3877551020408	0.970796906796907	0.00116962969693934
0.56960625	13.7551020408163	0.971470379940664	0.00103845178424244
0.56960625	14.1224489795918	0.972600631639391	0.000823639114746077
0.56960625	14.4897959183673	0.971039272820569	0.00102885674047307
0.56960625	14.8571428571429	0.969945714035549	0.0203427767498154
0.56960625	15.2244897959184	0.961969135802469	0.0681896346685448
0.56960625	15.5918367346939	0.971938806584362	0.00133867859497168
0.56960625	15.9591836734694	0.972431217622852	0.0010651060343374
0.56960625	16.3265306122449	0.969228274025659	0.0221458452230709
0.56960625	16.6938775510204	0.960219935985368	0.0753211045336778
0.56960625	17.0612244897959	0.974588020118884	0.000781001566665054
0.56960625	17.4285714285714	0.974431314912796	0.000705392948440035
0.56960625	17.7959183673469	0.97429012345679	0.000981095753252867
0.56960625	18.1632653061225	0.974955057396578	0.00101582625678566
0.56960625	18.530612244898	0.971958414554906	0.0177471834982414
0.56960625	18.8979591836735	0.964138767523321	0.0798348238713861
0.56960625	19.265306122449	0.966240102171137	0.0689233863621043
0.56960625	19.6326530612245	0.973500212856535	0.000865098817612388
0.56960625	20	0.977285653469562	0.000753883947352488
0.590802916666667	2	0	0
0.590802916666667	2.36734693877551	0	0
0.590802916666667	2.73469387755102	0	0
0.590802916666667	3.10204081632653	0	0
0.590802916666667	3.46938775510204	0	0
0.590802916666667	3.83673469387755	0	0
0.590802916666667	4.20408163265306	0	0
0.590802916666667	4.57142857142857	0	0
0.590802916666667	4.93877551020408	0	0
0.590802916666667	5.30612244897959	0	0
0.590802916666667	5.6734693877551	0	0
0.590802916666667	6.04081632653061	0	0
0.590802916666667	6.40816326530612	0.966333333333333	0.0018425693279752
0.590802916666667	6.77551020408163	0.97237037037037	0.0018399618293887
0.590802916666667	7.14285714285714	0.970698412698413	0.0011814472422811
0.590802916666667	7.51020408163265	0.976730158730159	0.0010023906923077
0.590802916666667	7.87755102040816	0.975940740740741	0.0010374602311118
0.590802916666667	8.24489795918367	0.978694444444444	0.0011702985796078
0.590802916666667	8.61224489795918	0.98075	0.0008566191080616
0.590802916666667	8.97959183673469	0.979805555555556	0.0008884547550955
0.590802916666667	9.3469387755102	0.980601307189542	0.0009989528457277
0.590802916666667	9.71428571428572	0.980808080808081	0.0010261353615515
0.590802916666667	10.0816326530612	0.981839800897272	0.000986914951872667
0.590802916666667	10.4489795918367	0.979297083220455	0.0237047364627684
0.590802916666667	10.8163265306122	0.969265993265993	0.0808787386370003
0.590802916666667	11.1836734693878	0.984877181400057	0.000935977392927788
0.590802916666667	11.5510204081633	0.984990708154107	0.0007212288687565
0.590802916666667	11.9183673469388	0.98022361506806	0.0268451892034901
0.590802916666667	12.2857142857143	0.967743209876543	0.102728906678011
0.590802916666667	12.6530612244898	0.980923927101705	0.0384589319294152
0.590802916666667	13.0204081632653	0.987554059109615	0.000706283151315064
0.590802916666667	13.3877551020408	0.986987106204161	0.000585441438453244
0.590802916666667	13.7551020408163	0.987122723067598	0.000689856384236522
0.590802916666667	14.1224489795918	0.987098619502087	0.000586942283905222
0.590802916666667	14.4897959183673	0.988065689519307	0.000588647199399489
0.590802916666667	14.8571428571429	0.987628915156291	0.000672643287010989
0.590802916666667	15.2244897959184	0.988314536380352	0.000704767931676266
0.590802916666667	15.5918367346939	0.987099867046534	0.00101864606554505
0.590802916666667	15.9591836734694	0.98601150997151	0.00215762988505313
0.590802916666667	16.3265306122449	0.987828090050835	0.000798801757713389
0.590802916666667	16.6938775510204	0.988665437685045	0.000693720968634211
0.590802916666667	17.0612244897959	0.98745466733702	0.000787387963500732
0.590802916666667	17.4285714285714	0.988305010893246	0.000596405795875899
0.590802916666667	17.7959183673469	0.986847891917074	0.000530427116926877
0.590802916666667	18.1632653061225	0.988088516189145	0.000833867877561823
0.590802916666667	18.530612244898	0.987892848823666	0.000814810393194339
0.590802916666667	18.8979591836735	0.989277186807119	0.00058967361007469
0.590802916666667	19.265306122449	0.988733424782807	0.000746404800880257
0.590802916666667	19.6326530612245	0.987172055653537	0.00114534765900274
0.590802916666667	20	0.98700186165001	0.00347972822663774
0.596947361111111	2	0	0
0.596947361111111	2.36734693877551	0	0
0.596947361111111	2.73469387755102	0	0
0.596947361111111	3.10204081632653	0	0
0.596947361111111	3.46938775510204	0	0
0.596947361111111	3.83673469387755	0	0
0.596947361111111	4.20408163265306	0	0
0.596947361111111	4.57142857142857	0	0
0.596947361111111	4.93877551020408	0	0
0.596947361111111	5.30612244897959	0	0
0.596947361111111	5.6734693877551	0.932888888888889	0
0.596947361111111	6.04081632653061	0.939444444444444	0.0013099806802835
0.596947361111111	6.40816326530612	0.942722222222222	0.0016694421334796
0.596947361111111	6.77551020408163	0.946909090909091	0.001508537753745
0.596947361111111	7.14285714285714	0.949809523809524	0.0015529618804616
0.596947361111111	7.51020408163265	0.951496296296296	0.0012969522150067
0.596947361111111	7.87755102040816	0.956059259259259	0.0015212441662807
0.596947361111111	8.24489795918367	0.954722222222222	0.0006260793149769
0.596947361111111	8.61224489795918	0.959083333333333	0.0007930056902011
0.596947361111111	8.97959183673469	0.958954248366013	0.0010986615105595
0.596947361111111	9.3469387755102	0.958949494949495	0.0012960820147349
0.596947361111111	9.71428571428572	0.960551111111111	0.001187789730737
0.596947361111111	10.0816326530612	0.9585817630496	0.00104531936090105
0.596947361111111	10.4489795918367	0.960909007773205	0.0012248157181792
0.596947361111111	10.8163265306122	0.96132732379646	0.00112231253317788
0.596947361111111	11.1836734693878	0.961126436781609	0.00126899007267087
0.596947361111111	11.5510204081633	0.962727568677535	0.00114544030637237
0.596947361111111	11.9183673469388	0.963253812636166	0.00110703778527707
0.596947361111111	12.2857142857143	0.962416666666667	0.000874017822832802
0.596947361111111	12.6530612244898	0.962633744855967	0.000993689667879144
0.596947361111111	13.0204081632653	0.963796771130105	0.000838664103532047
0.596947361111111	13.3877551020408	0.963507439062995	0.000944296063957012
0.596947361111111	13.7551020408163	0.965057915001068	0.000802207278389256
0.596947361111111	14.1224489795918	0.96291746305183	0.000906361741368589
0.596947361111111	14.4897959183673	0.965498467734874	0.000858212562732011
0.596947361111111	14.8571428571429	0.965078014184397	0.000769704180944011
0.596947361111111	15.2244897959184	0.964851155194664	0.000862137795495089
0.596947361111111	15.5918367346939	0.964101449275362	0.000861725082672756
0.596947361111111	15.9591836734694	0.967194320987654	0.000908053067918145
0.596947361111111	16.3265306122449	0.966845761316872	0.000823978130010233
0.596947361111111	16.6938775510204	0.968313706869262	0.0031960050123355
0.596947361111111	17.0612244897959	0.964906616017727	0.00946281794786836
0.596947361111111	17.4285714285714	0.966288065843621	0.000990471056876809
0.596947361111111	17.7959183673469	0.967735657225853	0.000754624396320911
0.596947361111111	18.1632653061225	0.968144126026479	0.000707047418724499
0.596947361111111	18.530612244898	0.966438423910122	0.00570011395413038
0.596947361111111	18.8979591836735	0.964311311795589	0.018315932657785
0.596947361111111	19.265306122449	0.9681726636418	0.000790062565044023
0.596947361111111	19.6326530612245	0.967902149062643	0.000764935046218423
0.596947361111111	20	0.967869227251943	0.000821341691820623
0.602449583333333	2	0	0
0.602449583333333	2.36734693877551	0	0
0.602449583333333	2.73469387755102	0	0
0.602449583333333	3.10204081632653	0	0
0.602449583333333	3.46938775510204	0	0
0.602449583333333	3.83673469387755	0	0
0.602449583333333	4.20408163265306	0	0
0.602449583333333	4.57142857142857	0	0
0.602449583333333	4.93877551020408	0	0
0.602449583333333	5.30612244897959	0	0
0.602449583333333	5.6734693877551	0.969555555555556	0.0015555555555555
0.602449583333333	6.04081632653061	0.975288888888889	0.0012122828175098
0.602449583333333	6.40816326530612	0.975851851851852	0.0009369711585684
0.602449583333333	6.77551020408163	0.977575757575758	0.0010946438128601
0.602449583333333	7.14285714285714	0.980888888888889	0.0010490610566259
0.602449583333333	7.51020408163265	0.982874074074074	0.0011687752843446
0.602449583333333	7.87755102040816	0.982992592592593	0.0010821915477185
0.602449583333333	8.24489795918367	0.985083333333333	0.0010057703883462
0.602449583333333	8.61224489795918	0.986248366013072	0.0008950192297319
0.602449583333333	8.97959183673469	0.985751633986928	0.0009816984761055
0.602449583333333	9.3469387755102	0.987160493827161	0.0005716462668044
0.602449583333333	9.71428571428572	0.987506172839506	0.0006265964217505
0.602449583333333	10.0816326530612	0.986765432098765	0.00101167373562756
0.602449583333333	10.4489795918367	0.987750617283951	0.000785453820941266
0.602449583333333	10.8163265306122	0.988992386831276	0.000598490373046378
0.602449583333333	11.1836734693878	0.988721208112875	0.000689480204512968
0.602449583333333	11.5510204081633	0.989074897119341	0.000879268270775555
0.602449583333333	11.9183673469388	0.989854700854701	0.000668816498027667
0.602449583333333	12.2857142857143	0.989894203695373	0.000619237077784299
0.602449583333333	12.6530612244898	0.989541520467836	0.000537468037637401
0.602449583333333	13.0204081632653	0.989741824751581	0.000663947591601157
0.602449583333333	13.3877551020408	0.99008079662192	0.000731178135481767
0.602449583333333	13.7551020408163	0.988407643474655	0.000815814187976123
0.602449583333333	14.1224489795918	0.987928716107755	0.00102402175042131
0.602449583333333	14.4897959183673	0.98994908692226	0.000565651826642233
0.602449583333333	14.8571428571429	0.989937555913401	0.000594865589431489
0.602449583333333	15.2244897959184	0.99059316872428	0.000551816529557044
0.602449583333333	15.5918367346939	0.990838073105786	0.000489416264088478
0.602449583333333	15.9591836734694	0.990101126870501	0.000705206745009722
0.602449583333333	16.3265306122449	0.990087906767645	0.000648200043385611
0.602449583333333	16.6938775510204	0.990350408729494	0.000527602723222167
0.602449583333333	17.0612244897959	0.991392176889032	0.000595774188933233
0.602449583333333	17.4285714285714	0.990767295597484	0.000592934514688356
0.602449583333333	17.7959183673469	0.99002320055905	0.000624136834184467
0.602449583333333	18.1632653061225	0.991542021033379	0.000663829771780444
0.602449583333333	18.530612244898	0.99105117013759	0.000565927242250487
0.602449583333333	18.8979591836735	0.99163924963925	0.000493725449187134
0.602449583333333	19.265306122449	0.991478665800303	0.000702517294828211
0.602449583333333	19.6326530612245	0.991391379683777	0.000659599211496975
0.602449583333333	20	0.991459605804635	0.000364826417601875
0.615724027777778	2	0	0
0.615724027777778	2.36734693877551	0	0
0.615724027777778	2.73469387755102	0	0
0.615724027777778	3.10204081632653	0	0
0.615724027777778	3.46938775510204	0	0
0.615724027777778	3.83673469387755	0	0
0.615724027777778	4.20408163265306	0	0
0.615724027777778	4.57142857142857	0	0
0.615724027777778	4.93877551020408	0	0
0.615724027777778	5.30612244897959	0	0
0.615724027777778	5.6734693877551	0.946666666666667	0
0.615724027777778	6.04081632653061	0.958	0.0020487876571761
0.615724027777778	6.40816326530612	0.95758024691358	0.0014831266585364
0.615724027777778	6.77551020408163	0.964222222222222	0.0012429696476477
0.615724027777778	7.14285714285714	0.965936507936508	0.001274989563684
0.615724027777778	7.51020408163265	0.971051851851852	0.0010246883831579
0.615724027777778	7.87755102040816	0.96957037037037	0.0010246883831579
0.615724027777778	8.24489795918367	0.969972222222222	0.001439896686966
0.615724027777778	8.61224489795918	0.972967320261438	0.0010696613095675
0.615724027777778	8.97959183673469	0.974972222222222	0.0013491538271756
0.615724027777778	9.3469387755102	0.973814814814815	0.001017676419558
0.615724027777778	9.71428571428572	0.976777777777778	0.0009449889497906
0.615724027777778	10.0816326530612	0.976615486495436	0.0082756384812944
0.615724027777778	10.4489795918367	0.978844189016603	0.000880523623500967
0.615724027777778	10.8163265306122	0.978617845117845	0.00086980855204
0.615724027777778	11.1836734693878	0.979147025813693	0.000774424926771967
0.615724027777778	11.5510204081633	0.979945419103314	0.0007593412685971
0.615724027777778	11.9183673469388	0.980913023298988	0.000798806982996211
0.615724027777778	12.2857142857143	0.979291005291005	0.000702663974338879
0.615724027777778	12.6530612244898	0.976607622114868	0.0166368437673736
0.615724027777778	13.0204081632653	0.972369101644464	0.0562056272558578
0.615724027777778	13.3877551020408	0.980255892255892	0.000740237217430944
0.615724027777778	13.7551020408163	0.979673496191227	0.000852838345636944
0.615724027777778	14.1224489795918	0.9797646440767	0.000792578795363244
0.615724027777778	14.4897959183673	0.979760141093474	0.000840604660210289
0.615724027777778	14.8571428571429	0.979207977207977	0.000862160109713088
0.615724027777778	15.2244897959184	0.980452991452991	0.000732400649460322
0.615724027777778	15.5918367346939	0.981301923956245	0.000747560886454222
0.615724027777778	15.9591836734694	0.981190654899017	0.000697004239265811
0.615724027777778	16.3265306122449	0.980839506172839	0.000806889235871656
0.615724027777778	16.6938775510204	0.981540328809445	0.000854930721177144
0.615724027777778	17.0612244897959	0.981880607242011	0.000922574506890152
0.615724027777778	17.4285714285714	0.981779284912618	0.000593679186021091
0.615724027777778	17.7959183673469	0.980619124972926	0.000811993652047722
0.615724027777778	18.1632653061225	0.980770704965906	0.00064237173858379
0.615724027777778	18.530612244898	0.977154412211883	0.0304115565464508
0.615724027777778	18.8979591836735	0.963007662835249	0.104706010419353
0.615724027777778	19.265306122449	0.982074074074074	0.000820864431666569
0.615724027777778	19.6326530612245	0.982012801266683	0.000698656809659303
0.615724027777778	20	0.982863510415033	0.0010463179796486
0.634644027777778	2	0	0
0.634644027777778	2.36734693877551	0	0
0.634644027777778	2.73469387755102	0	0
0.634644027777778	3.10204081632653	0	0
0.634644027777778	3.46938775510204	0	0
0.634644027777778	3.83673469387755	0	0
0.634644027777778	4.20408163265306	0	0
0.634644027777778	4.57142857142857	0	0
0.634644027777778	4.93877551020408	0	0
0.634644027777778	5.30612244897959	0	0
0.634644027777778	5.6734693877551	0	0
0.634644027777778	6.04081632653061	0	0
0.634644027777778	6.40816326530612	0.972888888888889	0.0007950463919999
0.634644027777778	6.77551020408163	0.977555555555556	0.0009938079899999
0.634644027777778	7.14285714285714	0.97825641025641	0.0022219592217807
0.634644027777778	7.51020408163265	0.978825396825397	0.0006636363479481
0.634644027777778	7.87755102040816	0.980296296296296	0.0010966966236042
0.634644027777778	8.24489795918367	0.981388888888889	0.0010872436550434
0.634644027777778	8.61224489795918	0.981722222222222	0.0007677930533936
0.634644027777778	8.97959183673469	0.985333333333333	0.0008209316846069
0.634644027777778	9.3469387755102	0.984287581699346	0.0010219513874871
0.634644027777778	9.71428571428572	0.984444444444445	0.0008888888888888
0.634644027777778	10.0816326530612	0.984871459694989	0.000593932795963445
0.634644027777778	10.4489795918367	0.98557831033648	0.000676624718417613
0.634644027777778	10.8163265306122	0.985681755829904	0.00109824672765664
0.634644027777778	11.1836734693878	0.985787379972565	0.000725201025383066
0.634644027777778	11.5510204081633	0.986593991769547	0.000512985896292245
0.634644027777778	11.9183673469388	0.986768172043011	0.000572182404663323
0.634644027777778	12.2857142857143	0.985408602150537	0.000760707703233911
0.634644027777778	12.6530612244898	0.985979985035541	0.000690987416496578
0.634644027777778	13.0204081632653	0.986846240179573	0.000648481470076466
0.634644027777778	13.3877551020408	0.984554932036414	0.0148406694510059
0.634644027777778	13.7551020408163	0.979293552812071	0.0503892001473171
0.634644027777778	14.1224489795918	0.987410966522077	0.000599284497960222
0.634644027777778	14.4897959183673	0.987408341675008	0.0006960495829369
0.634644027777778	14.8571428571429	0.987333333333333	0.000608458394739944
0.634644027777778	15.2244897959184	0.98733830031582	0.000623033670523856
0.634644027777778	15.5918367346939	0.987719572990891	0.000603373359186389
0.634644027777778	15.9591836734694	0.98794802344432	0.000648338349913177
0.634644027777778	16.3265306122449	0.987628240375915	0.000922949070500412
0.634644027777778	16.6938775510204	0.988286358462481	0.000611994972155711
0.634644027777778	17.0612244897959	0.989854938271605	0.000625508176776676
0.634644027777778	17.4285714285714	0.9877239648946	0.000462181405579257
0.634644027777778	17.7959183673469	0.988559576719577	0.0005981192409582
0.634644027777778	18.1632653061225	0.988401955152431	0.000600337253771989
0.634644027777778	18.530612244898	0.989652692986026	0.000607718664635421
0.634644027777778	18.8979591836735	0.988233062767654	0.000531734745300033
0.634644027777778	19.265306122449	0.987591721234395	0.000454064527384567
0.634644027777778	19.6326530612245	0.988291033637877	0.000480071160370612
0.634644027777778	20	0.98941549982314	0.000558066523242912
0.635734027777778	2	0	0
0.635734027777778	2.36734693877551	0	0
0.635734027777778	2.73469387755102	0	0
0.635734027777778	3.10204081632653	0	0
0.635734027777778	3.46938775510204	0	0
0.635734027777778	3.83673469387755	0	0
0.635734027777778	4.20408163265306	0	0
0.635734027777778	4.57142857142857	0	0
0.635734027777778	4.93877551020408	0	0
0.635734027777778	5.30612244897959	0	0
0.635734027777778	5.6734693877551	0.943111111111111	0.0017777777777777
0.635734027777778	6.04081632653061	0.943619047619048	0.0023207196041266
0.635734027777778	6.40816326530612	0.949234567901235	0.0018358153378213
0.635734027777778	6.77551020408163	0.948888888888889	0.0011898058077191
0.635734027777778	7.14285714285714	0.954857142857143	0.0011962821385026
0.635734027777778	7.51020408163265	0.954577777777778	0.0015413104359869
0.635734027777778	7.87755102040816	0.956361111111111	0.0012193780037582
0.635734027777778	8.24489795918367	0.960722222222222	0.0008871510790372
0.635734027777778	8.61224489795918	0.96002614379085	0.0012977436492539
0.635734027777778	8.97959183673469	0.960611111111111	0.0010005142710548
0.635734027777778	9.3469387755102	0.962156378600823	0.0010384731058823
0.635734027777778	9.71428571428572	0.9635	0.0010289032876362
0.635734027777778	10.0816326530612	0.961568017338132	0.00143233447010886
0.635734027777778	10.4489795918367	0.962130268199234	0.00147038651216628
0.635734027777778	10.8163265306122	0.963801367290211	0.00272051265838202
0.635734027777778	11.1836734693878	0.966357298474945	0.000888453953757222
0.635734027777778	11.5510204081633	0.968048253046074	0.0008276367503779
0.635734027777778	11.9183673469388	0.968130612093575	0.000855403945641079
0.635734027777778	12.2857142857143	0.96761441783664	0.000960956796887676
0.635734027777778	12.6530612244898	0.967487432731877	0.000737956990466812
0.635734027777778	13.0204081632653	0.965943092298648	0.000886958860287589
0.635734027777778	13.3877551020408	0.966634493078938	0.000837421956533111
0.635734027777778	13.7551020408163	0.966972849057956	0.0007473845640505
0.635734027777778	14.1224489795918	0.968283734640866	0.000778231520174011
0.635734027777778	14.4897959183673	0.967101818287949	0.000818482639645611
0.635734027777778	14.8571428571429	0.967596532702916	0.000824716085043411
0.635734027777778	15.2244897959184	0.966976159705805	0.00131320475466697
0.635734027777778	15.5918367346939	0.968410864197531	0.00241073894721659
0.635734027777778	15.9591836734694	0.970570256410256	0.000788024460113644
0.635734027777778	16.3265306122449	0.968577397910731	0.000826000619816367
0.635734027777778	16.6938775510204	0.966746438746439	0.00807241799930952
0.635734027777778	17.0612244897959	0.965622749018975	0.0258121303750354
0.635734027777778	17.4285714285714	0.96817316734391	0.000833481875027544
0.635734027777778	17.7959183673469	0.969367917861745	0.000770361846902289
0.635734027777778	18.1632653061225	0.969532307198974	0.00059854794237238
0.635734027777778	18.530612244898	0.970460269360269	0.000762115432736
0.635734027777778	18.8979591836735	0.97187240660574	0.000772861353751945
0.635734027777778	19.265306122449	0.97172679469593	0.000833180540151867
0.635734027777778	19.6326530612245	0.969897837873147	0.000787285880674933
0.635734027777778	20	0.969845515709713	0.000747612406129033
0.68101625	2	0	0
0.68101625	2.36734693877551	0	0
0.68101625	2.73469387755102	0	0
0.68101625	3.10204081632653	0	0
0.68101625	3.46938775510204	0	0
0.68101625	3.83673469387755	0	0
0.68101625	4.20408163265306	0	0
0.68101625	4.57142857142857	0	0
0.68101625	4.93877551020408	0	0
0.68101625	5.30612244897959	0	0
0.68101625	5.6734693877551	0.958222222222222	0
0.68101625	6.04081632653061	0.967259259259259	0.00075541029831
0.68101625	6.40816326530612	0.967703703703704	0.0010475656017578
0.68101625	6.77551020408163	0.968929292929293	0.000937164727656
0.68101625	7.14285714285714	0.973396825396825	0.0017924564080626
0.68101625	7.51020408163265	0.975466666666666	0.0013104204081479
0.68101625	7.87755102040816	0.974472222222222	0.0008160239345315
0.68101625	8.24489795918367	0.976617283950617	0.0010697372356757
0.68101625	8.61224489795918	0.977567251461988	0.0009385919367363
0.68101625	8.97959183673469	0.979812865497076	0.0009268590763115
0.68101625	9.3469387755102	0.980561403508772	0.0010180142758825
0.68101625	9.71428571428572	0.980155555555555	0.0008919392106839
0.68101625	10.0816326530612	0.981285518322556	0.000796930505715177
0.68101625	10.4489795918367	0.980497119341564	0.000963970565948956
0.68101625	10.8163265306122	0.981614814814815	0.000983678138283854
0.68101625	11.1836734693878	0.982268312757202	0.000644858129989656
0.68101625	11.5510204081633	0.981740305010893	0.000625583563150211
0.68101625	11.9183673469388	0.979658968772694	0.0203443085656781
0.68101625	12.2857142857143	0.970237704371038	0.0697198262065812
0.68101625	12.6530612244898	0.982269002335669	0.000646047292065932
0.68101625	13.0204081632653	0.983275308641975	0.000506254175029657
0.68101625	13.3877551020408	0.984939858906526	0.0006459641659662
0.68101625	13.7551020408163	0.984752498530276	0.000689089541667544
0.68101625	14.1224489795918	0.983652824541713	0.000660826801740233
0.68101625	14.4897959183673	0.984173363262252	0.000598398861407466
0.68101625	14.8571428571429	0.984978922884237	0.000546260679463322
0.68101625	15.2244897959184	0.9837429449184	0.000590041442217889
0.68101625	15.5918367346939	0.984933361208944	0.000753462948630035
0.68101625	15.9591836734694	0.983873015873016	0.00116785653916573
0.68101625	16.3265306122449	0.983627208908255	0.000561825030555722
0.68101625	16.6938775510204	0.984040668119099	0.000620844487630655
0.68101625	17.0612244897959	0.984670055676592	0.000688782943022388
0.68101625	17.4285714285714	0.985055864869954	0.000603389155699923
0.68101625	17.7959183673469	0.985315957933242	0.000705617393052478
0.68101625	18.1632653061225	0.983994121105232	0.000545345258972678
0.68101625	18.530612244898	0.983763668430335	0.000565575185223232
0.68101625	18.8979591836735	0.984442711717566	0.0004724810990289
0.68101625	19.265306122449	0.986153779510505	0.000490862263646399
0.68101625	19.6326530612245	0.985872211392679	0.000717857901448581
0.68101625	20	0.985560320554473	0.00112894695949708
0.689149583333333	2	0	0
0.689149583333333	2.36734693877551	0	0
0.689149583333333	2.73469387755102	0	0
0.689149583333333	3.10204081632653	0	0
0.689149583333333	3.46938775510204	0	0
0.689149583333333	3.83673469387755	0	0
0.689149583333333	4.20408163265306	0	0
0.689149583333333	4.57142857142857	0	0
0.689149583333333	4.93877551020408	0	0
0.689149583333333	5.30612244897959	0	0
0.689149583333333	5.6734693877551	0.934444444444444	0.0002222222222222
0.689149583333333	6.04081632653061	0.938984126984127	0.0015885709210408
0.689149583333333	6.40816326530612	0.940848484848485	0.0013725485051687
0.689149583333333	6.77551020408163	0.943555555555555	0.0011823327497976
0.689149583333333	7.14285714285714	0.946192592592593	0.0008957757900936
0.689149583333333	7.51020408163265	0.946694444444444	0.0014863058024079
0.689149583333333	7.87755102040816	0.9495	0.000844371341865
0.689149583333333	8.24489795918367	0.952666666666667	0.0014907119849998
0.689149583333333	8.61224489795918	0.950823529411765	0.0035618936204554
0.689149583333333	8.97959183673469	0.954875816993464	0.0011521079496225
0.689149583333333	9.3469387755102	0.955137254901961	0.001027953111181
0.689149583333333	9.71428571428572	0.955025641025641	0.0009549728357923
0.689149583333333	10.0816326530612	0.956927827444302	0.000962550874820877
0.689149583333333	10.4489795918367	0.958156636608744	0.00113984856881472
0.689149583333333	10.8163265306122	0.956058062102507	0.00128977091043307
0.689149583333333	11.1836734693878	0.959775118708452	0.000932316696117333
0.689149583333333	11.5510204081633	0.960202256039654	0.0008670439374104
0.689149583333333	11.9183673469388	0.958443225982648	0.000968791842077644
0.689149583333333	12.2857142857143	0.960663850265917	0.000881351133635866
0.689149583333333	12.6530612244898	0.960110836762688	0.0141616629294523
0.689149583333333	13.0204081632653	0.955129019642179	0.0475533714599034
0.689149583333333	13.3877551020408	0.96084073198494	0.000955136907530478
0.689149583333333	13.7551020408163	0.960361216091375	0.000883036525619155
0.689149583333333	14.1224489795918	0.960368858654573	0.000835429006369989
0.689149583333333	14.4897959183673	0.961448650115317	0.00108878654988121
0.689149583333333	14.8571428571429	0.963691358024691	0.00172229264582744
0.689149583333333	15.2244897959184	0.965014245014245	0.000890924462836766
0.689149583333333	15.5918367346939	0.962859062291161	0.000765313670753089
0.689149583333333	15.9591836734694	0.963109282121628	0.000936018686090856
0.689149583333333	16.3265306122449	0.965818930041152	0.000928111790864311
0.689149583333333	16.6938775510204	0.964207624815591	0.000896190387137022
0.689149583333333	17.0612244897959	0.966493947942818	0.000934633085547444
0.689149583333333	17.4285714285714	0.96705532693187	0.000889095082411955
0.689149583333333	17.7959183673469	0.965671696387746	0.000810995317842811
0.689149583333333	18.1632653061225	0.964763702872345	0.00100063112902938
0.689149583333333	18.530612244898	0.963858602485763	0.00129853188769327
0.689149583333333	18.8979591836735	0.966305108700171	0.000760311604809033
0.689149583333333	19.265306122449	0.965270963604297	0.0070790513758104
0.689149583333333	19.6326530612245	0.965009988776655	0.0231447403468227
0.689149583333333	20	0.966090652557319	-0.00562145949093665
0.717087361111111	2	0	0
0.717087361111111	2.36734693877551	0	0
0.717087361111111	2.73469387755102	0	0
0.717087361111111	3.10204081632653	0	0
0.717087361111111	3.46938775510204	0	0
0.717087361111111	3.83673469387755	0	0
0.717087361111111	4.20408163265306	0	0
0.717087361111111	4.57142857142857	0	0
0.717087361111111	4.93877551020408	0	0
0.717087361111111	5.30612244897959	0	0
0.717087361111111	5.6734693877551	0.950222222222222	0
0.717087361111111	6.04081632653061	0.955377777777778	0.0011792443699041
0.717087361111111	6.40816326530612	0.955422222222222	0.0011933974739642
0.717087361111111	6.77551020408163	0.956793650793651	0.0053890700579687
0.717087361111111	7.14285714285714	0.935259259259259	0.0930571811171818
0.717087361111111	7.51020408163265	0.962814814814815	0.0010091488216845
0.717087361111111	7.87755102040816	0.966305555555556	0.0010566514778672
0.717087361111111	8.24489795918367	0.963472222222222	0.0010209986638605
0.717087361111111	8.61224489795918	0.964138888888889	0.0014029840332415
0.717087361111111	8.97959183673469	0.965934640522876	0.0009989528457277
0.717087361111111	9.3469387755102	0.967597883597884	0.0010615819008664
0.717087361111111	9.71428571428572	0.9703961352657	0.001038096697087
0.717087361111111	10.0816326530612	0.967324022114146	0.000885274862330378
0.717087361111111	10.4489795918367	0.96979209435063	0.000760672345097023
0.717087361111111	10.8163265306122	0.970071690080886	0.00100945400767638
0.717087361111111	11.1836734693878	0.969797530864198	0.000968240334329656
0.717087361111111	11.5510204081633	0.969867372134039	0.000984967514282911
0.717087361111111	11.9183673469388	0.970632985121874	0.000791041805660989
0.717087361111111	12.2857142857143	0.969568850902184	0.000727135376558011
0.717087361111111	12.6530612244898	0.969985058562836	0.000691697127765311
0.717087361111111	13.0204081632653	0.9690759553204	0.00893293592117579
0.717087361111111	13.3877551020408	0.965641601197157	0.0298537413012477
0.717087361111111	13.7551020408163	0.971399102132436	0.000822325118520266
0.717087361111111	14.1224489795918	0.972029209351195	0.000618091775239866
0.717087361111111	14.4897959183673	0.971725768321513	0.000907616295659622
0.717087361111111	14.8571428571429	0.971560893091673	0.000767788156309933
0.717087361111111	15.2244897959184	0.972032744539411	0.000655856804174556
0.717087361111111	15.5918367346939	0.971679030966613	0.000684731430177622
0.717087361111111	15.9591836734694	0.971772096492918	0.0007284779019777
0.717087361111111	16.3265306122449	0.97184572892749	0.0007836971015677
0.717087361111111	16.6938775510204	0.969547420666917	0.0229957356011926
0.717087361111111	17.0612244897959	0.963060509953592	0.0785689864705167
0.717087361111111	17.4285714285714	0.970734887660674	0.0207403145564512
0.717087361111111	17.7959183673469	0.963942736001995	0.0751988618667483
0.717087361111111	18.1632653061225	0.970608554682629	0.0170368441485878
0.717087361111111	18.530612244898	0.972668013468013	0.000645223140790888
0.717087361111111	18.8979591836735	0.973562721868895	0.0006153029785755
0.717087361111111	19.265306122449	0.974564700502972	0.000610627582825667
0.717087361111111	19.6326530612245	0.969097081930415	0.0234754102802532
0.717087361111111	20	0.958283950617284	0.12638757851273
0.723135138888889	2	0	0
0.723135138888889	2.36734693877551	0	0
0.723135138888889	2.73469387755102	0	0
0.723135138888889	3.10204081632653	0	0
0.723135138888889	3.46938775510204	0	0
0.723135138888889	3.83673469387755	0	0
0.723135138888889	4.20408163265306	0	0
0.723135138888889	4.57142857142857	0	0
0.723135138888889	4.93877551020408	0	0
0.723135138888889	5.30612244897959	0	0
0.723135138888889	5.6734693877551	0	0
0.723135138888889	6.04081632653061	0.950074074074074	0.0021263259399121
0.723135138888889	6.40816326530612	0.954666666666667	0.0024944382578493
0.723135138888889	6.77551020408163	0.957866666666667	0.0019955506062794
0.723135138888889	7.14285714285714	0.960615384615385	0.0011099270482562
0.723135138888889	7.51020408163265	0.960918518518519	0.0017438742482443
0.723135138888889	7.87755102040816	0.963	0.0011706281947614
0.723135138888889	8.24489795918367	0.964194444444444	0.0009554101956622
0.723135138888889	8.61224489795918	0.967581699346405	0.0010050919104178
0.723135138888889	8.97959183673469	0.969019607843137	0.0009733077369404
0.723135138888889	9.3469387755102	0.966457516339869	0.0012206658854827
0.723135138888889	9.71428571428572	0.967346405228758	0.0011521079496225
0.723135138888889	10.0816326530612	0.970145404663923	0.000727988059866355
0.723135138888889	10.4489795918367	0.971615912208505	0.000874823086673311
0.723135138888889	10.8163265306122	0.970053181386515	0.000784008498850322
0.723135138888889	11.1836734693878	0.969278041574338	0.000758008026200111
0.723135138888889	11.5510204081633	0.971779345483049	0.000722445498475245
0.723135138888889	11.9183673469388	0.972827160493827	0.000787806429306578
0.723135138888889	12.2857142857143	0.971006770211072	0.00205951829513791
0.723135138888889	12.6530612244898	0.970756811207159	0.00505403331929839
0.723135138888889	13.0204081632653	0.97394941383961	0.000707415135056311
0.723135138888889	13.3877551020408	0.97397037037037	0.000732809208337466
0.723135138888889	13.7551020408163	0.973002599090318	0.000843161801600711
0.723135138888889	14.1224489795918	0.972648602988954	0.000882224592291078
0.723135138888889	14.4897959183673	0.973681511592894	0.000746093845456767
0.723135138888889	14.8571428571429	0.972583438723276	0.000711277236461188
0.723135138888889	15.2244897959184	0.973897393689986	0.000599587163324312
0.723135138888889	15.5918367346939	0.973798628257888	0.000720180801805055
0.723135138888889	15.9591836734694	0.973547187928669	0.000619159826377478
0.723135138888889	16.3265306122449	0.97514037037037	0.000620962244949288
0.723135138888889	16.6938775510204	0.974650057949106	0.000878750050823356
0.723135138888889	17.0612244897959	0.973630874572051	0.000631633819400622
0.723135138888889	17.4285714285714	0.974462357782619	0.000722899406802468
0.723135138888889	17.7959183673469	0.976094999865516	0.00357634593822844
0.723135138888889	18.1632653061225	0.974018755769513	0.0101093860294798
0.723135138888889	18.530612244898	0.97641173157148	0.00047403162285437
0.723135138888889	18.8979591836735	0.974208787463109	0.000661435594043467
0.723135138888889	19.265306122449	0.976396973853764	0.000740501403745809
0.723135138888889	19.6326530612245	0.974551739618406	0.014066657250714
0.723135138888889	20	0.967125476992144	0.0731057027816358
0.724107361111111	2	0	0
0.724107361111111	2.36734693877551	0	0
0.724107361111111	2.73469387755102	0	0
0.724107361111111	3.10204081632653	0	0
0.724107361111111	3.46938775510204	0	0
0.724107361111111	3.83673469387755	0	0
0.724107361111111	4.20408163265306	0	0
0.724107361111111	4.57142857142857	0	0
0.724107361111111	4.93877551020408	0	0
0.724107361111111	5.30612244897959	0	0
0.724107361111111	5.6734693877551	0	0
0.724107361111111	6.04081632653061	0.944148148148148	0.0004190262407031
0.724107361111111	6.40816326530612	0.94962962962963	0.00075541029831
0.724107361111111	6.77551020408163	0.949518518518518	0.0012630661411096
0.724107361111111	7.14285714285714	0.953807407407407	0.0006585514302486
0.724107361111111	7.51020408163265	0.954222222222222	0.0008114408259335
0.724107361111111	7.87755102040816	0.954194444444444	0.0008084240117141
0.724107361111111	8.24489795918367	0.956305555555556	0.0008709119670328
0.724107361111111	8.61224489795918	0.95683660130719	0.0003999230991053
0.724107361111111	8.97959183673469	0.957751633986928	0.0007385331708144
0.724107361111111	9.3469387755102	0.956313725490196	0.0012641273101946
0.724107361111111	9.71428571428572	0.956993464052288	0.00072357398709
0.724107361111111	10.0816326530612	0.927828128782377	0.132264055582069
0.724107361111111	10.4489795918367	0.959710620050489	0.000902452744300644
0.724107361111111	10.8163265306122	0.959974560419005	0.000897036881598489
0.724107361111111	11.1836734693878	0.960303671637005	0.00084166718340501
0.724107361111111	11.5510204081633	0.961183056619838	0.000668836748886967
0.724107361111111	11.9183673469388	0.960072796934866	0.000869059899695455
0.724107361111111	12.2857142857143	0.955916578483245	0.0279504664739253
0.724107361111111	12.6530612244898	0.945595995995996	0.0957583728505666
0.724107361111111	13.0204081632653	0.961791054212107	0.00096221340782003
0.724107361111111	13.3877551020408	0.962617949571309	0.000777319475574555
0.724107361111111	13.7551020408163	0.959292339796783	0.0194297632813747
0.724107361111111	14.1224489795918	0.950544166905924	0.0708645397439516
0.724107361111111	14.4897959183673	0.958892525600536	0.020046033548955
0.724107361111111	14.8571428571429	0.959746884869366	0.0143697087409825
0.724107361111111	15.2244897959184	0.95496639828234	0.048786546246499
0.724107361111111	15.5918367346939	0.962643573686408	0.000832506714072745
0.724107361111111	15.9591836734694	0.962402334880192	0.0008231375100659
0.724107361111111	16.3265306122449	0.963976884686105	0.000664042178997789
0.724107361111111	16.6938775510204	0.963248196047529	0.000736194978196811
0.724107361111111	17.0612244897959	0.96327501256913	0.00120111176168312
0.724107361111111	17.4285714285714	0.962582853844292	0.00177799526649078
0.724107361111111	17.7959183673469	0.963629145485355	0.000606363923556278
0.724107361111111	18.1632653061225	0.964070977377674	0.00117735227487325
0.724107361111111	18.530612244898	0.961702306079664	0.00271687905847659
0.724107361111111	18.8979591836735	0.963326931870142	0.000735872079813912
0.724107361111111	19.265306122449	0.963697171598406	0.000856100971521177
0.724107361111111	19.6326530612245	0.959661503928171	0.0232851985545193
0.724107361111111	20	0.94756684303351	0.124073697348678
0.751305138888889	2	0	0
0.751305138888889	2.36734693877551	0	0
0.751305138888889	2.73469387755102	0	0
0.751305138888889	3.10204081632653	0	0
0.751305138888889	3.46938775510204	0	0
0.751305138888889	3.83673469387755	0	0
0.751305138888889	4.20408163265306	0	0
0.751305138888889	4.57142857142857	0	0
0.751305138888889	4.93877551020408	0	0
0.751305138888889	5.30612244897959	0	0
0.751305138888889	5.6734693877551	0.929185185185185	0.00137386940674
0.751305138888889	6.04081632653061	0.93562962962963	0.0016907721793353
0.751305138888889	6.40816326530612	0.935838383838384	0.0015999183735937
0.751305138888889	6.77551020408163	0.941206349206349	0.0018962773997546
0.751305138888889	7.14285714285714	0.941714285714286	0.0016702154206941
0.751305138888889	7.51020408163265	0.945861111111111	0.0008637951003036
0.751305138888889	7.87755102040816	0.94325	0.0010507933510765
0.751305138888889	8.24489795918367	0.943529411764706	0.0010503168327634
0.751305138888889	8.61224489795918	0.945098039215686	0.0010464050246373
0.751305138888889	8.97959183673469	0.947843137254902	0.0007912546902181
0.751305138888889	9.3469387755102	0.949377777777778	0.0009097550884648
0.751305138888889	9.71428571428572	0.949475555555556	0.0010190869794109
0.751305138888889	10.0816326530612	0.950523827160494	0.00113372477159223
0.751305138888889	10.4489795918367	0.950850308641975	0.000982726155590567
0.751305138888889	10.8163265306122	0.951262721054388	0.000936108425701989
0.751305138888889	11.1836734693878	0.950897634476582	0.000964012259856045
0.751305138888889	11.5510204081633	0.950948667966212	0.00105812967510667
0.751305138888889	11.9183673469388	0.951989033106705	0.00106341236044011
0.751305138888889	12.2857142857143	0.952404277221067	0.00107933207118369
0.751305138888889	12.6530612244898	0.953827324556007	0.000904518134276067
0.751305138888889	13.0204081632653	0.954186307519641	0.000934127413507979
0.751305138888889	13.3877551020408	0.95407519640853	0.000973593025443056
0.751305138888889	13.7551020408163	0.954594089038533	0.000868898799622623
0.751305138888889	14.1224489795918	0.954413580246914	0.00113360144745612
0.751305138888889	14.4897959183673	0.953036869068615	0.000867210889044388
0.751305138888889	14.8571428571429	0.954261526832955	0.000725196227085656
0.751305138888889	15.2244897959184	0.955733615520282	0.000791198662042944
0.751305138888889	15.5918367346939	0.954982929072864	0.000770754323749622
0.751305138888889	15.9591836734694	0.952872574140301	0.00626660016839066
0.751305138888889	16.3265306122449	0.952166783135336	0.020198539413588
0.751305138888889	16.6938775510204	0.953996566331064	0.0189974779165761
0.751305138888889	17.0612244897959	0.945030635573845	0.0642351622451215
0.751305138888889	17.4285714285714	0.95645816186557	0.000805838650883656
0.751305138888889	17.7959183673469	0.956585858585858	0.0008823836498503
0.751305138888889	18.1632653061225	0.955376979673276	0.000784820014520044
0.751305138888889	18.530612244898	0.957431999002369	0.000778719880936034
0.751305138888889	18.8979591836735	0.956719191919192	0.000809583978146066
0.751305138888889	19.265306122449	0.956236010902678	0.000745025819531266
0.751305138888889	19.6326530612245	0.956881834215167	0.000834597063048201
0.751305138888889	20	0.956707231040564	0.001007444931341
0.774790694444444	2	0	0
0.774790694444444	2.36734693877551	0	0
0.774790694444444	2.73469387755102	0	0
0.774790694444444	3.10204081632653	0	0
0.774790694444444	3.46938775510204	0	0
0.774790694444444	3.83673469387755	0	0
0.774790694444444	4.20408163265306	0	0
0.774790694444444	4.57142857142857	0	0
0.774790694444444	4.93877551020408	0	0
0.774790694444444	5.30612244897959	0	0
0.774790694444444	5.6734693877551	0.918814814814815	0.0010475656017578
0.774790694444444	6.04081632653061	0.92247619047619	0.0006659103797905
0.774790694444444	6.40816326530612	0.926555555555556	0.0012846033478536
0.774790694444444	6.77551020408163	0.927873015873016	0.0013997084244475
0.774790694444444	7.14285714285714	0.930666666666667	0.0006285393610547
0.774790694444444	7.51020408163265	0.931703703703704	0.0012108335846934
0.774790694444444	7.87755102040816	0.931027777777778	0.000877971146071
0.774790694444444	8.24489795918367	0.932916666666667	0.0007930056902011
0.774790694444444	8.61224489795918	0.935058823529412	0.0009747112095324
0.774790694444444	8.97959183673469	0.934243386243386	0.0008169421826716
0.774790694444444	9.3469387755102	0.934549707602339	0.0009973803791966
0.774790694444444	9.71428571428572	0.937538461538461	0.00113130886207
0.774790694444444	10.0816326530612	0.935196253724989	0.00105326218293086
0.774790694444444	10.4489795918367	0.9371725511199	0.000945288671001233
0.774790694444444	10.8163265306122	0.938193829503128	0.000864028822564678
0.774790694444444	11.1836734693878	0.937748729121278	0.000964415858677133
0.774790694444444	11.5510204081633	0.938563543936093	0.000772058596181189
0.774790694444444	11.9183673469388	0.937872111427667	0.00552295026957262
0.774790694444444	12.2857142857143	0.935298978690791	0.0172858020600346
0.774790694444444	12.6530612244898	0.938636396773325	0.000884286929434355
0.774790694444444	13.0204081632653	0.938432126139443	0.000659532109303866
0.774790694444444	13.3877551020408	0.935529107500122	0.0225902880539366
0.774790694444444	13.7551020408163	0.926622508498837	0.0775570483412302
0.774790694444444	14.1224489795918	0.938684598546537	0.000751793277567455
0.774790694444444	14.4897959183673	0.937774123182696	0.000797750742697422
0.774790694444444	14.8571428571429	0.939287707997853	0.000666941994890289
0.774790694444444	15.2244897959184	0.939000125976317	0.000672011698681689
0.774790694444444	15.5918367346939	0.938762045855379	0.00804951710686732
0.774790694444444	15.9591836734694	0.935621576448243	0.0263895080994635
0.774790694444444	16.3265306122449	0.939413481696501	0.000771914560092556
0.774790694444444	16.6938775510204	0.939608629432529	0.000674563133451944
0.774790694444444	17.0612244897959	0.940617624397499	0.00070825554129389
0.774790694444444	17.4285714285714	0.939346792876353	0.000824556094653034
0.774790694444444	17.7959183673469	0.938703126503127	0.000872378776133734
0.774790694444444	18.1632653061225	0.938236483610047	0.0218270826958655
0.774790694444444	18.530612244898	0.931425055149193	0.0746518680750679
0.774790694444444	18.8979591836735	0.938779797979798	0.00052873089544199
0.774790694444444	19.265306122449	0.92884162148795	0.0416887919449291
0.774790694444444	19.6326530612245	0.887656264976476	0.188369905534132
0.774790694444444	20	0.878448440421467	0.204668917854205
0.801121805555556	2	0	0
0.801121805555556	2.36734693877551	0	0
0.801121805555556	2.73469387755102	0	0
0.801121805555556	3.10204081632653	0	0
0.801121805555556	3.46938775510204	0	0
0.801121805555556	3.83673469387755	0	0
0.801121805555556	4.20408163265306	0	0
0.801121805555556	4.57142857142857	0	0
0.801121805555556	4.93877551020408	0	0
0.801121805555556	5.30612244897959	0.934222222222222	0
0.801121805555556	5.6734693877551	0.938	0.0014684613038221
0.801121805555556	6.04081632653061	0.938933333333333	0.0015032475133589
0.801121805555556	6.40816326530612	0.942940170940171	0.0007300566326175
0.801121805555556	6.77551020408163	0.943142857142857	0.0010003778575611
0.801121805555556	7.14285714285714	0.945155555555556	0.0009435071601831
0.801121805555556	7.51020408163265	0.946722222222222	0.0007179359990733
0.801121805555556	7.87755102040816	0.945611111111111	0.0012753600314721
0.801121805555556	8.24489795918367	0.946222222222222	0.0009520073963938
0.801121805555556	8.61224489795918	0.945647058823529	0.001042478537902
0.801121805555556	8.97959183673469	0.948063492063492	0.0007098628499999
0.801121805555556	9.3469387755102	0.947692307692308	0.0009843541913769
0.801121805555556	9.71428571428572	0.948372759856631	0.0008895823402144
0.801121805555556	10.0816326530612	0.948624838588996	0.000925239866222066
0.801121805555556	10.4489795918367	0.948902356902357	0.00115288386233744
0.801121805555556	10.8163265306122	0.947935612380057	0.00108693165521214
0.801121805555556	11.1836734693878	0.947338204871538	0.0169651286250525
0.801121805555556	11.5510204081633	0.941880834803057	0.0567496578498228
0.801121805555556	11.9183673469388	0.948983002325998	0.000870105604506888
0.801121805555556	12.2857142857143	0.948646269457864	0.000716562836033445
0.801121805555556	12.6530612244898	0.951164787976382	0.000737089474764622
0.801121805555556	13.0204081632653	0.951314009661836	0.000739910209918223
0.801121805555556	13.3877551020408	0.950764621468555	0.000759359278823056
0.801121805555556	13.7551020408163	0.949822927689594	0.000631785215526467
0.801121805555556	14.1224489795918	0.952058271604938	0.000791046220612333
0.801121805555556	14.4897959183673	0.953589135802469	0.00099852734794891
0.801121805555556	14.8571428571429	0.953143256464011	0.000724378762667611
0.801121805555556	15.2244897959184	0.952369868659177	0.000660439889362068
0.801121805555556	15.5918367346939	0.951875951907398	0.000861140518475066
0.801121805555556	15.9591836734694	0.951426841036904	0.000746523799517566
0.801121805555556	16.3265306122449	0.951401571268238	0.000809589282389856
0.801121805555556	16.6938775510204	0.951372390572391	0.000651894961916967
0.801121805555556	17.0612244897959	0.949816386083053	0.0007968602489366
0.801121805555556	17.4285714285714	0.950903579859902	0.000741076860620754
0.801121805555556	17.7959183673469	0.950037341117801	0.0217247658770602
0.801121805555556	18.1632653061225	0.943134099616858	0.0748330243397349
0.801121805555556	18.530612244898	0.952405712295367	0.00115972433323788
0.801121805555556	18.8979591836735	0.953149239521653	0.000701796327975623
0.801121805555556	19.265306122449	0.953545413128394	0.000820994856581402
0.801121805555556	19.6326530612245	0.938376272471301	0.0491341645351781
0.801121805555556	20	0.867981779293913	0.267560640682849
0.80760625	2	0	0
0.80760625	2.36734693877551	0	0
0.80760625	2.73469387755102	0	0
0.80760625	3.10204081632653	0	0
0.80760625	3.46938775510204	0	0
0.80760625	3.83673469387755	0	0
0.80760625	4.20408163265306	0	0
0.80760625	4.57142857142857	0.926814814814815	0.00075541029831
0.80760625	4.93877551020408	0.931111111111111	0.0013084090172337
0.80760625	5.30612244897959	0.935911111111111	0.0009696632990787
0.80760625	5.6734693877551	0.93565811965812	0.0011451715709021
0.80760625	6.04081632653061	0.937047619047619	0.001109295568867
0.80760625	6.40816326530612	0.941659259259259	0.0009388432306817
0.80760625	6.77551020408163	0.9424	0.0010492403679778
0.80760625	7.14285714285714	0.944527777777778	0.0014334517608267
0.80760625	7.51020408163265	0.94724183006536	0.0008591726392237
0.80760625	7.87755102040816	0.947456790123457	0.0009702164298463
0.80760625	8.24489795918367	0.949318518518518	0.0007907559197086
0.80760625	8.61224489795918	0.948012698412698	0.0009472028545509
0.80760625	8.97959183673469	0.95187987987988	0.0008308284187767
0.80760625	9.3469387755102	0.950688346883469	0.0011232988777174
0.80760625	9.71428571428572	0.952390243902439	0.0009727147652758
0.80760625	10.0816326530612	0.952297599159443	0.000917244406456422
0.80760625	10.4489795918367	0.952098765432099	0.000920067371776466
0.80760625	10.8163265306122	0.952720759734093	0.000777210266217622
0.80760625	11.1836734693878	0.953650271461592	0.000719269187945833
0.80760625	11.5510204081633	0.954191060382535	0.000738546775810834
0.80760625	11.9183673469388	0.953714527996009	0.000979153517838089
0.80760625	12.2857142857143	0.953720314253648	0.000962367339194798
0.80760625	12.6530612244898	0.955983838383838	0.000704232306411467
0.80760625	13.0204081632653	0.956259259259259	0.000747208373537991
0.80760625	13.3877551020408	0.954734567901234	0.000833912114379689
0.80760625	13.7551020408163	0.956976585781183	0.000745851107660156
0.80760625	14.1224489795918	0.953977937606895	0.0174531955992867
0.80760625	14.4897959183673	0.947263591076456	0.0604011043559213
0.80760625	14.8571428571429	0.955203811999134	0.00535728117376916
0.80760625	15.2244897959184	0.956793093845725	0.000839579837267855
0.80760625	15.5918367346939	0.956372073222648	0.000772700280892067
0.80760625	15.9591836734694	0.955566280537444	0.000953958403680678
0.80760625	16.3265306122449	0.955606670998484	0.000884232596967033
0.80760625	16.6938775510204	0.955644372745401	0.0223742090827019
0.80760625	17.0612244897959	0.937592446035634	0.117327212040556
0.80760625	17.4285714285714	0.903735764561508	0.193386376035865
0.80760625	17.7959183673469	0.832397046376558	0.252595800056206
0.80760625	18.1632653061225	0.640113619390493	0.368791046254754
0.80760625	18.530612244898	0.638470268799897	0.369797333177848
0.80760625	18.8979591836735	0.662255667889614	0.360065458887143
0.80760625	19.265306122449	0.679416639828234	0.35267503274241
0.80760625	19.6326530612245	0.641719694297472	0.358624210171752
0.80760625	20	0.616858318636096	0.357605301342168
0.834730694444444	2	0	0
0.834730694444444	2.36734693877551	0	0
0.834730694444444	2.73469387755102	0	0
0.834730694444444	3.10204081632653	0	0
0.834730694444444	3.46938775510204	0	0
0.834730694444444	3.83673469387755	0	0
0.834730694444444	4.20408163265306	0	0
0.834730694444444	4.57142857142857	0	0
0.834730694444444	4.93877551020408	0.921333333333333	0.0008888888888889
0.834730694444444	5.30612244897959	0.926	0.0010501812502783
0.834730694444444	5.6734693877551	0.928363636363636	0.0012400815558159
0.834730694444444	6.04081632653061	0.928102564102564	0.0013743419652814
0.834730694444444	6.40816326530612	0.93042962962963	0.0007233514438953
0.834730694444444	6.77551020408163	0.931806763285024	0.0010713751710631
0.834730694444444	7.14285714285714	0.912787878787878	0.0865914132562185
0.834730694444444	7.51020408163265	0.932727272727273	0.0008426930753379
0.834730694444444	7.87755102040816	0.934916666666667	0.0010537264854661
0.834730694444444	8.24489795918367	0.933444444444444	0.0009162456945816
0.834730694444444	8.61224489795918	0.919960784313725	0.0845616914041155
0.834730694444444	8.97959183673469	0.936013468013468	0.000956892642065
0.834730694444444	9.3469387755102	0.933204678362573	0.0016374686711464
0.834730694444444	9.71428571428572	0.913276353276353	0.131003545792915
0.834730694444444	10.0816326530612	0.934140740740741	0.00975488150130945
0.834730694444444	10.4489795918367	0.92830658436214	0.0503022992146612
0.834730694444444	10.8163265306122	0.926348327071032	0.0636602652948119
0.834730694444444	11.1836734693878	0.936117997738719	0.000596739680933956
0.834730694444444	11.5510204081633	0.936425531914894	0.000657018063659233
0.834730694444444	11.9183673469388	0.936435819980737	0.000668319213264445
0.834730694444444	12.2857142857143	0.93704012345679	0.000782952661860168
0.834730694444444	12.6530612244898	0.937135318324861	0.00083061238561471
0.834730694444444	13.0204081632653	0.936237305178482	0.000675066419099379
0.834730694444444	13.3877551020408	0.936545109211776	0.000742028424379356
0.834730694444444	13.7551020408163	0.93701288322672	0.0007174547730811
0.834730694444444	14.1224489795918	0.93718991560501	0.000713946184644356
0.834730694444444	14.4897959183673	0.936338772338772	0.00537723737172008
0.834730694444444	14.8571428571429	0.931101200686106	0.0391982350451046
0.834730694444444	15.2244897959184	0.92577855705906	0.0779718949848982
0.834730694444444	15.5918367346939	0.937354529421196	0.000844692943985811
0.834730694444444	15.9591836734694	0.934363748597082	0.0214635756472395
0.834730694444444	16.3265306122449	0.921781497514831	0.103236919040727
0.834730694444444	16.6938775510204	0.897428116288331	0.157487471729872
0.834730694444444	17.0612244897959	0.867529271206691	0.209795570691297
0.834730694444444	17.4285714285714	0.877812674897118	0.172768028656604
0.834730694444444	17.7959183673469	0.720953578617121	0.329885268457195
0.834730694444444	18.1632653061225	0.615673773041792	0.362324464401191
0.834730694444444	18.530612244898	0.64076382941427	0.3545497267117
0.834730694444444	18.8979591836735	0.70573278259102	0.335767894892328
0.834730694444444	19.265306122449	0.742924168613058	0.317142488665335
0.834730694444444	19.6326530612245	0.686371075837743	0.337712263107576
0.834730694444444	20	0.716907583774251	0.331661217836447
