axonal_length	MAX_EXC_WEIGHT	mean_peaks_height	std_peaks_height	fano_factor	GC_fraction	mean_degree
0.10	2.00	0.000000	0.000000	0.000000	0.198748	24.10
0.10	2.57	0.000000	0.000000	0.000000	0.198748	24.10
0.10	3.14	0.000000	0.000000	0.000000	0.198748	24.10
0.10	3.71	0.000000	0.000000	0.000000	0.198748	24.10
0.10	4.29	0.000000	0.000000	0.000000	0.198748	24.10
0.10	4.86	0.000000	0.000000	0.000000	0.198748	24.10
0.10	5.43	0.000000	0.000000	0.000000	0.198748	24.10
0.10	6.00	0.000000	0.000000	0.000000	0.198748	24.10
0.10	6.57	0.000000	0.000000	0.000000	0.198748	24.10
0.10	7.14	0.106299	0.003937	0.000146	0.198748	24.10
0.10	7.71	0.122835	0.029713	0.007188	0.198748	24.10
0.10	8.29	0.339708	0.350484	0.361601	0.198748	24.10
0.10	8.86	0.341611	0.362159	0.383943	0.198748	24.10
0.10	9.43	0.409764	0.405226	0.400739	0.198748	24.10
0.10	10.00	0.677493	0.417617	0.257425	0.198748	24.10
0.10	10.57	0.866142	0.314119	0.113920	0.198748	24.10
0.10	11.14	1.000000	0.000000	0.000000	0.198748	24.10
0.10	11.71	1.000000	0.000000	0.000000	0.198748	24.10
0.10	12.29	0.971129	0.155477	0.024892	0.198748	24.10
0.10	12.86	0.971949	0.156182	0.025097	0.198748	24.10
0.10	13.43	1.000000	0.000000	0.000000	0.198748	24.10
0.10	14.00	1.000000	0.000000	0.000000	0.198748	24.10
0.10	14.57	1.000000	0.000000	0.000000	0.198748	24.10
0.10	15.14	1.000000	0.000000	0.000000	0.198748	24.10
0.10	15.71	1.000000	0.000000	0.000000	0.198748	24.10
0.10	16.29	0.975941	0.142338	0.020760	0.198748	24.10
0.10	16.86	0.975722	0.143632	0.021143	0.198748	24.10
0.10	17.43	1.000000	0.000000	0.000000	0.198748	24.10
0.10	18.00	1.000000	0.000000	0.000000	0.198748	24.10
0.10	18.57	1.000000	0.000000	0.000000	0.198748	24.10
0.10	19.14	1.000000	0.000000	0.000000	0.198748	24.10
0.10	19.71	1.000000	0.000000	0.000000	0.198748	24.10
0.10	20.29	1.000000	0.000000	0.000000	0.198748	24.10
0.10	20.86	1.000000	0.000000	0.000000	0.198748	24.10
0.10	21.43	1.000000	0.000000	0.000000	0.198748	24.10
0.10	22.00	1.000000	0.000000	0.000000	0.198748	24.10
0.10	22.57	1.000000	0.000000	0.000000	0.198748	24.10
0.10	23.14	1.000000	0.000000	0.000000	0.198748	24.10
0.10	23.71	1.000000	0.000000	0.000000	0.198748	24.10
0.10	24.29	1.000000	0.000000	0.000000	0.198748	24.10
0.10	24.86	1.000000	0.000000	0.000000	0.198748	24.10
0.10	25.43	1.000000	0.000000	0.000000	0.198748	24.10
0.10	26.00	1.000000	0.000000	0.000000	0.198748	24.10
0.10	26.57	1.000000	0.000000	0.000000	0.198748	24.10
0.10	27.14	1.000000	0.000000	0.000000	0.198748	24.10
0.10	27.71	1.000000	0.000000	0.000000	0.198748	24.10
0.10	28.29	1.000000	0.000000	0.000000	0.198748	24.10
0.10	28.86	1.000000	0.000000	0.000000	0.198748	24.10
0.10	29.43	1.000000	0.000000	0.000000	0.198748	24.10
0.10	30.00	1.000000	0.000000	0.000000	0.198748	24.10
0.12	2.00	0.000000	0.000000	0.000000	0.200313	25.98
0.12	2.57	0.000000	0.000000	0.000000	0.200313	25.98
0.12	3.14	0.000000	0.000000	0.000000	0.200313	25.98
0.12	3.71	0.000000	0.000000	0.000000	0.200313	25.98
0.12	4.29	0.000000	0.000000	0.000000	0.200313	25.98
0.12	4.86	0.000000	0.000000	0.000000	0.200313	25.98
0.12	5.43	0.000000	0.000000	0.000000	0.200313	25.98
0.12	6.00	0.000000	0.000000	0.000000	0.200313	25.98
0.12	6.57	0.167969	0.003906	0.000091	0.200313	25.98
0.12	7.14	0.867188	0.000000	0.000000	0.200313	25.98
0.12	7.71	0.468750	0.396232	0.334933	0.200313	25.98
0.12	8.29	0.295312	0.350690	0.416452	0.200313	25.98
0.12	8.86	0.364844	0.382446	0.400898	0.200313	25.98
0.12	9.43	0.513021	0.413304	0.332970	0.200313	25.98
0.12	10.00	0.788281	0.369110	0.172834	0.200313	25.98
0.12	10.57	0.953125	0.198874	0.041496	0.200313	25.98
0.12	11.14	0.934195	0.227979	0.055636	0.200313	25.98
0.12	11.71	0.945582	0.201716	0.043031	0.200313	25.98
0.12	12.29	0.941810	0.213960	0.048607	0.200313	25.98
0.12	12.86	1.000000	0.000000	0.000000	0.200313	25.98
0.12	13.43	1.000000	0.000000	0.000000	0.200313	25.98
0.12	14.00	1.000000	0.000000	0.000000	0.200313	25.98
0.12	14.57	1.000000	0.000000	0.000000	0.200313	25.98
0.12	15.14	1.000000	0.000000	0.000000	0.200313	25.98
0.12	15.71	1.000000	0.000000	0.000000	0.200313	25.98
0.12	16.29	1.000000	0.000000	0.000000	0.200313	25.98
0.12	16.86	1.000000	0.000000	0.000000	0.200313	25.98
0.12	17.43	1.000000	0.000000	0.000000	0.200313	25.98
0.12	18.00	1.000000	0.000000	0.000000	0.200313	25.98
0.12	18.57	1.000000	0.000000	0.000000	0.200313	25.98
0.12	19.14	1.000000	0.000000	0.000000	0.200313	25.98
0.12	19.71	1.000000	0.000000	0.000000	0.200313	25.98
0.12	20.29	1.000000	0.000000	0.000000	0.200313	25.98
0.12	20.86	1.000000	0.000000	0.000000	0.200313	25.98
0.12	21.43	1.000000	0.000000	0.000000	0.200313	25.98
0.12	22.00	1.000000	0.000000	0.000000	0.200313	25.98
0.12	22.57	1.000000	0.000000	0.000000	0.200313	25.98
0.12	23.14	1.000000	0.000000	0.000000	0.200313	25.98
0.12	23.71	1.000000	0.000000	0.000000	0.200313	25.98
0.12	24.29	1.000000	0.000000	0.000000	0.200313	25.98
0.12	24.86	1.000000	0.000000	0.000000	0.200313	25.98
0.12	25.43	1.000000	0.000000	0.000000	0.200313	25.98
0.12	26.00	1.000000	0.000000	0.000000	0.200313	25.98
0.12	26.57	1.000000	0.000000	0.000000	0.200313	25.98
0.12	27.14	1.000000	0.000000	0.000000	0.200313	25.98
0.12	27.71	1.000000	0.000000	0.000000	0.200313	25.98
0.12	28.29	1.000000	0.000000	0.000000	0.200313	25.98
0.12	28.86	1.000000	0.000000	0.000000	0.200313	25.98
0.12	29.43	1.000000	0.000000	0.000000	0.200313	25.98
0.12	30.00	1.000000	0.000000	0.000000	0.200313	25.98
0.14	2.00	0.000000	0.000000	0.000000	0.200313	27.58
0.14	2.57	0.000000	0.000000	0.000000	0.200313	27.58
0.14	3.14	0.000000	0.000000	0.000000	0.200313	27.58
0.14	3.71	0.000000	0.000000	0.000000	0.200313	27.58
0.14	4.29	0.000000	0.000000	0.000000	0.200313	27.58
0.14	4.86	0.000000	0.000000	0.000000	0.200313	27.58
0.14	5.43	0.000000	0.000000	0.000000	0.200313	27.58
0.14	6.00	0.000000	0.000000	0.000000	0.200313	27.58
0.14	6.57	0.101562	0.000000	0.000000	0.200313	27.58
0.14	7.14	0.128906	0.027344	0.005800	0.200313	27.58
0.14	7.71	0.366071	0.398480	0.433757	0.200313	27.58
0.14	8.29	0.375781	0.395461	0.416172	0.200313	27.58
0.14	8.86	0.426339	0.420931	0.415591	0.200313	27.58
0.14	9.43	0.751838	0.388686	0.200943	0.200313	27.58
0.14	10.00	0.812066	0.352068	0.152638	0.200313	27.58
0.14	10.57	0.743924	0.394800	0.209520	0.200313	27.58
0.14	11.14	0.825700	0.343083	0.142553	0.200313	27.58
0.14	11.71	0.970486	0.150492	0.023337	0.200313	27.58
0.14	12.29	0.943800	0.214114	0.048575	0.200313	27.58
0.14	12.86	1.000000	0.000000	0.000000	0.200313	27.58
0.14	13.43	1.000000	0.000000	0.000000	0.200313	27.58
0.14	14.00	0.972168	0.154962	0.024701	0.200313	27.58
0.14	14.57	0.972412	0.153603	0.024263	0.200313	27.58
0.14	15.14	1.000000	0.000000	0.000000	0.200313	27.58
0.14	15.71	0.971924	0.156322	0.025142	0.200313	27.58
0.14	16.29	1.000000	0.000000	0.000000	0.200313	27.58
0.14	16.86	1.000000	0.000000	0.000000	0.200313	27.58
0.14	17.43	1.000000	0.000000	0.000000	0.200313	27.58
0.14	18.00	1.000000	0.000000	0.000000	0.200313	27.58
0.14	18.57	1.000000	0.000000	0.000000	0.200313	27.58
0.14	19.14	1.000000	0.000000	0.000000	0.200313	27.58
0.14	19.71	1.000000	0.000000	0.000000	0.200313	27.58
0.14	20.29	1.000000	0.000000	0.000000	0.200313	27.58
0.14	20.86	1.000000	0.000000	0.000000	0.200313	27.58
0.14	21.43	1.000000	0.000000	0.000000	0.200313	27.58
0.14	22.00	1.000000	0.000000	0.000000	0.200313	27.58
0.14	22.57	1.000000	0.000000	0.000000	0.200313	27.58
0.14	23.14	1.000000	0.000000	0.000000	0.200313	27.58
0.14	23.71	1.000000	0.000000	0.000000	0.200313	27.58
0.14	24.29	1.000000	0.000000	0.000000	0.200313	27.58
0.14	24.86	1.000000	0.000000	0.000000	0.200313	27.58
0.14	25.43	1.000000	0.000000	0.000000	0.200313	27.58
0.14	26.00	1.000000	0.000000	0.000000	0.200313	27.58
0.14	26.57	1.000000	0.000000	0.000000	0.200313	27.58
0.14	27.14	1.000000	0.000000	0.000000	0.200313	27.58
0.14	27.71	1.000000	0.000000	0.000000	0.200313	27.58
0.14	28.29	1.000000	0.000000	0.000000	0.200313	27.58
0.14	28.86	1.000000	0.000000	0.000000	0.200313	27.58
0.14	29.43	1.000000	0.000000	0.000000	0.200313	27.58
0.14	30.00	1.000000	0.000000	0.000000	0.200313	27.58
0.17	2.00	0.000000	0.000000	0.000000	0.200313	28.65
0.17	2.57	0.000000	0.000000	0.000000	0.200313	28.65
0.17	3.14	0.000000	0.000000	0.000000	0.200313	28.65
0.17	3.71	0.101562	0.000000	0.000000	0.200313	28.65
0.17	4.29	0.101562	0.000000	0.000000	0.200313	28.65
0.17	4.86	0.000000	0.000000	0.000000	0.200313	28.65
0.17	5.43	0.117188	0.000000	0.000000	0.200313	28.65
0.17	6.00	0.117188	0.000000	0.000000	0.200313	28.65
0.17	6.57	0.119792	0.025780	0.005548	0.200313	28.65
0.17	7.14	0.195312	0.121701	0.075833	0.200313	28.65
0.17	7.71	0.231771	0.205399	0.182028	0.200313	28.65
0.17	8.29	0.200521	0.190585	0.181142	0.200313	28.65
0.17	8.86	0.796875	0.371061	0.172782	0.200313	28.65
0.17	9.43	0.815104	0.346305	0.147131	0.200313	28.65
0.17	10.00	0.813401	0.343718	0.145245	0.200313	28.65
0.17	10.57	0.880119	0.299748	0.102088	0.200313	28.65
0.17	11.14	0.914819	0.260251	0.074037	0.200313	28.65
0.17	11.71	1.000000	0.000000	0.000000	0.200313	28.65
0.17	12.29	1.000000	0.000000	0.000000	0.200313	28.65
0.17	12.86	0.944580	0.214660	0.048783	0.200313	28.65
0.17	13.43	0.950047	0.196685	0.040719	0.200313	28.65
0.17	14.00	0.973958	0.147314	0.022282	0.200313	28.65
0.17	14.57	1.000000	0.000000	0.000000	0.200313	28.65
0.17	15.14	1.000000	0.000000	0.000000	0.200313	28.65
0.17	15.71	1.000000	0.000000	0.000000	0.200313	28.65
0.17	16.29	1.000000	0.000000	0.000000	0.200313	28.65
0.17	16.86	1.000000	0.000000	0.000000	0.200313	28.65
0.17	17.43	1.000000	0.000000	0.000000	0.200313	28.65
0.17	18.00	1.000000	0.000000	0.000000	0.200313	28.65
0.17	18.57	1.000000	0.000000	0.000000	0.200313	28.65
0.17	19.14	1.000000	0.000000	0.000000	0.200313	28.65
0.17	19.71	1.000000	0.000000	0.000000	0.200313	28.65
0.17	20.29	1.000000	0.000000	0.000000	0.200313	28.65
0.17	20.86	1.000000	0.000000	0.000000	0.200313	28.65
0.17	21.43	1.000000	0.000000	0.000000	0.200313	28.65
0.17	22.00	1.000000	0.000000	0.000000	0.200313	28.65
0.17	22.57	1.000000	0.000000	0.000000	0.200313	28.65
0.17	23.14	1.000000	0.000000	0.000000	0.200313	28.65
0.17	23.71	1.000000	0.000000	0.000000	0.200313	28.65
0.17	24.29	1.000000	0.000000	0.000000	0.200313	28.65
0.17	24.86	1.000000	0.000000	0.000000	0.200313	28.65
0.17	25.43	1.000000	0.000000	0.000000	0.200313	28.65
0.17	26.00	1.000000	0.000000	0.000000	0.200313	28.65
0.17	26.57	1.000000	0.000000	0.000000	0.200313	28.65
0.17	27.14	1.000000	0.000000	0.000000	0.200313	28.65
0.17	27.71	1.000000	0.000000	0.000000	0.200313	28.65
0.17	28.29	1.000000	0.000000	0.000000	0.200313	28.65
0.17	28.86	1.000000	0.000000	0.000000	0.200313	28.65
0.17	29.43	1.000000	0.000000	0.000000	0.200313	28.65
0.17	30.00	1.000000	0.000000	0.000000	0.200313	28.65
0.19	2.00	0.000000	0.000000	0.000000	0.200313	29.52
0.19	2.57	0.000000	0.000000	0.000000	0.200313	29.52
0.19	3.14	0.101562	0.000000	0.000000	0.200313	29.52
0.19	3.71	0.000000	0.000000	0.000000	0.200313	29.52
0.19	4.29	0.101562	0.000000	0.000000	0.200313	29.52
0.19	4.86	0.000000	0.000000	0.000000	0.200313	29.52
0.19	5.43	0.117188	0.000000	0.000000	0.200313	29.52
0.19	6.00	0.109375	0.006379	0.000372	0.200313	29.52
0.19	6.57	0.117188	0.016877	0.002431	0.200313	29.52
0.19	7.14	0.107639	0.011516	0.001232	0.200313	29.52
0.19	7.71	0.116477	0.013096	0.001472	0.200313	29.52
0.19	8.29	0.147135	0.057778	0.022689	0.200313	29.52
0.19	8.86	0.480469	0.417108	0.362103	0.200313	29.52
0.19	9.43	0.731658	0.405881	0.225160	0.200313	29.52
0.19	10.00	0.799880	0.365663	0.167162	0.200313	29.52
0.19	10.57	0.719002	0.407390	0.230829	0.200313	29.52
0.19	11.14	0.729688	0.400035	0.219310	0.200313	29.52
0.19	11.71	0.802455	0.363215	0.164402	0.200313	29.52
0.19	12.29	0.844669	0.335621	0.133356	0.200313	29.52
0.19	12.86	0.921875	0.251168	0.068431	0.200313	29.52
0.19	13.43	0.924107	0.247874	0.066488	0.200313	29.52
0.19	14.00	1.000000	0.000000	0.000000	0.200313	29.52
0.19	14.57	1.000000	0.000000	0.000000	0.200313	29.52
0.19	15.14	1.000000	0.000000	0.000000	0.200313	29.52
0.19	15.71	1.000000	0.000000	0.000000	0.200313	29.52
0.19	16.29	1.000000	0.000000	0.000000	0.200313	29.52
0.19	16.86	1.000000	0.000000	0.000000	0.200313	29.52
0.19	17.43	1.000000	0.000000	0.000000	0.200313	29.52
0.19	18.00	1.000000	0.000000	0.000000	0.200313	29.52
0.19	18.57	1.000000	0.000000	0.000000	0.200313	29.52
0.19	19.14	1.000000	0.000000	0.000000	0.200313	29.52
0.19	19.71	1.000000	0.000000	0.000000	0.200313	29.52
0.19	20.29	1.000000	0.000000	0.000000	0.200313	29.52
0.19	20.86	1.000000	0.000000	0.000000	0.200313	29.52
0.19	21.43	1.000000	0.000000	0.000000	0.200313	29.52
0.19	22.00	1.000000	0.000000	0.000000	0.200313	29.52
0.19	22.57	1.000000	0.000000	0.000000	0.200313	29.52
0.19	23.14	1.000000	0.000000	0.000000	0.200313	29.52
0.19	23.71	1.000000	0.000000	0.000000	0.200313	29.52
0.19	24.29	1.000000	0.000000	0.000000	0.200313	29.52
0.19	24.86	1.000000	0.000000	0.000000	0.200313	29.52
0.19	25.43	1.000000	0.000000	0.000000	0.200313	29.52
0.19	26.00	1.000000	0.000000	0.000000	0.200313	29.52
0.19	26.57	1.000000	0.000000	0.000000	0.200313	29.52
0.19	27.14	1.000000	0.000000	0.000000	0.200313	29.52
0.19	27.71	1.000000	0.000000	0.000000	0.200313	29.52
0.19	28.29	1.000000	0.000000	0.000000	0.200313	29.52
0.19	28.86	1.000000	0.000000	0.000000	0.200313	29.52
0.19	29.43	1.000000	0.000000	0.000000	0.200313	29.52
0.19	30.00	1.000000	0.000000	0.000000	0.200313	29.52
0.21	2.00	0.000000	0.000000	0.000000	0.200313	23.02
0.21	2.57	0.000000	0.000000	0.000000	0.200313	23.02
0.21	3.14	0.000000	0.000000	0.000000	0.200313	23.02
0.21	3.71	0.000000	0.000000	0.000000	0.200313	23.02
0.21	4.29	0.000000	0.000000	0.000000	0.200313	23.02
0.21	4.86	0.000000	0.000000	0.000000	0.200313	23.02
0.21	5.43	0.113281	0.003906	0.000135	0.200313	23.02
0.21	6.00	0.242188	0.093750	0.036290	0.200313	23.02
0.21	6.57	0.367188	0.164062	0.073305	0.200313	23.02
0.21	7.14	0.223958	0.149847	0.100260	0.200313	23.02
0.21	7.71	0.859375	0.000000	0.000000	0.200313	23.02
0.21	8.29	0.700521	0.399220	0.227511	0.200313	23.02
0.21	8.86	0.674479	0.404988	0.243173	0.200313	23.02
0.21	9.43	0.759115	0.384388	0.194640	0.200313	23.02
0.21	10.00	0.702446	0.406491	0.235228	0.200313	23.02
0.21	10.57	0.791667	0.369231	0.172208	0.200313	23.02
0.21	11.14	0.820625	0.325926	0.129448	0.200313	23.02
0.21	11.71	0.877604	0.293598	0.098222	0.200313	23.02
0.21	12.29	0.916756	0.243866	0.064870	0.200313	23.02
0.21	12.86	0.999711	0.001475	0.000002	0.200313	23.02
0.21	13.43	0.944556	0.209165	0.046318	0.200313	23.02
0.21	14.00	0.946069	0.205518	0.044646	0.200313	23.02
0.21	14.57	1.000000	0.000000	0.000000	0.200313	23.02
0.21	15.14	1.000000	0.000000	0.000000	0.200313	23.02
0.21	15.71	1.000000	0.000000	0.000000	0.200313	23.02
0.21	16.29	0.972775	0.154010	0.024383	0.200313	23.02
0.21	16.86	0.974035	0.149158	0.022841	0.200313	23.02
0.21	17.43	1.000000	0.000000	0.000000	0.200313	23.02
0.21	18.00	1.000000	0.000000	0.000000	0.200313	23.02
0.21	18.57	1.000000	0.000000	0.000000	0.200313	23.02
0.21	19.14	1.000000	0.000000	0.000000	0.200313	23.02
0.21	19.71	1.000000	0.000000	0.000000	0.200313	23.02
0.21	20.29	1.000000	0.000000	0.000000	0.200313	23.02
0.21	20.86	1.000000	0.000000	0.000000	0.200313	23.02
0.21	21.43	1.000000	0.000000	0.000000	0.200313	23.02
0.21	22.00	1.000000	0.000000	0.000000	0.200313	23.02
0.21	22.57	1.000000	0.000000	0.000000	0.200313	23.02
0.21	23.14	1.000000	0.000000	0.000000	0.200313	23.02
0.21	23.71	1.000000	0.000000	0.000000	0.200313	23.02
0.21	24.29	1.000000	0.000000	0.000000	0.200313	23.02
0.21	24.86	1.000000	0.000000	0.000000	0.200313	23.02
0.21	25.43	1.000000	0.000000	0.000000	0.200313	23.02
0.21	26.00	1.000000	0.000000	0.000000	0.200313	23.02
0.21	26.57	1.000000	0.000000	0.000000	0.200313	23.02
0.21	27.14	1.000000	0.000000	0.000000	0.200313	23.02
0.21	27.71	1.000000	0.000000	0.000000	0.200313	23.02
0.21	28.29	1.000000	0.000000	0.000000	0.200313	23.02
0.21	28.86	1.000000	0.000000	0.000000	0.200313	23.02
0.21	29.43	1.000000	0.000000	0.000000	0.200313	23.02
0.21	30.00	1.000000	0.000000	0.000000	0.200313	23.02
0.23	2.00	0.000000	0.000000	0.000000	0.200313	23.68
0.23	2.57	0.000000	0.000000	0.000000	0.200313	23.68
0.23	3.14	0.000000	0.000000	0.000000	0.200313	23.68
0.23	3.71	0.000000	0.000000	0.000000	0.200313	23.68
0.23	4.29	0.000000	0.000000	0.000000	0.200313	23.68
0.23	4.86	0.000000	0.000000	0.000000	0.200313	23.68
0.23	5.43	0.000000	0.000000	0.000000	0.200313	23.68
0.23	6.00	0.000000	0.000000	0.000000	0.200313	23.68
0.23	6.57	0.140625	0.000000	0.000000	0.200313	23.68
0.23	7.14	0.171875	0.000000	0.000000	0.200313	23.68
0.23	7.71	0.265625	0.164062	0.101333	0.200313	23.68
0.23	8.29	0.498884	0.425219	0.362431	0.200313	23.68
0.23	8.86	0.506836	0.428317	0.361962	0.200313	23.68
0.23	9.43	0.613715	0.432293	0.304502	0.200313	23.68
0.23	10.00	0.836349	0.320743	0.123006	0.200313	23.68
0.23	10.57	0.876116	0.302483	0.104434	0.200313	23.68
0.23	11.14	0.929063	0.240563	0.062289	0.200313	23.68
0.23	11.71	0.907697	0.262234	0.075759	0.200313	23.68
0.23	12.29	0.945312	0.199334	0.042033	0.200313	23.68
0.23	12.86	0.969289	0.162508	0.027246	0.200313	23.68
0.23	13.43	0.971774	0.154599	0.024595	0.200313	23.68
0.23	14.00	1.000000	0.000000	0.000000	0.200313	23.68
0.23	14.57	0.973485	0.149992	0.023110	0.200313	23.68
0.23	15.14	0.975873	0.138598	0.019684	0.200313	23.68
0.23	15.71	1.000000	0.000000	0.000000	0.200313	23.68
0.23	16.29	1.000000	0.000000	0.000000	0.200313	23.68
0.23	16.86	1.000000	0.000000	0.000000	0.200313	23.68
0.23	17.43	1.000000	0.000000	0.000000	0.200313	23.68
0.23	18.00	1.000000	0.000000	0.000000	0.200313	23.68
0.23	18.57	1.000000	0.000000	0.000000	0.200313	23.68
0.23	19.14	1.000000	0.000000	0.000000	0.200313	23.68
0.23	19.71	1.000000	0.000000	0.000000	0.200313	23.68
0.23	20.29	1.000000	0.000000	0.000000	0.200313	23.68
0.23	20.86	1.000000	0.000000	0.000000	0.200313	23.68
0.23	21.43	1.000000	0.000000	0.000000	0.200313	23.68
0.23	22.00	1.000000	0.000000	0.000000	0.200313	23.68
0.23	22.57	1.000000	0.000000	0.000000	0.200313	23.68
0.23	23.14	1.000000	0.000000	0.000000	0.200313	23.68
0.23	23.71	1.000000	0.000000	0.000000	0.200313	23.68
0.23	24.29	1.000000	0.000000	0.000000	0.200313	23.68
0.23	24.86	1.000000	0.000000	0.000000	0.200313	23.68
0.23	25.43	1.000000	0.000000	0.000000	0.200313	23.68
0.23	26.00	1.000000	0.000000	0.000000	0.200313	23.68
0.23	26.57	1.000000	0.000000	0.000000	0.200313	23.68
0.23	27.14	1.000000	0.000000	0.000000	0.200313	23.68
0.23	27.71	1.000000	0.000000	0.000000	0.200313	23.68
0.23	28.29	1.000000	0.000000	0.000000	0.200313	23.68
0.23	28.86	1.000000	0.000000	0.000000	0.200313	23.68
0.23	29.43	1.000000	0.000000	0.000000	0.200313	23.68
0.23	30.00	1.000000	0.000000	0.000000	0.200313	23.68
0.26	2.00	0.000000	0.000000	0.000000	0.400626	27.95
0.26	2.57	0.000000	0.000000	0.000000	0.400626	27.95
0.26	3.14	0.000000	0.000000	0.000000	0.400626	27.95
0.26	3.71	0.000000	0.000000	0.000000	0.400626	27.95
0.26	4.29	0.000000	0.000000	0.000000	0.400626	27.95
0.26	4.86	0.000000	0.000000	0.000000	0.400626	27.95
0.26	5.43	0.000000	0.000000	0.000000	0.400626	27.95
0.26	6.00	0.000000	0.000000	0.000000	0.400626	27.95
0.26	6.57	0.115234	0.009766	0.000828	0.400626	27.95
0.26	7.14	0.337891	0.037109	0.004076	0.400626	27.95
0.26	7.71	0.433594	0.160280	0.059248	0.400626	27.95
0.26	8.29	0.474121	0.096555	0.019664	0.400626	27.95
0.26	8.86	0.447443	0.199705	0.089133	0.400626	27.95
0.26	9.43	0.499219	0.210903	0.089099	0.400626	27.95
0.26	10.00	0.521134	0.165034	0.052264	0.400626	27.95
0.26	10.57	0.537988	0.157287	0.045984	0.400626	27.95
0.26	11.14	0.527264	0.114226	0.024746	0.400626	27.95
0.26	11.71	0.568567	0.148913	0.039002	0.400626	27.95
0.26	12.29	0.578576	0.166785	0.048079	0.400626	27.95
0.26	12.86	0.574290	0.162736	0.046114	0.400626	27.95
0.26	13.43	0.589560	0.174856	0.051860	0.400626	27.95
0.26	14.00	0.580427	0.170135	0.049870	0.400626	27.95
0.26	14.57	0.570674	0.156747	0.043054	0.400626	27.95
0.26	15.14	0.544359	0.122013	0.027348	0.400626	27.95
0.26	15.71	0.545220	0.123162	0.027822	0.400626	27.95
0.26	16.29	0.544271	0.122519	0.027580	0.400626	27.95
0.26	16.86	0.585870	0.176838	0.053377	0.400626	27.95
0.26	17.43	0.558724	0.146996	0.038674	0.400626	27.95
0.26	18.00	0.574561	0.160316	0.044732	0.400626	27.95
0.26	18.57	0.573747	0.159411	0.044291	0.400626	27.95
0.26	19.14	0.549973	0.138453	0.034855	0.400626	27.95
0.26	19.71	0.592129	0.184285	0.057354	0.400626	27.95
0.26	20.29	0.570792	0.155568	0.042400	0.400626	27.95
0.26	20.86	0.588449	0.177566	0.053581	0.400626	27.95
0.26	21.43	0.590412	0.179557	0.054607	0.400626	27.95
0.26	22.00	0.605243	0.192445	0.061190	0.400626	27.95
0.26	22.57	0.606295	0.190796	0.060042	0.400626	27.95
0.26	23.14	0.598499	0.185271	0.057352	0.400626	27.95
0.26	23.71	0.605957	0.194979	0.062738	0.400626	27.95
0.26	24.29	0.632344	0.209402	0.069344	0.400626	27.95
0.26	24.86	0.645362	0.215585	0.072017	0.400626	27.95
0.26	25.43	0.671960	0.227902	0.077295	0.400626	27.95
0.26	26.00	0.666423	0.225153	0.076069	0.400626	27.95
0.26	26.57	0.657975	0.212599	0.068693	0.400626	27.95
0.26	27.14	0.637184	0.199633	0.062546	0.400626	27.95
0.26	27.71	0.768039	0.230623	0.069250	0.400626	27.95
0.26	28.29	0.854714	0.208174	0.050703	0.400626	27.95
0.26	28.86	0.901709	0.179062	0.035558	0.400626	27.95
0.26	29.43	0.874045	0.201702	0.046547	0.400626	27.95
0.26	30.00	0.939408	0.129689	0.017904	0.400626	27.95
0.28	2.00	0.000000	0.000000	0.000000	0.400626	28.52
0.28	2.57	0.000000	0.000000	0.000000	0.400626	28.52
0.28	3.14	0.000000	0.000000	0.000000	0.400626	28.52
0.28	3.71	0.000000	0.000000	0.000000	0.400626	28.52
0.28	4.29	0.000000	0.000000	0.000000	0.400626	28.52
0.28	4.86	0.000000	0.000000	0.000000	0.400626	28.52
0.28	5.43	0.000000	0.000000	0.000000	0.400626	28.52
0.28	6.00	0.000000	0.000000	0.000000	0.400626	28.52
0.28	6.57	0.000000	0.000000	0.000000	0.400626	28.52
0.28	7.14	0.185547	0.044922	0.010876	0.400626	28.52
0.28	7.71	0.304688	0.048159	0.007612	0.400626	28.52
0.28	8.29	0.370443	0.173340	0.081110	0.400626	28.52
0.28	8.86	0.480699	0.174952	0.063674	0.400626	28.52
0.28	9.43	0.583438	0.198523	0.067550	0.400626	28.52
0.28	10.00	0.566040	0.157361	0.043747	0.400626	28.52
0.28	10.57	0.544071	0.161776	0.048103	0.400626	28.52
0.28	11.14	0.609020	0.188380	0.058269	0.400626	28.52
0.28	11.71	0.622008	0.189599	0.057793	0.400626	28.52
0.28	12.29	0.643962	0.194487	0.058738	0.400626	28.52
0.28	12.86	0.640545	0.186777	0.054462	0.400626	28.52
0.28	13.43	0.604844	0.185702	0.057015	0.400626	28.52
0.28	14.00	0.555122	0.128198	0.029606	0.400626	28.52
0.28	14.57	0.578494	0.157039	0.042630	0.400626	28.52
0.28	15.14	0.742936	0.241717	0.078644	0.400626	28.52
0.28	15.71	0.764931	0.241185	0.076046	0.400626	28.52
0.28	16.29	0.760105	0.239958	0.075752	0.400626	28.52
0.28	16.86	0.705198	0.231348	0.075896	0.400626	28.52
0.28	17.43	0.658778	0.230065	0.080346	0.400626	28.52
0.28	18.00	0.739968	0.228154	0.070347	0.400626	28.52
0.28	18.57	0.636719	0.203586	0.065095	0.400626	28.52
0.28	19.14	0.705418	0.235202	0.078422	0.400626	28.52
0.28	19.71	0.599361	0.172181	0.049463	0.400626	28.52
0.28	20.29	0.757457	0.234059	0.072326	0.400626	28.52
0.28	20.86	0.819043	0.229145	0.064108	0.400626	28.52
0.28	21.43	0.811738	0.231018	0.065747	0.400626	28.52
0.28	22.00	0.888170	0.205492	0.047544	0.400626	28.52
0.28	22.57	0.724698	0.239580	0.079203	0.400626	28.52
0.28	23.14	0.727983	0.238155	0.077911	0.400626	28.52
0.28	23.71	0.689793	0.228463	0.075668	0.400626	28.52
0.28	24.29	0.763338	0.235905	0.072905	0.400626	28.52
0.28	24.86	0.644591	0.215915	0.072324	0.400626	28.52
0.28	25.43	0.659576	0.225947	0.077401	0.400626	28.52
0.28	26.00	0.768116	0.235318	0.072092	0.400626	28.52
0.28	26.57	0.737592	0.234572	0.074600	0.400626	28.52
0.28	27.14	0.999578	0.002277	0.000005	0.400626	28.52
0.28	27.71	0.766831	0.225001	0.066019	0.400626	28.52
0.28	28.29	0.650545	0.220156	0.074504	0.400626	28.52
0.28	28.86	0.839326	0.211632	0.053362	0.400626	28.52
0.28	29.43	0.929061	0.158768	0.027132	0.400626	28.52
0.28	30.00	0.970905	0.089333	0.008220	0.400626	28.52
0.30	2.00	0.000000	0.000000	0.000000	0.400626	29.02
0.30	2.57	0.000000	0.000000	0.000000	0.400626	29.02
0.30	3.14	0.000000	0.000000	0.000000	0.400626	29.02
0.30	3.71	0.000000	0.000000	0.000000	0.400626	29.02
0.30	4.29	0.000000	0.000000	0.000000	0.400626	29.02
0.30	4.86	0.000000	0.000000	0.000000	0.400626	29.02
0.30	5.43	0.000000	0.000000	0.000000	0.400626	29.02
0.30	6.00	0.000000	0.000000	0.000000	0.400626	29.02
0.30	6.57	0.000000	0.000000	0.000000	0.400626	29.02
0.30	7.14	0.337891	0.189453	0.106225	0.400626	29.02
0.30	7.71	0.261230	0.172268	0.113602	0.400626	29.02
0.30	8.29	0.487444	0.152044	0.047426	0.400626	29.02
0.30	8.86	0.554071	0.107548	0.020876	0.400626	29.02
0.30	9.43	0.516797	0.077104	0.011504	0.400626	29.02
0.30	10.00	0.564248	0.084916	0.012779	0.400626	29.02
0.30	10.57	0.564009	0.102883	0.018767	0.400626	29.02
0.30	11.14	0.568001	0.132121	0.030732	0.400626	29.02
0.30	11.71	0.622884	0.175357	0.049368	0.400626	29.02
0.30	12.29	0.669531	0.203251	0.061701	0.400626	29.02
0.30	12.86	0.694378	0.214713	0.066393	0.400626	29.02
0.30	13.43	0.688580	0.212414	0.065526	0.400626	29.02
0.30	14.00	0.701681	0.217291	0.067289	0.400626	29.02
0.30	14.57	0.675303	0.207969	0.064047	0.400626	29.02
0.30	15.14	0.674267	0.208892	0.064716	0.400626	29.02
0.30	15.71	0.637395	0.190908	0.057180	0.400626	29.02
0.30	16.29	0.579838	0.135489	0.031659	0.400626	29.02
0.30	16.86	0.734375	0.245096	0.081800	0.400626	29.02
0.30	17.43	0.895376	0.192375	0.041332	0.400626	29.02
0.30	18.00	0.817073	0.226672	0.062883	0.400626	29.02
0.30	18.57	0.788318	0.234189	0.069572	0.400626	29.02
0.30	19.14	0.781159	0.235846	0.071206	0.400626	29.02
0.30	19.71	0.767134	0.234887	0.071919	0.400626	29.02
0.30	20.29	0.712126	0.226833	0.072253	0.400626	29.02
0.30	20.86	0.734286	0.228429	0.071062	0.400626	29.02
0.30	21.43	0.718056	0.231298	0.074505	0.400626	29.02
0.30	22.00	0.791667	0.231492	0.067691	0.400626	29.02
0.30	22.57	0.759411	0.232316	0.071069	0.400626	29.02
0.30	23.14	0.916884	0.173350	0.032774	0.400626	29.02
0.30	23.71	0.871636	0.207775	0.049528	0.400626	29.02
0.30	24.29	0.926562	0.166792	0.030025	0.400626	29.02
0.30	24.86	0.865126	0.211889	0.051896	0.400626	29.02
0.30	25.43	0.766526	0.230285	0.069184	0.400626	29.02
0.30	26.00	0.796607	0.206310	0.053431	0.400626	29.02
0.30	26.57	0.799615	0.209618	0.054951	0.400626	29.02
0.30	27.14	0.865776	0.190961	0.042120	0.400626	29.02
0.30	27.71	0.865141	0.197348	0.045017	0.400626	29.02
0.30	28.29	0.804455	0.219870	0.060094	0.400626	29.02
0.30	28.86	0.878991	0.189155	0.040705	0.400626	29.02
0.30	29.43	0.968262	0.092086	0.008758	0.400626	29.02
0.30	30.00	0.964724	0.098121	0.009980	0.400626	29.02
0.32	2.00	0.000000	0.000000	0.000000	0.701095	26.52
0.32	2.57	0.000000	0.000000	0.000000	0.701095	26.52
0.32	3.14	0.000000	0.000000	0.000000	0.701095	26.52
0.32	3.71	0.000000	0.000000	0.000000	0.701095	26.52
0.32	4.29	0.000000	0.000000	0.000000	0.701095	26.52
0.32	4.86	0.000000	0.000000	0.000000	0.701095	26.52
0.32	5.43	0.000000	0.000000	0.000000	0.701095	26.52
0.32	6.00	0.000000	0.000000	0.000000	0.701095	26.52
0.32	6.57	0.000000	0.000000	0.000000	0.701095	26.52
0.32	7.14	0.249256	0.091388	0.033507	0.701095	26.52
0.32	7.71	0.289807	0.123586	0.052703	0.701095	26.52
0.32	8.29	0.339955	0.178405	0.093626	0.701095	26.52
0.32	8.86	0.382526	0.179652	0.084373	0.701095	26.52
0.32	9.43	0.480733	0.196340	0.080189	0.701095	26.52
0.32	10.00	0.463121	0.216836	0.101524	0.701095	26.52
0.32	10.57	0.503143	0.226857	0.102285	0.701095	26.52
0.32	11.14	0.515982	0.260191	0.131205	0.701095	26.52
0.32	11.71	0.544074	0.261812	0.125986	0.701095	26.52
0.32	12.29	0.476600	0.257212	0.138812	0.701095	26.52
0.32	12.86	0.555519	0.277521	0.138642	0.701095	26.52
0.32	13.43	0.561129	0.276797	0.136540	0.701095	26.52
0.32	14.00	0.565117	0.278697	0.137444	0.701095	26.52
0.32	14.57	0.520127	0.265400	0.135423	0.701095	26.52
0.32	15.14	0.553571	0.273815	0.135438	0.701095	26.52
0.32	15.71	0.539989	0.289367	0.155064	0.701095	26.52
0.32	16.29	0.519345	0.285683	0.157150	0.701095	26.52
0.32	16.86	0.607057	0.287255	0.135927	0.701095	26.52
0.32	17.43	0.595734	0.295260	0.146338	0.701095	26.52
0.32	18.00	0.563616	0.293225	0.152552	0.701095	26.52
0.32	18.57	0.569314	0.276994	0.134769	0.701095	26.52
0.32	19.14	0.571309	0.284307	0.141483	0.701095	26.52
0.32	19.71	0.560111	0.280235	0.140207	0.701095	26.52
0.32	20.29	0.648278	0.284912	0.125216	0.701095	26.52
0.32	20.86	0.632426	0.277117	0.121427	0.701095	26.52
0.32	21.43	0.578324	0.269963	0.126019	0.701095	26.52
0.32	22.00	0.580925	0.294823	0.149625	0.701095	26.52
0.32	22.57	0.624534	0.249393	0.099589	0.701095	26.52
0.32	23.14	0.624095	0.218919	0.076792	0.701095	26.52
0.32	23.71	0.600951	0.187736	0.058649	0.701095	26.52
0.32	24.29	0.705707	0.146194	0.030285	0.701095	26.52
0.32	24.86	0.620224	0.181435	0.053076	0.701095	26.52
0.32	25.43	0.723895	0.134035	0.024818	0.701095	26.52
0.32	26.00	0.685378	0.166953	0.040668	0.701095	26.52
0.32	26.57	0.708055	0.130091	0.023902	0.701095	26.52
0.32	27.14	0.715654	0.108953	0.016587	0.701095	26.52
0.32	27.71	0.711520	0.127783	0.022949	0.701095	26.52
0.32	28.29	0.683111	0.124198	0.022581	0.701095	26.52
0.32	28.86	0.712676	0.115897	0.018847	0.701095	26.52
0.32	29.43	0.729001	0.109730	0.016517	0.701095	26.52
0.32	30.00	0.738609	0.102412	0.014200	0.701095	26.52
0.35	2.00	0.000000	0.000000	0.000000	0.701095	26.85
0.35	2.57	0.000000	0.000000	0.000000	0.701095	26.85
0.35	3.14	0.000000	0.000000	0.000000	0.701095	26.85
0.35	3.71	0.000000	0.000000	0.000000	0.701095	26.85
0.35	4.29	0.000000	0.000000	0.000000	0.701095	26.85
0.35	4.86	0.000000	0.000000	0.000000	0.701095	26.85
0.35	5.43	0.000000	0.000000	0.000000	0.701095	26.85
0.35	6.00	0.000000	0.000000	0.000000	0.701095	26.85
0.35	6.57	0.245536	0.000000	0.000000	0.701095	26.85
0.35	7.14	0.310268	0.013393	0.000578	0.701095	26.85
0.35	7.71	0.444754	0.156627	0.055159	0.701095	26.85
0.35	8.29	0.431508	0.166949	0.064592	0.701095	26.85
0.35	8.86	0.502232	0.193712	0.074715	0.701095	26.85
0.35	9.43	0.496441	0.209384	0.088312	0.701095	26.85
0.35	10.00	0.468892	0.217557	0.100942	0.701095	26.85
0.35	10.57	0.551290	0.225155	0.091957	0.701095	26.85
0.35	11.14	0.519846	0.260098	0.130136	0.701095	26.85
0.35	11.71	0.431158	0.250500	0.145539	0.701095	26.85
0.35	12.29	0.495105	0.260861	0.137442	0.701095	26.85
0.35	12.86	0.590760	0.282401	0.134996	0.701095	26.85
0.35	13.43	0.613839	0.285088	0.132404	0.701095	26.85
0.35	14.00	0.579789	0.286882	0.141951	0.701095	26.85
0.35	14.57	0.547210	0.291804	0.155607	0.701095	26.85
0.35	15.14	0.547821	0.283328	0.146535	0.701095	26.85
0.35	15.71	0.579099	0.280853	0.136209	0.701095	26.85
0.35	16.29	0.560192	0.283690	0.143665	0.701095	26.85
0.35	16.86	0.560454	0.282152	0.142045	0.701095	26.85
0.35	17.43	0.526894	0.274268	0.142766	0.701095	26.85
0.35	18.00	0.511161	0.287458	0.161656	0.701095	26.85
0.35	18.57	0.579104	0.297843	0.153186	0.701095	26.85
0.35	19.14	0.533066	0.274667	0.141524	0.701095	26.85
0.35	19.71	0.529054	0.274250	0.142165	0.701095	26.85
0.35	20.29	0.588728	0.293318	0.146138	0.701095	26.85
0.35	20.86	0.592776	0.295074	0.146882	0.701095	26.85
0.35	21.43	0.665430	0.182215	0.049896	0.701095	26.85
0.35	22.00	0.580763	0.290535	0.145344	0.701095	26.85
0.35	22.57	0.690038	0.202367	0.059348	0.701095	26.85
0.35	23.14	0.649643	0.287061	0.126845	0.701095	26.85
0.35	23.71	0.576031	0.229580	0.091501	0.701095	26.85
0.35	24.29	0.695132	0.172109	0.042613	0.701095	26.85
0.35	24.86	0.632713	0.180405	0.051439	0.701095	26.85
0.35	25.43	0.715554	0.137514	0.026427	0.701095	26.85
0.35	26.00	0.738524	0.106080	0.015237	0.701095	26.85
0.35	26.57	0.734816	0.113650	0.017578	0.701095	26.85
0.35	27.14	0.700824	0.137358	0.026922	0.701095	26.85
0.35	27.71	0.660471	0.178523	0.048254	0.701095	26.85
0.35	28.29	0.750791	0.101150	0.013627	0.701095	26.85
0.35	28.86	0.703857	0.121423	0.020947	0.701095	26.85
0.35	29.43	0.763719	0.148717	0.028959	0.701095	26.85
0.35	30.00	0.722819	0.123728	0.021179	0.701095	26.85
0.37	2.00	0.000000	0.000000	0.000000	0.701095	27.13
0.37	2.57	0.000000	0.000000	0.000000	0.701095	27.13
0.37	3.14	0.000000	0.000000	0.000000	0.701095	27.13
0.37	3.71	0.000000	0.000000	0.000000	0.701095	27.13
0.37	4.29	0.000000	0.000000	0.000000	0.701095	27.13
0.37	4.86	0.000000	0.000000	0.000000	0.701095	27.13
0.37	5.43	0.000000	0.000000	0.000000	0.701095	27.13
0.37	6.00	0.000000	0.000000	0.000000	0.701095	27.13
0.37	6.57	0.193080	0.079241	0.032521	0.701095	27.13
0.37	7.14	0.305804	0.002232	0.000016	0.701095	27.13
0.37	7.71	0.350000	0.081458	0.018958	0.701095	27.13
0.37	8.29	0.503827	0.137951	0.037772	0.701095	27.13
0.37	8.86	0.487165	0.188837	0.073198	0.701095	27.13
0.37	9.43	0.513694	0.202508	0.079832	0.701095	27.13
0.37	10.00	0.582532	0.247248	0.104941	0.701095	27.13
0.37	10.57	0.644918	0.249741	0.096711	0.701095	27.13
0.37	11.14	0.614810	0.277236	0.125014	0.701095	27.13
0.37	11.71	0.616964	0.264478	0.113375	0.701095	27.13
0.37	12.29	0.609464	0.280434	0.129036	0.701095	27.13
0.37	12.86	0.541549	0.294096	0.159713	0.701095	27.13
0.37	13.43	0.511882	0.291699	0.166226	0.701095	27.13
0.37	14.00	0.592575	0.287913	0.139887	0.701095	27.13
0.37	14.57	0.591071	0.290484	0.142759	0.701095	27.13
0.37	15.14	0.561873	0.286957	0.146553	0.701095	27.13
0.37	15.71	0.536902	0.286870	0.153276	0.701095	27.13
0.37	16.29	0.585499	0.294615	0.148246	0.701095	27.13
0.37	16.86	0.599051	0.301081	0.151322	0.701095	27.13
0.37	17.43	0.597175	0.293426	0.144177	0.701095	27.13
0.37	18.00	0.562727	0.302620	0.162741	0.701095	27.13
0.37	18.57	0.627521	0.297348	0.140897	0.701095	27.13
0.37	19.14	0.594063	0.300147	0.151648	0.701095	27.13
0.37	19.71	0.602679	0.302549	0.151882	0.701095	27.13
0.37	20.29	0.687185	0.177234	0.045711	0.701095	27.13
0.37	20.86	0.608645	0.305799	0.153641	0.701095	27.13
0.37	21.43	0.655443	0.203188	0.062989	0.701095	27.13
0.37	22.00	0.600618	0.303507	0.153369	0.701095	27.13
0.37	22.57	0.660747	0.229716	0.079863	0.701095	27.13
0.37	23.14	0.681861	0.215744	0.068263	0.701095	27.13
0.37	23.71	0.630932	0.248185	0.097627	0.701095	27.13
0.37	24.29	0.733259	0.178274	0.043343	0.701095	27.13
0.37	24.86	0.649380	0.194525	0.058271	0.701095	27.13
0.37	25.43	0.741071	0.133715	0.024127	0.701095	27.13
0.37	26.00	0.757078	0.132384	0.023149	0.701095	27.13
0.37	26.57	0.731049	0.114405	0.017904	0.701095	27.13
0.37	27.14	0.744383	0.118618	0.018902	0.701095	27.13
0.37	27.71	0.704322	0.133486	0.025299	0.701095	27.13
0.37	28.29	0.746062	0.103200	0.014275	0.701095	27.13
0.37	28.86	0.747339	0.108871	0.015860	0.701095	27.13
0.37	29.43	0.751072	0.121331	0.019600	0.701095	27.13
0.37	30.00	0.777319	0.169006	0.036745	0.701095	27.13
0.39	2.00	0.000000	0.000000	0.000000	0.701095	27.46
0.39	2.57	0.000000	0.000000	0.000000	0.701095	27.46
0.39	3.14	0.000000	0.000000	0.000000	0.701095	27.46
0.39	3.71	0.000000	0.000000	0.000000	0.701095	27.46
0.39	4.29	0.000000	0.000000	0.000000	0.701095	27.46
0.39	4.86	0.000000	0.000000	0.000000	0.701095	27.46
0.39	5.43	0.000000	0.000000	0.000000	0.701095	27.46
0.39	6.00	0.000000	0.000000	0.000000	0.701095	27.46
0.39	6.57	0.000000	0.000000	0.000000	0.701095	27.46
0.39	7.14	0.351190	0.187751	0.100374	0.701095	27.46
0.39	7.71	0.590774	0.033917	0.001947	0.701095	27.46
0.39	8.29	0.485294	0.207412	0.088647	0.701095	27.46
0.39	8.86	0.513114	0.184785	0.066546	0.701095	27.46
0.39	9.43	0.555140	0.222135	0.088886	0.701095	27.46
0.39	10.00	0.592368	0.254826	0.109621	0.701095	27.46
0.39	10.57	0.598993	0.256207	0.109587	0.701095	27.46
0.39	11.14	0.617312	0.266932	0.115424	0.701095	27.46
0.39	11.71	0.617510	0.283949	0.130568	0.701095	27.46
0.39	12.29	0.547606	0.288462	0.151953	0.701095	27.46
0.39	12.86	0.539509	0.288259	0.154016	0.701095	27.46
0.39	13.43	0.607468	0.283529	0.132334	0.701095	27.46
0.39	14.00	0.622347	0.275555	0.122007	0.701095	27.46
0.39	14.57	0.656205	0.290012	0.128172	0.701095	27.46
0.39	15.14	0.642244	0.289317	0.130331	0.701095	27.46
0.39	15.71	0.596022	0.297463	0.148458	0.701095	27.46
0.39	16.29	0.574378	0.295645	0.152175	0.701095	27.46
0.39	16.86	0.642084	0.294973	0.135510	0.701095	27.46
0.39	17.43	0.607741	0.288927	0.137359	0.701095	27.46
0.39	18.00	0.580396	0.291035	0.145937	0.701095	27.46
0.39	18.57	0.546623	0.298389	0.162883	0.701095	27.46
0.39	19.14	0.618750	0.295254	0.140889	0.701095	27.46
0.39	19.71	0.652355	0.297920	0.136056	0.701095	27.46
0.39	20.29	0.695126	0.302862	0.131955	0.701095	27.46
0.39	20.86	0.568251	0.310510	0.169672	0.701095	27.46
0.39	21.43	0.734375	0.201518	0.055298	0.701095	27.46
0.39	22.00	0.638499	0.262240	0.107706	0.701095	27.46
0.39	22.57	0.757716	0.151696	0.030370	0.701095	27.46
0.39	23.14	0.750422	0.175402	0.040998	0.701095	27.46
0.39	23.71	0.627822	0.242838	0.093928	0.701095	27.46
0.39	24.29	0.658307	0.212752	0.068757	0.701095	27.46
0.39	24.86	0.703269	0.196404	0.054850	0.701095	27.46
0.39	25.43	0.668765	0.194014	0.056285	0.701095	27.46
0.39	26.00	0.772619	0.097643	0.012340	0.701095	27.46
0.39	26.57	0.756924	0.147501	0.028743	0.701095	27.46
0.39	27.14	0.776290	0.091932	0.010887	0.701095	27.46
0.39	27.71	0.753928	0.120903	0.019389	0.701095	27.46
0.39	28.29	0.770382	0.100464	0.013101	0.701095	27.46
0.39	28.86	0.755580	0.099769	0.013174	0.701095	27.46
0.39	29.43	0.745379	0.132739	0.023638	0.701095	27.46
0.39	30.00	0.765921	0.115904	0.017539	0.701095	27.46
0.41	2.00	0.000000	0.000000	0.000000	0.701095	27.73
0.41	2.57	0.000000	0.000000	0.000000	0.701095	27.73
0.41	3.14	0.000000	0.000000	0.000000	0.701095	27.73
0.41	3.71	0.000000	0.000000	0.000000	0.701095	27.73
0.41	4.29	0.000000	0.000000	0.000000	0.701095	27.73
0.41	4.86	0.000000	0.000000	0.000000	0.701095	27.73
0.41	5.43	0.000000	0.000000	0.000000	0.701095	27.73
0.41	6.00	0.000000	0.000000	0.000000	0.701095	27.73
0.41	6.57	0.000000	0.000000	0.000000	0.701095	27.73
0.41	7.14	0.148065	0.061139	0.025245	0.701095	27.73
0.41	7.71	0.537388	0.147865	0.040686	0.701095	27.73
0.41	8.29	0.573884	0.161751	0.045590	0.701095	27.73
0.41	8.86	0.574617	0.245866	0.105200	0.701095	27.73
0.41	9.43	0.593456	0.251383	0.106484	0.701095	27.73
0.41	10.00	0.603931	0.253533	0.106435	0.701095	27.73
0.41	10.57	0.630846	0.263500	0.110062	0.701095	27.73
0.41	11.14	0.613393	0.277262	0.125326	0.701095	27.73
0.41	11.71	0.604196	0.290486	0.139660	0.701095	27.73
0.41	12.29	0.617545	0.276993	0.124242	0.701095	27.73
0.41	12.86	0.619272	0.288325	0.134241	0.701095	27.73
0.41	13.43	0.554933	0.289751	0.151290	0.701095	27.73
0.41	14.00	0.594949	0.301743	0.153037	0.701095	27.73
0.41	14.57	0.603914	0.290940	0.140163	0.701095	27.73
0.41	15.14	0.675625	0.290313	0.124746	0.701095	27.73
0.41	15.71	0.578015	0.286270	0.141779	0.701095	27.73
0.41	16.29	0.691499	0.280306	0.113625	0.701095	27.73
0.41	16.86	0.575037	0.301517	0.158099	0.701095	27.73
0.41	17.43	0.598214	0.302253	0.152716	0.701095	27.73
0.41	18.00	0.561805	0.295585	0.155518	0.701095	27.73
0.41	18.57	0.639552	0.295325	0.136372	0.701095	27.73
0.41	19.14	0.635529	0.302023	0.143530	0.701095	27.73
0.41	19.71	0.650779	0.300468	0.138727	0.701095	27.73
0.41	20.29	0.723360	0.274924	0.104489	0.701095	27.73
0.41	20.86	0.721979	0.286449	0.113650	0.701095	27.73
0.41	21.43	0.633437	0.303434	0.145353	0.701095	27.73
0.41	22.00	0.557478	0.297025	0.158255	0.701095	27.73
0.41	22.57	0.563408	0.296527	0.156064	0.701095	27.73
0.41	23.14	0.613975	0.250845	0.102485	0.701095	27.73
0.41	23.71	0.767266	0.205866	0.055236	0.701095	27.73
0.41	24.29	0.783801	0.190037	0.046075	0.701095	27.73
0.41	24.86	0.707304	0.202808	0.058152	0.701095	27.73
0.41	25.43	0.711111	0.198536	0.055429	0.701095	27.73
0.41	26.00	0.760324	0.114361	0.017201	0.701095	27.73
0.41	26.57	0.793070	0.106942	0.014421	0.701095	27.73
0.41	27.14	0.781760	0.126095	0.020339	0.701095	27.73
0.41	27.71	0.799312	0.102947	0.013259	0.701095	27.73
0.41	28.29	0.715924	0.136697	0.026101	0.701095	27.73
0.41	28.86	0.796002	0.109929	0.015181	0.701095	27.73
0.41	29.43	0.765422	0.127689	0.021301	0.701095	27.73
0.41	30.00	0.778586	0.102253	0.013429	0.701095	27.73
0.44	2.00	0.000000	0.000000	0.000000	0.701095	28.02
0.44	2.57	0.000000	0.000000	0.000000	0.701095	28.02
0.44	3.14	0.000000	0.000000	0.000000	0.701095	28.02
0.44	3.71	0.000000	0.000000	0.000000	0.701095	28.02
0.44	4.29	0.000000	0.000000	0.000000	0.701095	28.02
0.44	4.86	0.000000	0.000000	0.000000	0.701095	28.02
0.44	5.43	0.000000	0.000000	0.000000	0.701095	28.02
0.44	6.00	0.000000	0.000000	0.000000	0.701095	28.02
0.44	6.57	0.000000	0.000000	0.000000	0.701095	28.02
0.44	7.14	0.147321	0.000000	0.000000	0.701095	28.02
0.44	7.71	0.480134	0.206823	0.089092	0.701095	28.02
0.44	8.29	0.520647	0.204966	0.080690	0.701095	28.02
0.44	8.86	0.644992	0.189819	0.055863	0.701095	28.02
0.44	9.43	0.644324	0.232851	0.084149	0.701095	28.02
0.44	10.00	0.657758	0.242251	0.089220	0.701095	28.02
0.44	10.57	0.657938	0.238877	0.086729	0.701095	28.02
0.44	11.14	0.616815	0.274760	0.122391	0.701095	28.02
0.44	11.71	0.630386	0.272624	0.117902	0.701095	28.02
0.44	12.29	0.603080	0.291580	0.140974	0.701095	28.02
0.44	12.86	0.568040	0.295767	0.154000	0.701095	28.02
0.44	13.43	0.565540	0.300835	0.160027	0.701095	28.02
0.44	14.00	0.587133	0.306634	0.160141	0.701095	28.02
0.44	14.57	0.647015	0.290085	0.130057	0.701095	28.02
0.44	15.14	0.591441	0.298514	0.150667	0.701095	28.02
0.44	15.71	0.584013	0.303532	0.157756	0.701095	28.02
0.44	16.29	0.573738	0.297184	0.153935	0.701095	28.02
0.44	16.86	0.591672	0.306098	0.158358	0.701095	28.02
0.44	17.43	0.626240	0.302736	0.146348	0.701095	28.02
0.44	18.00	0.617045	0.304029	0.149800	0.701095	28.02
0.44	18.57	0.644301	0.301049	0.140665	0.701095	28.02
0.44	19.14	0.600486	0.303835	0.153735	0.701095	28.02
0.44	19.71	0.698803	0.300676	0.129373	0.701095	28.02
0.44	20.29	0.670168	0.284225	0.120542	0.701095	28.02
0.44	20.86	0.741662	0.225973	0.068850	0.701095	28.02
0.44	21.43	0.782660	0.180581	0.041665	0.701095	28.02
0.44	22.00	0.804970	0.160225	0.031892	0.701095	28.02
0.44	22.57	0.753407	0.192446	0.049157	0.701095	28.02
0.44	23.14	0.771835	0.198563	0.051082	0.701095	28.02
0.44	23.71	0.797005	0.138985	0.024237	0.701095	28.02
0.44	24.29	0.781788	0.153118	0.029989	0.701095	28.02
0.44	24.86	0.764219	0.119663	0.018737	0.701095	28.02
0.44	25.43	0.780598	0.109921	0.015479	0.701095	28.02
0.44	26.00	0.742076	0.157303	0.033344	0.701095	28.02
0.44	26.57	0.765878	0.158920	0.032976	0.701095	28.02
0.44	27.14	0.773232	0.114901	0.017074	0.701095	28.02
0.44	27.71	0.832540	0.082526	0.008180	0.701095	28.02
0.44	28.29	0.739397	0.143643	0.027905	0.701095	28.02
0.44	28.86	0.746032	0.137353	0.025288	0.701095	28.02
0.44	29.43	0.797020	0.129470	0.021031	0.701095	28.02
0.44	30.00	0.808286	0.116748	0.016863	0.701095	28.02
0.46	2.00	0.000000	0.000000	0.000000	0.701095	28.38
0.46	2.57	0.000000	0.000000	0.000000	0.701095	28.38
0.46	3.14	0.000000	0.000000	0.000000	0.701095	28.38
0.46	3.71	0.000000	0.000000	0.000000	0.701095	28.38
0.46	4.29	0.000000	0.000000	0.000000	0.701095	28.38
0.46	4.86	0.000000	0.000000	0.000000	0.701095	28.38
0.46	5.43	0.000000	0.000000	0.000000	0.701095	28.38
0.46	6.00	0.000000	0.000000	0.000000	0.701095	28.38
0.46	6.57	0.000000	0.000000	0.000000	0.701095	28.38
0.46	7.14	0.120536	0.000000	0.000000	0.701095	28.38
0.46	7.71	0.395313	0.196645	0.097820	0.701095	28.38
0.46	8.29	0.544878	0.175813	0.056728	0.701095	28.38
0.46	8.86	0.561924	0.229486	0.093720	0.701095	28.38
0.46	9.43	0.685196	0.212391	0.065835	0.701095	28.38
0.46	10.00	0.732996	0.194289	0.051499	0.701095	28.38
0.46	10.57	0.664275	0.257740	0.100003	0.701095	28.38
0.46	11.14	0.610352	0.280773	0.129161	0.701095	28.38
0.46	11.71	0.626838	0.285055	0.129629	0.701095	28.38
0.46	12.29	0.630313	0.278125	0.122723	0.701095	28.38
0.46	12.86	0.590578	0.289281	0.141698	0.701095	28.38
0.46	13.43	0.603316	0.288724	0.138172	0.701095	28.38
0.46	14.00	0.618343	0.307209	0.152629	0.701095	28.38
0.46	14.57	0.583185	0.302552	0.156962	0.701095	28.38
0.46	15.14	0.628431	0.296463	0.139856	0.701095	28.38
0.46	15.71	0.605537	0.299866	0.148496	0.701095	28.38
0.46	16.29	0.634131	0.292339	0.134770	0.701095	28.38
0.46	16.86	0.597752	0.299600	0.150163	0.701095	28.38
0.46	17.43	0.616669	0.303799	0.149665	0.701095	28.38
0.46	18.00	0.589016	0.310098	0.163256	0.701095	28.38
0.46	18.57	0.619499	0.302910	0.148111	0.701095	28.38
0.46	19.14	0.624916	0.300813	0.144801	0.701095	28.38
0.46	19.71	0.651742	0.304232	0.142015	0.701095	28.38
0.46	20.29	0.644415	0.309535	0.148680	0.701095	28.38
0.46	20.86	0.614367	0.302446	0.148891	0.701095	28.38
0.46	21.43	0.728476	0.242089	0.080452	0.701095	28.38
0.46	22.00	0.747717	0.285613	0.109099	0.701095	28.38
0.46	22.57	0.764391	0.198927	0.051769	0.701095	28.38
0.46	23.14	0.772485	0.185515	0.044552	0.701095	28.38
0.46	23.71	0.800211	0.133548	0.022288	0.701095	28.38
0.46	24.29	0.721530	0.203637	0.057472	0.701095	28.38
0.46	24.86	0.787294	0.160714	0.032807	0.701095	28.38
0.46	25.43	0.752946	0.148853	0.029427	0.701095	28.38
0.46	26.00	0.807528	0.089607	0.009943	0.701095	28.38
0.46	26.57	0.767305	0.134487	0.023572	0.701095	28.38
0.46	27.14	0.803743	0.099054	0.012207	0.701095	28.38
0.46	27.71	0.787811	0.121539	0.018750	0.701095	28.38
0.46	28.29	0.800992	0.088375	0.009751	0.701095	28.38
0.46	28.86	0.767240	0.147995	0.028547	0.701095	28.38
0.46	29.43	0.778821	0.114936	0.016962	0.701095	28.38
0.46	30.00	0.829325	0.097042	0.011355	0.701095	28.38
0.48	2.00	0.000000	0.000000	0.000000	0.701095	28.65
0.48	2.57	0.000000	0.000000	0.000000	0.701095	28.65
0.48	3.14	0.000000	0.000000	0.000000	0.701095	28.65
0.48	3.71	0.000000	0.000000	0.000000	0.701095	28.65
0.48	4.29	0.000000	0.000000	0.000000	0.701095	28.65
0.48	4.86	0.000000	0.000000	0.000000	0.701095	28.65
0.48	5.43	0.000000	0.000000	0.000000	0.701095	28.65
0.48	6.00	0.000000	0.000000	0.000000	0.701095	28.65
0.48	6.57	0.113839	0.000000	0.000000	0.701095	28.65
0.48	7.14	0.000000	0.000000	0.000000	0.701095	28.65
0.48	7.71	0.639031	0.054932	0.004722	0.701095	28.65
0.48	8.29	0.694475	0.145717	0.030575	0.701095	28.65
0.48	8.86	0.704928	0.192378	0.052501	0.701095	28.65
0.48	9.43	0.766054	0.115643	0.017457	0.701095	28.65
0.48	10.00	0.703184	0.216572	0.066702	0.701095	28.65
0.48	10.57	0.659673	0.254023	0.097818	0.701095	28.65
0.48	11.14	0.637253	0.266544	0.111487	0.701095	28.65
0.48	11.71	0.601047	0.285614	0.135722	0.701095	28.65
0.48	12.29	0.615534	0.299073	0.145313	0.701095	28.65
0.48	12.86	0.578087	0.295024	0.150564	0.701095	28.65
0.48	13.43	0.603237	0.299627	0.148824	0.701095	28.65
0.48	14.00	0.598802	0.277301	0.128417	0.701095	28.65
0.48	14.57	0.603266	0.290165	0.139567	0.701095	28.65
0.48	15.14	0.638233	0.301800	0.142712	0.701095	28.65
0.48	15.71	0.629302	0.290299	0.133916	0.701095	28.65
0.48	16.29	0.609221	0.290633	0.138649	0.701095	28.65
0.48	16.86	0.592464	0.290804	0.142738	0.701095	28.65
0.48	17.43	0.633450	0.292617	0.135172	0.701095	28.65
0.48	18.00	0.580952	0.302395	0.157401	0.701095	28.65
0.48	18.57	0.598723	0.293490	0.143867	0.701095	28.65
0.48	19.14	0.688036	0.295398	0.126825	0.701095	28.65
0.48	19.71	0.554634	0.287008	0.148519	0.701095	28.65
0.48	20.29	0.726530	0.250993	0.086710	0.701095	28.65
0.48	20.86	0.618344	0.298282	0.143888	0.701095	28.65
0.48	21.43	0.736806	0.259051	0.091078	0.701095	28.65
0.48	22.00	0.795581	0.157436	0.031155	0.701095	28.65
0.48	22.57	0.796310	0.175564	0.038707	0.701095	28.65
0.48	23.14	0.805436	0.172028	0.036742	0.701095	28.65
0.48	23.71	0.794951	0.112265	0.015854	0.701095	28.65
0.48	24.29	0.814869	0.121235	0.018037	0.701095	28.65
0.48	24.86	0.803263	0.105194	0.013776	0.701095	28.65
0.48	25.43	0.840415	0.108798	0.014085	0.701095	28.65
0.48	26.00	0.773022	0.136003	0.023928	0.701095	28.65
0.48	26.57	0.792411	0.101724	0.013059	0.701095	28.65
0.48	27.14	0.778474	0.141655	0.025776	0.701095	28.65
0.48	27.71	0.786165	0.118420	0.017838	0.701095	28.65
0.48	28.29	0.763655	0.122605	0.019684	0.701095	28.65
0.48	28.86	0.783139	0.115157	0.016933	0.701095	28.65
0.48	29.43	0.845501	0.132615	0.020801	0.701095	28.65
0.48	30.00	0.844962	0.124267	0.018276	0.701095	28.65
0.50	2.00	0.000000	0.000000	0.000000	0.701095	29.02
0.50	2.57	0.000000	0.000000	0.000000	0.701095	29.02
0.50	3.14	0.000000	0.000000	0.000000	0.701095	29.02
0.50	3.71	0.000000	0.000000	0.000000	0.701095	29.02
0.50	4.29	0.000000	0.000000	0.000000	0.701095	29.02
0.50	4.86	0.000000	0.000000	0.000000	0.701095	29.02
0.50	5.43	0.000000	0.000000	0.000000	0.701095	29.02
0.50	6.00	0.198661	0.000000	0.000000	0.701095	29.02
0.50	6.57	0.330357	0.000000	0.000000	0.701095	29.02
0.50	7.14	0.343750	0.180762	0.095054	0.701095	29.02
0.50	7.71	0.533076	0.162920	0.049792	0.701095	29.02
0.50	8.29	0.675595	0.153281	0.034777	0.701095	29.02
0.50	8.86	0.644097	0.239099	0.088757	0.701095	29.02
0.50	9.43	0.709165	0.217728	0.066847	0.701095	29.02
0.50	10.00	0.673508	0.268508	0.107046	0.701095	29.02
0.50	10.57	0.650568	0.276493	0.117510	0.701095	29.02
0.50	11.14	0.597077	0.286439	0.137415	0.701095	29.02
0.50	11.71	0.619398	0.286603	0.132615	0.701095	29.02
0.50	12.29	0.617040	0.290485	0.136752	0.701095	29.02
0.50	12.86	0.675702	0.282547	0.118148	0.701095	29.02
0.50	13.43	0.621532	0.300147	0.144945	0.701095	29.02
0.50	14.00	0.581761	0.291626	0.146187	0.701095	29.02
0.50	14.57	0.668956	0.297749	0.132527	0.701095	29.02
0.50	15.14	0.682817	0.290379	0.123488	0.701095	29.02
0.50	15.71	0.613330	0.285858	0.133231	0.701095	29.02
0.50	16.29	0.714696	0.298860	0.124973	0.701095	29.02
0.50	16.86	0.689776	0.301198	0.131522	0.701095	29.02
0.50	17.43	0.733093	0.305084	0.126964	0.701095	29.02
0.50	18.00	0.622922	0.292836	0.137662	0.701095	29.02
0.50	18.57	0.590632	0.286072	0.138559	0.701095	29.02
0.50	19.14	0.764385	0.282441	0.104362	0.701095	29.02
0.50	19.71	0.591707	0.294217	0.146294	0.701095	29.02
0.50	20.29	0.828833	0.267300	0.086205	0.701095	29.02
0.50	20.86	0.898858	0.117547	0.015372	0.701095	29.02
0.50	21.43	0.789922	0.243006	0.074757	0.701095	29.02
0.50	22.00	0.851403	0.170855	0.034286	0.701095	29.02
0.50	22.57	0.762529	0.259485	0.088302	0.701095	29.02
0.50	23.14	0.904078	0.086154	0.008210	0.701095	29.02
0.50	23.71	0.906281	0.080823	0.007208	0.701095	29.02
0.50	24.29	0.838437	0.103368	0.012744	0.701095	29.02
0.50	24.86	0.816988	0.168546	0.034771	0.701095	29.02
0.50	25.43	0.851562	0.114462	0.015385	0.701095	29.02
0.50	26.00	0.863554	0.101215	0.011863	0.701095	29.02
0.50	26.57	0.825957	0.145166	0.025514	0.701095	29.02
0.50	27.14	0.878251	0.098607	0.011071	0.701095	29.02
0.50	27.71	0.821747	0.101412	0.012515	0.701095	29.02
0.50	28.29	0.842436	0.099248	0.011693	0.701095	29.02
0.50	28.86	0.841920	0.153692	0.028056	0.701095	29.02
0.50	29.43	0.823918	0.115756	0.016263	0.701095	29.02
0.50	30.00	0.872683	0.110879	0.014088	0.701095	29.02
0.53	2.00	0.000000	0.000000	0.000000	0.701095	29.27
0.53	2.57	0.000000	0.000000	0.000000	0.701095	29.27
0.53	3.14	0.000000	0.000000	0.000000	0.701095	29.27
0.53	3.71	0.000000	0.000000	0.000000	0.701095	29.27
0.53	4.29	0.000000	0.000000	0.000000	0.701095	29.27
0.53	4.86	0.000000	0.000000	0.000000	0.701095	29.27
0.53	5.43	0.000000	0.000000	0.000000	0.701095	29.27
0.53	6.00	0.000000	0.000000	0.000000	0.701095	29.27
0.53	6.57	0.000000	0.000000	0.000000	0.701095	29.27
0.53	7.14	0.613839	0.000000	0.000000	0.701095	29.27
0.53	7.71	0.737165	0.045304	0.002784	0.701095	29.27
0.53	8.29	0.780907	0.025583	0.000838	0.701095	29.27
0.53	8.86	0.744177	0.180572	0.043815	0.701095	29.27
0.53	9.43	0.700352	0.233529	0.077869	0.701095	29.27
0.53	10.00	0.704861	0.243217	0.083924	0.701095	29.27
0.53	10.57	0.713640	0.252238	0.089154	0.701095	29.27
0.53	11.14	0.679180	0.279323	0.114876	0.701095	29.27
0.53	11.71	0.716624	0.273728	0.104556	0.701095	29.27
0.53	12.29	0.708777	0.295954	0.123577	0.701095	29.27
0.53	12.86	0.696201	0.289482	0.120367	0.701095	29.27
0.53	13.43	0.812064	0.256022	0.080717	0.701095	29.27
0.53	14.00	0.915472	0.170134	0.031618	0.701095	29.27
0.53	14.57	0.636810	0.293327	0.135112	0.701095	29.27
0.53	15.14	0.696161	0.295373	0.125323	0.701095	29.27
0.53	15.71	0.705722	0.301858	0.129114	0.701095	29.27
0.53	16.29	0.835034	0.266876	0.085294	0.701095	29.27
0.53	16.86	0.844475	0.253656	0.076191	0.701095	29.27
0.53	17.43	0.880022	0.228039	0.059091	0.701095	29.27
0.53	18.00	0.800561	0.283176	0.100166	0.701095	29.27
0.53	18.57	0.838905	0.267448	0.085264	0.701095	29.27
0.53	19.14	0.938182	0.166969	0.029716	0.701095	29.27
0.53	19.71	0.811792	0.274865	0.093067	0.701095	29.27
0.53	20.29	0.909970	0.200978	0.044388	0.701095	29.27
0.53	20.86	0.911644	0.201092	0.044357	0.701095	29.27
0.53	21.43	0.957350	0.065200	0.004440	0.701095	29.27
0.53	22.00	0.873939	0.172230	0.033942	0.701095	29.27
0.53	22.57	0.853627	0.128204	0.019255	0.701095	29.27
0.53	23.14	0.917945	0.077076	0.006472	0.701095	29.27
0.53	23.71	0.873113	0.106737	0.013048	0.701095	29.27
0.53	24.29	0.792461	0.244294	0.075309	0.701095	29.27
0.53	24.86	0.862925	0.084899	0.008353	0.701095	29.27
0.53	25.43	0.846006	0.103048	0.012552	0.701095	29.27
0.53	26.00	0.893146	0.097131	0.010563	0.701095	29.27
0.53	26.57	0.875052	0.106416	0.012941	0.701095	29.27
0.53	27.14	0.880110	0.109375	0.013593	0.701095	29.27
0.53	27.71	0.848377	0.124992	0.018415	0.701095	29.27
0.53	28.29	0.881062	0.093881	0.010003	0.701095	29.27
0.53	28.86	0.846030	0.139614	0.023039	0.701095	29.27
0.53	29.43	0.867721	0.107074	0.013213	0.701095	29.27
0.53	30.00	0.892192	0.102294	0.011728	0.701095	29.27
0.55	2.00	0.000000	0.000000	0.000000	0.701095	29.54
0.55	2.57	0.000000	0.000000	0.000000	0.701095	29.54
0.55	3.14	0.000000	0.000000	0.000000	0.701095	29.54
0.55	3.71	0.000000	0.000000	0.000000	0.701095	29.54
0.55	4.29	0.000000	0.000000	0.000000	0.701095	29.54
0.55	4.86	0.000000	0.000000	0.000000	0.701095	29.54
0.55	5.43	0.000000	0.000000	0.000000	0.701095	29.54
0.55	6.00	0.000000	0.000000	0.000000	0.701095	29.54
0.55	6.57	0.000000	0.000000	0.000000	0.701095	29.54
0.55	7.14	0.566964	0.076308	0.010270	0.701095	29.54
0.55	7.71	0.596301	0.178677	0.053539	0.701095	29.54
0.55	8.29	0.686632	0.112342	0.018381	0.701095	29.54
0.55	8.86	0.705260	0.197057	0.055060	0.701095	29.54
0.55	9.43	0.650276	0.271035	0.112968	0.701095	29.54
0.55	10.00	0.673605	0.274100	0.111535	0.701095	29.54
0.55	10.57	0.751488	0.256227	0.087363	0.701095	29.54
0.55	11.14	0.707887	0.285282	0.114970	0.701095	29.54
0.55	11.71	0.815625	0.269621	0.089129	0.701095	29.54
0.55	12.29	0.929998	0.168281	0.030450	0.701095	29.54
0.55	12.86	0.939670	0.168935	0.030371	0.701095	29.54
0.55	13.43	0.923344	0.180566	0.035311	0.701095	29.54
0.55	14.00	0.923990	0.196952	0.041981	0.701095	29.54
0.55	14.57	0.944739	0.167334	0.029639	0.701095	29.54
0.55	15.14	0.942025	0.167750	0.029872	0.701095	29.54
0.55	15.71	0.948962	0.165890	0.028999	0.701095	29.54
0.55	16.29	0.947235	0.168215	0.029873	0.701095	29.54
0.55	16.86	0.709776	0.301476	0.128052	0.701095	29.54
0.55	17.43	0.755386	0.296792	0.116610	0.701095	29.54
0.55	18.00	0.925812	0.115586	0.014431	0.701095	29.54
0.55	18.57	0.899668	0.221140	0.054356	0.701095	29.54
0.55	19.14	0.958381	0.066526	0.004618	0.701095	29.54
0.55	19.71	0.930846	0.146920	0.023189	0.701095	29.54
0.55	20.29	0.974022	0.101226	0.010520	0.701095	29.54
0.55	20.86	0.961367	0.060886	0.003856	0.701095	29.54
0.55	21.43	0.926136	0.073668	0.005860	0.701095	29.54
0.55	22.00	0.909185	0.128530	0.018170	0.701095	29.54
0.55	22.57	0.927173	0.078032	0.006567	0.701095	29.54
0.55	23.14	0.908997	0.083192	0.007614	0.701095	29.54
0.55	23.71	0.889385	0.101556	0.011596	0.701095	29.54
0.55	24.29	0.879513	0.099147	0.011177	0.701095	29.54
0.55	24.86	0.881872	0.100474	0.011447	0.701095	29.54
0.55	25.43	0.885019	0.094442	0.010078	0.701095	29.54
0.55	26.00	0.870260	0.146375	0.024620	0.701095	29.54
0.55	26.57	0.863005	0.122601	0.017417	0.701095	29.54
0.55	27.14	0.874345	0.106762	0.013036	0.701095	29.54
0.55	27.71	0.864884	0.109921	0.013970	0.701095	29.54
0.55	28.29	0.882089	0.105502	0.012619	0.701095	29.54
0.55	28.86	0.892757	0.097148	0.010572	0.701095	29.54
0.55	29.43	0.864127	0.115887	0.015542	0.701095	29.54
0.55	30.00	0.888068	0.118843	0.015904	0.701095	29.54
0.57	2.00	0.000000	0.000000	0.000000	0.701095	29.75
0.57	2.57	0.000000	0.000000	0.000000	0.701095	29.75
0.57	3.14	0.000000	0.000000	0.000000	0.701095	29.75
0.57	3.71	0.000000	0.000000	0.000000	0.701095	29.75
0.57	4.29	0.000000	0.000000	0.000000	0.701095	29.75
0.57	4.86	0.000000	0.000000	0.000000	0.701095	29.75
0.57	5.43	0.000000	0.000000	0.000000	0.701095	29.75
0.57	6.00	0.000000	0.000000	0.000000	0.701095	29.75
0.57	6.57	0.145089	0.000000	0.000000	0.701095	29.75
0.57	7.14	0.501116	0.166913	0.055596	0.701095	29.75
0.57	7.71	0.626786	0.174367	0.048507	0.701095	29.75
0.57	8.29	0.598400	0.253718	0.107575	0.701095	29.75
0.57	8.86	0.718254	0.208921	0.060770	0.701095	29.75
0.57	9.43	0.719088	0.222822	0.069045	0.701095	29.75
0.57	10.00	0.723338	0.237960	0.078283	0.701095	29.75
0.57	10.57	0.718006	0.293859	0.120268	0.701095	29.75
0.57	11.14	0.806407	0.251711	0.078569	0.701095	29.75
0.57	11.71	0.944722	0.129965	0.017879	0.701095	29.75
0.57	12.29	0.918775	0.169785	0.031375	0.701095	29.75
0.57	12.86	0.724284	0.291011	0.116926	0.701095	29.75
0.57	13.43	0.843248	0.248736	0.073371	0.701095	29.75
0.57	14.00	0.938707	0.164686	0.028892	0.701095	29.75
0.57	14.57	0.873798	0.238597	0.065151	0.701095	29.75
0.57	15.14	0.775248	0.293311	0.110973	0.701095	29.75
0.57	15.71	0.873661	0.236357	0.063943	0.701095	29.75
0.57	16.29	0.905251	0.221695	0.054293	0.701095	29.75
0.57	16.86	0.900069	0.217942	0.052772	0.701095	29.75
0.57	17.43	0.910303	0.220696	0.053506	0.701095	29.75
0.57	18.00	0.826796	0.272820	0.090023	0.701095	29.75
0.57	18.57	0.946615	0.167171	0.029522	0.701095	29.75
0.57	19.14	0.813798	0.281949	0.097684	0.701095	29.75
0.57	19.71	0.770380	0.297855	0.115161	0.701095	29.75
0.57	20.29	0.856742	0.254740	0.075743	0.701095	29.75
0.57	20.86	0.890060	0.103454	0.012025	0.701095	29.75
0.57	21.43	0.960261	0.103213	0.011094	0.701095	29.75
0.57	22.00	0.940002	0.112337	0.013425	0.701095	29.75
0.57	22.57	0.955657	0.067320	0.004742	0.701095	29.75
0.57	23.14	0.931920	0.073251	0.005758	0.701095	29.75
0.57	23.71	0.899833	0.098697	0.010825	0.701095	29.75
0.57	24.29	0.878515	0.105381	0.012641	0.701095	29.75
0.57	24.86	0.869939	0.101581	0.011861	0.701095	29.75
0.57	25.43	0.854535	0.020439	0.000489	0.701095	29.75
0.57	26.00	0.851681	0.024227	0.000689	0.701095	29.75
0.57	26.57	0.860569	0.072975	0.006188	0.701095	29.75
0.57	27.14	0.844481	0.154088	0.028116	0.701095	29.75
0.57	27.71	0.864002	0.099789	0.011525	0.701095	29.75
0.57	28.29	0.919091	0.081837	0.007287	0.701095	29.75
0.57	28.86	0.858096	0.123995	0.017917	0.701095	29.75
0.57	29.43	0.871743	0.106637	0.013044	0.701095	29.75
0.57	30.00	0.915779	0.078478	0.006725	0.701095	29.75
0.59	2.00	0.000000	0.000000	0.000000	0.701095	29.95
0.59	2.57	0.000000	0.000000	0.000000	0.701095	29.95
0.59	3.14	0.000000	0.000000	0.000000	0.701095	29.95
0.59	3.71	0.000000	0.000000	0.000000	0.701095	29.95
0.59	4.29	0.000000	0.000000	0.000000	0.701095	29.95
0.59	4.86	0.000000	0.000000	0.000000	0.701095	29.95
0.59	5.43	0.000000	0.000000	0.000000	0.701095	29.95
0.59	6.00	0.000000	0.000000	0.000000	0.701095	29.95
0.59	6.57	0.000000	0.000000	0.000000	0.701095	29.95
0.59	7.14	0.468006	0.183573	0.072006	0.701095	29.95
0.59	7.71	0.571150	0.176493	0.054539	0.701095	29.95
0.59	8.29	0.679548	0.191238	0.053818	0.701095	29.95
0.59	8.86	0.644611	0.256457	0.102031	0.701095	29.95
0.59	9.43	0.779788	0.197708	0.050127	0.701095	29.95
0.59	10.00	0.763074	0.223036	0.065190	0.701095	29.95
0.59	10.57	0.780721	0.231586	0.068695	0.701095	29.95
0.59	11.14	0.698810	0.276746	0.109599	0.701095	29.95
0.59	11.71	0.646100	0.281837	0.122941	0.701095	29.95
0.59	12.29	0.972003	0.122249	0.015375	0.701095	29.95
0.59	12.86	0.974617	0.122339	0.015357	0.701095	29.95
0.59	13.43	0.879865	0.235726	0.063154	0.701095	29.95
0.59	14.00	0.928089	0.195082	0.041006	0.701095	29.95
0.59	14.57	0.991645	0.023504	0.000557	0.701095	29.95
0.59	15.14	0.920186	0.197363	0.042331	0.701095	29.95
0.59	15.71	0.883761	0.234606	0.062279	0.701095	29.95
0.59	16.29	0.991964	0.027711	0.000774	0.701095	29.95
0.59	16.86	0.936112	0.168930	0.030485	0.701095	29.95
0.59	17.43	0.843378	0.260131	0.080234	0.701095	29.95
0.59	18.00	0.880952	0.237413	0.063982	0.701095	29.95
0.59	18.57	0.905620	0.219003	0.052961	0.701095	29.95
0.59	19.14	0.993676	0.026124	0.000687	0.701095	29.95
0.59	19.71	0.944235	0.109375	0.012669	0.701095	29.95
0.59	20.29	0.866462	0.253842	0.074366	0.701095	29.95
0.59	20.86	0.936399	0.067456	0.004859	0.701095	29.95
0.59	21.43	0.919815	0.143886	0.022508	0.701095	29.95
0.59	22.00	0.900614	0.091628	0.009322	0.701095	29.95
0.59	22.57	0.898193	0.086513	0.008333	0.701095	29.95
0.59	23.14	0.876279	0.104378	0.012433	0.701095	29.95
0.59	23.71	0.875385	0.078192	0.006984	0.701095	29.95
0.59	24.29	0.914913	0.082336	0.007410	0.701095	29.95
0.59	24.86	0.894939	0.100844	0.011363	0.701095	29.95
0.59	25.43	0.916389	0.088244	0.008498	0.701095	29.95
0.59	26.00	0.876728	0.101990	0.011864	0.701095	29.95
0.59	26.57	0.873277	0.107526	0.013240	0.701095	29.95
0.59	27.14	0.846775	0.154683	0.028256	0.701095	29.95
0.59	27.71	0.854062	0.017564	0.000361	0.701095	29.95
0.59	28.29	0.898426	0.092393	0.009502	0.701095	29.95
0.59	28.86	0.886690	0.104723	0.012368	0.701095	29.95
0.59	29.43	0.895718	0.116856	0.015245	0.701095	29.95
0.59	30.00	0.896154	0.072599	0.005881	0.701095	29.95
0.62	2.00	0.000000	0.000000	0.000000	0.701095	30.16
0.62	2.57	0.000000	0.000000	0.000000	0.701095	30.16
0.62	3.14	0.000000	0.000000	0.000000	0.701095	30.16
0.62	3.71	0.000000	0.000000	0.000000	0.701095	30.16
0.62	4.29	0.000000	0.000000	0.000000	0.701095	30.16
0.62	4.86	0.000000	0.000000	0.000000	0.701095	30.16
0.62	5.43	0.000000	0.000000	0.000000	0.701095	30.16
0.62	6.00	0.000000	0.000000	0.000000	0.701095	30.16
0.62	6.57	0.651786	0.000000	0.000000	0.701095	30.16
0.62	7.14	0.696429	0.073514	0.007760	0.701095	30.16
0.62	7.71	0.702009	0.166699	0.039584	0.701095	30.16
0.62	8.29	0.691377	0.230714	0.076990	0.701095	30.16
0.62	8.86	0.777809	0.169698	0.037024	0.701095	30.16
0.62	9.43	0.699405	0.246579	0.086933	0.701095	30.16
0.62	10.00	0.673828	0.280562	0.116818	0.701095	30.16
0.62	10.57	0.777570	0.256987	0.084934	0.701095	30.16
0.62	11.14	0.824953	0.228204	0.063127	0.701095	30.16
0.62	11.71	0.849817	0.257847	0.078234	0.701095	30.16
0.62	12.29	0.797692	0.266886	0.089293	0.701095	30.16
0.62	12.86	0.958227	0.124862	0.016270	0.701095	30.16
0.62	13.43	0.965944	0.122583	0.015556	0.701095	30.16
0.62	14.00	0.909085	0.194800	0.041742	0.701095	30.16
0.62	14.57	0.862500	0.249990	0.072458	0.701095	30.16
0.62	15.14	0.930040	0.196488	0.041512	0.701095	30.16
0.62	15.71	0.995733	0.007108	0.000051	0.701095	30.16
0.62	16.29	0.994945	0.010248	0.000106	0.701095	30.16
0.62	16.86	0.950397	0.166951	0.029327	0.701095	30.16
0.62	17.43	0.926985	0.193672	0.040463	0.701095	30.16
0.62	18.00	0.926046	0.192846	0.040160	0.701095	30.16
0.62	18.57	0.983239	0.097167	0.009602	0.701095	30.16
0.62	19.14	0.901962	0.219943	0.053633	0.701095	30.16
0.62	19.71	0.949173	0.105480	0.011722	0.701095	30.16
0.62	20.29	0.950521	0.165469	0.028805	0.701095	30.16
0.62	20.86	0.927624	0.105742	0.012054	0.701095	30.16
0.62	21.43	0.920201	0.104211	0.011802	0.701095	30.16
0.62	22.00	0.928713	0.074096	0.005912	0.701095	30.16
0.62	22.57	0.925325	0.075705	0.006194	0.701095	30.16
0.62	23.14	0.863294	0.105764	0.012957	0.701095	30.16
0.62	23.71	0.877341	0.091332	0.009508	0.701095	30.16
0.62	24.29	0.876052	0.089025	0.009047	0.701095	30.16
0.62	24.86	0.864077	0.121344	0.017041	0.701095	30.16
0.62	25.43	0.860930	0.048039	0.002681	0.701095	30.16
0.62	26.00	0.859090	0.104251	0.012651	0.701095	30.16
0.62	26.57	0.908256	0.084022	0.007773	0.701095	30.16
0.62	27.14	0.869168	0.099245	0.011332	0.701095	30.16
0.62	27.71	0.885887	0.105968	0.012676	0.701095	30.16
0.62	28.29	0.860434	0.124604	0.018045	0.701095	30.16
0.62	28.86	0.878728	0.077186	0.006780	0.701095	30.16
0.62	29.43	0.906519	0.112549	0.013973	0.701095	30.16
0.62	30.00	0.884389	0.110753	0.013870	0.701095	30.16
0.64	2.00	0.000000	0.000000	0.000000	0.701095	30.41
0.64	2.57	0.000000	0.000000	0.000000	0.701095	30.41
0.64	3.14	0.000000	0.000000	0.000000	0.701095	30.41
0.64	3.71	0.000000	0.000000	0.000000	0.701095	30.41
0.64	4.29	0.000000	0.000000	0.000000	0.701095	30.41
0.64	4.86	0.000000	0.000000	0.000000	0.701095	30.41
0.64	5.43	0.000000	0.000000	0.000000	0.701095	30.41
0.64	6.00	0.000000	0.000000	0.000000	0.701095	30.41
0.64	6.57	0.285714	0.000000	0.000000	0.701095	30.41
0.64	7.14	0.661830	0.021728	0.000713	0.701095	30.41
0.64	7.71	0.656656	0.146377	0.032629	0.701095	30.41
0.64	8.29	0.669324	0.223852	0.074866	0.701095	30.41
0.64	8.86	0.767857	0.201420	0.052835	0.701095	30.41
0.64	9.43	0.713046	0.252168	0.089179	0.701095	30.41
0.64	10.00	0.720368	0.272145	0.102812	0.701095	30.41
0.64	10.57	0.716681	0.259960	0.094294	0.701095	30.41
0.64	11.14	0.712003	0.292980	0.120557	0.701095	30.41
0.64	11.71	0.734324	0.287429	0.112506	0.701095	30.41
0.64	12.29	0.985077	0.029578	0.000888	0.701095	30.41
0.64	12.86	0.984966	0.041259	0.001728	0.701095	30.41
0.64	13.43	0.861321	0.232511	0.062766	0.701095	30.41
0.64	14.00	0.904899	0.220755	0.053854	0.701095	30.41
0.64	14.57	0.893750	0.237672	0.063203	0.701095	30.41
0.64	15.14	0.890290	0.236100	0.062612	0.701095	30.41
0.64	15.71	0.978571	0.046716	0.002230	0.701095	30.41
0.64	16.29	0.998227	0.005298	0.000028	0.701095	30.41
0.64	16.86	0.906133	0.219948	0.053389	0.701095	30.41
0.64	17.43	0.969595	0.120178	0.014896	0.701095	30.41
0.64	18.00	0.997458	0.001592	0.000003	0.701095	30.41
0.64	18.57	0.999869	0.000525	0.000000	0.701095	30.41
0.64	19.14	0.999934	0.000377	0.000000	0.701095	30.41
0.64	19.71	1.000000	0.000000	0.000000	0.701095	30.41
0.64	20.29	0.968644	0.055928	0.003229	0.701095	30.41
0.64	20.86	0.976661	0.089848	0.008266	0.701095	30.41
0.64	21.43	0.933130	0.069772	0.005217	0.701095	30.41
0.64	22.00	0.893409	0.090375	0.009142	0.701095	30.41
0.64	22.57	0.897505	0.095861	0.010239	0.701095	30.41
0.64	23.14	0.914966	0.086102	0.008102	0.701095	30.41
0.64	23.71	0.898827	0.076430	0.006499	0.701095	30.41
0.64	24.29	0.893442	0.092870	0.009654	0.701095	30.41
0.64	24.86	0.902068	0.088556	0.008694	0.701095	30.41
0.64	25.43	0.889087	0.084477	0.008027	0.701095	30.41
0.64	26.00	0.889291	0.102032	0.011707	0.701095	30.41
0.64	26.57	0.871570	0.100819	0.011662	0.701095	30.41
0.64	27.14	0.875515	0.107364	0.013166	0.701095	30.41
0.64	27.71	0.861630	0.088435	0.009077	0.701095	30.41
0.64	28.29	0.912628	0.079766	0.006972	0.701095	30.41
0.64	28.86	0.920810	0.083339	0.007543	0.701095	30.41
0.64	29.43	0.907057	0.091257	0.009181	0.701095	30.41
0.64	30.00	0.885544	0.122347	0.016903	0.701095	30.41
0.66	2.00	0.000000	0.000000	0.000000	0.701095	30.66
0.66	2.57	0.000000	0.000000	0.000000	0.701095	30.66
0.66	3.14	0.000000	0.000000	0.000000	0.701095	30.66
0.66	3.71	0.000000	0.000000	0.000000	0.701095	30.66
0.66	4.29	0.000000	0.000000	0.000000	0.701095	30.66
0.66	4.86	0.000000	0.000000	0.000000	0.701095	30.66
0.66	5.43	0.000000	0.000000	0.000000	0.701095	30.66
0.66	6.00	0.000000	0.000000	0.000000	0.701095	30.66
0.66	6.57	0.389509	0.077009	0.015225	0.701095	30.66
0.66	7.14	0.466964	0.219248	0.102941	0.701095	30.66
0.66	7.71	0.668628	0.177486	0.047113	0.701095	30.66
0.66	8.29	0.801935	0.034159	0.001455	0.701095	30.66
0.66	8.86	0.765129	0.198345	0.051417	0.701095	30.66
0.66	9.43	0.725198	0.256533	0.090747	0.701095	30.66
0.66	10.00	0.748120	0.262988	0.092449	0.701095	30.66
0.66	10.57	0.813345	0.255283	0.080125	0.701095	30.66
0.66	11.14	0.817766	0.268534	0.088180	0.701095	30.66
0.66	11.71	0.750779	0.286640	0.109437	0.701095	30.66
0.66	12.29	0.837388	0.264023	0.083245	0.701095	30.66
0.66	12.86	0.823501	0.269948	0.088491	0.701095	30.66
0.66	13.43	0.795404	0.284712	0.101912	0.701095	30.66
0.66	14.00	0.925693	0.194685	0.040945	0.701095	30.66
0.66	14.57	0.901728	0.215438	0.051472	0.701095	30.66
0.66	15.14	0.806946	0.274464	0.093353	0.701095	30.66
0.66	15.71	0.842581	0.256825	0.078282	0.701095	30.66
0.66	16.29	0.816863	0.277541	0.094298	0.701095	30.66
0.66	16.86	0.889423	0.237723	0.063538	0.701095	30.66
0.66	17.43	0.889423	0.238460	0.063933	0.701095	30.66
0.66	18.00	0.905543	0.177397	0.034752	0.701095	30.66
0.66	18.57	0.909864	0.145362	0.023223	0.701095	30.66
0.66	19.14	0.928330	0.195627	0.041224	0.701095	30.66
0.66	19.71	0.946465	0.065792	0.004573	0.701095	30.66
0.66	20.29	0.947628	0.100738	0.010709	0.701095	30.66
0.66	20.86	0.938120	0.069431	0.005139	0.701095	30.66
0.66	21.43	0.930773	0.071079	0.005428	0.701095	30.66
0.66	22.00	0.933850	0.067206	0.004837	0.701095	30.66
0.66	22.57	0.919055	0.077516	0.006538	0.701095	30.66
0.66	23.14	0.933622	0.066484	0.004734	0.701095	30.66
0.66	23.71	0.875989	0.103684	0.012272	0.701095	30.66
0.66	24.29	0.854420	0.140609	0.023140	0.701095	30.66
0.66	24.86	0.914345	0.085107	0.007922	0.701095	30.66
0.66	25.43	0.863479	0.015792	0.000289	0.701095	30.66
0.66	26.00	0.911145	0.084657	0.007866	0.701095	30.66
0.66	26.57	0.891314	0.109493	0.013451	0.701095	30.66
0.66	27.14	0.856463	0.090118	0.009482	0.701095	30.66
0.66	27.71	0.871525	0.120699	0.016716	0.701095	30.66
0.66	28.29	0.904040	0.091978	0.009358	0.701095	30.66
0.66	28.86	0.929822	0.073931	0.005878	0.701095	30.66
0.66	29.43	0.918567	0.086664	0.008176	0.701095	30.66
0.66	30.00	0.933577	0.071631	0.005496	0.701095	30.66
0.68	2.00	0.000000	0.000000	0.000000	0.898279	30.23
0.68	2.57	0.000000	0.000000	0.000000	0.898279	30.23
0.68	3.14	0.000000	0.000000	0.000000	0.898279	30.23
0.68	3.71	0.000000	0.000000	0.000000	0.898279	30.23
0.68	4.29	0.000000	0.000000	0.000000	0.898279	30.23
0.68	4.86	0.000000	0.000000	0.000000	0.898279	30.23
0.68	5.43	0.000000	0.000000	0.000000	0.898279	30.23
0.68	6.00	0.000000	0.000000	0.000000	0.898279	30.23
0.68	6.57	0.493031	0.056685	0.006517	0.898279	30.23
0.68	7.14	0.538576	0.031198	0.001807	0.898279	30.23
0.68	7.71	0.483862	0.208293	0.089666	0.898279	30.23
0.68	8.29	0.531119	0.209788	0.082865	0.898279	30.23
0.68	8.86	0.582330	0.204002	0.071466	0.898279	30.23
0.68	9.43	0.533830	0.226592	0.096180	0.898279	30.23
0.68	10.00	0.552068	0.247749	0.111181	0.898279	30.23
0.68	10.57	0.567576	0.264130	0.122917	0.898279	30.23
0.68	11.14	0.615993	0.271381	0.119559	0.898279	30.23
0.68	11.71	0.634044	0.286144	0.129137	0.898279	30.23
0.68	12.29	0.554559	0.267508	0.129041	0.898279	30.23
0.68	12.86	0.572213	0.278871	0.135910	0.898279	30.23
0.68	13.43	0.601871	0.295233	0.144819	0.898279	30.23
0.68	14.00	0.705871	0.301582	0.128850	0.898279	30.23
0.68	14.57	0.634372	0.315522	0.156933	0.898279	30.23
0.68	15.14	0.638695	0.307986	0.148515	0.898279	30.23
0.68	15.71	0.744698	0.295996	0.117650	0.898279	30.23
0.68	16.29	0.752465	0.296893	0.117142	0.898279	30.23
0.68	16.86	0.848154	0.176177	0.036595	0.898279	30.23
0.68	17.43	0.769833	0.251693	0.082290	0.898279	30.23
0.68	18.00	0.871249	0.085736	0.008437	0.898279	30.23
0.68	18.57	0.868564	0.073347	0.006194	0.898279	30.23
0.68	19.14	0.791576	0.108596	0.014898	0.898279	30.23
0.68	19.71	0.797299	0.177999	0.039739	0.898279	30.23
0.68	20.29	0.804337	0.097131	0.011729	0.898279	30.23
0.68	20.86	0.788734	0.127781	0.020701	0.898279	30.23
0.68	21.43	0.737317	0.124848	0.021140	0.898279	30.23
0.68	22.00	0.729157	0.134448	0.024791	0.898279	30.23
0.68	22.57	0.788224	0.142467	0.025750	0.898279	30.23
0.68	23.14	0.796982	0.127602	0.020430	0.898279	30.23
0.68	23.71	0.787163	0.106667	0.014454	0.898279	30.23
0.68	24.29	0.761746	0.118539	0.018447	0.898279	30.23
0.68	24.86	0.811947	0.134056	0.022133	0.898279	30.23
0.68	25.43	0.817964	0.104757	0.013416	0.898279	30.23
0.68	26.00	0.819846	0.118455	0.017115	0.898279	30.23
0.68	26.57	0.844176	0.140949	0.023534	0.898279	30.23
0.68	27.14	0.838648	0.142938	0.024362	0.898279	30.23
0.68	27.71	0.831102	0.153011	0.028170	0.898279	30.23
0.68	28.29	0.750258	0.172503	0.039663	0.898279	30.23
0.68	28.86	0.829033	0.167619	0.033890	0.898279	30.23
0.68	29.43	0.869258	0.136135	0.021320	0.898279	30.23
0.68	30.00	0.781988	0.151707	0.029431	0.898279	30.23
0.71	2.00	0.000000	0.000000	0.000000	0.898279	30.49
0.71	2.57	0.000000	0.000000	0.000000	0.898279	30.49
0.71	3.14	0.000000	0.000000	0.000000	0.898279	30.49
0.71	3.71	0.000000	0.000000	0.000000	0.898279	30.49
0.71	4.29	0.000000	0.000000	0.000000	0.898279	30.49
0.71	4.86	0.000000	0.000000	0.000000	0.898279	30.49
0.71	5.43	0.000000	0.000000	0.000000	0.898279	30.49
0.71	6.00	0.000000	0.000000	0.000000	0.898279	30.49
0.71	6.57	0.530488	0.000871	0.000001	0.898279	30.49
0.71	7.14	0.579365	0.052304	0.004722	0.898279	30.49
0.71	7.71	0.655343	0.013855	0.000293	0.898279	30.49
0.71	8.29	0.609694	0.185908	0.056687	0.898279	30.49
0.71	8.86	0.650332	0.146031	0.032791	0.898279	30.49
0.71	9.43	0.630617	0.247357	0.097025	0.898279	30.49
0.71	10.00	0.624286	0.269259	0.116133	0.898279	30.49
0.71	10.57	0.582052	0.280950	0.135611	0.898279	30.49
0.71	11.14	0.560059	0.292058	0.152301	0.898279	30.49
0.71	11.71	0.721680	0.255165	0.090219	0.898279	30.49
0.71	12.29	0.909172	0.167016	0.030681	0.898279	30.49
0.71	12.86	0.899780	0.209649	0.048848	0.898279	30.49
0.71	13.43	0.963076	0.131867	0.018056	0.898279	30.49
0.71	14.00	0.735627	0.300408	0.122677	0.898279	30.49
0.71	14.57	0.692867	0.320779	0.148512	0.898279	30.49
0.71	15.14	0.893192	0.229753	0.059099	0.898279	30.49
0.71	15.71	0.901437	0.229224	0.058289	0.898279	30.49
0.71	16.29	0.786837	0.304591	0.117910	0.898279	30.49
0.71	16.86	0.897397	0.112752	0.014166	0.898279	30.49
0.71	17.43	0.817919	0.199264	0.048545	0.898279	30.49
0.71	18.00	0.812369	0.211244	0.054931	0.898279	30.49
0.71	18.57	0.849463	0.173122	0.035283	0.898279	30.49
0.71	19.14	0.881620	0.020110	0.000459	0.898279	30.49
0.71	19.71	0.887447	0.048234	0.002622	0.898279	30.49
0.71	20.29	0.876097	0.109123	0.013592	0.898279	30.49
0.71	20.86	0.829286	0.109814	0.014541	0.898279	30.49
0.71	21.43	0.861707	0.045444	0.002397	0.898279	30.49
0.71	22.00	0.843701	0.054917	0.003575	0.898279	30.49
0.71	22.57	0.829087	0.102716	0.012726	0.898279	30.49
0.71	23.14	0.846278	0.052576	0.003266	0.898279	30.49
0.71	23.71	0.843074	0.126349	0.018936	0.898279	30.49
0.71	24.29	0.846563	0.135642	0.021733	0.898279	30.49
0.71	24.86	0.829394	0.131795	0.020943	0.898279	30.49
0.71	25.43	0.853091	0.133239	0.020810	0.898279	30.49
0.71	26.00	0.828029	0.154030	0.028653	0.898279	30.49
0.71	26.57	0.848773	0.052135	0.003202	0.898279	30.49
0.71	27.14	0.874191	0.111946	0.014335	0.898279	30.49
0.71	27.71	0.876450	0.099938	0.011396	0.898279	30.49
0.71	28.29	0.848819	0.140128	0.023133	0.898279	30.49
0.71	28.86	0.796340	0.145735	0.026671	0.898279	30.49
0.71	29.43	0.812016	0.157186	0.030427	0.898279	30.49
0.71	30.00	0.848350	0.145113	0.024822	0.898279	30.49
0.73	2.00	0.000000	0.000000	0.000000	0.898279	30.73
0.73	2.57	0.000000	0.000000	0.000000	0.898279	30.73
0.73	3.14	0.000000	0.000000	0.000000	0.898279	30.73
0.73	3.71	0.000000	0.000000	0.000000	0.898279	30.73
0.73	4.29	0.000000	0.000000	0.000000	0.898279	30.73
0.73	4.86	0.000000	0.000000	0.000000	0.898279	30.73
0.73	5.43	0.000000	0.000000	0.000000	0.898279	30.73
0.73	6.00	0.132404	0.000000	0.000000	0.898279	30.73
0.73	6.57	0.526132	0.000000	0.000000	0.898279	30.73
0.73	7.14	0.630662	0.035333	0.001980	0.898279	30.73
0.73	7.71	0.642470	0.121809	0.023095	0.898279	30.73
0.73	8.29	0.595754	0.206656	0.071685	0.898279	30.73
0.73	8.86	0.574160	0.240973	0.101136	0.898279	30.73
0.73	9.43	0.601895	0.260330	0.112597	0.898279	30.73
0.73	10.00	0.582825	0.272788	0.127677	0.898279	30.73
0.73	10.57	0.700227	0.254009	0.092143	0.898279	30.73
0.73	11.14	0.683742	0.280404	0.114994	0.898279	30.73
0.73	11.71	0.748076	0.294325	0.115800	0.898279	30.73
0.73	12.29	0.847011	0.247843	0.072521	0.898279	30.73
0.73	12.86	0.915780	0.206041	0.046357	0.898279	30.73
0.73	13.43	0.804955	0.292379	0.106199	0.898279	30.73
0.73	14.00	0.949569	0.132329	0.018441	0.898279	30.73
0.73	14.57	0.898463	0.234758	0.061340	0.898279	30.73
0.73	15.14	0.925912	0.208150	0.046793	0.898279	30.73
0.73	15.71	0.988452	0.036184	0.001325	0.898279	30.73
0.73	16.29	0.875261	0.250216	0.071530	0.898279	30.73
0.73	16.86	0.880801	0.245533	0.068445	0.898279	30.73
0.73	17.43	0.911748	0.093080	0.009502	0.898279	30.73
0.73	18.00	0.973771	0.054359	0.003034	0.898279	30.73
0.73	18.57	0.888478	0.098612	0.010945	0.898279	30.73
0.73	19.14	0.877688	0.132278	0.019936	0.898279	30.73
0.73	19.71	0.891169	0.013254	0.000197	0.898279	30.73
0.73	20.29	0.894967	0.086403	0.008342	0.898279	30.73
0.73	20.86	0.905017	0.039292	0.001706	0.898279	30.73
0.73	21.43	0.863154	0.125343	0.018202	0.898279	30.73
0.73	22.00	0.891761	0.012979	0.000189	0.898279	30.73
0.73	22.57	0.891355	0.111420	0.013928	0.898279	30.73
0.73	23.14	0.888685	0.112514	0.014245	0.898279	30.73
0.73	23.71	0.868439	0.123149	0.017463	0.898279	30.73
0.73	24.29	0.858745	0.124931	0.018175	0.898279	30.73
0.73	24.86	0.885878	0.026433	0.000789	0.898279	30.73
0.73	25.43	0.852066	0.125643	0.018527	0.898279	30.73
0.73	26.00	0.852878	0.137440	0.022148	0.898279	30.73
0.73	26.57	0.886179	0.029643	0.000992	0.898279	30.73
0.73	27.14	0.856760	0.067483	0.005315	0.898279	30.73
0.73	27.71	0.870663	0.110695	0.014074	0.898279	30.73
0.73	28.29	0.810735	0.161416	0.032138	0.898279	30.73
0.73	28.86	0.872159	0.174490	0.034909	0.898279	30.73
0.73	29.43	0.819515	0.177072	0.038260	0.898279	30.73
0.73	30.00	0.811952	0.206922	0.052733	0.898279	30.73
0.75	2.00	0.000000	0.000000	0.000000	0.898279	30.94
0.75	2.57	0.000000	0.000000	0.000000	0.898279	30.94
0.75	3.14	0.000000	0.000000	0.000000	0.898279	30.94
0.75	3.71	0.000000	0.000000	0.000000	0.898279	30.94
0.75	4.29	0.000000	0.000000	0.000000	0.898279	30.94
0.75	4.86	0.000000	0.000000	0.000000	0.898279	30.94
0.75	5.43	0.000000	0.000000	0.000000	0.898279	30.94
0.75	6.00	0.538328	0.000000	0.000000	0.898279	30.94
0.75	6.57	0.628339	0.016851	0.000452	0.898279	30.94
0.75	7.14	0.616725	0.143017	0.033165	0.898279	30.94
0.75	7.71	0.674313	0.010444	0.000162	0.898279	30.94
0.75	8.29	0.554668	0.223760	0.090268	0.898279	30.94
0.75	8.86	0.493985	0.241160	0.117732	0.898279	30.94
0.75	9.43	0.602912	0.251152	0.104621	0.898279	30.94
0.75	10.00	0.637050	0.252641	0.100192	0.898279	30.94
0.75	10.57	0.610527	0.271030	0.120318	0.898279	30.94
0.75	11.14	0.676625	0.270608	0.108226	0.898279	30.94
0.75	11.71	0.884292	0.209244	0.049512	0.898279	30.94
0.75	12.29	0.949574	0.132671	0.018536	0.898279	30.94
0.75	12.86	0.868788	0.230029	0.060905	0.898279	30.94
0.75	13.43	0.907948	0.204492	0.046056	0.898279	30.94
0.75	14.00	0.895113	0.229639	0.058913	0.898279	30.94
0.75	14.57	0.919390	0.209687	0.047824	0.898279	30.94
0.75	15.14	0.972803	0.128030	0.016850	0.898279	30.94
0.75	15.71	0.997810	0.007784	0.000061	0.898279	30.94
0.75	16.29	0.915796	0.161617	0.028522	0.898279	30.94
0.75	16.86	1.000000	0.000000	0.000000	0.898279	30.94
0.75	17.43	0.903451	0.165037	0.030148	0.898279	30.94
0.75	18.00	0.892033	0.068232	0.005219	0.898279	30.94
0.75	18.57	0.890832	0.109105	0.013363	0.898279	30.94
0.75	19.14	0.892714	0.042288	0.002003	0.898279	30.94
0.75	19.71	0.893265	0.097850	0.010719	0.898279	30.94
0.75	20.29	0.885686	0.022431	0.000568	0.898279	30.94
0.75	20.86	0.886185	0.115084	0.014945	0.898279	30.94
0.75	21.43	0.867371	0.110418	0.014056	0.898279	30.94
0.75	22.00	0.866661	0.136518	0.021505	0.898279	30.94
0.75	22.57	0.885711	0.114105	0.014700	0.898279	30.94
0.75	23.14	0.877905	0.119221	0.016190	0.898279	30.94
0.75	23.71	0.887129	0.006375	0.000046	0.898279	30.94
0.75	24.29	0.881978	0.114694	0.014915	0.898279	30.94
0.75	24.86	0.893099	0.109143	0.013338	0.898279	30.94
0.75	25.43	0.887777	0.113515	0.014514	0.898279	30.94
0.75	26.00	0.892006	0.098585	0.010896	0.898279	30.94
0.75	26.57	0.882778	0.118532	0.015915	0.898279	30.94
0.75	27.14	0.886005	0.023101	0.000602	0.898279	30.94
0.75	27.71	0.828075	0.198386	0.047529	0.898279	30.94
0.75	28.29	0.874531	0.138886	0.022057	0.898279	30.94
0.75	28.86	0.837422	0.201365	0.048420	0.898279	30.94
0.75	29.43	0.848413	0.178825	0.037692	0.898279	30.94
0.75	30.00	0.861894	0.126883	0.018679	0.898279	30.94
0.77	2.00	0.000000	0.000000	0.000000	0.898279	31.14
0.77	2.57	0.000000	0.000000	0.000000	0.898279	31.14
0.77	3.14	0.000000	0.000000	0.000000	0.898279	31.14
0.77	3.71	0.000000	0.000000	0.000000	0.898279	31.14
0.77	4.29	0.000000	0.000000	0.000000	0.898279	31.14
0.77	4.86	0.000000	0.000000	0.000000	0.898279	31.14
0.77	5.43	0.000000	0.000000	0.000000	0.898279	31.14
0.77	6.00	0.545296	0.013937	0.000356	0.898279	31.14
0.77	6.57	0.620557	0.040355	0.002624	0.898279	31.14
0.77	7.14	0.678571	0.014051	0.000291	0.898279	31.14
0.77	7.71	0.610741	0.215034	0.075711	0.898279	31.14
0.77	8.29	0.631630	0.219424	0.076227	0.898279	31.14
0.77	8.86	0.656849	0.220537	0.074045	0.898279	31.14
0.77	9.43	0.608221	0.259752	0.110932	0.898279	31.14
0.77	10.00	0.638908	0.270141	0.114220	0.898279	31.14
0.77	10.57	0.628280	0.293071	0.136708	0.898279	31.14
0.77	11.14	0.835248	0.220912	0.058428	0.898279	31.14
0.77	11.71	0.897213	0.205899	0.047251	0.898279	31.14
0.77	12.29	0.950211	0.104613	0.011517	0.898279	31.14
0.77	12.86	0.886530	0.226010	0.057619	0.898279	31.14
0.77	13.43	0.963166	0.132255	0.018160	0.898279	31.14
0.77	14.00	0.900605	0.235801	0.061739	0.898279	31.14
0.77	14.57	0.877570	0.250565	0.071542	0.898279	31.14
0.77	15.14	0.846222	0.283573	0.095027	0.898279	31.14
0.77	15.71	0.935976	0.178968	0.034220	0.898279	31.14
0.77	16.29	0.992185	0.032157	0.001042	0.898279	31.14
0.77	16.86	0.904020	0.113191	0.014172	0.898279	31.14
0.77	17.43	0.884079	0.141382	0.022610	0.898279	31.14
0.77	18.00	0.893248	0.109990	0.013544	0.898279	31.14
0.77	18.57	0.890160	0.111207	0.013893	0.898279	31.14
0.77	19.14	0.906169	0.070673	0.005512	0.898279	31.14
0.77	19.71	0.887928	0.111682	0.014047	0.898279	31.14
0.77	20.29	0.890517	0.013080	0.000192	0.898279	31.14
0.77	20.86	0.892846	0.103929	0.012097	0.898279	31.14
0.77	21.43	0.885725	0.012504	0.000177	0.898279	31.14
0.77	22.00	0.891649	0.109547	0.013459	0.898279	31.14
0.77	22.57	0.887119	0.112077	0.014160	0.898279	31.14
0.77	23.14	0.888770	0.112442	0.014225	0.898279	31.14
0.77	23.71	0.890528	0.011987	0.000161	0.898279	31.14
0.77	24.29	0.887097	0.113234	0.014454	0.898279	31.14
0.77	24.86	0.884387	0.115018	0.014959	0.898279	31.14
0.77	25.43	0.892913	0.051024	0.002916	0.898279	31.14
0.77	26.00	0.860173	0.060745	0.004290	0.898279	31.14
0.77	26.57	0.889715	0.110465	0.013715	0.898279	31.14
0.77	27.14	0.896302	0.056480	0.003559	0.898279	31.14
0.77	27.71	0.890303	0.109482	0.013463	0.898279	31.14
0.77	28.29	0.878768	0.118614	0.016010	0.898279	31.14
0.77	28.86	0.880750	0.095793	0.010419	0.898279	31.14
0.77	29.43	0.883110	0.136714	0.021165	0.898279	31.14
0.77	30.00	0.878032	0.165634	0.031246	0.898279	31.14
0.80	2.00	0.000000	0.000000	0.000000	0.898279	31.36
0.80	2.57	0.000000	0.000000	0.000000	0.898279	31.36
0.80	3.14	0.000000	0.000000	0.000000	0.898279	31.36
0.80	3.71	0.000000	0.000000	0.000000	0.898279	31.36
0.80	4.29	0.000000	0.000000	0.000000	0.898279	31.36
0.80	4.86	0.000000	0.000000	0.000000	0.898279	31.36
0.80	5.43	0.000000	0.000000	0.000000	0.898279	31.36
0.80	6.00	0.642857	0.000000	0.000000	0.898279	31.36
0.80	6.57	0.666086	0.005749	0.000050	0.898279	31.36
0.80	7.14	0.693380	0.008883	0.000114	0.898279	31.36
0.80	7.71	0.695231	0.132811	0.025371	0.898279	31.36
0.80	8.29	0.670669	0.235756	0.082874	0.898279	31.36
0.80	8.86	0.690212	0.247225	0.088553	0.898279	31.36
0.80	9.43	0.727207	0.240626	0.079621	0.898279	31.36
0.80	10.00	0.760900	0.275859	0.100011	0.898279	31.36
0.80	10.57	0.735956	0.286376	0.111434	0.898279	31.36
0.80	11.14	0.789284	0.280975	0.100024	0.898279	31.36
0.80	11.71	0.980308	0.040590	0.001681	0.898279	31.36
0.80	12.29	0.948945	0.131255	0.018155	0.898279	31.36
0.80	12.86	0.986411	0.035791	0.001299	0.898279	31.36
0.80	13.43	0.781834	0.322151	0.132740	0.898279	31.36
0.80	14.00	0.767737	0.319243	0.132749	0.898279	31.36
0.80	14.57	0.925623	0.204522	0.045190	0.898279	31.36
0.80	15.14	0.869214	0.264813	0.080677	0.898279	31.36
0.80	15.71	0.931583	0.141159	0.021389	0.898279	31.36
0.80	16.29	0.905073	0.221615	0.054264	0.898279	31.36
0.80	16.86	0.920329	0.110113	0.013174	0.898279	31.36
0.80	17.43	0.942705	0.062960	0.004205	0.898279	31.36
0.80	18.00	1.000000	0.000000	0.000000	0.898279	31.36
0.80	18.57	0.923517	0.075840	0.006228	0.898279	31.36
0.80	19.14	0.921038	0.048211	0.002524	0.898279	31.36
0.80	19.71	0.893685	0.098656	0.010891	0.898279	31.36
0.80	20.29	0.916670	0.076547	0.006392	0.898279	31.36
0.80	20.86	0.888302	0.112475	0.014241	0.898279	31.36
0.80	21.43	0.888729	0.011474	0.000148	0.898279	31.36
0.80	22.00	0.885880	0.114069	0.014688	0.898279	31.36
0.80	22.57	0.900603	0.084864	0.007997	0.898279	31.36
0.80	23.14	0.891252	0.110974	0.013818	0.898279	31.36
0.80	23.71	0.889574	0.111656	0.014015	0.898279	31.36
0.80	24.29	0.889246	0.110773	0.013799	0.898279	31.36
0.80	24.86	0.889214	0.012240	0.000168	0.898279	31.36
0.80	25.43	0.901897	0.073207	0.005942	0.898279	31.36
0.80	26.00	0.884217	0.118269	0.015819	0.898279	31.36
0.80	26.57	0.895583	0.107924	0.013006	0.898279	31.36
0.80	27.14	0.890554	0.011688	0.000153	0.898279	31.36
0.80	27.71	0.923610	0.072085	0.005626	0.898279	31.36
0.80	28.29	0.941557	0.076123	0.006154	0.898279	31.36
0.80	28.86	0.843909	0.175052	0.036311	0.898279	31.36
0.80	29.43	0.891536	0.161870	0.029390	0.898279	31.36
0.80	30.00	0.887538	0.136031	0.020849	0.898279	31.36
0.82	2.00	0.000000	0.000000	0.000000	0.898279	31.53
0.82	2.57	0.000000	0.000000	0.000000	0.898279	31.53
0.82	3.14	0.000000	0.000000	0.000000	0.898279	31.53
0.82	3.71	0.000000	0.000000	0.000000	0.898279	31.53
0.82	4.29	0.000000	0.000000	0.000000	0.898279	31.53
0.82	4.86	0.000000	0.000000	0.000000	0.898279	31.53
0.82	5.43	0.000000	0.000000	0.000000	0.898279	31.53
0.82	6.00	0.000000	0.000000	0.000000	0.898279	31.53
0.82	6.57	0.665941	0.007009	0.000074	0.898279	31.53
0.82	7.14	0.649100	0.151133	0.035189	0.898279	31.53
0.82	7.71	0.699826	0.126343	0.022809	0.898279	31.53
0.82	8.29	0.651006	0.248815	0.095097	0.898279	31.53
0.82	8.86	0.736883	0.268172	0.097595	0.898279	31.53
0.82	9.43	0.782956	0.257895	0.084947	0.898279	31.53
0.82	10.00	0.679365	0.287441	0.121617	0.898279	31.53
0.82	10.57	0.759713	0.269502	0.095604	0.898279	31.53
0.82	11.14	0.893257	0.172755	0.033411	0.898279	31.53
0.82	11.71	0.867092	0.253703	0.074231	0.898279	31.53
0.82	12.29	0.923110	0.208925	0.047285	0.898279	31.53
0.82	12.86	0.841551	0.286971	0.097858	0.898279	31.53
0.82	13.43	0.948489	0.166321	0.029165	0.898279	31.53
0.82	14.00	0.996665	0.013322	0.000178	0.898279	31.53
0.82	14.57	0.951267	0.173256	0.031555	0.898279	31.53
0.82	15.14	0.975233	0.126566	0.016426	0.898279	31.53
0.82	15.71	0.997003	0.020976	0.000441	0.898279	31.53
0.82	16.29	0.988737	0.034453	0.001201	0.898279	31.53
0.82	16.86	0.933642	0.057498	0.003541	0.898279	31.53
0.82	17.43	0.950335	0.054800	0.003160	0.898279	31.53
0.82	18.00	0.963517	0.052132	0.002821	0.898279	31.53
0.82	18.57	0.960926	0.049980	0.002600	0.898279	31.53
0.82	19.14	0.928362	0.064828	0.004527	0.898279	31.53
0.82	19.71	0.912934	0.078003	0.006665	0.898279	31.53
0.82	20.29	0.891393	0.110987	0.013819	0.898279	31.53
0.82	20.86	0.894908	0.039008	0.001700	0.898279	31.53
0.82	21.43	0.900656	0.036095	0.001447	0.898279	31.53
0.82	22.00	0.890439	0.021927	0.000540	0.898279	31.53
0.82	22.57	0.897288	0.033821	0.001275	0.898279	31.53
0.82	23.14	0.894668	0.026063	0.000759	0.898279	31.53
0.82	23.71	0.891159	0.015679	0.000276	0.898279	31.53
0.82	24.29	0.887991	0.012172	0.000167	0.898279	31.53
0.82	24.86	0.902745	0.071941	0.005733	0.898279	31.53
0.82	25.43	0.890607	0.011471	0.000148	0.898279	31.53
0.82	26.00	0.891778	0.110608	0.013719	0.898279	31.53
0.82	26.57	0.889957	0.111196	0.013893	0.898279	31.53
0.82	27.14	0.898195	0.056830	0.003596	0.898279	31.53
0.82	27.71	0.891347	0.151108	0.025617	0.898279	31.53
0.82	28.29	0.909732	0.074795	0.006149	0.898279	31.53
0.82	28.86	0.891860	0.110227	0.013623	0.898279	31.53
0.82	29.43	0.976558	0.043166	0.001908	0.898279	31.53
0.82	30.00	0.907797	0.098103	0.010602	0.898279	31.53
0.84	2.00	0.000000	0.000000	0.000000	0.898279	31.72
0.84	2.57	0.000000	0.000000	0.000000	0.898279	31.72
0.84	3.14	0.000000	0.000000	0.000000	0.898279	31.72
0.84	3.71	0.000000	0.000000	0.000000	0.898279	31.72
0.84	4.29	0.000000	0.000000	0.000000	0.898279	31.72
0.84	4.86	0.000000	0.000000	0.000000	0.898279	31.72
0.84	5.43	0.000000	0.000000	0.000000	0.898279	31.72
0.84	6.00	0.000000	0.000000	0.000000	0.898279	31.72
0.84	6.57	0.675958	0.009328	0.000129	0.898279	31.72
0.84	7.14	0.713415	0.037964	0.002020	0.898279	31.72
0.84	7.71	0.700624	0.140248	0.028074	0.898279	31.72
0.84	8.29	0.772648	0.140894	0.025692	0.898279	31.72
0.84	8.86	0.664759	0.278576	0.116741	0.898279	31.72
0.84	9.43	0.753909	0.302062	0.121024	0.898279	31.72
0.84	10.00	0.800981	0.278463	0.096808	0.898279	31.72
0.84	10.57	0.882840	0.235437	0.062787	0.898279	31.72
0.84	11.14	0.966846	0.132915	0.018272	0.898279	31.72
0.84	11.71	0.940518	0.178658	0.033937	0.898279	31.72
0.84	12.29	0.845458	0.274866	0.089361	0.898279	31.72
0.84	12.86	0.931620	0.178552	0.034221	0.898279	31.72
0.84	13.43	0.838489	0.281653	0.094609	0.898279	31.72
0.84	14.00	0.850962	0.282107	0.093523	0.898279	31.72
0.84	14.57	0.991192	0.036398	0.001337	0.898279	31.72
0.84	15.14	0.885485	0.247761	0.069324	0.898279	31.72
0.84	15.71	0.900339	0.230638	0.059082	0.898279	31.72
0.84	16.29	0.859055	0.265037	0.081770	0.898279	31.72
0.84	16.86	0.997048	0.017464	0.000306	0.898279	31.72
0.84	17.43	0.936853	0.071057	0.005389	0.898279	31.72
0.84	18.00	0.984399	0.037016	0.001392	0.898279	31.72
0.84	18.57	0.947711	0.063789	0.004294	0.898279	31.72
0.84	19.14	0.894150	0.020043	0.000449	0.898279	31.72
0.84	19.71	0.911171	0.075212	0.006208	0.898279	31.72
0.84	20.29	0.910028	0.067894	0.005065	0.898279	31.72
0.84	20.86	0.890154	0.019852	0.000443	0.898279	31.72
0.84	21.43	0.915864	0.071590	0.005596	0.898279	31.72
0.84	22.00	0.891234	0.016393	0.000302	0.898279	31.72
0.84	22.57	0.908068	0.080694	0.007171	0.898279	31.72
0.84	23.14	0.900181	0.072696	0.005871	0.898279	31.72
0.84	23.71	0.886605	0.097229	0.010663	0.898279	31.72
0.84	24.29	0.891551	0.012243	0.000168	0.898279	31.72
0.84	24.86	0.893213	0.109262	0.013366	0.898279	31.72
0.84	25.43	0.900922	0.067020	0.004986	0.898279	31.72
0.84	26.00	0.892403	0.087844	0.008647	0.898279	31.72
0.84	26.57	0.909918	0.077367	0.006578	0.898279	31.72
0.84	27.14	0.896368	0.111444	0.013856	0.898279	31.72
0.84	27.71	0.896477	0.066659	0.004957	0.898279	31.72
0.84	28.29	0.925359	0.132196	0.018886	0.898279	31.72
0.84	28.86	0.897013	0.106786	0.012713	0.898279	31.72
0.84	29.43	0.877902	0.172513	0.033900	0.898279	31.72
0.84	30.00	0.885576	0.100172	0.011331	0.898279	31.72
0.86	2.00	0.000000	0.000000	0.000000	0.898279	31.87
0.86	2.57	0.000000	0.000000	0.000000	0.898279	31.87
0.86	3.14	0.000000	0.000000	0.000000	0.898279	31.87
0.86	3.71	0.000000	0.000000	0.000000	0.898279	31.87
0.86	4.29	0.000000	0.000000	0.000000	0.898279	31.87
0.86	4.86	0.000000	0.000000	0.000000	0.898279	31.87
0.86	5.43	0.000000	0.000000	0.000000	0.898279	31.87
0.86	6.00	0.653310	0.000000	0.000000	0.898279	31.87
0.86	6.57	0.664808	0.010717	0.000173	0.898279	31.87
0.86	7.14	0.696730	0.013928	0.000278	0.898279	31.87
0.86	7.71	0.642442	0.234018	0.085244	0.898279	31.87
0.86	8.29	0.680376	0.246666	0.089428	0.898279	31.87
0.86	8.86	0.744096	0.270110	0.098051	0.898279	31.87
0.86	9.43	0.761920	0.293225	0.112848	0.898279	31.87
0.86	10.00	0.924401	0.177593	0.034119	0.898279	31.87
0.86	10.57	0.950903	0.135037	0.019177	0.898279	31.87
0.86	11.14	0.959084	0.129116	0.017382	0.898279	31.87
0.86	11.71	0.996721	0.006250	0.000039	0.898279	31.87
0.86	12.29	0.900009	0.234010	0.060845	0.898279	31.87
0.86	12.86	0.947688	0.174882	0.032272	0.898279	31.87
0.86	13.43	0.904896	0.231561	0.059256	0.898279	31.87
0.86	14.00	0.900193	0.232534	0.060067	0.898279	31.87
0.86	14.57	0.972271	0.128509	0.016986	0.898279	31.87
0.86	15.14	0.932102	0.207897	0.046370	0.898279	31.87
0.86	15.71	0.948959	0.175224	0.032355	0.898279	31.87
0.86	16.29	0.804234	0.307172	0.117322	0.898279	31.87
0.86	16.86	0.985507	0.093497	0.008870	0.898279	31.87
0.86	17.43	1.000000	0.000000	0.000000	0.898279	31.87
0.86	18.00	0.969924	0.046626	0.002241	0.898279	31.87
0.86	18.57	0.997686	0.014320	0.000206	0.898279	31.87
0.86	19.14	0.944423	0.057336	0.003481	0.898279	31.87
0.86	19.71	0.900619	0.103260	0.011839	0.898279	31.87
0.86	20.29	0.912331	0.072241	0.005720	0.898279	31.87
0.86	20.86	0.896584	0.078783	0.006923	0.898279	31.87
0.86	21.43	0.916435	0.069069	0.005206	0.898279	31.87
0.86	22.00	0.892585	0.110312	0.013633	0.898279	31.87
0.86	22.57	0.909621	0.081948	0.007383	0.898279	31.87
0.86	23.14	0.902879	0.078406	0.006809	0.898279	31.87
0.86	23.71	0.895030	0.034480	0.001328	0.898279	31.87
0.86	24.29	0.889675	0.011254	0.000142	0.898279	31.87
0.86	24.86	0.911072	0.069757	0.005341	0.898279	31.87
0.86	25.43	0.908754	0.071104	0.005563	0.898279	31.87
0.86	26.00	0.899016	0.034986	0.001361	0.898279	31.87
0.86	26.57	0.899696	0.092623	0.009535	0.898279	31.87
0.86	27.14	0.902102	0.071841	0.005721	0.898279	31.87
0.86	27.71	0.910588	0.078027	0.006686	0.898279	31.87
0.86	28.29	0.914033	0.159051	0.027676	0.898279	31.87
0.86	28.86	0.895081	0.147462	0.024294	0.898279	31.87
0.86	29.43	0.889939	0.143847	0.023251	0.898279	31.87
0.86	30.00	0.926155	0.135485	0.019820	0.898279	31.87
0.89	2.00	0.000000	0.000000	0.000000	0.898279	32.06
0.89	2.57	0.000000	0.000000	0.000000	0.898279	32.06
0.89	3.14	0.000000	0.000000	0.000000	0.898279	32.06
0.89	3.71	0.000000	0.000000	0.000000	0.898279	32.06
0.89	4.29	0.000000	0.000000	0.000000	0.898279	32.06
0.89	4.86	0.000000	0.000000	0.000000	0.898279	32.06
0.89	5.43	0.000000	0.000000	0.000000	0.898279	32.06
0.89	6.00	0.682927	0.000000	0.000000	0.898279	32.06
0.89	6.57	0.686411	0.013230	0.000255	0.898279	32.06
0.89	7.14	0.730981	0.007576	0.000079	0.898279	32.06
0.89	7.71	0.833831	0.161573	0.031308	0.898279	32.06
0.89	8.29	0.870758	0.188624	0.040860	0.898279	32.06
0.89	8.86	0.872115	0.243434	0.067950	0.898279	32.06
0.89	9.43	0.991907	0.025260	0.000643	0.898279	32.06
0.89	10.00	0.890891	0.239565	0.064420	0.898279	32.06
0.89	10.57	0.972125	0.122035	0.015320	0.898279	32.06
0.89	11.14	0.866047	0.252301	0.073502	0.898279	32.06
0.89	11.71	0.914876	0.211809	0.049037	0.898279	32.06
0.89	12.29	0.876932	0.250224	0.071399	0.898279	32.06
0.89	12.86	0.944998	0.178808	0.033833	0.898279	32.06
0.89	13.43	0.898129	0.228513	0.058141	0.898279	32.06
0.89	14.00	0.846773	0.279826	0.092472	0.898279	32.06
0.89	14.57	0.946888	0.175336	0.032467	0.898279	32.06
0.89	15.14	0.926921	0.207071	0.046259	0.898279	32.06
0.89	15.71	0.976034	0.126267	0.016335	0.898279	32.06
0.89	16.29	0.808750	0.312879	0.121043	0.898279	32.06
0.89	16.86	1.000000	0.000000	0.000000	0.898279	32.06
0.89	17.43	0.964656	0.048993	0.002488	0.898279	32.06
0.89	18.00	0.932099	0.058482	0.003669	0.898279	32.06
0.89	18.57	0.977812	0.041567	0.001767	0.898279	32.06
0.89	19.14	0.987830	0.031753	0.001021	0.898279	32.06
0.89	19.71	0.904612	0.089779	0.008910	0.898279	32.06
0.89	20.29	0.959048	0.052680	0.002894	0.898279	32.06
0.89	20.86	0.919557	0.071665	0.005585	0.898279	32.06
0.89	21.43	0.913094	0.074554	0.006087	0.898279	32.06
0.89	22.00	0.893837	0.106210	0.012620	0.898279	32.06
0.89	22.57	0.934154	0.067885	0.004933	0.898279	32.06
0.89	23.14	0.891542	0.112146	0.014107	0.898279	32.06
0.89	23.71	0.919160	0.075676	0.006231	0.898279	32.06
0.89	24.29	0.914538	0.072390	0.005730	0.898279	32.06
0.89	24.86	0.893518	0.105940	0.012561	0.898279	32.06
0.89	25.43	0.892696	0.110589	0.013700	0.898279	32.06
0.89	26.00	0.914934	0.077101	0.006497	0.898279	32.06
0.89	26.57	0.910223	0.076469	0.006424	0.898279	32.06
0.89	27.14	0.927739	0.070666	0.005383	0.898279	32.06
0.89	27.71	0.924758	0.102015	0.011254	0.898279	32.06
0.89	28.29	0.930814	0.089233	0.008554	0.898279	32.06
0.89	28.86	0.974597	0.046146	0.002185	0.898279	32.06
0.89	29.43	0.894437	0.135593	0.020555	0.898279	32.06
0.89	30.00	0.990818	0.063917	0.004123	0.898279	32.06
0.91	2.00	0.000000	0.000000	0.000000	0.898279	32.24
0.91	2.57	0.000000	0.000000	0.000000	0.898279	32.24
0.91	3.14	0.000000	0.000000	0.000000	0.898279	32.24
0.91	3.71	0.000000	0.000000	0.000000	0.898279	32.24
0.91	4.29	0.000000	0.000000	0.000000	0.898279	32.24
0.91	4.86	0.000000	0.000000	0.000000	0.898279	32.24
0.91	5.43	0.000000	0.000000	0.000000	0.898279	32.24
0.91	6.00	0.717770	0.000000	0.000000	0.898279	32.24
0.91	6.57	0.759800	0.010062	0.000133	0.898279	32.24
0.91	7.14	0.817322	0.036083	0.001593	0.898279	32.24
0.91	7.71	0.712922	0.216677	0.065854	0.898279	32.24
0.91	8.29	0.814550	0.226623	0.063051	0.898279	32.24
0.91	8.86	0.848713	0.243754	0.070007	0.898279	32.24
0.91	9.43	0.887304	0.219596	0.054347	0.898279	32.24
0.91	10.00	0.969131	0.133554	0.018405	0.898279	32.24
0.91	10.57	0.971306	0.128828	0.017087	0.898279	32.24
0.91	11.14	0.853521	0.271091	0.086103	0.898279	32.24
0.91	11.71	0.967397	0.130977	0.017733	0.898279	32.24
0.91	12.29	0.864290	0.270899	0.084909	0.898279	32.24
0.91	12.86	0.898013	0.234375	0.061170	0.898279	32.24
0.91	13.43	0.883141	0.253620	0.072834	0.898279	32.24
0.91	14.00	0.902930	0.230569	0.058877	0.898279	32.24
0.91	14.57	0.804375	0.311826	0.120883	0.898279	32.24
0.91	15.14	0.886106	0.252465	0.071931	0.898279	32.24
0.91	15.71	0.949101	0.174886	0.032225	0.898279	32.24
0.91	16.29	0.885584	0.250609	0.070919	0.898279	32.24
0.91	16.86	1.000000	0.000000	0.000000	0.898279	32.24
0.91	17.43	0.997217	0.016463	0.000272	0.898279	32.24
0.91	18.00	0.961386	0.100018	0.010405	0.898279	32.24
0.91	18.57	0.976022	0.044755	0.002052	0.898279	32.24
0.91	19.14	0.905187	0.099712	0.010984	0.898279	32.24
0.91	19.71	0.951821	0.053131	0.002966	0.898279	32.24
0.91	20.29	0.947182	0.053733	0.003048	0.898279	32.24
0.91	20.86	0.939618	0.092391	0.009085	0.898279	32.24
0.91	21.43	0.915297	0.072961	0.005816	0.898279	32.24
0.91	22.00	0.956152	0.050421	0.002659	0.898279	32.24
0.91	22.57	0.933576	0.064145	0.004407	0.898279	32.24
0.91	23.14	0.903625	0.054205	0.003252	0.898279	32.24
0.91	23.71	0.930701	0.066448	0.004744	0.898279	32.24
0.91	24.29	0.930754	0.068003	0.004968	0.898279	32.24
0.91	24.86	0.905811	0.069955	0.005403	0.898279	32.24
0.91	25.43	0.910065	0.061941	0.004216	0.898279	32.24
0.91	26.00	0.937052	0.059259	0.003748	0.898279	32.24
0.91	26.57	0.900174	0.086142	0.008243	0.898279	32.24
0.91	27.14	0.947655	0.054197	0.003100	0.898279	32.24
0.91	27.71	0.917807	0.144157	0.022642	0.898279	32.24
0.91	28.29	0.916577	0.076307	0.006353	0.898279	32.24
0.91	28.86	0.953579	0.081298	0.006931	0.898279	32.24
0.91	29.43	0.922338	0.176794	0.033888	0.898279	32.24
0.91	30.00	0.913849	0.132322	0.019160	0.898279	32.24
0.93	2.00	0.000000	0.000000	0.000000	0.898279	32.43
0.93	2.57	0.000000	0.000000	0.000000	0.898279	32.43
0.93	3.14	0.000000	0.000000	0.000000	0.898279	32.43
0.93	3.71	0.000000	0.000000	0.000000	0.898279	32.43
0.93	4.29	0.000000	0.000000	0.000000	0.898279	32.43
0.93	4.86	0.000000	0.000000	0.000000	0.898279	32.43
0.93	5.43	0.000000	0.000000	0.000000	0.898279	32.43
0.93	6.00	0.687282	0.002613	0.000010	0.898279	32.43
0.93	6.57	0.626597	0.218127	0.075933	0.898279	32.43
0.93	7.14	0.778904	0.034616	0.001538	0.898279	32.43
0.93	7.71	0.877565	0.047954	0.002620	0.898279	32.43
0.93	8.29	0.938721	0.156177	0.025983	0.898279	32.43
0.93	8.86	0.959681	0.142816	0.021253	0.898279	32.43
0.93	9.43	0.947027	0.185115	0.036184	0.898279	32.43
0.93	10.00	0.896765	0.246173	0.067578	0.898279	32.43
0.93	10.57	0.962834	0.132882	0.018339	0.898279	32.43
0.93	11.14	0.894503	0.238052	0.063352	0.898279	32.43
0.93	11.71	0.949029	0.176605	0.032864	0.898279	32.43
0.93	12.29	0.864335	0.272403	0.085850	0.898279	32.43
0.93	12.86	0.864329	0.268772	0.083578	0.898279	32.43
0.93	13.43	0.949054	0.174046	0.031918	0.898279	32.43
0.93	14.00	0.886626	0.254071	0.072807	0.898279	32.43
0.93	14.57	0.881086	0.252698	0.072474	0.898279	32.43
0.93	15.14	0.914858	0.233020	0.059352	0.898279	32.43
0.93	15.71	0.912311	0.232454	0.059229	0.898279	32.43
0.93	16.29	0.975368	0.127611	0.016696	0.898279	32.43
0.93	16.86	0.992251	0.027413	0.000757	0.898279	32.43
0.93	17.43	1.000000	0.000000	0.000000	0.898279	32.43
0.93	18.00	0.951129	0.054922	0.003171	0.898279	32.43
0.93	18.57	0.968510	0.047135	0.002294	0.898279	32.43
0.93	19.14	0.954436	0.051870	0.002819	0.898279	32.43
0.93	19.71	0.933262	0.064390	0.004443	0.898279	32.43
0.93	20.29	0.917320	0.073894	0.005953	0.898279	32.43
0.93	20.86	0.919374	0.079324	0.006844	0.898279	32.43
0.93	21.43	0.907648	0.064942	0.004647	0.898279	32.43
0.93	22.00	0.929318	0.070183	0.005300	0.898279	32.43
0.93	22.57	0.903074	0.067840	0.005096	0.898279	32.43
0.93	23.14	0.952071	0.051732	0.002811	0.898279	32.43
0.93	23.71	0.940218	0.062925	0.004211	0.898279	32.43
0.93	24.29	0.936530	0.062913	0.004226	0.898279	32.43
0.93	24.86	0.920345	0.074451	0.006023	0.898279	32.43
0.93	25.43	0.937952	0.061450	0.004026	0.898279	32.43
0.93	26.00	0.911115	0.076876	0.006486	0.898279	32.43
0.93	26.57	0.916415	0.068250	0.005083	0.898279	32.43
0.93	27.14	0.914595	0.075117	0.006169	0.898279	32.43
0.93	27.71	0.936657	0.065615	0.004597	0.898279	32.43
0.93	28.29	0.935725	0.069151	0.005110	0.898279	32.43
0.93	28.86	0.994221	0.022502	0.000509	0.898279	32.43
0.93	29.43	0.964932	0.096710	0.009693	0.898279	32.43
0.93	30.00	0.945574	0.088770	0.008334	0.898279	32.43
0.95	2.00	0.000000	0.000000	0.000000	0.898279	32.57
0.95	2.57	0.000000	0.000000	0.000000	0.898279	32.57
0.95	3.14	0.000000	0.000000	0.000000	0.898279	32.57
0.95	3.71	0.000000	0.000000	0.000000	0.898279	32.57
0.95	4.29	0.000000	0.000000	0.000000	0.898279	32.57
0.95	4.86	0.000000	0.000000	0.000000	0.898279	32.57
0.95	5.43	0.000000	0.000000	0.000000	0.898279	32.57
0.95	6.00	0.000000	0.000000	0.000000	0.898279	32.57
0.95	6.57	0.751452	0.029302	0.001143	0.898279	32.57
0.95	7.14	0.759473	0.160522	0.033928	0.898279	32.57
0.95	7.71	0.828239	0.133653	0.021568	0.898279	32.57
0.95	8.29	0.880059	0.156787	0.027932	0.898279	32.57
0.95	8.86	0.898568	0.141580	0.022308	0.898279	32.57
0.95	9.43	0.928571	0.190253	0.038981	0.898279	32.57
0.95	10.00	0.968852	0.131446	0.017834	0.898279	32.57
0.95	10.57	0.957449	0.133636	0.018652	0.898279	32.57
0.95	11.14	0.988174	0.032800	0.001089	0.898279	32.57
0.95	11.71	0.870392	0.253026	0.073556	0.898279	32.57
0.95	12.29	0.999949	0.000294	0.000000	0.898279	32.57
0.95	12.86	0.888153	0.250052	0.070400	0.898279	32.57
0.95	13.43	0.939731	0.173844	0.032160	0.898279	32.57
0.95	14.00	0.871250	0.267164	0.081924	0.898279	32.57
0.95	14.57	0.972973	0.126407	0.016422	0.898279	32.57
0.95	15.14	0.953604	0.172365	0.031155	0.898279	32.57
0.95	15.71	1.000000	0.000000	0.000000	0.898279	32.57
0.95	16.29	0.999751	0.001594	0.000003	0.898279	32.57
0.95	16.86	0.990111	0.029979	0.000908	0.898279	32.57
0.95	17.43	0.988562	0.031678	0.001015	0.898279	32.57
0.95	18.00	1.000000	0.000000	0.000000	0.898279	32.57
0.95	18.57	0.998693	0.011010	0.000121	0.898279	32.57
0.95	19.14	0.984393	0.036989	0.001390	0.898279	32.57
0.95	19.71	0.935635	0.069405	0.005148	0.898279	32.57
0.95	20.29	0.952551	0.052800	0.002927	0.898279	32.57
0.95	20.86	0.924587	0.073107	0.005780	0.898279	32.57
0.95	21.43	0.945032	0.055609	0.003272	0.898279	32.57
0.95	22.00	0.900611	0.060627	0.004081	0.898279	32.57
0.95	22.57	0.948568	0.053806	0.003052	0.898279	32.57
0.95	23.14	0.926118	0.065202	0.004590	0.898279	32.57
0.95	23.71	0.940199	0.055895	0.003323	0.898279	32.57
0.95	24.29	0.940677	0.059479	0.003761	0.898279	32.57
0.95	24.86	0.925686	0.068691	0.005097	0.898279	32.57
0.95	25.43	0.900171	0.085910	0.008199	0.898279	32.57
0.95	26.00	0.944351	0.065240	0.004507	0.898279	32.57
0.95	26.57	0.928401	0.066285	0.004733	0.898279	32.57
0.95	27.14	0.937320	0.057102	0.003479	0.898279	32.57
0.95	27.71	0.928591	0.064036	0.004416	0.898279	32.57
0.95	28.29	0.925847	0.068519	0.005071	0.898279	32.57
0.95	28.86	0.905941	0.181494	0.036360	0.898279	32.57
0.95	29.43	0.961124	0.109865	0.012559	0.898279	32.57
0.95	30.00	0.915587	0.120131	0.015762	0.898279	32.57
0.98	2.00	0.000000	0.000000	0.000000	0.898279	32.74
0.98	2.57	0.000000	0.000000	0.000000	0.898279	32.74
0.98	3.14	0.000000	0.000000	0.000000	0.898279	32.74
0.98	3.71	0.000000	0.000000	0.000000	0.898279	32.74
0.98	4.29	0.000000	0.000000	0.000000	0.898279	32.74
0.98	4.86	0.000000	0.000000	0.000000	0.898279	32.74
0.98	5.43	0.000000	0.000000	0.000000	0.898279	32.74
0.98	6.00	0.180314	0.079268	0.034847	0.898279	32.74
0.98	6.57	0.741580	0.002961	0.000012	0.898279	32.74
0.98	7.14	0.750348	0.211596	0.059670	0.898279	32.74
0.98	7.71	0.860627	0.243756	0.069039	0.898279	32.74
0.98	8.29	0.952426	0.161398	0.027351	0.898279	32.74
0.98	8.86	0.901568	0.228471	0.057898	0.898279	32.74
0.98	9.43	0.946443	0.137161	0.019878	0.898279	32.74
0.98	10.00	0.917272	0.212777	0.049357	0.898279	32.74
0.98	10.57	0.859023	0.270693	0.085300	0.898279	32.74
0.98	11.14	0.974764	0.127887	0.016779	0.898279	32.74
0.98	11.71	0.857098	0.271532	0.086022	0.898279	32.74
0.98	12.29	0.996669	0.009777	0.000096	0.898279	32.74
0.98	12.86	0.844565	0.282506	0.094498	0.898279	32.74
0.98	13.43	0.892552	0.251906	0.071095	0.898279	32.74
0.98	14.00	0.903466	0.230057	0.058582	0.898279	32.74
0.98	14.57	0.950702	0.174565	0.032053	0.898279	32.74
0.98	15.14	0.995321	0.019457	0.000380	0.898279	32.74
0.98	15.71	0.986116	0.034985	0.001241	0.898279	32.74
0.98	16.29	0.870910	0.268440	0.082741	0.898279	32.74
0.98	16.86	1.000000	0.000000	0.000000	0.898279	32.74
0.98	17.43	1.000000	0.000000	0.000000	0.898279	32.74
0.98	18.00	1.000000	0.000000	0.000000	0.898279	32.74
0.98	18.57	0.976330	0.043800	0.001965	0.898279	32.74
0.98	19.14	0.977598	0.041191	0.001736	0.898279	32.74
0.98	19.71	0.950123	0.054009	0.003070	0.898279	32.74
0.98	20.29	0.961855	0.049699	0.002568	0.898279	32.74
0.98	20.86	0.940592	0.061588	0.004033	0.898279	32.74
0.98	21.43	0.913398	0.071691	0.005627	0.898279	32.74
0.98	22.00	0.929109	0.073140	0.005758	0.898279	32.74
0.98	22.57	0.910908	0.075644	0.006282	0.898279	32.74
0.98	23.14	0.929012	0.065064	0.004557	0.898279	32.74
0.98	23.71	0.917615	0.065738	0.004709	0.898279	32.74
0.98	24.29	0.945122	0.060163	0.003830	0.898279	32.74
0.98	24.86	0.942883	0.062380	0.004127	0.898279	32.74
0.98	25.43	0.925193	0.072779	0.005725	0.898279	32.74
0.98	26.00	0.927984	0.069489	0.005203	0.898279	32.74
0.98	26.57	0.926015	0.067857	0.004972	0.898279	32.74
0.98	27.14	0.997725	0.014657	0.000215	0.898279	32.74
0.98	27.71	0.925218	0.117611	0.014950	0.898279	32.74
0.98	28.29	0.943279	0.139927	0.020757	0.898279	32.74
0.98	28.86	0.920670	0.088236	0.008456	0.898279	32.74
0.98	29.43	0.993160	0.024121	0.000586	0.898279	32.74
0.98	30.00	0.947967	0.151922	0.024347	0.898279	32.74
1.00	2.00	0.000000	0.000000	0.000000	0.996870	31.88
1.00	2.57	0.000000	0.000000	0.000000	0.996870	31.88
1.00	3.14	0.000000	0.000000	0.000000	0.996870	31.88
1.00	3.71	0.000000	0.000000	0.000000	0.996870	31.88
1.00	4.29	0.000000	0.000000	0.000000	0.996870	31.88
1.00	4.86	0.000000	0.000000	0.000000	0.996870	31.88
1.00	5.43	0.000000	0.000000	0.000000	0.996870	31.88
1.00	6.00	0.778650	0.000000	0.000000	0.996870	31.88
1.00	6.57	0.792779	0.014445	0.000263	0.996870	31.88
1.00	7.14	0.770670	0.203112	0.053531	0.996870	31.88
1.00	7.71	0.806711	0.182578	0.041322	0.996870	31.88
1.00	8.29	0.895196	0.014383	0.000231	0.996870	31.88
1.00	8.86	0.895686	0.020404	0.000465	0.996870	31.88
1.00	9.43	0.906750	0.003662	0.000015	0.996870	31.88
1.00	10.00	0.906855	0.003340	0.000012	0.996870	31.88
1.00	10.57	0.906903	0.002270	0.000006	0.996870	31.88
1.00	11.14	0.907286	0.002664	0.000008	0.996870	31.88
1.00	11.71	0.907333	0.002586	0.000007	0.996870	31.88
1.00	12.29	0.907647	0.002328	0.000006	0.996870	31.88
1.00	12.86	0.906501	0.002160	0.000005	0.996870	31.88
1.00	13.43	0.909253	0.002364	0.000006	0.996870	31.88
1.00	14.00	0.906885	0.002148	0.000005	0.996870	31.88
1.00	14.57	0.909035	0.003117	0.000011	0.996870	31.88
1.00	15.14	0.908779	0.002672	0.000008	0.996870	31.88
1.00	15.71	0.907998	0.001890	0.000004	0.996870	31.88
1.00	16.29	0.908976	0.002455	0.000007	0.996870	31.88
1.00	16.86	0.911791	0.003610	0.000014	0.996870	31.88
1.00	17.43	0.909894	0.002688	0.000008	0.996870	31.88
1.00	18.00	0.911747	0.002889	0.000009	0.996870	31.88
1.00	18.57	0.909664	0.003067	0.000010	0.996870	31.88
1.00	19.14	0.908888	0.003124	0.000011	0.996870	31.88
1.00	19.71	0.895434	0.028853	0.000930	0.996870	31.88
1.00	20.29	0.899406	0.026132	0.000759	0.996870	31.88
1.00	20.86	0.902106	0.023530	0.000614	0.996870	31.88
1.00	21.43	0.909868	0.002646	0.000008	0.996870	31.88
1.00	22.00	0.910439	0.002895	0.000009	0.996870	31.88
1.00	22.57	0.902025	0.021940	0.000534	0.996870	31.88
1.00	23.14	0.877813	0.046303	0.002442	0.996870	31.88
1.00	23.71	0.908163	0.013608	0.000204	0.996870	31.88
1.00	24.29	0.881782	0.041262	0.001931	0.996870	31.88
1.00	24.86	0.886669	0.040553	0.001855	0.996870	31.88
1.00	25.43	0.901606	0.023976	0.000638	0.996870	31.88
1.00	26.00	0.897272	0.030671	0.001048	0.996870	31.88
1.00	26.57	0.910792	0.003112	0.000011	0.996870	31.88
1.00	27.14	0.898098	0.031509	0.001105	0.996870	31.88
1.00	27.71	0.873694	0.077543	0.006882	0.996870	31.88
1.00	28.29	0.906937	0.002182	0.000005	0.996870	31.88
1.00	28.86	0.898286	0.027201	0.000824	0.996870	31.88
1.00	29.43	0.734471	0.238587	0.077503	0.996870	31.88
1.00	30.00	0.781614	0.202481	0.052454	0.996870	31.88
1.02	2.00	0.000000	0.000000	0.000000	0.996870	32.06
1.02	2.57	0.000000	0.000000	0.000000	0.996870	32.06
1.02	3.14	0.000000	0.000000	0.000000	0.996870	32.06
1.02	3.71	0.000000	0.000000	0.000000	0.996870	32.06
1.02	4.29	0.000000	0.000000	0.000000	0.996870	32.06
1.02	4.86	0.000000	0.000000	0.000000	0.996870	32.06
1.02	5.43	0.000000	0.000000	0.000000	0.996870	32.06
1.02	6.00	0.769231	0.000000	0.000000	0.996870	32.06
1.02	6.57	0.787441	0.010767	0.000147	0.996870	32.06
1.02	7.14	0.786794	0.164733	0.034491	0.996870	32.06
1.02	7.71	0.893947	0.031118	0.001083	0.996870	32.06
1.02	8.29	0.898776	0.017695	0.000348	0.996870	32.06
1.02	8.86	0.905865	0.002798	0.000009	0.996870	32.06
1.02	9.43	0.907074	0.003022	0.000010	0.996870	32.06
1.02	10.00	0.906568	0.002611	0.000008	0.996870	32.06
1.02	10.57	0.906397	0.002625	0.000008	0.996870	32.06
1.02	11.14	0.909595	0.002351	0.000006	0.996870	32.06
1.02	11.71	0.909800	0.001998	0.000004	0.996870	32.06
1.02	12.29	0.909908	0.002920	0.000009	0.996870	32.06
1.02	12.86	0.910832	0.003394	0.000013	0.996870	32.06
1.02	13.43	0.908687	0.002296	0.000006	0.996870	32.06
1.02	14.00	0.909494	0.002743	0.000008	0.996870	32.06
1.02	14.57	0.908643	0.002789	0.000009	0.996870	32.06
1.02	15.14	0.907872	0.002181	0.000005	0.996870	32.06
1.02	15.71	0.908564	0.002548	0.000007	0.996870	32.06
1.02	16.29	0.910385	0.002491	0.000007	0.996870	32.06
1.02	16.86	0.908588	0.002316	0.000006	0.996870	32.06
1.02	17.43	0.907199	0.002343	0.000006	0.996870	32.06
1.02	18.00	0.909428	0.002676	0.000008	0.996870	32.06
1.02	18.57	0.909200	0.002423	0.000006	0.996870	32.06
1.02	19.14	0.911284	0.003045	0.000010	0.996870	32.06
1.02	19.71	0.911691	0.002758	0.000008	0.996870	32.06
1.02	20.29	0.909500	0.002467	0.000007	0.996870	32.06
1.02	20.86	0.908278	0.002352	0.000006	0.996870	32.06
1.02	21.43	0.908447	0.002234	0.000005	0.996870	32.06
1.02	22.00	0.898301	0.028653	0.000914	0.996870	32.06
1.02	22.57	0.879409	0.042479	0.002052	0.996870	32.06
1.02	23.14	0.890110	0.037509	0.001581	0.996870	32.06
1.02	23.71	0.908621	0.002856	0.000009	0.996870	32.06
1.02	24.29	0.908271	0.002473	0.000007	0.996870	32.06
1.02	24.86	0.878828	0.044445	0.002248	0.996870	32.06
1.02	25.43	0.909424	0.002479	0.000007	0.996870	32.06
1.02	26.00	0.903611	0.019849	0.000436	0.996870	32.06
1.02	26.57	0.909608	0.002721	0.000008	0.996870	32.06
1.02	27.14	0.867952	0.135884	0.021274	0.996870	32.06
1.02	27.71	0.884421	0.039850	0.001796	0.996870	32.06
1.02	28.29	0.908016	0.011088	0.000135	0.996870	32.06
1.02	28.86	0.814481	0.179453	0.039539	0.996870	32.06
1.02	29.43	0.793539	0.196364	0.048591	0.996870	32.06
1.02	30.00	0.898367	0.074525	0.006182	0.996870	32.06
1.04	2.00	0.000000	0.000000	0.000000	0.996870	32.21
1.04	2.57	0.000000	0.000000	0.000000	0.996870	32.21
1.04	3.14	0.000000	0.000000	0.000000	0.996870	32.21
1.04	3.71	0.000000	0.000000	0.000000	0.996870	32.21
1.04	4.29	0.000000	0.000000	0.000000	0.996870	32.21
1.04	4.86	0.000000	0.000000	0.000000	0.996870	32.21
1.04	5.43	0.000000	0.000000	0.000000	0.996870	32.21
1.04	6.00	0.000000	0.000000	0.000000	0.996870	32.21
1.04	6.57	0.795526	0.021960	0.000606	0.996870	32.21
1.04	7.14	0.782462	0.247086	0.078025	0.996870	32.21
1.04	7.71	0.775275	0.229028	0.067658	0.996870	32.21
1.04	8.29	0.880466	0.051383	0.002999	0.996870	32.21
1.04	8.86	0.901857	0.006706	0.000050	0.996870	32.21
1.04	9.43	0.909353	0.003010	0.000010	0.996870	32.21
1.04	10.00	0.909455	0.002304	0.000006	0.996870	32.21
1.04	10.57	0.908996	0.002981	0.000010	0.996870	32.21
1.04	11.14	0.908141	0.002168	0.000005	0.996870	32.21
1.04	11.71	0.906778	0.002719	0.000008	0.996870	32.21
1.04	12.29	0.907199	0.002048	0.000005	0.996870	32.21
1.04	12.86	0.909595	0.002952	0.000010	0.996870	32.21
1.04	13.43	0.909531	0.003252	0.000012	0.996870	32.21
1.04	14.00	0.908076	0.002172	0.000005	0.996870	32.21
1.04	14.57	0.908163	0.002732	0.000008	0.996870	32.21
1.04	15.14	0.908397	0.002286	0.000006	0.996870	32.21
1.04	15.71	0.907718	0.001554	0.000003	0.996870	32.21
1.04	16.29	0.909839	0.002744	0.000008	0.996870	32.21
1.04	16.86	0.908425	0.002201	0.000005	0.996870	32.21
1.04	17.43	0.911191	0.002889	0.000009	0.996870	32.21
1.04	18.00	0.908001	0.002403	0.000006	0.996870	32.21
1.04	18.57	0.906487	0.002339	0.000006	0.996870	32.21
1.04	19.14	0.909022	0.002478	0.000007	0.996870	32.21
1.04	19.71	0.885971	0.038606	0.001682	0.996870	32.21
1.04	20.29	0.909367	0.002430	0.000006	0.996870	32.21
1.04	20.86	0.907245	0.002343	0.000006	0.996870	32.21
1.04	21.43	0.909186	0.002355	0.000006	0.996870	32.21
1.04	22.00	0.908430	0.010030	0.000111	0.996870	32.21
1.04	22.57	0.910738	0.002580	0.000007	0.996870	32.21
1.04	23.14	0.910796	0.002963	0.000010	0.996870	32.21
1.04	23.71	0.892495	0.034637	0.001344	0.996870	32.21
1.04	24.29	0.905808	0.014567	0.000234	0.996870	32.21
1.04	24.86	0.897084	0.031575	0.001111	0.996870	32.21
1.04	25.43	0.910142	0.002873	0.000009	0.996870	32.21
1.04	26.00	0.908948	0.002438	0.000007	0.996870	32.21
1.04	26.57	0.910363	0.002822	0.000009	0.996870	32.21
1.04	27.14	0.904694	0.015962	0.000282	0.996870	32.21
1.04	27.71	0.910502	0.009127	0.000091	0.996870	32.21
1.04	28.29	0.903339	0.021988	0.000535	0.996870	32.21
1.04	28.86	0.904341	0.051427	0.002924	0.996870	32.21
1.04	29.43	0.881897	0.109977	0.013715	0.996870	32.21
1.04	30.00	0.907232	0.002096	0.000005	0.996870	32.21
1.07	2.00	0.000000	0.000000	0.000000	0.996870	32.40
1.07	2.57	0.000000	0.000000	0.000000	0.996870	32.40
1.07	3.14	0.000000	0.000000	0.000000	0.996870	32.40
1.07	3.71	0.000000	0.000000	0.000000	0.996870	32.40
1.07	4.29	0.000000	0.000000	0.000000	0.996870	32.40
1.07	4.86	0.000000	0.000000	0.000000	0.996870	32.40
1.07	5.43	0.000000	0.000000	0.000000	0.996870	32.40
1.07	6.00	0.780220	0.000000	0.000000	0.996870	32.40
1.07	6.57	0.852747	0.035291	0.001461	0.996870	32.40
1.07	7.14	0.854984	0.160396	0.030090	0.996870	32.40
1.07	7.71	0.815439	0.194549	0.046416	0.996870	32.40
1.07	8.29	0.891796	0.035233	0.001392	0.996870	32.40
1.07	8.86	0.907098	0.003982	0.000017	0.996870	32.40
1.07	9.43	0.908477	0.002369	0.000006	0.996870	32.40
1.07	10.00	0.908139	0.003327	0.000012	0.996870	32.40
1.07	10.57	0.907093	0.003054	0.000010	0.996870	32.40
1.07	11.14	0.907609	0.002471	0.000007	0.996870	32.40
1.07	11.71	0.908187	0.002190	0.000005	0.996870	32.40
1.07	12.29	0.907064	0.002455	0.000007	0.996870	32.40
1.07	12.86	0.907760	0.002262	0.000006	0.996870	32.40
1.07	13.43	0.908500	0.002361	0.000006	0.996870	32.40
1.07	14.00	0.910736	0.002486	0.000007	0.996870	32.40
1.07	14.57	0.908006	0.002578	0.000007	0.996870	32.40
1.07	15.14	0.907423	0.002204	0.000005	0.996870	32.40
1.07	15.71	0.907307	0.002677	0.000008	0.996870	32.40
1.07	16.29	0.908679	0.002388	0.000006	0.996870	32.40
1.07	16.86	0.908184	0.002326	0.000006	0.996870	32.40
1.07	17.43	0.907648	0.002475	0.000007	0.996870	32.40
1.07	18.00	0.908569	0.002473	0.000007	0.996870	32.40
1.07	18.57	0.908116	0.002628	0.000008	0.996870	32.40
1.07	19.14	0.907708	0.002337	0.000006	0.996870	32.40
1.07	19.71	0.909100	0.002563	0.000007	0.996870	32.40
1.07	20.29	0.909177	0.002322	0.000006	0.996870	32.40
1.07	20.86	0.907760	0.011724	0.000151	0.996870	32.40
1.07	21.43	0.910471	0.002437	0.000007	0.996870	32.40
1.07	22.00	0.889357	0.038326	0.001652	0.996870	32.40
1.07	22.57	0.909388	0.002878	0.000009	0.996870	32.40
1.07	23.14	0.902367	0.023701	0.000623	0.996870	32.40
1.07	23.71	0.907273	0.002080	0.000005	0.996870	32.40
1.07	24.29	0.908756	0.002550	0.000007	0.996870	32.40
1.07	24.86	0.890274	0.038852	0.001696	0.996870	32.40
1.07	25.43	0.909742	0.002285	0.000006	0.996870	32.40
1.07	26.00	0.909477	0.002759	0.000008	0.996870	32.40
1.07	26.57	0.906839	0.012935	0.000185	0.996870	32.40
1.07	27.14	0.908731	0.002419	0.000006	0.996870	32.40
1.07	27.71	0.896892	0.030238	0.001019	0.996870	32.40
1.07	28.29	0.884567	0.111909	0.014158	0.996870	32.40
1.07	28.86	0.891618	0.087061	0.008501	0.996870	32.40
1.07	29.43	0.887731	0.095690	0.010315	0.996870	32.40
1.07	30.00	0.905552	0.020655	0.000471	0.996870	32.40
1.09	2.00	0.000000	0.000000	0.000000	0.996870	32.54
1.09	2.57	0.000000	0.000000	0.000000	0.996870	32.54
1.09	3.14	0.000000	0.000000	0.000000	0.996870	32.54
1.09	3.71	0.000000	0.000000	0.000000	0.996870	32.54
1.09	4.29	0.000000	0.000000	0.000000	0.996870	32.54
1.09	4.86	0.000000	0.000000	0.000000	0.996870	32.54
1.09	5.43	0.755102	0.000000	0.000000	0.996870	32.54
1.09	6.00	0.768446	0.029042	0.001098	0.996870	32.54
1.09	6.57	0.642595	0.345607	0.185878	0.996870	32.54
1.09	7.14	0.893250	0.005115	0.000029	0.996870	32.54
1.09	7.71	0.892951	0.039013	0.001704	0.996870	32.54
1.09	8.29	0.854732	0.082920	0.008044	0.996870	32.54
1.09	8.86	0.904448	0.006935	0.000053	0.996870	32.54
1.09	9.43	0.907326	0.002793	0.000009	0.996870	32.54
1.09	10.00	0.907378	0.003488	0.000013	0.996870	32.54
1.09	10.57	0.907526	0.002867	0.000009	0.996870	32.54
1.09	11.14	0.909935	0.002933	0.000009	0.996870	32.54
1.09	11.71	0.908805	0.003003	0.000010	0.996870	32.54
1.09	12.29	0.910010	0.003179	0.000011	0.996870	32.54
1.09	12.86	0.908032	0.002520	0.000007	0.996870	32.54
1.09	13.43	0.908051	0.002382	0.000006	0.996870	32.54
1.09	14.00	0.908679	0.002845	0.000009	0.996870	32.54
1.09	14.57	0.906657	0.002084	0.000005	0.996870	32.54
1.09	15.14	0.906869	0.002130	0.000005	0.996870	32.54
1.09	15.71	0.907887	0.001968	0.000004	0.996870	32.54
1.09	16.29	0.908237	0.002675	0.000008	0.996870	32.54
1.09	16.86	0.910249	0.002600	0.000007	0.996870	32.54
1.09	17.43	0.910483	0.002352	0.000006	0.996870	32.54
1.09	18.00	0.906999	0.001977	0.000004	0.996870	32.54
1.09	18.57	0.909607	0.002789	0.000009	0.996870	32.54
1.09	19.14	0.909381	0.002424	0.000006	0.996870	32.54
1.09	19.71	0.909775	0.002432	0.000007	0.996870	32.54
1.09	20.29	0.909410	0.002384	0.000006	0.996870	32.54
1.09	20.86	0.908640	0.002647	0.000008	0.996870	32.54
1.09	21.43	0.907917	0.002555	0.000007	0.996870	32.54
1.09	22.00	0.907537	0.002408	0.000006	0.996870	32.54
1.09	22.57	0.908171	0.002302	0.000006	0.996870	32.54
1.09	23.14	0.893375	0.033193	0.001233	0.996870	32.54
1.09	23.71	0.908035	0.002030	0.000005	0.996870	32.54
1.09	24.29	0.890124	0.036153	0.001468	0.996870	32.54
1.09	24.86	0.900624	0.025636	0.000730	0.996870	32.54
1.09	25.43	0.882152	0.042122	0.002011	0.996870	32.54
1.09	26.00	0.909908	0.011053	0.000134	0.996870	32.54
1.09	26.57	0.906798	0.002357	0.000006	0.996870	32.54
1.09	27.14	0.909060	0.002418	0.000006	0.996870	32.54
1.09	27.71	0.906133	0.002153	0.000005	0.996870	32.54
1.09	28.29	0.902241	0.053526	0.003175	0.996870	32.54
1.09	28.86	0.905093	0.014985	0.000248	0.996870	32.54
1.09	29.43	0.874396	0.044737	0.002289	0.996870	32.54
1.09	30.00	0.886762	0.103140	0.011996	0.996870	32.54
1.11	2.00	0.000000	0.000000	0.000000	0.996870	32.75
1.11	2.57	0.000000	0.000000	0.000000	0.996870	32.75
1.11	3.14	0.000000	0.000000	0.000000	0.996870	32.75
1.11	3.71	0.000000	0.000000	0.000000	0.996870	32.75
1.11	4.29	0.000000	0.000000	0.000000	0.996870	32.75
1.11	4.86	0.000000	0.000000	0.000000	0.996870	32.75
1.11	5.43	0.000000	0.000000	0.000000	0.996870	32.75
1.11	6.00	0.000000	0.000000	0.000000	0.996870	32.75
1.11	6.57	0.849555	0.037953	0.001695	0.996870	32.75
1.11	7.14	0.896075	0.003833	0.000016	0.996870	32.75
1.11	7.71	0.863422	0.159555	0.029485	0.996870	32.75
1.11	8.29	0.874586	0.144032	0.023720	0.996870	32.75
1.11	8.86	0.905971	0.005365	0.000032	0.996870	32.75
1.11	9.43	0.905049	0.016950	0.000317	0.996870	32.75
1.11	10.00	0.910113	0.003113	0.000011	0.996870	32.75
1.11	10.57	0.907997	0.002838	0.000009	0.996870	32.75
1.11	11.14	0.908533	0.002230	0.000005	0.996870	32.75
1.11	11.71	0.908625	0.002519	0.000007	0.996870	32.75
1.11	12.29	0.909890	0.002289	0.000006	0.996870	32.75
1.11	12.86	0.908774	0.002978	0.000010	0.996870	32.75
1.11	13.43	0.907827	0.002823	0.000009	0.996870	32.75
1.11	14.00	0.906811	0.002225	0.000005	0.996870	32.75
1.11	14.57	0.906616	0.002102	0.000005	0.996870	32.75
1.11	15.14	0.909882	0.002644	0.000008	0.996870	32.75
1.11	15.71	0.906699	0.002176	0.000005	0.996870	32.75
1.11	16.29	0.908948	0.002687	0.000008	0.996870	32.75
1.11	16.86	0.909272	0.002258	0.000006	0.996870	32.75
1.11	17.43	0.908858	0.002186	0.000005	0.996870	32.75
1.11	18.00	0.909369	0.002753	0.000008	0.996870	32.75
1.11	18.57	0.907866	0.002093	0.000005	0.996870	32.75
1.11	19.14	0.909177	0.002086	0.000005	0.996870	32.75
1.11	19.71	0.909702	0.002507	0.000007	0.996870	32.75
1.11	20.29	0.909639	0.002445	0.000007	0.996870	32.75
1.11	20.86	0.902436	0.023672	0.000621	0.996870	32.75
1.11	21.43	0.908430	0.002404	0.000006	0.996870	32.75
1.11	22.00	0.909162	0.002903	0.000009	0.996870	32.75
1.11	22.57	0.908603	0.002270	0.000006	0.996870	32.75
1.11	23.14	0.911152	0.002667	0.000008	0.996870	32.75
1.11	23.71	0.908264	0.002135	0.000005	0.996870	32.75
1.11	24.29	0.909445	0.002315	0.000006	0.996870	32.75
1.11	24.86	0.894707	0.035746	0.001428	0.996870	32.75
1.11	25.43	0.909733	0.002847	0.000009	0.996870	32.75
1.11	26.00	0.906562	0.010276	0.000116	0.996870	32.75
1.11	26.57	0.908795	0.010587	0.000123	0.996870	32.75
1.11	27.14	0.910599	0.002336	0.000006	0.996870	32.75
1.11	27.71	0.902346	0.020473	0.000464	0.996870	32.75
1.11	28.29	0.908484	0.002344	0.000006	0.996870	32.75
1.11	28.86	0.889581	0.089006	0.008905	0.996870	32.75
1.11	29.43	0.903624	0.055278	0.003382	0.996870	32.75
1.11	30.00	0.897071	0.071399	0.005683	0.996870	32.75
1.13	2.00	0.000000	0.000000	0.000000	0.996870	32.98
1.13	2.57	0.000000	0.000000	0.000000	0.996870	32.98
1.13	3.14	0.000000	0.000000	0.000000	0.996870	32.98
1.13	3.71	0.000000	0.000000	0.000000	0.996870	32.98
1.13	4.29	0.000000	0.000000	0.000000	0.996870	32.98
1.13	4.86	0.000000	0.000000	0.000000	0.996870	32.98
1.13	5.43	0.492936	0.000000	0.000000	0.996870	32.98
1.13	6.00	0.797488	0.000000	0.000000	0.996870	32.98
1.13	6.57	0.709969	0.281325	0.111475	0.996870	32.98
1.13	7.14	0.801151	0.190807	0.045444	0.996870	32.98
1.13	7.71	0.844861	0.186550	0.041191	0.996870	32.98
1.13	8.29	0.903171	0.007479	0.000062	0.996870	32.98
1.13	8.86	0.904014	0.004513	0.000023	0.996870	32.98
1.13	9.43	0.906264	0.002962	0.000010	0.996870	32.98
1.13	10.00	0.907673	0.002401	0.000006	0.996870	32.98
1.13	10.57	0.907236	0.002743	0.000008	0.996870	32.98
1.13	11.14	0.907147	0.002801	0.000009	0.996870	32.98
1.13	11.71	0.907702	0.003041	0.000010	0.996870	32.98
1.13	12.29	0.909083	0.002842	0.000009	0.996870	32.98
1.13	12.86	0.907814	0.002684	0.000008	0.996870	32.98
1.13	13.43	0.907073	0.001880	0.000004	0.996870	32.98
1.13	14.00	0.908908	0.002551	0.000007	0.996870	32.98
1.13	14.57	0.910082	0.002535	0.000007	0.996870	32.98
1.13	15.14	0.909079	0.002803	0.000009	0.996870	32.98
1.13	15.71	0.908414	0.002120	0.000005	0.996870	32.98
1.13	16.29	0.908747	0.002336	0.000006	0.996870	32.98
1.13	16.86	0.907671	0.002171	0.000005	0.996870	32.98
1.13	17.43	0.909431	0.001926	0.000004	0.996870	32.98
1.13	18.00	0.910278	0.002761	0.000008	0.996870	32.98
1.13	18.57	0.908895	0.002439	0.000007	0.996870	32.98
1.13	19.14	0.908054	0.002339	0.000006	0.996870	32.98
1.13	19.71	0.909324	0.002296	0.000006	0.996870	32.98
1.13	20.29	0.908670	0.002451	0.000007	0.996870	32.98
1.13	20.86	0.910277	0.002811	0.000009	0.996870	32.98
1.13	21.43	0.908066	0.002230	0.000005	0.996870	32.98
1.13	22.00	0.908436	0.002489	0.000007	0.996870	32.98
1.13	22.57	0.908637	0.002405	0.000006	0.996870	32.98
1.13	23.14	0.886885	0.037033	0.001546	0.996870	32.98
1.13	23.71	0.907573	0.002248	0.000006	0.996870	32.98
1.13	24.29	0.907724	0.002323	0.000006	0.996870	32.98
1.13	24.86	0.907975	0.012269	0.000166	0.996870	32.98
1.13	25.43	0.904303	0.015896	0.000279	0.996870	32.98
1.13	26.00	0.890988	0.037396	0.001570	0.996870	32.98
1.13	26.57	0.907717	0.002302	0.000006	0.996870	32.98
1.13	27.14	0.909282	0.002265	0.000006	0.996870	32.98
1.13	27.71	0.907662	0.002120	0.000005	0.996870	32.98
1.13	28.29	0.905245	0.017973	0.000357	0.996870	32.98
1.13	28.86	0.907600	0.001985	0.000004	0.996870	32.98
1.13	29.43	0.905808	0.014241	0.000224	0.996870	32.98
1.13	30.00	0.906896	0.001960	0.000004	0.996870	32.98
1.16	2.00	0.000000	0.000000	0.000000	0.996870	33.17
1.16	2.57	0.000000	0.000000	0.000000	0.996870	33.17
1.16	3.14	0.000000	0.000000	0.000000	0.996870	33.17
1.16	3.71	0.000000	0.000000	0.000000	0.996870	33.17
1.16	4.29	0.000000	0.000000	0.000000	0.996870	33.17
1.16	4.86	0.000000	0.000000	0.000000	0.996870	33.17
1.16	5.43	0.000000	0.000000	0.000000	0.996870	33.17
1.16	6.00	0.809262	0.005495	0.000037	0.996870	33.17
1.16	6.57	0.643119	0.328213	0.167502	0.996870	33.17
1.16	7.14	0.891197	0.029067	0.000948	0.996870	33.17
1.16	7.71	0.856321	0.170224	0.033838	0.996870	33.17
1.16	8.29	0.876214	0.148179	0.025059	0.996870	33.17
1.16	8.86	0.908190	0.003415	0.000013	0.996870	33.17
1.16	9.43	0.907885	0.002234	0.000005	0.996870	33.17
1.16	10.00	0.909329	0.003370	0.000012	0.996870	33.17
1.16	10.57	0.909424	0.002398	0.000006	0.996870	33.17
1.16	11.14	0.908671	0.003196	0.000011	0.996870	33.17
1.16	11.71	0.908231	0.002555	0.000007	0.996870	33.17
1.16	12.29	0.907887	0.002161	0.000005	0.996870	33.17
1.16	12.86	0.907421	0.002407	0.000006	0.996870	33.17
1.16	13.43	0.908679	0.002358	0.000006	0.996870	33.17
1.16	14.00	0.909585	0.002930	0.000009	0.996870	33.17
1.16	14.57	0.909898	0.002376	0.000006	0.996870	33.17
1.16	15.14	0.910697	0.002700	0.000008	0.996870	33.17
1.16	15.71	0.907590	0.002255	0.000006	0.996870	33.17
1.16	16.29	0.907808	0.002115	0.000005	0.996870	33.17
1.16	16.86	0.907742	0.002251	0.000006	0.996870	33.17
1.16	17.43	0.908346	0.002286	0.000006	0.996870	33.17
1.16	18.00	0.907331	0.002044	0.000005	0.996870	33.17
1.16	18.57	0.909812	0.002610	0.000007	0.996870	33.17
1.16	19.14	0.909392	0.002486	0.000007	0.996870	33.17
1.16	19.71	0.909444	0.002258	0.000006	0.996870	33.17
1.16	20.29	0.907058	0.002166	0.000005	0.996870	33.17
1.16	20.86	0.889310	0.037839	0.001610	0.996870	33.17
1.16	21.43	0.908356	0.002307	0.000006	0.996870	33.17
1.16	22.00	0.907246	0.001933	0.000004	0.996870	33.17
1.16	22.57	0.907426	0.002292	0.000006	0.996870	33.17
1.16	23.14	0.908243	0.002342	0.000006	0.996870	33.17
1.16	23.71	0.908264	0.002290	0.000006	0.996870	33.17
1.16	24.29	0.910217	0.002784	0.000009	0.996870	33.17
1.16	24.86	0.907619	0.011091	0.000136	0.996870	33.17
1.16	25.43	0.907036	0.002182	0.000005	0.996870	33.17
1.16	26.00	0.909026	0.002235	0.000005	0.996870	33.17
1.16	26.57	0.906918	0.002166	0.000005	0.996870	33.17
1.16	27.14	0.903161	0.018042	0.000360	0.996870	33.17
1.16	27.71	0.905549	0.018827	0.000391	0.996870	33.17
1.16	28.29	0.906753	0.014496	0.000232	0.996870	33.17
1.16	28.86	0.901900	0.025532	0.000723	0.996870	33.17
1.16	29.43	0.907221	0.001843	0.000004	0.996870	33.17
1.16	30.00	0.908845	0.002373	0.000006	0.996870	33.17
1.18	2.00	0.000000	0.000000	0.000000	0.996870	33.37
1.18	2.57	0.000000	0.000000	0.000000	0.996870	33.37
1.18	3.14	0.000000	0.000000	0.000000	0.996870	33.37
1.18	3.71	0.000000	0.000000	0.000000	0.996870	33.37
1.18	4.29	0.000000	0.000000	0.000000	0.996870	33.37
1.18	4.86	0.000000	0.000000	0.000000	0.996870	33.37
1.18	5.43	0.000000	0.000000	0.000000	0.996870	33.37
1.18	6.00	0.745683	0.000000	0.000000	0.996870	33.37
1.18	6.57	0.837258	0.029602	0.001047	0.996870	33.37
1.18	7.14	0.885543	0.049378	0.002753	0.996870	33.37
1.18	7.71	0.859395	0.136061	0.021541	0.996870	33.37
1.18	8.29	0.872202	0.146122	0.024480	0.996870	33.37
1.18	8.86	0.904834	0.013387	0.000198	0.996870	33.37
1.18	9.43	0.907074	0.001757	0.000003	0.996870	33.37
1.18	10.00	0.908189	0.002788	0.000009	0.996870	33.37
1.18	10.57	0.908853	0.003090	0.000011	0.996870	33.37
1.18	11.14	0.908679	0.002770	0.000008	0.996870	33.37
1.18	11.71	0.908455	0.002752	0.000008	0.996870	33.37
1.18	12.29	0.906996	0.001689	0.000003	0.996870	33.37
1.18	12.86	0.906506	0.001938	0.000004	0.996870	33.37
1.18	13.43	0.906885	0.002454	0.000007	0.996870	33.37
1.18	14.00	0.907771	0.001936	0.000004	0.996870	33.37
1.18	14.57	0.909079	0.002005	0.000004	0.996870	33.37
1.18	15.14	0.909500	0.002104	0.000005	0.996870	33.37
1.18	15.71	0.909384	0.002784	0.000009	0.996870	33.37
1.18	16.29	0.907581	0.002003	0.000004	0.996870	33.37
1.18	16.86	0.908771	0.002602	0.000007	0.996870	33.37
1.18	17.43	0.910729	0.002628	0.000008	0.996870	33.37
1.18	18.00	0.909251	0.002999	0.000010	0.996870	33.37
1.18	18.57	0.909039	0.001921	0.000004	0.996870	33.37
1.18	19.14	0.908385	0.002542	0.000007	0.996870	33.37
1.18	19.71	0.909175	0.002288	0.000006	0.996870	33.37
1.18	20.29	0.905547	0.011998	0.000159	0.996870	33.37
1.18	20.86	0.908124	0.002248	0.000006	0.996870	33.37
1.18	21.43	0.906411	0.014475	0.000231	0.996870	33.37
1.18	22.00	0.909535	0.002627	0.000008	0.996870	33.37
1.18	22.57	0.907423	0.012296	0.000167	0.996870	33.37
1.18	23.14	0.907270	0.001865	0.000004	0.996870	33.37
1.18	23.71	0.910155	0.002551	0.000007	0.996870	33.37
1.18	24.29	0.908905	0.002477	0.000007	0.996870	33.37
1.18	24.86	0.908453	0.002299	0.000006	0.996870	33.37
1.18	25.43	0.905121	0.017606	0.000342	0.996870	33.37
1.18	26.00	0.910188	0.002515	0.000007	0.996870	33.37
1.18	26.57	0.904525	0.017858	0.000353	0.996870	33.37
1.18	27.14	0.910845	0.002573	0.000007	0.996870	33.37
1.18	27.71	0.908385	0.002093	0.000005	0.996870	33.37
1.18	28.29	0.907763	0.008985	0.000089	0.996870	33.37
1.18	28.86	0.908674	0.002371	0.000006	0.996870	33.37
1.18	29.43	0.907022	0.002103	0.000005	0.996870	33.37
1.18	30.00	0.907666	0.003666	0.000015	0.996870	33.37
1.20	2.00	0.000000	0.000000	0.000000	0.996870	33.59
1.20	2.57	0.000000	0.000000	0.000000	0.996870	33.59
1.20	3.14	0.000000	0.000000	0.000000	0.996870	33.59
1.20	3.71	0.000000	0.000000	0.000000	0.996870	33.59
1.20	4.29	0.000000	0.000000	0.000000	0.996870	33.59
1.20	4.86	0.000000	0.000000	0.000000	0.996870	33.59
1.20	5.43	0.579278	0.000000	0.000000	0.996870	33.59
1.20	6.00	0.000000	0.000000	0.000000	0.996870	33.59
1.20	6.57	0.862899	0.027366	0.000868	0.996870	33.59
1.20	7.14	0.816981	0.218629	0.058507	0.996870	33.59
1.20	7.71	0.902370	0.011296	0.000141	0.996870	33.59
1.20	8.29	0.908309	0.002842	0.000009	0.996870	33.59
1.20	8.86	0.905925	0.002452	0.000007	0.996870	33.59
1.20	9.43	0.907221	0.002041	0.000005	0.996870	33.59
1.20	10.00	0.906923	0.002001	0.000004	0.996870	33.59
1.20	10.57	0.907009	0.002189	0.000005	0.996870	33.59
1.20	11.14	0.908533	0.002591	0.000007	0.996870	33.59
1.20	11.71	0.908764	0.002461	0.000007	0.996870	33.59
1.20	12.29	0.908250	0.002382	0.000006	0.996870	33.59
1.20	12.86	0.907558	0.001868	0.000004	0.996870	33.59
1.20	13.43	0.907117	0.001940	0.000004	0.996870	33.59
1.20	14.00	0.908344	0.002427	0.000006	0.996870	33.59
1.20	14.57	0.906657	0.002178	0.000005	0.996870	33.59
1.20	15.14	0.908292	0.002370	0.000006	0.996870	33.59
1.20	15.71	0.909885	0.002963	0.000010	0.996870	33.59
1.20	16.29	0.908903	0.002446	0.000007	0.996870	33.59
1.20	16.86	0.909023	0.002570	0.000007	0.996870	33.59
1.20	17.43	0.909677	0.002304	0.000006	0.996870	33.59
1.20	18.00	0.907557	0.002608	0.000007	0.996870	33.59
1.20	18.57	0.908368	0.002357	0.000006	0.996870	33.59
1.20	19.14	0.909138	0.002576	0.000007	0.996870	33.59
1.20	19.71	0.906100	0.002058	0.000005	0.996870	33.59
1.20	20.29	0.907949	0.002321	0.000006	0.996870	33.59
1.20	20.86	0.906756	0.002269	0.000006	0.996870	33.59
1.20	21.43	0.909061	0.002543	0.000007	0.996870	33.59
1.20	22.00	0.908126	0.001999	0.000004	0.996870	33.59
1.20	22.57	0.897317	0.031330	0.001094	0.996870	33.59
1.20	23.14	0.908676	0.002369	0.000006	0.996870	33.59
1.20	23.71	0.907630	0.002250	0.000006	0.996870	33.59
1.20	24.29	0.901262	0.024807	0.000683	0.996870	33.59
1.20	24.86	0.904374	0.015382	0.000262	0.996870	33.59
1.20	25.43	0.909733	0.002385	0.000006	0.996870	33.59
1.20	26.00	0.908480	0.002510	0.000007	0.996870	33.59
1.20	26.57	0.886100	0.040404	0.001842	0.996870	33.59
1.20	27.14	0.909493	0.002164	0.000005	0.996870	33.59
1.20	27.71	0.908242	0.002374	0.000006	0.996870	33.59
1.20	28.29	0.910169	0.002419	0.000006	0.996870	33.59
1.20	28.86	0.904836	0.009776	0.000106	0.996870	33.59
1.20	29.43	0.908799	0.002349	0.000006	0.996870	33.59
1.20	30.00	0.908868	0.002108	0.000005	0.996870	33.59
