base_sigma	MAX_EXC_WEIGHT	Gini	mean_peaks_height	std_peaks_height	fano_factor
0.0317	2.0	0.873333	0.0	0.0	0.0
0.0317	2.37	0.873333	0.0	0.0	0.0
0.0317	2.73	0.873333	0.0	0.0	0.0
0.0317	3.1	0.873333	0.0	0.0	0.0
0.0317	3.47	0.873333	0.0	0.0	0.0
0.0317	3.84	0.873333	0.0	0.0	0.0
0.0317	4.2	0.873333	0.0	0.0	0.0
0.0317	4.57	0.873333	0.0	0.0	0.0
0.0317	4.94	0.873333	0.0	0.0	0.0
0.0317	5.31	0.873333	0.109263	0.0	0.0
0.0317	5.67	0.873333	0.0	0.0	0.0
0.0317	6.04	0.873333	0.684294	0.064545	0.006088
0.0317	6.41	0.873333	0.831545	0.026961	0.000874
0.0317	6.78	0.873333	0.876468	0.00828	7.8e-05
0.0317	7.14	0.873333	0.897019	0.004504	2.3e-05
0.0317	7.51	0.873333	0.902586	0.005252	3.1e-05
0.0317	7.88	0.873333	0.908137	0.002687	8e-06
0.0317	8.24	0.873333	0.911766	0.002274	6e-06
0.0317	8.61	0.873333	0.913737	0.002361	6e-06
0.0317	8.98	0.873333	0.917024	0.00079	1e-06
0.0317	9.35	0.873333	0.917173	0.002331	6e-06
0.0317	9.71	0.873333	0.918952	0.00179	3e-06
0.0317	10.08	0.873333	0.920524	0.000987	1e-06
0.0317	10.45	0.873333	0.920843	0.000785	1e-06
0.0317	10.82	0.873333	0.921919	0.000852	1e-06
0.0317	11.18	0.873333	0.921297	0.000837	1e-06
0.0317	11.55	0.873333	0.922343	0.000819	1e-06
0.0317	11.92	0.873333	0.922403	0.000665	0.0
0.0317	12.29	0.873333	0.923393	0.000757	1e-06
0.0317	12.65	0.873333	0.924816	0.000659	0.0
0.0317	13.02	0.873333	0.925175	0.000778	1e-06
0.0317	13.39	0.873333	0.922988	0.000839	1e-06
0.0317	13.76	0.873333	0.925529	0.000768	1e-06
0.0317	14.12	0.873333	0.926087	0.000712	1e-06
0.0317	14.49	0.873333	0.924882	0.000763	1e-06
0.0317	14.86	0.873333	0.924965	0.000647	0.0
0.0317	15.22	0.873333	0.9194	0.003809	1.6e-05
0.0317	15.59	0.873333	0.92595	0.000673	0.0
0.0317	15.96	0.873333	0.926068	0.000654	0.0
0.0317	16.33	0.873333	0.925653	0.000815	1e-06
0.0317	16.69	0.873333	0.924487	0.000838	1e-06
0.0317	17.06	0.873333	0.926112	0.000716	1e-06
0.0317	17.43	0.873333	0.926767	0.000704	1e-06
0.0317	17.8	0.873333	0.925199	0.000768	1e-06
0.0317	18.16	0.873333	0.926668	0.000734	1e-06
0.0317	18.53	0.873333	0.925188	0.000787	1e-06
0.0317	18.9	0.873333	0.926458	0.00072	1e-06
0.0317	19.27	0.873333	0.926561	0.000723	1e-06
0.0317	19.63	0.873333	0.923536	0.001539	3e-06
0.0317	20.0	0.873333	0.92632	0.000695	1e-06
0.0367	2.0	0.848735	0.0	0.0	0.0
0.0367	2.37	0.848735	0.0	0.0	0.0
0.0367	2.73	0.848735	0.0	0.0	0.0
0.0367	3.1	0.848735	0.0	0.0	0.0
0.0367	3.47	0.848735	0.0	0.0	0.0
0.0367	3.84	0.848735	0.0	0.0	0.0
0.0367	4.2	0.848735	0.0	0.0	0.0
0.0367	4.57	0.848735	0.0	0.0	0.0
0.0367	4.94	0.848735	0.0	0.0	0.0
0.0367	5.31	0.848735	0.0	0.0	0.0
0.0367	5.67	0.848735	0.0	0.0	0.0
0.0367	6.04	0.848735	0.094164	0.0	0.0
0.0367	6.41	0.848735	0.0	0.0	0.0
0.0367	6.78	0.848735	0.553151	0.251208	0.114084
0.0367	7.14	0.848735	0.784112	0.052445	0.003508
0.0367	7.51	0.848735	0.835475	0.032395	0.001256
0.0367	7.88	0.848735	0.876588	0.014208	0.00023
0.0367	8.24	0.848735	0.890839	0.008567	8.2e-05
0.0367	8.61	0.848735	0.89957	0.005077	2.9e-05
0.0367	8.98	0.848735	0.907518	0.003281	1.2e-05
0.0367	9.35	0.848735	0.905642	0.002656	8e-06
0.0367	9.71	0.848735	0.910167	0.002051	5e-06
0.0367	10.08	0.848735	0.912372	0.00157	3e-06
0.0367	10.45	0.848735	0.915866	0.001794	4e-06
0.0367	10.82	0.848735	0.916134	0.001143	1e-06
0.0367	11.18	0.848735	0.915319	0.00091	1e-06
0.0367	11.55	0.848735	0.917927	0.000969	1e-06
0.0367	11.92	0.848735	0.918165	0.001213	2e-06
0.0367	12.29	0.848735	0.91962	0.000928	1e-06
0.0367	12.65	0.848735	0.919817	0.000848	1e-06
0.0367	13.02	0.848735	0.922118	0.000763	1e-06
0.0367	13.39	0.848735	0.922082	0.000876	1e-06
0.0367	13.76	0.848735	0.921653	0.000913	1e-06
0.0367	14.12	0.848735	0.921053	0.000959	1e-06
0.0367	14.49	0.848735	0.922019	0.000884	1e-06
0.0367	14.86	0.848735	0.919229	0.000848	1e-06
0.0367	15.22	0.848735	0.921922	0.000828	1e-06
0.0367	15.59	0.848735	0.923091	0.000738	1e-06
0.0367	15.96	0.848735	0.921354	0.0009	1e-06
0.0367	16.33	0.848735	0.922834	0.000736	1e-06
0.0367	16.69	0.848735	0.923971	0.001343	2e-06
0.0367	17.06	0.848735	0.915709	0.006424	4.5e-05
0.0367	17.43	0.848735	0.920483	0.004138	1.9e-05
0.0367	17.8	0.848735	0.916935	0.006672	4.9e-05
0.0367	18.16	0.848735	0.924137	0.00078	1e-06
0.0367	18.53	0.848735	0.915565	0.005901	3.8e-05
0.0367	18.9	0.848735	0.921023	0.002629	8e-06
0.0367	19.27	0.848735	0.924124	0.000789	1e-06
0.0367	19.63	0.848735	0.918777	0.001883	4e-06
0.0367	20.0	0.848735	0.92414	0.000784	1e-06
0.0397	2.0	0.83792	0.0	0.0	0.0
0.0397	2.37	0.83792	0.0	0.0	0.0
0.0397	2.73	0.83792	0.0	0.0	0.0
0.0397	3.1	0.83792	0.0	0.0	0.0
0.0397	3.47	0.83792	0.0	0.0	0.0
0.0397	3.84	0.83792	0.0	0.0	0.0
0.0397	4.2	0.83792	0.0	0.0	0.0
0.0397	4.57	0.83792	0.0	0.0	0.0
0.0397	4.94	0.83792	0.0	0.0	0.0
0.0397	5.31	0.83792	0.0	0.0	0.0
0.0397	5.67	0.83792	0.0	0.0	0.0
0.0397	6.04	0.83792	0.0	0.0	0.0
0.0397	6.41	0.83792	0.0	0.0	0.0
0.0397	6.78	0.83792	0.30187	0.171137	0.097022
0.0397	7.14	0.83792	0.586314	0.074886	0.009565
0.0397	7.51	0.83792	0.748297	0.072354	0.006996
0.0397	7.88	0.83792	0.837892	0.038821	0.001799
0.0397	8.24	0.83792	0.873152	0.015613	0.000279
0.0397	8.61	0.83792	0.887032	0.009063	9.3e-05
0.0397	8.98	0.83792	0.892916	0.007376	6.1e-05
0.0397	9.35	0.83792	0.899747	0.005657	3.6e-05
0.0397	9.71	0.83792	0.903632	0.004451	2.2e-05
0.0397	10.08	0.83792	0.906109	0.002273	6e-06
0.0397	10.45	0.83792	0.908455	0.002283	6e-06
0.0397	10.82	0.83792	0.911176	0.001011	1e-06
0.0397	11.18	0.83792	0.912853	0.001197	2e-06
0.0397	11.55	0.83792	0.910923	0.001378	2e-06
0.0397	11.92	0.83792	0.91358	0.001089	1e-06
0.0397	12.29	0.83792	0.915221	0.000882	1e-06
0.0397	12.65	0.83792	0.916059	0.000884	1e-06
0.0397	13.02	0.83792	0.915655	0.000991	1e-06
0.0397	13.39	0.83792	0.91747	0.00113	1e-06
0.0397	13.76	0.83792	0.917782	0.000964	1e-06
0.0397	14.12	0.83792	0.918967	0.000867	1e-06
0.0397	14.49	0.83792	0.918111	0.000931	1e-06
0.0397	14.86	0.83792	0.919062	0.000825	1e-06
0.0397	15.22	0.83792	0.919763	0.001055	1e-06
0.0397	15.59	0.83792	0.919286	0.000861	1e-06
0.0397	15.96	0.83792	0.919371	0.000929	1e-06
0.0397	16.33	0.83792	0.921721	0.000731	1e-06
0.0397	16.69	0.83792	0.921812	0.000826	1e-06
0.0397	17.06	0.83792	0.921434	0.000912	1e-06
0.0397	17.43	0.83792	0.919599	0.001944	4e-06
0.0397	17.8	0.83792	0.921672	0.000753	1e-06
0.0397	18.16	0.83792	0.92011	0.000738	1e-06
0.0397	18.53	0.83792	0.920878	0.000892	1e-06
0.0397	18.9	0.83792	0.922114	0.000892	1e-06
0.0397	19.27	0.83792	0.921483	0.000831	1e-06
0.0397	19.63	0.83792	0.921272	0.000857	1e-06
0.0397	20.0	0.83792	0.921612	0.00067	0.0
0.0425	2.0	0.823021	0.0	0.0	0.0
0.0425	2.37	0.823021	0.0	0.0	0.0
0.0425	2.73	0.823021	0.0	0.0	0.0
0.0425	3.1	0.823021	0.0	0.0	0.0
0.0425	3.47	0.823021	0.0	0.0	0.0
0.0425	3.84	0.823021	0.0	0.0	0.0
0.0425	4.2	0.823021	0.0	0.0	0.0
0.0425	4.57	0.823021	0.0	0.0	0.0
0.0425	4.94	0.823021	0.0	0.0	0.0
0.0425	5.31	0.823021	0.0	0.0	0.0
0.0425	5.67	0.823021	0.0	0.0	0.0
0.0425	6.04	0.823021	0.115281	0.0	0.0
0.0425	6.41	0.823021	0.163165	0.03168	0.006151
0.0425	6.78	0.823021	0.240857	0.014086	0.000824
0.0425	7.14	0.823021	0.328077	0.102859	0.032249
0.0425	7.51	0.823021	0.433335	0.154778	0.055283
0.0425	7.88	0.823021	0.734487	0.043784	0.00261
0.0425	8.24	0.823021	0.822583	0.022608	0.000621
0.0425	8.61	0.823021	0.865112	0.011377	0.00015
0.0425	8.98	0.823021	0.885235	0.011787	0.000157
0.0425	9.35	0.823021	0.896639	0.009734	0.000106
0.0425	9.71	0.823021	0.903435	0.004858	2.6e-05
0.0425	10.08	0.823021	0.914193	0.003155	1.1e-05
0.0425	10.45	0.823021	0.916682	0.00273	8e-06
0.0425	10.82	0.823021	0.919162	0.002909	9e-06
0.0425	11.18	0.823021	0.923737	0.002025	4e-06
0.0425	11.55	0.823021	0.925745	0.001662	3e-06
0.0425	11.92	0.823021	0.926673	0.001965	4e-06
0.0425	12.29	0.823021	0.93026	0.001309	2e-06
0.0425	12.65	0.823021	0.930158	0.001084	1e-06
0.0425	13.02	0.823021	0.930867	0.001357	2e-06
0.0425	13.39	0.823021	0.931108	0.000925	1e-06
0.0425	13.76	0.823021	0.933377	0.000794	1e-06
0.0425	14.12	0.823021	0.929907	0.001887	4e-06
0.0425	14.49	0.823021	0.933762	0.001085	1e-06
0.0425	14.86	0.823021	0.934821	0.000691	1e-06
0.0425	15.22	0.823021	0.935671	0.000739	1e-06
0.0425	15.59	0.823021	0.9358	0.000888	1e-06
0.0425	15.96	0.823021	0.927235	0.002391	6e-06
0.0425	16.33	0.823021	0.937045	0.000965	1e-06
0.0425	16.69	0.823021	0.933283	0.002033	4e-06
0.0425	17.06	0.823021	0.936054	0.001152	1e-06
0.0425	17.43	0.823021	0.938181	0.000776	1e-06
0.0425	17.8	0.823021	0.936461	0.00094	1e-06
0.0425	18.16	0.823021	0.937754	0.000888	1e-06
0.0425	18.53	0.823021	0.936387	0.001467	2e-06
0.0425	18.9	0.823021	0.936577	0.00139	2e-06
0.0425	19.27	0.823021	0.937881	0.001017	1e-06
0.0425	19.63	0.823021	0.936326	0.002514	7e-06
0.0425	20.0	0.823021	0.938542	0.000809	1e-06
0.0449	2.0	0.822118	0.0	0.0	0.0
0.0449	2.37	0.822118	0.0	0.0	0.0
0.0449	2.73	0.822118	0.0	0.0	0.0
0.0449	3.1	0.822118	0.0	0.0	0.0
0.0449	3.47	0.822118	0.0	0.0	0.0
0.0449	3.84	0.822118	0.0	0.0	0.0
0.0449	4.2	0.822118	0.0	0.0	0.0
0.0449	4.57	0.822118	0.0	0.0	0.0
0.0449	4.94	0.822118	0.0	0.0	0.0
0.0449	5.31	0.822118	0.131815	0.0	0.0
0.0449	5.67	0.822118	0.162363	0.002709	4.5e-05
0.0449	6.04	0.822118	0.217898	0.0	0.0
0.0449	6.41	0.822118	0.251179	0.085346	0.028999
0.0449	6.78	0.822118	0.36856	0.092489	0.02321
0.0449	7.14	0.822118	0.552108	0.037527	0.002551
0.0449	7.51	0.822118	0.650418	0.05455	0.004575
0.0449	7.88	0.822118	0.775998	0.02374	0.000726
0.0449	8.24	0.822118	0.813689	0.037872	0.001763
0.0449	8.61	0.822118	0.859247	0.014045	0.00023
0.0449	8.98	0.822118	0.879343	0.008943	9.1e-05
0.0449	9.35	0.822118	0.89151	0.005911	3.9e-05
0.0449	9.71	0.822118	0.898309	0.004304	2.1e-05
0.0449	10.08	0.822118	0.903973	0.00471	2.5e-05
0.0449	10.45	0.822118	0.908701	0.003321	1.2e-05
0.0449	10.82	0.822118	0.910131	0.003263	1.2e-05
0.0449	11.18	0.822118	0.912402	0.003223	1.1e-05
0.0449	11.55	0.822118	0.915484	0.001232	2e-06
0.0449	11.92	0.822118	0.917361	0.001094	1e-06
0.0449	12.29	0.822118	0.919633	0.001398	2e-06
0.0449	12.65	0.822118	0.920596	0.000996	1e-06
0.0449	13.02	0.822118	0.92188	0.001147	1e-06
0.0449	13.39	0.822118	0.92248	0.000828	1e-06
0.0449	13.76	0.822118	0.919491	0.001332	2e-06
0.0449	14.12	0.822118	0.924049	0.000931	1e-06
0.0449	14.49	0.822118	0.923425	0.001066	1e-06
0.0449	14.86	0.822118	0.923496	0.000963	1e-06
0.0449	15.22	0.822118	0.923305	0.000862	1e-06
0.0449	15.59	0.822118	0.924245	0.000965	1e-06
0.0449	15.96	0.822118	0.92457	0.001081	1e-06
0.0449	16.33	0.822118	0.924965	0.000935	1e-06
0.0449	16.69	0.822118	0.925709	0.000956	1e-06
0.0449	17.06	0.822118	0.926648	0.000903	1e-06
0.0449	17.43	0.822118	0.927505	0.000902	1e-06
0.0449	17.8	0.822118	0.923311	0.001673	3e-06
0.0449	18.16	0.822118	0.794361	0.098353	0.012178
0.0449	18.53	0.822118	0.887954	0.046074	0.002391
0.0449	18.9	0.822118	0.92573	0.001706	3e-06
0.0449	19.27	0.822118	0.926142	0.001148	1e-06
0.0449	19.63	0.822118	0.925804	0.001192	2e-06
0.0449	20.0	0.822118	0.923819	0.001748	3e-06
0.0473	2.0	0.814486	0.0	0.0	0.0
0.0473	2.37	0.814486	0.0	0.0	0.0
0.0473	2.73	0.814486	0.0	0.0	0.0
0.0473	3.1	0.814486	0.0	0.0	0.0
0.0473	3.47	0.814486	0.0	0.0	0.0
0.0473	3.84	0.814486	0.0	0.0	0.0
0.0473	4.2	0.814486	0.0	0.0	0.0
0.0473	4.57	0.814486	0.0	0.0	0.0
0.0473	4.94	0.814486	0.0	0.0	0.0
0.0473	5.31	0.814486	0.0	0.0	0.0
0.0473	5.67	0.814486	0.0	0.0	0.0
0.0473	6.04	0.814486	0.0	0.0	0.0
0.0473	6.41	0.814486	0.325552	0.0	0.0
0.0473	6.78	0.814486	0.279494	0.21054	0.158599
0.0473	7.14	0.814486	0.569833	0.031666	0.00176
0.0473	7.51	0.814486	0.643715	0.02927	0.001331
0.0473	7.88	0.814486	0.734146	0.045045	0.002764
0.0473	8.24	0.814486	0.808929	0.03103	0.00119
0.0473	8.61	0.814486	0.845066	0.041858	0.002073
0.0473	8.98	0.814486	0.886161	0.023415	0.000619
0.0473	9.35	0.814486	0.900315	0.010836	0.00013
0.0473	9.71	0.814486	0.908226	0.010227	0.000115
0.0473	10.08	0.814486	0.91385	0.007948	6.9e-05
0.0473	10.45	0.814486	0.922308	0.003002	1e-05
0.0473	10.82	0.814486	0.926034	0.002551	7e-06
0.0473	11.18	0.814486	0.927019	0.002783	8e-06
0.0473	11.55	0.814486	0.928831	0.00288	9e-06
0.0473	11.92	0.814486	0.931042	0.001191	2e-06
0.0473	12.29	0.814486	0.933805	0.001278	2e-06
0.0473	12.65	0.814486	0.936084	0.001281	2e-06
0.0473	13.02	0.814486	0.936771	0.001182	1e-06
0.0473	13.39	0.814486	0.937713	0.00096	1e-06
0.0473	13.76	0.814486	0.939057	0.000961	1e-06
0.0473	14.12	0.814486	0.940141	0.000796	1e-06
0.0473	14.49	0.814486	0.940021	0.001304	2e-06
0.0473	14.86	0.814486	0.94238	0.000822	1e-06
0.0473	15.22	0.814486	0.943411	0.000795	1e-06
0.0473	15.59	0.814486	0.942518	0.000942	1e-06
0.0473	15.96	0.814486	0.943331	0.000904	1e-06
0.0473	16.33	0.814486	0.943147	0.000852	1e-06
0.0473	16.69	0.814486	0.942791	0.000878	1e-06
0.0473	17.06	0.814486	0.943914	0.000833	1e-06
0.0473	17.43	0.814486	0.946487	0.001019	1e-06
0.0473	17.8	0.814486	0.944667	0.000727	1e-06
0.0473	18.16	0.814486	0.945896	0.000739	1e-06
0.0473	18.53	0.814486	0.945691	0.000965	1e-06
0.0473	18.9	0.814486	0.945273	0.0008	1e-06
0.0473	19.27	0.814486	0.946586	0.0009	1e-06
0.0473	19.63	0.814486	0.946454	0.000929	1e-06
0.0473	20.0	0.814486	0.947561	0.000914	1e-06
0.0494	2.0	0.794684	0.0	0.0	0.0
0.0494	2.37	0.794684	0.0	0.0	0.0
0.0494	2.73	0.794684	0.0	0.0	0.0
0.0494	3.1	0.794684	0.0	0.0	0.0
0.0494	3.47	0.794684	0.0	0.0	0.0
0.0494	3.84	0.794684	0.0	0.0	0.0
0.0494	4.2	0.794684	0.0	0.0	0.0
0.0494	4.57	0.794684	0.0	0.0	0.0
0.0494	4.94	0.794684	0.0	0.0	0.0
0.0494	5.31	0.794684	0.0	0.0	0.0
0.0494	5.67	0.794684	0.0	0.0	0.0
0.0494	6.04	0.794684	0.0	0.0	0.0
0.0494	6.41	0.794684	0.0	0.0	0.0
0.0494	6.78	0.794684	0.0	0.0	0.0
0.0494	7.14	0.794684	0.200575	0.001437	1e-05
0.0494	7.51	0.794684	0.08278	0.0	0.0
0.0494	7.88	0.794684	0.333992	0.239612	0.171903
0.0494	8.24	0.794684	0.693323	0.164925	0.039232
0.0494	8.61	0.794684	0.79916	0.044002	0.002423
0.0494	8.98	0.794684	0.844466	0.026178	0.000812
0.0494	9.35	0.794684	0.872433	0.012165	0.00017
0.0494	9.71	0.794684	0.890226	0.004647	2.4e-05
0.0494	10.08	0.794684	0.896021	0.003555	1.4e-05
0.0494	10.45	0.794684	0.898592	0.004215	2e-05
0.0494	10.82	0.794684	0.902097	0.003868	1.7e-05
0.0494	11.18	0.794684	0.908204	0.003384	1.3e-05
0.0494	11.55	0.794684	0.909967	0.002251	6e-06
0.0494	11.92	0.794684	0.912145	0.001578	3e-06
0.0494	12.29	0.794684	0.915061	0.001539	3e-06
0.0494	12.65	0.794684	0.91529	0.001321	2e-06
0.0494	13.02	0.794684	0.916955	0.00116	1e-06
0.0494	13.39	0.794684	0.919038	0.001342	2e-06
0.0494	13.76	0.794684	0.917873	0.000815	1e-06
0.0494	14.12	0.794684	0.920877	0.001135	1e-06
0.0494	14.49	0.794684	0.922146	0.001017	1e-06
0.0494	14.86	0.794684	0.922753	0.001061	1e-06
0.0494	15.22	0.794684	0.924377	0.000807	1e-06
0.0494	15.59	0.794684	0.923747	0.00083	1e-06
0.0494	15.96	0.794684	0.923856	0.000849	1e-06
0.0494	16.33	0.794684	0.925941	0.000955	1e-06
0.0494	16.69	0.794684	0.927121	0.001054	1e-06
0.0494	17.06	0.794684	0.924158	0.000831	1e-06
0.0494	17.43	0.794684	0.927353	0.000824	1e-06
0.0494	17.8	0.794684	0.925657	0.000791	1e-06
0.0494	18.16	0.794684	0.927342	0.000896	1e-06
0.0494	18.53	0.794684	0.9279	0.001013	1e-06
0.0494	18.9	0.794684	0.928184	0.000748	1e-06
0.0494	19.27	0.794684	0.928034	0.002202	5e-06
0.0494	19.63	0.794684	0.928841	0.000977	1e-06
0.0494	20.0	0.794684	0.927602	0.000921	1e-06
0.0515	2.0	0.788918	0.0	0.0	0.0
0.0515	2.37	0.788918	0.0	0.0	0.0
0.0515	2.73	0.788918	0.0	0.0	0.0
0.0515	3.1	0.788918	0.0	0.0	0.0
0.0515	3.47	0.788918	0.0	0.0	0.0
0.0515	3.84	0.788918	0.0	0.0	0.0
0.0515	4.2	0.788918	0.0	0.0	0.0
0.0515	4.57	0.788918	0.0	0.0	0.0
0.0515	4.94	0.788918	0.0	0.0	0.0
0.0515	5.31	0.788918	0.0	0.0	0.0
0.0515	5.67	0.788918	0.0	0.0	0.0
0.0515	6.04	0.788918	0.0	0.0	0.0
0.0515	6.41	0.788918	0.0	0.0	0.0
0.0515	6.78	0.788918	0.0	0.0	0.0
0.0515	7.14	0.788918	0.231052	0.017716	0.001358
0.0515	7.51	0.788918	0.280199	0.148599	0.078807
0.0515	7.88	0.788918	0.410438	0.237195	0.137077
0.0515	8.24	0.788918	0.671635	0.137297	0.028066
0.0515	8.61	0.788918	0.802074	0.041217	0.002118
0.0515	8.98	0.788918	0.841362	0.025133	0.000751
0.0515	9.35	0.788918	0.883617	0.010046	0.000114
0.0515	9.71	0.788918	0.895523	0.005218	3e-05
0.0515	10.08	0.788918	0.905959	0.006067	4.1e-05
0.0515	10.45	0.788918	0.910421	0.004334	2.1e-05
0.0515	10.82	0.788918	0.917595	0.001799	4e-06
0.0515	11.18	0.788918	0.916512	0.002067	5e-06
0.0515	11.55	0.788918	0.921323	0.001494	2e-06
0.0515	11.92	0.788918	0.922588	0.001727	3e-06
0.0515	12.29	0.788918	0.924504	0.001105	1e-06
0.0515	12.65	0.788918	0.925848	0.001122	1e-06
0.0515	13.02	0.788918	0.925356	0.001241	2e-06
0.0515	13.39	0.788918	0.928015	0.001052	1e-06
0.0515	13.76	0.788918	0.929768	0.001128	1e-06
0.0515	14.12	0.788918	0.930599	0.001072	1e-06
0.0515	14.49	0.788918	0.930928	0.000895	1e-06
0.0515	14.86	0.788918	0.932006	0.000998	1e-06
0.0515	15.22	0.788918	0.932896	0.000793	1e-06
0.0515	15.59	0.788918	0.934438	0.001324	2e-06
0.0515	15.96	0.788918	0.935046	0.000926	1e-06
0.0515	16.33	0.788918	0.935777	0.000907	1e-06
0.0515	16.69	0.788918	0.936093	0.000924	1e-06
0.0515	17.06	0.788918	0.935421	0.000859	1e-06
0.0515	17.43	0.788918	0.935344	0.001087	1e-06
0.0515	17.8	0.788918	0.935631	0.000818	1e-06
0.0515	18.16	0.788918	0.936967	0.000786	1e-06
0.0515	18.53	0.788918	0.938096	0.000819	1e-06
0.0515	18.9	0.788918	0.937999	0.000781	1e-06
0.0515	19.27	0.788918	0.937283	0.000787	1e-06
0.0515	19.63	0.788918	0.93714	0.000795	1e-06
0.0515	20.0	0.788918	0.936679	0.001099	1e-06
0.0536	2.0	0.777802	0.0	0.0	0.0
0.0536	2.37	0.777802	0.0	0.0	0.0
0.0536	2.73	0.777802	0.0	0.0	0.0
0.0536	3.1	0.777802	0.0	0.0	0.0
0.0536	3.47	0.777802	0.0	0.0	0.0
0.0536	3.84	0.777802	0.0	0.0	0.0
0.0536	4.2	0.777802	0.0	0.0	0.0
0.0536	4.57	0.777802	0.0	0.0	0.0
0.0536	4.94	0.777802	0.0	0.0	0.0
0.0536	5.31	0.777802	0.0	0.0	0.0
0.0536	5.67	0.777802	0.0	0.0	0.0
0.0536	6.04	0.777802	0.0	0.0	0.0
0.0536	6.41	0.777802	0.156244	0.0	0.0
0.0536	6.78	0.777802	0.0	0.0	0.0
0.0536	7.14	0.777802	0.643179	0.011662	0.000211
0.0536	7.51	0.777802	0.627248	0.187187	0.055861
0.0536	7.88	0.777802	0.747091	0.016443	0.000362
0.0536	8.24	0.777802	0.7906	0.051923	0.00341
0.0536	8.61	0.777802	0.835018	0.027348	0.000896
0.0536	8.98	0.777802	0.864801	0.016114	0.0003
0.0536	9.35	0.777802	0.879877	0.009783	0.000109
0.0536	9.71	0.777802	0.889143	0.004626	2.4e-05
0.0536	10.08	0.777802	0.89509	0.003351	1.3e-05
0.0536	10.45	0.777802	0.904966	0.005802	3.7e-05
0.0536	10.82	0.777802	0.907648	0.004346	2.1e-05
0.0536	11.18	0.777802	0.910145	0.003362	1.2e-05
0.0536	11.55	0.777802	0.916438	0.002795	9e-06
0.0536	11.92	0.777802	0.920008	0.002701	8e-06
0.0536	12.29	0.777802	0.919745	0.001878	4e-06
0.0536	12.65	0.777802	0.925429	0.001314	2e-06
0.0536	13.02	0.777802	0.923959	0.001651	3e-06
0.0536	13.39	0.777802	0.927217	0.001295	2e-06
0.0536	13.76	0.777802	0.926995	0.001097	1e-06
0.0536	14.12	0.777802	0.929382	0.001415	2e-06
0.0536	14.49	0.777802	0.929726	0.001123	1e-06
0.0536	14.86	0.777802	0.93111	0.00123	2e-06
0.0536	15.22	0.777802	0.930755	0.001202	2e-06
0.0536	15.59	0.777802	0.932726	0.000955	1e-06
0.0536	15.96	0.777802	0.935244	0.000983	1e-06
0.0536	16.33	0.777802	0.933239	0.001045	1e-06
0.0536	16.69	0.777802	0.935847	0.000764	1e-06
0.0536	17.06	0.777802	0.936534	0.00096	1e-06
0.0536	17.43	0.777802	0.936535	0.00106	1e-06
0.0536	17.8	0.777802	0.937099	0.000895	1e-06
0.0536	18.16	0.777802	0.936911	0.000843	1e-06
0.0536	18.53	0.777802	0.938239	0.000892	1e-06
0.0536	18.9	0.777802	0.93911	0.001048	1e-06
0.0536	19.27	0.777802	0.93863	0.001045	1e-06
0.0536	19.63	0.777802	0.937873	0.001036	1e-06
0.0536	20.0	0.777802	0.937993	0.000747	1e-06
0.0557	2.0	0.761804	0.0	0.0	0.0
0.0557	2.37	0.761804	0.0	0.0	0.0
0.0557	2.73	0.761804	0.0	0.0	0.0
0.0557	3.1	0.761804	0.0	0.0	0.0
0.0557	3.47	0.761804	0.0	0.0	0.0
0.0557	3.84	0.761804	0.0	0.0	0.0
0.0557	4.2	0.761804	0.0	0.0	0.0
0.0557	4.57	0.761804	0.0	0.0	0.0
0.0557	4.94	0.761804	0.0	0.0	0.0
0.0557	5.31	0.761804	0.0	0.0	0.0
0.0557	5.67	0.761804	0.0	0.0	0.0
0.0557	6.04	0.761804	0.0	0.0	0.0
0.0557	6.41	0.761804	0.0	0.0	0.0
0.0557	6.78	0.761804	0.0	0.0	0.0
0.0557	7.14	0.761804	0.0	0.0	0.0
0.0557	7.51	0.761804	0.07731	0.0	0.0
0.0557	7.88	0.761804	0.228407	0.197668	0.171066
0.0557	8.24	0.761804	0.498634	0.237203	0.112839
0.0557	8.61	0.761804	0.696882	0.158566	0.036079
0.0557	8.98	0.761804	0.809743	0.0205	0.000519
0.0557	9.35	0.761804	0.845733	0.005959	4.2e-05
0.0557	9.71	0.761804	0.863426	0.007961	7.3e-05
0.0557	10.08	0.761804	0.876901	0.004799	2.6e-05
0.0557	10.45	0.761804	0.882992	0.002707	8e-06
0.0557	10.82	0.761804	0.888724	0.002335	6e-06
0.0557	11.18	0.761804	0.894827	0.001839	4e-06
0.0557	11.55	0.761804	0.896847	0.00186	4e-06
0.0557	11.92	0.761804	0.899123	0.002136	5e-06
0.0557	12.29	0.761804	0.899856	0.002396	6e-06
0.0557	12.65	0.761804	0.903636	0.001141	1e-06
0.0557	13.02	0.761804	0.905093	0.001729	3e-06
0.0557	13.39	0.761804	0.907057	0.001469	2e-06
0.0557	13.76	0.761804	0.909859	0.001407	2e-06
0.0557	14.12	0.761804	0.910053	0.001551	3e-06
0.0557	14.49	0.761804	0.91245	0.001056	1e-06
0.0557	14.86	0.761804	0.91093	0.001357	2e-06
0.0557	15.22	0.761804	0.915076	0.001322	2e-06
0.0557	15.59	0.761804	0.913043	0.001161	1e-06
0.0557	15.96	0.761804	0.916577	0.001031	1e-06
0.0557	16.33	0.761804	0.915106	0.001077	1e-06
0.0557	16.69	0.761804	0.918424	0.000989	1e-06
0.0557	17.06	0.761804	0.917606	0.000959	1e-06
0.0557	17.43	0.761804	0.919687	0.001126	1e-06
0.0557	17.8	0.761804	0.91879	0.001123	1e-06
0.0557	18.16	0.761804	0.916739	0.001139	1e-06
0.0557	18.53	0.761804	0.91987	0.00091	1e-06
0.0557	18.9	0.761804	0.918764	0.000923	1e-06
0.0557	19.27	0.761804	0.91818	0.001016	1e-06
0.0557	19.63	0.761804	0.919388	0.000883	1e-06
0.0557	20.0	0.761804	0.921744	0.001136	1e-06
0.0578	2.0	0.74631	0.0	0.0	0.0
0.0578	2.37	0.74631	0.0	0.0	0.0
0.0578	2.73	0.74631	0.0	0.0	0.0
0.0578	3.1	0.74631	0.0	0.0	0.0
0.0578	3.47	0.74631	0.0	0.0	0.0
0.0578	3.84	0.74631	0.0	0.0	0.0
0.0578	4.2	0.74631	0.0	0.0	0.0
0.0578	4.57	0.74631	0.0	0.0	0.0
0.0578	4.94	0.74631	0.0	0.0	0.0
0.0578	5.31	0.74631	0.0	0.0	0.0
0.0578	5.67	0.74631	0.0	0.0	0.0
0.0578	6.04	0.74631	0.0	0.0	0.0
0.0578	6.41	0.74631	0.0	0.0	0.0
0.0578	6.78	0.74631	0.0	0.0	0.0
0.0578	7.14	0.74631	0.253608	0.0	0.0
0.0578	7.51	0.74631	0.414502	0.015332	0.000567
0.0578	7.88	0.74631	0.474071	0.017216	0.000625
0.0578	8.24	0.74631	0.540133	0.119644	0.026502
0.0578	8.61	0.74631	0.655786	0.166093	0.042067
0.0578	8.98	0.74631	0.730327	0.128256	0.022524
0.0578	9.35	0.74631	0.811584	0.023118	0.000658
0.0578	9.71	0.74631	0.826796	0.016763	0.00034
0.0578	10.08	0.74631	0.857524	0.011046	0.000142
0.0578	10.45	0.74631	0.870393	0.005607	3.6e-05
0.0578	10.82	0.74631	0.880782	0.006608	5e-05
0.0578	11.18	0.74631	0.891824	0.002606	8e-06
0.0578	11.55	0.74631	0.895477	0.003409	1.3e-05
0.0578	11.92	0.74631	0.902218	0.002444	7e-06
0.0578	12.29	0.74631	0.903939	0.002241	6e-06
0.0578	12.65	0.74631	0.909253	0.001871	4e-06
0.0578	13.02	0.74631	0.9096	0.001999	4e-06
0.0578	13.39	0.74631	0.910626	0.001545	3e-06
0.0578	13.76	0.74631	0.913482	0.001449	2e-06
0.0578	14.12	0.74631	0.916899	0.001059	1e-06
0.0578	14.49	0.74631	0.917629	0.001254	2e-06
0.0578	14.86	0.74631	0.915798	0.001327	2e-06
0.0578	15.22	0.74631	0.919821	0.00097	1e-06
0.0578	15.59	0.74631	0.919154	0.001148	1e-06
0.0578	15.96	0.74631	0.922061	0.001176	2e-06
0.0578	16.33	0.74631	0.923206	0.00107	1e-06
0.0578	16.69	0.74631	0.92416	0.001033	1e-06
0.0578	17.06	0.74631	0.925333	0.001179	2e-06
0.0578	17.43	0.74631	0.925438	0.001115	1e-06
0.0578	17.8	0.74631	0.924546	0.000964	1e-06
0.0578	18.16	0.74631	0.924281	0.000906	1e-06
0.0578	18.53	0.74631	0.927126	0.000887	1e-06
0.0578	18.9	0.74631	0.927628	0.001142	1e-06
0.0578	19.27	0.74631	0.926988	0.001091	1e-06
0.0578	19.63	0.74631	0.927855	0.001065	1e-06
0.0578	20.0	0.74631	0.927648	0.001257	2e-06
0.06	2.0	0.728102	0.0	0.0	0.0
0.06	2.37	0.728102	0.0	0.0	0.0
0.06	2.73	0.728102	0.0	0.0	0.0
0.06	3.1	0.728102	0.0	0.0	0.0
0.06	3.47	0.728102	0.0	0.0	0.0
0.06	3.84	0.728102	0.0	0.0	0.0
0.06	4.2	0.728102	0.0	0.0	0.0
0.06	4.57	0.728102	0.0	0.0	0.0
0.06	4.94	0.728102	0.0	0.0	0.0
0.06	5.31	0.728102	0.0	0.0	0.0
0.06	5.67	0.728102	0.0	0.0	0.0
0.06	6.04	0.728102	0.0	0.0	0.0
0.06	6.41	0.728102	0.0	0.0	0.0
0.06	6.78	0.728102	0.0	0.0	0.0
0.06	7.14	0.728102	0.0	0.0	0.0
0.06	7.51	0.728102	0.0	0.0	0.0
0.06	7.88	0.728102	0.0	0.0	0.0
0.06	8.24	0.728102	0.085649	0.01514	0.002676
0.06	8.61	0.728102	0.464208	0.209701	0.09473
0.06	8.98	0.728102	0.748045	0.155749	0.032428
0.06	9.35	0.728102	0.811901	0.034467	0.001463
0.06	9.71	0.728102	0.844193	0.013343	0.000211
0.06	10.08	0.728102	0.857712	0.017438	0.000355
0.06	10.45	0.728102	0.870614	0.011649	0.000156
0.06	10.82	0.728102	0.877682	0.011668	0.000155
0.06	11.18	0.728102	0.888956	0.009355	9.8e-05
0.06	11.55	0.728102	0.892404	0.00364	1.5e-05
0.06	11.92	0.728102	0.894794	0.003675	1.5e-05
0.06	12.29	0.728102	0.9024	0.002456	7e-06
0.06	12.65	0.728102	0.906757	0.003175	1.1e-05
0.06	13.02	0.728102	0.908318	0.002513	7e-06
0.06	13.39	0.728102	0.909969	0.002258	6e-06
0.06	13.76	0.728102	0.913917	0.001649	3e-06
0.06	14.12	0.728102	0.916027	0.00151	2e-06
0.06	14.49	0.728102	0.917986	0.001219	2e-06
0.06	14.86	0.728102	0.920283	0.001337	2e-06
0.06	15.22	0.728102	0.920837	0.001243	2e-06
0.06	15.59	0.728102	0.922312	0.001313	2e-06
0.06	15.96	0.728102	0.922796	0.001168	1e-06
0.06	16.33	0.728102	0.923161	0.001329	2e-06
0.06	16.69	0.728102	0.927058	0.001465	2e-06
0.06	17.06	0.728102	0.925701	0.001069	1e-06
0.06	17.43	0.728102	0.924894	0.001062	1e-06
0.06	17.8	0.728102	0.928096	0.001248	2e-06
0.06	18.16	0.728102	0.929347	0.001024	1e-06
0.06	18.53	0.728102	0.92673	0.00133	2e-06
0.06	18.9	0.728102	0.927221	0.000909	1e-06
0.06	19.27	0.728102	0.927185	0.001131	1e-06
0.06	19.63	0.728102	0.927364	0.001672	3e-06
0.06	20.0	0.728102	0.929725	0.0009	1e-06
0.0621	2.0	0.717901	0.0	0.0	0.0
0.0621	2.37	0.717901	0.0	0.0	0.0
0.0621	2.73	0.717901	0.0	0.0	0.0
0.0621	3.1	0.717901	0.0	0.0	0.0
0.0621	3.47	0.717901	0.0	0.0	0.0
0.0621	3.84	0.717901	0.0	0.0	0.0
0.0621	4.2	0.717901	0.0	0.0	0.0
0.0621	4.57	0.717901	0.0	0.0	0.0
0.0621	4.94	0.717901	0.0	0.0	0.0
0.0621	5.31	0.717901	0.0	0.0	0.0
0.0621	5.67	0.717901	0.0	0.0	0.0
0.0621	6.04	0.717901	0.0	0.0	0.0
0.0621	6.41	0.717901	0.0	0.0	0.0
0.0621	6.78	0.717901	0.0	0.0	0.0
0.0621	7.14	0.717901	0.0	0.0	0.0
0.0621	7.51	0.717901	0.0	0.0	0.0
0.0621	7.88	0.717901	0.0	0.0	0.0
0.0621	8.24	0.717901	0.0	0.0	0.0
0.0621	8.61	0.717901	0.071092	0.0	0.0
0.0621	8.98	0.717901	0.101171	0.101952	0.10274
0.0621	9.35	0.717901	0.280468	0.176015	0.110463
0.0621	9.71	0.717901	0.534337	0.245222	0.11254
0.0621	10.08	0.717901	0.796799	0.035457	0.001578
0.0621	10.45	0.717901	0.84646	0.024626	0.000716
0.0621	10.82	0.717901	0.860982	0.023296	0.00063
0.0621	11.18	0.717901	0.880018	0.016578	0.000312
0.0621	11.55	0.717901	0.897592	0.004181	1.9e-05
0.0621	11.92	0.717901	0.905895	0.006723	5e-05
0.0621	12.29	0.717901	0.908601	0.004401	2.1e-05
0.0621	12.65	0.717901	0.913774	0.004092	1.8e-05
0.0621	13.02	0.717901	0.917215	0.005021	2.7e-05
0.0621	13.39	0.717901	0.922977	0.002379	6e-06
0.0621	13.76	0.717901	0.925489	0.002234	5e-06
0.0621	14.12	0.717901	0.927116	0.002742	8e-06
0.0621	14.49	0.717901	0.934357	0.001834	4e-06
0.0621	14.86	0.717901	0.934235	0.001732	3e-06
0.0621	15.22	0.717901	0.936454	0.001389	2e-06
0.0621	15.59	0.717901	0.936871	0.001929	4e-06
0.0621	15.96	0.717901	0.936352	0.001433	2e-06
0.0621	16.33	0.717901	0.938368	0.001229	2e-06
0.0621	16.69	0.717901	0.940785	0.001221	2e-06
0.0621	17.06	0.717901	0.939813	0.001198	2e-06
0.0621	17.43	0.717901	0.946338	0.001167	1e-06
0.0621	17.8	0.717901	0.943606	0.001307	2e-06
0.0621	18.16	0.717901	0.943464	0.001027	1e-06
0.0621	18.53	0.717901	0.946017	0.000944	1e-06
0.0621	18.9	0.717901	0.946839	0.001116	1e-06
0.0621	19.27	0.717901	0.946299	0.000908	1e-06
0.0621	19.63	0.717901	0.947858	0.000912	1e-06
0.0621	20.0	0.717901	0.948601	0.001012	1e-06
0.0642	2.0	0.718057	0.0	0.0	0.0
0.0642	2.37	0.718057	0.0	0.0	0.0
0.0642	2.73	0.718057	0.0	0.0	0.0
0.0642	3.1	0.718057	0.0	0.0	0.0
0.0642	3.47	0.718057	0.0	0.0	0.0
0.0642	3.84	0.718057	0.0	0.0	0.0
0.0642	4.2	0.718057	0.0	0.0	0.0
0.0642	4.57	0.718057	0.0	0.0	0.0
0.0642	4.94	0.718057	0.0	0.0	0.0
0.0642	5.31	0.718057	0.0	0.0	0.0
0.0642	5.67	0.718057	0.0	0.0	0.0
0.0642	6.04	0.718057	0.0	0.0	0.0
0.0642	6.41	0.718057	0.0	0.0	0.0
0.0642	6.78	0.718057	0.0	0.0	0.0
0.0642	7.14	0.718057	0.0	0.0	0.0
0.0642	7.51	0.718057	0.110419	0.050108	0.022739
0.0642	7.88	0.718057	0.077849	0.021475	0.005924
0.0642	8.24	0.718057	0.127528	0.053523	0.022464
0.0642	8.61	0.718057	0.194322	0.065694	0.022209
0.0642	8.98	0.718057	0.347665	0.166469	0.079709
0.0642	9.35	0.718057	0.466003	0.185272	0.07366
0.0642	9.71	0.718057	0.705574	0.091325	0.01182
0.0642	10.08	0.718057	0.774546	0.062998	0.005124
0.0642	10.45	0.718057	0.828447	0.02851	0.000981
0.0642	10.82	0.718057	0.872037	0.021231	0.000517
0.0642	11.18	0.718057	0.87972	0.017042	0.00033
0.0642	11.55	0.718057	0.885865	0.023686	0.000633
0.0642	11.92	0.718057	0.903799	0.010945	0.000133
0.0642	12.29	0.718057	0.908113	0.005957	3.9e-05
0.0642	12.65	0.718057	0.915146	0.003968	1.7e-05
0.0642	13.02	0.718057	0.922964	0.003515	1.3e-05
0.0642	13.39	0.718057	0.924662	0.003287	1.2e-05
0.0642	13.76	0.718057	0.929128	0.002261	6e-06
0.0642	14.12	0.718057	0.928563	0.002479	7e-06
0.0642	14.49	0.718057	0.934874	0.002109	5e-06
0.0642	14.86	0.718057	0.934281	0.00164	3e-06
0.0642	15.22	0.718057	0.937199	0.001452	2e-06
0.0642	15.59	0.718057	0.940777	0.001477	2e-06
0.0642	15.96	0.718057	0.941606	0.00162	3e-06
0.0642	16.33	0.718057	0.940502	0.001293	2e-06
0.0642	16.69	0.718057	0.94182	0.001125	1e-06
0.0642	17.06	0.718057	0.945139	0.001033	1e-06
0.0642	17.43	0.718057	0.943187	0.00103	1e-06
0.0642	17.8	0.718057	0.949613	0.001011	1e-06
0.0642	18.16	0.718057	0.947835	0.001044	1e-06
0.0642	18.53	0.718057	0.948436	0.000985	1e-06
0.0642	18.9	0.718057	0.947378	0.000992	1e-06
0.0642	19.27	0.718057	0.945476	0.001153	1e-06
0.0642	19.63	0.718057	0.950163	0.000975	1e-06
0.0642	20.0	0.718057	0.948766	0.001006	1e-06
0.0664	2.0	0.70669	0.0	0.0	0.0
0.0664	2.37	0.70669	0.0	0.0	0.0
0.0664	2.73	0.70669	0.0	0.0	0.0
0.0664	3.1	0.70669	0.0	0.0	0.0
0.0664	3.47	0.70669	0.0	0.0	0.0
0.0664	3.84	0.70669	0.0	0.0	0.0
0.0664	4.2	0.70669	0.0	0.0	0.0
0.0664	4.57	0.70669	0.0	0.0	0.0
0.0664	4.94	0.70669	0.0	0.0	0.0
0.0664	5.31	0.70669	0.0	0.0	0.0
0.0664	5.67	0.70669	0.0	0.0	0.0
0.0664	6.04	0.70669	0.0	0.0	0.0
0.0664	6.41	0.70669	0.0	0.0	0.0
0.0664	6.78	0.70669	0.0	0.0	0.0
0.0664	7.14	0.70669	0.0	0.0	0.0
0.0664	7.51	0.70669	0.0	0.0	0.0
0.0664	7.88	0.70669	0.0	0.0	0.0
0.0664	8.24	0.70669	0.091704	0.058148	0.036871
0.0664	8.61	0.70669	0.165016	0.096326	0.056229
0.0664	8.98	0.70669	0.469886	0.141865	0.042831
0.0664	9.35	0.70669	0.567864	0.210598	0.078102
0.0664	9.71	0.70669	0.728326	0.06291	0.005434
0.0664	10.08	0.70669	0.790826	0.037938	0.00182
0.0664	10.45	0.70669	0.846834	0.019608	0.000454
0.0664	10.82	0.70669	0.874788	0.012809	0.000188
0.0664	11.18	0.70669	0.883796	0.008867	8.9e-05
0.0664	11.55	0.70669	0.898687	0.007317	6e-05
0.0664	11.92	0.70669	0.904449	0.004478	2.2e-05
0.0664	12.29	0.70669	0.910945	0.003793	1.6e-05
0.0664	12.65	0.70669	0.917137	0.002816	9e-06
0.0664	13.02	0.70669	0.919362	0.004484	2.2e-05
0.0664	13.39	0.70669	0.924445	0.002856	9e-06
0.0664	13.76	0.70669	0.92539	0.001698	3e-06
0.0664	14.12	0.70669	0.929002	0.001638	3e-06
0.0664	14.49	0.70669	0.931454	0.001505	2e-06
0.0664	14.86	0.70669	0.934189	0.001539	3e-06
0.0664	15.22	0.70669	0.933743	0.00117	1e-06
0.0664	15.59	0.70669	0.938536	0.001487	2e-06
0.0664	15.96	0.70669	0.937643	0.001031	1e-06
0.0664	16.33	0.70669	0.941908	0.001306	2e-06
0.0664	16.69	0.70669	0.941092	0.001159	1e-06
0.0664	17.06	0.70669	0.942137	0.001117	1e-06
0.0664	17.43	0.70669	0.942896	0.001156	1e-06
0.0664	17.8	0.70669	0.944316	0.000911	1e-06
0.0664	18.16	0.70669	0.944328	0.001011	1e-06
0.0664	18.53	0.70669	0.945135	0.00097	1e-06
0.0664	18.9	0.70669	0.946606	0.001106	1e-06
0.0664	19.27	0.70669	0.947469	0.000832	1e-06
0.0664	19.63	0.70669	0.946722	0.000875	1e-06
0.0664	20.0	0.70669	0.947504	0.001139	1e-06
0.0687	2.0	0.675193	0.0	0.0	0.0
0.0687	2.37	0.675193	0.0	0.0	0.0
0.0687	2.73	0.675193	0.0	0.0	0.0
0.0687	3.1	0.675193	0.0	0.0	0.0
0.0687	3.47	0.675193	0.0	0.0	0.0
0.0687	3.84	0.675193	0.0	0.0	0.0
0.0687	4.2	0.675193	0.0	0.0	0.0
0.0687	4.57	0.675193	0.0	0.0	0.0
0.0687	4.94	0.675193	0.0	0.0	0.0
0.0687	5.31	0.675193	0.0	0.0	0.0
0.0687	5.67	0.675193	0.0	0.0	0.0
0.0687	6.04	0.675193	0.0	0.0	0.0
0.0687	6.41	0.675193	0.0	0.0	0.0
0.0687	6.78	0.675193	0.0	0.0	0.0
0.0687	7.14	0.675193	0.0	0.0	0.0
0.0687	7.51	0.675193	0.0	0.0	0.0
0.0687	7.88	0.675193	0.0	0.0	0.0
0.0687	8.24	0.675193	0.0	0.0	0.0
0.0687	8.61	0.675193	0.0503	0.0	0.0
0.0687	8.98	0.675193	0.161726	0.101048	0.063136
0.0687	9.35	0.675193	0.34716	0.149846	0.064679
0.0687	9.71	0.675193	0.578828	0.173322	0.051899
0.0687	10.08	0.675193	0.722623	0.133355	0.02461
0.0687	10.45	0.675193	0.812894	0.022062	0.000599
0.0687	10.82	0.675193	0.837634	0.016853	0.000339
0.0687	11.18	0.675193	0.871991	0.006159	4.4e-05
0.0687	11.55	0.675193	0.882095	0.003824	1.7e-05
0.0687	11.92	0.675193	0.892	0.004845	2.6e-05
0.0687	12.29	0.675193	0.898684	0.003858	1.7e-05
0.0687	12.65	0.675193	0.905207	0.002471	7e-06
0.0687	13.02	0.675193	0.913283	0.002519	7e-06
0.0687	13.39	0.675193	0.914831	0.002498	7e-06
0.0687	13.76	0.675193	0.916665	0.003894	1.7e-05
0.0687	14.12	0.675193	0.921222	0.002019	4e-06
0.0687	14.49	0.675193	0.926077	0.001627	3e-06
0.0687	14.86	0.675193	0.927823	0.001643	3e-06
0.0687	15.22	0.675193	0.929772	0.001509	2e-06
0.0687	15.59	0.675193	0.931732	0.001468	2e-06
0.0687	15.96	0.675193	0.93474	0.001656	3e-06
0.0687	16.33	0.675193	0.933604	0.001552	3e-06
0.0687	16.69	0.675193	0.934411	0.001673	3e-06
0.0687	17.06	0.675193	0.93885	0.00198	4e-06
0.0687	17.43	0.675193	0.940179	0.001931	4e-06
0.0687	17.8	0.675193	0.939682	0.001199	2e-06
0.0687	18.16	0.675193	0.938505	0.000974	1e-06
0.0687	18.53	0.675193	0.942298	0.001383	2e-06
0.0687	18.9	0.675193	0.942491	0.001441	2e-06
0.0687	19.27	0.675193	0.943333	0.001184	1e-06
0.0687	19.63	0.675193	0.941718	0.000963	1e-06
0.0687	20.0	0.675193	0.94476	0.000935	1e-06
0.071	2.0	0.67775	0.0	0.0	0.0
0.071	2.37	0.67775	0.0	0.0	0.0
0.071	2.73	0.67775	0.0	0.0	0.0
0.071	3.1	0.67775	0.0	0.0	0.0
0.071	3.47	0.67775	0.0	0.0	0.0
0.071	3.84	0.67775	0.0	0.0	0.0
0.071	4.2	0.67775	0.0	0.0	0.0
0.071	4.57	0.67775	0.0	0.0	0.0
0.071	4.94	0.67775	0.0	0.0	0.0
0.071	5.31	0.67775	0.0	0.0	0.0
0.071	5.67	0.67775	0.0	0.0	0.0
0.071	6.04	0.67775	0.0	0.0	0.0
0.071	6.41	0.67775	0.0	0.0	0.0
0.071	6.78	0.67775	0.0	0.0	0.0
0.071	7.14	0.67775	0.0	0.0	0.0
0.071	7.51	0.67775	0.0	0.0	0.0
0.071	7.88	0.67775	0.0	0.0	0.0
0.071	8.24	0.67775	0.0	0.0	0.0
0.071	8.61	0.67775	0.0	0.0	0.0
0.071	8.98	0.67775	0.064791	0.010374	0.001661
0.071	9.35	0.67775	0.153687	0.077817	0.039401
0.071	9.71	0.67775	0.17093	0.151824	0.134853
0.071	10.08	0.67775	0.526037	0.176846	0.059453
0.071	10.45	0.67775	0.705006	0.139758	0.027705
0.071	10.82	0.67775	0.833819	0.015628	0.000293
0.071	11.18	0.67775	0.849995	0.016956	0.000338
0.071	11.55	0.67775	0.866278	0.012913	0.000192
0.071	11.92	0.67775	0.885424	0.005832	3.8e-05
0.071	12.29	0.67775	0.889694	0.007012	5.5e-05
0.071	12.65	0.67775	0.896805	0.004678	2.4e-05
0.071	13.02	0.67775	0.905119	0.00246	7e-06
0.071	13.39	0.67775	0.911008	0.002362	6e-06
0.071	13.76	0.67775	0.913262	0.003498	1.3e-05
0.071	14.12	0.67775	0.914909	0.002049	5e-06
0.071	14.49	0.67775	0.916615	0.002443	7e-06
0.071	14.86	0.67775	0.919926	0.00156	3e-06
0.071	15.22	0.67775	0.922269	0.001947	4e-06
0.071	15.59	0.67775	0.922699	0.001829	4e-06
0.071	15.96	0.67775	0.925289	0.001745	3e-06
0.071	16.33	0.67775	0.925836	0.001166	1e-06
0.071	16.69	0.67775	0.928461	0.001453	2e-06
0.071	17.06	0.67775	0.929289	0.001372	2e-06
0.071	17.43	0.67775	0.931306	0.001126	1e-06
0.071	17.8	0.67775	0.933383	0.001185	2e-06
0.071	18.16	0.67775	0.930571	0.001074	1e-06
0.071	18.53	0.67775	0.934153	0.001029	1e-06
0.071	18.9	0.67775	0.934257	0.001136	1e-06
0.071	19.27	0.67775	0.935001	0.001135	1e-06
0.071	19.63	0.67775	0.933223	0.00114	1e-06
0.071	20.0	0.67775	0.93817	0.001027	1e-06
0.0733	2.0	0.67822	0.0	0.0	0.0
0.0733	2.37	0.67822	0.0	0.0	0.0
0.0733	2.73	0.67822	0.0	0.0	0.0
0.0733	3.1	0.67822	0.0	0.0	0.0
0.0733	3.47	0.67822	0.0	0.0	0.0
0.0733	3.84	0.67822	0.0	0.0	0.0
0.0733	4.2	0.67822	0.0	0.0	0.0
0.0733	4.57	0.67822	0.0	0.0	0.0
0.0733	4.94	0.67822	0.0	0.0	0.0
0.0733	5.31	0.67822	0.0	0.0	0.0
0.0733	5.67	0.67822	0.0	0.0	0.0
0.0733	6.04	0.67822	0.0	0.0	0.0
0.0733	6.41	0.67822	0.0	0.0	0.0
0.0733	6.78	0.67822	0.0	0.0	0.0
0.0733	7.14	0.67822	0.0	0.0	0.0
0.0733	7.51	0.67822	0.0	0.0	0.0
0.0733	7.88	0.67822	0.0	0.0	0.0
0.0733	8.24	0.67822	0.0	0.0	0.0
0.0733	8.61	0.67822	0.0	0.0	0.0
0.0733	8.98	0.67822	0.067217	0.003356	0.000168
0.0733	9.35	0.67822	0.064506	0.012396	0.002382
0.0733	9.71	0.67822	0.322183	0.256794	0.204675
0.0733	10.08	0.67822	0.753682	0.143121	0.027178
0.0733	10.45	0.67822	0.834391	0.017012	0.000347
0.0733	10.82	0.67822	0.867386	0.012257	0.000173
0.0733	11.18	0.67822	0.878639	0.007704	6.8e-05
0.0733	11.55	0.67822	0.895722	0.009934	0.00011
0.0733	11.92	0.67822	0.902071	0.005284	3.1e-05
0.0733	12.29	0.67822	0.915787	0.004187	1.9e-05
0.0733	12.65	0.67822	0.913876	0.005272	3e-05
0.0733	13.02	0.67822	0.924873	0.003561	1.4e-05
0.0733	13.39	0.67822	0.928125	0.002933	9e-06
0.0733	13.76	0.67822	0.931427	0.00227	6e-06
0.0733	14.12	0.67822	0.929006	0.002327	6e-06
0.0733	14.49	0.67822	0.934342	0.002289	6e-06
0.0733	14.86	0.67822	0.937306	0.002521	7e-06
0.0733	15.22	0.67822	0.940105	0.002051	4e-06
0.0733	15.59	0.67822	0.939285	0.002791	8e-06
0.0733	15.96	0.67822	0.941586	0.002101	5e-06
0.0733	16.33	0.67822	0.94134	0.001863	4e-06
0.0733	16.69	0.67822	0.946118	0.002382	6e-06
0.0733	17.06	0.67822	0.945964	0.00162	3e-06
0.0733	17.43	0.67822	0.947301	0.001209	2e-06
0.0733	17.8	0.67822	0.948894	0.001288	2e-06
0.0733	18.16	0.67822	0.949794	0.001122	1e-06
0.0733	18.53	0.67822	0.947549	0.001817	3e-06
0.0733	18.9	0.67822	0.951749	0.001062	1e-06
0.0733	19.27	0.67822	0.951281	0.001076	1e-06
0.0733	19.63	0.67822	0.950913	0.001344	2e-06
0.0733	20.0	0.67822	0.953416	0.001139	1e-06
0.0756	2.0	0.655873	0.0	0.0	0.0
0.0756	2.37	0.655873	0.0	0.0	0.0
0.0756	2.73	0.655873	0.0	0.0	0.0
0.0756	3.1	0.655873	0.0	0.0	0.0
0.0756	3.47	0.655873	0.0	0.0	0.0
0.0756	3.84	0.655873	0.0	0.0	0.0
0.0756	4.2	0.655873	0.0	0.0	0.0
0.0756	4.57	0.655873	0.0	0.0	0.0
0.0756	4.94	0.655873	0.0	0.0	0.0
0.0756	5.31	0.655873	0.0	0.0	0.0
0.0756	5.67	0.655873	0.0	0.0	0.0
0.0756	6.04	0.655873	0.0	0.0	0.0
0.0756	6.41	0.655873	0.0	0.0	0.0
0.0756	6.78	0.655873	0.0	0.0	0.0
0.0756	7.14	0.655873	0.0	0.0	0.0
0.0756	7.51	0.655873	0.0	0.0	0.0
0.0756	7.88	0.655873	0.0	0.0	0.0
0.0756	8.24	0.655873	0.0	0.0	0.0
0.0756	8.61	0.655873	0.247108	0.120182	0.058451
0.0756	8.98	0.655873	0.276686	0.128144	0.059349
0.0756	9.35	0.655873	0.453091	0.100209	0.022163
0.0756	9.71	0.655873	0.501704	0.106556	0.022631
0.0756	10.08	0.655873	0.565876	0.09765	0.016851
0.0756	10.45	0.655873	0.696723	0.027271	0.001067
0.0756	10.82	0.655873	0.735188	0.118263	0.019024
0.0756	11.18	0.655873	0.818728	0.050789	0.003151
0.0756	11.55	0.655873	0.860679	0.01254	0.000183
0.0756	11.92	0.655873	0.865461	0.026457	0.000809
0.0756	12.29	0.655873	0.869891	0.058185	0.003892
0.0756	12.65	0.655873	0.89466	0.011263	0.000142
0.0756	13.02	0.655873	0.901612	0.00686	5.2e-05
0.0756	13.39	0.655873	0.909603	0.003992	1.8e-05
0.0756	13.76	0.655873	0.91283	0.002522	7e-06
0.0756	14.12	0.655873	0.913929	0.003349	1.2e-05
0.0756	14.49	0.655873	0.918315	0.002164	5e-06
0.0756	14.86	0.655873	0.920545	0.001918	4e-06
0.0756	15.22	0.655873	0.925394	0.002206	5e-06
0.0756	15.59	0.655873	0.925684	0.001349	2e-06
0.0756	15.96	0.655873	0.928996	0.001413	2e-06
0.0756	16.33	0.655873	0.928762	0.001888	4e-06
0.0756	16.69	0.655873	0.929943	0.001554	3e-06
0.0756	17.06	0.655873	0.931148	0.00115	1e-06
0.0756	17.43	0.655873	0.933356	0.001077	1e-06
0.0756	17.8	0.655873	0.935832	0.001101	1e-06
0.0756	18.16	0.655873	0.935201	0.001284	2e-06
0.0756	18.53	0.655873	0.935516	0.001156	1e-06
0.0756	18.9	0.655873	0.937839	0.001101	1e-06
0.0756	19.27	0.655873	0.939583	0.001158	1e-06
0.0756	19.63	0.655873	0.939797	0.000942	1e-06
0.0756	20.0	0.655873	0.942086	0.001125	1e-06
0.0779	2.0	0.651593	0.0	0.0	0.0
0.0779	2.37	0.651593	0.0	0.0	0.0
0.0779	2.73	0.651593	0.0	0.0	0.0
0.0779	3.1	0.651593	0.0	0.0	0.0
0.0779	3.47	0.651593	0.0	0.0	0.0
0.0779	3.84	0.651593	0.0	0.0	0.0
0.0779	4.2	0.651593	0.0	0.0	0.0
0.0779	4.57	0.651593	0.0	0.0	0.0
0.0779	4.94	0.651593	0.0	0.0	0.0
0.0779	5.31	0.651593	0.0	0.0	0.0
0.0779	5.67	0.651593	0.0	0.0	0.0
0.0779	6.04	0.651593	0.0	0.0	0.0
0.0779	6.41	0.651593	0.0	0.0	0.0
0.0779	6.78	0.651593	0.0	0.0	0.0
0.0779	7.14	0.651593	0.0	0.0	0.0
0.0779	7.51	0.651593	0.0	0.0	0.0
0.0779	7.88	0.651593	0.0	0.0	0.0
0.0779	8.24	0.651593	0.0	0.0	0.0
0.0779	8.61	0.651593	0.0	0.0	0.0
0.0779	8.98	0.651593	0.115038	0.056943	0.028186
0.0779	9.35	0.651593	0.21593	0.146816	0.099824
0.0779	9.71	0.651593	0.620931	0.223026	0.080106
0.0779	10.08	0.651593	0.650996	0.210754	0.06823
0.0779	10.45	0.651593	0.797706	0.058188	0.004245
0.0779	10.82	0.651593	0.850169	0.021016	0.00052
0.0779	11.18	0.651593	0.854768	0.029444	0.001014
0.0779	11.55	0.651593	0.879887	0.005358	3.3e-05
0.0779	11.92	0.651593	0.88665	0.007289	6e-05
0.0779	12.29	0.651593	0.898926	0.004324	2.1e-05
0.0779	12.65	0.651593	0.900067	0.006178	4.2e-05
0.0779	13.02	0.651593	0.907792	0.003164	1.1e-05
0.0779	13.39	0.651593	0.911044	0.004207	1.9e-05
0.0779	13.76	0.651593	0.912966	0.001967	4e-06
0.0779	14.12	0.651593	0.916879	0.002136	5e-06
0.0779	14.49	0.651593	0.919725	0.001576	3e-06
0.0779	14.86	0.651593	0.924321	0.001897	4e-06
0.0779	15.22	0.651593	0.925058	0.002029	4e-06
0.0779	15.59	0.651593	0.92736	0.001157	1e-06
0.0779	15.96	0.651593	0.928696	0.000954	1e-06
0.0779	16.33	0.651593	0.931194	0.001368	2e-06
0.0779	16.69	0.651593	0.92984	0.001444	2e-06
0.0779	17.06	0.651593	0.932234	0.001503	2e-06
0.0779	17.43	0.651593	0.933581	0.001097	1e-06
0.0779	17.8	0.651593	0.936634	0.001618	3e-06
0.0779	18.16	0.651593	0.935086	0.001134	1e-06
0.0779	18.53	0.651593	0.937652	0.001196	2e-06
0.0779	18.9	0.651593	0.933341	0.003865	1.6e-05
0.0779	19.27	0.651593	0.937156	0.001067	1e-06
0.0779	19.63	0.651593	0.937048	0.001005	1e-06
0.0779	20.0	0.651593	0.936048	0.001035	1e-06
0.0802	2.0	0.627688	0.0	0.0	0.0
0.0802	2.37	0.627688	0.0	0.0	0.0
0.0802	2.73	0.627688	0.0	0.0	0.0
0.0802	3.1	0.627688	0.0	0.0	0.0
0.0802	3.47	0.627688	0.0	0.0	0.0
0.0802	3.84	0.627688	0.0	0.0	0.0
0.0802	4.2	0.627688	0.0	0.0	0.0
0.0802	4.57	0.627688	0.0	0.0	0.0
0.0802	4.94	0.627688	0.0	0.0	0.0
0.0802	5.31	0.627688	0.0	0.0	0.0
0.0802	5.67	0.627688	0.0	0.0	0.0
0.0802	6.04	0.627688	0.0	0.0	0.0
0.0802	6.41	0.627688	0.0	0.0	0.0
0.0802	6.78	0.627688	0.0	0.0	0.0
0.0802	7.14	0.627688	0.0	0.0	0.0
0.0802	7.51	0.627688	0.0	0.0	0.0
0.0802	7.88	0.627688	0.0	0.0	0.0
0.0802	8.24	0.627688	0.0	0.0	0.0
0.0802	8.61	0.627688	0.0	0.0	0.0
0.0802	8.98	0.627688	0.072201	0.018518	0.00475
0.0802	9.35	0.627688	0.184037	0.11939	0.077451
0.0802	9.71	0.627688	0.180257	0.141901	0.111707
0.0802	10.08	0.627688	0.539941	0.243268	0.109604
0.0802	10.45	0.627688	0.679431	0.18323	0.049414
0.0802	10.82	0.627688	0.821319	0.036576	0.001629
0.0802	11.18	0.627688	0.857013	0.006801	5.4e-05
0.0802	11.55	0.627688	0.869509	0.006615	5e-05
0.0802	11.92	0.627688	0.881928	0.009672	0.000106
0.0802	12.29	0.627688	0.889681	0.006403	4.6e-05
0.0802	12.65	0.627688	0.897245	0.003457	1.3e-05
0.0802	13.02	0.627688	0.902744	0.002458	7e-06
0.0802	13.39	0.627688	0.905968	0.003473	1.3e-05
0.0802	13.76	0.627688	0.907925	0.002706	8e-06
0.0802	14.12	0.627688	0.912323	0.001837	4e-06
0.0802	14.49	0.627688	0.911464	0.002067	5e-06
0.0802	14.86	0.627688	0.918827	0.001589	3e-06
0.0802	15.22	0.627688	0.917734	0.001894	4e-06
0.0802	15.59	0.627688	0.921355	0.001574	3e-06
0.0802	15.96	0.627688	0.922224	0.00147	2e-06
0.0802	16.33	0.627688	0.924358	0.0012	2e-06
0.0802	16.69	0.627688	0.925511	0.001412	2e-06
0.0802	17.06	0.627688	0.92819	0.001285	2e-06
0.0802	17.43	0.627688	0.927075	0.001294	2e-06
0.0802	17.8	0.627688	0.92914	0.001283	2e-06
0.0802	18.16	0.627688	0.932533	0.001168	1e-06
0.0802	18.53	0.627688	0.934157	0.001248	2e-06
0.0802	18.9	0.627688	0.931458	0.001302	2e-06
0.0802	19.27	0.627688	0.935657	0.000994	1e-06
0.0802	19.63	0.627688	0.936016	0.001166	1e-06
0.0802	20.0	0.627688	0.936069	0.001217	2e-06
0.0825	2.0	0.631263	0.0	0.0	0.0
0.0825	2.37	0.631263	0.0	0.0	0.0
0.0825	2.73	0.631263	0.0	0.0	0.0
0.0825	3.1	0.631263	0.0	0.0	0.0
0.0825	3.47	0.631263	0.0	0.0	0.0
0.0825	3.84	0.631263	0.0	0.0	0.0
0.0825	4.2	0.631263	0.0	0.0	0.0
0.0825	4.57	0.631263	0.0	0.0	0.0
0.0825	4.94	0.631263	0.0	0.0	0.0
0.0825	5.31	0.631263	0.0	0.0	0.0
0.0825	5.67	0.631263	0.0	0.0	0.0
0.0825	6.04	0.631263	0.0	0.0	0.0
0.0825	6.41	0.631263	0.0	0.0	0.0
0.0825	6.78	0.631263	0.0	0.0	0.0
0.0825	7.14	0.631263	0.0	0.0	0.0
0.0825	7.51	0.631263	0.0	0.0	0.0
0.0825	7.88	0.631263	0.0	0.0	0.0
0.0825	8.24	0.631263	0.0	0.0	0.0
0.0825	8.61	0.631263	0.06233	0.002866	0.000132
0.0825	8.98	0.631263	0.107123	0.058421	0.031861
0.0825	9.35	0.631263	0.080002	0.027267	0.009293
0.0825	9.71	0.631263	0.273726	0.125774	0.057792
0.0825	10.08	0.631263	0.370409	0.192324	0.099859
0.0825	10.45	0.631263	0.444267	0.213139	0.102255
0.0825	10.82	0.631263	0.683337	0.078315	0.008975
0.0825	11.18	0.631263	0.777255	0.048396	0.003013
0.0825	11.55	0.631263	0.828402	0.027297	0.000899
0.0825	11.92	0.631263	0.860926	0.017686	0.000363
0.0825	12.29	0.631263	0.883733	0.007618	6.6e-05
0.0825	12.65	0.631263	0.898792	0.005553	3.4e-05
0.0825	13.02	0.631263	0.903633	0.004201	2e-05
0.0825	13.39	0.631263	0.913629	0.00382	1.6e-05
0.0825	13.76	0.631263	0.920544	0.002443	6e-06
0.0825	14.12	0.631263	0.926457	0.00218	5e-06
0.0825	14.49	0.631263	0.927641	0.002398	6e-06
0.0825	14.86	0.631263	0.929696	0.002603	7e-06
0.0825	15.22	0.631263	0.935553	0.002096	5e-06
0.0825	15.59	0.631263	0.936411	0.001788	3e-06
0.0825	15.96	0.631263	0.939616	0.00188	4e-06
0.0825	16.33	0.631263	0.939815	0.001486	2e-06
0.0825	16.69	0.631263	0.942989	0.001633	3e-06
0.0825	17.06	0.631263	0.940329	0.001683	3e-06
0.0825	17.43	0.631263	0.943292	0.00131	2e-06
0.0825	17.8	0.631263	0.948696	0.000949	1e-06
0.0825	18.16	0.631263	0.948024	0.001226	2e-06
0.0825	18.53	0.631263	0.949606	0.001223	2e-06
0.0825	18.9	0.631263	0.95145	0.001025	1e-06
0.0825	19.27	0.631263	0.953267	0.000989	1e-06
0.0825	19.63	0.631263	0.952192	0.001062	1e-06
0.0825	20.0	0.631263	0.953859	0.000867	1e-06
0.0848	2.0	0.624754	0.0	0.0	0.0
0.0848	2.37	0.624754	0.0	0.0	0.0
0.0848	2.73	0.624754	0.0	0.0	0.0
0.0848	3.1	0.624754	0.0	0.0	0.0
0.0848	3.47	0.624754	0.0	0.0	0.0
0.0848	3.84	0.624754	0.0	0.0	0.0
0.0848	4.2	0.624754	0.0	0.0	0.0
0.0848	4.57	0.624754	0.0	0.0	0.0
0.0848	4.94	0.624754	0.0	0.0	0.0
0.0848	5.31	0.624754	0.0	0.0	0.0
0.0848	5.67	0.624754	0.0	0.0	0.0
0.0848	6.04	0.624754	0.0	0.0	0.0
0.0848	6.41	0.624754	0.0	0.0	0.0
0.0848	6.78	0.624754	0.0	0.0	0.0
0.0848	7.14	0.624754	0.0	0.0	0.0
0.0848	7.51	0.624754	0.0	0.0	0.0
0.0848	7.88	0.624754	0.0	0.0	0.0
0.0848	8.24	0.624754	0.0	0.0	0.0
0.0848	8.61	0.624754	0.0	0.0	0.0
0.0848	8.98	0.624754	0.0	0.0	0.0
0.0848	9.35	0.624754	0.057968	0.007972	0.001096
0.0848	9.71	0.624754	0.071488	0.018308	0.004689
0.0848	10.08	0.624754	0.296184	0.203478	0.13979
0.0848	10.45	0.624754	0.578963	0.206898	0.073937
0.0848	10.82	0.624754	0.764043	0.094725	0.011744
0.0848	11.18	0.624754	0.812124	0.033417	0.001375
0.0848	11.55	0.624754	0.849703	0.014224	0.000238
0.0848	11.92	0.624754	0.86255	0.015036	0.000262
0.0848	12.29	0.624754	0.871773	0.022728	0.000593
0.0848	12.65	0.624754	0.887726	0.01283	0.000185
0.0848	13.02	0.624754	0.892916	0.011584	0.00015
0.0848	13.39	0.624754	0.902203	0.004143	1.9e-05
0.0848	13.76	0.624754	0.908336	0.004815	2.6e-05
0.0848	14.12	0.624754	0.909207	0.00208	5e-06
0.0848	14.49	0.624754	0.913554	0.00352	1.4e-05
0.0848	14.86	0.624754	0.915804	0.002931	9e-06
0.0848	15.22	0.624754	0.921704	0.002689	8e-06
0.0848	15.59	0.624754	0.922654	0.002435	6e-06
0.0848	15.96	0.624754	0.922365	0.002224	5e-06
0.0848	16.33	0.624754	0.924914	0.001863	4e-06
0.0848	16.69	0.624754	0.928233	0.001484	2e-06
0.0848	17.06	0.624754	0.929371	0.001758	3e-06
0.0848	17.43	0.624754	0.932195	0.001439	2e-06
0.0848	17.8	0.624754	0.930718	0.00142	2e-06
0.0848	18.16	0.624754	0.933977	0.00114	1e-06
0.0848	18.53	0.624754	0.935621	0.001309	2e-06
0.0848	18.9	0.624754	0.938042	0.001157	1e-06
0.0848	19.27	0.624754	0.937394	0.001472	2e-06
0.0848	19.63	0.624754	0.938923	0.001316	2e-06
0.0848	20.0	0.624754	0.939577	0.001138	1e-06
0.0872	2.0	0.603539	0.0	0.0	0.0
0.0872	2.37	0.603539	0.0	0.0	0.0
0.0872	2.73	0.603539	0.0	0.0	0.0
0.0872	3.1	0.603539	0.0	0.0	0.0
0.0872	3.47	0.603539	0.0	0.0	0.0
0.0872	3.84	0.603539	0.0	0.0	0.0
0.0872	4.2	0.603539	0.0	0.0	0.0
0.0872	4.57	0.603539	0.0	0.0	0.0
0.0872	4.94	0.603539	0.0	0.0	0.0
0.0872	5.31	0.603539	0.0	0.0	0.0
0.0872	5.67	0.603539	0.0	0.0	0.0
0.0872	6.04	0.603539	0.0	0.0	0.0
0.0872	6.41	0.603539	0.0	0.0	0.0
0.0872	6.78	0.603539	0.0	0.0	0.0
0.0872	7.14	0.603539	0.0	0.0	0.0
0.0872	7.51	0.603539	0.0	0.0	0.0
0.0872	7.88	0.603539	0.0	0.0	0.0
0.0872	8.24	0.603539	0.0	0.0	0.0
0.0872	8.61	0.603539	0.0	0.0	0.0
0.0872	8.98	0.603539	0.054919	0.0	0.0
0.0872	9.35	0.603539	0.073722	0.014789	0.002967
0.0872	9.71	0.603539	0.172107	0.120993	0.085059
0.0872	10.08	0.603539	0.472631	0.202865	0.087075
0.0872	10.45	0.603539	0.646914	0.15725	0.038224
0.0872	10.82	0.603539	0.78311	0.020977	0.000562
0.0872	11.18	0.603539	0.835393	0.013363	0.000214
0.0872	11.55	0.603539	0.868922	0.008839	9e-05
0.0872	11.92	0.603539	0.878394	0.010062	0.000115
0.0872	12.29	0.603539	0.888602	0.018067	0.000367
0.0872	12.65	0.603539	0.890569	0.022991	0.000594
0.0872	13.02	0.603539	0.905409	0.00855	8.1e-05
0.0872	13.39	0.603539	0.916598	0.005518	3.3e-05
0.0872	13.76	0.603539	0.914406	0.011961	0.000156
0.0872	14.12	0.603539	0.929499	0.005781	3.6e-05
0.0872	14.49	0.603539	0.934809	0.003279	1.1e-05
0.0872	14.86	0.603539	0.937494	0.002968	9e-06
0.0872	15.22	0.603539	0.937815	0.003332	1.2e-05
0.0872	15.59	0.603539	0.939968	0.002658	8e-06
0.0872	15.96	0.603539	0.94525	0.002561	7e-06
0.0872	16.33	0.603539	0.945407	0.002257	5e-06
0.0872	16.69	0.603539	0.9466	0.001564	3e-06
0.0872	17.06	0.603539	0.947141	0.001998	4e-06
0.0872	17.43	0.603539	0.950323	0.002014	4e-06
0.0872	17.8	0.603539	0.952134	0.001771	3e-06
0.0872	18.16	0.603539	0.953334	0.001651	3e-06
0.0872	18.53	0.603539	0.955686	0.001361	2e-06
0.0872	18.9	0.603539	0.955466	0.00156	3e-06
0.0872	19.27	0.603539	0.957504	0.001198	1e-06
0.0872	19.63	0.603539	0.959485	0.001274	2e-06
0.0872	20.0	0.603539	0.955877	0.001063	1e-06
0.0897	2.0	0.606727	0.0	0.0	0.0
0.0897	2.37	0.606727	0.0	0.0	0.0
0.0897	2.73	0.606727	0.0	0.0	0.0
0.0897	3.1	0.606727	0.0	0.0	0.0
0.0897	3.47	0.606727	0.0	0.0	0.0
0.0897	3.84	0.606727	0.0	0.0	0.0
0.0897	4.2	0.606727	0.0	0.0	0.0
0.0897	4.57	0.606727	0.0	0.0	0.0
0.0897	4.94	0.606727	0.0	0.0	0.0
0.0897	5.31	0.606727	0.0	0.0	0.0
0.0897	5.67	0.606727	0.0	0.0	0.0
0.0897	6.04	0.606727	0.0	0.0	0.0
0.0897	6.41	0.606727	0.0	0.0	0.0
0.0897	6.78	0.606727	0.0	0.0	0.0
0.0897	7.14	0.606727	0.0	0.0	0.0
0.0897	7.51	0.606727	0.0	0.0	0.0
0.0897	7.88	0.606727	0.0	0.0	0.0
0.0897	8.24	0.606727	0.0	0.0	0.0
0.0897	8.61	0.606727	0.0	0.0	0.0
0.0897	8.98	0.606727	0.083656	0.052564	0.033028
0.0897	9.35	0.606727	0.162154	0.07401	0.03378
0.0897	9.71	0.606727	0.262497	0.117171	0.052302
0.0897	10.08	0.606727	0.481079	0.139048	0.04019
0.0897	10.45	0.606727	0.605792	0.118399	0.023141
0.0897	10.82	0.606727	0.724234	0.027286	0.001028
0.0897	11.18	0.606727	0.78929	0.013386	0.000227
0.0897	11.55	0.606727	0.826868	0.017728	0.00038
0.0897	11.92	0.606727	0.859254	0.014546	0.000246
0.0897	12.29	0.606727	0.877033	0.008205	7.7e-05
0.0897	12.65	0.606727	0.881397	0.006926	5.4e-05
0.0897	13.02	0.606727	0.894972	0.005273	3.1e-05
0.0897	13.39	0.606727	0.899584	0.004199	2e-05
0.0897	13.76	0.606727	0.907171	0.003054	1e-05
0.0897	14.12	0.606727	0.90895	0.005162	2.9e-05
0.0897	14.49	0.606727	0.918074	0.002909	9e-06
0.0897	14.86	0.606727	0.922037	0.002116	5e-06
0.0897	15.22	0.606727	0.925847	0.002397	6e-06
0.0897	15.59	0.606727	0.929864	0.002274	6e-06
0.0897	15.96	0.606727	0.931567	0.001565	3e-06
0.0897	16.33	0.606727	0.93209	0.00181	4e-06
0.0897	16.69	0.606727	0.937532	0.001666	3e-06
0.0897	17.06	0.606727	0.939455	0.00159	3e-06
0.0897	17.43	0.606727	0.938874	0.002041	4e-06
0.0897	17.8	0.606727	0.94165	0.001626	3e-06
0.0897	18.16	0.606727	0.940965	0.001762	3e-06
0.0897	18.53	0.606727	0.941357	0.001332	2e-06
0.0897	18.9	0.606727	0.944531	0.001267	2e-06
0.0897	19.27	0.606727	0.946086	0.001127	1e-06
0.0897	19.63	0.606727	0.947167	0.00124	2e-06
0.0897	20.0	0.606727	0.947236	0.001102	1e-06
0.0921	2.0	0.589121	0.0	0.0	0.0
0.0921	2.37	0.589121	0.0	0.0	0.0
0.0921	2.73	0.589121	0.0	0.0	0.0
0.0921	3.1	0.589121	0.0	0.0	0.0
0.0921	3.47	0.589121	0.0	0.0	0.0
0.0921	3.84	0.589121	0.0	0.0	0.0
0.0921	4.2	0.589121	0.0	0.0	0.0
0.0921	4.57	0.589121	0.0	0.0	0.0
0.0921	4.94	0.589121	0.0	0.0	0.0
0.0921	5.31	0.589121	0.0	0.0	0.0
0.0921	5.67	0.589121	0.0	0.0	0.0
0.0921	6.04	0.589121	0.0	0.0	0.0
0.0921	6.41	0.589121	0.0	0.0	0.0
0.0921	6.78	0.589121	0.0	0.0	0.0
0.0921	7.14	0.589121	0.0	0.0	0.0
0.0921	7.51	0.589121	0.0	0.0	0.0
0.0921	7.88	0.589121	0.0	0.0	0.0
0.0921	8.24	0.589121	0.0	0.0	0.0
0.0921	8.61	0.589121	0.0	0.0	0.0
0.0921	8.98	0.589121	0.0	0.0	0.0
0.0921	9.35	0.589121	0.0	0.0	0.0
0.0921	9.71	0.589121	0.056487	0.0	0.0
0.0921	10.08	0.589121	0.124195	0.065494	0.034538
0.0921	10.45	0.589121	0.144425	0.113902	0.089829
0.0921	10.82	0.589121	0.430272	0.19717	0.090352
0.0921	11.18	0.589121	0.696474	0.078559	0.008861
0.0921	11.55	0.589121	0.826591	0.025567	0.000791
0.0921	11.92	0.589121	0.847412	0.047897	0.002707
0.0921	12.29	0.589121	0.877176	0.013695	0.000214
0.0921	12.65	0.589121	0.900975	0.011702	0.000152
0.0921	13.02	0.589121	0.904192	0.012714	0.000179
0.0921	13.39	0.589121	0.912887	0.006519	4.7e-05
0.0921	13.76	0.589121	0.920985	0.003936	1.7e-05
0.0921	14.12	0.589121	0.925838	0.002053	5e-06
0.0921	14.49	0.589121	0.930407	0.001893	4e-06
0.0921	14.86	0.589121	0.931838	0.001927	4e-06
0.0921	15.22	0.589121	0.936894	0.002271	6e-06
0.0921	15.59	0.589121	0.938665	0.00167	3e-06
0.0921	15.96	0.589121	0.940917	0.001768	3e-06
0.0921	16.33	0.589121	0.940863	0.001403	2e-06
0.0921	16.69	0.589121	0.944627	0.001303	2e-06
0.0921	17.06	0.589121	0.944801	0.001273	2e-06
0.0921	17.43	0.589121	0.94705	0.00166	3e-06
0.0921	17.8	0.589121	0.949871	0.001012	1e-06
0.0921	18.16	0.589121	0.947934	0.000979	1e-06
0.0921	18.53	0.589121	0.949274	0.001281	2e-06
0.0921	18.9	0.589121	0.949387	0.001436	2e-06
0.0921	19.27	0.589121	0.951872	0.000912	1e-06
0.0921	19.63	0.589121	0.9515	0.000898	1e-06
0.0921	20.0	0.589121	0.951509	0.001102	1e-06
0.0946	2.0	0.589317	0.0	0.0	0.0
0.0946	2.37	0.589317	0.0	0.0	0.0
0.0946	2.73	0.589317	0.0	0.0	0.0
0.0946	3.1	0.589317	0.0	0.0	0.0
0.0946	3.47	0.589317	0.0	0.0	0.0
0.0946	3.84	0.589317	0.0	0.0	0.0
0.0946	4.2	0.589317	0.0	0.0	0.0
0.0946	4.57	0.589317	0.0	0.0	0.0
0.0946	4.94	0.589317	0.0	0.0	0.0
0.0946	5.31	0.589317	0.0	0.0	0.0
0.0946	5.67	0.589317	0.0	0.0	0.0
0.0946	6.04	0.589317	0.0	0.0	0.0
0.0946	6.41	0.589317	0.0	0.0	0.0
0.0946	6.78	0.589317	0.0	0.0	0.0
0.0946	7.14	0.589317	0.0	0.0	0.0
0.0946	7.51	0.589317	0.0	0.0	0.0
0.0946	7.88	0.589317	0.0	0.0	0.0
0.0946	8.24	0.589317	0.0	0.0	0.0
0.0946	8.61	0.589317	0.0	0.0	0.0
0.0946	8.98	0.589317	0.057839	0.0	0.0
0.0946	9.35	0.589317	0.077392	0.018461	0.004404
0.0946	9.71	0.589317	0.06366	0.022796	0.008163
0.0946	10.08	0.589317	0.157437	0.105604	0.070836
0.0946	10.45	0.589317	0.42685	0.152507	0.054488
0.0946	10.82	0.589317	0.552119	0.154955	0.043489
0.0946	11.18	0.589317	0.769139	0.050383	0.0033
0.0946	11.55	0.589317	0.789674	0.086433	0.00946
0.0946	11.92	0.589317	0.829486	0.054519	0.003583
0.0946	12.29	0.589317	0.856268	0.045951	0.002466
0.0946	12.65	0.589317	0.890046	0.018166	0.000371
0.0946	13.02	0.589317	0.886793	0.029073	0.000953
0.0946	13.39	0.589317	0.909831	0.009559	0.0001
0.0946	13.76	0.589317	0.916888	0.010866	0.000129
0.0946	14.12	0.589317	0.922779	0.004627	2.3e-05
0.0946	14.49	0.589317	0.92386	0.006146	4.1e-05
0.0946	14.86	0.589317	0.934063	0.004933	2.6e-05
0.0946	15.22	0.589317	0.937427	0.002594	7e-06
0.0946	15.59	0.589317	0.939685	0.002209	5e-06
0.0946	15.96	0.589317	0.942628	0.002083	5e-06
0.0946	16.33	0.589317	0.946857	0.002296	6e-06
0.0946	16.69	0.589317	0.948667	0.001344	2e-06
0.0946	17.06	0.589317	0.949654	0.0016	3e-06
0.0946	17.43	0.589317	0.948804	0.001624	3e-06
0.0946	17.8	0.589317	0.9519	0.001084	1e-06
0.0946	18.16	0.589317	0.950571	0.001604	3e-06
0.0946	18.53	0.589317	0.954246	0.001016	1e-06
0.0946	18.9	0.589317	0.959208	0.001308	2e-06
0.0946	19.27	0.589317	0.956283	0.001171	1e-06
0.0946	19.63	0.589317	0.954127	0.000895	1e-06
0.0946	20.0	0.589317	0.955908	0.00128	2e-06
0.0972	2.0	0.598363	0.0	0.0	0.0
0.0972	2.37	0.598363	0.0	0.0	0.0
0.0972	2.73	0.598363	0.0	0.0	0.0
0.0972	3.1	0.598363	0.0	0.0	0.0
0.0972	3.47	0.598363	0.0	0.0	0.0
0.0972	3.84	0.598363	0.0	0.0	0.0
0.0972	4.2	0.598363	0.0	0.0	0.0
0.0972	4.57	0.598363	0.0	0.0	0.0
0.0972	4.94	0.598363	0.0	0.0	0.0
0.0972	5.31	0.598363	0.0	0.0	0.0
0.0972	5.67	0.598363	0.0	0.0	0.0
0.0972	6.04	0.598363	0.0	0.0	0.0
0.0972	6.41	0.598363	0.0	0.0	0.0
0.0972	6.78	0.598363	0.0	0.0	0.0
0.0972	7.14	0.598363	0.0	0.0	0.0
0.0972	7.51	0.598363	0.0	0.0	0.0
0.0972	7.88	0.598363	0.0	0.0	0.0
0.0972	8.24	0.598363	0.0	0.0	0.0
0.0972	8.61	0.598363	0.055535	0.0	0.0
0.0972	8.98	0.598363	0.0	0.0	0.0
0.0972	9.35	0.598363	0.073995	0.017131	0.003966
0.0972	9.71	0.598363	0.11879	0.128331	0.138637
0.0972	10.08	0.598363	0.405354	0.24302	0.145697
0.0972	10.45	0.598363	0.707892	0.132781	0.024906
0.0972	10.82	0.598363	0.780364	0.03699	0.001753
0.0972	11.18	0.598363	0.829604	0.036166	0.001577
0.0972	11.55	0.598363	0.857081	0.008145	7.7e-05
0.0972	11.92	0.598363	0.868387	0.008519	8.4e-05
0.0972	12.29	0.598363	0.883523	0.003933	1.8e-05
0.0972	12.65	0.598363	0.893447	0.003691	1.5e-05
0.0972	13.02	0.598363	0.897734	0.003837	1.6e-05
0.0972	13.39	0.598363	0.900926	0.003956	1.7e-05
0.0972	13.76	0.598363	0.910929	0.003249	1.2e-05
0.0972	14.12	0.598363	0.91119	0.002177	5e-06
0.0972	14.49	0.598363	0.917375	0.002941	9e-06
0.0972	14.86	0.598363	0.918028	0.002044	5e-06
0.0972	15.22	0.598363	0.926734	0.002232	5e-06
0.0972	15.59	0.598363	0.924876	0.002209	5e-06
0.0972	15.96	0.598363	0.929166	0.00181	4e-06
0.0972	16.33	0.598363	0.932371	0.001506	2e-06
0.0972	16.69	0.598363	0.934128	0.001469	2e-06
0.0972	17.06	0.598363	0.935662	0.001945	4e-06
0.0972	17.43	0.598363	0.934502	0.001383	2e-06
0.0972	17.8	0.598363	0.938621	0.001732	3e-06
0.0972	18.16	0.598363	0.939271	0.001302	2e-06
0.0972	18.53	0.598363	0.943441	0.001584	3e-06
0.0972	18.9	0.598363	0.942563	0.001434	2e-06
0.0972	19.27	0.598363	0.942109	0.001366	2e-06
0.0972	19.63	0.598363	0.944351	0.00131	2e-06
0.0972	20.0	0.598363	0.942778	0.001395	2e-06
0.0999	2.0	0.56865	0.0	0.0	0.0
0.0999	2.37	0.56865	0.0	0.0	0.0
0.0999	2.73	0.56865	0.0	0.0	0.0
0.0999	3.1	0.56865	0.0	0.0	0.0
0.0999	3.47	0.56865	0.0	0.0	0.0
0.0999	3.84	0.56865	0.0	0.0	0.0
0.0999	4.2	0.56865	0.0	0.0	0.0
0.0999	4.57	0.56865	0.0	0.0	0.0
0.0999	4.94	0.56865	0.0	0.0	0.0
0.0999	5.31	0.56865	0.0	0.0	0.0
0.0999	5.67	0.56865	0.0	0.0	0.0
0.0999	6.04	0.56865	0.0	0.0	0.0
0.0999	6.41	0.56865	0.0	0.0	0.0
0.0999	6.78	0.56865	0.0	0.0	0.0
0.0999	7.14	0.56865	0.0	0.0	0.0
0.0999	7.51	0.56865	0.0	0.0	0.0
0.0999	7.88	0.56865	0.0	0.0	0.0
0.0999	8.24	0.56865	0.0	0.0	0.0
0.0999	8.61	0.56865	0.0	0.0	0.0
0.0999	8.98	0.56865	0.0	0.0	0.0
0.0999	9.35	0.56865	0.0	0.0	0.0
0.0999	9.71	0.56865	0.093454	0.027215	0.007925
0.0999	10.08	0.56865	0.110953	0.073298	0.048422
0.0999	10.45	0.56865	0.18424	0.152001	0.125404
0.0999	10.82	0.56865	0.211444	0.193739	0.177515
0.0999	11.18	0.56865	0.486741	0.242829	0.121145
0.0999	11.55	0.56865	0.620049	0.147792	0.035227
0.0999	11.92	0.56865	0.834319	0.023821	0.00068
0.0999	12.29	0.56865	0.855715	0.020144	0.000474
0.0999	12.65	0.56865	0.865974	0.019553	0.000441
0.0999	13.02	0.56865	0.881348	0.01437	0.000234
0.0999	13.39	0.56865	0.89975	0.007288	5.9e-05
0.0999	13.76	0.56865	0.905585	0.005767	3.7e-05
0.0999	14.12	0.56865	0.91342	0.003197	1.1e-05
0.0999	14.49	0.56865	0.91898	0.003518	1.3e-05
0.0999	14.86	0.56865	0.925803	0.002458	7e-06
0.0999	15.22	0.56865	0.923345	0.002724	8e-06
0.0999	15.59	0.56865	0.930842	0.001834	4e-06
0.0999	15.96	0.56865	0.932054	0.001837	4e-06
0.0999	16.33	0.56865	0.933843	0.001904	4e-06
0.0999	16.69	0.56865	0.936887	0.00139	2e-06
0.0999	17.06	0.56865	0.937222	0.001793	3e-06
0.0999	17.43	0.56865	0.938152	0.001346	2e-06
0.0999	17.8	0.56865	0.942795	0.001168	1e-06
0.0999	18.16	0.56865	0.942715	0.00159	3e-06
0.0999	18.53	0.56865	0.945148	0.001173	1e-06
0.0999	18.9	0.56865	0.947979	0.001051	1e-06
0.0999	19.27	0.56865	0.944818	0.001112	1e-06
0.0999	19.63	0.56865	0.948032	0.001287	2e-06
0.0999	20.0	0.56865	0.949757	0.001186	1e-06
0.1027	2.0	0.552161	0.0	0.0	0.0
0.1027	2.37	0.552161	0.0	0.0	0.0
0.1027	2.73	0.552161	0.0	0.0	0.0
0.1027	3.1	0.552161	0.0	0.0	0.0
0.1027	3.47	0.552161	0.0	0.0	0.0
0.1027	3.84	0.552161	0.0	0.0	0.0
0.1027	4.2	0.552161	0.0	0.0	0.0
0.1027	4.57	0.552161	0.0	0.0	0.0
0.1027	4.94	0.552161	0.0	0.0	0.0
0.1027	5.31	0.552161	0.0	0.0	0.0
0.1027	5.67	0.552161	0.0	0.0	0.0
0.1027	6.04	0.552161	0.0	0.0	0.0
0.1027	6.41	0.552161	0.0	0.0	0.0
0.1027	6.78	0.552161	0.0	0.0	0.0
0.1027	7.14	0.552161	0.0	0.0	0.0
0.1027	7.51	0.552161	0.0	0.0	0.0
0.1027	7.88	0.552161	0.0	0.0	0.0
0.1027	8.24	0.552161	0.0	0.0	0.0
0.1027	8.61	0.552161	0.0	0.0	0.0
0.1027	8.98	0.552161	0.0	0.0	0.0
0.1027	9.35	0.552161	0.0	0.0	0.0
0.1027	9.71	0.552161	0.0	0.0	0.0
0.1027	10.08	0.552161	0.051688	0.000817	1.3e-05
0.1027	10.45	0.552161	0.065031	0.014954	0.003439
0.1027	10.82	0.552161	0.080098	0.041263	0.021257
0.1027	11.18	0.552161	0.179756	0.122671	0.083714
0.1027	11.55	0.552161	0.515926	0.161942	0.050831
0.1027	11.92	0.552161	0.736376	0.071686	0.006979
0.1027	12.29	0.552161	0.842675	0.02355	0.000658
0.1027	12.65	0.552161	0.872645	0.015454	0.000274
0.1027	13.02	0.552161	0.894067	0.009483	0.000101
0.1027	13.39	0.552161	0.906646	0.004517	2.3e-05
0.1027	13.76	0.552161	0.913057	0.004085	1.8e-05
0.1027	14.12	0.552161	0.918791	0.003627	1.4e-05
0.1027	14.49	0.552161	0.925974	0.004424	2.1e-05
0.1027	14.86	0.552161	0.92797	0.001995	4e-06
0.1027	15.22	0.552161	0.934688	0.002141	5e-06
0.1027	15.59	0.552161	0.937787	0.002029	4e-06
0.1027	15.96	0.552161	0.941081	0.00197	4e-06
0.1027	16.33	0.552161	0.943386	0.001746	3e-06
0.1027	16.69	0.552161	0.943037	0.001669	3e-06
0.1027	17.06	0.552161	0.945725	0.001596	3e-06
0.1027	17.43	0.552161	0.947768	0.001181	1e-06
0.1027	17.8	0.552161	0.948796	0.001419	2e-06
0.1027	18.16	0.552161	0.951885	0.001065	1e-06
0.1027	18.53	0.552161	0.950964	0.001477	2e-06
0.1027	18.9	0.552161	0.95244	0.001155	1e-06
0.1027	19.27	0.552161	0.957667	0.000985	1e-06
0.1027	19.63	0.552161	0.956427	0.001036	1e-06
0.1027	20.0	0.552161	0.956958	0.001179	1e-06
0.1055	2.0	0.564144	0.0	0.0	0.0
0.1055	2.37	0.564144	0.0	0.0	0.0
0.1055	2.73	0.564144	0.0	0.0	0.0
0.1055	3.1	0.564144	0.0	0.0	0.0
0.1055	3.47	0.564144	0.0	0.0	0.0
0.1055	3.84	0.564144	0.0	0.0	0.0
0.1055	4.2	0.564144	0.0	0.0	0.0
0.1055	4.57	0.564144	0.0	0.0	0.0
0.1055	4.94	0.564144	0.0	0.0	0.0
0.1055	5.31	0.564144	0.0	0.0	0.0
0.1055	5.67	0.564144	0.0	0.0	0.0
0.1055	6.04	0.564144	0.0	0.0	0.0
0.1055	6.41	0.564144	0.0	0.0	0.0
0.1055	6.78	0.564144	0.0	0.0	0.0
0.1055	7.14	0.564144	0.0	0.0	0.0
0.1055	7.51	0.564144	0.0	0.0	0.0
0.1055	7.88	0.564144	0.0	0.0	0.0
0.1055	8.24	0.564144	0.0	0.0	0.0
0.1055	8.61	0.564144	0.0	0.0	0.0
0.1055	8.98	0.564144	0.0	0.0	0.0
0.1055	9.35	0.564144	0.0	0.0	0.0
0.1055	9.71	0.564144	0.0	0.0	0.0
0.1055	10.08	0.564144	0.062009	0.008815	0.001253
0.1055	10.45	0.564144	0.148392	0.098981	0.066022
0.1055	10.82	0.564144	0.15054	0.094019	0.05872
0.1055	11.18	0.564144	0.35336	0.222471	0.140065
0.1055	11.55	0.564144	0.685086	0.175518	0.044967
0.1055	11.92	0.564144	0.834712	0.01654	0.000328
0.1055	12.29	0.564144	0.873512	0.010675	0.00013
0.1055	12.65	0.564144	0.892237	0.004039	1.8e-05
0.1055	13.02	0.564144	0.901128	0.010103	0.000113
0.1055	13.39	0.564144	0.911728	0.007758	6.6e-05
0.1055	13.76	0.564144	0.917842	0.00526	3e-05
0.1055	14.12	0.564144	0.923339	0.003353	1.2e-05
0.1055	14.49	0.564144	0.931405	0.002276	6e-06
0.1055	14.86	0.564144	0.934938	0.002467	7e-06
0.1055	15.22	0.564144	0.938985	0.002814	8e-06
0.1055	15.59	0.564144	0.940853	0.001954	4e-06
0.1055	15.96	0.564144	0.942404	0.00209	5e-06
0.1055	16.33	0.564144	0.944847	0.001658	3e-06
0.1055	16.69	0.564144	0.948121	0.001414	2e-06
0.1055	17.06	0.564144	0.950068	0.001601	3e-06
0.1055	17.43	0.564144	0.951229	0.001619	3e-06
0.1055	17.8	0.564144	0.954074	0.001626	3e-06
0.1055	18.16	0.564144	0.957676	0.001391	2e-06
0.1055	18.53	0.564144	0.957229	0.001392	2e-06
0.1055	18.9	0.564144	0.958317	0.001355	2e-06
0.1055	19.27	0.564144	0.957714	0.001366	2e-06
0.1055	19.63	0.564144	0.958882	0.001299	2e-06
0.1055	20.0	0.564144	0.962759	0.001024	1e-06
0.1084	2.0	0.555019	0.0	0.0	0.0
0.1084	2.37	0.555019	0.0	0.0	0.0
0.1084	2.73	0.555019	0.0	0.0	0.0
0.1084	3.1	0.555019	0.0	0.0	0.0
0.1084	3.47	0.555019	0.0	0.0	0.0
0.1084	3.84	0.555019	0.0	0.0	0.0
0.1084	4.2	0.555019	0.0	0.0	0.0
0.1084	4.57	0.555019	0.0	0.0	0.0
0.1084	4.94	0.555019	0.0	0.0	0.0
0.1084	5.31	0.555019	0.0	0.0	0.0
0.1084	5.67	0.555019	0.0	0.0	0.0
0.1084	6.04	0.555019	0.0	0.0	0.0
0.1084	6.41	0.555019	0.0	0.0	0.0
0.1084	6.78	0.555019	0.0	0.0	0.0
0.1084	7.14	0.555019	0.0	0.0	0.0
0.1084	7.51	0.555019	0.0	0.0	0.0
0.1084	7.88	0.555019	0.0	0.0	0.0
0.1084	8.24	0.555019	0.0	0.0	0.0
0.1084	8.61	0.555019	0.0	0.0	0.0
0.1084	8.98	0.555019	0.0	0.0	0.0
0.1084	9.35	0.555019	0.0	0.0	0.0
0.1084	9.71	0.555019	0.059387	0.007754	0.001012
0.1084	10.08	0.555019	0.067628	0.016366	0.003961
0.1084	10.45	0.555019	0.110518	0.061662	0.034403
0.1084	10.82	0.555019	0.082551	0.033494	0.01359
0.1084	11.18	0.555019	0.205746	0.122357	0.072766
0.1084	11.55	0.555019	0.390711	0.163455	0.068382
0.1084	11.92	0.555019	0.686861	0.084027	0.010279
0.1084	12.29	0.555019	0.744375	0.066564	0.005952
0.1084	12.65	0.555019	0.829075	0.032147	0.001246
0.1084	13.02	0.555019	0.869698	0.016677	0.00032
0.1084	13.39	0.555019	0.887429	0.007925	7.1e-05
0.1084	13.76	0.555019	0.894221	0.006786	5.1e-05
0.1084	14.12	0.555019	0.907899	0.00338	1.3e-05
0.1084	14.49	0.555019	0.910609	0.003302	1.2e-05
0.1084	14.86	0.555019	0.922646	0.002659	8e-06
0.1084	15.22	0.555019	0.921305	0.002928	9e-06
0.1084	15.59	0.555019	0.924064	0.002153	5e-06
0.1084	15.96	0.555019	0.929616	0.001807	4e-06
0.1084	16.33	0.555019	0.930929	0.00218	5e-06
0.1084	16.69	0.555019	0.933086	0.001729	3e-06
0.1084	17.06	0.555019	0.935563	0.001649	3e-06
0.1084	17.43	0.555019	0.93631	0.001334	2e-06
0.1084	17.8	0.555019	0.940565	0.001551	3e-06
0.1084	18.16	0.555019	0.939012	0.001658	3e-06
0.1084	18.53	0.555019	0.94171	0.001333	2e-06
0.1084	18.9	0.555019	0.944467	0.001333	2e-06
0.1084	19.27	0.555019	0.945303	0.001426	2e-06
0.1084	19.63	0.555019	0.945157	0.001269	2e-06
0.1084	20.0	0.555019	0.948207	0.001106	1e-06
0.1115	2.0	0.536552	0.0	0.0	0.0
0.1115	2.37	0.536552	0.0	0.0	0.0
0.1115	2.73	0.536552	0.0	0.0	0.0
0.1115	3.1	0.536552	0.0	0.0	0.0
0.1115	3.47	0.536552	0.0	0.0	0.0
0.1115	3.84	0.536552	0.0	0.0	0.0
0.1115	4.2	0.536552	0.0	0.0	0.0
0.1115	4.57	0.536552	0.0	0.0	0.0
0.1115	4.94	0.536552	0.0	0.0	0.0
0.1115	5.31	0.536552	0.0	0.0	0.0
0.1115	5.67	0.536552	0.0	0.0	0.0
0.1115	6.04	0.536552	0.0	0.0	0.0
0.1115	6.41	0.536552	0.0	0.0	0.0
0.1115	6.78	0.536552	0.0	0.0	0.0
0.1115	7.14	0.536552	0.0	0.0	0.0
0.1115	7.51	0.536552	0.0	0.0	0.0
0.1115	7.88	0.536552	0.0	0.0	0.0
0.1115	8.24	0.536552	0.0	0.0	0.0
0.1115	8.61	0.536552	0.0	0.0	0.0
0.1115	8.98	0.536552	0.0	0.0	0.0
0.1115	9.35	0.536552	0.0	0.0	0.0
0.1115	9.71	0.536552	0.103716	0.044144	0.018788
0.1115	10.08	0.536552	0.15438	0.121126	0.095035
0.1115	10.45	0.536552	0.207768	0.177871	0.152275
0.1115	10.82	0.536552	0.455907	0.22212	0.108218
0.1115	11.18	0.536552	0.783404	0.026011	0.000864
0.1115	11.55	0.536552	0.831746	0.013198	0.000209
0.1115	11.92	0.536552	0.850144	0.005977	4.2e-05
0.1115	12.29	0.536552	0.875874	0.003696	1.6e-05
0.1115	12.65	0.536552	0.883074	0.005587	3.5e-05
0.1115	13.02	0.536552	0.892064	0.002913	1e-05
0.1115	13.39	0.536552	0.903573	0.002299	6e-06
0.1115	13.76	0.536552	0.905824	0.003321	1.2e-05
0.1115	14.12	0.536552	0.907593	0.002256	6e-06
0.1115	14.49	0.536552	0.912543	0.002482	7e-06
0.1115	14.86	0.536552	0.920222	0.002102	5e-06
0.1115	15.22	0.536552	0.924946	0.001838	4e-06
0.1115	15.59	0.536552	0.927775	0.001689	3e-06
0.1115	15.96	0.536552	0.929719	0.002386	6e-06
0.1115	16.33	0.536552	0.932033	0.001917	4e-06
0.1115	16.69	0.536552	0.935972	0.001575	3e-06
0.1115	17.06	0.536552	0.937989	0.001635	3e-06
0.1115	17.43	0.536552	0.937103	0.001414	2e-06
0.1115	17.8	0.536552	0.940072	0.002055	4e-06
0.1115	18.16	0.536552	0.939966	0.001555	3e-06
0.1115	18.53	0.536552	0.943282	0.001356	2e-06
0.1115	18.9	0.536552	0.944357	0.001074	1e-06
0.1115	19.27	0.536552	0.946558	0.001606	3e-06
0.1115	19.63	0.536552	0.946846	0.001296	2e-06
0.1115	20.0	0.536552	0.950488	0.001469	2e-06
0.1148	2.0	0.521857	0.0	0.0	0.0
0.1148	2.37	0.521857	0.0	0.0	0.0
0.1148	2.73	0.521857	0.0	0.0	0.0
0.1148	3.1	0.521857	0.0	0.0	0.0
0.1148	3.47	0.521857	0.0	0.0	0.0
0.1148	3.84	0.521857	0.0	0.0	0.0
0.1148	4.2	0.521857	0.0	0.0	0.0
0.1148	4.57	0.521857	0.0	0.0	0.0
0.1148	4.94	0.521857	0.0	0.0	0.0
0.1148	5.31	0.521857	0.0	0.0	0.0
0.1148	5.67	0.521857	0.0	0.0	0.0
0.1148	6.04	0.521857	0.0	0.0	0.0
0.1148	6.41	0.521857	0.0	0.0	0.0
0.1148	6.78	0.521857	0.0	0.0	0.0
0.1148	7.14	0.521857	0.0	0.0	0.0
0.1148	7.51	0.521857	0.0	0.0	0.0
0.1148	7.88	0.521857	0.0	0.0	0.0
0.1148	8.24	0.521857	0.0	0.0	0.0
0.1148	8.61	0.521857	0.0	0.0	0.0
0.1148	8.98	0.521857	0.0	0.0	0.0
0.1148	9.35	0.521857	0.0	0.0	0.0
0.1148	9.71	0.521857	0.079143	0.0	0.0
0.1148	10.08	0.521857	0.102696	0.038811	0.014667
0.1148	10.45	0.521857	0.225596	0.187138	0.155235
0.1148	10.82	0.521857	0.388053	0.199702	0.102772
0.1148	11.18	0.521857	0.681028	0.156634	0.036025
0.1148	11.55	0.521857	0.77926	0.040558	0.002111
0.1148	11.92	0.521857	0.842865	0.005798	4e-05
0.1148	12.29	0.521857	0.863189	0.008138	7.7e-05
0.1148	12.65	0.521857	0.8787	0.011675	0.000155
0.1148	13.02	0.521857	0.891776	0.011469	0.000148
0.1148	13.39	0.521857	0.903408	0.013035	0.000188
0.1148	13.76	0.521857	0.912988	0.010231	0.000115
0.1148	14.12	0.521857	0.919365	0.006999	5.3e-05
0.1148	14.49	0.521857	0.920641	0.004633	2.3e-05
0.1148	14.86	0.521857	0.927109	0.002994	1e-05
0.1148	15.22	0.521857	0.932314	0.005157	2.9e-05
0.1148	15.59	0.521857	0.936327	0.003507	1.3e-05
0.1148	15.96	0.521857	0.937627	0.004207	1.9e-05
0.1148	16.33	0.521857	0.946051	0.002684	8e-06
0.1148	16.69	0.521857	0.945802	0.002688	8e-06
0.1148	17.06	0.521857	0.943954	0.002144	5e-06
0.1148	17.43	0.521857	0.950461	0.002034	4e-06
0.1148	17.8	0.521857	0.952872	0.001629	3e-06
0.1148	18.16	0.521857	0.952851	0.001638	3e-06
0.1148	18.53	0.521857	0.953701	0.001398	2e-06
0.1148	18.9	0.521857	0.954064	0.001494	2e-06
0.1148	19.27	0.521857	0.95564	0.001233	2e-06
0.1148	19.63	0.521857	0.960947	0.001157	1e-06
0.1148	20.0	0.521857	0.961606	0.001006	1e-06
0.1182	2.0	0.504019	0.0	0.0	0.0
0.1182	2.37	0.504019	0.0	0.0	0.0
0.1182	2.73	0.504019	0.0	0.0	0.0
0.1182	3.1	0.504019	0.0	0.0	0.0
0.1182	3.47	0.504019	0.0	0.0	0.0
0.1182	3.84	0.504019	0.0	0.0	0.0
0.1182	4.2	0.504019	0.0	0.0	0.0
0.1182	4.57	0.504019	0.0	0.0	0.0
0.1182	4.94	0.504019	0.0	0.0	0.0
0.1182	5.31	0.504019	0.0	0.0	0.0
0.1182	5.67	0.504019	0.0	0.0	0.0
0.1182	6.04	0.504019	0.0	0.0	0.0
0.1182	6.41	0.504019	0.0	0.0	0.0
0.1182	6.78	0.504019	0.0	0.0	0.0
0.1182	7.14	0.504019	0.0	0.0	0.0
0.1182	7.51	0.504019	0.0	0.0	0.0
0.1182	7.88	0.504019	0.0	0.0	0.0
0.1182	8.24	0.504019	0.0	0.0	0.0
0.1182	8.61	0.504019	0.0	0.0	0.0
0.1182	8.98	0.504019	0.0	0.0	0.0
0.1182	9.35	0.504019	0.0	0.0	0.0
0.1182	9.71	0.504019	0.0	0.0	0.0
0.1182	10.08	0.504019	0.065708	0.015107	0.003473
0.1182	10.45	0.504019	0.067043	0.014754	0.003247
0.1182	10.82	0.504019	0.130563	0.079231	0.04808
0.1182	11.18	0.504019	0.300127	0.170618	0.096993
0.1182	11.55	0.504019	0.532546	0.159571	0.047813
0.1182	11.92	0.504019	0.740674	0.056516	0.004312
0.1182	12.29	0.504019	0.813682	0.03414	0.001432
0.1182	12.65	0.504019	0.862873	0.018954	0.000416
0.1182	13.02	0.504019	0.879711	0.015185	0.000262
0.1182	13.39	0.504019	0.887682	0.032662	0.001202
0.1182	13.76	0.504019	0.899063	0.022806	0.000579
0.1182	14.12	0.504019	0.919615	0.0114	0.000141
0.1182	14.49	0.504019	0.927198	0.006743	4.9e-05
0.1182	14.86	0.504019	0.935731	0.0052	2.9e-05
0.1182	15.22	0.504019	0.938578	0.005211	2.9e-05
0.1182	15.59	0.504019	0.943346	0.004123	1.8e-05
0.1182	15.96	0.504019	0.952043	0.002515	7e-06
0.1182	16.33	0.504019	0.950227	0.003503	1.3e-05
0.1182	16.69	0.504019	0.95145	0.001954	4e-06
0.1182	17.06	0.504019	0.958047	0.001645	3e-06
0.1182	17.43	0.504019	0.959699	0.002661	7e-06
0.1182	17.8	0.504019	0.959913	0.001617	3e-06
0.1182	18.16	0.504019	0.961866	0.002032	4e-06
0.1182	18.53	0.504019	0.962628	0.001387	2e-06
0.1182	18.9	0.504019	0.966974	0.001348	2e-06
0.1182	19.27	0.504019	0.966857	0.001627	3e-06
0.1182	19.63	0.504019	0.967957	0.001227	2e-06
0.1182	20.0	0.504019	0.967761	0.001119	1e-06
0.1218	2.0	0.521462	0.0	0.0	0.0
0.1218	2.37	0.521462	0.0	0.0	0.0
0.1218	2.73	0.521462	0.0	0.0	0.0
0.1218	3.1	0.521462	0.0	0.0	0.0
0.1218	3.47	0.521462	0.0	0.0	0.0
0.1218	3.84	0.521462	0.0	0.0	0.0
0.1218	4.2	0.521462	0.0	0.0	0.0
0.1218	4.57	0.521462	0.0	0.0	0.0
0.1218	4.94	0.521462	0.0	0.0	0.0
0.1218	5.31	0.521462	0.0	0.0	0.0
0.1218	5.67	0.521462	0.0	0.0	0.0
0.1218	6.04	0.521462	0.0	0.0	0.0
0.1218	6.41	0.521462	0.0	0.0	0.0
0.1218	6.78	0.521462	0.0	0.0	0.0
0.1218	7.14	0.521462	0.0	0.0	0.0
0.1218	7.51	0.521462	0.0	0.0	0.0
0.1218	7.88	0.521462	0.0	0.0	0.0
0.1218	8.24	0.521462	0.0	0.0	0.0
0.1218	8.61	0.521462	0.0	0.0	0.0
0.1218	8.98	0.521462	0.0	0.0	0.0
0.1218	9.35	0.521462	0.0	0.0	0.0
0.1218	9.71	0.521462	0.050736	0.0	0.0
0.1218	10.08	0.521462	0.05401	0.0	0.0
0.1218	10.45	0.521462	0.078432	0.030939	0.012204
0.1218	10.82	0.521462	0.078819	0.044275	0.02487
0.1218	11.18	0.521462	0.182862	0.117717	0.075781
0.1218	11.55	0.521462	0.479698	0.169692	0.060028
0.1218	11.92	0.521462	0.746167	0.058479	0.004583
0.1218	12.29	0.521462	0.845348	0.015115	0.00027
0.1218	12.65	0.521462	0.872235	0.013501	0.000209
0.1218	13.02	0.521462	0.89077	0.005542	3.4e-05
0.1218	13.39	0.521462	0.900784	0.007308	5.9e-05
0.1218	13.76	0.521462	0.912466	0.009115	9.1e-05
0.1218	14.12	0.521462	0.920491	0.003134	1.1e-05
0.1218	14.49	0.521462	0.923956	0.006833	5.1e-05
0.1218	14.86	0.521462	0.932191	0.005851	3.7e-05
0.1218	15.22	0.521462	0.936954	0.004298	2e-05
0.1218	15.59	0.521462	0.939998	0.005665	3.4e-05
0.1218	15.96	0.521462	0.945205	0.003295	1.1e-05
0.1218	16.33	0.521462	0.947356	0.002484	7e-06
0.1218	16.69	0.521462	0.94679	0.001858	4e-06
0.1218	17.06	0.521462	0.95069	0.0021	5e-06
0.1218	17.43	0.521462	0.95598	0.001758	3e-06
0.1218	17.8	0.521462	0.95736	0.001613	3e-06
0.1218	18.16	0.521462	0.958608	0.001467	2e-06
0.1218	18.53	0.521462	0.959463	0.00147	2e-06
0.1218	18.9	0.521462	0.960773	0.001566	3e-06
0.1218	19.27	0.521462	0.965077	0.001705	3e-06
0.1218	19.63	0.521462	0.966647	0.001133	1e-06
0.1218	20.0	0.521462	0.964524	0.001099	1e-06
0.1261	2.0	0.504246	0.0	0.0	0.0
0.1261	2.37	0.504246	0.0	0.0	0.0
0.1261	2.73	0.504246	0.0	0.0	0.0
0.1261	3.1	0.504246	0.0	0.0	0.0
0.1261	3.47	0.504246	0.0	0.0	0.0
0.1261	3.84	0.504246	0.0	0.0	0.0
0.1261	4.2	0.504246	0.0	0.0	0.0
0.1261	4.57	0.504246	0.0	0.0	0.0
0.1261	4.94	0.504246	0.0	0.0	0.0
0.1261	5.31	0.504246	0.0	0.0	0.0
0.1261	5.67	0.504246	0.0	0.0	0.0
0.1261	6.04	0.504246	0.0	0.0	0.0
0.1261	6.41	0.504246	0.0	0.0	0.0
0.1261	6.78	0.504246	0.0	0.0	0.0
0.1261	7.14	0.504246	0.0	0.0	0.0
0.1261	7.51	0.504246	0.0	0.0	0.0
0.1261	7.88	0.504246	0.0	0.0	0.0
0.1261	8.24	0.504246	0.0	0.0	0.0
0.1261	8.61	0.504246	0.0	0.0	0.0
0.1261	8.98	0.504246	0.0	0.0	0.0
0.1261	9.35	0.504246	0.0	0.0	0.0
0.1261	9.71	0.504246	0.0	0.0	0.0
0.1261	10.08	0.504246	0.07992	0.0	0.0
0.1261	10.45	0.504246	0.054011	0.003069	0.000174
0.1261	10.82	0.504246	0.061885	0.007734	0.000966
0.1261	11.18	0.504246	0.084338	0.045243	0.024271
0.1261	11.55	0.504246	0.199154	0.117448	0.069263
0.1261	11.92	0.504246	0.581251	0.140021	0.033731
0.1261	12.29	0.504246	0.736719	0.099726	0.013499
0.1261	12.65	0.504246	0.843967	0.019661	0.000458
0.1261	13.02	0.504246	0.871313	0.01155	0.000153
0.1261	13.39	0.504246	0.888343	0.005969	4e-05
0.1261	13.76	0.504246	0.89765	0.004506	2.3e-05
0.1261	14.12	0.504246	0.90218	0.004638	2.4e-05
0.1261	14.49	0.504246	0.909887	0.003627	1.4e-05
0.1261	14.86	0.504246	0.920168	0.002717	8e-06
0.1261	15.22	0.504246	0.92108	0.002206	5e-06
0.1261	15.59	0.504246	0.925334	0.001775	3e-06
0.1261	15.96	0.504246	0.926876	0.00202	4e-06
0.1261	16.33	0.504246	0.934532	0.001793	3e-06
0.1261	16.69	0.504246	0.937369	0.001908	4e-06
0.1261	17.06	0.504246	0.936499	0.002001	4e-06
0.1261	17.43	0.504246	0.940027	0.001912	4e-06
0.1261	17.8	0.504246	0.942547	0.001925	4e-06
0.1261	18.16	0.504246	0.944342	0.001445	2e-06
0.1261	18.53	0.504246	0.945548	0.001476	2e-06
0.1261	18.9	0.504246	0.944518	0.001523	2e-06
0.1261	19.27	0.504246	0.948614	0.001102	1e-06
0.1261	19.63	0.504246	0.948875	0.001645	3e-06
0.1261	20.0	0.504246	0.950943	0.001595	3e-06
0.131	2.0	0.480179	0.0	0.0	0.0
0.131	2.37	0.480179	0.0	0.0	0.0
0.131	2.73	0.480179	0.0	0.0	0.0
0.131	3.1	0.480179	0.0	0.0	0.0
0.131	3.47	0.480179	0.0	0.0	0.0
0.131	3.84	0.480179	0.0	0.0	0.0
0.131	4.2	0.480179	0.0	0.0	0.0
0.131	4.57	0.480179	0.0	0.0	0.0
0.131	4.94	0.480179	0.0	0.0	0.0
0.131	5.31	0.480179	0.0	0.0	0.0
0.131	5.67	0.480179	0.0	0.0	0.0
0.131	6.04	0.480179	0.0	0.0	0.0
0.131	6.41	0.480179	0.0	0.0	0.0
0.131	6.78	0.480179	0.0	0.0	0.0
0.131	7.14	0.480179	0.0	0.0	0.0
0.131	7.51	0.480179	0.0	0.0	0.0
0.131	7.88	0.480179	0.0	0.0	0.0
0.131	8.24	0.480179	0.0	0.0	0.0
0.131	8.61	0.480179	0.0	0.0	0.0
0.131	8.98	0.480179	0.0	0.0	0.0
0.131	9.35	0.480179	0.0	0.0	0.0
0.131	9.71	0.480179	0.0	0.0	0.0
0.131	10.08	0.480179	0.0	0.0	0.0
0.131	10.45	0.480179	0.051231	0.0	0.0
0.131	10.82	0.480179	0.050319	0.0	0.0
0.131	11.18	0.480179	0.056335	0.011553	0.002369
0.131	11.55	0.480179	0.069503	0.017165	0.004239
0.131	11.92	0.480179	0.074852	0.022564	0.006802
0.131	12.29	0.480179	0.157717	0.101197	0.064931
0.131	12.65	0.480179	0.48969	0.12508	0.031949
0.131	13.02	0.480179	0.726489	0.063673	0.005581
0.131	13.39	0.480179	0.837566	0.03001	0.001075
0.131	13.76	0.480179	0.885428	0.010539	0.000125
0.131	14.12	0.480179	0.906901	0.010324	0.000118
0.131	14.49	0.480179	0.920017	0.006217	4.2e-05
0.131	14.86	0.480179	0.928272	0.003717	1.5e-05
0.131	15.22	0.480179	0.930842	0.003086	1e-05
0.131	15.59	0.480179	0.940841	0.002779	8e-06
0.131	15.96	0.480179	0.939517	0.001904	4e-06
0.131	16.33	0.480179	0.943644	0.004304	2e-05
0.131	16.69	0.480179	0.94941	0.001706	3e-06
0.131	17.06	0.480179	0.949041	0.00147	2e-06
0.131	17.43	0.480179	0.953613	0.001398	2e-06
0.131	17.8	0.480179	0.954091	0.001727	3e-06
0.131	18.16	0.480179	0.956019	0.001264	2e-06
0.131	18.53	0.480179	0.958572	0.001646	3e-06
0.131	18.9	0.480179	0.956772	0.001517	2e-06
0.131	19.27	0.480179	0.961042	0.001052	1e-06
0.131	19.63	0.480179	0.959444	0.001371	2e-06
0.131	20.0	0.480179	0.963489	0.001047	1e-06
0.1367	2.0	0.48771	0.0	0.0	0.0
0.1367	2.37	0.48771	0.0	0.0	0.0
0.1367	2.73	0.48771	0.0	0.0	0.0
0.1367	3.1	0.48771	0.0	0.0	0.0
0.1367	3.47	0.48771	0.0	0.0	0.0
0.1367	3.84	0.48771	0.0	0.0	0.0
0.1367	4.2	0.48771	0.0	0.0	0.0
0.1367	4.57	0.48771	0.0	0.0	0.0
0.1367	4.94	0.48771	0.0	0.0	0.0
0.1367	5.31	0.48771	0.0	0.0	0.0
0.1367	5.67	0.48771	0.0	0.0	0.0
0.1367	6.04	0.48771	0.0	0.0	0.0
0.1367	6.41	0.48771	0.0	0.0	0.0
0.1367	6.78	0.48771	0.0	0.0	0.0
0.1367	7.14	0.48771	0.0	0.0	0.0
0.1367	7.51	0.48771	0.0	0.0	0.0
0.1367	7.88	0.48771	0.0	0.0	0.0
0.1367	8.24	0.48771	0.0	0.0	0.0
0.1367	8.61	0.48771	0.0	0.0	0.0
0.1367	8.98	0.48771	0.0	0.0	0.0
0.1367	9.35	0.48771	0.0	0.0	0.0
0.1367	9.71	0.48771	0.074404	0.0	0.0
0.1367	10.08	0.48771	0.084592	0.023571	0.006568
0.1367	10.45	0.48771	0.194678	0.09278	0.044217
0.1367	10.82	0.48771	0.175013	0.12623	0.091045
0.1367	11.18	0.48771	0.312556	0.131715	0.055506
0.1367	11.55	0.48771	0.609097	0.103372	0.017544
0.1367	11.92	0.48771	0.699031	0.063927	0.005846
0.1367	12.29	0.48771	0.746958	0.056751	0.004312
0.1367	12.65	0.48771	0.805221	0.016765	0.000349
0.1367	13.02	0.48771	0.846868	0.01165	0.00016
0.1367	13.39	0.48771	0.868936	0.007721	6.9e-05
0.1367	13.76	0.48771	0.877429	0.00709	5.7e-05
0.1367	14.12	0.48771	0.883728	0.005464	3.4e-05
0.1367	14.49	0.48771	0.902883	0.004182	1.9e-05
0.1367	14.86	0.48771	0.904701	0.006632	4.9e-05
0.1367	15.22	0.48771	0.908999	0.003626	1.4e-05
0.1367	15.59	0.48771	0.918997	0.004508	2.2e-05
0.1367	15.96	0.48771	0.925641	0.003477	1.3e-05
0.1367	16.33	0.48771	0.925976	0.003201	1.1e-05
0.1367	16.69	0.48771	0.934069	0.004131	1.8e-05
0.1367	17.06	0.48771	0.932022	0.002439	6e-06
0.1367	17.43	0.48771	0.941371	0.002111	5e-06
0.1367	17.8	0.48771	0.943171	0.003667	1.4e-05
0.1367	18.16	0.48771	0.943017	0.004286	1.9e-05
0.1367	18.53	0.48771	0.946827	0.003314	1.2e-05
0.1367	18.9	0.48771	0.947627	0.002463	6e-06
0.1367	19.27	0.48771	0.950405	0.001739	3e-06
0.1367	19.63	0.48771	0.949423	0.002012	4e-06
0.1367	20.0	0.48771	0.95399	0.001591	3e-06
0.1429	2.0	0.464341	0.0	0.0	0.0
0.1429	2.37	0.464341	0.0	0.0	0.0
0.1429	2.73	0.464341	0.0	0.0	0.0
0.1429	3.1	0.464341	0.0	0.0	0.0
0.1429	3.47	0.464341	0.0	0.0	0.0
0.1429	3.84	0.464341	0.0	0.0	0.0
0.1429	4.2	0.464341	0.0	0.0	0.0
0.1429	4.57	0.464341	0.0	0.0	0.0
0.1429	4.94	0.464341	0.0	0.0	0.0
0.1429	5.31	0.464341	0.0	0.0	0.0
0.1429	5.67	0.464341	0.0	0.0	0.0
0.1429	6.04	0.464341	0.0	0.0	0.0
0.1429	6.41	0.464341	0.0	0.0	0.0
0.1429	6.78	0.464341	0.0	0.0	0.0
0.1429	7.14	0.464341	0.0	0.0	0.0
0.1429	7.51	0.464341	0.0	0.0	0.0
0.1429	7.88	0.464341	0.0	0.0	0.0
0.1429	8.24	0.464341	0.0	0.0	0.0
0.1429	8.61	0.464341	0.0	0.0	0.0
0.1429	8.98	0.464341	0.0	0.0	0.0
0.1429	9.35	0.464341	0.0	0.0	0.0
0.1429	9.71	0.464341	0.0	0.0	0.0
0.1429	10.08	0.464341	0.0	0.0	0.0
0.1429	10.45	0.464341	0.0	0.0	0.0
0.1429	10.82	0.464341	0.059967	0.005999	0.0006
0.1429	11.18	0.464341	0.062702	0.013728	0.003006
0.1429	11.55	0.464341	0.079169	0.041806	0.022076
0.1429	11.92	0.464341	0.243272	0.17022	0.119105
0.1429	12.29	0.464341	0.63696	0.082807	0.010765
0.1429	12.65	0.464341	0.808065	0.024828	0.000763
0.1429	13.02	0.464341	0.849851	0.019644	0.000454
0.1429	13.39	0.464341	0.879759	0.010029	0.000114
0.1429	13.76	0.464341	0.899057	0.005578	3.5e-05
0.1429	14.12	0.464341	0.911062	0.005441	3.2e-05
0.1429	14.49	0.464341	0.916883	0.003507	1.3e-05
0.1429	14.86	0.464341	0.924392	0.00328	1.2e-05
0.1429	15.22	0.464341	0.930537	0.003751	1.5e-05
0.1429	15.59	0.464341	0.937911	0.002591	7e-06
0.1429	15.96	0.464341	0.940607	0.002552	7e-06
0.1429	16.33	0.464341	0.944964	0.00234	6e-06
0.1429	16.69	0.464341	0.94993	0.002236	5e-06
0.1429	17.06	0.464341	0.951566	0.002339	6e-06
0.1429	17.43	0.464341	0.952552	0.001873	4e-06
0.1429	17.8	0.464341	0.957617	0.001912	4e-06
0.1429	18.16	0.464341	0.959252	0.00176	3e-06
0.1429	18.53	0.464341	0.962527	0.0016	3e-06
0.1429	18.9	0.464341	0.96009	0.001327	2e-06
0.1429	19.27	0.464341	0.962997	0.001693	3e-06
0.1429	19.63	0.464341	0.963986	0.001416	2e-06
0.1429	20.0	0.464341	0.962792	0.001482	2e-06
0.1493	2.0	0.452395	0.0	0.0	0.0
0.1493	2.37	0.452395	0.0	0.0	0.0
0.1493	2.73	0.452395	0.0	0.0	0.0
0.1493	3.1	0.452395	0.0	0.0	0.0
0.1493	3.47	0.452395	0.0	0.0	0.0
0.1493	3.84	0.452395	0.0	0.0	0.0
0.1493	4.2	0.452395	0.0	0.0	0.0
0.1493	4.57	0.452395	0.0	0.0	0.0
0.1493	4.94	0.452395	0.0	0.0	0.0
0.1493	5.31	0.452395	0.0	0.0	0.0
0.1493	5.67	0.452395	0.0	0.0	0.0
0.1493	6.04	0.452395	0.0	0.0	0.0
0.1493	6.41	0.452395	0.0	0.0	0.0
0.1493	6.78	0.452395	0.0	0.0	0.0
0.1493	7.14	0.452395	0.0	0.0	0.0
0.1493	7.51	0.452395	0.0	0.0	0.0
0.1493	7.88	0.452395	0.0	0.0	0.0
0.1493	8.24	0.452395	0.0	0.0	0.0
0.1493	8.61	0.452395	0.0	0.0	0.0
0.1493	8.98	0.452395	0.0	0.0	0.0
0.1493	9.35	0.452395	0.0	0.0	0.0
0.1493	9.71	0.452395	0.0	0.0	0.0
0.1493	10.08	0.452395	0.0	0.0	0.0
0.1493	10.45	0.452395	0.0	0.0	0.0
0.1493	10.82	0.452395	0.05633	0.004863	0.00042
0.1493	11.18	0.452395	0.063616	0.011076	0.001929
0.1493	11.55	0.452395	0.071793	0.029001	0.011715
0.1493	11.92	0.452395	0.099132	0.061064	0.037614
0.1493	12.29	0.452395	0.371331	0.165188	0.073485
0.1493	12.65	0.452395	0.702284	0.099455	0.014084
0.1493	13.02	0.452395	0.810569	0.063931	0.005042
0.1493	13.39	0.452395	0.828015	0.064739	0.005062
0.1493	13.76	0.452395	0.893948	0.024226	0.000657
0.1493	14.12	0.452395	0.900077	0.015658	0.000272
0.1493	14.49	0.452395	0.917166	0.013053	0.000186
0.1493	14.86	0.452395	0.925661	0.005299	3e-05
0.1493	15.22	0.452395	0.932694	0.005576	3.3e-05
0.1493	15.59	0.452395	0.931647	0.012711	0.000173
0.1493	15.96	0.452395	0.941592	0.004677	2.3e-05
0.1493	16.33	0.452395	0.944159	0.003145	1e-05
0.1493	16.69	0.452395	0.949469	0.004596	2.2e-05
0.1493	17.06	0.452395	0.953463	0.001937	4e-06
0.1493	17.43	0.452395	0.955461	0.001543	2e-06
0.1493	17.8	0.452395	0.956637	0.001334	2e-06
0.1493	18.16	0.452395	0.95842	0.001289	2e-06
0.1493	18.53	0.452395	0.961384	0.001337	2e-06
0.1493	18.9	0.452395	0.96245	0.001267	2e-06
0.1493	19.27	0.452395	0.961566	0.001261	2e-06
0.1493	19.63	0.452395	0.963434	0.001373	2e-06
0.1493	20.0	0.452395	0.962529	0.001527	2e-06
0.1561	2.0	0.458149	0.0	0.0	0.0
0.1561	2.37	0.458149	0.0	0.0	0.0
0.1561	2.73	0.458149	0.0	0.0	0.0
0.1561	3.1	0.458149	0.0	0.0	0.0
0.1561	3.47	0.458149	0.0	0.0	0.0
0.1561	3.84	0.458149	0.0	0.0	0.0
0.1561	4.2	0.458149	0.0	0.0	0.0
0.1561	4.57	0.458149	0.0	0.0	0.0
0.1561	4.94	0.458149	0.0	0.0	0.0
0.1561	5.31	0.458149	0.0	0.0	0.0
0.1561	5.67	0.458149	0.0	0.0	0.0
0.1561	6.04	0.458149	0.0	0.0	0.0
0.1561	6.41	0.458149	0.0	0.0	0.0
0.1561	6.78	0.458149	0.0	0.0	0.0
0.1561	7.14	0.458149	0.0	0.0	0.0
0.1561	7.51	0.458149	0.0	0.0	0.0
0.1561	7.88	0.458149	0.0	0.0	0.0
0.1561	8.24	0.458149	0.0	0.0	0.0
0.1561	8.61	0.458149	0.0	0.0	0.0
0.1561	8.98	0.458149	0.0	0.0	0.0
0.1561	9.35	0.458149	0.0	0.0	0.0
0.1561	9.71	0.458149	0.0	0.0	0.0
0.1561	10.08	0.458149	0.0	0.0	0.0
0.1561	10.45	0.458149	0.0	0.0	0.0
0.1561	10.82	0.458149	0.056497	0.003098	0.00017
0.1561	11.18	0.458149	0.066998	0.025773	0.009914
0.1561	11.55	0.458149	0.104471	0.045876	0.020145
0.1561	11.92	0.458149	0.33447	0.138932	0.057709
0.1561	12.29	0.458149	0.610423	0.102175	0.017102
0.1561	12.65	0.458149	0.714638	0.058668	0.004816
0.1561	13.02	0.458149	0.797531	0.036481	0.001669
0.1561	13.39	0.458149	0.851057	0.028475	0.000953
0.1561	13.76	0.458149	0.880477	0.015252	0.000264
0.1561	14.12	0.458149	0.889264	0.02747	0.000849
0.1561	14.49	0.458149	0.893519	0.019725	0.000435
0.1561	14.86	0.458149	0.917541	0.015218	0.000252
0.1561	15.22	0.458149	0.925699	0.007684	6.4e-05
0.1561	15.59	0.458149	0.931894	0.005976	3.8e-05
0.1561	15.96	0.458149	0.937745	0.003415	1.2e-05
0.1561	16.33	0.458149	0.937762	0.003257	1.1e-05
0.1561	16.69	0.458149	0.942466	0.003298	1.2e-05
0.1561	17.06	0.458149	0.945214	0.004337	2e-05
0.1561	17.43	0.458149	0.9459	0.001996	4e-06
0.1561	17.8	0.458149	0.952937	0.001723	3e-06
0.1561	18.16	0.458149	0.951832	0.002635	7e-06
0.1561	18.53	0.458149	0.955729	0.001821	3e-06
0.1561	18.9	0.458149	0.957741	0.002039	4e-06
0.1561	19.27	0.458149	0.958561	0.00202	4e-06
0.1561	19.63	0.458149	0.958957	0.001955	4e-06
0.1561	20.0	0.458149	0.960549	0.001125	1e-06
0.1636	2.0	0.441797	0.0	0.0	0.0
0.1636	2.37	0.441797	0.0	0.0	0.0
0.1636	2.73	0.441797	0.0	0.0	0.0
0.1636	3.1	0.441797	0.0	0.0	0.0
0.1636	3.47	0.441797	0.0	0.0	0.0
0.1636	3.84	0.441797	0.0	0.0	0.0
0.1636	4.2	0.441797	0.0	0.0	0.0
0.1636	4.57	0.441797	0.0	0.0	0.0
0.1636	4.94	0.441797	0.0	0.0	0.0
0.1636	5.31	0.441797	0.0	0.0	0.0
0.1636	5.67	0.441797	0.0	0.0	0.0
0.1636	6.04	0.441797	0.0	0.0	0.0
0.1636	6.41	0.441797	0.0	0.0	0.0
0.1636	6.78	0.441797	0.0	0.0	0.0
0.1636	7.14	0.441797	0.0	0.0	0.0
0.1636	7.51	0.441797	0.0	0.0	0.0
0.1636	7.88	0.441797	0.0	0.0	0.0
0.1636	8.24	0.441797	0.0	0.0	0.0
0.1636	8.61	0.441797	0.0	0.0	0.0
0.1636	8.98	0.441797	0.0	0.0	0.0
0.1636	9.35	0.441797	0.0	0.0	0.0
0.1636	9.71	0.441797	0.0	0.0	0.0
0.1636	10.08	0.441797	0.062398	0.011022	0.001947
0.1636	10.45	0.441797	0.062379	0.007408	0.00088
0.1636	10.82	0.441797	0.070221	0.016835	0.004036
0.1636	11.18	0.441797	0.126901	0.08574	0.05793
0.1636	11.55	0.441797	0.502031	0.170162	0.057676
0.1636	11.92	0.441797	0.64341	0.109184	0.018528
0.1636	12.29	0.441797	0.769736	0.026608	0.00092
0.1636	12.65	0.441797	0.823116	0.024987	0.000759
0.1636	13.02	0.441797	0.848793	0.020075	0.000475
0.1636	13.39	0.441797	0.864769	0.011561	0.000155
0.1636	13.76	0.441797	0.887885	0.006432	4.7e-05
0.1636	14.12	0.441797	0.898661	0.0067	5e-05
0.1636	14.49	0.441797	0.903603	0.012536	0.000174
0.1636	14.86	0.441797	0.911915	0.007928	6.9e-05
0.1636	15.22	0.441797	0.926919	0.002926	9e-06
0.1636	15.59	0.441797	0.924254	0.009642	0.000101
0.1636	15.96	0.441797	0.928059	0.008369	7.5e-05
0.1636	16.33	0.441797	0.931843	0.008916	8.5e-05
0.1636	16.69	0.441797	0.935762	0.003781	1.5e-05
0.1636	17.06	0.441797	0.937119	0.010389	0.000115
0.1636	17.43	0.441797	0.947599	0.003318	1.2e-05
0.1636	17.8	0.441797	0.946066	0.004156	1.8e-05
0.1636	18.16	0.441797	0.947043	0.006073	3.9e-05
0.1636	18.53	0.441797	0.952822	0.002533	7e-06
0.1636	18.9	0.441797	0.954614	0.002294	6e-06
0.1636	19.27	0.441797	0.952416	0.002429	6e-06
0.1636	19.63	0.441797	0.957094	0.001833	4e-06
0.1636	20.0	0.441797	0.95957	0.001765	3e-06
0.1724	2.0	0.419467	0.0	0.0	0.0
0.1724	2.37	0.419467	0.0	0.0	0.0
0.1724	2.73	0.419467	0.0	0.0	0.0
0.1724	3.1	0.419467	0.0	0.0	0.0
0.1724	3.47	0.419467	0.0	0.0	0.0
0.1724	3.84	0.419467	0.0	0.0	0.0
0.1724	4.2	0.419467	0.0	0.0	0.0
0.1724	4.57	0.419467	0.0	0.0	0.0
0.1724	4.94	0.419467	0.0	0.0	0.0
0.1724	5.31	0.419467	0.0	0.0	0.0
0.1724	5.67	0.419467	0.0	0.0	0.0
0.1724	6.04	0.419467	0.0	0.0	0.0
0.1724	6.41	0.419467	0.0	0.0	0.0
0.1724	6.78	0.419467	0.0	0.0	0.0
0.1724	7.14	0.419467	0.0	0.0	0.0
0.1724	7.51	0.419467	0.0	0.0	0.0
0.1724	7.88	0.419467	0.0	0.0	0.0
0.1724	8.24	0.419467	0.0	0.0	0.0
0.1724	8.61	0.419467	0.0	0.0	0.0
0.1724	8.98	0.419467	0.0	0.0	0.0
0.1724	9.35	0.419467	0.0	0.0	0.0
0.1724	9.71	0.419467	0.0	0.0	0.0
0.1724	10.08	0.419467	0.0	0.0	0.0
0.1724	10.45	0.419467	0.0	0.0	0.0
0.1724	10.82	0.419467	0.051095	0.0	0.0
0.1724	11.18	0.419467	0.056068	0.003106	0.000172
0.1724	11.55	0.419467	0.054458	0.004632	0.000394
0.1724	11.92	0.419467	0.059398	0.009896	0.001649
0.1724	12.29	0.419467	0.103402	0.072745	0.051178
0.1724	12.65	0.419467	0.278184	0.126045	0.057111
0.1724	13.02	0.419467	0.610514	0.092746	0.014089
0.1724	13.39	0.419467	0.734348	0.044575	0.002706
0.1724	13.76	0.419467	0.82004	0.03338	0.001359
0.1724	14.12	0.419467	0.865342	0.0135	0.000211
0.1724	14.49	0.419467	0.890702	0.006251	4.4e-05
0.1724	14.86	0.419467	0.901108	0.004818	2.6e-05
0.1724	15.22	0.419467	0.909863	0.008377	7.7e-05
0.1724	15.59	0.419467	0.914904	0.003467	1.3e-05
0.1724	15.96	0.419467	0.922507	0.004776	2.5e-05
0.1724	16.33	0.419467	0.925224	0.004191	1.9e-05
0.1724	16.69	0.419467	0.932786	0.002805	8e-06
0.1724	17.06	0.419467	0.932867	0.003025	1e-05
0.1724	17.43	0.419467	0.938123	0.002021	4e-06
0.1724	17.8	0.419467	0.940777	0.002902	9e-06
0.1724	18.16	0.419467	0.944623	0.002052	4e-06
0.1724	18.53	0.419467	0.944413	0.002217	5e-06
0.1724	18.9	0.419467	0.950555	0.001508	2e-06
0.1724	19.27	0.419467	0.950346	0.001854	4e-06
0.1724	19.63	0.419467	0.95191	0.001803	3e-06
0.1724	20.0	0.419467	0.952696	0.001542	2e-06
0.1836	2.0	0.418119	0.0	0.0	0.0
0.1836	2.37	0.418119	0.0	0.0	0.0
0.1836	2.73	0.418119	0.0	0.0	0.0
0.1836	3.1	0.418119	0.0	0.0	0.0
0.1836	3.47	0.418119	0.0	0.0	0.0
0.1836	3.84	0.418119	0.0	0.0	0.0
0.1836	4.2	0.418119	0.0	0.0	0.0
0.1836	4.57	0.418119	0.0	0.0	0.0
0.1836	4.94	0.418119	0.0	0.0	0.0
0.1836	5.31	0.418119	0.0	0.0	0.0
0.1836	5.67	0.418119	0.0	0.0	0.0
0.1836	6.04	0.418119	0.0	0.0	0.0
0.1836	6.41	0.418119	0.0	0.0	0.0
0.1836	6.78	0.418119	0.0	0.0	0.0
0.1836	7.14	0.418119	0.0	0.0	0.0
0.1836	7.51	0.418119	0.0	0.0	0.0
0.1836	7.88	0.418119	0.0	0.0	0.0
0.1836	8.24	0.418119	0.0	0.0	0.0
0.1836	8.61	0.418119	0.0	0.0	0.0
0.1836	8.98	0.418119	0.0	0.0	0.0
0.1836	9.35	0.418119	0.0	0.0	0.0
0.1836	9.71	0.418119	0.0	0.0	0.0
0.1836	10.08	0.418119	0.0	0.0	0.0
0.1836	10.45	0.418119	0.0	0.0	0.0
0.1836	10.82	0.418119	0.0	0.0	0.0
0.1836	11.18	0.418119	0.058161	0.006472	0.00072
0.1836	11.55	0.418119	0.08326	0.055019	0.036357
0.1836	11.92	0.418119	0.132617	0.078803	0.046826
0.1836	12.29	0.418119	0.337446	0.175195	0.090957
0.1836	12.65	0.418119	0.67476	0.102153	0.015465
0.1836	13.02	0.418119	0.790338	0.05864	0.004351
0.1836	13.39	0.418119	0.837467	0.027202	0.000884
0.1836	13.76	0.418119	0.878719	0.008842	8.9e-05
0.1836	14.12	0.418119	0.890198	0.008666	8.4e-05
0.1836	14.49	0.418119	0.908518	0.004158	1.9e-05
0.1836	14.86	0.418119	0.911263	0.008352	7.7e-05
0.1836	15.22	0.418119	0.914206	0.006961	5.3e-05
0.1836	15.59	0.418119	0.925964	0.005578	3.4e-05
0.1836	15.96	0.418119	0.933116	0.003727	1.5e-05
0.1836	16.33	0.418119	0.935148	0.004032	1.7e-05
0.1836	16.69	0.418119	0.938032	0.002056	5e-06
0.1836	17.06	0.418119	0.943842	0.002543	7e-06
0.1836	17.43	0.418119	0.946601	0.002753	8e-06
0.1836	17.8	0.418119	0.949605	0.002355	6e-06
0.1836	18.16	0.418119	0.951841	0.002532	7e-06
0.1836	18.53	0.418119	0.952796	0.002201	5e-06
0.1836	18.9	0.418119	0.953027	0.001515	2e-06
0.1836	19.27	0.418119	0.95527	0.001654	3e-06
0.1836	19.63	0.418119	0.95668	0.001456	2e-06
0.1836	20.0	0.418119	0.958685	0.001343	2e-06
0.2032	2.0	0.403612	0.0	0.0	0.0
0.2032	2.37	0.403612	0.0	0.0	0.0
0.2032	2.73	0.403612	0.0	0.0	0.0
0.2032	3.1	0.403612	0.0	0.0	0.0
0.2032	3.47	0.403612	0.0	0.0	0.0
0.2032	3.84	0.403612	0.0	0.0	0.0
0.2032	4.2	0.403612	0.0	0.0	0.0
0.2032	4.57	0.403612	0.0	0.0	0.0
0.2032	4.94	0.403612	0.0	0.0	0.0
0.2032	5.31	0.403612	0.0	0.0	0.0
0.2032	5.67	0.403612	0.0	0.0	0.0
0.2032	6.04	0.403612	0.0	0.0	0.0
0.2032	6.41	0.403612	0.0	0.0	0.0
0.2032	6.78	0.403612	0.0	0.0	0.0
0.2032	7.14	0.403612	0.0	0.0	0.0
0.2032	7.51	0.403612	0.0	0.0	0.0
0.2032	7.88	0.403612	0.0	0.0	0.0
0.2032	8.24	0.403612	0.0	0.0	0.0
0.2032	8.61	0.403612	0.0	0.0	0.0
0.2032	8.98	0.403612	0.0	0.0	0.0
0.2032	9.35	0.403612	0.0	0.0	0.0
0.2032	9.71	0.403612	0.0	0.0	0.0
0.2032	10.08	0.403612	0.0	0.0	0.0
0.2032	10.45	0.403612	0.0	0.0	0.0
0.2032	10.82	0.403612	0.0	0.0	0.0
0.2032	11.18	0.403612	0.051473	0.0	0.0
0.2032	11.55	0.403612	0.05984	0.010631	0.001889
0.2032	11.92	0.403612	0.059014	0.009007	0.001375
0.2032	12.29	0.403612	0.09231	0.048108	0.025072
0.2032	12.65	0.403612	0.228979	0.106574	0.049602
0.2032	13.02	0.403612	0.596558	0.091484	0.014029
0.2032	13.39	0.403612	0.793146	0.036072	0.00164
0.2032	13.76	0.403612	0.834362	0.028987	0.001007
0.2032	14.12	0.403612	0.885381	0.008113	7.4e-05
0.2032	14.49	0.403612	0.904675	0.006959	5.4e-05
0.2032	14.86	0.403612	0.91427	0.004858	2.6e-05
0.2032	15.22	0.403612	0.92586	0.004456	2.1e-05
0.2032	15.59	0.403612	0.933329	0.003572	1.4e-05
0.2032	15.96	0.403612	0.940904	0.002724	8e-06
0.2032	16.33	0.403612	0.942072	0.002591	7e-06
0.2032	16.69	0.403612	0.949994	0.001938	4e-06
0.2032	17.06	0.403612	0.952196	0.001907	4e-06
0.2032	17.43	0.403612	0.954703	0.002181	5e-06
0.2032	17.8	0.403612	0.956328	0.001554	3e-06
0.2032	18.16	0.403612	0.958805	0.001476	2e-06
0.2032	18.53	0.403612	0.961468	0.00199	4e-06
0.2032	18.9	0.403612	0.962558	0.001237	2e-06
0.2032	19.27	0.403612	0.961255	0.00171	3e-06
0.2032	19.63	0.403612	0.963404	0.001584	3e-06
0.2032	20.0	0.403612	0.96627	0.001579	3e-06
0.2357	2.0	0.373491	0.0	0.0	0.0
0.2357	2.37	0.373491	0.0	0.0	0.0
0.2357	2.73	0.373491	0.0	0.0	0.0
0.2357	3.1	0.373491	0.0	0.0	0.0
0.2357	3.47	0.373491	0.0	0.0	0.0
0.2357	3.84	0.373491	0.0	0.0	0.0
0.2357	4.2	0.373491	0.0	0.0	0.0
0.2357	4.57	0.373491	0.0	0.0	0.0
0.2357	4.94	0.373491	0.0	0.0	0.0
0.2357	5.31	0.373491	0.0	0.0	0.0
0.2357	5.67	0.373491	0.0	0.0	0.0
0.2357	6.04	0.373491	0.0	0.0	0.0
0.2357	6.41	0.373491	0.0	0.0	0.0
0.2357	6.78	0.373491	0.0	0.0	0.0
0.2357	7.14	0.373491	0.0	0.0	0.0
0.2357	7.51	0.373491	0.0	0.0	0.0
0.2357	7.88	0.373491	0.0	0.0	0.0
0.2357	8.24	0.373491	0.0	0.0	0.0
0.2357	8.61	0.373491	0.0	0.0	0.0
0.2357	8.98	0.373491	0.0	0.0	0.0
0.2357	9.35	0.373491	0.0	0.0	0.0
0.2357	9.71	0.373491	0.0	0.0	0.0
0.2357	10.08	0.373491	0.0	0.0	0.0
0.2357	10.45	0.373491	0.0	0.0	0.0
0.2357	10.82	0.373491	0.0	0.0	0.0
0.2357	11.18	0.373491	0.0	0.0	0.0
0.2357	11.55	0.373491	0.056019	0.005242	0.000491
0.2357	11.92	0.373491	0.058344	0.008098	0.001124
0.2357	12.29	0.373491	0.065445	0.018893	0.005454
0.2357	12.65	0.373491	0.099294	0.060388	0.036726
0.2357	13.02	0.373491	0.325683	0.113679	0.03968
0.2357	13.39	0.373491	0.490701	0.118589	0.02866
0.2357	13.76	0.373491	0.709539	0.055372	0.004321
0.2357	14.12	0.373491	0.809908	0.037154	0.001704
0.2357	14.49	0.373491	0.869931	0.024722	0.000703
0.2357	14.86	0.373491	0.897066	0.011006	0.000135
0.2357	15.22	0.373491	0.910423	0.009342	9.6e-05
0.2357	15.59	0.373491	0.923931	0.007534	6.1e-05
0.2357	15.96	0.373491	0.928865	0.00378	1.5e-05
0.2357	16.33	0.373491	0.935869	0.004035	1.7e-05
0.2357	16.69	0.373491	0.941194	0.002937	9e-06
0.2357	17.06	0.373491	0.944759	0.002015	4e-06
0.2357	17.43	0.373491	0.948623	0.001873	4e-06
0.2357	17.8	0.373491	0.949972	0.002083	5e-06
0.2357	18.16	0.373491	0.95255	0.002826	8e-06
0.2357	18.53	0.373491	0.953871	0.001643	3e-06
0.2357	18.9	0.373491	0.955417	0.002106	5e-06
0.2357	19.27	0.373491	0.962684	0.001607	3e-06
0.2357	19.63	0.373491	0.959265	0.001376	2e-06
0.2357	20.0	0.373491	0.963788	0.001922	4e-06
0.2573	2.0	0.389104	0.0	0.0	0.0
0.2573	2.37	0.389104	0.0	0.0	0.0
0.2573	2.73	0.389104	0.0	0.0	0.0
0.2573	3.1	0.389104	0.0	0.0	0.0
0.2573	3.47	0.389104	0.0	0.0	0.0
0.2573	3.84	0.389104	0.0	0.0	0.0
0.2573	4.2	0.389104	0.0	0.0	0.0
0.2573	4.57	0.389104	0.0	0.0	0.0
0.2573	4.94	0.389104	0.0	0.0	0.0
0.2573	5.31	0.389104	0.0	0.0	0.0
0.2573	5.67	0.389104	0.0	0.0	0.0
0.2573	6.04	0.389104	0.0	0.0	0.0
0.2573	6.41	0.389104	0.0	0.0	0.0
0.2573	6.78	0.389104	0.0	0.0	0.0
0.2573	7.14	0.389104	0.0	0.0	0.0
0.2573	7.51	0.389104	0.0	0.0	0.0
0.2573	7.88	0.389104	0.0	0.0	0.0
0.2573	8.24	0.389104	0.0	0.0	0.0
0.2573	8.61	0.389104	0.0	0.0	0.0
0.2573	8.98	0.389104	0.0	0.0	0.0
0.2573	9.35	0.389104	0.0	0.0	0.0
0.2573	9.71	0.389104	0.0	0.0	0.0
0.2573	10.08	0.389104	0.0	0.0	0.0
0.2573	10.45	0.389104	0.0	0.0	0.0
0.2573	10.82	0.389104	0.050264	0.0	0.0
0.2573	11.18	0.389104	0.054771	0.003709	0.000251
0.2573	11.55	0.389104	0.05591	0.005602	0.000561
0.2573	11.92	0.389104	0.072872	0.034666	0.016491
0.2573	12.29	0.389104	0.094489	0.063524	0.042706
0.2573	12.65	0.389104	0.332895	0.160321	0.07721
0.2573	13.02	0.389104	0.594311	0.1111	0.020769
0.2573	13.39	0.389104	0.827443	0.027623	0.000922
0.2573	13.76	0.389104	0.849815	0.021552	0.000547
0.2573	14.12	0.389104	0.882986	0.022189	0.000558
0.2573	14.49	0.389104	0.905002	0.008392	7.8e-05
0.2573	14.86	0.389104	0.899468	0.020323	0.000459
0.2573	15.22	0.389104	0.925033	0.004733	2.4e-05
0.2573	15.59	0.389104	0.922981	0.009801	0.000104
0.2573	15.96	0.389104	0.932638	0.004273	2e-05
0.2573	16.33	0.389104	0.938403	0.001995	4e-06
0.2573	16.69	0.389104	0.941873	0.003004	1e-05
0.2573	17.06	0.389104	0.9447	0.002211	5e-06
0.2573	17.43	0.389104	0.950041	0.00177	3e-06
0.2573	17.8	0.389104	0.951862	0.001645	3e-06
0.2573	18.16	0.389104	0.955389	0.002031	4e-06
0.2573	18.53	0.389104	0.95619	0.001501	2e-06
0.2573	18.9	0.389104	0.958428	0.0014	2e-06
0.2573	19.27	0.389104	0.959312	0.001265	2e-06
0.2573	19.63	0.389104	0.959085	0.00159	3e-06
0.2573	20.0	0.389104	0.959117	0.001115	1e-06
0.3208	2.0	0.372763	0.0	0.0	0.0
0.3208	2.37	0.372763	0.0	0.0	0.0
0.3208	2.73	0.372763	0.0	0.0	0.0
0.3208	3.1	0.372763	0.0	0.0	0.0
0.3208	3.47	0.372763	0.0	0.0	0.0
0.3208	3.84	0.372763	0.0	0.0	0.0
0.3208	4.2	0.372763	0.0	0.0	0.0
0.3208	4.57	0.372763	0.0	0.0	0.0
0.3208	4.94	0.372763	0.0	0.0	0.0
0.3208	5.31	0.372763	0.0	0.0	0.0
0.3208	5.67	0.372763	0.0	0.0	0.0
0.3208	6.04	0.372763	0.0	0.0	0.0
0.3208	6.41	0.372763	0.0	0.0	0.0
0.3208	6.78	0.372763	0.0	0.0	0.0
0.3208	7.14	0.372763	0.0	0.0	0.0
0.3208	7.51	0.372763	0.0	0.0	0.0
0.3208	7.88	0.372763	0.0	0.0	0.0
0.3208	8.24	0.372763	0.0	0.0	0.0
0.3208	8.61	0.372763	0.0	0.0	0.0
0.3208	8.98	0.372763	0.0	0.0	0.0
0.3208	9.35	0.372763	0.0	0.0	0.0
0.3208	9.71	0.372763	0.0	0.0	0.0
0.3208	10.08	0.372763	0.0	0.0	0.0
0.3208	10.45	0.372763	0.0	0.0	0.0
0.3208	10.82	0.372763	0.0	0.0	0.0
0.3208	11.18	0.372763	0.052153	0.0	0.0
0.3208	11.55	0.372763	0.055606	0.002815	0.000143
0.3208	11.92	0.372763	0.063117	0.021885	0.007589
0.3208	12.29	0.372763	0.070168	0.030026	0.012848
0.3208	12.65	0.372763	0.116885	0.070431	0.04244
0.3208	13.02	0.372763	0.288548	0.132536	0.060876
0.3208	13.39	0.372763	0.594842	0.069354	0.008086
0.3208	13.76	0.372763	0.788306	0.034528	0.001512
0.3208	14.12	0.372763	0.840928	0.015563	0.000288
0.3208	14.49	0.372763	0.870643	0.01005	0.000116
0.3208	14.86	0.372763	0.890029	0.006631	4.9e-05
0.3208	15.22	0.372763	0.907617	0.004127	1.9e-05
0.3208	15.59	0.372763	0.920809	0.005666	3.5e-05
0.3208	15.96	0.372763	0.922133	0.007497	6.1e-05
0.3208	16.33	0.372763	0.934098	0.003217	1.1e-05
0.3208	16.69	0.372763	0.936514	0.004125	1.8e-05
0.3208	17.06	0.372763	0.94309	0.00384	1.6e-05
0.3208	17.43	0.372763	0.947444	0.002599	7e-06
0.3208	17.8	0.372763	0.945674	0.002762	8e-06
0.3208	18.16	0.372763	0.950092	0.002392	6e-06
0.3208	18.53	0.372763	0.954083	0.001663	3e-06
0.3208	18.9	0.372763	0.956717	0.001918	4e-06
0.3208	19.27	0.372763	0.957292	0.001594	3e-06
0.3208	19.63	0.372763	0.960589	0.002163	5e-06
0.3208	20.0	0.372763	0.961791	0.001785	3e-06
0.4544	2.0	0.370094	0.0	0.0	0.0
0.4544	2.37	0.370094	0.0	0.0	0.0
0.4544	2.73	0.370094	0.0	0.0	0.0
0.4544	3.1	0.370094	0.0	0.0	0.0
0.4544	3.47	0.370094	0.0	0.0	0.0
0.4544	3.84	0.370094	0.0	0.0	0.0
0.4544	4.2	0.370094	0.0	0.0	0.0
0.4544	4.57	0.370094	0.0	0.0	0.0
0.4544	4.94	0.370094	0.0	0.0	0.0
0.4544	5.31	0.370094	0.0	0.0	0.0
0.4544	5.67	0.370094	0.0	0.0	0.0
0.4544	6.04	0.370094	0.0	0.0	0.0
0.4544	6.41	0.370094	0.0	0.0	0.0
0.4544	6.78	0.370094	0.0	0.0	0.0
0.4544	7.14	0.370094	0.0	0.0	0.0
0.4544	7.51	0.370094	0.0	0.0	0.0
0.4544	7.88	0.370094	0.0	0.0	0.0
0.4544	8.24	0.370094	0.0	0.0	0.0
0.4544	8.61	0.370094	0.0	0.0	0.0
0.4544	8.98	0.370094	0.0	0.0	0.0
0.4544	9.35	0.370094	0.0	0.0	0.0
0.4544	9.71	0.370094	0.0	0.0	0.0
0.4544	10.08	0.370094	0.0	0.0	0.0
0.4544	10.45	0.370094	0.0	0.0	0.0
0.4544	10.82	0.370094	0.0	0.0	0.0
0.4544	11.18	0.370094	0.052995	0.0	0.0
0.4544	11.55	0.370094	0.055238	0.003497	0.000221
0.4544	11.92	0.370094	0.061518	0.014994	0.003654
0.4544	12.29	0.370094	0.073294	0.021961	0.00658
0.4544	12.65	0.370094	0.117564	0.065481	0.036471
0.4544	13.02	0.370094	0.322119	0.128429	0.051205
0.4544	13.39	0.370094	0.669129	0.062318	0.005804
0.4544	13.76	0.370094	0.771847	0.034541	0.001546
0.4544	14.12	0.370094	0.819932	0.020647	0.00052
0.4544	14.49	0.370094	0.867952	0.014559	0.000244
0.4544	14.86	0.370094	0.898871	0.007803	6.8e-05
0.4544	15.22	0.370094	0.916001	0.004003	1.7e-05
0.4544	15.59	0.370094	0.920234	0.003984	1.7e-05
0.4544	15.96	0.370094	0.924298	0.005044	2.8e-05
0.4544	16.33	0.370094	0.935964	0.003639	1.4e-05
0.4544	16.69	0.370094	0.937887	0.003531	1.3e-05
0.4544	17.06	0.370094	0.9422	0.002574	7e-06
0.4544	17.43	0.370094	0.949298	0.002286	6e-06
0.4544	17.8	0.370094	0.947967	0.002923	9e-06
0.4544	18.16	0.370094	0.954539	0.002419	6e-06
0.4544	18.53	0.370094	0.958505	0.001817	3e-06
0.4544	18.9	0.370094	0.959369	0.001658	3e-06
0.4544	19.27	0.370094	0.963895	0.002257	5e-06
0.4544	19.63	0.370094	0.965417	0.001823	3e-06
0.4544	20.0	0.370094	0.965247	0.001566	3e-06
