base_sigma	MAX_EXC_WEIGHT	Gini	mean_peaks_height	std_peaks_height	fano_factor
0.0446	2.00	0.890556	0.000000	0.000000	0.000000
0.0446	2.37	0.890556	0.000000	0.000000	0.000000
0.0446	2.73	0.890556	0.000000	0.000000	0.000000
0.0446	3.10	0.890556	0.000000	0.000000	0.000000
0.0446	3.47	0.890556	0.000000	0.000000	0.000000
0.0446	3.84	0.890556	0.000000	0.000000	0.000000
0.0446	4.20	0.890556	0.000000	0.000000	0.000000
0.0446	4.57	0.890556	0.000000	0.000000	0.000000
0.0446	4.94	0.890556	0.000000	0.000000	0.000000
0.0446	5.31	0.890556	0.000000	0.000000	0.000000
0.0446	5.67	0.890556	0.000000	0.000000	0.000000
0.0446	6.04	0.890556	0.000000	0.000000	0.000000
0.0446	6.41	0.890556	0.096192	0.000000	0.000000
0.0446	6.78	0.890556	0.092184	0.000000	0.000000
0.0446	7.14	0.890556	0.000000	0.000000	0.000000
0.0446	7.51	0.890556	0.127255	0.005010	0.000197
0.0446	7.88	0.890556	0.181506	0.144045	0.114316
0.0446	8.24	0.890556	0.426083	0.297263	0.207390
0.0446	8.61	0.890556	0.691838	0.301268	0.131191
0.0446	8.98	0.890556	0.869739	0.161992	0.030172
0.0446	9.35	0.890556	0.911406	0.036234	0.001441
0.0446	9.71	0.890556	0.908921	0.005225	0.000030
0.0446	10.08	0.890556	0.913504	0.005413	0.000032
0.0446	10.45	0.890556	0.934967	0.003370	0.000012
0.0446	10.82	0.890556	0.936874	0.003169	0.000011
0.0446	11.18	0.890556	0.937876	0.003421	0.000012
0.0446	11.55	0.890556	0.933410	0.002797	0.000008
0.0446	11.92	0.890556	0.934035	0.002688	0.000008
0.0446	12.29	0.890556	0.929526	0.002734	0.000008
0.0446	12.65	0.890556	0.929860	0.002834	0.000009
0.0446	13.02	0.890556	0.914935	0.135279	0.020002
0.0446	13.39	0.890556	0.938614	0.002658	0.000008
0.0446	13.76	0.890556	0.938403	0.002896	0.000009
0.0446	14.12	0.890556	0.939089	0.003203	0.000011
0.0446	14.49	0.890556	0.942306	0.002647	0.000007
0.0446	14.86	0.890556	0.942253	0.002791	0.000008
0.0446	15.22	0.890556	0.942253	0.002753	0.000008
0.0446	15.59	0.890556	0.941831	0.002815	0.000008
0.0446	15.96	0.890556	0.932813	0.003041	0.000010
0.0446	16.33	0.890556	0.937054	0.002750	0.000008
0.0446	16.69	0.890556	0.937085	0.002854	0.000009
0.0446	17.06	0.890556	0.937454	0.002440	0.000006
0.0446	17.43	0.890556	0.938087	0.002789	0.000008
0.0446	17.80	0.890556	0.942552	0.001889	0.000004
0.0446	18.16	0.890556	0.937296	0.002051	0.000004
0.0446	18.53	0.890556	0.936979	0.002040	0.000004
0.0446	18.90	0.890556	0.942306	0.002012	0.000004
0.0446	19.27	0.890556	0.942358	0.002129	0.000005
0.0446	19.63	0.890556	0.941430	0.002258	0.000005
0.0446	20.00	0.890556	0.942170	0.002581	0.000007
0.0513	2.00	0.847396	0.000000	0.000000	0.000000
0.0513	2.37	0.847396	0.000000	0.000000	0.000000
0.0513	2.73	0.847396	0.000000	0.000000	0.000000
0.0513	3.10	0.847396	0.000000	0.000000	0.000000
0.0513	3.47	0.847396	0.000000	0.000000	0.000000
0.0513	3.84	0.847396	0.000000	0.000000	0.000000
0.0513	4.20	0.847396	0.000000	0.000000	0.000000
0.0513	4.57	0.847396	0.000000	0.000000	0.000000
0.0513	4.94	0.847396	0.000000	0.000000	0.000000
0.0513	5.31	0.847396	0.000000	0.000000	0.000000
0.0513	5.67	0.847396	0.000000	0.000000	0.000000
0.0513	6.04	0.847396	0.000000	0.000000	0.000000
0.0513	6.41	0.847396	0.000000	0.000000	0.000000
0.0513	6.78	0.847396	0.000000	0.000000	0.000000
0.0513	7.14	0.847396	0.000000	0.000000	0.000000
0.0513	7.51	0.847396	0.102823	0.000000	0.000000
0.0513	7.88	0.847396	0.000000	0.000000	0.000000
0.0513	8.24	0.847396	0.135333	0.037872	0.010598
0.0513	8.61	0.847396	0.281826	0.198137	0.139300
0.0513	8.98	0.847396	0.373768	0.300869	0.242188
0.0513	9.35	0.847396	0.563004	0.311220	0.172037
0.0513	9.71	0.847396	0.736371	0.204854	0.056989
0.0513	10.08	0.847396	0.779408	0.197131	0.049859
0.0513	10.45	0.847396	0.836833	0.045475	0.002471
0.0513	10.82	0.847396	0.831317	0.119878	0.017287
0.0513	11.18	0.847396	0.863759	0.019816	0.000455
0.0513	11.55	0.847396	0.875830	0.005108	0.000030
0.0513	11.92	0.847396	0.877247	0.004617	0.000024
0.0513	12.29	0.847396	0.887424	0.004410	0.000022
0.0513	12.65	0.847396	0.889378	0.004512	0.000023
0.0513	13.02	0.847396	0.888459	0.003895	0.000017
0.0513	13.39	0.847396	0.889113	0.003729	0.000016
0.0513	13.76	0.847396	0.890970	0.003217	0.000012
0.0513	14.12	0.847396	0.892525	0.004088	0.000019
0.0513	14.49	0.847396	0.893559	0.003103	0.000011
0.0513	14.86	0.847396	0.888544	0.004306	0.000021
0.0513	15.22	0.847396	0.888544	0.003900	0.000017
0.0513	15.59	0.847396	0.889718	0.003987	0.000018
0.0513	15.96	0.847396	0.890927	0.003486	0.000014
0.0513	16.33	0.847396	0.890883	0.003623	0.000015
0.0513	16.69	0.847396	0.890827	0.003268	0.000012
0.0513	17.06	0.847396	0.887589	0.004312	0.000021
0.0513	17.43	0.847396	0.896270	0.003461	0.000013
0.0513	17.80	0.847396	0.897866	0.003409	0.000013
0.0513	18.16	0.847396	0.891277	0.003129	0.000011
0.0513	18.53	0.847396	0.891633	0.003600	0.000015
0.0513	18.90	0.847396	0.898135	0.003492	0.000014
0.0513	19.27	0.847396	0.898456	0.003325	0.000012
0.0513	19.63	0.847396	0.897522	0.003114	0.000011
0.0513	20.00	0.847396	0.895407	0.002322	0.000006
0.0571	2.00	0.839952	0.000000	0.000000	0.000000
0.0571	2.37	0.839952	0.000000	0.000000	0.000000
0.0571	2.73	0.839952	0.000000	0.000000	0.000000
0.0571	3.10	0.839952	0.000000	0.000000	0.000000
0.0571	3.47	0.839952	0.000000	0.000000	0.000000
0.0571	3.84	0.839952	0.000000	0.000000	0.000000
0.0571	4.20	0.839952	0.000000	0.000000	0.000000
0.0571	4.57	0.839952	0.000000	0.000000	0.000000
0.0571	4.94	0.839952	0.000000	0.000000	0.000000
0.0571	5.31	0.839952	0.000000	0.000000	0.000000
0.0571	5.67	0.839952	0.000000	0.000000	0.000000
0.0571	6.04	0.839952	0.000000	0.000000	0.000000
0.0571	6.41	0.839952	0.188641	0.000000	0.000000
0.0571	6.78	0.839952	0.200811	0.177783	0.157395
0.0571	7.14	0.839952	0.389903	0.191862	0.094410
0.0571	7.51	0.839952	0.507633	0.177432	0.062017
0.0571	7.88	0.839952	0.570218	0.119425	0.025012
0.0571	8.24	0.839952	0.585615	0.101997	0.017765
0.0571	8.61	0.839952	0.612966	0.007205	0.000085
0.0571	8.98	0.839952	0.578513	0.134136	0.031101
0.0571	9.35	0.839952	0.611127	0.004595	0.000035
0.0571	9.71	0.839952	0.613523	0.007657	0.000096
0.0571	10.08	0.839952	0.555184	0.167377	0.050461
0.0571	10.45	0.839952	0.560176	0.167870	0.050306
0.0571	10.82	0.839952	0.581868	0.145958	0.036613
0.0571	11.18	0.839952	0.530846	0.193303	0.070389
0.0571	11.55	0.839952	0.510300	0.220413	0.095203
0.0571	11.92	0.839952	0.561913	0.200788	0.071747
0.0571	12.29	0.839952	0.581820	0.190761	0.062544
0.0571	12.65	0.839952	0.529498	0.218625	0.090268
0.0571	13.02	0.839952	0.556001	0.201994	0.073384
0.0571	13.39	0.839952	0.510061	0.232239	0.105743
0.0571	13.76	0.839952	0.502753	0.262672	0.137238
0.0571	14.12	0.839952	0.503076	0.260180	0.134559
0.0571	14.49	0.839952	0.538974	0.246840	0.113048
0.0571	14.86	0.839952	0.486118	0.272156	0.152368
0.0571	15.22	0.839952	0.483425	0.274955	0.156385
0.0571	15.59	0.839952	0.467472	0.284618	0.173288
0.0571	15.96	0.839952	0.521790	0.281643	0.152020
0.0571	16.33	0.839952	0.530396	0.296009	0.165200
0.0571	16.69	0.839952	0.568391	0.249352	0.109390
0.0571	17.06	0.839952	0.545953	0.259265	0.123121
0.0571	17.43	0.839952	0.568856	0.275961	0.133873
0.0571	17.80	0.839952	0.570085	0.257029	0.115884
0.0571	18.16	0.839952	0.616853	0.199228	0.064345
0.0571	18.53	0.839952	0.610274	0.202215	0.067004
0.0571	18.90	0.839952	0.600520	0.210662	0.073900
0.0571	19.27	0.839952	0.602585	0.200247	0.066545
0.0571	19.63	0.839952	0.596467	0.199640	0.066820
0.0571	20.00	0.839952	0.607449	0.214123	0.075477
0.0622	2.00	0.816071	0.000000	0.000000	0.000000
0.0622	2.37	0.816071	0.000000	0.000000	0.000000
0.0622	2.73	0.816071	0.000000	0.000000	0.000000
0.0622	3.10	0.816071	0.000000	0.000000	0.000000
0.0622	3.47	0.816071	0.000000	0.000000	0.000000
0.0622	3.84	0.816071	0.000000	0.000000	0.000000
0.0622	4.20	0.816071	0.000000	0.000000	0.000000
0.0622	4.57	0.816071	0.000000	0.000000	0.000000
0.0622	4.94	0.816071	0.000000	0.000000	0.000000
0.0622	5.31	0.816071	0.000000	0.000000	0.000000
0.0622	5.67	0.816071	0.000000	0.000000	0.000000
0.0622	6.04	0.816071	0.000000	0.000000	0.000000
0.0622	6.41	0.816071	0.127789	0.000000	0.000000
0.0622	6.78	0.816071	0.210953	0.000000	0.000000
0.0622	7.14	0.816071	0.195233	0.043038	0.009487
0.0622	7.51	0.816071	0.217039	0.004057	0.000076
0.0622	7.88	0.816071	0.217489	0.010377	0.000495
0.0622	8.24	0.816071	0.199797	0.053765	0.014468
0.0622	8.61	0.816071	0.224783	0.074980	0.025011
0.0622	8.98	0.816071	0.280257	0.133358	0.063457
0.0622	9.35	0.816071	0.320671	0.176303	0.096930
0.0622	9.71	0.816071	0.345485	0.172166	0.085795
0.0622	10.08	0.816071	0.412111	0.183068	0.081322
0.0622	10.45	0.816071	0.469777	0.183582	0.071741
0.0622	10.82	0.816071	0.439528	0.181804	0.075200
0.0622	11.18	0.816071	0.505844	0.202215	0.080837
0.0622	11.55	0.816071	0.607323	0.146868	0.035517
0.0622	11.92	0.816071	0.488682	0.194235	0.077202
0.0622	12.29	0.816071	0.504450	0.199486	0.078887
0.0622	12.65	0.816071	0.485764	0.211823	0.092368
0.0622	13.02	0.816071	0.552941	0.209538	0.079404
0.0622	13.39	0.816071	0.525101	0.222614	0.094376
0.0622	13.76	0.816071	0.478275	0.227492	0.108207
0.0622	14.12	0.816071	0.533392	0.224274	0.094300
0.0622	14.49	0.816071	0.430229	0.225091	0.117765
0.0622	14.86	0.816071	0.503109	0.228697	0.103958
0.0622	15.22	0.816071	0.457036	0.253628	0.140749
0.0622	15.59	0.816071	0.602746	0.206917	0.071033
0.0622	15.96	0.816071	0.538819	0.258499	0.124015
0.0622	16.33	0.816071	0.544442	0.260963	0.125086
0.0622	16.69	0.816071	0.593982	0.262437	0.115951
0.0622	17.06	0.816071	0.567608	0.273657	0.131937
0.0622	17.43	0.816071	0.561835	0.269228	0.129013
0.0622	17.80	0.816071	0.589566	0.257758	0.112692
0.0622	18.16	0.816071	0.495145	0.290805	0.170794
0.0622	18.53	0.816071	0.525384	0.281712	0.151054
0.0622	18.90	0.816071	0.559897	0.277392	0.137430
0.0622	19.27	0.816071	0.533324	0.277407	0.144293
0.0622	19.63	0.816071	0.582519	0.279438	0.134048
0.0622	20.00	0.816071	0.546962	0.272922	0.136182
0.0671	2.00	0.811384	0.000000	0.000000	0.000000
0.0671	2.37	0.811384	0.000000	0.000000	0.000000
0.0671	2.73	0.811384	0.000000	0.000000	0.000000
0.0671	3.10	0.811384	0.000000	0.000000	0.000000
0.0671	3.47	0.811384	0.000000	0.000000	0.000000
0.0671	3.84	0.811384	0.000000	0.000000	0.000000
0.0671	4.20	0.811384	0.000000	0.000000	0.000000
0.0671	4.57	0.811384	0.000000	0.000000	0.000000
0.0671	4.94	0.811384	0.000000	0.000000	0.000000
0.0671	5.31	0.811384	0.000000	0.000000	0.000000
0.0671	5.67	0.811384	0.000000	0.000000	0.000000
0.0671	6.04	0.811384	0.000000	0.000000	0.000000
0.0671	6.41	0.811384	0.000000	0.000000	0.000000
0.0671	6.78	0.811384	0.080645	0.000000	0.000000
0.0671	7.14	0.811384	0.185484	0.000000	0.000000
0.0671	7.51	0.811384	0.350806	0.000000	0.000000
0.0671	7.88	0.811384	0.157258	0.000000	0.000000
0.0671	8.24	0.811384	0.199597	0.000000	0.000000
0.0671	8.61	0.811384	0.198589	0.146953	0.108743
0.0671	8.98	0.811384	0.175037	0.084803	0.041086
0.0671	9.35	0.811384	0.383913	0.233485	0.141999
0.0671	9.71	0.811384	0.406322	0.291394	0.208973
0.0671	10.08	0.811384	0.490714	0.299720	0.183065
0.0671	10.45	0.811384	0.700269	0.216450	0.066904
0.0671	10.82	0.811384	0.752471	0.172248	0.039429
0.0671	11.18	0.811384	0.761866	0.158835	0.033114
0.0671	11.55	0.811384	0.795363	0.119531	0.017964
0.0671	11.92	0.811384	0.822526	0.005750	0.000040
0.0671	12.29	0.811384	0.823141	0.007341	0.000065
0.0671	12.65	0.811384	0.825941	0.011775	0.000168
0.0671	13.02	0.811384	0.830482	0.005786	0.000040
0.0671	13.39	0.811384	0.830754	0.005343	0.000034
0.0671	13.76	0.811384	0.832396	0.008237	0.000082
0.0671	14.12	0.811384	0.852932	0.005197	0.000032
0.0671	14.49	0.811384	0.853088	0.005799	0.000039
0.0671	14.86	0.811384	0.837903	0.003573	0.000015
0.0671	15.22	0.811384	0.838760	0.004781	0.000027
0.0671	15.59	0.811384	0.840364	0.004807	0.000028
0.0671	15.96	0.811384	0.840776	0.004564	0.000025
0.0671	16.33	0.811384	0.854839	0.003930	0.000018
0.0671	16.69	0.811384	0.855696	0.003953	0.000018
0.0671	17.06	0.811384	0.839430	0.004568	0.000025
0.0671	17.43	0.811384	0.839766	0.004248	0.000021
0.0671	17.80	0.811384	0.841494	0.004676	0.000026
0.0671	18.16	0.811384	0.854347	0.003666	0.000016
0.0671	18.53	0.811384	0.855380	0.003086	0.000011
0.0671	18.90	0.811384	0.846270	0.004274	0.000022
0.0671	19.27	0.811384	0.848673	0.003882	0.000018
0.0671	19.63	0.811384	0.848545	0.003645	0.000016
0.0671	20.00	0.811384	0.846421	0.004437	0.000023
0.0718	2.00	0.823834	0.000000	0.000000	0.000000
0.0718	2.37	0.823834	0.000000	0.000000	0.000000
0.0718	2.73	0.823834	0.000000	0.000000	0.000000
0.0718	3.10	0.823834	0.000000	0.000000	0.000000
0.0718	3.47	0.823834	0.000000	0.000000	0.000000
0.0718	3.84	0.823834	0.000000	0.000000	0.000000
0.0718	4.20	0.823834	0.000000	0.000000	0.000000
0.0718	4.57	0.823834	0.000000	0.000000	0.000000
0.0718	4.94	0.823834	0.000000	0.000000	0.000000
0.0718	5.31	0.823834	0.000000	0.000000	0.000000
0.0718	5.67	0.823834	0.000000	0.000000	0.000000
0.0718	6.04	0.823834	0.000000	0.000000	0.000000
0.0718	6.41	0.823834	0.000000	0.000000	0.000000
0.0718	6.78	0.823834	0.111336	0.000000	0.000000
0.0718	7.14	0.823834	0.182186	0.000000	0.000000
0.0718	7.51	0.823834	0.156208	0.077184	0.038137
0.0718	7.88	0.823834	0.227935	0.140973	0.087189
0.0718	8.24	0.823834	0.309312	0.185864	0.111685
0.0718	8.61	0.823834	0.426451	0.263573	0.162904
0.0718	8.98	0.823834	0.668178	0.239649	0.085953
0.0718	9.35	0.823834	0.670185	0.282451	0.119040
0.0718	9.71	0.823834	0.859919	0.065206	0.004944
0.0718	10.08	0.823834	0.885358	0.014000	0.000221
0.0718	10.45	0.823834	0.895259	0.006483	0.000047
0.0718	10.82	0.823834	0.902138	0.006022	0.000040
0.0718	11.18	0.823834	0.903783	0.004854	0.000026
0.0718	11.55	0.823834	0.907461	0.004706	0.000024
0.0718	11.92	0.823834	0.910200	0.003731	0.000015
0.0718	12.29	0.823834	0.910384	0.003695	0.000015
0.0718	12.65	0.823834	0.911095	0.004167	0.000019
0.0718	13.02	0.823834	0.915036	0.003741	0.000015
0.0718	13.39	0.823834	0.915144	0.003027	0.000010
0.0718	13.76	0.823834	0.917004	0.003157	0.000011
0.0718	14.12	0.823834	0.916525	0.004392	0.000021
0.0718	14.49	0.823834	0.918389	0.004505	0.000022
0.0718	14.86	0.823834	0.926316	0.003809	0.000016
0.0718	15.22	0.823834	0.927072	0.003521	0.000013
0.0718	15.59	0.823834	0.926451	0.002838	0.000009
0.0718	15.96	0.823834	0.926606	0.002370	0.000006
0.0718	16.33	0.823834	0.927783	0.003824	0.000016
0.0718	16.69	0.823834	0.929251	0.003355	0.000012
0.0718	17.06	0.823834	0.923887	0.002926	0.000009
0.0718	17.43	0.823834	0.924213	0.002758	0.000008
0.0718	17.80	0.823834	0.928694	0.003152	0.000011
0.0718	18.16	0.823834	0.927176	0.003607	0.000014
0.0718	18.53	0.823834	0.928036	0.003068	0.000010
0.0718	18.90	0.823834	0.926063	0.002790	0.000008
0.0718	19.27	0.823834	0.931427	0.003332	0.000012
0.0718	19.63	0.823834	0.933148	0.003053	0.000010
0.0718	20.00	0.823834	0.925557	0.002240	0.000005
0.0764	2.00	0.784236	0.000000	0.000000	0.000000
0.0764	2.37	0.784236	0.000000	0.000000	0.000000
0.0764	2.73	0.784236	0.000000	0.000000	0.000000
0.0764	3.10	0.784236	0.000000	0.000000	0.000000
0.0764	3.47	0.784236	0.000000	0.000000	0.000000
0.0764	3.84	0.784236	0.000000	0.000000	0.000000
0.0764	4.20	0.784236	0.000000	0.000000	0.000000
0.0764	4.57	0.784236	0.000000	0.000000	0.000000
0.0764	4.94	0.784236	0.000000	0.000000	0.000000
0.0764	5.31	0.784236	0.000000	0.000000	0.000000
0.0764	5.67	0.784236	0.000000	0.000000	0.000000
0.0764	6.04	0.784236	0.000000	0.000000	0.000000
0.0764	6.41	0.784236	0.000000	0.000000	0.000000
0.0764	6.78	0.784236	0.000000	0.000000	0.000000
0.0764	7.14	0.784236	0.000000	0.000000	0.000000
0.0764	7.51	0.784236	0.000000	0.000000	0.000000
0.0764	7.88	0.784236	0.000000	0.000000	0.000000
0.0764	8.24	0.784236	0.000000	0.000000	0.000000
0.0764	8.61	0.784236	0.095758	0.007182	0.000539
0.0764	8.98	0.784236	0.158730	0.042812	0.011547
0.0764	9.35	0.784236	0.139705	0.052170	0.019482
0.0764	9.71	0.784236	0.236508	0.115721	0.056621
0.0764	10.08	0.784236	0.268398	0.165296	0.101800
0.0764	10.45	0.784236	0.267532	0.135124	0.068247
0.0764	10.82	0.784236	0.353610	0.184260	0.096014
0.0764	11.18	0.784236	0.452403	0.182045	0.073254
0.0764	11.55	0.784236	0.495003	0.122450	0.030291
0.0764	11.92	0.784236	0.543547	0.180662	0.060047
0.0764	12.29	0.784236	0.607224	0.136092	0.030501
0.0764	12.65	0.784236	0.661862	0.130913	0.025894
0.0764	13.02	0.784236	0.665095	0.147008	0.032494
0.0764	13.39	0.784236	0.683131	0.167377	0.041010
0.0764	13.76	0.784236	0.677730	0.184314	0.050125
0.0764	14.12	0.784236	0.674603	0.206523	0.063225
0.0764	14.49	0.784236	0.669793	0.211153	0.066566
0.0764	14.86	0.784236	0.717222	0.136876	0.026122
0.0764	15.22	0.784236	0.717364	0.172391	0.041428
0.0764	15.59	0.784236	0.730257	0.176371	0.042597
0.0764	15.96	0.784236	0.748004	0.149306	0.029802
0.0764	16.33	0.784236	0.754757	0.148931	0.029387
0.0764	16.69	0.784236	0.739753	0.174561	0.041192
0.0764	17.06	0.784236	0.695918	0.229579	0.075736
0.0764	17.43	0.784236	0.707492	0.236527	0.079075
0.0764	17.80	0.784236	0.701793	0.251706	0.090277
0.0764	18.16	0.784236	0.768906	0.145938	0.027699
0.0764	18.53	0.784236	0.666517	0.275072	0.113522
0.0764	18.90	0.784236	0.746744	0.224775	0.067659
0.0764	19.27	0.784236	0.762347	0.203613	0.054382
0.0764	19.63	0.784236	0.813728	0.111130	0.015177
0.0764	20.00	0.784236	0.670119	0.289307	0.124901
0.0811	2.00	0.798485	0.000000	0.000000	0.000000
0.0811	2.37	0.798485	0.000000	0.000000	0.000000
0.0811	2.73	0.798485	0.000000	0.000000	0.000000
0.0811	3.10	0.798485	0.000000	0.000000	0.000000
0.0811	3.47	0.798485	0.000000	0.000000	0.000000
0.0811	3.84	0.798485	0.000000	0.000000	0.000000
0.0811	4.20	0.798485	0.000000	0.000000	0.000000
0.0811	4.57	0.798485	0.000000	0.000000	0.000000
0.0811	4.94	0.798485	0.000000	0.000000	0.000000
0.0811	5.31	0.798485	0.000000	0.000000	0.000000
0.0811	5.67	0.798485	0.000000	0.000000	0.000000
0.0811	6.04	0.798485	0.000000	0.000000	0.000000
0.0811	6.41	0.798485	0.234343	0.137374	0.080529
0.0811	6.78	0.798485	0.456566	0.025186	0.001389
0.0811	7.14	0.798485	0.525803	0.141737	0.038207
0.0811	7.51	0.798485	0.614297	0.014074	0.000322
0.0811	7.88	0.798485	0.622334	0.118339	0.022503
0.0811	8.24	0.798485	0.658762	0.123617	0.023197
0.0811	8.61	0.798485	0.711279	0.127131	0.022723
0.0811	8.98	0.798485	0.698616	0.205631	0.060526
0.0811	9.35	0.798485	0.733333	0.135193	0.024923
0.0811	9.71	0.798485	0.754086	0.171771	0.039127
0.0811	10.08	0.798485	0.804171	0.021921	0.000598
0.0811	10.45	0.798485	0.813737	0.009957	0.000122
0.0811	10.82	0.798485	0.789646	0.126441	0.020246
0.0811	11.18	0.798485	0.811470	0.025437	0.000797
0.0811	11.55	0.798485	0.805999	0.123588	0.018950
0.0811	11.92	0.798485	0.832140	0.014537	0.000254
0.0811	12.29	0.798485	0.828461	0.029088	0.001021
0.0811	12.65	0.798485	0.830976	0.026653	0.000855
0.0811	13.02	0.798485	0.848157	0.009734	0.000112
0.0811	13.39	0.798485	0.850027	0.006413	0.000048
0.0811	13.76	0.798485	0.852578	0.006380	0.000048
0.0811	14.12	0.798485	0.865372	0.008215	0.000078
0.0811	14.49	0.798485	0.866926	0.007060	0.000058
0.0811	14.86	0.798485	0.855101	0.008595	0.000086
0.0811	15.22	0.798485	0.856358	0.006352	0.000047
0.0811	15.59	0.798485	0.855303	0.007460	0.000065
0.0811	15.96	0.798485	0.858030	0.006111	0.000044
0.0811	16.33	0.798485	0.863869	0.005386	0.000034
0.0811	16.69	0.798485	0.868990	0.005812	0.000039
0.0811	17.06	0.798485	0.869697	0.008642	0.000086
0.0811	17.43	0.798485	0.872346	0.005027	0.000029
0.0811	17.80	0.798485	0.873737	0.003998	0.000018
0.0811	18.16	0.798485	0.867436	0.004868	0.000027
0.0811	18.53	0.798485	0.866667	0.004763	0.000026
0.0811	18.90	0.798485	0.867645	0.003879	0.000017
0.0811	19.27	0.798485	0.865538	0.005190	0.000031
0.0811	19.63	0.798485	0.871648	0.003793	0.000017
0.0811	20.00	0.798485	0.873602	0.003631	0.000015
0.0858	2.00	0.796615	0.000000	0.000000	0.000000
0.0858	2.37	0.796615	0.000000	0.000000	0.000000
0.0858	2.73	0.796615	0.000000	0.000000	0.000000
0.0858	3.10	0.796615	0.000000	0.000000	0.000000
0.0858	3.47	0.796615	0.000000	0.000000	0.000000
0.0858	3.84	0.796615	0.000000	0.000000	0.000000
0.0858	4.20	0.796615	0.000000	0.000000	0.000000
0.0858	4.57	0.796615	0.000000	0.000000	0.000000
0.0858	4.94	0.796615	0.000000	0.000000	0.000000
0.0858	5.31	0.796615	0.000000	0.000000	0.000000
0.0858	5.67	0.796615	0.000000	0.000000	0.000000
0.0858	6.04	0.796615	0.000000	0.000000	0.000000
0.0858	6.41	0.796615	0.000000	0.000000	0.000000
0.0858	6.78	0.796615	0.000000	0.000000	0.000000
0.0858	7.14	0.796615	0.000000	0.000000	0.000000
0.0858	7.51	0.796615	0.000000	0.000000	0.000000
0.0858	7.88	0.796615	0.210762	0.000000	0.000000
0.0858	8.24	0.796615	0.100336	0.016120	0.002590
0.0858	8.61	0.796615	0.258969	0.070092	0.018971
0.0858	8.98	0.796615	0.222720	0.204201	0.187221
0.0858	9.35	0.796615	0.482925	0.306387	0.194384
0.0858	9.71	0.796615	0.498959	0.305399	0.186926
0.0858	10.08	0.796615	0.581368	0.304571	0.159561
0.0858	10.45	0.796615	0.724566	0.226183	0.070606
0.0858	10.82	0.796615	0.698760	0.266984	0.102010
0.0858	11.18	0.796615	0.742329	0.250676	0.084651
0.0858	11.55	0.796615	0.763630	0.238252	0.074334
0.0858	11.92	0.796615	0.802317	0.178321	0.039633
0.0858	12.29	0.796615	0.812898	0.193159	0.045898
0.0858	12.65	0.796615	0.838860	0.161352	0.031035
0.0858	13.02	0.796615	0.837052	0.199623	0.047607
0.0858	13.39	0.796615	0.899634	0.008568	0.000082
0.0858	13.76	0.796615	0.846495	0.198622	0.046605
0.0858	14.12	0.796615	0.814995	0.215800	0.057141
0.0858	14.49	0.796615	0.839045	0.190295	0.043159
0.0858	14.86	0.796615	0.800703	0.262635	0.086146
0.0858	15.22	0.796615	0.886476	0.119470	0.016101
0.0858	15.59	0.796615	0.870128	0.172418	0.034165
0.0858	15.96	0.796615	0.833622	0.243907	0.071364
0.0858	16.33	0.796615	0.882478	0.171567	0.033355
0.0858	16.69	0.796615	0.877174	0.162974	0.030280
0.0858	17.06	0.796615	0.898996	0.120276	0.016092
0.0858	17.43	0.796615	0.851757	0.225742	0.059828
0.0858	17.80	0.796615	0.802106	0.291112	0.105655
0.0858	18.16	0.796615	0.841555	0.245000	0.071326
0.0858	18.53	0.796615	0.905884	0.123633	0.016873
0.0858	18.90	0.796615	0.907580	0.123796	0.016886
0.0858	19.27	0.796615	0.855789	0.222186	0.057686
0.0858	19.63	0.796615	0.855789	0.221961	0.057569
0.0858	20.00	0.796615	0.937220	0.005178	0.000029
0.0904	2.00	0.780094	0.000000	0.000000	0.000000
0.0904	2.37	0.780094	0.000000	0.000000	0.000000
0.0904	2.73	0.780094	0.000000	0.000000	0.000000
0.0904	3.10	0.780094	0.000000	0.000000	0.000000
0.0904	3.47	0.780094	0.000000	0.000000	0.000000
0.0904	3.84	0.780094	0.000000	0.000000	0.000000
0.0904	4.20	0.780094	0.000000	0.000000	0.000000
0.0904	4.57	0.780094	0.000000	0.000000	0.000000
0.0904	4.94	0.780094	0.000000	0.000000	0.000000
0.0904	5.31	0.780094	0.000000	0.000000	0.000000
0.0904	5.67	0.780094	0.000000	0.000000	0.000000
0.0904	6.04	0.780094	0.000000	0.000000	0.000000
0.0904	6.41	0.780094	0.000000	0.000000	0.000000
0.0904	6.78	0.780094	0.000000	0.000000	0.000000
0.0904	7.14	0.780094	0.000000	0.000000	0.000000
0.0904	7.51	0.780094	0.000000	0.000000	0.000000
0.0904	7.88	0.780094	0.000000	0.000000	0.000000
0.0904	8.24	0.780094	0.000000	0.000000	0.000000
0.0904	8.61	0.780094	0.149390	0.007114	0.000339
0.0904	8.98	0.780094	0.147696	0.095584	0.061858
0.0904	9.35	0.780094	0.198171	0.119981	0.072642
0.0904	9.71	0.780094	0.293759	0.191273	0.124542
0.0904	10.08	0.780094	0.372544	0.218759	0.128456
0.0904	10.45	0.780094	0.461164	0.231366	0.116076
0.0904	10.82	0.780094	0.624922	0.167712	0.045009
0.0904	11.18	0.780094	0.616050	0.247096	0.099110
0.0904	11.55	0.780094	0.719931	0.145383	0.029359
0.0904	11.92	0.780094	0.726771	0.154792	0.032969
0.0904	12.29	0.780094	0.733566	0.158418	0.034212
0.0904	12.65	0.780094	0.687785	0.219068	0.069776
0.0904	13.02	0.780094	0.680314	0.239380	0.084230
0.0904	13.39	0.780094	0.617098	0.294031	0.140098
0.0904	13.76	0.780094	0.587477	0.309274	0.162816
0.0904	14.12	0.780094	0.623907	0.315996	0.160046
0.0904	14.49	0.780094	0.654232	0.307600	0.144624
0.0904	14.86	0.780094	0.594757	0.325404	0.178035
0.0904	15.22	0.780094	0.612950	0.319973	0.167033
0.0904	15.59	0.780094	0.590164	0.336309	0.191648
0.0904	15.96	0.780094	0.630224	0.324887	0.167483
0.0904	16.33	0.780094	0.602011	0.317090	0.167017
0.0904	16.69	0.780094	0.615237	0.315647	0.161943
0.0904	17.06	0.780094	0.600526	0.329866	0.181193
0.0904	17.43	0.780094	0.596003	0.332518	0.185516
0.0904	17.80	0.780094	0.590972	0.330312	0.184621
0.0904	18.16	0.780094	0.617286	0.328989	0.175337
0.0904	18.53	0.780094	0.589592	0.339172	0.195114
0.0904	18.90	0.780094	0.585334	0.343118	0.201133
0.0904	19.27	0.780094	0.588076	0.339840	0.196389
0.0904	19.63	0.780094	0.638177	0.325157	0.165670
0.0904	20.00	0.780094	0.586827	0.334576	0.190757
0.0949	2.00	0.784260	0.000000	0.000000	0.000000
0.0949	2.37	0.784260	0.000000	0.000000	0.000000
0.0949	2.73	0.784260	0.000000	0.000000	0.000000
0.0949	3.10	0.784260	0.000000	0.000000	0.000000
0.0949	3.47	0.784260	0.000000	0.000000	0.000000
0.0949	3.84	0.784260	0.000000	0.000000	0.000000
0.0949	4.20	0.784260	0.000000	0.000000	0.000000
0.0949	4.57	0.784260	0.000000	0.000000	0.000000
0.0949	4.94	0.784260	0.000000	0.000000	0.000000
0.0949	5.31	0.784260	0.000000	0.000000	0.000000
0.0949	5.67	0.784260	0.000000	0.000000	0.000000
0.0949	6.04	0.784260	0.000000	0.000000	0.000000
0.0949	6.41	0.784260	0.000000	0.000000	0.000000
0.0949	6.78	0.784260	0.244118	0.222534	0.202858
0.0949	7.14	0.784260	0.466912	0.287758	0.177345
0.0949	7.51	0.784260	0.791912	0.019104	0.000461
0.0949	7.88	0.784260	0.596405	0.337055	0.190484
0.0949	8.24	0.784260	0.598039	0.358998	0.215504
0.0949	8.61	0.784260	0.814706	0.238935	0.070074
0.0949	8.98	0.784260	0.864171	0.170947	0.033816
0.0949	9.35	0.784260	0.913848	0.010722	0.000126
0.0949	9.71	0.784260	0.919935	0.009347	0.000095
0.0949	10.08	0.784260	0.919675	0.008251	0.000074
0.0949	10.45	0.784260	0.927647	0.007464	0.000060
0.0949	10.82	0.784260	0.907721	0.148442	0.024275
0.0949	11.18	0.784260	0.938805	0.006616	0.000047
0.0949	11.55	0.784260	0.943772	0.006758	0.000048
0.0949	11.92	0.784260	0.945242	0.005243	0.000029
0.0949	12.29	0.784260	0.927059	0.129390	0.018059
0.0949	12.65	0.784260	0.953201	0.005811	0.000035
0.0949	13.02	0.784260	0.932108	0.139783	0.020962
0.0949	13.39	0.784260	0.957143	0.006899	0.000050
0.0949	13.76	0.784260	0.976303	0.004919	0.000025
0.0949	14.12	0.784260	0.977206	0.004005	0.000016
0.0949	14.49	0.784260	0.959477	0.006396	0.000043
0.0949	14.86	0.784260	0.960254	0.006290	0.000041
0.0949	15.22	0.784260	0.962848	0.005581	0.000032
0.0949	15.59	0.784260	0.933861	0.196313	0.041268
0.0949	15.96	0.784260	0.980684	0.004957	0.000025
0.0949	16.33	0.784260	0.978431	0.004864	0.000024
0.0949	16.69	0.784260	0.980684	0.004407	0.000020
0.0949	17.06	0.784260	0.981599	0.003443	0.000012
0.0949	17.43	0.784260	0.954676	0.141075	0.020847
0.0949	17.80	0.784260	0.977677	0.003751	0.000014
0.0949	18.16	0.784260	0.974458	0.005690	0.000033
0.0949	18.53	0.784260	0.976697	0.003790	0.000015
0.0949	18.90	0.784260	0.976625	0.003873	0.000015
0.0949	19.27	0.784260	0.982956	0.005377	0.000029
0.0949	19.63	0.784260	0.982794	0.004222	0.000018
0.0949	20.00	0.784260	0.983750	0.004362	0.000019
0.0992	2.00	0.774970	0.000000	0.000000	0.000000
0.0992	2.37	0.774970	0.000000	0.000000	0.000000
0.0992	2.73	0.774970	0.000000	0.000000	0.000000
0.0992	3.10	0.774970	0.000000	0.000000	0.000000
0.0992	3.47	0.774970	0.000000	0.000000	0.000000
0.0992	3.84	0.774970	0.000000	0.000000	0.000000
0.0992	4.20	0.774970	0.000000	0.000000	0.000000
0.0992	4.57	0.774970	0.000000	0.000000	0.000000
0.0992	4.94	0.774970	0.000000	0.000000	0.000000
0.0992	5.31	0.774970	0.000000	0.000000	0.000000
0.0992	5.67	0.774970	0.000000	0.000000	0.000000
0.0992	6.04	0.774970	0.000000	0.000000	0.000000
0.0992	6.41	0.774970	0.000000	0.000000	0.000000
0.0992	6.78	0.774970	0.000000	0.000000	0.000000
0.0992	7.14	0.774970	0.000000	0.000000	0.000000
0.0992	7.51	0.774970	0.000000	0.000000	0.000000
0.0992	7.88	0.774970	0.000000	0.000000	0.000000
0.0992	8.24	0.774970	0.092742	0.000000	0.000000
0.0992	8.61	0.774970	0.102823	0.025411	0.006280
0.0992	8.98	0.774970	0.160887	0.057449	0.020514
0.0992	9.35	0.774970	0.230063	0.121873	0.064561
0.0992	9.71	0.774970	0.191883	0.124492	0.080770
0.0992	10.08	0.774970	0.294196	0.205000	0.142848
0.0992	10.45	0.774970	0.438652	0.249268	0.141649
0.0992	10.82	0.774970	0.468492	0.241511	0.124501
0.0992	11.18	0.774970	0.704341	0.212682	0.064221
0.0992	11.55	0.774970	0.712615	0.220374	0.068150
0.0992	11.92	0.774970	0.747931	0.213542	0.060968
0.0992	12.29	0.774970	0.826613	0.120143	0.017462
0.0992	12.65	0.774970	0.753408	0.196383	0.051189
0.0992	13.02	0.774970	0.865871	0.104439	0.012597
0.0992	13.39	0.774970	0.821673	0.153224	0.028573
0.0992	13.76	0.774970	0.852823	0.128632	0.019402
0.0992	14.12	0.774970	0.868368	0.088691	0.009059
0.0992	14.49	0.774970	0.897337	0.004173	0.000019
0.0992	14.86	0.774970	0.898286	0.004276	0.000020
0.0992	15.22	0.774970	0.898438	0.003948	0.000017
0.0992	15.59	0.774970	0.896875	0.004194	0.000020
0.0992	15.96	0.774970	0.897833	0.004758	0.000025
0.0992	16.33	0.774970	0.895899	0.005188	0.000030
0.0992	16.69	0.774970	0.898259	0.004798	0.000026
0.0992	17.06	0.774970	0.906682	0.004662	0.000024
0.0992	17.43	0.774970	0.908026	0.004737	0.000025
0.0992	17.80	0.774970	0.897423	0.004501	0.000023
0.0992	18.16	0.774970	0.899144	0.004638	0.000024
0.0992	18.53	0.774970	0.905818	0.003715	0.000015
0.0992	18.90	0.774970	0.906394	0.003711	0.000015
0.0992	19.27	0.774970	0.903742	0.004883	0.000026
0.0992	19.63	0.774970	0.904679	0.005296	0.000031
0.0992	20.00	0.774970	0.902170	0.004824	0.000026
0.1031	2.00	0.741633	0.000000	0.000000	0.000000
0.1031	2.37	0.741633	0.000000	0.000000	0.000000
0.1031	2.73	0.741633	0.000000	0.000000	0.000000
0.1031	3.10	0.741633	0.000000	0.000000	0.000000
0.1031	3.47	0.741633	0.000000	0.000000	0.000000
0.1031	3.84	0.741633	0.000000	0.000000	0.000000
0.1031	4.20	0.741633	0.000000	0.000000	0.000000
0.1031	4.57	0.741633	0.000000	0.000000	0.000000
0.1031	4.94	0.741633	0.000000	0.000000	0.000000
0.1031	5.31	0.741633	0.000000	0.000000	0.000000
0.1031	5.67	0.741633	0.000000	0.000000	0.000000
0.1031	6.04	0.741633	0.000000	0.000000	0.000000
0.1031	6.41	0.741633	0.000000	0.000000	0.000000
0.1031	6.78	0.741633	0.000000	0.000000	0.000000
0.1031	7.14	0.741633	0.089431	0.006098	0.000416
0.1031	7.51	0.741633	0.000000	0.000000	0.000000
0.1031	7.88	0.741633	0.085366	0.000000	0.000000
0.1031	8.24	0.741633	0.000000	0.000000	0.000000
0.1031	8.61	0.741633	0.331591	0.194381	0.113947
0.1031	8.98	0.741633	0.608740	0.065133	0.006969
0.1031	9.35	0.741633	0.586304	0.203447	0.070596
0.1031	9.71	0.741633	0.741014	0.100566	0.013648
0.1031	10.08	0.741633	0.768862	0.141012	0.025862
0.1031	10.45	0.741633	0.833255	0.012971	0.000202
0.1031	10.82	0.741633	0.818815	0.017270	0.000364
0.1031	11.18	0.741633	0.832153	0.014032	0.000237
0.1031	11.55	0.741633	0.845274	0.012033	0.000171
0.1031	11.92	0.741633	0.876386	0.008244	0.000078
0.1031	12.29	0.741633	0.880799	0.009273	0.000098
0.1031	12.65	0.741633	0.882718	0.021926	0.000545
0.1031	13.02	0.741633	0.882791	0.024545	0.000682
0.1031	13.39	0.741633	0.888431	0.016646	0.000312
0.1031	13.76	0.741633	0.892441	0.016743	0.000314
0.1031	14.12	0.741633	0.896930	0.013138	0.000192
0.1031	14.49	0.741633	0.894934	0.014299	0.000228
0.1031	14.86	0.741633	0.900250	0.009811	0.000107
0.1031	15.22	0.741633	0.905909	0.010463	0.000121
0.1031	15.59	0.741633	0.906603	0.010773	0.000128
0.1031	15.96	0.741633	0.909231	0.008489	0.000079
0.1031	16.33	0.741633	0.919473	0.004958	0.000027
0.1031	16.69	0.741633	0.921700	0.005526	0.000033
0.1031	17.06	0.741633	0.916038	0.008100	0.000072
0.1031	17.43	0.741633	0.920054	0.006852	0.000051
0.1031	17.80	0.741633	0.911280	0.007879	0.000068
0.1031	18.16	0.741633	0.914228	0.006621	0.000048
0.1031	18.53	0.741633	0.916714	0.006420	0.000045
0.1031	18.90	0.741633	0.916618	0.004101	0.000018
0.1031	19.27	0.741633	0.928961	0.004138	0.000018
0.1031	19.63	0.741633	0.930749	0.004099	0.000018
0.1031	20.00	0.741633	0.930611	0.006391	0.000044
0.1070	2.00	0.708118	0.000000	0.000000	0.000000
0.1070	2.37	0.708118	0.000000	0.000000	0.000000
0.1070	2.73	0.708118	0.000000	0.000000	0.000000
0.1070	3.10	0.708118	0.000000	0.000000	0.000000
0.1070	3.47	0.708118	0.000000	0.000000	0.000000
0.1070	3.84	0.708118	0.000000	0.000000	0.000000
0.1070	4.20	0.708118	0.000000	0.000000	0.000000
0.1070	4.57	0.708118	0.000000	0.000000	0.000000
0.1070	4.94	0.708118	0.000000	0.000000	0.000000
0.1070	5.31	0.708118	0.000000	0.000000	0.000000
0.1070	5.67	0.708118	0.000000	0.000000	0.000000
0.1070	6.04	0.708118	0.000000	0.000000	0.000000
0.1070	6.41	0.708118	0.000000	0.000000	0.000000
0.1070	6.78	0.708118	0.000000	0.000000	0.000000
0.1070	7.14	0.708118	0.000000	0.000000	0.000000
0.1070	7.51	0.708118	0.000000	0.000000	0.000000
0.1070	7.88	0.708118	0.000000	0.000000	0.000000
0.1070	8.24	0.708118	0.000000	0.000000	0.000000
0.1070	8.61	0.708118	0.000000	0.000000	0.000000
0.1070	8.98	0.708118	0.000000	0.000000	0.000000
0.1070	9.35	0.708118	0.000000	0.000000	0.000000
0.1070	9.71	0.708118	0.144330	0.031179	0.006735
0.1070	10.08	0.708118	0.130670	0.040574	0.012598
0.1070	10.45	0.708118	0.198282	0.098990	0.049420
0.1070	10.82	0.708118	0.287505	0.158983	0.087913
0.1070	11.18	0.708118	0.326611	0.191334	0.112086
0.1070	11.55	0.708118	0.490515	0.178052	0.064631
0.1070	11.92	0.708118	0.555863	0.150725	0.040870
0.1070	12.29	0.708118	0.575015	0.143210	0.035667
0.1070	12.65	0.708118	0.572081	0.210055	0.077127
0.1070	13.02	0.708118	0.612260	0.184019	0.055308
0.1070	13.39	0.708118	0.618299	0.197509	0.063092
0.1070	13.76	0.708118	0.623290	0.199609	0.063925
0.1070	14.12	0.708118	0.588134	0.248938	0.105367
0.1070	14.49	0.708118	0.678449	0.186753	0.051407
0.1070	14.86	0.708118	0.650875	0.225900	0.078404
0.1070	15.22	0.708118	0.630675	0.253649	0.102014
0.1070	15.59	0.708118	0.609920	0.274144	0.123221
0.1070	15.96	0.708118	0.619112	0.269208	0.117060
0.1070	16.33	0.708118	0.581841	0.283903	0.138528
0.1070	16.69	0.708118	0.489496	0.315513	0.203368
0.1070	17.06	0.708118	0.580661	0.310144	0.165654
0.1070	17.43	0.708118	0.607090	0.311725	0.160063
0.1070	17.80	0.708118	0.598917	0.298490	0.148762
0.1070	18.16	0.708118	0.544212	0.318324	0.186196
0.1070	18.53	0.708118	0.613926	0.290432	0.137396
0.1070	18.90	0.708118	0.564605	0.317151	0.178151
0.1070	19.27	0.708118	0.652371	0.286772	0.126061
0.1070	19.63	0.708118	0.632381	0.310831	0.152781
0.1070	20.00	0.708118	0.539971	0.317320	0.186477
0.1109	2.00	0.742307	0.000000	0.000000	0.000000
0.1109	2.37	0.742307	0.000000	0.000000	0.000000
0.1109	2.73	0.742307	0.000000	0.000000	0.000000
0.1109	3.10	0.742307	0.000000	0.000000	0.000000
0.1109	3.47	0.742307	0.000000	0.000000	0.000000
0.1109	3.84	0.742307	0.000000	0.000000	0.000000
0.1109	4.20	0.742307	0.000000	0.000000	0.000000
0.1109	4.57	0.742307	0.000000	0.000000	0.000000
0.1109	4.94	0.742307	0.000000	0.000000	0.000000
0.1109	5.31	0.742307	0.000000	0.000000	0.000000
0.1109	5.67	0.742307	0.000000	0.000000	0.000000
0.1109	6.04	0.742307	0.000000	0.000000	0.000000
0.1109	6.41	0.742307	0.000000	0.000000	0.000000
0.1109	6.78	0.742307	0.000000	0.000000	0.000000
0.1109	7.14	0.742307	0.000000	0.000000	0.000000
0.1109	7.51	0.742307	0.000000	0.000000	0.000000
0.1109	7.88	0.742307	0.000000	0.000000	0.000000
0.1109	8.24	0.742307	0.081466	0.000000	0.000000
0.1109	8.61	0.742307	0.124236	0.000000	0.000000
0.1109	8.98	0.742307	0.164291	0.067984	0.028132
0.1109	9.35	0.742307	0.167515	0.106307	0.067464
0.1109	9.71	0.742307	0.364053	0.230658	0.146142
0.1109	10.08	0.742307	0.539885	0.242902	0.109286
0.1109	10.45	0.742307	0.635608	0.234688	0.086655
0.1109	10.82	0.742307	0.704684	0.216367	0.066434
0.1109	11.18	0.742307	0.816633	0.020069	0.000493
0.1109	11.55	0.742307	0.832809	0.010070	0.000122
0.1109	11.92	0.742307	0.816341	0.127802	0.020008
0.1109	12.29	0.742307	0.829040	0.119713	0.017287
0.1109	12.65	0.742307	0.853643	0.007074	0.000059
0.1109	13.02	0.742307	0.857264	0.006727	0.000053
0.1109	13.39	0.742307	0.862097	0.006250	0.000045
0.1109	13.76	0.742307	0.866224	0.005268	0.000032
0.1109	14.12	0.742307	0.867135	0.008809	0.000089
0.1109	14.49	0.742307	0.871377	0.006093	0.000043
0.1109	14.86	0.742307	0.873048	0.007060	0.000057
0.1109	15.22	0.742307	0.889919	0.005131	0.000030
0.1109	15.59	0.742307	0.892413	0.004903	0.000027
0.1109	15.96	0.742307	0.877204	0.004702	0.000025
0.1109	16.33	0.742307	0.877558	0.003561	0.000014
0.1109	16.69	0.742307	0.890915	0.006086	0.000042
0.1109	17.06	0.742307	0.891312	0.004943	0.000027
0.1109	17.43	0.742307	0.884854	0.003487	0.000014
0.1109	17.80	0.742307	0.885568	0.003785	0.000016
0.1109	18.16	0.742307	0.886137	0.003509	0.000014
0.1109	18.53	0.742307	0.882726	0.003655	0.000015
0.1109	18.90	0.742307	0.883910	0.003198	0.000012
0.1109	19.27	0.742307	0.894821	0.006499	0.000047
0.1109	19.63	0.742307	0.895694	0.006005	0.000040
0.1109	20.00	0.742307	0.902572	0.004000	0.000018
0.1146	2.00	0.726437	0.000000	0.000000	0.000000
0.1146	2.37	0.726437	0.000000	0.000000	0.000000
0.1146	2.73	0.726437	0.000000	0.000000	0.000000
0.1146	3.10	0.726437	0.000000	0.000000	0.000000
0.1146	3.47	0.726437	0.000000	0.000000	0.000000
0.1146	3.84	0.726437	0.000000	0.000000	0.000000
0.1146	4.20	0.726437	0.000000	0.000000	0.000000
0.1146	4.57	0.726437	0.000000	0.000000	0.000000
0.1146	4.94	0.726437	0.000000	0.000000	0.000000
0.1146	5.31	0.726437	0.000000	0.000000	0.000000
0.1146	5.67	0.726437	0.000000	0.000000	0.000000
0.1146	6.04	0.726437	0.000000	0.000000	0.000000
0.1146	6.41	0.726437	0.000000	0.000000	0.000000
0.1146	6.78	0.726437	0.000000	0.000000	0.000000
0.1146	7.14	0.726437	0.000000	0.000000	0.000000
0.1146	7.51	0.726437	0.000000	0.000000	0.000000
0.1146	7.88	0.726437	0.000000	0.000000	0.000000
0.1146	8.24	0.726437	0.000000	0.000000	0.000000
0.1146	8.61	0.726437	0.000000	0.000000	0.000000
0.1146	8.98	0.726437	0.092632	0.000000	0.000000
0.1146	9.35	0.726437	0.000000	0.000000	0.000000
0.1146	9.71	0.726437	0.112632	0.015789	0.002213
0.1146	10.08	0.726437	0.104842	0.020816	0.004133
0.1146	10.45	0.726437	0.106737	0.022577	0.004776
0.1146	10.82	0.726437	0.105263	0.021732	0.004487
0.1146	11.18	0.726437	0.114620	0.028987	0.007331
0.1146	11.55	0.726437	0.122707	0.033421	0.009103
0.1146	11.92	0.726437	0.123573	0.042652	0.014722
0.1146	12.29	0.726437	0.136533	0.050784	0.018889
0.1146	12.65	0.726437	0.139621	0.041978	0.012621
0.1146	13.02	0.726437	0.163630	0.055916	0.019108
0.1146	13.39	0.726437	0.182541	0.076817	0.032326
0.1146	13.76	0.726437	0.189091	0.096032	0.048771
0.1146	14.12	0.726437	0.218309	0.105686	0.051164
0.1146	14.49	0.726437	0.268438	0.114361	0.048720
0.1146	14.86	0.726437	0.284143	0.124679	0.054708
0.1146	15.22	0.726437	0.325331	0.139578	0.059884
0.1146	15.59	0.726437	0.349733	0.144204	0.059459
0.1146	15.96	0.726437	0.355724	0.144512	0.058708
0.1146	16.33	0.726437	0.386513	0.173836	0.078184
0.1146	16.69	0.726437	0.435755	0.189469	0.082383
0.1146	17.06	0.726437	0.466593	0.174937	0.065588
0.1146	17.43	0.726437	0.455011	0.192603	0.081527
0.1146	17.80	0.726437	0.509930	0.183328	0.065910
0.1146	18.16	0.726437	0.519219	0.182583	0.064205
0.1146	18.53	0.726437	0.521698	0.195732	0.073435
0.1146	18.90	0.726437	0.554286	0.185794	0.062277
0.1146	19.27	0.726437	0.705061	0.132522	0.024909
0.1146	19.63	0.726437	0.731228	0.117445	0.018863
0.1146	20.00	0.726437	0.709942	0.192920	0.052424
0.1184	2.00	0.672804	0.000000	0.000000	0.000000
0.1184	2.37	0.672804	0.000000	0.000000	0.000000
0.1184	2.73	0.672804	0.000000	0.000000	0.000000
0.1184	3.10	0.672804	0.000000	0.000000	0.000000
0.1184	3.47	0.672804	0.000000	0.000000	0.000000
0.1184	3.84	0.672804	0.000000	0.000000	0.000000
0.1184	4.20	0.672804	0.000000	0.000000	0.000000
0.1184	4.57	0.672804	0.000000	0.000000	0.000000
0.1184	4.94	0.672804	0.000000	0.000000	0.000000
0.1184	5.31	0.672804	0.000000	0.000000	0.000000
0.1184	5.67	0.672804	0.000000	0.000000	0.000000
0.1184	6.04	0.672804	0.000000	0.000000	0.000000
0.1184	6.41	0.672804	0.000000	0.000000	0.000000
0.1184	6.78	0.672804	0.000000	0.000000	0.000000
0.1184	7.14	0.672804	0.000000	0.000000	0.000000
0.1184	7.51	0.672804	0.000000	0.000000	0.000000
0.1184	7.88	0.672804	0.000000	0.000000	0.000000
0.1184	8.24	0.672804	0.089598	0.004681	0.000245
0.1184	8.61	0.672804	0.096128	0.012675	0.001671
0.1184	8.98	0.672804	0.165718	0.101186	0.061783
0.1184	9.35	0.672804	0.148519	0.079497	0.042552
0.1184	9.71	0.672804	0.257656	0.156676	0.095271
0.1184	10.08	0.672804	0.314958	0.259419	0.213674
0.1184	10.45	0.672804	0.511817	0.198043	0.076631
0.1184	10.82	0.672804	0.636629	0.242581	0.092433
0.1184	11.18	0.672804	0.843882	0.019372	0.000445
0.1184	11.55	0.672804	0.839621	0.134862	0.021662
0.1184	11.92	0.672804	0.883693	0.022489	0.000572
0.1184	12.29	0.672804	0.896873	0.018208	0.000370
0.1184	12.65	0.672804	0.910402	0.025738	0.000728
0.1184	13.02	0.672804	0.924007	0.015801	0.000270
0.1184	13.39	0.672804	0.907037	0.135212	0.020156
0.1184	13.76	0.672804	0.925525	0.010722	0.000124
0.1184	14.12	0.672804	0.930801	0.019396	0.000404
0.1184	14.49	0.672804	0.935167	0.011693	0.000146
0.1184	14.86	0.672804	0.934058	0.017906	0.000343
0.1184	15.22	0.672804	0.939749	0.020285	0.000438
0.1184	15.59	0.672804	0.948007	0.018666	0.000368
0.1184	15.96	0.672804	0.962130	0.007287	0.000055
0.1184	16.33	0.672804	0.965498	0.007606	0.000060
0.1184	16.69	0.672804	0.958664	0.009298	0.000090
0.1184	17.06	0.672804	0.958831	0.014009	0.000205
0.1184	17.43	0.672804	0.961998	0.009864	0.000101
0.1184	17.80	0.672804	0.971797	0.010138	0.000106
0.1184	18.16	0.672804	0.975160	0.008165	0.000068
0.1184	18.53	0.672804	0.954177	0.132236	0.018326
0.1184	18.90	0.672804	0.954972	0.134198	0.018858
0.1184	19.27	0.672804	0.981406	0.003219	0.000011
0.1184	19.63	0.672804	0.982450	0.003385	0.000012
0.1184	20.00	0.672804	0.979033	0.004597	0.000022
0.1222	2.00	0.701065	0.000000	0.000000	0.000000
0.1222	2.37	0.701065	0.000000	0.000000	0.000000
0.1222	2.73	0.701065	0.000000	0.000000	0.000000
0.1222	3.10	0.701065	0.000000	0.000000	0.000000
0.1222	3.47	0.701065	0.000000	0.000000	0.000000
0.1222	3.84	0.701065	0.000000	0.000000	0.000000
0.1222	4.20	0.701065	0.000000	0.000000	0.000000
0.1222	4.57	0.701065	0.000000	0.000000	0.000000
0.1222	4.94	0.701065	0.000000	0.000000	0.000000
0.1222	5.31	0.701065	0.000000	0.000000	0.000000
0.1222	5.67	0.701065	0.000000	0.000000	0.000000
0.1222	6.04	0.701065	0.000000	0.000000	0.000000
0.1222	6.41	0.701065	0.000000	0.000000	0.000000
0.1222	6.78	0.701065	0.000000	0.000000	0.000000
0.1222	7.14	0.701065	0.000000	0.000000	0.000000
0.1222	7.51	0.701065	0.000000	0.000000	0.000000
0.1222	7.88	0.701065	0.081136	0.000000	0.000000
0.1222	8.24	0.701065	0.094659	0.017709	0.003313
0.1222	8.61	0.701065	0.127789	0.000000	0.000000
0.1222	8.98	0.701065	0.118154	0.022786	0.004394
0.1222	9.35	0.701065	0.216836	0.134974	0.084018
0.1222	9.71	0.701065	0.285624	0.166074	0.096562
0.1222	10.08	0.701065	0.404398	0.185582	0.085165
0.1222	10.45	0.701065	0.427316	0.253655	0.150570
0.1222	10.82	0.701065	0.619597	0.201458	0.065503
0.1222	11.18	0.701065	0.686296	0.193137	0.054353
0.1222	11.55	0.701065	0.761663	0.129274	0.021941
0.1222	11.92	0.701065	0.761518	0.207676	0.056636
0.1222	12.29	0.701065	0.846617	0.014759	0.000257
0.1222	12.65	0.701065	0.851985	0.019270	0.000436
0.1222	13.02	0.701065	0.862185	0.017361	0.000350
0.1222	13.39	0.701065	0.872211	0.012988	0.000193
0.1222	13.76	0.701065	0.870983	0.011404	0.000149
0.1222	14.12	0.701065	0.876268	0.008691	0.000086
0.1222	14.49	0.701065	0.882454	0.009250	0.000097
0.1222	14.86	0.701065	0.888235	0.007226	0.000059
0.1222	15.22	0.701065	0.892799	0.008963	0.000090
0.1222	15.59	0.701065	0.893979	0.004008	0.000018
0.1222	15.96	0.701065	0.894969	0.008471	0.000080
0.1222	16.33	0.701065	0.886651	0.005706	0.000037
0.1222	16.69	0.701065	0.886954	0.005089	0.000029
0.1222	17.06	0.701065	0.901599	0.004617	0.000024
0.1222	17.43	0.701065	0.901882	0.005358	0.000032
0.1222	17.80	0.701065	0.907109	0.005411	0.000032
0.1222	18.16	0.701065	0.908492	0.004085	0.000018
0.1222	18.53	0.701065	0.903513	0.003705	0.000015
0.1222	18.90	0.701065	0.905680	0.004114	0.000019
0.1222	19.27	0.701065	0.914902	0.003659	0.000015
0.1222	19.63	0.701065	0.914900	0.003719	0.000015
0.1222	20.00	0.701065	0.909929	0.004058	0.000018
0.1265	2.00	0.662615	0.000000	0.000000	0.000000
0.1265	2.37	0.662615	0.000000	0.000000	0.000000
0.1265	2.73	0.662615	0.000000	0.000000	0.000000
0.1265	3.10	0.662615	0.000000	0.000000	0.000000
0.1265	3.47	0.662615	0.000000	0.000000	0.000000
0.1265	3.84	0.662615	0.000000	0.000000	0.000000
0.1265	4.20	0.662615	0.000000	0.000000	0.000000
0.1265	4.57	0.662615	0.000000	0.000000	0.000000
0.1265	4.94	0.662615	0.000000	0.000000	0.000000
0.1265	5.31	0.662615	0.000000	0.000000	0.000000
0.1265	5.67	0.662615	0.000000	0.000000	0.000000
0.1265	6.04	0.662615	0.000000	0.000000	0.000000
0.1265	6.41	0.662615	0.000000	0.000000	0.000000
0.1265	6.78	0.662615	0.000000	0.000000	0.000000
0.1265	7.14	0.662615	0.000000	0.000000	0.000000
0.1265	7.51	0.662615	0.000000	0.000000	0.000000
0.1265	7.88	0.662615	0.000000	0.000000	0.000000
0.1265	8.24	0.662615	0.106776	0.016427	0.002527
0.1265	8.61	0.662615	0.113450	0.017627	0.002739
0.1265	8.98	0.662615	0.148871	0.075899	0.038696
0.1265	9.35	0.662615	0.224960	0.166112	0.122658
0.1265	9.71	0.662615	0.189352	0.145147	0.111262
0.1265	10.08	0.662615	0.456537	0.201057	0.088545
0.1265	10.45	0.662615	0.529938	0.268577	0.136117
0.1265	10.82	0.662615	0.728073	0.194072	0.051731
0.1265	11.18	0.662615	0.758316	0.220714	0.064241
0.1265	11.55	0.662615	0.750543	0.268238	0.095866
0.1265	11.92	0.662615	0.867463	0.011974	0.000165
0.1265	12.29	0.662615	0.875485	0.015443	0.000272
0.1265	12.65	0.662615	0.877207	0.013934	0.000221
0.1265	13.02	0.662615	0.886653	0.006780	0.000052
0.1265	13.39	0.662615	0.891614	0.009234	0.000096
0.1265	13.76	0.662615	0.899546	0.005929	0.000039
0.1265	14.12	0.662615	0.903004	0.005255	0.000031
0.1265	14.49	0.662615	0.905922	0.003909	0.000017
0.1265	14.86	0.662615	0.911704	0.005009	0.000028
0.1265	15.22	0.662615	0.913244	0.005524	0.000033
0.1265	15.59	0.662615	0.910602	0.004399	0.000021
0.1265	15.96	0.662615	0.914659	0.004969	0.000027
0.1265	16.33	0.662615	0.915360	0.004681	0.000024
0.1265	16.69	0.662615	0.921470	0.003135	0.000011
0.1265	17.06	0.662615	0.922069	0.004590	0.000023
0.1265	17.43	0.662615	0.929256	0.005210	0.000029
0.1265	17.80	0.662615	0.912124	0.126665	0.017590
0.1265	18.16	0.662615	0.929283	0.003078	0.000010
0.1265	18.53	0.662615	0.929884	0.003441	0.000013
0.1265	18.90	0.662615	0.937138	0.003994	0.000017
0.1265	19.27	0.662615	0.937325	0.004475	0.000021
0.1265	19.63	0.662615	0.934683	0.002544	0.000007
0.1265	20.00	0.662615	0.935172	0.002419	0.000006
0.1310	2.00	0.721857	0.000000	0.000000	0.000000
0.1310	2.37	0.721857	0.000000	0.000000	0.000000
0.1310	2.73	0.721857	0.000000	0.000000	0.000000
0.1310	3.10	0.721857	0.000000	0.000000	0.000000
0.1310	3.47	0.721857	0.000000	0.000000	0.000000
0.1310	3.84	0.721857	0.000000	0.000000	0.000000
0.1310	4.20	0.721857	0.000000	0.000000	0.000000
0.1310	4.57	0.721857	0.000000	0.000000	0.000000
0.1310	4.94	0.721857	0.000000	0.000000	0.000000
0.1310	5.31	0.721857	0.000000	0.000000	0.000000
0.1310	5.67	0.721857	0.000000	0.000000	0.000000
0.1310	6.04	0.721857	0.000000	0.000000	0.000000
0.1310	6.41	0.721857	0.000000	0.000000	0.000000
0.1310	6.78	0.721857	0.000000	0.000000	0.000000
0.1310	7.14	0.721857	0.000000	0.000000	0.000000
0.1310	7.51	0.721857	0.000000	0.000000	0.000000
0.1310	7.88	0.721857	0.084711	0.000000	0.000000
0.1310	8.24	0.721857	0.112603	0.029959	0.007971
0.1310	8.61	0.721857	0.141185	0.059795	0.025324
0.1310	8.98	0.721857	0.119146	0.041608	0.014530
0.1310	9.35	0.721857	0.203168	0.029718	0.004347
0.1310	9.71	0.721857	0.247107	0.122010	0.060243
0.1310	10.08	0.721857	0.321410	0.149964	0.069971
0.1310	10.45	0.721857	0.445566	0.215696	0.104417
0.1310	10.82	0.721857	0.545455	0.186626	0.063854
0.1310	11.18	0.721857	0.603839	0.193471	0.061988
0.1310	11.55	0.721857	0.503011	0.214046	0.091083
0.1310	11.92	0.721857	0.565025	0.179476	0.057009
0.1310	12.29	0.721857	0.566267	0.225575	0.089859
0.1310	12.65	0.721857	0.721935	0.131785	0.024057
0.1310	13.02	0.721857	0.783167	0.152723	0.029782
0.1310	13.39	0.721857	0.808069	0.146807	0.026671
0.1310	13.76	0.721857	0.822872	0.139723	0.023725
0.1310	14.12	0.721857	0.785275	0.175201	0.039089
0.1310	14.49	0.721857	0.815289	0.161789	0.032106
0.1310	14.86	0.721857	0.897701	0.014488	0.000234
0.1310	15.22	0.721857	0.888275	0.128055	0.018461
0.1310	15.59	0.721857	0.909833	0.015704	0.000271
0.1310	15.96	0.721857	0.872455	0.125570	0.018073
0.1310	16.33	0.721857	0.899483	0.020788	0.000480
0.1310	16.69	0.721857	0.897572	0.101527	0.011484
0.1310	17.06	0.721857	0.901318	0.129370	0.018569
0.1310	17.43	0.721857	0.903195	0.129910	0.018685
0.1310	17.80	0.721857	0.926629	0.018293	0.000361
0.1310	18.16	0.721857	0.893113	0.174467	0.034082
0.1310	18.53	0.721857	0.862213	0.202092	0.047368
0.1310	18.90	0.721857	0.873003	0.202773	0.047098
0.1310	19.27	0.721857	0.915618	0.123015	0.016527
0.1310	19.63	0.721857	0.934557	0.016671	0.000297
0.1310	20.00	0.721857	0.941044	0.014585	0.000226
0.1358	2.00	0.710355	0.000000	0.000000	0.000000
0.1358	2.37	0.710355	0.000000	0.000000	0.000000
0.1358	2.73	0.710355	0.000000	0.000000	0.000000
0.1358	3.10	0.710355	0.000000	0.000000	0.000000
0.1358	3.47	0.710355	0.000000	0.000000	0.000000
0.1358	3.84	0.710355	0.000000	0.000000	0.000000
0.1358	4.20	0.710355	0.000000	0.000000	0.000000
0.1358	4.57	0.710355	0.000000	0.000000	0.000000
0.1358	4.94	0.710355	0.000000	0.000000	0.000000
0.1358	5.31	0.710355	0.000000	0.000000	0.000000
0.1358	5.67	0.710355	0.000000	0.000000	0.000000
0.1358	6.04	0.710355	0.000000	0.000000	0.000000
0.1358	6.41	0.710355	0.000000	0.000000	0.000000
0.1358	6.78	0.710355	0.000000	0.000000	0.000000
0.1358	7.14	0.710355	0.000000	0.000000	0.000000
0.1358	7.51	0.710355	0.000000	0.000000	0.000000
0.1358	7.88	0.710355	0.080412	0.000000	0.000000
0.1358	8.24	0.710355	0.092784	0.000000	0.000000
0.1358	8.61	0.710355	0.184536	0.087580	0.041565
0.1358	8.98	0.710355	0.385796	0.168727	0.073792
0.1358	9.35	0.710355	0.487391	0.266543	0.145766
0.1358	9.71	0.710355	0.518351	0.278484	0.149615
0.1358	10.08	0.710355	0.533628	0.238068	0.106209
0.1358	10.45	0.710355	0.658604	0.195977	0.058315
0.1358	10.82	0.710355	0.737113	0.056016	0.004257
0.1358	11.18	0.710355	0.724605	0.208931	0.060243
0.1358	11.55	0.710355	0.806942	0.028248	0.000989
0.1358	11.92	0.710355	0.803666	0.121232	0.018288
0.1358	12.29	0.710355	0.871228	0.017839	0.000365
0.1358	12.65	0.710355	0.881649	0.009623	0.000105
0.1358	13.02	0.710355	0.876233	0.017459	0.000348
0.1358	13.39	0.710355	0.882419	0.015072	0.000257
0.1358	13.76	0.710355	0.883234	0.020276	0.000465
0.1358	14.12	0.710355	0.891861	0.019125	0.000410
0.1358	14.49	0.710355	0.899349	0.012270	0.000167
0.1358	14.86	0.710355	0.904943	0.010012	0.000111
0.1358	15.22	0.710355	0.907062	0.004310	0.000020
0.1358	15.59	0.710355	0.900670	0.005550	0.000034
0.1358	15.96	0.710355	0.901598	0.005551	0.000034
0.1358	16.33	0.710355	0.903557	0.005019	0.000028
0.1358	16.69	0.710355	0.914124	0.004826	0.000025
0.1358	17.06	0.710355	0.914897	0.005665	0.000035
0.1358	17.43	0.710355	0.906060	0.005428	0.000033
0.1358	17.80	0.710355	0.907719	0.005365	0.000032
0.1358	18.16	0.710355	0.918459	0.004571	0.000023
0.1358	18.53	0.710355	0.921026	0.004546	0.000022
0.1358	18.90	0.710355	0.917576	0.005242	0.000030
0.1358	19.27	0.710355	0.919146	0.004773	0.000025
0.1358	19.63	0.710355	0.921602	0.004881	0.000026
0.1358	20.00	0.710355	0.922680	0.004182	0.000019
0.1408	2.00	0.635692	0.000000	0.000000	0.000000
0.1408	2.37	0.635692	0.000000	0.000000	0.000000
0.1408	2.73	0.635692	0.000000	0.000000	0.000000
0.1408	3.10	0.635692	0.000000	0.000000	0.000000
0.1408	3.47	0.635692	0.000000	0.000000	0.000000
0.1408	3.84	0.635692	0.000000	0.000000	0.000000
0.1408	4.20	0.635692	0.000000	0.000000	0.000000
0.1408	4.57	0.635692	0.000000	0.000000	0.000000
0.1408	4.94	0.635692	0.000000	0.000000	0.000000
0.1408	5.31	0.635692	0.000000	0.000000	0.000000
0.1408	5.67	0.635692	0.000000	0.000000	0.000000
0.1408	6.04	0.635692	0.000000	0.000000	0.000000
0.1408	6.41	0.635692	0.000000	0.000000	0.000000
0.1408	6.78	0.635692	0.000000	0.000000	0.000000
0.1408	7.14	0.635692	0.000000	0.000000	0.000000
0.1408	7.51	0.635692	0.000000	0.000000	0.000000
0.1408	7.88	0.635692	0.000000	0.000000	0.000000
0.1408	8.24	0.635692	0.000000	0.000000	0.000000
0.1408	8.61	0.635692	0.000000	0.000000	0.000000
0.1408	8.98	0.635692	0.000000	0.000000	0.000000
0.1408	9.35	0.635692	0.116743	0.014120	0.001708
0.1408	9.71	0.635692	0.081797	0.001152	0.000016
0.1408	10.08	0.635692	0.151498	0.045660	0.013761
0.1408	10.45	0.635692	0.136969	0.041873	0.012801
0.1408	10.82	0.635692	0.162586	0.055908	0.019225
0.1408	11.18	0.635692	0.192747	0.085151	0.037618
0.1408	11.55	0.635692	0.239711	0.117499	0.057594
0.1408	11.92	0.635692	0.390442	0.198780	0.101202
0.1408	12.29	0.635692	0.488344	0.187292	0.071831
0.1408	12.65	0.635692	0.535559	0.191942	0.068791
0.1408	13.02	0.635692	0.548643	0.161879	0.047763
0.1408	13.39	0.635692	0.638249	0.116256	0.021176
0.1408	13.76	0.635692	0.696039	0.068719	0.006785
0.1408	14.12	0.635692	0.689235	0.155331	0.035007
0.1408	14.49	0.635692	0.748687	0.182046	0.044265
0.1408	14.86	0.635692	0.793066	0.115861	0.016926
0.1408	15.22	0.635692	0.801404	0.122490	0.018722
0.1408	15.59	0.635692	0.788073	0.113804	0.016434
0.1408	15.96	0.635692	0.806291	0.039640	0.001949
0.1408	16.33	0.635692	0.833190	0.022972	0.000633
0.1408	16.69	0.635692	0.820891	0.108606	0.014369
0.1408	17.06	0.635692	0.834206	0.140269	0.023586
0.1408	17.43	0.635692	0.870496	0.020712	0.000493
0.1408	17.80	0.635692	0.874501	0.017199	0.000338
0.1408	18.16	0.635692	0.874875	0.018193	0.000378
0.1408	18.53	0.635692	0.883812	0.013067	0.000193
0.1408	18.90	0.635692	0.870232	0.011692	0.000157
0.1408	19.27	0.635692	0.878782	0.011024	0.000138
0.1408	19.63	0.635692	0.879204	0.009945	0.000112
0.1408	20.00	0.635692	0.870763	0.114751	0.015122
0.1458	2.00	0.658224	0.000000	0.000000	0.000000
0.1458	2.37	0.658224	0.000000	0.000000	0.000000
0.1458	2.73	0.658224	0.000000	0.000000	0.000000
0.1458	3.10	0.658224	0.000000	0.000000	0.000000
0.1458	3.47	0.658224	0.000000	0.000000	0.000000
0.1458	3.84	0.658224	0.000000	0.000000	0.000000
0.1458	4.20	0.658224	0.000000	0.000000	0.000000
0.1458	4.57	0.658224	0.000000	0.000000	0.000000
0.1458	4.94	0.658224	0.000000	0.000000	0.000000
0.1458	5.31	0.658224	0.000000	0.000000	0.000000
0.1458	5.67	0.658224	0.000000	0.000000	0.000000
0.1458	6.04	0.658224	0.000000	0.000000	0.000000
0.1458	6.41	0.658224	0.000000	0.000000	0.000000
0.1458	6.78	0.658224	0.000000	0.000000	0.000000
0.1458	7.14	0.658224	0.000000	0.000000	0.000000
0.1458	7.51	0.658224	0.000000	0.000000	0.000000
0.1458	7.88	0.658224	0.000000	0.000000	0.000000
0.1458	8.24	0.658224	0.087576	0.000000	0.000000
0.1458	8.61	0.658224	0.101833	0.000000	0.000000
0.1458	8.98	0.658224	0.117447	0.025018	0.005329
0.1458	9.35	0.658224	0.109301	0.029389	0.007902
0.1458	9.71	0.658224	0.283775	0.112376	0.044501
0.1458	10.08	0.658224	0.174996	0.105920	0.064110
0.1458	10.45	0.658224	0.236337	0.147263	0.091761
0.1458	10.82	0.658224	0.335555	0.195411	0.113798
0.1458	11.18	0.658224	0.530911	0.192002	0.069437
0.1458	11.55	0.658224	0.646053	0.169160	0.044292
0.1458	11.92	0.658224	0.740146	0.128942	0.022463
0.1458	12.29	0.658224	0.775153	0.124411	0.019968
0.1458	12.65	0.658224	0.816701	0.045869	0.002576
0.1458	13.02	0.658224	0.850079	0.017659	0.000367
0.1458	13.39	0.658224	0.851324	0.015298	0.000275
0.1458	13.76	0.658224	0.865902	0.013594	0.000213
0.1458	14.12	0.658224	0.850764	0.122204	0.017553
0.1458	14.49	0.658224	0.878717	0.007927	0.000072
0.1458	14.86	0.658224	0.882967	0.009659	0.000106
0.1458	15.22	0.658224	0.881228	0.009684	0.000106
0.1458	15.59	0.658224	0.887090	0.008295	0.000078
0.1458	15.96	0.658224	0.888808	0.007826	0.000069
0.1458	16.33	0.658224	0.903880	0.006460	0.000046
0.1458	16.69	0.658224	0.908399	0.007588	0.000063
0.1458	17.06	0.658224	0.904713	0.006907	0.000053
0.1458	17.43	0.658224	0.907640	0.006084	0.000041
0.1458	17.80	0.658224	0.910532	0.004795	0.000025
0.1458	18.16	0.658224	0.913418	0.004082	0.000018
0.1458	18.53	0.658224	0.914792	0.005045	0.000028
0.1458	18.90	0.658224	0.909514	0.004851	0.000026
0.1458	19.27	0.658224	0.909913	0.004433	0.000022
0.1458	19.63	0.658224	0.888210	0.121473	0.016613
0.1458	20.00	0.658224	0.909618	0.005797	0.000037
0.1506	2.00	0.654071	0.000000	0.000000	0.000000
0.1506	2.37	0.654071	0.000000	0.000000	0.000000
0.1506	2.73	0.654071	0.000000	0.000000	0.000000
0.1506	3.10	0.654071	0.000000	0.000000	0.000000
0.1506	3.47	0.654071	0.000000	0.000000	0.000000
0.1506	3.84	0.654071	0.000000	0.000000	0.000000
0.1506	4.20	0.654071	0.000000	0.000000	0.000000
0.1506	4.57	0.654071	0.000000	0.000000	0.000000
0.1506	4.94	0.654071	0.000000	0.000000	0.000000
0.1506	5.31	0.654071	0.000000	0.000000	0.000000
0.1506	5.67	0.654071	0.000000	0.000000	0.000000
0.1506	6.04	0.654071	0.000000	0.000000	0.000000
0.1506	6.41	0.654071	0.000000	0.000000	0.000000
0.1506	6.78	0.654071	0.000000	0.000000	0.000000
0.1506	7.14	0.654071	0.000000	0.000000	0.000000
0.1506	7.51	0.654071	0.000000	0.000000	0.000000
0.1506	7.88	0.654071	0.000000	0.000000	0.000000
0.1506	8.24	0.654071	0.000000	0.000000	0.000000
0.1506	8.61	0.654071	0.000000	0.000000	0.000000
0.1506	8.98	0.654071	0.000000	0.000000	0.000000
0.1506	9.35	0.654071	0.085714	0.000000	0.000000
0.1506	9.71	0.654071	0.114286	0.016327	0.002332
0.1506	10.08	0.654071	0.097959	0.004999	0.000255
0.1506	10.45	0.654071	0.107908	0.017598	0.002870
0.1506	10.82	0.654071	0.119466	0.032264	0.008714
0.1506	11.18	0.654071	0.148163	0.056525	0.021565
0.1506	11.55	0.654071	0.138134	0.052044	0.019608
0.1506	11.92	0.654071	0.172908	0.081519	0.038433
0.1506	12.29	0.654071	0.235315	0.129619	0.071398
0.1506	12.65	0.654071	0.229289	0.122899	0.065873
0.1506	13.02	0.654071	0.304670	0.164923	0.089276
0.1506	13.39	0.654071	0.350196	0.179626	0.092135
0.1506	13.76	0.654071	0.400549	0.176516	0.077788
0.1506	14.12	0.654071	0.494532	0.217767	0.095894
0.1506	14.49	0.654071	0.619149	0.194437	0.061061
0.1506	14.86	0.654071	0.803783	0.060286	0.004522
0.1506	15.22	0.654071	0.805525	0.128791	0.020592
0.1506	15.59	0.654071	0.867198	0.036622	0.001547
0.1506	15.96	0.654071	0.871381	0.024432	0.000685
0.1506	16.33	0.654071	0.875842	0.036024	0.001482
0.1506	16.69	0.654071	0.892596	0.018158	0.000369
0.1506	17.06	0.654071	0.916327	0.015585	0.000265
0.1506	17.43	0.654071	0.922544	0.007272	0.000057
0.1506	17.80	0.654071	0.919127	0.008648	0.000081
0.1506	18.16	0.654071	0.921587	0.006489	0.000046
0.1506	18.53	0.654071	0.913061	0.006699	0.000049
0.1506	18.90	0.654071	0.916790	0.007331	0.000059
0.1506	19.27	0.654071	0.923736	0.003719	0.000015
0.1506	19.63	0.654071	0.925688	0.004535	0.000022
0.1506	20.00	0.654071	0.925046	0.003380	0.000012
0.1557	2.00	0.665633	0.000000	0.000000	0.000000
0.1557	2.37	0.665633	0.000000	0.000000	0.000000
0.1557	2.73	0.665633	0.000000	0.000000	0.000000
0.1557	3.10	0.665633	0.000000	0.000000	0.000000
0.1557	3.47	0.665633	0.000000	0.000000	0.000000
0.1557	3.84	0.665633	0.000000	0.000000	0.000000
0.1557	4.20	0.665633	0.000000	0.000000	0.000000
0.1557	4.57	0.665633	0.000000	0.000000	0.000000
0.1557	4.94	0.665633	0.000000	0.000000	0.000000
0.1557	5.31	0.665633	0.000000	0.000000	0.000000
0.1557	5.67	0.665633	0.000000	0.000000	0.000000
0.1557	6.04	0.665633	0.000000	0.000000	0.000000
0.1557	6.41	0.665633	0.000000	0.000000	0.000000
0.1557	6.78	0.665633	0.000000	0.000000	0.000000
0.1557	7.14	0.665633	0.000000	0.000000	0.000000
0.1557	7.51	0.665633	0.000000	0.000000	0.000000
0.1557	7.88	0.665633	0.000000	0.000000	0.000000
0.1557	8.24	0.665633	0.000000	0.000000	0.000000
0.1557	8.61	0.665633	0.000000	0.000000	0.000000
0.1557	8.98	0.665633	0.137577	0.000000	0.000000
0.1557	9.35	0.665633	0.136550	0.056468	0.023351
0.1557	9.71	0.665633	0.136436	0.049981	0.018310
0.1557	10.08	0.665633	0.147844	0.040810	0.011265
0.1557	10.45	0.665633	0.160164	0.056700	0.020072
0.1557	10.82	0.665633	0.224266	0.084231	0.031636
0.1557	11.18	0.665633	0.266170	0.123055	0.056890
0.1557	11.55	0.665633	0.296692	0.131355	0.058155
0.1557	11.92	0.665633	0.326201	0.122436	0.045955
0.1557	12.29	0.665633	0.322114	0.117350	0.042752
0.1557	12.65	0.665633	0.326915	0.145056	0.064363
0.1557	13.02	0.665633	0.339037	0.147380	0.064066
0.1557	13.39	0.665633	0.418070	0.161684	0.062530
0.1557	13.76	0.665633	0.454051	0.163870	0.059142
0.1557	14.12	0.665633	0.555379	0.178047	0.057080
0.1557	14.49	0.665633	0.525972	0.199446	0.075629
0.1557	14.86	0.665633	0.488777	0.185932	0.070729
0.1557	15.22	0.665633	0.518464	0.156183	0.047049
0.1557	15.59	0.665633	0.539883	0.162773	0.049075
0.1557	15.96	0.665633	0.595306	0.188206	0.059501
0.1557	16.33	0.665633	0.658204	0.201216	0.061512
0.1557	16.69	0.665633	0.783215	0.167138	0.035667
0.1557	17.06	0.665633	0.798009	0.158639	0.031536
0.1557	17.43	0.665633	0.741561	0.181121	0.044238
0.1557	17.80	0.665633	0.781271	0.180189	0.041558
0.1557	18.16	0.665633	0.816506	0.166204	0.033832
0.1557	18.53	0.665633	0.760969	0.192364	0.048627
0.1557	18.90	0.665633	0.885201	0.049525	0.002771
0.1557	19.27	0.665633	0.886504	0.056051	0.003544
0.1557	19.63	0.665633	0.906183	0.029847	0.000983
0.1557	20.00	0.665633	0.903117	0.021147	0.000495
0.1612	2.00	0.644153	0.000000	0.000000	0.000000
0.1612	2.37	0.644153	0.000000	0.000000	0.000000
0.1612	2.73	0.644153	0.000000	0.000000	0.000000
0.1612	3.10	0.644153	0.000000	0.000000	0.000000
0.1612	3.47	0.644153	0.000000	0.000000	0.000000
0.1612	3.84	0.644153	0.000000	0.000000	0.000000
0.1612	4.20	0.644153	0.000000	0.000000	0.000000
0.1612	4.57	0.644153	0.000000	0.000000	0.000000
0.1612	4.94	0.644153	0.000000	0.000000	0.000000
0.1612	5.31	0.644153	0.000000	0.000000	0.000000
0.1612	5.67	0.644153	0.000000	0.000000	0.000000
0.1612	6.04	0.644153	0.000000	0.000000	0.000000
0.1612	6.41	0.644153	0.000000	0.000000	0.000000
0.1612	6.78	0.644153	0.000000	0.000000	0.000000
0.1612	7.14	0.644153	0.000000	0.000000	0.000000
0.1612	7.51	0.644153	0.000000	0.000000	0.000000
0.1612	7.88	0.644153	0.000000	0.000000	0.000000
0.1612	8.24	0.644153	0.000000	0.000000	0.000000
0.1612	8.61	0.644153	0.000000	0.000000	0.000000
0.1612	8.98	0.644153	0.000000	0.000000	0.000000
0.1612	9.35	0.644153	0.000000	0.000000	0.000000
0.1612	9.71	0.644153	0.081466	0.000000	0.000000
0.1612	10.08	0.644153	0.106585	0.030178	0.008544
0.1612	10.45	0.644153	0.113312	0.032357	0.009240
0.1612	10.82	0.644153	0.092555	0.017311	0.003238
0.1612	11.18	0.644153	0.173949	0.099261	0.056642
0.1612	11.55	0.644153	0.187644	0.110116	0.064620
0.1612	11.92	0.644153	0.259296	0.158561	0.096961
0.1612	12.29	0.644153	0.253807	0.147060	0.085210
0.1612	12.65	0.644153	0.275153	0.144378	0.075758
0.1612	13.02	0.644153	0.382013	0.216917	0.123171
0.1612	13.39	0.644153	0.516049	0.265854	0.136960
0.1612	13.76	0.644153	0.590462	0.256156	0.111127
0.1612	14.12	0.644153	0.742821	0.172335	0.039982
0.1612	14.49	0.644153	0.622841	0.236128	0.089520
0.1612	14.86	0.644153	0.694582	0.226300	0.073730
0.1612	15.22	0.644153	0.716171	0.236960	0.078403
0.1612	15.59	0.644153	0.714486	0.229492	0.073713
0.1612	15.96	0.644153	0.754804	0.210267	0.058575
0.1612	16.33	0.644153	0.729555	0.218719	0.065571
0.1612	16.69	0.644153	0.787908	0.180708	0.041446
0.1612	17.06	0.644153	0.837619	0.162090	0.031366
0.1612	17.43	0.644153	0.817507	0.177852	0.038692
0.1612	17.80	0.644153	0.842974	0.166307	0.032810
0.1612	18.16	0.644153	0.815917	0.214829	0.056564
0.1612	18.53	0.644153	0.841589	0.226927	0.061189
0.1612	18.90	0.644153	0.844861	0.206553	0.050498
0.1612	19.27	0.644153	0.914283	0.087785	0.008429
0.1612	19.63	0.644153	0.877719	0.150346	0.025753
0.1612	20.00	0.644153	0.898084	0.139226	0.021583
0.1675	2.00	0.553171	0.000000	0.000000	0.000000
0.1675	2.37	0.553171	0.000000	0.000000	0.000000
0.1675	2.73	0.553171	0.000000	0.000000	0.000000
0.1675	3.10	0.553171	0.000000	0.000000	0.000000
0.1675	3.47	0.553171	0.000000	0.000000	0.000000
0.1675	3.84	0.553171	0.000000	0.000000	0.000000
0.1675	4.20	0.553171	0.000000	0.000000	0.000000
0.1675	4.57	0.553171	0.000000	0.000000	0.000000
0.1675	4.94	0.553171	0.000000	0.000000	0.000000
0.1675	5.31	0.553171	0.000000	0.000000	0.000000
0.1675	5.67	0.553171	0.000000	0.000000	0.000000
0.1675	6.04	0.553171	0.000000	0.000000	0.000000
0.1675	6.41	0.553171	0.000000	0.000000	0.000000
0.1675	6.78	0.553171	0.000000	0.000000	0.000000
0.1675	7.14	0.553171	0.000000	0.000000	0.000000
0.1675	7.51	0.553171	0.000000	0.000000	0.000000
0.1675	7.88	0.553171	0.000000	0.000000	0.000000
0.1675	8.24	0.553171	0.000000	0.000000	0.000000
0.1675	8.61	0.553171	0.000000	0.000000	0.000000
0.1675	8.98	0.553171	0.000000	0.000000	0.000000
0.1675	9.35	0.553171	0.000000	0.000000	0.000000
0.1675	9.71	0.553171	0.000000	0.000000	0.000000
0.1675	10.08	0.553171	0.094456	0.006160	0.000402
0.1675	10.45	0.553171	0.105407	0.015213	0.002196
0.1675	10.82	0.553171	0.117043	0.038650	0.012763
0.1675	11.18	0.553171	0.136404	0.048714	0.017397
0.1675	11.55	0.553171	0.154661	0.075094	0.036461
0.1675	11.92	0.553171	0.212611	0.117727	0.065188
0.1675	12.29	0.553171	0.262390	0.139399	0.074058
0.1675	12.65	0.553171	0.305955	0.161787	0.085552
0.1675	13.02	0.553171	0.362446	0.149309	0.061508
0.1675	13.39	0.553171	0.479586	0.169017	0.059566
0.1675	13.76	0.553171	0.484823	0.221306	0.101019
0.1675	14.12	0.553171	0.686383	0.169826	0.042019
0.1675	14.49	0.553171	0.812577	0.079271	0.007733
0.1675	14.86	0.553171	0.792754	0.142417	0.025585
0.1675	15.22	0.553171	0.856828	0.042059	0.002065
0.1675	15.59	0.553171	0.876146	0.020162	0.000464
0.1675	15.96	0.553171	0.888775	0.013613	0.000208
0.1675	16.33	0.553171	0.887064	0.013156	0.000195
0.1675	16.69	0.553171	0.892508	0.013497	0.000204
0.1675	17.06	0.553171	0.900387	0.011878	0.000157
0.1675	17.43	0.553171	0.898308	0.010062	0.000113
0.1675	17.80	0.553171	0.903911	0.009814	0.000107
0.1675	18.16	0.553171	0.920805	0.008965	0.000087
0.1675	18.53	0.553171	0.924337	0.008743	0.000083
0.1675	18.90	0.553171	0.929683	0.007782	0.000065
0.1675	19.27	0.553171	0.922507	0.006856	0.000051
0.1675	19.63	0.553171	0.927356	0.005796	0.000036
0.1675	20.00	0.553171	0.933680	0.007867	0.000066
0.1741	2.00	0.578059	0.000000	0.000000	0.000000
0.1741	2.37	0.578059	0.000000	0.000000	0.000000
0.1741	2.73	0.578059	0.000000	0.000000	0.000000
0.1741	3.10	0.578059	0.000000	0.000000	0.000000
0.1741	3.47	0.578059	0.000000	0.000000	0.000000
0.1741	3.84	0.578059	0.000000	0.000000	0.000000
0.1741	4.20	0.578059	0.000000	0.000000	0.000000
0.1741	4.57	0.578059	0.000000	0.000000	0.000000
0.1741	4.94	0.578059	0.000000	0.000000	0.000000
0.1741	5.31	0.578059	0.000000	0.000000	0.000000
0.1741	5.67	0.578059	0.000000	0.000000	0.000000
0.1741	6.04	0.578059	0.000000	0.000000	0.000000
0.1741	6.41	0.578059	0.000000	0.000000	0.000000
0.1741	6.78	0.578059	0.000000	0.000000	0.000000
0.1741	7.14	0.578059	0.000000	0.000000	0.000000
0.1741	7.51	0.578059	0.000000	0.000000	0.000000
0.1741	7.88	0.578059	0.000000	0.000000	0.000000
0.1741	8.24	0.578059	0.099174	0.000000	0.000000
0.1741	8.61	0.578059	0.000000	0.000000	0.000000
0.1741	8.98	0.578059	0.092975	0.000000	0.000000
0.1741	9.35	0.578059	0.097796	0.005423	0.000301
0.1741	9.71	0.578059	0.119835	0.039689	0.013145
0.1741	10.08	0.578059	0.204029	0.141746	0.098477
0.1741	10.45	0.578059	0.380960	0.224449	0.132238
0.1741	10.82	0.578059	0.489411	0.239755	0.117452
0.1741	11.18	0.578059	0.515668	0.230009	0.102593
0.1741	11.55	0.578059	0.622666	0.201786	0.065392
0.1741	11.92	0.578059	0.726703	0.124469	0.021319
0.1741	12.29	0.578059	0.728719	0.033209	0.001513
0.1741	12.65	0.578059	0.735355	0.104766	0.014926
0.1741	13.02	0.578059	0.755136	0.116761	0.018054
0.1741	13.39	0.578059	0.793270	0.016110	0.000327
0.1741	13.76	0.578059	0.802602	0.017250	0.000371
0.1741	14.12	0.578059	0.758729	0.192451	0.048815
0.1741	14.49	0.578059	0.764360	0.192690	0.048576
0.1741	14.86	0.578059	0.775247	0.192841	0.047969
0.1741	15.22	0.578059	0.803409	0.116108	0.016780
0.1741	15.59	0.578059	0.791863	0.159134	0.031980
0.1741	15.96	0.578059	0.844878	0.014064	0.000234
0.1741	16.33	0.578059	0.845253	0.018661	0.000412
0.1741	16.69	0.578059	0.817509	0.161442	0.031882
0.1741	17.06	0.578059	0.854767	0.016071	0.000302
0.1741	17.43	0.578059	0.839728	0.116151	0.016066
0.1741	17.80	0.578059	0.838170	0.115583	0.015939
0.1741	18.16	0.578059	0.817665	0.158931	0.030892
0.1741	18.53	0.578059	0.836200	0.117129	0.016406
0.1741	18.90	0.578059	0.786741	0.209686	0.055887
0.1741	19.27	0.578059	0.856799	0.014848	0.000257
0.1741	19.63	0.578059	0.762186	0.246342	0.079619
0.1741	20.00	0.578059	0.766443	0.250302	0.081743
0.1802	2.00	0.560201	0.000000	0.000000	0.000000
0.1802	2.37	0.560201	0.000000	0.000000	0.000000
0.1802	2.73	0.560201	0.000000	0.000000	0.000000
0.1802	3.10	0.560201	0.000000	0.000000	0.000000
0.1802	3.47	0.560201	0.000000	0.000000	0.000000
0.1802	3.84	0.560201	0.000000	0.000000	0.000000
0.1802	4.20	0.560201	0.000000	0.000000	0.000000
0.1802	4.57	0.560201	0.000000	0.000000	0.000000
0.1802	4.94	0.560201	0.000000	0.000000	0.000000
0.1802	5.31	0.560201	0.000000	0.000000	0.000000
0.1802	5.67	0.560201	0.000000	0.000000	0.000000
0.1802	6.04	0.560201	0.000000	0.000000	0.000000
0.1802	6.41	0.560201	0.000000	0.000000	0.000000
0.1802	6.78	0.560201	0.000000	0.000000	0.000000
0.1802	7.14	0.560201	0.000000	0.000000	0.000000
0.1802	7.51	0.560201	0.000000	0.000000	0.000000
0.1802	7.88	0.560201	0.000000	0.000000	0.000000
0.1802	8.24	0.560201	0.000000	0.000000	0.000000
0.1802	8.61	0.560201	0.000000	0.000000	0.000000
0.1802	8.98	0.560201	0.000000	0.000000	0.000000
0.1802	9.35	0.560201	0.000000	0.000000	0.000000
0.1802	9.71	0.560201	0.000000	0.000000	0.000000
0.1802	10.08	0.560201	0.081633	0.000000	0.000000
0.1802	10.45	0.560201	0.102041	0.000000	0.000000
0.1802	10.82	0.560201	0.110496	0.030377	0.008351
0.1802	11.18	0.560201	0.109576	0.034803	0.011054
0.1802	11.55	0.560201	0.136122	0.051903	0.019790
0.1802	11.92	0.560201	0.156224	0.077552	0.038498
0.1802	12.29	0.560201	0.172187	0.073557	0.031423
0.1802	12.65	0.560201	0.206312	0.080556	0.031454
0.1802	13.02	0.560201	0.241964	0.109867	0.049887
0.1802	13.39	0.560201	0.310804	0.138752	0.061943
0.1802	13.76	0.560201	0.363656	0.146868	0.059315
0.1802	14.12	0.560201	0.436612	0.162001	0.060109
0.1802	14.49	0.560201	0.437755	0.176688	0.071316
0.1802	14.86	0.560201	0.585261	0.122680	0.025716
0.1802	15.22	0.560201	0.630748	0.115679	0.021215
0.1802	15.59	0.560201	0.748655	0.140203	0.026256
0.1802	15.96	0.560201	0.783407	0.160258	0.032783
0.1802	16.33	0.560201	0.846104	0.086514	0.008846
0.1802	16.69	0.560201	0.893089	0.016188	0.000293
0.1802	17.06	0.560201	0.900093	0.017317	0.000333
0.1802	17.43	0.560201	0.881030	0.037700	0.001613
0.1802	17.80	0.560201	0.899955	0.022296	0.000552
0.1802	18.16	0.560201	0.910522	0.021529	0.000509
0.1802	18.53	0.560201	0.915084	0.015417	0.000260
0.1802	18.90	0.560201	0.926757	0.009794	0.000104
0.1802	19.27	0.560201	0.918722	0.124881	0.016975
0.1802	19.63	0.560201	0.941349	0.009838	0.000103
0.1802	20.00	0.560201	0.946628	0.006311	0.000042
0.1858	2.00	0.545041	0.000000	0.000000	0.000000
0.1858	2.37	0.545041	0.000000	0.000000	0.000000
0.1858	2.73	0.545041	0.000000	0.000000	0.000000
0.1858	3.10	0.545041	0.000000	0.000000	0.000000
0.1858	3.47	0.545041	0.000000	0.000000	0.000000
0.1858	3.84	0.545041	0.000000	0.000000	0.000000
0.1858	4.20	0.545041	0.000000	0.000000	0.000000
0.1858	4.57	0.545041	0.000000	0.000000	0.000000
0.1858	4.94	0.545041	0.000000	0.000000	0.000000
0.1858	5.31	0.545041	0.000000	0.000000	0.000000
0.1858	5.67	0.545041	0.000000	0.000000	0.000000
0.1858	6.04	0.545041	0.000000	0.000000	0.000000
0.1858	6.41	0.545041	0.000000	0.000000	0.000000
0.1858	6.78	0.545041	0.000000	0.000000	0.000000
0.1858	7.14	0.545041	0.000000	0.000000	0.000000
0.1858	7.51	0.545041	0.000000	0.000000	0.000000
0.1858	7.88	0.545041	0.177778	0.000000	0.000000
0.1858	8.24	0.545041	0.093434	0.007053	0.000532
0.1858	8.61	0.545041	0.134949	0.071578	0.037965
0.1858	8.98	0.545041	0.313535	0.096779	0.029873
0.1858	9.35	0.545041	0.318687	0.142915	0.064090
0.1858	9.71	0.545041	0.378253	0.183938	0.089446
0.1858	10.08	0.545041	0.435017	0.182928	0.076923
0.1858	10.45	0.545041	0.477464	0.156731	0.051448
0.1858	10.82	0.545041	0.542877	0.090424	0.015061
0.1858	11.18	0.545041	0.570951	0.015652	0.000429
0.1858	11.55	0.545041	0.522400	0.151394	0.043875
0.1858	11.92	0.545041	0.620789	0.021239	0.000727
0.1858	12.29	0.545041	0.629293	0.093846	0.013995
0.1858	12.65	0.545041	0.662198	0.021825	0.000719
0.1858	13.02	0.545041	0.626936	0.094240	0.014166
0.1858	13.39	0.545041	0.652294	0.025516	0.000998
0.1858	13.76	0.545041	0.646082	0.089839	0.012492
0.1858	14.12	0.545041	0.696260	0.026785	0.001030
0.1858	14.49	0.545041	0.703828	0.024391	0.000845
0.1858	14.86	0.545041	0.737374	0.103331	0.014480
0.1858	15.22	0.545041	0.741414	0.106029	0.015163
0.1858	15.59	0.545041	0.769127	0.044324	0.002554
0.1858	15.96	0.545041	0.755202	0.024878	0.000820
0.1858	16.33	0.545041	0.727649	0.132106	0.023984
0.1858	16.69	0.545041	0.726534	0.098674	0.013401
0.1858	17.06	0.545041	0.684310	0.184639	0.049819
0.1858	17.43	0.545041	0.785957	0.030816	0.001208
0.1858	17.80	0.545041	0.742806	0.174056	0.040785
0.1858	18.16	0.545041	0.759641	0.108402	0.015469
0.1858	18.53	0.545041	0.758159	0.140874	0.026176
0.1858	18.90	0.545041	0.778451	0.100000	0.012846
0.1858	19.27	0.545041	0.772683	0.095267	0.011746
0.1858	19.63	0.545041	0.773430	0.139389	0.025121
0.1858	20.00	0.545041	0.787621	0.104029	0.013740
0.1912	2.00	0.527136	0.000000	0.000000	0.000000
0.1912	2.37	0.527136	0.000000	0.000000	0.000000
0.1912	2.73	0.527136	0.000000	0.000000	0.000000
0.1912	3.10	0.527136	0.000000	0.000000	0.000000
0.1912	3.47	0.527136	0.000000	0.000000	0.000000
0.1912	3.84	0.527136	0.000000	0.000000	0.000000
0.1912	4.20	0.527136	0.000000	0.000000	0.000000
0.1912	4.57	0.527136	0.000000	0.000000	0.000000
0.1912	4.94	0.527136	0.000000	0.000000	0.000000
0.1912	5.31	0.527136	0.000000	0.000000	0.000000
0.1912	5.67	0.527136	0.000000	0.000000	0.000000
0.1912	6.04	0.527136	0.000000	0.000000	0.000000
0.1912	6.41	0.527136	0.000000	0.000000	0.000000
0.1912	6.78	0.527136	0.000000	0.000000	0.000000
0.1912	7.14	0.527136	0.000000	0.000000	0.000000
0.1912	7.51	0.527136	0.000000	0.000000	0.000000
0.1912	7.88	0.527136	0.000000	0.000000	0.000000
0.1912	8.24	0.527136	0.000000	0.000000	0.000000
0.1912	8.61	0.527136	0.088660	0.000000	0.000000
0.1912	8.98	0.527136	0.146686	0.061850	0.026079
0.1912	9.35	0.527136	0.165773	0.059824	0.021589
0.1912	9.71	0.527136	0.181615	0.078108	0.033592
0.1912	10.08	0.527136	0.191340	0.076368	0.030480
0.1912	10.45	0.527136	0.250309	0.077161	0.023786
0.1912	10.82	0.527136	0.270387	0.067163	0.016683
0.1912	11.18	0.527136	0.295793	0.076295	0.019679
0.1912	11.55	0.527136	0.316004	0.081199	0.020865
0.1912	11.92	0.527136	0.357239	0.102480	0.029398
0.1912	12.29	0.527136	0.354227	0.092031	0.023910
0.1912	12.65	0.527136	0.395989	0.099079	0.024790
0.1912	13.02	0.527136	0.460137	0.127381	0.035263
0.1912	13.39	0.527136	0.483974	0.135484	0.037927
0.1912	13.76	0.527136	0.507022	0.154089	0.046829
0.1912	14.12	0.527136	0.531670	0.154801	0.045072
0.1912	14.49	0.527136	0.616181	0.152499	0.037742
0.1912	14.86	0.527136	0.695778	0.125487	0.022632
0.1912	15.22	0.527136	0.663828	0.170825	0.043959
0.1912	15.59	0.527136	0.700893	0.169587	0.041033
0.1912	15.96	0.527136	0.820216	0.073061	0.006508
0.1912	16.33	0.527136	0.847574	0.049971	0.002946
0.1912	16.69	0.527136	0.864772	0.052742	0.003217
0.1912	17.06	0.527136	0.859794	0.032370	0.001219
0.1912	17.43	0.527136	0.850108	0.115197	0.015610
0.1912	17.80	0.527136	0.864467	0.096994	0.010883
0.1912	18.16	0.527136	0.895689	0.018317	0.000375
0.1912	18.53	0.527136	0.892924	0.026138	0.000765
0.1912	18.90	0.527136	0.905951	0.017711	0.000346
0.1912	19.27	0.527136	0.899152	0.011613	0.000150
0.1912	19.63	0.527136	0.902331	0.010930	0.000132
0.1912	20.00	0.527136	0.916943	0.012960	0.000183
0.1971	2.00	0.600627	0.000000	0.000000	0.000000
0.1971	2.37	0.600627	0.000000	0.000000	0.000000
0.1971	2.73	0.600627	0.000000	0.000000	0.000000
0.1971	3.10	0.600627	0.000000	0.000000	0.000000
0.1971	3.47	0.600627	0.000000	0.000000	0.000000
0.1971	3.84	0.600627	0.000000	0.000000	0.000000
0.1971	4.20	0.600627	0.000000	0.000000	0.000000
0.1971	4.57	0.600627	0.000000	0.000000	0.000000
0.1971	4.94	0.600627	0.000000	0.000000	0.000000
0.1971	5.31	0.600627	0.000000	0.000000	0.000000
0.1971	5.67	0.600627	0.000000	0.000000	0.000000
0.1971	6.04	0.600627	0.000000	0.000000	0.000000
0.1971	6.41	0.600627	0.000000	0.000000	0.000000
0.1971	6.78	0.600627	0.000000	0.000000	0.000000
0.1971	7.14	0.600627	0.000000	0.000000	0.000000
0.1971	7.51	0.600627	0.000000	0.000000	0.000000
0.1971	7.88	0.600627	0.000000	0.000000	0.000000
0.1971	8.24	0.600627	0.000000	0.000000	0.000000
0.1971	8.61	0.600627	0.000000	0.000000	0.000000
0.1971	8.98	0.600627	0.000000	0.000000	0.000000
0.1971	9.35	0.600627	0.145920	0.035708	0.008738
0.1971	9.71	0.600627	0.147303	0.043246	0.012697
0.1971	10.08	0.600627	0.166897	0.075003	0.033706
0.1971	10.45	0.600627	0.169433	0.074300	0.032582
0.1971	10.82	0.600627	0.172678	0.094715	0.051952
0.1971	11.18	0.600627	0.213242	0.130632	0.080025
0.1971	11.55	0.600627	0.373306	0.150465	0.060646
0.1971	11.92	0.600627	0.439691	0.172680	0.067817
0.1971	12.29	0.600627	0.492029	0.231761	0.109166
0.1971	12.65	0.600627	0.510483	0.228956	0.102688
0.1971	13.02	0.600627	0.575578	0.237343	0.097870
0.1971	13.39	0.600627	0.624215	0.257021	0.105829
0.1971	13.76	0.600627	0.858594	0.060212	0.004223
0.1971	14.12	0.600627	0.845488	0.152408	0.027473
0.1971	14.49	0.600627	0.885529	0.130501	0.019232
0.1971	14.86	0.600627	0.931691	0.010029	0.000108
0.1971	15.22	0.600627	0.936255	0.011809	0.000149
0.1971	15.59	0.600627	0.942061	0.008138	0.000070
0.1971	15.96	0.600627	0.945147	0.005940	0.000037
0.1971	16.33	0.600627	0.947361	0.005783	0.000035
0.1971	16.69	0.600627	0.943045	0.005730	0.000035
0.1971	17.06	0.600627	0.946589	0.004652	0.000023
0.1971	17.43	0.600627	0.948036	0.004172	0.000018
0.1971	17.80	0.600627	0.950738	0.005697	0.000034
0.1971	18.16	0.600627	0.950304	0.004267	0.000019
0.1971	18.53	0.600627	0.951339	0.003868	0.000016
0.1971	18.90	0.600627	0.961995	0.004484	0.000021
0.1971	19.27	0.600627	0.964495	0.005067	0.000027
0.1971	19.63	0.600627	0.967432	0.004373	0.000020
0.1971	20.00	0.600627	0.968976	0.004196	0.000018
0.2047	2.00	0.542934	0.000000	0.000000	0.000000
0.2047	2.37	0.542934	0.000000	0.000000	0.000000
0.2047	2.73	0.542934	0.000000	0.000000	0.000000
0.2047	3.10	0.542934	0.000000	0.000000	0.000000
0.2047	3.47	0.542934	0.000000	0.000000	0.000000
0.2047	3.84	0.542934	0.000000	0.000000	0.000000
0.2047	4.20	0.542934	0.000000	0.000000	0.000000
0.2047	4.57	0.542934	0.000000	0.000000	0.000000
0.2047	4.94	0.542934	0.000000	0.000000	0.000000
0.2047	5.31	0.542934	0.000000	0.000000	0.000000
0.2047	5.67	0.542934	0.000000	0.000000	0.000000
0.2047	6.04	0.542934	0.000000	0.000000	0.000000
0.2047	6.41	0.542934	0.000000	0.000000	0.000000
0.2047	6.78	0.542934	0.000000	0.000000	0.000000
0.2047	7.14	0.542934	0.000000	0.000000	0.000000
0.2047	7.51	0.542934	0.000000	0.000000	0.000000
0.2047	7.88	0.542934	0.000000	0.000000	0.000000
0.2047	8.24	0.542934	0.000000	0.000000	0.000000
0.2047	8.61	0.542934	0.000000	0.000000	0.000000
0.2047	8.98	0.542934	0.000000	0.000000	0.000000
0.2047	9.35	0.542934	0.097760	0.000000	0.000000
0.2047	9.71	0.542934	0.119756	0.029015	0.007030
0.2047	10.08	0.542934	0.155712	0.046705	0.014009
0.2047	10.45	0.542934	0.197352	0.094867	0.045603
0.2047	10.82	0.542934	0.283775	0.102730	0.037189
0.2047	11.18	0.542934	0.362797	0.150288	0.062257
0.2047	11.55	0.542934	0.595969	0.115215	0.022274
0.2047	11.92	0.542934	0.652520	0.038143	0.002230
0.2047	12.29	0.542934	0.677380	0.040720	0.002448
0.2047	12.65	0.542934	0.706541	0.019711	0.000550
0.2047	13.02	0.542934	0.725691	0.027844	0.001068
0.2047	13.39	0.542934	0.747293	0.020908	0.000585
0.2047	13.76	0.542934	0.775602	0.023175	0.000692
0.2047	14.12	0.542934	0.794994	0.023559	0.000698
0.2047	14.49	0.542934	0.812525	0.016477	0.000334
0.2047	14.86	0.542934	0.808554	0.014798	0.000271
0.2047	15.22	0.542934	0.816387	0.013825	0.000234
0.2047	15.59	0.542934	0.837862	0.015640	0.000292
0.2047	15.96	0.542934	0.844341	0.015461	0.000283
0.2047	16.33	0.542934	0.850209	0.014539	0.000249
0.2047	16.69	0.542934	0.859713	0.017134	0.000341
0.2047	17.06	0.542934	0.868422	0.013912	0.000223
0.2047	17.43	0.542934	0.862331	0.016366	0.000311
0.2047	17.80	0.542934	0.852176	0.119661	0.016802
0.2047	18.16	0.542934	0.876190	0.015877	0.000288
0.2047	18.53	0.542934	0.873388	0.010356	0.000123
0.2047	18.90	0.542934	0.873588	0.015586	0.000278
0.2047	19.27	0.542934	0.886943	0.011052	0.000138
0.2047	19.63	0.542934	0.891039	0.010516	0.000124
0.2047	20.00	0.542934	0.904135	0.012176	0.000164
0.2173	2.00	0.503289	0.000000	0.000000	0.000000
0.2173	2.37	0.503289	0.000000	0.000000	0.000000
0.2173	2.73	0.503289	0.000000	0.000000	0.000000
0.2173	3.10	0.503289	0.000000	0.000000	0.000000
0.2173	3.47	0.503289	0.000000	0.000000	0.000000
0.2173	3.84	0.503289	0.000000	0.000000	0.000000
0.2173	4.20	0.503289	0.000000	0.000000	0.000000
0.2173	4.57	0.503289	0.000000	0.000000	0.000000
0.2173	4.94	0.503289	0.000000	0.000000	0.000000
0.2173	5.31	0.503289	0.000000	0.000000	0.000000
0.2173	5.67	0.503289	0.000000	0.000000	0.000000
0.2173	6.04	0.503289	0.000000	0.000000	0.000000
0.2173	6.41	0.503289	0.000000	0.000000	0.000000
0.2173	6.78	0.503289	0.000000	0.000000	0.000000
0.2173	7.14	0.503289	0.000000	0.000000	0.000000
0.2173	7.51	0.503289	0.000000	0.000000	0.000000
0.2173	7.88	0.503289	0.000000	0.000000	0.000000
0.2173	8.24	0.503289	0.000000	0.000000	0.000000
0.2173	8.61	0.503289	0.000000	0.000000	0.000000
0.2173	8.98	0.503289	0.000000	0.000000	0.000000
0.2173	9.35	0.503289	0.000000	0.000000	0.000000
0.2173	9.71	0.503289	0.099391	0.000000	0.000000
0.2173	10.08	0.503289	0.155680	0.040119	0.010339
0.2173	10.45	0.503289	0.158215	0.056810	0.020398
0.2173	10.82	0.503289	0.125392	0.045847	0.016763
0.2173	11.18	0.503289	0.147834	0.062360	0.026305
0.2173	11.55	0.503289	0.165556	0.070395	0.029932
0.2173	11.92	0.503289	0.196615	0.069359	0.024468
0.2173	12.29	0.503289	0.233965	0.080176	0.027475
0.2173	12.65	0.503289	0.234562	0.096545	0.039738
0.2173	13.02	0.503289	0.254608	0.109703	0.047268
0.2173	13.39	0.503289	0.279777	0.105637	0.039886
0.2173	13.76	0.503289	0.286166	0.125186	0.054764
0.2173	14.12	0.503289	0.312041	0.111213	0.039637
0.2173	14.49	0.503289	0.327113	0.126880	0.049214
0.2173	14.86	0.503289	0.395876	0.153797	0.059750
0.2173	15.22	0.503289	0.426818	0.177215	0.073580
0.2173	15.59	0.503289	0.473280	0.163628	0.056571
0.2173	15.96	0.503289	0.568389	0.191344	0.064414
0.2173	16.33	0.503289	0.643044	0.135757	0.028661
0.2173	16.69	0.503289	0.670666	0.131789	0.025897
0.2173	17.06	0.503289	0.676471	0.139140	0.028619
0.2173	17.43	0.503289	0.689452	0.166461	0.040190
0.2173	17.80	0.503289	0.748565	0.082275	0.009043
0.2173	18.16	0.503289	0.837642	0.114328	0.015604
0.2173	18.53	0.503289	0.850330	0.115588	0.015712
0.2173	18.90	0.503289	0.814767	0.142107	0.024786
0.2173	19.27	0.503289	0.860928	0.049526	0.002849
0.2173	19.63	0.503289	0.873352	0.035388	0.001434
0.2173	20.00	0.503289	0.894739	0.028711	0.000921
0.2293	2.00	0.502366	0.000000	0.000000	0.000000
0.2293	2.37	0.502366	0.000000	0.000000	0.000000
0.2293	2.73	0.502366	0.000000	0.000000	0.000000
0.2293	3.10	0.502366	0.000000	0.000000	0.000000
0.2293	3.47	0.502366	0.000000	0.000000	0.000000
0.2293	3.84	0.502366	0.000000	0.000000	0.000000
0.2293	4.20	0.502366	0.000000	0.000000	0.000000
0.2293	4.57	0.502366	0.000000	0.000000	0.000000
0.2293	4.94	0.502366	0.000000	0.000000	0.000000
0.2293	5.31	0.502366	0.000000	0.000000	0.000000
0.2293	5.67	0.502366	0.000000	0.000000	0.000000
0.2293	6.04	0.502366	0.000000	0.000000	0.000000
0.2293	6.41	0.502366	0.000000	0.000000	0.000000
0.2293	6.78	0.502366	0.000000	0.000000	0.000000
0.2293	7.14	0.502366	0.000000	0.000000	0.000000
0.2293	7.51	0.502366	0.000000	0.000000	0.000000
0.2293	7.88	0.502366	0.000000	0.000000	0.000000
0.2293	8.24	0.502366	0.000000	0.000000	0.000000
0.2293	8.61	0.502366	0.000000	0.000000	0.000000
0.2293	8.98	0.502366	0.098990	0.000000	0.000000
0.2293	9.35	0.502366	0.102525	0.020571	0.004127
0.2293	9.71	0.502366	0.136027	0.051593	0.019569
0.2293	10.08	0.502366	0.103838	0.021365	0.004396
0.2293	10.45	0.502366	0.155372	0.094149	0.057050
0.2293	10.82	0.502366	0.216006	0.091813	0.039025
0.2293	11.18	0.502366	0.277146	0.099227	0.035527
0.2293	11.55	0.502366	0.349144	0.108531	0.033737
0.2293	11.92	0.502366	0.382433	0.102633	0.027544
0.2293	12.29	0.502366	0.431201	0.078857	0.014421
0.2293	12.65	0.502366	0.414254	0.175201	0.074098
0.2293	13.02	0.502366	0.478730	0.140092	0.040996
0.2293	13.39	0.502366	0.472196	0.164678	0.057431
0.2293	13.76	0.502366	0.532733	0.129966	0.031707
0.2293	14.12	0.502366	0.549697	0.166796	0.050612
0.2293	14.49	0.502366	0.572778	0.159145	0.044218
0.2293	14.86	0.502366	0.503659	0.216455	0.093025
0.2293	15.22	0.502366	0.549725	0.200720	0.073288
0.2293	15.59	0.502366	0.544928	0.217140	0.086525
0.2293	15.96	0.502366	0.580234	0.228741	0.090175
0.2293	16.33	0.502366	0.545642	0.238217	0.104001
0.2293	16.69	0.502366	0.510867	0.233881	0.107073
0.2293	17.06	0.502366	0.540224	0.231343	0.099069
0.2293	17.43	0.502366	0.576444	0.225656	0.088336
0.2293	17.80	0.502366	0.556477	0.247786	0.110333
0.2293	18.16	0.502366	0.575902	0.232632	0.093970
0.2293	18.53	0.502366	0.693645	0.142466	0.029261
0.2293	18.90	0.502366	0.715067	0.157191	0.034555
0.2293	19.27	0.502366	0.721900	0.161973	0.036342
0.2293	19.63	0.502366	0.557515	0.207359	0.077124
0.2293	20.00	0.502366	0.629545	0.190930	0.057906
0.2374	2.00	0.605337	0.000000	0.000000	0.000000
0.2374	2.37	0.605337	0.000000	0.000000	0.000000
0.2374	2.73	0.605337	0.000000	0.000000	0.000000
0.2374	3.10	0.605337	0.000000	0.000000	0.000000
0.2374	3.47	0.605337	0.000000	0.000000	0.000000
0.2374	3.84	0.605337	0.000000	0.000000	0.000000
0.2374	4.20	0.605337	0.000000	0.000000	0.000000
0.2374	4.57	0.605337	0.000000	0.000000	0.000000
0.2374	4.94	0.605337	0.000000	0.000000	0.000000
0.2374	5.31	0.605337	0.000000	0.000000	0.000000
0.2374	5.67	0.605337	0.000000	0.000000	0.000000
0.2374	6.04	0.605337	0.000000	0.000000	0.000000
0.2374	6.41	0.605337	0.000000	0.000000	0.000000
0.2374	6.78	0.605337	0.000000	0.000000	0.000000
0.2374	7.14	0.605337	0.000000	0.000000	0.000000
0.2374	7.51	0.605337	0.000000	0.000000	0.000000
0.2374	7.88	0.605337	0.000000	0.000000	0.000000
0.2374	8.24	0.605337	0.000000	0.000000	0.000000
0.2374	8.61	0.605337	0.000000	0.000000	0.000000
0.2374	8.98	0.605337	0.000000	0.000000	0.000000
0.2374	9.35	0.605337	0.154786	0.059063	0.022537
0.2374	9.71	0.605337	0.132383	0.047735	0.017212
0.2374	10.08	0.605337	0.197047	0.055044	0.015376
0.2374	10.45	0.605337	0.223093	0.115955	0.060269
0.2374	10.82	0.605337	0.373781	0.144550	0.055901
0.2374	11.18	0.605337	0.450611	0.174087	0.067256
0.2374	11.55	0.605337	0.459267	0.204001	0.090615
0.2374	11.92	0.605337	0.516520	0.183473	0.065171
0.2374	12.29	0.605337	0.474409	0.205939	0.089397
0.2374	12.65	0.605337	0.486558	0.214009	0.094130
0.2374	13.02	0.605337	0.521515	0.202070	0.078296
0.2374	13.39	0.605337	0.544891	0.221410	0.089967
0.2374	13.76	0.605337	0.531132	0.235605	0.104512
0.2374	14.12	0.605337	0.477851	0.215378	0.097075
0.2374	14.49	0.605337	0.518669	0.221851	0.094893
0.2374	14.86	0.605337	0.530307	0.200927	0.076129
0.2374	15.22	0.605337	0.604094	0.221133	0.080947
0.2374	15.59	0.605337	0.664186	0.222682	0.074659
0.2374	15.96	0.605337	0.721826	0.217713	0.065666
0.2374	16.33	0.605337	0.846426	0.142711	0.024062
0.2374	16.69	0.605337	0.760324	0.211472	0.058818
0.2374	17.06	0.605337	0.930448	0.016730	0.000301
0.2374	17.43	0.605337	0.936317	0.013245	0.000187
0.2374	17.80	0.605337	0.888076	0.137162	0.021185
0.2374	18.16	0.605337	0.857212	0.177914	0.036926
0.2374	18.53	0.605337	0.944442	0.007101	0.000053
0.2374	18.90	0.605337	0.946194	0.009525	0.000096
0.2374	19.27	0.605337	0.952636	0.004733	0.000024
0.2374	19.63	0.605337	0.952324	0.004683	0.000023
0.2374	20.00	0.605337	0.955425	0.003937	0.000016
0.2451	2.00	0.461621	0.000000	0.000000	0.000000
0.2451	2.37	0.461621	0.000000	0.000000	0.000000
0.2451	2.73	0.461621	0.000000	0.000000	0.000000
0.2451	3.10	0.461621	0.000000	0.000000	0.000000
0.2451	3.47	0.461621	0.000000	0.000000	0.000000
0.2451	3.84	0.461621	0.000000	0.000000	0.000000
0.2451	4.20	0.461621	0.000000	0.000000	0.000000
0.2451	4.57	0.461621	0.000000	0.000000	0.000000
0.2451	4.94	0.461621	0.000000	0.000000	0.000000
0.2451	5.31	0.461621	0.000000	0.000000	0.000000
0.2451	5.67	0.461621	0.000000	0.000000	0.000000
0.2451	6.04	0.461621	0.000000	0.000000	0.000000
0.2451	6.41	0.461621	0.000000	0.000000	0.000000
0.2451	6.78	0.461621	0.000000	0.000000	0.000000
0.2451	7.14	0.461621	0.000000	0.000000	0.000000
0.2451	7.51	0.461621	0.000000	0.000000	0.000000
0.2451	7.88	0.461621	0.000000	0.000000	0.000000
0.2451	8.24	0.461621	0.000000	0.000000	0.000000
0.2451	8.61	0.461621	0.000000	0.000000	0.000000
0.2451	8.98	0.461621	0.000000	0.000000	0.000000
0.2451	9.35	0.461621	0.000000	0.000000	0.000000
0.2451	9.71	0.461621	0.000000	0.000000	0.000000
0.2451	10.08	0.461621	0.000000	0.000000	0.000000
0.2451	10.45	0.461621	0.173196	0.000000	0.000000
0.2451	10.82	0.461621	0.106071	0.030845	0.008970
0.2451	11.18	0.461621	0.122337	0.071173	0.041407
0.2451	11.55	0.461621	0.175773	0.097240	0.053794
0.2451	11.92	0.461621	0.274068	0.154061	0.086601
0.2451	12.29	0.461621	0.350116	0.182359	0.094982
0.2451	12.65	0.461621	0.453671	0.227874	0.114458
0.2451	13.02	0.461621	0.634757	0.156796	0.038731
0.2451	13.39	0.461621	0.662778	0.214380	0.069342
0.2451	13.76	0.461621	0.678557	0.223846	0.073844
0.2451	14.12	0.461621	0.812817	0.127682	0.020057
0.2451	14.49	0.461621	0.851775	0.048763	0.002792
0.2451	14.86	0.461621	0.850225	0.123549	0.017953
0.2451	15.22	0.461621	0.879859	0.131135	0.019545
0.2451	15.59	0.461621	0.909433	0.032569	0.001166
0.2451	15.96	0.461621	0.903646	0.117464	0.015269
0.2451	16.33	0.461621	0.888564	0.162146	0.029589
0.2451	16.69	0.461621	0.935328	0.032181	0.001107
0.2451	17.06	0.461621	0.950614	0.018908	0.000376
0.2451	17.43	0.461621	0.948856	0.024201	0.000617
0.2451	17.80	0.461621	0.956365	0.014054	0.000207
0.2451	18.16	0.461621	0.962743	0.012596	0.000165
0.2451	18.53	0.461621	0.966339	0.008913	0.000082
0.2451	18.90	0.461621	0.965604	0.017098	0.000303
0.2451	19.27	0.461621	0.967854	0.009055	0.000085
0.2451	19.63	0.461621	0.971321	0.005976	0.000037
0.2451	20.00	0.461621	0.973471	0.008491	0.000074
0.2543	2.00	0.485136	0.000000	0.000000	0.000000
0.2543	2.37	0.485136	0.000000	0.000000	0.000000
0.2543	2.73	0.485136	0.000000	0.000000	0.000000
0.2543	3.10	0.485136	0.000000	0.000000	0.000000
0.2543	3.47	0.485136	0.000000	0.000000	0.000000
0.2543	3.84	0.485136	0.000000	0.000000	0.000000
0.2543	4.20	0.485136	0.000000	0.000000	0.000000
0.2543	4.57	0.485136	0.000000	0.000000	0.000000
0.2543	4.94	0.485136	0.000000	0.000000	0.000000
0.2543	5.31	0.485136	0.000000	0.000000	0.000000
0.2543	5.67	0.485136	0.000000	0.000000	0.000000
0.2543	6.04	0.485136	0.000000	0.000000	0.000000
0.2543	6.41	0.485136	0.000000	0.000000	0.000000
0.2543	6.78	0.485136	0.000000	0.000000	0.000000
0.2543	7.14	0.485136	0.000000	0.000000	0.000000
0.2543	7.51	0.485136	0.000000	0.000000	0.000000
0.2543	7.88	0.485136	0.000000	0.000000	0.000000
0.2543	8.24	0.485136	0.000000	0.000000	0.000000
0.2543	8.61	0.485136	0.000000	0.000000	0.000000
0.2543	8.98	0.485136	0.000000	0.000000	0.000000
0.2543	9.35	0.485136	0.000000	0.000000	0.000000
0.2543	9.71	0.485136	0.102616	0.000000	0.000000
0.2543	10.08	0.485136	0.082495	0.000000	0.000000
0.2543	10.45	0.485136	0.098592	0.000000	0.000000
0.2543	10.82	0.485136	0.103421	0.028244	0.007713
0.2543	11.18	0.485136	0.106640	0.026693	0.006682
0.2543	11.55	0.485136	0.141851	0.049208	0.017070
0.2543	11.92	0.485136	0.141696	0.051839	0.018965
0.2543	12.29	0.485136	0.177867	0.057379	0.018510
0.2543	12.65	0.485136	0.173101	0.079660	0.036659
0.2543	13.02	0.485136	0.251143	0.111070	0.049122
0.2543	13.39	0.485136	0.270677	0.113778	0.047826
0.2543	13.76	0.485136	0.353290	0.144219	0.058872
0.2543	14.12	0.485136	0.294567	0.125871	0.053786
0.2543	14.49	0.485136	0.374581	0.126554	0.042757
0.2543	14.86	0.485136	0.394053	0.142274	0.051369
0.2543	15.22	0.485136	0.576698	0.147545	0.037748
0.2543	15.59	0.485136	0.599460	0.188294	0.059144
0.2543	15.96	0.485136	0.668420	0.193714	0.056140
0.2543	16.33	0.485136	0.665559	0.172287	0.044598
0.2543	16.69	0.485136	0.743636	0.107530	0.015549
0.2543	17.06	0.485136	0.756808	0.135876	0.024395
0.2543	17.43	0.485136	0.787945	0.071136	0.006422
0.2543	17.80	0.485136	0.828289	0.062792	0.004760
0.2543	18.16	0.485136	0.814314	0.158738	0.030943
0.2543	18.53	0.485136	0.848732	0.150848	0.026811
0.2543	18.90	0.485136	0.864520	0.165204	0.031569
0.2543	19.27	0.485136	0.915200	0.024371	0.000649
0.2543	19.63	0.485136	0.919978	0.032392	0.001141
0.2543	20.00	0.485136	0.928346	0.019290	0.000401
0.2659	2.00	0.466520	0.000000	0.000000	0.000000
0.2659	2.37	0.466520	0.000000	0.000000	0.000000
0.2659	2.73	0.466520	0.000000	0.000000	0.000000
0.2659	3.10	0.466520	0.000000	0.000000	0.000000
0.2659	3.47	0.466520	0.000000	0.000000	0.000000
0.2659	3.84	0.466520	0.000000	0.000000	0.000000
0.2659	4.20	0.466520	0.000000	0.000000	0.000000
0.2659	4.57	0.466520	0.000000	0.000000	0.000000
0.2659	4.94	0.466520	0.000000	0.000000	0.000000
0.2659	5.31	0.466520	0.000000	0.000000	0.000000
0.2659	5.67	0.466520	0.000000	0.000000	0.000000
0.2659	6.04	0.466520	0.000000	0.000000	0.000000
0.2659	6.41	0.466520	0.000000	0.000000	0.000000
0.2659	6.78	0.466520	0.000000	0.000000	0.000000
0.2659	7.14	0.466520	0.000000	0.000000	0.000000
0.2659	7.51	0.466520	0.000000	0.000000	0.000000
0.2659	7.88	0.466520	0.000000	0.000000	0.000000
0.2659	8.24	0.466520	0.000000	0.000000	0.000000
0.2659	8.61	0.466520	0.000000	0.000000	0.000000
0.2659	8.98	0.466520	0.096311	0.000000	0.000000
0.2659	9.35	0.466520	0.119877	0.025615	0.005473
0.2659	9.71	0.466520	0.110997	0.022115	0.004406
0.2659	10.08	0.466520	0.227459	0.112756	0.055895
0.2659	10.45	0.466520	0.261475	0.127179	0.061858
0.2659	10.82	0.466520	0.318486	0.154807	0.075248
0.2659	11.18	0.466520	0.311557	0.153366	0.075495
0.2659	11.55	0.466520	0.301533	0.147122	0.071782
0.2659	11.92	0.466520	0.392098	0.153037	0.059731
0.2659	12.29	0.466520	0.431714	0.143700	0.047832
0.2659	12.65	0.466520	0.432611	0.133515	0.041206
0.2659	13.02	0.466520	0.459438	0.131691	0.037747
0.2659	13.39	0.466520	0.519273	0.132419	0.033768
0.2659	13.76	0.466520	0.599817	0.118229	0.023304
0.2659	14.12	0.466520	0.624385	0.124054	0.024647
0.2659	14.49	0.466520	0.644416	0.130046	0.026244
0.2659	14.86	0.466520	0.656708	0.036347	0.002012
0.2659	15.22	0.466520	0.658417	0.095870	0.013959
0.2659	15.59	0.466520	0.649053	0.148846	0.034135
0.2659	15.96	0.466520	0.673180	0.163375	0.039650
0.2659	16.33	0.466520	0.677326	0.167513	0.041429
0.2659	16.69	0.466520	0.719116	0.106623	0.015809
0.2659	17.06	0.466520	0.752450	0.205743	0.056257
0.2659	17.43	0.466520	0.761939	0.205722	0.055545
0.2659	17.80	0.466520	0.787933	0.148189	0.027871
0.2659	18.16	0.466520	0.804630	0.151619	0.028570
0.2659	18.53	0.466520	0.798875	0.186687	0.043626
0.2659	18.90	0.466520	0.799389	0.175625	0.038585
0.2659	19.27	0.466520	0.830659	0.117216	0.016541
0.2659	19.63	0.466520	0.853287	0.052503	0.003230
0.2659	20.00	0.466520	0.822683	0.178740	0.038834
0.2892	2.00	0.427940	0.000000	0.000000	0.000000
0.2892	2.37	0.427940	0.000000	0.000000	0.000000
0.2892	2.73	0.427940	0.000000	0.000000	0.000000
0.2892	3.10	0.427940	0.000000	0.000000	0.000000
0.2892	3.47	0.427940	0.000000	0.000000	0.000000
0.2892	3.84	0.427940	0.000000	0.000000	0.000000
0.2892	4.20	0.427940	0.000000	0.000000	0.000000
0.2892	4.57	0.427940	0.000000	0.000000	0.000000
0.2892	4.94	0.427940	0.000000	0.000000	0.000000
0.2892	5.31	0.427940	0.000000	0.000000	0.000000
0.2892	5.67	0.427940	0.000000	0.000000	0.000000
0.2892	6.04	0.427940	0.000000	0.000000	0.000000
0.2892	6.41	0.427940	0.000000	0.000000	0.000000
0.2892	6.78	0.427940	0.000000	0.000000	0.000000
0.2892	7.14	0.427940	0.000000	0.000000	0.000000
0.2892	7.51	0.427940	0.000000	0.000000	0.000000
0.2892	7.88	0.427940	0.000000	0.000000	0.000000
0.2892	8.24	0.427940	0.000000	0.000000	0.000000
0.2892	8.61	0.427940	0.000000	0.000000	0.000000
0.2892	8.98	0.427940	0.000000	0.000000	0.000000
0.2892	9.35	0.427940	0.000000	0.000000	0.000000
0.2892	9.71	0.427940	0.082474	0.002062	0.000052
0.2892	10.08	0.427940	0.129072	0.032064	0.007965
0.2892	10.45	0.427940	0.164261	0.041862	0.010669
0.2892	10.82	0.427940	0.140999	0.056045	0.022277
0.2892	11.18	0.427940	0.256104	0.119493	0.055753
0.2892	11.55	0.427940	0.348763	0.119973	0.041270
0.2892	11.92	0.427940	0.371790	0.149621	0.060213
0.2892	12.29	0.427940	0.490427	0.125247	0.031986
0.2892	12.65	0.427940	0.570250	0.096337	0.016275
0.2892	13.02	0.427940	0.603459	0.061143	0.006195
0.2892	13.39	0.427940	0.641753	0.036721	0.002101
0.2892	13.76	0.427940	0.633849	0.100625	0.015974
0.2892	14.12	0.427940	0.656116	0.138728	0.029333
0.2892	14.49	0.427940	0.691502	0.104688	0.015849
0.2892	14.86	0.427940	0.640876	0.146257	0.033378
0.2892	15.22	0.427940	0.692572	0.101591	0.014902
0.2892	15.59	0.427940	0.737742	0.111576	0.016875
0.2892	15.96	0.427940	0.723951	0.168485	0.039211
0.2892	16.33	0.427940	0.757732	0.149336	0.029432
0.2892	16.69	0.427940	0.727356	0.196954	0.053331
0.2892	17.06	0.427940	0.697083	0.252949	0.091787
0.2892	17.43	0.427940	0.722546	0.236754	0.077577
0.2892	17.80	0.427940	0.855130	0.034554	0.001396
0.2892	18.16	0.427940	0.827629	0.148142	0.026517
0.2892	18.53	0.427940	0.810444	0.193245	0.046078
0.2892	18.90	0.427940	0.781224	0.219980	0.061943
0.2892	19.27	0.427940	0.796622	0.192284	0.046413
0.2892	19.63	0.427940	0.774206	0.234500	0.071028
0.2892	20.00	0.427940	0.843658	0.160383	0.030490
0.3034	2.00	0.469881	0.000000	0.000000	0.000000
0.3034	2.37	0.469881	0.000000	0.000000	0.000000
0.3034	2.73	0.469881	0.000000	0.000000	0.000000
0.3034	3.10	0.469881	0.000000	0.000000	0.000000
0.3034	3.47	0.469881	0.000000	0.000000	0.000000
0.3034	3.84	0.469881	0.000000	0.000000	0.000000
0.3034	4.20	0.469881	0.000000	0.000000	0.000000
0.3034	4.57	0.469881	0.000000	0.000000	0.000000
0.3034	4.94	0.469881	0.000000	0.000000	0.000000
0.3034	5.31	0.469881	0.000000	0.000000	0.000000
0.3034	5.67	0.469881	0.000000	0.000000	0.000000
0.3034	6.04	0.469881	0.000000	0.000000	0.000000
0.3034	6.41	0.469881	0.000000	0.000000	0.000000
0.3034	6.78	0.469881	0.000000	0.000000	0.000000
0.3034	7.14	0.469881	0.000000	0.000000	0.000000
0.3034	7.51	0.469881	0.000000	0.000000	0.000000
0.3034	7.88	0.469881	0.000000	0.000000	0.000000
0.3034	8.24	0.469881	0.000000	0.000000	0.000000
0.3034	8.61	0.469881	0.000000	0.000000	0.000000
0.3034	8.98	0.469881	0.000000	0.000000	0.000000
0.3034	9.35	0.469881	0.000000	0.000000	0.000000
0.3034	9.71	0.469881	0.119919	0.034553	0.009956
0.3034	10.08	0.469881	0.158537	0.000000	0.000000
0.3034	10.45	0.469881	0.134146	0.034553	0.008900
0.3034	10.82	0.469881	0.129065	0.030073	0.007007
0.3034	11.18	0.469881	0.123306	0.038451	0.011990
0.3034	11.55	0.469881	0.136992	0.038190	0.010646
0.3034	11.92	0.469881	0.146783	0.055352	0.020873
0.3034	12.29	0.469881	0.164182	0.064910	0.025662
0.3034	12.65	0.469881	0.191630	0.056754	0.016808
0.3034	13.02	0.469881	0.196845	0.072827	0.026944
0.3034	13.39	0.469881	0.261870	0.102060	0.039776
0.3034	13.76	0.469881	0.337840	0.135393	0.054260
0.3034	14.12	0.469881	0.375211	0.146130	0.056912
0.3034	14.49	0.469881	0.371285	0.144552	0.056278
0.3034	14.86	0.469881	0.441772	0.155441	0.054693
0.3034	15.22	0.469881	0.496120	0.175006	0.061734
0.3034	15.59	0.469881	0.568174	0.164940	0.047882
0.3034	15.96	0.469881	0.577594	0.228742	0.090588
0.3034	16.33	0.469881	0.697976	0.185343	0.049217
0.3034	16.69	0.469881	0.731967	0.195567	0.052252
0.3034	17.06	0.469881	0.801851	0.148041	0.027332
0.3034	17.43	0.469881	0.885486	0.057505	0.003734
0.3034	17.80	0.469881	0.892507	0.124618	0.017400
0.3034	18.16	0.469881	0.915188	0.030048	0.000987
0.3034	18.53	0.469881	0.912513	0.122499	0.016445
0.3034	18.90	0.469881	0.938482	0.019122	0.000390
0.3034	19.27	0.469881	0.885163	0.161661	0.029525
0.3034	19.63	0.469881	0.926618	0.018247	0.000359
0.3034	20.00	0.469881	0.936780	0.023368	0.000583
0.3103	2.00	0.405325	0.000000	0.000000	0.000000
0.3103	2.37	0.405325	0.000000	0.000000	0.000000
0.3103	2.73	0.405325	0.000000	0.000000	0.000000
0.3103	3.10	0.405325	0.000000	0.000000	0.000000
0.3103	3.47	0.405325	0.000000	0.000000	0.000000
0.3103	3.84	0.405325	0.000000	0.000000	0.000000
0.3103	4.20	0.405325	0.000000	0.000000	0.000000
0.3103	4.57	0.405325	0.000000	0.000000	0.000000
0.3103	4.94	0.405325	0.000000	0.000000	0.000000
0.3103	5.31	0.405325	0.000000	0.000000	0.000000
0.3103	5.67	0.405325	0.000000	0.000000	0.000000
0.3103	6.04	0.405325	0.000000	0.000000	0.000000
0.3103	6.41	0.405325	0.000000	0.000000	0.000000
0.3103	6.78	0.405325	0.000000	0.000000	0.000000
0.3103	7.14	0.405325	0.000000	0.000000	0.000000
0.3103	7.51	0.405325	0.000000	0.000000	0.000000
0.3103	7.88	0.405325	0.000000	0.000000	0.000000
0.3103	8.24	0.405325	0.000000	0.000000	0.000000
0.3103	8.61	0.405325	0.000000	0.000000	0.000000
0.3103	8.98	0.405325	0.000000	0.000000	0.000000
0.3103	9.35	0.405325	0.000000	0.000000	0.000000
0.3103	9.71	0.405325	0.000000	0.000000	0.000000
0.3103	10.08	0.405325	0.082661	0.000000	0.000000
0.3103	10.45	0.405325	0.102823	0.014065	0.001924
0.3103	10.82	0.405325	0.111391	0.019618	0.003455
0.3103	11.18	0.405325	0.136341	0.077568	0.044131
0.3103	11.55	0.405325	0.117314	0.045576	0.017707
0.3103	11.92	0.405325	0.138777	0.074334	0.039816
0.3103	12.29	0.405325	0.201512	0.119775	0.071192
0.3103	12.65	0.405325	0.252016	0.135038	0.072358
0.3103	13.02	0.405325	0.234325	0.163873	0.114603
0.3103	13.39	0.405325	0.395464	0.218668	0.120910
0.3103	13.76	0.405325	0.515905	0.194019	0.072966
0.3103	14.12	0.405325	0.680935	0.169523	0.042204
0.3103	14.49	0.405325	0.764431	0.051307	0.003444
0.3103	14.86	0.405325	0.762097	0.160695	0.033884
0.3103	15.22	0.405325	0.784577	0.055582	0.003938
0.3103	15.59	0.405325	0.824698	0.041637	0.002102
0.3103	15.96	0.405325	0.822876	0.107255	0.013980
0.3103	16.33	0.405325	0.827896	0.164375	0.032636
0.3103	16.69	0.405325	0.874359	0.122123	0.017057
0.3103	17.06	0.405325	0.913162	0.031250	0.001069
0.3103	17.43	0.405325	0.916589	0.030564	0.001019
0.3103	17.80	0.405325	0.915369	0.022032	0.000530
0.3103	18.16	0.405325	0.928181	0.014584	0.000229
0.3103	18.53	0.405325	0.932547	0.017903	0.000344
0.3103	18.90	0.405325	0.938306	0.020150	0.000433
0.3103	19.27	0.405325	0.946704	0.016501	0.000288
0.3103	19.63	0.405325	0.953629	0.011476	0.000138
0.3103	20.00	0.405325	0.957168	0.010516	0.000116
0.3169	2.00	0.471136	0.000000	0.000000	0.000000
0.3169	2.37	0.471136	0.000000	0.000000	0.000000
0.3169	2.73	0.471136	0.000000	0.000000	0.000000
0.3169	3.10	0.471136	0.000000	0.000000	0.000000
0.3169	3.47	0.471136	0.000000	0.000000	0.000000
0.3169	3.84	0.471136	0.000000	0.000000	0.000000
0.3169	4.20	0.471136	0.000000	0.000000	0.000000
0.3169	4.57	0.471136	0.000000	0.000000	0.000000
0.3169	4.94	0.471136	0.000000	0.000000	0.000000
0.3169	5.31	0.471136	0.000000	0.000000	0.000000
0.3169	5.67	0.471136	0.000000	0.000000	0.000000
0.3169	6.04	0.471136	0.000000	0.000000	0.000000
0.3169	6.41	0.471136	0.000000	0.000000	0.000000
0.3169	6.78	0.471136	0.000000	0.000000	0.000000
0.3169	7.14	0.471136	0.000000	0.000000	0.000000
0.3169	7.51	0.471136	0.000000	0.000000	0.000000
0.3169	7.88	0.471136	0.000000	0.000000	0.000000
0.3169	8.24	0.471136	0.000000	0.000000	0.000000
0.3169	8.61	0.471136	0.089431	0.000000	0.000000
0.3169	8.98	0.471136	0.131098	0.031504	0.007571
0.3169	9.35	0.471136	0.195122	0.046748	0.011200
0.3169	9.71	0.471136	0.153963	0.061252	0.024368
0.3169	10.08	0.471136	0.208333	0.113648	0.061996
0.3169	10.45	0.471136	0.182588	0.128397	0.090290
0.3169	10.82	0.471136	0.286314	0.134603	0.063280
0.3169	11.18	0.471136	0.288787	0.168912	0.098797
0.3169	11.55	0.471136	0.461220	0.117806	0.030090
0.3169	11.92	0.471136	0.493378	0.155950	0.049294
0.3169	12.29	0.471136	0.460095	0.186441	0.075550
0.3169	12.65	0.471136	0.542375	0.116004	0.024811
0.3169	13.02	0.471136	0.543264	0.130081	0.031147
0.3169	13.39	0.471136	0.583559	0.113124	0.021929
0.3169	13.76	0.471136	0.615524	0.082150	0.010964
0.3169	14.12	0.471136	0.596932	0.163787	0.044940
0.3169	14.49	0.471136	0.590496	0.164770	0.045977
0.3169	14.86	0.471136	0.603659	0.188684	0.058977
0.3169	15.22	0.471136	0.636905	0.157997	0.039194
0.3169	15.59	0.471136	0.677700	0.159755	0.037659
0.3169	15.96	0.471136	0.687701	0.184464	0.049480
0.3169	16.33	0.471136	0.665837	0.244681	0.089915
0.3169	16.69	0.471136	0.599354	0.234472	0.091727
0.3169	17.06	0.471136	0.683015	0.197258	0.056969
0.3169	17.43	0.471136	0.619011	0.252596	0.103075
0.3169	17.80	0.471136	0.762671	0.165430	0.035883
0.3169	18.16	0.471136	0.776762	0.168391	0.036505
0.3169	18.53	0.471136	0.805585	0.183314	0.041714
0.3169	18.90	0.471136	0.820533	0.185202	0.041802
0.3169	19.27	0.471136	0.824457	0.168519	0.034445
0.3169	19.63	0.471136	0.758980	0.202061	0.053794
0.3169	20.00	0.471136	0.849939	0.134557	0.021302
0.3263	2.00	0.483668	0.000000	0.000000	0.000000
0.3263	2.37	0.483668	0.000000	0.000000	0.000000
0.3263	2.73	0.483668	0.000000	0.000000	0.000000
0.3263	3.10	0.483668	0.000000	0.000000	0.000000
0.3263	3.47	0.483668	0.000000	0.000000	0.000000
0.3263	3.84	0.483668	0.000000	0.000000	0.000000
0.3263	4.20	0.483668	0.000000	0.000000	0.000000
0.3263	4.57	0.483668	0.000000	0.000000	0.000000
0.3263	4.94	0.483668	0.000000	0.000000	0.000000
0.3263	5.31	0.483668	0.000000	0.000000	0.000000
0.3263	5.67	0.483668	0.000000	0.000000	0.000000
0.3263	6.04	0.483668	0.000000	0.000000	0.000000
0.3263	6.41	0.483668	0.000000	0.000000	0.000000
0.3263	6.78	0.483668	0.000000	0.000000	0.000000
0.3263	7.14	0.483668	0.000000	0.000000	0.000000
0.3263	7.51	0.483668	0.000000	0.000000	0.000000
0.3263	7.88	0.483668	0.000000	0.000000	0.000000
0.3263	8.24	0.483668	0.000000	0.000000	0.000000
0.3263	8.61	0.483668	0.000000	0.000000	0.000000
0.3263	8.98	0.483668	0.000000	0.000000	0.000000
0.3263	9.35	0.483668	0.087866	0.000000	0.000000
0.3263	9.71	0.483668	0.000000	0.000000	0.000000
0.3263	10.08	0.483668	0.000000	0.000000	0.000000
0.3263	10.45	0.483668	0.084728	0.003138	0.000116
0.3263	10.82	0.483668	0.118828	0.041745	0.014665
0.3263	11.18	0.483668	0.118724	0.036592	0.011278
0.3263	11.55	0.483668	0.137695	0.050484	0.018510
0.3263	11.92	0.483668	0.121434	0.053540	0.023606
0.3263	12.29	0.483668	0.146705	0.049637	0.016794
0.3263	12.65	0.483668	0.149671	0.064710	0.027978
0.3263	13.02	0.483668	0.175366	0.077970	0.034667
0.3263	13.39	0.483668	0.216677	0.104199	0.050109
0.3263	13.76	0.483668	0.285005	0.111584	0.043687
0.3263	14.12	0.483668	0.336092	0.140949	0.059110
0.3263	14.49	0.483668	0.365886	0.149952	0.061455
0.3263	14.86	0.483668	0.466434	0.107519	0.024784
0.3263	15.22	0.483668	0.496453	0.111953	0.025246
0.3263	15.59	0.483668	0.509589	0.141229	0.039141
0.3263	15.96	0.483668	0.533180	0.131660	0.032511
0.3263	16.33	0.483668	0.518786	0.145586	0.040855
0.3263	16.69	0.483668	0.556109	0.160664	0.046417
0.3263	17.06	0.483668	0.573427	0.161797	0.045652
0.3263	17.43	0.483668	0.632312	0.164649	0.042873
0.3263	17.80	0.483668	0.669848	0.150085	0.033628
0.3263	18.16	0.483668	0.661548	0.170589	0.043989
0.3263	18.53	0.483668	0.729485	0.136906	0.025694
0.3263	18.90	0.483668	0.759632	0.103412	0.014078
0.3263	19.27	0.483668	0.753864	0.143952	0.027488
0.3263	19.63	0.483668	0.791187	0.042317	0.002263
0.3263	20.00	0.483668	0.795110	0.108713	0.014864
0.3514	2.00	0.458556	0.000000	0.000000	0.000000
0.3514	2.37	0.458556	0.000000	0.000000	0.000000
0.3514	2.73	0.458556	0.000000	0.000000	0.000000
0.3514	3.10	0.458556	0.000000	0.000000	0.000000
0.3514	3.47	0.458556	0.000000	0.000000	0.000000
0.3514	3.84	0.458556	0.000000	0.000000	0.000000
0.3514	4.20	0.458556	0.000000	0.000000	0.000000
0.3514	4.57	0.458556	0.000000	0.000000	0.000000
0.3514	4.94	0.458556	0.000000	0.000000	0.000000
0.3514	5.31	0.458556	0.000000	0.000000	0.000000
0.3514	5.67	0.458556	0.000000	0.000000	0.000000
0.3514	6.04	0.458556	0.000000	0.000000	0.000000
0.3514	6.41	0.458556	0.000000	0.000000	0.000000
0.3514	6.78	0.458556	0.000000	0.000000	0.000000
0.3514	7.14	0.458556	0.000000	0.000000	0.000000
0.3514	7.51	0.458556	0.000000	0.000000	0.000000
0.3514	7.88	0.458556	0.000000	0.000000	0.000000
0.3514	8.24	0.458556	0.000000	0.000000	0.000000
0.3514	8.61	0.458556	0.000000	0.000000	0.000000
0.3514	8.98	0.458556	0.105724	0.027121	0.006957
0.3514	9.35	0.458556	0.136364	0.049495	0.017965
0.3514	9.71	0.458556	0.131313	0.032449	0.008019
0.3514	10.08	0.458556	0.169024	0.071931	0.030612
0.3514	10.45	0.458556	0.169881	0.069798	0.028678
0.3514	10.82	0.458556	0.228877	0.113489	0.056274
0.3514	11.18	0.458556	0.279677	0.164591	0.096862
0.3514	11.55	0.458556	0.361293	0.145785	0.058825
0.3514	11.92	0.458556	0.533207	0.132749	0.033050
0.3514	12.29	0.458556	0.584343	0.094078	0.015146
0.3514	12.65	0.458556	0.546542	0.178608	0.058368
0.3514	13.02	0.458556	0.614141	0.033019	0.001775
0.3514	13.39	0.458556	0.618564	0.093753	0.014210
0.3514	13.76	0.458556	0.629866	0.096604	0.014816
0.3514	14.12	0.458556	0.639257	0.091945	0.013225
0.3514	14.49	0.458556	0.628825	0.151796	0.036643
0.3514	14.86	0.458556	0.622124	0.175181	0.049329
0.3514	15.22	0.458556	0.641414	0.154715	0.037319
0.3514	15.59	0.458556	0.691993	0.095658	0.013223
0.3514	15.96	0.458556	0.692694	0.135084	0.026343
0.3514	16.33	0.458556	0.750092	0.114662	0.017528
0.3514	16.69	0.458556	0.781770	0.042336	0.002293
0.3514	17.06	0.458556	0.774699	0.040139	0.002080
0.3514	17.43	0.458556	0.764738	0.109926	0.015801
0.3514	17.80	0.458556	0.787654	0.043677	0.002422
0.3514	18.16	0.458556	0.760499	0.171473	0.038663
0.3514	18.53	0.458556	0.812929	0.032609	0.001308
0.3514	18.90	0.458556	0.833641	0.032274	0.001250
0.3514	19.27	0.458556	0.845132	0.027191	0.000875
0.3514	19.63	0.458556	0.852789	0.023178	0.000630
0.3514	20.00	0.458556	0.828929	0.079569	0.007638
0.3951	2.00	0.356000	0.000000	0.000000	0.000000
0.3951	2.37	0.356000	0.000000	0.000000	0.000000
0.3951	2.73	0.356000	0.000000	0.000000	0.000000
0.3951	3.10	0.356000	0.000000	0.000000	0.000000
0.3951	3.47	0.356000	0.000000	0.000000	0.000000
0.3951	3.84	0.356000	0.000000	0.000000	0.000000
0.3951	4.20	0.356000	0.000000	0.000000	0.000000
0.3951	4.57	0.356000	0.000000	0.000000	0.000000
0.3951	4.94	0.356000	0.000000	0.000000	0.000000
0.3951	5.31	0.356000	0.000000	0.000000	0.000000
0.3951	5.67	0.356000	0.000000	0.000000	0.000000
0.3951	6.04	0.356000	0.000000	0.000000	0.000000
0.3951	6.41	0.356000	0.000000	0.000000	0.000000
0.3951	6.78	0.356000	0.000000	0.000000	0.000000
0.3951	7.14	0.356000	0.000000	0.000000	0.000000
0.3951	7.51	0.356000	0.000000	0.000000	0.000000
0.3951	7.88	0.356000	0.000000	0.000000	0.000000
0.3951	8.24	0.356000	0.000000	0.000000	0.000000
0.3951	8.61	0.356000	0.000000	0.000000	0.000000
0.3951	8.98	0.356000	0.000000	0.000000	0.000000
0.3951	9.35	0.356000	0.000000	0.000000	0.000000
0.3951	9.71	0.356000	0.000000	0.000000	0.000000
0.3951	10.08	0.356000	0.000000	0.000000	0.000000
0.3951	10.45	0.356000	0.093306	0.000000	0.000000
0.3951	10.82	0.356000	0.088235	0.004648	0.000245
0.3951	11.18	0.356000	0.126775	0.051421	0.020857
0.3951	11.55	0.356000	0.111900	0.044176	0.017440
0.3951	11.92	0.356000	0.132945	0.044923	0.015180
0.3951	12.29	0.356000	0.177928	0.082237	0.038009
0.3951	12.65	0.356000	0.173010	0.107013	0.066191
0.3951	13.02	0.356000	0.337970	0.160461	0.076184
0.3951	13.39	0.356000	0.430071	0.175214	0.071384
0.3951	13.76	0.356000	0.505022	0.162025	0.051982
0.3951	14.12	0.356000	0.587840	0.141141	0.033888
0.3951	14.49	0.356000	0.603162	0.100077	0.016605
0.3951	14.86	0.356000	0.664374	0.136445	0.028022
0.3951	15.22	0.356000	0.700033	0.135436	0.026203
0.3951	15.59	0.356000	0.790333	0.029642	0.001112
0.3951	15.96	0.356000	0.811968	0.027526	0.000933
0.3951	16.33	0.356000	0.812663	0.019942	0.000489
0.3951	16.69	0.356000	0.812680	0.025107	0.000776
0.3951	17.06	0.356000	0.823058	0.023226	0.000655
0.3951	17.43	0.356000	0.817686	0.019003	0.000442
0.3951	17.80	0.356000	0.824709	0.018638	0.000421
0.3951	18.16	0.356000	0.830606	0.020613	0.000512
0.3951	18.53	0.356000	0.828938	0.106519	0.013688
0.3951	18.90	0.356000	0.850490	0.020900	0.000514
0.3951	19.27	0.356000	0.852059	0.015462	0.000281
0.3951	19.63	0.356000	0.855455	0.012232	0.000175
0.3951	20.00	0.356000	0.858900	0.104195	0.012640
0.4060	2.00	0.399609	0.000000	0.000000	0.000000
0.4060	2.37	0.399609	0.000000	0.000000	0.000000
0.4060	2.73	0.399609	0.000000	0.000000	0.000000
0.4060	3.10	0.399609	0.000000	0.000000	0.000000
0.4060	3.47	0.399609	0.000000	0.000000	0.000000
0.4060	3.84	0.399609	0.000000	0.000000	0.000000
0.4060	4.20	0.399609	0.000000	0.000000	0.000000
0.4060	4.57	0.399609	0.000000	0.000000	0.000000
0.4060	4.94	0.399609	0.000000	0.000000	0.000000
0.4060	5.31	0.399609	0.000000	0.000000	0.000000
0.4060	5.67	0.399609	0.000000	0.000000	0.000000
0.4060	6.04	0.399609	0.000000	0.000000	0.000000
0.4060	6.41	0.399609	0.000000	0.000000	0.000000
0.4060	6.78	0.399609	0.000000	0.000000	0.000000
0.4060	7.14	0.399609	0.000000	0.000000	0.000000
0.4060	7.51	0.399609	0.000000	0.000000	0.000000
0.4060	7.88	0.399609	0.000000	0.000000	0.000000
0.4060	8.24	0.399609	0.000000	0.000000	0.000000
0.4060	8.61	0.399609	0.000000	0.000000	0.000000
0.4060	8.98	0.399609	0.000000	0.000000	0.000000
0.4060	9.35	0.399609	0.000000	0.000000	0.000000
0.4060	9.71	0.399609	0.081633	0.000000	0.000000
0.4060	10.08	0.399609	0.085714	0.000000	0.000000
0.4060	10.45	0.399609	0.102381	0.023341	0.005321
0.4060	10.82	0.399609	0.129705	0.037767	0.010997
0.4060	11.18	0.399609	0.149490	0.042468	0.012064
0.4060	11.55	0.399609	0.142857	0.060743	0.025828
0.4060	11.92	0.399609	0.179667	0.095751	0.051029
0.4060	12.29	0.399609	0.198389	0.119989	0.072571
0.4060	12.65	0.399609	0.324437	0.160740	0.079638
0.4060	13.02	0.399609	0.425037	0.200586	0.094662
0.4060	13.39	0.399609	0.554881	0.181941	0.059657
0.4060	13.76	0.399609	0.658265	0.161594	0.039669
0.4060	14.12	0.399609	0.640510	0.127790	0.025496
0.4060	14.49	0.399609	0.684619	0.149103	0.032473
0.4060	14.86	0.399609	0.835969	0.024510	0.000719
0.4060	15.22	0.399609	0.855561	0.023837	0.000664
0.4060	15.59	0.399609	0.871877	0.018631	0.000398
0.4060	15.96	0.399609	0.873226	0.016230	0.000302
0.4060	16.33	0.399609	0.883819	0.011410	0.000147
0.4060	16.69	0.399609	0.890318	0.009734	0.000106
0.4060	17.06	0.399609	0.898339	0.011605	0.000150
0.4060	17.43	0.399609	0.902829	0.012484	0.000173
0.4060	17.80	0.399609	0.916754	0.010157	0.000113
0.4060	18.16	0.399609	0.919434	0.013294	0.000192
0.4060	18.53	0.399609	0.917347	0.008729	0.000083
0.4060	18.90	0.399609	0.922630	0.010225	0.000113
0.4060	19.27	0.399609	0.927737	0.008496	0.000078
0.4060	19.63	0.399609	0.919683	0.009477	0.000098
0.4060	20.00	0.399609	0.921224	0.007519	0.000061
0.4503	2.00	0.328970	0.000000	0.000000	0.000000
0.4503	2.37	0.328970	0.000000	0.000000	0.000000
0.4503	2.73	0.328970	0.000000	0.000000	0.000000
0.4503	3.10	0.328970	0.000000	0.000000	0.000000
0.4503	3.47	0.328970	0.000000	0.000000	0.000000
0.4503	3.84	0.328970	0.000000	0.000000	0.000000
0.4503	4.20	0.328970	0.000000	0.000000	0.000000
0.4503	4.57	0.328970	0.000000	0.000000	0.000000
0.4503	4.94	0.328970	0.000000	0.000000	0.000000
0.4503	5.31	0.328970	0.000000	0.000000	0.000000
0.4503	5.67	0.328970	0.000000	0.000000	0.000000
0.4503	6.04	0.328970	0.000000	0.000000	0.000000
0.4503	6.41	0.328970	0.000000	0.000000	0.000000
0.4503	6.78	0.328970	0.000000	0.000000	0.000000
0.4503	7.14	0.328970	0.000000	0.000000	0.000000
0.4503	7.51	0.328970	0.000000	0.000000	0.000000
0.4503	7.88	0.328970	0.000000	0.000000	0.000000
0.4503	8.24	0.328970	0.000000	0.000000	0.000000
0.4503	8.61	0.328970	0.000000	0.000000	0.000000
0.4503	8.98	0.328970	0.000000	0.000000	0.000000
0.4503	9.35	0.328970	0.000000	0.000000	0.000000
0.4503	9.71	0.328970	0.000000	0.000000	0.000000
0.4503	10.08	0.328970	0.000000	0.000000	0.000000
0.4503	10.45	0.328970	0.080082	0.000000	0.000000
0.4503	10.82	0.328970	0.080082	0.000000	0.000000
0.4503	11.18	0.328970	0.097194	0.018695	0.003596
0.4503	11.55	0.328970	0.110883	0.032467	0.009506
0.4503	11.92	0.328970	0.148206	0.066862	0.030164
0.4503	12.29	0.328970	0.149384	0.063851	0.027292
0.4503	12.65	0.328970	0.194519	0.084942	0.037092
0.4503	13.02	0.328970	0.262834	0.105184	0.042094
0.4503	13.39	0.328970	0.341860	0.124757	0.045529
0.4503	13.76	0.328970	0.402631	0.104338	0.027038
0.4503	14.12	0.328970	0.470796	0.100968	0.021654
0.4503	14.49	0.328970	0.534880	0.064087	0.007679
0.4503	14.86	0.328970	0.520485	0.102237	0.020082
0.4503	15.22	0.328970	0.581059	0.045689	0.003593
0.4503	15.59	0.328970	0.591424	0.083394	0.011759
0.4503	15.96	0.328970	0.629578	0.082497	0.010810
0.4503	16.33	0.328970	0.604295	0.176448	0.051521
0.4503	16.69	0.328970	0.675374	0.091854	0.012492
0.4503	17.06	0.328970	0.647593	0.148871	0.034223
0.4503	17.43	0.328970	0.688433	0.093501	0.012699
0.4503	17.80	0.328970	0.762647	0.037300	0.001824
0.4503	18.16	0.328970	0.776974	0.040016	0.002061
0.4503	18.53	0.328970	0.793338	0.030714	0.001189
0.4503	18.90	0.328970	0.752139	0.138653	0.025560
0.4503	19.27	0.328970	0.778496	0.106112	0.014463
0.4503	19.63	0.328970	0.802001	0.039816	0.001977
0.4503	20.00	0.328970	0.652257	0.254007	0.098917
0.4978	2.00	0.375467	0.000000	0.000000	0.000000
0.4978	2.37	0.375467	0.000000	0.000000	0.000000
0.4978	2.73	0.375467	0.000000	0.000000	0.000000
0.4978	3.10	0.375467	0.000000	0.000000	0.000000
0.4978	3.47	0.375467	0.000000	0.000000	0.000000
0.4978	3.84	0.375467	0.000000	0.000000	0.000000
0.4978	4.20	0.375467	0.000000	0.000000	0.000000
0.4978	4.57	0.375467	0.000000	0.000000	0.000000
0.4978	4.94	0.375467	0.000000	0.000000	0.000000
0.4978	5.31	0.375467	0.000000	0.000000	0.000000
0.4978	5.67	0.375467	0.000000	0.000000	0.000000
0.4978	6.04	0.375467	0.000000	0.000000	0.000000
0.4978	6.41	0.375467	0.000000	0.000000	0.000000
0.4978	6.78	0.375467	0.000000	0.000000	0.000000
0.4978	7.14	0.375467	0.000000	0.000000	0.000000
0.4978	7.51	0.375467	0.000000	0.000000	0.000000
0.4978	7.88	0.375467	0.000000	0.000000	0.000000
0.4978	8.24	0.375467	0.000000	0.000000	0.000000
0.4978	8.61	0.375467	0.000000	0.000000	0.000000
0.4978	8.98	0.375467	0.000000	0.000000	0.000000
0.4978	9.35	0.375467	0.000000	0.000000	0.000000
0.4978	9.71	0.375467	0.000000	0.000000	0.000000
0.4978	10.08	0.375467	0.085193	0.000000	0.000000
0.4978	10.45	0.375467	0.101420	0.000000	0.000000
0.4978	10.82	0.375467	0.000000	0.000000	0.000000
0.4978	11.18	0.375467	0.095335	0.000000	0.000000
0.4978	11.55	0.375467	0.094320	0.003043	0.000098
0.4978	11.92	0.375467	0.104801	0.024228	0.005601
0.4978	12.29	0.375467	0.116836	0.029565	0.007481
0.4978	12.65	0.375467	0.135349	0.053200	0.020911
0.4978	13.02	0.375467	0.149087	0.080568	0.043539
0.4978	13.39	0.375467	0.170002	0.092134	0.049933
0.4978	13.76	0.375467	0.237370	0.132845	0.074347
0.4978	14.12	0.375467	0.263278	0.130022	0.064213
0.4978	14.49	0.375467	0.240326	0.133592	0.074261
0.4978	14.86	0.375467	0.326228	0.165267	0.083725
0.4978	15.22	0.375467	0.393624	0.166619	0.070529
0.4978	15.59	0.375467	0.541539	0.173163	0.055370
0.4978	15.96	0.375467	0.661689	0.191676	0.055524
0.4978	16.33	0.375467	0.731863	0.129764	0.023008
0.4978	16.69	0.375467	0.799321	0.063363	0.005023
0.4978	17.06	0.375467	0.817753	0.054825	0.003676
0.4978	17.43	0.375467	0.848311	0.038863	0.001780
0.4978	17.80	0.375467	0.843037	0.031956	0.001211
0.4978	18.16	0.375467	0.869060	0.032909	0.001246
0.4978	18.53	0.375467	0.880620	0.023378	0.000621
0.4978	18.90	0.375467	0.920540	0.029689	0.000958
0.4978	19.27	0.375467	0.928830	0.015671	0.000264
0.4978	19.63	0.375467	0.932027	0.025871	0.000718
0.4978	20.00	0.375467	0.941435	0.012389	0.000163
0.5314	2.00	0.404094	0.000000	0.000000	0.000000
0.5314	2.37	0.404094	0.000000	0.000000	0.000000
0.5314	2.73	0.404094	0.000000	0.000000	0.000000
0.5314	3.10	0.404094	0.000000	0.000000	0.000000
0.5314	3.47	0.404094	0.000000	0.000000	0.000000
0.5314	3.84	0.404094	0.000000	0.000000	0.000000
0.5314	4.20	0.404094	0.000000	0.000000	0.000000
0.5314	4.57	0.404094	0.000000	0.000000	0.000000
0.5314	4.94	0.404094	0.000000	0.000000	0.000000
0.5314	5.31	0.404094	0.000000	0.000000	0.000000
0.5314	5.67	0.404094	0.000000	0.000000	0.000000
0.5314	6.04	0.404094	0.000000	0.000000	0.000000
0.5314	6.41	0.404094	0.000000	0.000000	0.000000
0.5314	6.78	0.404094	0.000000	0.000000	0.000000
0.5314	7.14	0.404094	0.000000	0.000000	0.000000
0.5314	7.51	0.404094	0.000000	0.000000	0.000000
0.5314	7.88	0.404094	0.000000	0.000000	0.000000
0.5314	8.24	0.404094	0.000000	0.000000	0.000000
0.5314	8.61	0.404094	0.000000	0.000000	0.000000
0.5314	8.98	0.404094	0.000000	0.000000	0.000000
0.5314	9.35	0.404094	0.000000	0.000000	0.000000
0.5314	9.71	0.404094	0.000000	0.000000	0.000000
0.5314	10.08	0.404094	0.000000	0.000000	0.000000
0.5314	10.45	0.404094	0.080645	0.000000	0.000000
0.5314	10.82	0.404094	0.118448	0.033445	0.009444
0.5314	11.18	0.404094	0.107527	0.035204	0.011526
0.5314	11.55	0.404094	0.138105	0.049065	0.017431
0.5314	11.92	0.404094	0.160786	0.077740	0.037587
0.5314	12.29	0.404094	0.179435	0.079090	0.034860
0.5314	12.65	0.404094	0.181842	0.082288	0.037237
0.5314	13.02	0.404094	0.223099	0.104357	0.048814
0.5314	13.39	0.404094	0.262003	0.106508	0.043297
0.5314	13.76	0.404094	0.404906	0.140957	0.049070
0.5314	14.12	0.404094	0.452926	0.153583	0.052079
0.5314	14.49	0.404094	0.520865	0.163991	0.051632
0.5314	14.86	0.404094	0.586118	0.122126	0.025447
0.5314	15.22	0.404094	0.645070	0.131063	0.026629
0.5314	15.59	0.404094	0.696669	0.050635	0.003680
0.5314	15.96	0.404094	0.722782	0.038269	0.002026
0.5314	16.33	0.404094	0.755407	0.040395	0.002160
0.5314	16.69	0.404094	0.734879	0.175093	0.041718
0.5314	17.06	0.404094	0.875516	0.036029	0.001483
0.5314	17.43	0.404094	0.875563	0.031371	0.001124
0.5314	17.80	0.404094	0.802881	0.151247	0.028492
0.5314	18.16	0.404094	0.813592	0.153351	0.028904
0.5314	18.53	0.404094	0.835235	0.115645	0.016012
0.5314	18.90	0.404094	0.865843	0.035586	0.001463
0.5314	19.27	0.404094	0.870884	0.033436	0.001284
0.5314	19.63	0.404094	0.892970	0.033874	0.001285
0.5314	20.00	0.404094	0.856452	0.183993	0.039528
