base_sigma	MAX_EXC_WEIGHT	Gini	mean_peaks_height	std_peaks_height	fano_factor
0.0446	2.00	0.881195	0.000000	0.000000	0.000000
0.0446	2.37	0.881195	0.000000	0.000000	0.000000
0.0446	2.73	0.881195	0.000000	0.000000	0.000000
0.0446	3.10	0.881195	0.000000	0.000000	0.000000
0.0446	3.47	0.881195	0.050201	0.000000	0.000000
0.0446	3.84	0.881195	0.000000	0.000000	0.000000
0.0446	4.20	0.881195	0.000000	0.000000	0.000000
0.0446	4.57	0.881195	0.000000	0.000000	0.000000
0.0446	4.94	0.881195	0.050201	0.000000	0.000000
0.0446	5.31	0.881195	0.056225	0.000000	0.000000
0.0446	5.67	0.881195	0.060241	0.004016	0.000268
0.0446	6.04	0.881195	0.515491	0.397783	0.306952
0.0446	6.41	0.881195	0.539759	0.394290	0.288026
0.0446	6.78	0.881195	0.646475	0.351010	0.190584
0.0446	7.14	0.881195	0.675559	0.343107	0.174259
0.0446	7.51	0.881195	0.801037	0.206362	0.053163
0.0446	7.88	0.881195	0.753299	0.281182	0.104956
0.0446	8.24	0.881195	0.865462	0.015969	0.000295
0.0446	8.61	0.881195	0.842612	0.148279	0.026093
0.0446	8.98	0.881195	0.866362	0.003521	0.000014
0.0446	9.35	0.881195	0.866466	0.003143	0.000011
0.0446	9.71	0.881195	0.866027	0.003992	0.000018
0.0446	10.08	0.881195	0.868223	0.002497	0.000007
0.0446	10.45	0.881195	0.868537	0.002407	0.000007
0.0446	10.82	0.881195	0.866522	0.003429	0.000014
0.0446	11.18	0.881195	0.867411	0.003321	0.000013
0.0446	11.55	0.881195	0.867896	0.003156	0.000011
0.0446	11.92	0.881195	0.867411	0.003285	0.000012
0.0446	12.29	0.881195	0.866801	0.002993	0.000010
0.0446	12.65	0.881195	0.857551	0.090230	0.009494
0.0446	13.02	0.881195	0.846749	0.123262	0.017943
0.0446	13.39	0.881195	0.854740	0.106865	0.013361
0.0446	13.76	0.881195	0.867830	0.002647	0.000008
0.0446	14.12	0.881195	0.867894	0.003266	0.000012
0.0446	14.49	0.881195	0.870629	0.003148	0.000011
0.0446	14.86	0.881195	0.870164	0.003439	0.000014
0.0446	15.22	0.881195	0.863950	0.002884	0.000010
0.0446	15.59	0.881195	0.868745	0.002773	0.000009
0.0446	15.96	0.881195	0.868018	0.002899	0.000010
0.0446	16.33	0.881195	0.864575	0.002663	0.000008
0.0446	16.69	0.881195	0.867060	0.002736	0.000009
0.0446	17.06	0.881195	0.868464	0.003302	0.000013
0.0446	17.43	0.881195	0.868834	0.002939	0.000010
0.0446	17.80	0.881195	0.868025	0.003332	0.000013
0.0446	18.16	0.881195	0.868012	0.002880	0.000010
0.0446	18.53	0.881195	0.865631	0.002920	0.000010
0.0446	18.90	0.881195	0.864565	0.003296	0.000013
0.0446	19.27	0.881195	0.866597	0.002766	0.000009
0.0446	19.63	0.881195	0.869294	0.003202	0.000012
0.0446	20.00	0.881195	0.864431	0.002439	0.000007
0.0513	2.00	0.869633	0.000000	0.000000	0.000000
0.0513	2.37	0.869633	0.000000	0.000000	0.000000
0.0513	2.73	0.869633	0.000000	0.000000	0.000000
0.0513	3.10	0.869633	0.000000	0.000000	0.000000
0.0513	3.47	0.869633	0.000000	0.000000	0.000000
0.0513	3.84	0.869633	0.000000	0.000000	0.000000
0.0513	4.20	0.869633	0.050201	0.000000	0.000000
0.0513	4.57	0.869633	0.052209	0.000000	0.000000
0.0513	4.94	0.869633	0.054217	0.000000	0.000000
0.0513	5.31	0.869633	0.053213	0.003012	0.000170
0.0513	5.67	0.869633	0.056894	0.005758	0.000583
0.0513	6.04	0.869633	0.065261	0.009888	0.001498
0.0513	6.41	0.869633	0.160643	0.249140	0.386390
0.0513	6.78	0.869633	0.306627	0.371772	0.450759
0.0513	7.14	0.869633	0.383423	0.397508	0.412112
0.0513	7.51	0.869633	0.689042	0.352895	0.180736
0.0513	7.88	0.869633	0.823855	0.223737	0.060761
0.0513	8.24	0.869633	0.852101	0.158005	0.029299
0.0513	8.61	0.869633	0.882889	0.002280	0.000006
0.0513	8.98	0.869633	0.886474	0.002914	0.000010
0.0513	9.35	0.869633	0.882342	0.003169	0.000011
0.0513	9.71	0.869633	0.883960	0.004039	0.000018
0.0513	10.08	0.869633	0.885228	0.003296	0.000012
0.0513	10.45	0.869633	0.887845	0.002583	0.000008
0.0513	10.82	0.869633	0.887837	0.002045	0.000005
0.0513	11.18	0.869633	0.888583	0.002167	0.000005
0.0513	11.55	0.869633	0.889329	0.002748	0.000008
0.0513	11.92	0.869633	0.892068	0.003007	0.000010
0.0513	12.29	0.869633	0.892109	0.003084	0.000011
0.0513	12.65	0.869633	0.889884	0.002935	0.000010
0.0513	13.02	0.869633	0.889830	0.003137	0.000011
0.0513	13.39	0.869633	0.890140	0.003683	0.000015
0.0513	13.76	0.869633	0.892109	0.002826	0.000009
0.0513	14.12	0.869633	0.894931	0.003202	0.000011
0.0513	14.49	0.869633	0.895040	0.002318	0.000006
0.0513	14.86	0.869633	0.892489	0.002013	0.000005
0.0513	15.22	0.869633	0.892592	0.002302	0.000006
0.0513	15.59	0.869633	0.891359	0.002349	0.000006
0.0513	15.96	0.869633	0.896512	0.002555	0.000007
0.0513	16.33	0.869633	0.894823	0.003473	0.000013
0.0513	16.69	0.869633	0.895200	0.003466	0.000013
0.0513	17.06	0.869633	0.894704	0.002532	0.000007
0.0513	17.43	0.869633	0.898394	0.002342	0.000006
0.0513	17.80	0.869633	0.893447	0.002602	0.000008
0.0513	18.16	0.869633	0.896375	0.002841	0.000009
0.0513	18.53	0.869633	0.895962	0.002430	0.000007
0.0513	18.90	0.869633	0.893797	0.001975	0.000004
0.0513	19.27	0.869633	0.893895	0.002275	0.000006
0.0513	19.63	0.869633	0.896665	0.002996	0.000010
0.0513	20.00	0.869633	0.893029	0.002779	0.000009
0.0571	2.00	0.853195	0.000000	0.000000	0.000000
0.0571	2.37	0.853195	0.000000	0.000000	0.000000
0.0571	2.73	0.853195	0.000000	0.000000	0.000000
0.0571	3.10	0.853195	0.000000	0.000000	0.000000
0.0571	3.47	0.853195	0.000000	0.000000	0.000000
0.0571	3.84	0.853195	0.052525	0.000000	0.000000
0.0571	4.20	0.853195	0.050505	0.000000	0.000000
0.0571	4.57	0.853195	0.050505	0.000000	0.000000
0.0571	4.94	0.853195	0.054545	0.000000	0.000000
0.0571	5.31	0.853195	0.052525	0.000000	0.000000
0.0571	5.67	0.853195	0.062121	0.013429	0.002903
0.0571	6.04	0.853195	0.064141	0.013767	0.002955
0.0571	6.41	0.853195	0.106566	0.072353	0.049124
0.0571	6.78	0.853195	0.255700	0.323711	0.409811
0.0571	7.14	0.853195	0.334776	0.374735	0.419464
0.0571	7.51	0.853195	0.461651	0.410043	0.364204
0.0571	7.88	0.853195	0.759273	0.302679	0.120661
0.0571	8.24	0.853195	0.656277	0.374047	0.213189
0.0571	8.61	0.853195	0.774387	0.288998	0.107853
0.0571	8.98	0.853195	0.864358	0.150037	0.026044
0.0571	9.35	0.853195	0.895785	0.002833	0.000009
0.0571	9.71	0.853195	0.898794	0.004335	0.000021
0.0571	10.08	0.853195	0.899663	0.003777	0.000016
0.0571	10.45	0.853195	0.905466	0.005157	0.000029
0.0571	10.82	0.853195	0.905846	0.003297	0.000012
0.0571	11.18	0.853195	0.906955	0.002855	0.000009
0.0571	11.55	0.853195	0.898817	0.003359	0.000013
0.0571	11.92	0.853195	0.900112	0.004025	0.000018
0.0571	12.29	0.853195	0.903760	0.002823	0.000009
0.0571	12.65	0.853195	0.905628	0.002880	0.000009
0.0571	13.02	0.853195	0.910019	0.004243	0.000020
0.0571	13.39	0.853195	0.911220	0.003450	0.000013
0.0571	13.76	0.853195	0.903186	0.003215	0.000011
0.0571	14.12	0.853195	0.915261	0.003184	0.000011
0.0571	14.49	0.853195	0.915949	0.002644	0.000008
0.0571	14.86	0.853195	0.911536	0.004071	0.000018
0.0571	15.22	0.853195	0.911985	0.003563	0.000014
0.0571	15.59	0.853195	0.915483	0.003255	0.000012
0.0571	15.96	0.853195	0.913073	0.003133	0.000011
0.0571	16.33	0.853195	0.913786	0.003504	0.000013
0.0571	16.69	0.853195	0.913131	0.003097	0.000011
0.0571	17.06	0.853195	0.911654	0.003603	0.000014
0.0571	17.43	0.853195	0.911213	0.003164	0.000011
0.0571	17.80	0.853195	0.915889	0.003364	0.000012
0.0571	18.16	0.853195	0.922146	0.002280	0.000006
0.0571	18.53	0.853195	0.916854	0.003269	0.000012
0.0571	18.90	0.853195	0.920366	0.003519	0.000013
0.0571	19.27	0.853195	0.912433	0.003224	0.000011
0.0571	19.63	0.853195	0.918663	0.002477	0.000007
0.0571	20.00	0.853195	0.911903	0.002760	0.000008
0.0622	2.00	0.850224	0.000000	0.000000	0.000000
0.0622	2.37	0.850224	0.000000	0.000000	0.000000
0.0622	2.73	0.850224	0.000000	0.000000	0.000000
0.0622	3.10	0.850224	0.000000	0.000000	0.000000
0.0622	3.47	0.850224	0.000000	0.000000	0.000000
0.0622	3.84	0.850224	0.000000	0.000000	0.000000
0.0622	4.20	0.850224	0.000000	0.000000	0.000000
0.0622	4.57	0.850224	0.000000	0.000000	0.000000
0.0622	4.94	0.850224	0.000000	0.000000	0.000000
0.0622	5.31	0.850224	0.000000	0.000000	0.000000
0.0622	5.67	0.850224	0.070423	0.000000	0.000000
0.0622	6.04	0.850224	0.054326	0.005247	0.000507
0.0622	6.41	0.850224	0.058099	0.009190	0.001454
0.0622	6.78	0.850224	0.069528	0.017233	0.004271
0.0622	7.14	0.850224	0.241139	0.331401	0.455449
0.0622	7.51	0.850224	0.295487	0.359625	0.437685
0.0622	7.88	0.850224	0.611670	0.381588	0.238052
0.0622	8.24	0.850224	0.510426	0.401658	0.316068
0.0622	8.61	0.850224	0.739655	0.309907	0.129848
0.0622	8.98	0.850224	0.887565	0.011372	0.000146
0.0622	9.35	0.850224	0.832443	0.208572	0.052259
0.0622	9.71	0.850224	0.872915	0.147112	0.024793
0.0622	10.08	0.850224	0.900435	0.015237	0.000258
0.0622	10.45	0.850224	0.906627	0.003859	0.000016
0.0622	10.82	0.850224	0.902994	0.003084	0.000011
0.0622	11.18	0.850224	0.904131	0.003233	0.000012
0.0622	11.55	0.850224	0.905950	0.002900	0.000009
0.0622	11.92	0.850224	0.902414	0.003896	0.000017
0.0622	12.29	0.850224	0.904538	0.003924	0.000017
0.0622	12.65	0.850224	0.913034	0.003004	0.000010
0.0622	13.02	0.850224	0.913425	0.003501	0.000013
0.0622	13.39	0.850224	0.913693	0.003417	0.000013
0.0622	13.76	0.850224	0.915281	0.003191	0.000011
0.0622	14.12	0.850224	0.910992	0.003618	0.000014
0.0622	14.49	0.850224	0.911310	0.003497	0.000013
0.0622	14.86	0.850224	0.914410	0.003017	0.000010
0.0622	15.22	0.850224	0.915493	0.002953	0.000010
0.0622	15.59	0.850224	0.917081	0.002851	0.000009
0.0622	15.96	0.850224	0.916571	0.002920	0.000009
0.0622	16.33	0.850224	0.905592	0.102518	0.011606
0.0622	16.69	0.850224	0.915803	0.003365	0.000012
0.0622	17.06	0.850224	0.903169	0.095321	0.010060
0.0622	17.43	0.850224	0.916004	0.002609	0.000007
0.0622	17.80	0.850224	0.920452	0.002761	0.000008
0.0622	18.16	0.850224	0.917884	0.003255	0.000012
0.0622	18.53	0.850224	0.914937	0.002723	0.000008
0.0622	18.90	0.850224	0.920312	0.002543	0.000007
0.0622	19.27	0.850224	0.919285	0.003238	0.000011
0.0622	19.63	0.850224	0.919307	0.002455	0.000007
0.0622	20.00	0.850224	0.915080	0.002047	0.000005
0.0671	2.00	0.827857	0.000000	0.000000	0.000000
0.0671	2.37	0.827857	0.000000	0.000000	0.000000
0.0671	2.73	0.827857	0.000000	0.000000	0.000000
0.0671	3.10	0.827857	0.000000	0.000000	0.000000
0.0671	3.47	0.827857	0.000000	0.000000	0.000000
0.0671	3.84	0.827857	0.000000	0.000000	0.000000
0.0671	4.20	0.827857	0.000000	0.000000	0.000000
0.0671	4.57	0.827857	0.000000	0.000000	0.000000
0.0671	4.94	0.827857	0.000000	0.000000	0.000000
0.0671	5.31	0.827857	0.000000	0.000000	0.000000
0.0671	5.67	0.827857	0.056680	0.007205	0.000916
0.0671	6.04	0.827857	0.056680	0.008588	0.001301
0.0671	6.41	0.827857	0.074561	0.030351	0.012355
0.0671	6.78	0.827857	0.124157	0.109447	0.096480
0.0671	7.14	0.827857	0.220901	0.269694	0.329264
0.0671	7.51	0.827857	0.253543	0.279903	0.309004
0.0671	7.88	0.827857	0.413765	0.348561	0.293632
0.0671	8.24	0.827857	0.591369	0.298854	0.151029
0.0671	8.61	0.827857	0.576842	0.356452	0.220265
0.0671	8.98	0.827857	0.771630	0.179122	0.041580
0.0671	9.35	0.827857	0.794081	0.195587	0.048174
0.0671	9.71	0.827857	0.783793	0.190771	0.046433
0.0671	10.08	0.827857	0.845015	0.019658	0.000457
0.0671	10.45	0.827857	0.854374	0.019158	0.000430
0.0671	10.82	0.827857	0.878727	0.005164	0.000030
0.0671	11.18	0.827857	0.884431	0.004550	0.000023
0.0671	11.55	0.827857	0.868132	0.011655	0.000156
0.0671	11.92	0.827857	0.873422	0.006018	0.000041
0.0671	12.29	0.827857	0.885656	0.009019	0.000092
0.0671	12.65	0.827857	0.887371	0.011038	0.000137
0.0671	13.02	0.827857	0.883266	0.005004	0.000028
0.0671	13.39	0.827857	0.884451	0.004854	0.000027
0.0671	13.76	0.827857	0.889516	0.003272	0.000012
0.0671	14.12	0.827857	0.890369	0.003844	0.000017
0.0671	14.49	0.827857	0.891000	0.003025	0.000010
0.0671	14.86	0.827857	0.889676	0.003529	0.000014
0.0671	15.22	0.827857	0.890065	0.004155	0.000019
0.0671	15.59	0.827857	0.892609	0.003304	0.000012
0.0671	15.96	0.827857	0.893595	0.002704	0.000008
0.0671	16.33	0.827857	0.896450	0.003795	0.000016
0.0671	16.69	0.827857	0.898193	0.003527	0.000014
0.0671	17.06	0.827857	0.898637	0.003078	0.000011
0.0671	17.43	0.827857	0.900101	0.003551	0.000014
0.0671	17.80	0.827857	0.905896	0.004122	0.000019
0.0671	18.16	0.827857	0.906415	0.003765	0.000016
0.0671	18.53	0.827857	0.896811	0.002548	0.000007
0.0671	18.90	0.827857	0.898551	0.002853	0.000009
0.0671	19.27	0.827857	0.903350	0.003736	0.000015
0.0671	19.63	0.827857	0.906603	0.002774	0.000008
0.0671	20.00	0.827857	0.898266	0.003828	0.000016
0.0718	2.00	0.801195	0.000000	0.000000	0.000000
0.0718	2.37	0.801195	0.000000	0.000000	0.000000
0.0718	2.73	0.801195	0.000000	0.000000	0.000000
0.0718	3.10	0.801195	0.000000	0.000000	0.000000
0.0718	3.47	0.801195	0.000000	0.000000	0.000000
0.0718	3.84	0.801195	0.000000	0.000000	0.000000
0.0718	4.20	0.801195	0.000000	0.000000	0.000000
0.0718	4.57	0.801195	0.000000	0.000000	0.000000
0.0718	4.94	0.801195	0.000000	0.000000	0.000000
0.0718	5.31	0.801195	0.000000	0.000000	0.000000
0.0718	5.67	0.801195	0.050710	0.000000	0.000000
0.0718	6.04	0.801195	0.054767	0.000000	0.000000
0.0718	6.41	0.801195	0.056119	0.006270	0.000701
0.0718	6.78	0.801195	0.063556	0.011027	0.001913
0.0718	7.14	0.801195	0.103159	0.074870	0.054339
0.0718	7.51	0.801195	0.127789	0.131455	0.135227
0.0718	7.88	0.801195	0.169832	0.246076	0.356549
0.0718	8.24	0.801195	0.261663	0.288129	0.317272
0.0718	8.61	0.801195	0.504828	0.333576	0.220418
0.0718	8.98	0.801195	0.535637	0.332071	0.205869
0.0718	9.35	0.801195	0.765006	0.138299	0.025002
0.0718	9.71	0.801195	0.780498	0.139393	0.024895
0.0718	10.08	0.801195	0.813967	0.006982	0.000060
0.0718	10.45	0.801195	0.818243	0.006624	0.000054
0.0718	10.82	0.801195	0.822423	0.007203	0.000063
0.0718	11.18	0.801195	0.828660	0.004673	0.000026
0.0718	11.55	0.801195	0.809389	0.120493	0.017938
0.0718	11.92	0.801195	0.836207	0.007991	0.000076
0.0718	12.29	0.801195	0.839869	0.004944	0.000029
0.0718	12.65	0.801195	0.841730	0.005366	0.000034
0.0718	13.02	0.801195	0.844471	0.005621	0.000037
0.0718	13.39	0.801195	0.845735	0.006311	0.000047
0.0718	13.76	0.801195	0.843813	0.005435	0.000035
0.0718	14.12	0.801195	0.845735	0.006917	0.000057
0.0718	14.49	0.801195	0.848234	0.005295	0.000033
0.0718	14.86	0.801195	0.857180	0.005805	0.000039
0.0718	15.22	0.801195	0.858376	0.004749	0.000026
0.0718	15.59	0.801195	0.860521	0.004095	0.000019
0.0718	15.96	0.801195	0.861497	0.004638	0.000025
0.0718	16.33	0.801195	0.867089	0.004490	0.000023
0.0718	16.69	0.801195	0.867241	0.004712	0.000026
0.0718	17.06	0.801195	0.854892	0.004770	0.000027
0.0718	17.43	0.801195	0.854817	0.005608	0.000037
0.0718	17.80	0.801195	0.849239	0.006672	0.000052
0.0718	18.16	0.801195	0.851036	0.006883	0.000056
0.0718	18.53	0.801195	0.860634	0.003728	0.000016
0.0718	18.90	0.801195	0.860974	0.004833	0.000027
0.0718	19.27	0.801195	0.865467	0.003938	0.000018
0.0718	19.63	0.801195	0.853015	0.003792	0.000017
0.0718	20.00	0.801195	0.853376	0.003881	0.000018
0.0764	2.00	0.837372	0.000000	0.000000	0.000000
0.0764	2.37	0.837372	0.000000	0.000000	0.000000
0.0764	2.73	0.837372	0.000000	0.000000	0.000000
0.0764	3.10	0.837372	0.000000	0.000000	0.000000
0.0764	3.47	0.837372	0.000000	0.000000	0.000000
0.0764	3.84	0.837372	0.000000	0.000000	0.000000
0.0764	4.20	0.837372	0.000000	0.000000	0.000000
0.0764	4.57	0.837372	0.000000	0.000000	0.000000
0.0764	4.94	0.837372	0.000000	0.000000	0.000000
0.0764	5.31	0.837372	0.000000	0.000000	0.000000
0.0764	5.67	0.837372	0.000000	0.000000	0.000000
0.0764	6.04	0.837372	0.050201	0.000000	0.000000
0.0764	6.41	0.837372	0.065261	0.015060	0.003475
0.0764	6.78	0.837372	0.067604	0.021833	0.007051
0.0764	7.14	0.837372	0.087907	0.068344	0.053134
0.0764	7.51	0.837372	0.112759	0.116476	0.120316
0.0764	7.88	0.837372	0.114632	0.162171	0.229423
0.0764	8.24	0.837372	0.185916	0.226100	0.274969
0.0764	8.61	0.837372	0.376147	0.380944	0.385803
0.0764	8.98	0.837372	0.421565	0.389454	0.359790
0.0764	9.35	0.837372	0.681593	0.390102	0.223270
0.0764	9.71	0.837372	0.852033	0.295167	0.102254
0.0764	10.08	0.837372	0.936851	0.164949	0.029042
0.0764	10.45	0.837372	0.970758	0.002557	0.000007
0.0764	10.82	0.837372	0.972833	0.003051	0.000010
0.0764	11.18	0.837372	0.970001	0.002794	0.000008
0.0764	11.55	0.837372	0.972289	0.002707	0.000008
0.0764	11.92	0.837372	0.972920	0.002557	0.000007
0.0764	12.29	0.837372	0.980723	0.001932	0.000004
0.0764	12.65	0.837372	0.981091	0.002136	0.000005
0.0764	13.02	0.837372	0.980625	0.002436	0.000006
0.0764	13.39	0.837372	0.981346	0.002055	0.000004
0.0764	13.76	0.837372	0.985997	0.001981	0.000004
0.0764	14.12	0.837372	0.986155	0.001772	0.000003
0.0764	14.49	0.837372	0.982720	0.001346	0.000002
0.0764	14.86	0.837372	0.982403	0.001169	0.000001
0.0764	15.22	0.837372	0.981827	0.002197	0.000005
0.0764	15.59	0.837372	0.979765	0.002380	0.000006
0.0764	15.96	0.837372	0.979559	0.002357	0.000006
0.0764	16.33	0.837372	0.982615	0.002576	0.000007
0.0764	16.69	0.837372	0.983369	0.002130	0.000005
0.0764	17.06	0.837372	0.984245	0.001792	0.000003
0.0764	17.43	0.837372	0.984142	0.001971	0.000004
0.0764	17.80	0.837372	0.984388	0.002032	0.000004
0.0764	18.16	0.837372	0.984915	0.001989	0.000004
0.0764	18.53	0.837372	0.984245	0.002110	0.000005
0.0764	18.90	0.837372	0.985068	0.002218	0.000005
0.0764	19.27	0.837372	0.982652	0.001410	0.000002
0.0764	19.63	0.837372	0.982565	0.001121	0.000001
0.0764	20.00	0.837372	0.982129	0.001708	0.000003
0.0811	2.00	0.791857	0.000000	0.000000	0.000000
0.0811	2.37	0.791857	0.000000	0.000000	0.000000
0.0811	2.73	0.791857	0.000000	0.000000	0.000000
0.0811	3.10	0.791857	0.000000	0.000000	0.000000
0.0811	3.47	0.791857	0.000000	0.000000	0.000000
0.0811	3.84	0.791857	0.000000	0.000000	0.000000
0.0811	4.20	0.791857	0.000000	0.000000	0.000000
0.0811	4.57	0.791857	0.000000	0.000000	0.000000
0.0811	4.94	0.791857	0.000000	0.000000	0.000000
0.0811	5.31	0.791857	0.000000	0.000000	0.000000
0.0811	5.67	0.791857	0.000000	0.000000	0.000000
0.0811	6.04	0.791857	0.000000	0.000000	0.000000
0.0811	6.41	0.791857	0.057229	0.005020	0.000440
0.0811	6.78	0.791857	0.062249	0.012048	0.002332
0.0811	7.14	0.791857	0.055556	0.006315	0.000718
0.0811	7.51	0.791857	0.244980	0.281504	0.323474
0.0811	7.88	0.791857	0.206110	0.273964	0.364156
0.0811	8.24	0.791857	0.367856	0.320148	0.278628
0.0811	8.61	0.791857	0.560836	0.323568	0.186678
0.0811	8.98	0.791857	0.564465	0.336549	0.200660
0.0811	9.35	0.791857	0.754375	0.236253	0.073989
0.0811	9.71	0.791857	0.767207	0.238434	0.074101
0.0811	10.08	0.791857	0.826640	0.143263	0.024828
0.0811	10.45	0.791857	0.828690	0.137354	0.022766
0.0811	10.82	0.791857	0.862359	0.006634	0.000051
0.0811	11.18	0.791857	0.862784	0.009821	0.000112
0.0811	11.55	0.791857	0.870600	0.016117	0.000298
0.0811	11.92	0.791857	0.878084	0.008350	0.000079
0.0811	12.29	0.791857	0.883649	0.005124	0.000030
0.0811	12.65	0.791857	0.885370	0.005066	0.000029
0.0811	13.02	0.791857	0.865885	0.129368	0.019328
0.0811	13.39	0.791857	0.902293	0.003779	0.000016
0.0811	13.76	0.791857	0.904902	0.005074	0.000028
0.0811	14.12	0.791857	0.898775	0.004828	0.000026
0.0811	14.49	0.791857	0.900680	0.003605	0.000014
0.0811	14.86	0.791857	0.908506	0.003744	0.000015
0.0811	15.22	0.791857	0.909072	0.003884	0.000017
0.0811	15.59	0.791857	0.896046	0.003447	0.000013
0.0811	15.96	0.791857	0.898105	0.003007	0.000010
0.0811	16.33	0.791857	0.900301	0.004635	0.000024
0.0811	16.69	0.791857	0.896870	0.004180	0.000019
0.0811	17.06	0.791857	0.899096	0.004995	0.000028
0.0811	17.43	0.791857	0.901176	0.003758	0.000016
0.0811	17.80	0.791857	0.901702	0.003421	0.000013
0.0811	18.16	0.791857	0.912234	0.003923	0.000017
0.0811	18.53	0.791857	0.912626	0.003263	0.000012
0.0811	18.90	0.791857	0.912675	0.003044	0.000010
0.0811	19.27	0.791857	0.910520	0.002943	0.000010
0.0811	19.63	0.791857	0.910872	0.002834	0.000009
0.0811	20.00	0.791857	0.908613	0.004242	0.000020
0.0858	2.00	0.754378	0.000000	0.000000	0.000000
0.0858	2.37	0.754378	0.000000	0.000000	0.000000
0.0858	2.73	0.754378	0.000000	0.000000	0.000000
0.0858	3.10	0.754378	0.000000	0.000000	0.000000
0.0858	3.47	0.754378	0.000000	0.000000	0.000000
0.0858	3.84	0.754378	0.000000	0.000000	0.000000
0.0858	4.20	0.754378	0.000000	0.000000	0.000000
0.0858	4.57	0.754378	0.000000	0.000000	0.000000
0.0858	4.94	0.754378	0.000000	0.000000	0.000000
0.0858	5.31	0.754378	0.000000	0.000000	0.000000
0.0858	5.67	0.754378	0.000000	0.000000	0.000000
0.0858	6.04	0.754378	0.000000	0.000000	0.000000
0.0858	6.41	0.754378	0.050710	0.000000	0.000000
0.0858	6.78	0.754378	0.058824	0.000000	0.000000
0.0858	7.14	0.754378	0.058316	0.007905	0.001072
0.0858	7.51	0.754378	0.070588	0.022675	0.007284
0.0858	7.88	0.754378	0.059274	0.011663	0.002295
0.0858	8.24	0.754378	0.072443	0.033588	0.015573
0.0858	8.61	0.754378	0.136863	0.188418	0.259392
0.0858	8.98	0.754378	0.305696	0.288024	0.271373
0.0858	9.35	0.754378	0.428818	0.347164	0.281058
0.0858	9.71	0.754378	0.563641	0.356559	0.225559
0.0858	10.08	0.754378	0.661321	0.340517	0.175333
0.0858	10.45	0.754378	0.796702	0.233386	0.068368
0.0858	10.82	0.754378	0.821894	0.186977	0.042536
0.0858	11.18	0.754378	0.880388	0.006323	0.000045
0.0858	11.55	0.754378	0.897843	0.004837	0.000026
0.0858	11.92	0.754378	0.901362	0.003499	0.000014
0.0858	12.29	0.754378	0.902347	0.004730	0.000025
0.0858	12.65	0.754378	0.897284	0.004145	0.000019
0.0858	13.02	0.754378	0.899786	0.002848	0.000009
0.0858	13.39	0.754378	0.898420	0.004375	0.000021
0.0858	13.76	0.754378	0.899114	0.004333	0.000021
0.0858	14.12	0.754378	0.900982	0.003972	0.000018
0.0858	14.49	0.754378	0.905654	0.003975	0.000017
0.0858	14.86	0.754378	0.909787	0.004181	0.000019
0.0858	15.22	0.754378	0.909584	0.003925	0.000017
0.0858	15.59	0.754378	0.910801	0.004267	0.000020
0.0858	15.96	0.754378	0.914560	0.003911	0.000017
0.0858	16.33	0.754378	0.916208	0.003114	0.000011
0.0858	16.69	0.754378	0.916390	0.003120	0.000011
0.0858	17.06	0.754378	0.918617	0.003358	0.000012
0.0858	17.43	0.754378	0.918574	0.003848	0.000016
0.0858	17.80	0.754378	0.921762	0.003071	0.000010
0.0858	18.16	0.754378	0.922196	0.002722	0.000008
0.0858	18.53	0.754378	0.917281	0.002851	0.000009
0.0858	18.90	0.754378	0.919111	0.003298	0.000012
0.0858	19.27	0.754378	0.917281	0.002392	0.000006
0.0858	19.63	0.754378	0.922873	0.002444	0.000006
0.0858	20.00	0.754378	0.922873	0.002278	0.000006
0.0904	2.00	0.757159	0.000000	0.000000	0.000000
0.0904	2.37	0.757159	0.000000	0.000000	0.000000
0.0904	2.73	0.757159	0.000000	0.000000	0.000000
0.0904	3.10	0.757159	0.000000	0.000000	0.000000
0.0904	3.47	0.757159	0.000000	0.000000	0.000000
0.0904	3.84	0.757159	0.000000	0.000000	0.000000
0.0904	4.20	0.757159	0.000000	0.000000	0.000000
0.0904	4.57	0.757159	0.000000	0.000000	0.000000
0.0904	4.94	0.757159	0.000000	0.000000	0.000000
0.0904	5.31	0.757159	0.000000	0.000000	0.000000
0.0904	5.67	0.757159	0.052632	0.000000	0.000000
0.0904	6.04	0.757159	0.050607	0.000000	0.000000
0.0904	6.41	0.757159	0.051619	0.001753	0.000060
0.0904	6.78	0.757159	0.052294	0.001391	0.000037
0.0904	7.14	0.757159	0.060526	0.011030	0.002010
0.0904	7.51	0.757159	0.058704	0.010989	0.002057
0.0904	7.88	0.757159	0.063386	0.017336	0.004741
0.0904	8.24	0.757159	0.069746	0.032295	0.014954
0.0904	8.61	0.757159	0.139118	0.221888	0.353904
0.0904	8.98	0.757159	0.187392	0.266488	0.378971
0.0904	9.35	0.757159	0.438259	0.405014	0.374291
0.0904	9.71	0.757159	0.481128	0.400716	0.333743
0.0904	10.08	0.757159	0.811524	0.293799	0.106365
0.0904	10.45	0.757159	0.908907	0.158842	0.027760
0.0904	10.82	0.757159	0.915045	0.154198	0.025984
0.0904	11.18	0.757159	0.923752	0.151520	0.024853
0.0904	11.55	0.757159	0.952689	0.004303	0.000019
0.0904	11.92	0.757159	0.951475	0.003227	0.000011
0.0904	12.29	0.757159	0.955523	0.003732	0.000015
0.0904	12.65	0.757159	0.956253	0.003914	0.000016
0.0904	13.02	0.757159	0.960499	0.002848	0.000008
0.0904	13.39	0.757159	0.961485	0.003332	0.000012
0.0904	13.76	0.757159	0.959151	0.002784	0.000008
0.0904	14.12	0.757159	0.960448	0.003001	0.000009
0.0904	14.49	0.757159	0.960656	0.003235	0.000011
0.0904	14.86	0.757159	0.943927	0.140817	0.021007
0.0904	15.22	0.757159	0.966729	0.003202	0.000011
0.0904	15.59	0.757159	0.966903	0.002847	0.000008
0.0904	15.96	0.757159	0.967814	0.001619	0.000003
0.0904	16.33	0.757159	0.966093	0.002590	0.000007
0.0904	16.69	0.757159	0.970850	0.002820	0.000008
0.0904	17.06	0.757159	0.970919	0.002479	0.000006
0.0904	17.43	0.757159	0.967915	0.002847	0.000008
0.0904	17.80	0.757159	0.968623	0.002263	0.000005
0.0904	18.16	0.757159	0.974425	0.002673	0.000007
0.0904	18.53	0.757159	0.974841	0.002619	0.000007
0.0904	18.90	0.757159	0.974504	0.002167	0.000005
0.0904	19.27	0.757159	0.974129	0.001924	0.000004
0.0904	19.63	0.757159	0.974968	0.001775	0.000003
0.0904	20.00	0.757159	0.969324	0.001920	0.000004
0.0949	2.00	0.787100	0.000000	0.000000	0.000000
0.0949	2.37	0.787100	0.000000	0.000000	0.000000
0.0949	2.73	0.787100	0.000000	0.000000	0.000000
0.0949	3.10	0.787100	0.000000	0.000000	0.000000
0.0949	3.47	0.787100	0.000000	0.000000	0.000000
0.0949	3.84	0.787100	0.000000	0.000000	0.000000
0.0949	4.20	0.787100	0.000000	0.000000	0.000000
0.0949	4.57	0.787100	0.052738	0.000000	0.000000
0.0949	4.94	0.787100	0.052738	0.000000	0.000000
0.0949	5.31	0.787100	0.054767	0.000000	0.000000
0.0949	5.67	0.787100	0.058824	0.000000	0.000000
0.0949	6.04	0.787100	0.051724	0.001014	0.000020
0.0949	6.41	0.787100	0.054091	0.003448	0.000220
0.0949	6.78	0.787100	0.057201	0.005650	0.000558
0.0949	7.14	0.787100	0.111156	0.123589	0.137411
0.0949	7.51	0.787100	0.057556	0.010634	0.001965
0.0949	7.88	0.787100	0.093306	0.060662	0.039439
0.0949	8.24	0.787100	0.246183	0.309237	0.388439
0.0949	8.61	0.787100	0.337120	0.357525	0.379164
0.0949	8.98	0.787100	0.562100	0.381958	0.259547
0.0949	9.35	0.787100	0.807221	0.209246	0.054240
0.0949	9.71	0.787100	0.834106	0.206866	0.051304
0.0949	10.08	0.787100	0.843944	0.202264	0.048476
0.0949	10.45	0.787100	0.903684	0.005641	0.000035
0.0949	10.82	0.787100	0.905743	0.005531	0.000034
0.0949	11.18	0.787100	0.887639	0.147047	0.024360
0.0949	11.55	0.787100	0.917879	0.005558	0.000034
0.0949	11.92	0.787100	0.917625	0.003803	0.000016
0.0949	12.29	0.787100	0.918977	0.003446	0.000013
0.0949	12.65	0.787100	0.920015	0.007360	0.000059
0.0949	13.02	0.787100	0.919766	0.008795	0.000084
0.0949	13.39	0.787100	0.915394	0.003691	0.000015
0.0949	13.76	0.787100	0.916782	0.004499	0.000022
0.0949	14.12	0.787100	0.921907	0.003113	0.000011
0.0949	14.49	0.787100	0.922334	0.003048	0.000010
0.0949	14.86	0.787100	0.923909	0.004079	0.000018
0.0949	15.22	0.787100	0.924013	0.003371	0.000012
0.0949	15.59	0.787100	0.924949	0.004110	0.000018
0.0949	15.96	0.787100	0.926497	0.004474	0.000022
0.0949	16.33	0.787100	0.930680	0.003267	0.000011
0.0949	16.69	0.787100	0.931795	0.002429	0.000006
0.0949	17.06	0.787100	0.921881	0.004027	0.000018
0.0949	17.43	0.787100	0.922870	0.004409	0.000021
0.0949	17.80	0.787100	0.933164	0.002938	0.000009
0.0949	18.16	0.787100	0.933367	0.002666	0.000008
0.0949	18.53	0.787100	0.915541	0.117687	0.015128
0.0949	18.90	0.787100	0.883459	0.186095	0.039200
0.0949	19.27	0.787100	0.931947	0.004081	0.000018
0.0949	19.63	0.787100	0.932505	0.003656	0.000014
0.0949	20.00	0.787100	0.933333	0.003019	0.000010
0.0992	2.00	0.744875	0.000000	0.000000	0.000000
0.0992	2.37	0.744875	0.000000	0.000000	0.000000
0.0992	2.73	0.744875	0.000000	0.000000	0.000000
0.0992	3.10	0.744875	0.000000	0.000000	0.000000
0.0992	3.47	0.744875	0.000000	0.000000	0.000000
0.0992	3.84	0.744875	0.050000	0.000000	0.000000
0.0992	4.20	0.744875	0.000000	0.000000	0.000000
0.0992	4.57	0.744875	0.000000	0.000000	0.000000
0.0992	4.94	0.744875	0.000000	0.000000	0.000000
0.0992	5.31	0.744875	0.000000	0.000000	0.000000
0.0992	5.67	0.744875	0.000000	0.000000	0.000000
0.0992	6.04	0.744875	0.000000	0.000000	0.000000
0.0992	6.41	0.744875	0.000000	0.000000	0.000000
0.0992	6.78	0.744875	0.054000	0.004000	0.000296
0.0992	7.14	0.744875	0.053500	0.003571	0.000238
0.0992	7.51	0.744875	0.055000	0.005132	0.000479
0.0992	7.88	0.744875	0.073091	0.024634	0.008302
0.0992	8.24	0.744875	0.102632	0.103783	0.104948
0.0992	8.61	0.744875	0.144000	0.191601	0.254937
0.0992	8.98	0.744875	0.180800	0.232870	0.299936
0.0992	9.35	0.744875	0.319375	0.333416	0.348074
0.0992	9.71	0.744875	0.509871	0.381743	0.285812
0.0992	10.08	0.744875	0.738786	0.305136	0.126029
0.0992	10.45	0.744875	0.847438	0.198924	0.046695
0.0992	10.82	0.744875	0.883563	0.144280	0.023560
0.0992	11.18	0.744875	0.914364	0.006954	0.000053
0.0992	11.55	0.744875	0.925000	0.006102	0.000040
0.0992	11.92	0.744875	0.929943	0.010125	0.000110
0.0992	12.29	0.744875	0.932056	0.004533	0.000022
0.0992	12.65	0.744875	0.932278	0.004948	0.000026
0.0992	13.02	0.744875	0.935737	0.003816	0.000016
0.0992	13.39	0.744875	0.931622	0.006095	0.000040
0.0992	13.76	0.744875	0.932842	0.005143	0.000028
0.0992	14.12	0.744875	0.944410	0.003513	0.000013
0.0992	14.49	0.744875	0.945795	0.003617	0.000014
0.0992	14.86	0.744875	0.942564	0.004319	0.000020
0.0992	15.22	0.744875	0.942947	0.003363	0.000012
0.0992	15.59	0.744875	0.944049	0.003787	0.000015
0.0992	15.96	0.744875	0.944850	0.003313	0.000012
0.0992	16.33	0.744875	0.940450	0.002258	0.000005
0.0992	16.69	0.744875	0.940550	0.002449	0.000006
0.0992	17.06	0.744875	0.943857	0.003277	0.000011
0.0992	17.43	0.744875	0.944143	0.003420	0.000012
0.0992	17.80	0.744875	0.941659	0.004070	0.000018
0.0992	18.16	0.744875	0.942146	0.004314	0.000020
0.0992	18.53	0.744875	0.948341	0.003243	0.000011
0.0992	18.90	0.744875	0.944857	0.003211	0.000011
0.0992	19.27	0.744875	0.945273	0.002831	0.000008
0.0992	19.63	0.744875	0.952585	0.002659	0.000007
0.0992	20.00	0.744875	0.952885	0.002817	0.000008
0.1031	2.00	0.731514	0.000000	0.000000	0.000000
0.1031	2.37	0.731514	0.000000	0.000000	0.000000
0.1031	2.73	0.731514	0.000000	0.000000	0.000000
0.1031	3.10	0.731514	0.000000	0.000000	0.000000
0.1031	3.47	0.731514	0.000000	0.000000	0.000000
0.1031	3.84	0.731514	0.000000	0.000000	0.000000
0.1031	4.20	0.731514	0.000000	0.000000	0.000000
0.1031	4.57	0.731514	0.000000	0.000000	0.000000
0.1031	4.94	0.731514	0.050607	0.000000	0.000000
0.1031	5.31	0.731514	0.000000	0.000000	0.000000
0.1031	5.67	0.731514	0.000000	0.000000	0.000000
0.1031	6.04	0.731514	0.000000	0.000000	0.000000
0.1031	6.41	0.731514	0.000000	0.000000	0.000000
0.1031	6.78	0.731514	0.000000	0.000000	0.000000
0.1031	7.14	0.731514	0.055668	0.003036	0.000166
0.1031	7.51	0.731514	0.057186	0.006301	0.000694
0.1031	7.88	0.731514	0.090193	0.084521	0.079206
0.1031	8.24	0.731514	0.071006	0.029692	0.012416
0.1031	8.61	0.731514	0.234615	0.286693	0.350332
0.1031	8.98	0.731514	0.326845	0.358485	0.393188
0.1031	9.35	0.731514	0.487462	0.385021	0.304108
0.1031	9.71	0.731514	0.600607	0.346813	0.200263
0.1031	10.08	0.731514	0.739166	0.271144	0.099462
0.1031	10.45	0.731514	0.752969	0.264752	0.093090
0.1031	10.82	0.731514	0.852096	0.025471	0.000761
0.1031	11.18	0.731514	0.814379	0.190101	0.044375
0.1031	11.55	0.731514	0.863820	0.008223	0.000078
0.1031	11.92	0.731514	0.868826	0.004430	0.000023
0.1031	12.29	0.731514	0.870862	0.005260	0.000032
0.1031	12.65	0.731514	0.872065	0.003711	0.000016
0.1031	13.02	0.731514	0.871540	0.003477	0.000014
0.1031	13.39	0.731514	0.873126	0.003825	0.000017
0.1031	13.76	0.731514	0.881313	0.003925	0.000017
0.1031	14.12	0.731514	0.881100	0.004171	0.000020
0.1031	14.49	0.731514	0.881685	0.003307	0.000012
0.1031	14.86	0.731514	0.881190	0.003728	0.000016
0.1031	15.22	0.731514	0.880364	0.003226	0.000012
0.1031	15.59	0.731514	0.882034	0.003070	0.000011
0.1031	15.96	0.731514	0.881781	0.003500	0.000014
0.1031	16.33	0.731514	0.884059	0.003677	0.000015
0.1031	16.69	0.731514	0.883553	0.002898	0.000010
0.1031	17.06	0.731514	0.884862	0.002938	0.000010
0.1031	17.43	0.731514	0.878492	0.003152	0.000011
0.1031	17.80	0.731514	0.879605	0.003036	0.000010
0.1031	18.16	0.731514	0.885557	0.002739	0.000008
0.1031	18.53	0.731514	0.886590	0.003390	0.000013
0.1031	18.90	0.731514	0.884517	0.002861	0.000009
0.1031	19.27	0.731514	0.884665	0.002587	0.000008
0.1031	19.63	0.731514	0.883579	0.002285	0.000006
0.1031	20.00	0.731514	0.868001	0.106088	0.012966
0.1070	2.00	0.762828	0.000000	0.000000	0.000000
0.1070	2.37	0.762828	0.000000	0.000000	0.000000
0.1070	2.73	0.762828	0.000000	0.000000	0.000000
0.1070	3.10	0.762828	0.000000	0.000000	0.000000
0.1070	3.47	0.762828	0.000000	0.000000	0.000000
0.1070	3.84	0.762828	0.000000	0.000000	0.000000
0.1070	4.20	0.762828	0.000000	0.000000	0.000000
0.1070	4.57	0.762828	0.051125	0.000000	0.000000
0.1070	4.94	0.762828	0.055215	0.000000	0.000000
0.1070	5.31	0.762828	0.057260	0.000000	0.000000
0.1070	5.67	0.762828	0.054874	0.004160	0.000315
0.1070	6.04	0.762828	0.057515	0.006256	0.000681
0.1070	6.41	0.762828	0.060736	0.010308	0.001750
0.1070	6.78	0.762828	0.059889	0.012377	0.002558
0.1070	7.14	0.762828	0.055215	0.003339	0.000202
0.1070	7.51	0.762828	0.057771	0.006114	0.000647
0.1070	7.88	0.762828	0.090369	0.098063	0.106413
0.1070	8.24	0.762828	0.195256	0.263430	0.355407
0.1070	8.61	0.762828	0.318337	0.329721	0.341512
0.1070	8.98	0.762828	0.550948	0.351824	0.224668
0.1070	9.35	0.762828	0.594001	0.345910	0.201436
0.1070	9.71	0.762828	0.803075	0.212100	0.056018
0.1070	10.08	0.762828	0.844172	0.143012	0.024228
0.1070	10.45	0.762828	0.822981	0.199366	0.048296
0.1070	10.82	0.762828	0.833273	0.189617	0.043149
0.1070	11.18	0.762828	0.884157	0.008474	0.000081
0.1070	11.55	0.762828	0.890593	0.006180	0.000043
0.1070	11.92	0.762828	0.905930	0.005389	0.000032
0.1070	12.29	0.762828	0.908793	0.005360	0.000032
0.1070	12.65	0.762828	0.902172	0.005616	0.000035
0.1070	13.02	0.762828	0.904604	0.004877	0.000026
0.1070	13.39	0.762828	0.907922	0.004656	0.000024
0.1070	13.76	0.762828	0.911420	0.004833	0.000026
0.1070	14.12	0.762828	0.912065	0.004561	0.000023
0.1070	14.49	0.762828	0.915526	0.003680	0.000015
0.1070	14.86	0.762828	0.917361	0.004262	0.000020
0.1070	15.22	0.762828	0.913167	0.002572	0.000007
0.1070	15.59	0.762828	0.913548	0.003571	0.000014
0.1070	15.96	0.762828	0.916360	0.003624	0.000014
0.1070	16.33	0.762828	0.917127	0.003360	0.000012
0.1070	16.69	0.762828	0.910897	0.003253	0.000012
0.1070	17.06	0.762828	0.911816	0.003294	0.000012
0.1070	17.43	0.762828	0.915607	0.002748	0.000008
0.1070	17.80	0.762828	0.918350	0.003206	0.000011
0.1070	18.16	0.762828	0.919048	0.003751	0.000015
0.1070	18.53	0.762828	0.926234	0.002801	0.000008
0.1070	18.90	0.762828	0.926770	0.002795	0.000008
0.1070	19.27	0.762828	0.923021	0.002396	0.000006
0.1070	19.63	0.762828	0.923886	0.002369	0.000006
0.1070	20.00	0.762828	0.921609	0.003389	0.000012
0.1109	2.00	0.767621	0.000000	0.000000	0.000000
0.1109	2.37	0.767621	0.000000	0.000000	0.000000
0.1109	2.73	0.767621	0.000000	0.000000	0.000000
0.1109	3.10	0.767621	0.000000	0.000000	0.000000
0.1109	3.47	0.767621	0.000000	0.000000	0.000000
0.1109	3.84	0.767621	0.000000	0.000000	0.000000
0.1109	4.20	0.767621	0.000000	0.000000	0.000000
0.1109	4.57	0.767621	0.000000	0.000000	0.000000
0.1109	4.94	0.767621	0.050710	0.000000	0.000000
0.1109	5.31	0.767621	0.050710	0.000000	0.000000
0.1109	5.67	0.767621	0.055781	0.005071	0.000461
0.1109	6.04	0.767621	0.060176	0.011981	0.002385
0.1109	6.41	0.767621	0.063556	0.015299	0.003683
0.1109	6.78	0.767621	0.066531	0.023106	0.008025
0.1109	7.14	0.767621	0.075558	0.027807	0.010234
0.1109	7.51	0.767621	0.105139	0.158178	0.237974
0.1109	7.88	0.767621	0.196881	0.291371	0.431210
0.1109	8.24	0.767621	0.247383	0.331105	0.443160
0.1109	8.61	0.767621	0.685510	0.327117	0.156096
0.1109	8.98	0.767621	0.677415	0.347822	0.178591
0.1109	9.35	0.767621	0.821125	0.212790	0.055143
0.1109	9.71	0.767621	0.776247	0.288267	0.107051
0.1109	10.08	0.767621	0.867703	0.157930	0.028745
0.1109	10.45	0.767621	0.877249	0.146903	0.024600
0.1109	10.82	0.767621	0.905710	0.004946	0.000027
0.1109	11.18	0.767621	0.908841	0.004561	0.000023
0.1109	11.55	0.767621	0.911388	0.003749	0.000015
0.1109	11.92	0.767621	0.915765	0.004957	0.000027
0.1109	12.29	0.767621	0.917963	0.004671	0.000024
0.1109	12.65	0.767621	0.911652	0.003808	0.000016
0.1109	13.02	0.767621	0.911605	0.003471	0.000013
0.1109	13.39	0.767621	0.914540	0.003128	0.000011
0.1109	13.76	0.767621	0.916992	0.003569	0.000014
0.1109	14.12	0.767621	0.913153	0.003319	0.000012
0.1109	14.49	0.767621	0.914755	0.003745	0.000015
0.1109	14.86	0.767621	0.916142	0.004117	0.000019
0.1109	15.22	0.767621	0.919985	0.002895	0.000009
0.1109	15.59	0.767621	0.921569	0.002953	0.000009
0.1109	15.96	0.767621	0.923615	0.002475	0.000007
0.1109	16.33	0.767621	0.921413	0.003303	0.000012
0.1109	16.69	0.767621	0.921777	0.003176	0.000011
0.1109	17.06	0.767621	0.930984	0.002956	0.000009
0.1109	17.43	0.767621	0.931579	0.002834	0.000009
0.1109	17.80	0.767621	0.924845	0.004283	0.000020
0.1109	18.16	0.767621	0.924746	0.003679	0.000015
0.1109	18.53	0.767621	0.928531	0.002814	0.000009
0.1109	18.90	0.767621	0.927688	0.002337	0.000006
0.1109	19.27	0.767621	0.928753	0.002981	0.000010
0.1109	19.63	0.767621	0.916588	0.003174	0.000011
0.1109	20.00	0.767621	0.931678	0.003020	0.000010
0.1146	2.00	0.717171	0.000000	0.000000	0.000000
0.1146	2.37	0.717171	0.000000	0.000000	0.000000
0.1146	2.73	0.717171	0.000000	0.000000	0.000000
0.1146	3.10	0.717171	0.000000	0.000000	0.000000
0.1146	3.47	0.717171	0.000000	0.000000	0.000000
0.1146	3.84	0.717171	0.000000	0.000000	0.000000
0.1146	4.20	0.717171	0.000000	0.000000	0.000000
0.1146	4.57	0.717171	0.000000	0.000000	0.000000
0.1146	4.94	0.717171	0.000000	0.000000	0.000000
0.1146	5.31	0.717171	0.000000	0.000000	0.000000
0.1146	5.67	0.717171	0.000000	0.000000	0.000000
0.1146	6.04	0.717171	0.000000	0.000000	0.000000
0.1146	6.41	0.717171	0.056795	0.000000	0.000000
0.1146	6.78	0.717171	0.056795	0.000000	0.000000
0.1146	7.14	0.717171	0.055781	0.003043	0.000166
0.1146	7.51	0.717171	0.057201	0.004696	0.000386
0.1146	7.88	0.717171	0.055443	0.003825	0.000264
0.1146	8.24	0.717171	0.065646	0.031723	0.015330
0.1146	8.61	0.717171	0.070414	0.045385	0.029253
0.1146	8.98	0.717171	0.072887	0.049370	0.033440
0.1146	9.35	0.717171	0.100894	0.068754	0.046853
0.1146	9.71	0.717171	0.136492	0.124232	0.113073
0.1146	10.08	0.717171	0.227760	0.213886	0.200857
0.1146	10.45	0.717171	0.442944	0.283564	0.181532
0.1146	10.82	0.717171	0.537131	0.341942	0.217683
0.1146	11.18	0.717171	0.789477	0.185863	0.043757
0.1146	11.55	0.717171	0.788641	0.218990	0.060809
0.1146	11.92	0.717171	0.813162	0.223796	0.061592
0.1146	12.29	0.717171	0.844828	0.179014	0.037932
0.1146	12.65	0.717171	0.890354	0.013032	0.000191
0.1146	13.02	0.717171	0.868922	0.134151	0.020711
0.1146	13.39	0.717171	0.893509	0.006511	0.000047
0.1146	13.76	0.717171	0.902793	0.007539	0.000063
0.1146	14.12	0.717171	0.903398	0.009955	0.000110
0.1146	14.49	0.717171	0.908621	0.005948	0.000039
0.1146	14.86	0.717171	0.878296	0.124316	0.017596
0.1146	15.22	0.717171	0.860910	0.174955	0.035554
0.1146	15.59	0.717171	0.913323	0.004503	0.000022
0.1146	15.96	0.717171	0.914807	0.005108	0.000029
0.1146	16.33	0.717171	0.916015	0.005144	0.000029
0.1146	16.69	0.717171	0.920216	0.005816	0.000037
0.1146	17.06	0.717171	0.920845	0.006992	0.000053
0.1146	17.43	0.717171	0.901208	0.115547	0.014815
0.1146	17.80	0.717171	0.920892	0.003961	0.000017
0.1146	18.16	0.717171	0.930327	0.005247	0.000030
0.1146	18.53	0.717171	0.930751	0.004365	0.000020
0.1146	18.90	0.717171	0.924363	0.005520	0.000033
0.1146	19.27	0.717171	0.925549	0.005218	0.000029
0.1146	19.63	0.717171	0.925044	0.003812	0.000016
0.1146	20.00	0.717171	0.926506	0.004260	0.000020
0.1184	2.00	0.675597	0.000000	0.000000	0.000000
0.1184	2.37	0.675597	0.000000	0.000000	0.000000
0.1184	2.73	0.675597	0.000000	0.000000	0.000000
0.1184	3.10	0.675597	0.000000	0.000000	0.000000
0.1184	3.47	0.675597	0.000000	0.000000	0.000000
0.1184	3.84	0.675597	0.000000	0.000000	0.000000
0.1184	4.20	0.675597	0.000000	0.000000	0.000000
0.1184	4.57	0.675597	0.000000	0.000000	0.000000
0.1184	4.94	0.675597	0.000000	0.000000	0.000000
0.1184	5.31	0.675597	0.000000	0.000000	0.000000
0.1184	5.67	0.675597	0.000000	0.000000	0.000000
0.1184	6.04	0.675597	0.000000	0.000000	0.000000
0.1184	6.41	0.675597	0.000000	0.000000	0.000000
0.1184	6.78	0.675597	0.000000	0.000000	0.000000
0.1184	7.14	0.675597	0.000000	0.000000	0.000000
0.1184	7.51	0.675597	0.000000	0.000000	0.000000
0.1184	7.88	0.675597	0.055386	0.003903	0.000275
0.1184	8.24	0.675597	0.090213	0.062191	0.042873
0.1184	8.61	0.675597	0.180386	0.219104	0.266133
0.1184	8.98	0.675597	0.178523	0.205751	0.237131
0.1184	9.35	0.675597	0.284011	0.302067	0.321272
0.1184	9.71	0.675597	0.512398	0.371287	0.269037
0.1184	10.08	0.675597	0.619394	0.347480	0.194936
0.1184	10.45	0.675597	0.754524	0.266428	0.094078
0.1184	10.82	0.675597	0.817729	0.194751	0.046382
0.1184	11.18	0.675597	0.878493	0.008928	0.000091
0.1184	11.55	0.675597	0.878234	0.013897	0.000220
0.1184	11.92	0.675597	0.882607	0.007589	0.000065
0.1184	12.29	0.675597	0.884843	0.006766	0.000052
0.1184	12.65	0.675597	0.886800	0.005500	0.000034
0.1184	13.02	0.675597	0.891397	0.005210	0.000030
0.1184	13.39	0.675597	0.892276	0.005628	0.000035
0.1184	13.76	0.675597	0.893881	0.004549	0.000023
0.1184	14.12	0.675597	0.894255	0.006520	0.000048
0.1184	14.49	0.675597	0.895593	0.004626	0.000024
0.1184	14.86	0.675597	0.896446	0.004485	0.000022
0.1184	15.22	0.675597	0.881965	0.127630	0.018470
0.1184	15.59	0.675597	0.904065	0.003781	0.000016
0.1184	15.96	0.675597	0.904116	0.004497	0.000022
0.1184	16.33	0.675597	0.904174	0.004888	0.000026
0.1184	16.69	0.675597	0.907347	0.003562	0.000014
0.1184	17.06	0.675597	0.907743	0.003588	0.000014
0.1184	17.43	0.675597	0.903020	0.003082	0.000011
0.1184	17.80	0.675597	0.903649	0.004115	0.000019
0.1184	18.16	0.675597	0.904859	0.003691	0.000015
0.1184	18.53	0.675597	0.904620	0.002991	0.000010
0.1184	18.90	0.675597	0.908015	0.003557	0.000014
0.1184	19.27	0.675597	0.909096	0.002945	0.000010
0.1184	19.63	0.675597	0.909650	0.002915	0.000009
0.1184	20.00	0.675597	0.908090	0.003404	0.000013
0.1222	2.00	0.681479	0.052419	0.000000	0.000000
0.1222	2.37	0.681479	0.000000	0.000000	0.000000
0.1222	2.73	0.681479	0.000000	0.000000	0.000000
0.1222	3.10	0.681479	0.000000	0.000000	0.000000
0.1222	3.47	0.681479	0.000000	0.000000	0.000000
0.1222	3.84	0.681479	0.000000	0.000000	0.000000
0.1222	4.20	0.681479	0.000000	0.000000	0.000000
0.1222	4.57	0.681479	0.000000	0.000000	0.000000
0.1222	4.94	0.681479	0.000000	0.000000	0.000000
0.1222	5.31	0.681479	0.000000	0.000000	0.000000
0.1222	5.67	0.681479	0.000000	0.000000	0.000000
0.1222	6.04	0.681479	0.051747	0.001901	0.000070
0.1222	6.41	0.681479	0.050403	0.000000	0.000000
0.1222	6.78	0.681479	0.000000	0.000000	0.000000
0.1222	7.14	0.681479	0.000000	0.000000	0.000000
0.1222	7.51	0.681479	0.051411	0.001008	0.000020
0.1222	7.88	0.681479	0.055242	0.004151	0.000312
0.1222	8.24	0.681479	0.061492	0.012870	0.002694
0.1222	8.61	0.681479	0.059654	0.015230	0.003888
0.1222	8.98	0.681479	0.063471	0.022733	0.008142
0.1222	9.35	0.681479	0.072397	0.019019	0.004996
0.1222	9.71	0.681479	0.097874	0.054678	0.030547
0.1222	10.08	0.681479	0.147438	0.126108	0.107864
0.1222	10.45	0.681479	0.208898	0.201168	0.193724
0.1222	10.82	0.681479	0.335143	0.275075	0.225773
0.1222	11.18	0.681479	0.617317	0.296808	0.142706
0.1222	11.55	0.681479	0.732329	0.273272	0.101973
0.1222	11.92	0.681479	0.841187	0.202524	0.048760
0.1222	12.29	0.681479	0.950941	0.017553	0.000324
0.1222	12.65	0.681479	0.961924	0.008176	0.000069
0.1222	13.02	0.681479	0.959101	0.004687	0.000023
0.1222	13.39	0.681479	0.964963	0.004625	0.000022
0.1222	13.76	0.681479	0.959996	0.004841	0.000024
0.1222	14.12	0.681479	0.963338	0.004236	0.000019
0.1222	14.49	0.681479	0.966734	0.004454	0.000021
0.1222	14.86	0.681479	0.973790	0.003507	0.000013
0.1222	15.22	0.681479	0.975703	0.004108	0.000017
0.1222	15.59	0.681479	0.977117	0.003009	0.000009
0.1222	15.96	0.681479	0.977571	0.004754	0.000023
0.1222	16.33	0.681479	0.978175	0.003518	0.000013
0.1222	16.69	0.681479	0.982248	0.002859	0.000008
0.1222	17.06	0.681479	0.984015	0.002931	0.000009
0.1222	17.43	0.681479	0.985695	0.002705	0.000007
0.1222	17.80	0.681479	0.986477	0.002408	0.000006
0.1222	18.16	0.681479	0.981999	0.002997	0.000009
0.1222	18.53	0.681479	0.990294	0.001753	0.000003
0.1222	18.90	0.681479	0.990107	0.001291	0.000002
0.1222	19.27	0.681479	0.988671	0.001583	0.000003
0.1222	19.63	0.681479	0.988767	0.001533	0.000002
0.1222	20.00	0.681479	0.986799	0.001877	0.000004
0.1265	2.00	0.690840	0.000000	0.000000	0.000000
0.1265	2.37	0.690840	0.000000	0.000000	0.000000
0.1265	2.73	0.690840	0.000000	0.000000	0.000000
0.1265	3.10	0.690840	0.000000	0.000000	0.000000
0.1265	3.47	0.690840	0.050403	0.000000	0.000000
0.1265	3.84	0.690840	0.050403	0.000000	0.000000
0.1265	4.20	0.690840	0.000000	0.000000	0.000000
0.1265	4.57	0.690840	0.050403	0.000000	0.000000
0.1265	4.94	0.690840	0.050403	0.000000	0.000000
0.1265	5.31	0.690840	0.054435	0.000000	0.000000
0.1265	5.67	0.690840	0.054435	0.000000	0.000000
0.1265	6.04	0.690840	0.050403	0.000000	0.000000
0.1265	6.41	0.690840	0.051411	0.001008	0.000020
0.1265	6.78	0.690840	0.054435	0.002016	0.000075
0.1265	7.14	0.690840	0.056788	0.006524	0.000750
0.1265	7.51	0.690840	0.066784	0.016639	0.004145
0.1265	7.88	0.690840	0.066222	0.020283	0.006212
0.1265	8.24	0.690840	0.091014	0.056317	0.034847
0.1265	8.61	0.690840	0.134778	0.134243	0.133711
0.1265	8.98	0.690840	0.211843	0.259532	0.317956
0.1265	9.35	0.690840	0.241545	0.301730	0.376910
0.1265	9.71	0.690840	0.397744	0.363349	0.331928
0.1265	10.08	0.690840	0.576418	0.372510	0.240735
0.1265	10.45	0.690840	0.664492	0.352276	0.186757
0.1265	10.82	0.690840	0.763420	0.293083	0.112517
0.1265	11.18	0.690840	0.819892	0.235397	0.067584
0.1265	11.55	0.690840	0.916728	0.008955	0.000087
0.1265	11.92	0.690840	0.921252	0.006047	0.000040
0.1265	12.29	0.690840	0.912180	0.008126	0.000072
0.1265	12.65	0.690840	0.917843	0.010017	0.000109
0.1265	13.02	0.690840	0.914505	0.013303	0.000194
0.1265	13.39	0.690840	0.914015	0.019998	0.000438
0.1265	13.76	0.690840	0.917922	0.014851	0.000240
0.1265	14.12	0.690840	0.898005	0.135641	0.020488
0.1265	14.49	0.690840	0.921623	0.014878	0.000240
0.1265	14.86	0.690840	0.921119	0.007258	0.000057
0.1265	15.22	0.690840	0.922228	0.007226	0.000057
0.1265	15.59	0.690840	0.932779	0.005555	0.000033
0.1265	15.96	0.690840	0.934304	0.004958	0.000026
0.1265	16.33	0.690840	0.939063	0.006351	0.000043
0.1265	16.69	0.690840	0.942467	0.004880	0.000025
0.1265	17.06	0.690840	0.923997	0.128330	0.017823
0.1265	17.43	0.690840	0.944767	0.004105	0.000018
0.1265	17.80	0.690840	0.940716	0.003709	0.000015
0.1265	18.16	0.690840	0.951229	0.003471	0.000013
0.1265	18.53	0.690840	0.951519	0.003422	0.000012
0.1265	18.90	0.690840	0.950467	0.003368	0.000012
0.1265	19.27	0.690840	0.951292	0.004166	0.000018
0.1265	19.63	0.690840	0.951003	0.003950	0.000016
0.1265	20.00	0.690840	0.952316	0.002814	0.000008
0.1310	2.00	0.647538	0.000000	0.000000	0.000000
0.1310	2.37	0.647538	0.000000	0.000000	0.000000
0.1310	2.73	0.647538	0.000000	0.000000	0.000000
0.1310	3.10	0.647538	0.000000	0.000000	0.000000
0.1310	3.47	0.647538	0.000000	0.000000	0.000000
0.1310	3.84	0.647538	0.000000	0.000000	0.000000
0.1310	4.20	0.647538	0.000000	0.000000	0.000000
0.1310	4.57	0.647538	0.000000	0.000000	0.000000
0.1310	4.94	0.647538	0.000000	0.000000	0.000000
0.1310	5.31	0.647538	0.000000	0.000000	0.000000
0.1310	5.67	0.647538	0.000000	0.000000	0.000000
0.1310	6.04	0.647538	0.000000	0.000000	0.000000
0.1310	6.41	0.647538	0.053608	0.001458	0.000040
0.1310	6.78	0.647538	0.053608	0.003194	0.000190
0.1310	7.14	0.647538	0.056443	0.004829	0.000413
0.1310	7.51	0.647538	0.056959	0.005044	0.000447
0.1310	7.88	0.647538	0.061340	0.010035	0.001642
0.1310	8.24	0.647538	0.062543	0.017401	0.004841
0.1310	8.61	0.647538	0.102405	0.113936	0.126765
0.1310	8.98	0.647538	0.115226	0.148915	0.192453
0.1310	9.35	0.647538	0.226392	0.253173	0.283123
0.1310	9.71	0.647538	0.228296	0.274756	0.330672
0.1310	10.08	0.647538	0.579581	0.353818	0.215996
0.1310	10.45	0.647538	0.778557	0.227054	0.066217
0.1310	10.82	0.647538	0.812784	0.202210	0.050307
0.1310	11.18	0.647538	0.852577	0.140289	0.023084
0.1310	11.55	0.647538	0.835864	0.195243	0.045605
0.1310	11.92	0.647538	0.889084	0.008044	0.000073
0.1310	12.29	0.647538	0.893962	0.008163	0.000075
0.1310	12.65	0.647538	0.899440	0.006503	0.000047
0.1310	13.02	0.647538	0.910137	0.004746	0.000025
0.1310	13.39	0.647538	0.912120	0.004826	0.000026
0.1310	13.76	0.647538	0.914379	0.005176	0.000029
0.1310	14.12	0.647538	0.907111	0.005028	0.000028
0.1310	14.49	0.647538	0.910103	0.004940	0.000027
0.1310	14.86	0.647538	0.910722	0.004205	0.000019
0.1310	15.22	0.647538	0.912577	0.004606	0.000023
0.1310	15.59	0.647538	0.909329	0.003071	0.000010
0.1310	15.96	0.647538	0.910686	0.003903	0.000017
0.1310	16.33	0.647538	0.915011	0.004009	0.000018
0.1310	16.69	0.647538	0.914961	0.003370	0.000012
0.1310	17.06	0.647538	0.916348	0.003575	0.000014
0.1310	17.43	0.647538	0.920128	0.002883	0.000009
0.1310	17.80	0.647538	0.920520	0.003491	0.000013
0.1310	18.16	0.647538	0.920595	0.003028	0.000010
0.1310	18.53	0.647538	0.920547	0.002450	0.000007
0.1310	18.90	0.647538	0.928746	0.003482	0.000013
0.1310	19.27	0.647538	0.929657	0.003182	0.000011
0.1310	19.63	0.647538	0.921846	0.003078	0.000010
0.1310	20.00	0.647538	0.922288	0.003557	0.000014
0.1358	2.00	0.649136	0.050607	0.000000	0.000000
0.1358	2.37	0.649136	0.050607	0.000000	0.000000
0.1358	2.73	0.649136	0.000000	0.000000	0.000000
0.1358	3.10	0.649136	0.050607	0.000000	0.000000
0.1358	3.47	0.649136	0.050607	0.000000	0.000000
0.1358	3.84	0.649136	0.052632	0.000000	0.000000
0.1358	4.20	0.649136	0.000000	0.000000	0.000000
0.1358	4.57	0.649136	0.000000	0.000000	0.000000
0.1358	4.94	0.649136	0.000000	0.000000	0.000000
0.1358	5.31	0.649136	0.000000	0.000000	0.000000
0.1358	5.67	0.649136	0.000000	0.000000	0.000000
0.1358	6.04	0.649136	0.000000	0.000000	0.000000
0.1358	6.41	0.649136	0.000000	0.000000	0.000000
0.1358	6.78	0.649136	0.058704	0.000000	0.000000
0.1358	7.14	0.649136	0.058704	0.002024	0.000070
0.1358	7.51	0.649136	0.061741	0.001012	0.000017
0.1358	7.88	0.649136	0.057355	0.007723	0.001040
0.1358	8.24	0.649136	0.054881	0.003627	0.000240
0.1358	8.61	0.649136	0.099969	0.059303	0.035179
0.1358	8.98	0.649136	0.075137	0.046228	0.028442
0.1358	9.35	0.649136	0.107375	0.097429	0.088403
0.1358	9.71	0.649136	0.241161	0.273260	0.309631
0.1358	10.08	0.649136	0.294872	0.319187	0.345507
0.1358	10.45	0.649136	0.456999	0.394465	0.340487
0.1358	10.82	0.649136	0.677289	0.327559	0.158418
0.1358	11.18	0.649136	0.646385	0.377829	0.220851
0.1358	11.55	0.649136	0.829706	0.244139	0.071837
0.1358	11.92	0.649136	0.844245	0.233127	0.064375
0.1358	12.29	0.649136	0.899857	0.143358	0.022839
0.1358	12.65	0.649136	0.904408	0.143435	0.022748
0.1358	13.02	0.649136	0.947478	0.007889	0.000066
0.1358	13.39	0.649136	0.951034	0.007349	0.000057
0.1358	13.76	0.649136	0.955093	0.004018	0.000017
0.1358	14.12	0.649136	0.941131	0.004032	0.000017
0.1358	14.49	0.649136	0.943000	0.004419	0.000021
0.1358	14.86	0.649136	0.945137	0.004368	0.000020
0.1358	15.22	0.649136	0.953548	0.004178	0.000018
0.1358	15.59	0.649136	0.955673	0.004781	0.000024
0.1358	15.96	0.649136	0.937593	0.137737	0.020234
0.1358	16.33	0.649136	0.960255	0.003680	0.000014
0.1358	16.69	0.649136	0.954725	0.003917	0.000016
0.1358	17.06	0.649136	0.954774	0.003649	0.000014
0.1358	17.43	0.649136	0.956960	0.003248	0.000011
0.1358	17.80	0.649136	0.967611	0.003876	0.000016
0.1358	18.16	0.649136	0.960830	0.002332	0.000006
0.1358	18.53	0.649136	0.961741	0.002670	0.000007
0.1358	18.90	0.649136	0.965069	0.003121	0.000010
0.1358	19.27	0.649136	0.965442	0.002514	0.000007
0.1358	19.63	0.649136	0.963939	0.001648	0.000003
0.1358	20.00	0.649136	0.964504	0.001534	0.000002
0.1408	2.00	0.620224	0.000000	0.000000	0.000000
0.1408	2.37	0.620224	0.000000	0.000000	0.000000
0.1408	2.73	0.620224	0.000000	0.000000	0.000000
0.1408	3.10	0.620224	0.000000	0.000000	0.000000
0.1408	3.47	0.620224	0.000000	0.000000	0.000000
0.1408	3.84	0.620224	0.000000	0.000000	0.000000
0.1408	4.20	0.620224	0.055102	0.000000	0.000000
0.1408	4.57	0.620224	0.055102	0.000000	0.000000
0.1408	4.94	0.620224	0.055102	0.000000	0.000000
0.1408	5.31	0.620224	0.055102	0.000000	0.000000
0.1408	5.67	0.620224	0.055102	0.000000	0.000000
0.1408	6.04	0.620224	0.055102	0.000000	0.000000
0.1408	6.41	0.620224	0.055102	0.002041	0.000076
0.1408	6.78	0.620224	0.057143	0.002041	0.000073
0.1408	7.14	0.620224	0.057143	0.004409	0.000340
0.1408	7.51	0.620224	0.053061	0.000000	0.000000
0.1408	7.88	0.620224	0.059184	0.000000	0.000000
0.1408	8.24	0.620224	0.136327	0.147320	0.159201
0.1408	8.61	0.620224	0.309949	0.275660	0.245165
0.1408	8.98	0.620224	0.273736	0.322753	0.380549
0.1408	9.35	0.620224	0.470364	0.364717	0.282799
0.1408	9.71	0.620224	0.571147	0.369964	0.239646
0.1408	10.08	0.620224	0.646741	0.345694	0.184780
0.1408	10.45	0.620224	0.745663	0.286656	0.110200
0.1408	10.82	0.620224	0.849111	0.142135	0.023792
0.1408	11.18	0.620224	0.881567	0.005713	0.000037
0.1408	11.55	0.620224	0.883163	0.005589	0.000035
0.1408	11.92	0.620224	0.887395	0.004708	0.000025
0.1408	12.29	0.620224	0.899242	0.005691	0.000036
0.1408	12.65	0.620224	0.879082	0.136626	0.021234
0.1408	13.02	0.620224	0.904422	0.004626	0.000024
0.1408	13.39	0.620224	0.899614	0.005259	0.000031
0.1408	13.76	0.620224	0.900386	0.003937	0.000017
0.1408	14.12	0.620224	0.900107	0.004186	0.000019
0.1408	14.49	0.620224	0.902407	0.004572	0.000023
0.1408	14.86	0.620224	0.906391	0.003509	0.000014
0.1408	15.22	0.620224	0.907431	0.003711	0.000015
0.1408	15.59	0.620224	0.909367	0.003775	0.000016
0.1408	15.96	0.620224	0.910051	0.004457	0.000022
0.1408	16.33	0.620224	0.912092	0.003690	0.000015
0.1408	16.69	0.620224	0.906222	0.003633	0.000015
0.1408	17.06	0.620224	0.905831	0.003466	0.000013
0.1408	17.43	0.620224	0.912342	0.002633	0.000008
0.1408	17.80	0.620224	0.913390	0.003283	0.000012
0.1408	18.16	0.620224	0.917041	0.004019	0.000018
0.1408	18.53	0.620224	0.917720	0.003446	0.000013
0.1408	18.90	0.620224	0.915792	0.002854	0.000009
0.1408	19.27	0.620224	0.916327	0.004199	0.000019
0.1408	19.63	0.620224	0.911467	0.002952	0.000010
0.1408	20.00	0.620224	0.911516	0.003297	0.000012
0.1458	2.00	0.618887	0.000000	0.000000	0.000000
0.1458	2.37	0.618887	0.000000	0.000000	0.000000
0.1458	2.73	0.618887	0.000000	0.000000	0.000000
0.1458	3.10	0.618887	0.000000	0.000000	0.000000
0.1458	3.47	0.618887	0.000000	0.000000	0.000000
0.1458	3.84	0.618887	0.000000	0.000000	0.000000
0.1458	4.20	0.618887	0.000000	0.000000	0.000000
0.1458	4.57	0.618887	0.000000	0.000000	0.000000
0.1458	4.94	0.618887	0.000000	0.000000	0.000000
0.1458	5.31	0.618887	0.051653	0.000000	0.000000
0.1458	5.67	0.618887	0.000000	0.000000	0.000000
0.1458	6.04	0.618887	0.000000	0.000000	0.000000
0.1458	6.41	0.618887	0.000000	0.000000	0.000000
0.1458	6.78	0.618887	0.000000	0.000000	0.000000
0.1458	7.14	0.618887	0.051653	0.000000	0.000000
0.1458	7.51	0.618887	0.052342	0.000974	0.000018
0.1458	7.88	0.618887	0.052686	0.001033	0.000020
0.1458	8.24	0.618887	0.058884	0.010174	0.001758
0.1458	8.61	0.618887	0.089876	0.049122	0.026848
0.1458	8.98	0.618887	0.072155	0.034291	0.016296
0.1458	9.35	0.618887	0.061770	0.010761	0.001875
0.1458	9.71	0.618887	0.087904	0.083618	0.079542
0.1458	10.08	0.618887	0.122575	0.120786	0.119023
0.1458	10.45	0.618887	0.243199	0.253037	0.263274
0.1458	10.82	0.618887	0.459404	0.327075	0.232863
0.1458	11.18	0.618887	0.545506	0.367470	0.247540
0.1458	11.55	0.618887	0.759054	0.299962	0.118539
0.1458	11.92	0.618887	0.894370	0.146051	0.023850
0.1458	12.29	0.618887	0.925802	0.009313	0.000094
0.1458	12.65	0.618887	0.931110	0.007666	0.000063
0.1458	13.02	0.618887	0.953685	0.004114	0.000018
0.1458	13.39	0.618887	0.956277	0.003674	0.000014
0.1458	13.76	0.618887	0.936268	0.135815	0.019701
0.1458	14.12	0.618887	0.946716	0.003456	0.000013
0.1458	14.49	0.618887	0.949248	0.004744	0.000024
0.1458	14.86	0.618887	0.956231	0.002315	0.000006
0.1458	15.22	0.618887	0.957512	0.002720	0.000008
0.1458	15.59	0.618887	0.955764	0.003022	0.000010
0.1458	15.96	0.618887	0.956043	0.003266	0.000011
0.1458	16.33	0.618887	0.956560	0.002633	0.000007
0.1458	16.69	0.618887	0.959837	0.003536	0.000013
0.1458	17.06	0.618887	0.959366	0.003453	0.000012
0.1458	17.43	0.618887	0.946281	0.116935	0.014450
0.1458	17.80	0.618887	0.963053	0.003186	0.000011
0.1458	18.16	0.618887	0.957739	0.002970	0.000009
0.1458	18.53	0.618887	0.958023	0.002678	0.000007
0.1458	18.90	0.618887	0.957645	0.002354	0.000006
0.1458	19.27	0.618887	0.958437	0.002606	0.000007
0.1458	19.63	0.618887	0.961465	0.002779	0.000008
0.1458	20.00	0.618887	0.961849	0.002372	0.000006
0.1506	2.00	0.708165	0.000000	0.000000	0.000000
0.1506	2.37	0.708165	0.000000	0.000000	0.000000
0.1506	2.73	0.708165	0.000000	0.000000	0.000000
0.1506	3.10	0.708165	0.000000	0.000000	0.000000
0.1506	3.47	0.708165	0.000000	0.000000	0.000000
0.1506	3.84	0.708165	0.000000	0.000000	0.000000
0.1506	4.20	0.708165	0.000000	0.000000	0.000000
0.1506	4.57	0.708165	0.000000	0.000000	0.000000
0.1506	4.94	0.708165	0.000000	0.000000	0.000000
0.1506	5.31	0.708165	0.000000	0.000000	0.000000
0.1506	5.67	0.708165	0.053971	0.003055	0.000173
0.1506	6.04	0.708165	0.050916	0.000000	0.000000
0.1506	6.41	0.708165	0.059063	0.008147	0.001124
0.1506	6.78	0.708165	0.063544	0.007664	0.000924
0.1506	7.14	0.708165	0.148094	0.164862	0.183529
0.1506	7.51	0.708165	0.218941	0.268614	0.329557
0.1506	7.88	0.708165	0.248727	0.307196	0.379411
0.1506	8.24	0.708165	0.511994	0.356142	0.247732
0.1506	8.61	0.708165	0.561056	0.366236	0.239066
0.1506	8.98	0.708165	0.653477	0.339816	0.176709
0.1506	9.35	0.708165	0.641330	0.360829	0.203012
0.1506	9.71	0.708165	0.790079	0.252930	0.080971
0.1506	10.08	0.708165	0.867055	0.149849	0.025898
0.1506	10.45	0.708165	0.858792	0.195872	0.044674
0.1506	10.82	0.708165	0.890148	0.145460	0.023770
0.1506	11.18	0.708165	0.924516	0.008334	0.000075
0.1506	11.55	0.708165	0.919953	0.010034	0.000109
0.1506	11.92	0.708165	0.925842	0.011989	0.000155
0.1506	12.29	0.708165	0.934108	0.007824	0.000066
0.1506	12.65	0.708165	0.940654	0.013279	0.000187
0.1506	13.02	0.708165	0.946538	0.004663	0.000023
0.1506	13.39	0.708165	0.945616	0.008945	0.000085
0.1506	13.76	0.708165	0.948280	0.006347	0.000042
0.1506	14.12	0.708165	0.938418	0.011363	0.000138
0.1506	14.49	0.708165	0.942062	0.005620	0.000034
0.1506	14.86	0.708165	0.945814	0.004296	0.000020
0.1506	15.22	0.708165	0.948405	0.007777	0.000064
0.1506	15.59	0.708165	0.950389	0.003557	0.000013
0.1506	15.96	0.708165	0.957596	0.004173	0.000018
0.1506	16.33	0.708165	0.957332	0.003613	0.000014
0.1506	16.69	0.708165	0.958422	0.004609	0.000022
0.1506	17.06	0.708165	0.960062	0.004288	0.000019
0.1506	17.43	0.708165	0.962247	0.003975	0.000016
0.1506	17.80	0.708165	0.963390	0.003777	0.000015
0.1506	18.16	0.708165	0.962220	0.002492	0.000006
0.1506	18.53	0.708165	0.962273	0.003698	0.000014
0.1506	18.90	0.708165	0.959849	0.003056	0.000010
0.1506	19.27	0.708165	0.960770	0.002594	0.000007
0.1506	19.63	0.708165	0.960498	0.003141	0.000010
0.1506	20.00	0.708165	0.967290	0.002899	0.000009
0.1557	2.00	0.725692	0.000000	0.000000	0.000000
0.1557	2.37	0.725692	0.000000	0.000000	0.000000
0.1557	2.73	0.725692	0.000000	0.000000	0.000000
0.1557	3.10	0.725692	0.000000	0.000000	0.000000
0.1557	3.47	0.725692	0.000000	0.000000	0.000000
0.1557	3.84	0.725692	0.000000	0.000000	0.000000
0.1557	4.20	0.725692	0.000000	0.000000	0.000000
0.1557	4.57	0.725692	0.050710	0.000000	0.000000
0.1557	4.94	0.725692	0.052738	0.000000	0.000000
0.1557	5.31	0.725692	0.058824	0.000000	0.000000
0.1557	5.67	0.725692	0.000000	0.000000	0.000000
0.1557	6.04	0.725692	0.000000	0.000000	0.000000
0.1557	6.41	0.725692	0.068966	0.014199	0.002923
0.1557	6.78	0.725692	0.061528	0.008170	0.001085
0.1557	7.14	0.725692	0.062880	0.014653	0.003414
0.1557	7.51	0.725692	0.173360	0.260954	0.392806
0.1557	7.88	0.725692	0.174056	0.272497	0.426613
0.1557	8.24	0.725692	0.405897	0.396469	0.387259
0.1557	8.61	0.725692	0.595999	0.382572	0.245573
0.1557	8.98	0.725692	0.710359	0.326601	0.150161
0.1557	9.35	0.725692	0.850274	0.155293	0.028362
0.1557	9.71	0.725692	0.831447	0.201893	0.049024
0.1557	10.08	0.725692	0.888634	0.003868	0.000017
0.1557	10.45	0.725692	0.890720	0.004080	0.000019
0.1557	10.82	0.725692	0.871495	0.140815	0.022753
0.1557	11.18	0.725692	0.876211	0.132765	0.020117
0.1557	11.55	0.725692	0.899102	0.004038	0.000018
0.1557	11.92	0.725692	0.899507	0.004264	0.000020
0.1557	12.29	0.725692	0.901566	0.004745	0.000025
0.1557	12.65	0.725692	0.906639	0.003417	0.000013
0.1557	13.02	0.725692	0.907014	0.003499	0.000013
0.1557	13.39	0.725692	0.901979	0.003022	0.000010
0.1557	13.76	0.725692	0.902957	0.003174	0.000011
0.1557	14.12	0.725692	0.904505	0.003763	0.000016
0.1557	14.49	0.725692	0.907162	0.003990	0.000018
0.1557	14.86	0.725692	0.907110	0.002801	0.000009
0.1557	15.22	0.725692	0.913185	0.003245	0.000012
0.1557	15.59	0.725692	0.913895	0.002938	0.000009
0.1557	15.96	0.725692	0.914287	0.003917	0.000017
0.1557	16.33	0.725692	0.914495	0.002888	0.000009
0.1557	16.69	0.725692	0.908519	0.002932	0.000009
0.1557	17.06	0.725692	0.904513	0.003314	0.000012
0.1557	17.43	0.725692	0.905358	0.003817	0.000016
0.1557	17.80	0.725692	0.913745	0.003492	0.000013
0.1557	18.16	0.725692	0.913600	0.003373	0.000012
0.1557	18.53	0.725692	0.908376	0.004224	0.000020
0.1557	18.90	0.725692	0.908336	0.003168	0.000011
0.1557	19.27	0.725692	0.912137	0.002683	0.000008
0.1557	19.63	0.725692	0.915668	0.002977	0.000010
0.1557	20.00	0.725692	0.916467	0.003801	0.000016
0.1612	2.00	0.616934	0.050710	0.000000	0.000000
0.1612	2.37	0.616934	0.000000	0.000000	0.000000
0.1612	2.73	0.616934	0.000000	0.000000	0.000000
0.1612	3.10	0.616934	0.050710	0.000000	0.000000
0.1612	3.47	0.616934	0.000000	0.000000	0.000000
0.1612	3.84	0.616934	0.000000	0.000000	0.000000
0.1612	4.20	0.616934	0.000000	0.000000	0.000000
0.1612	4.57	0.616934	0.000000	0.000000	0.000000
0.1612	4.94	0.616934	0.000000	0.000000	0.000000
0.1612	5.31	0.616934	0.000000	0.000000	0.000000
0.1612	5.67	0.616934	0.000000	0.000000	0.000000
0.1612	6.04	0.616934	0.000000	0.000000	0.000000
0.1612	6.41	0.616934	0.000000	0.000000	0.000000
0.1612	6.78	0.616934	0.000000	0.000000	0.000000
0.1612	7.14	0.616934	0.055781	0.001014	0.000018
0.1612	7.51	0.616934	0.056288	0.002635	0.000123
0.1612	7.88	0.616934	0.056505	0.003973	0.000279
0.1612	8.24	0.616934	0.057085	0.004526	0.000359
0.1612	8.61	0.616934	0.056542	0.003985	0.000281
0.1612	8.98	0.616934	0.065462	0.018653	0.005315
0.1612	9.35	0.616934	0.067490	0.022564	0.007544
0.1612	9.71	0.616934	0.175244	0.195847	0.218872
0.1612	10.08	0.616934	0.225470	0.233165	0.241122
0.1612	10.45	0.616934	0.417048	0.322804	0.249857
0.1612	10.82	0.616934	0.481967	0.368534	0.281798
0.1612	11.18	0.616934	0.666388	0.326751	0.160217
0.1612	11.55	0.616934	0.878231	0.017215	0.000337
0.1612	11.92	0.616934	0.868400	0.139286	0.022341
0.1612	12.29	0.616934	0.904285	0.009734	0.000105
0.1612	12.65	0.616934	0.918574	0.009316	0.000094
0.1612	13.02	0.616934	0.926583	0.009854	0.000105
0.1612	13.39	0.616934	0.941560	0.004942	0.000026
0.1612	13.76	0.616934	0.943863	0.004902	0.000025
0.1612	14.12	0.616934	0.946568	0.004421	0.000021
0.1612	14.49	0.616934	0.947938	0.005142	0.000028
0.1612	14.86	0.616934	0.951978	0.004935	0.000026
0.1612	15.22	0.616934	0.956085	0.004638	0.000022
0.1612	15.59	0.616934	0.958519	0.004512	0.000021
0.1612	15.96	0.616934	0.959483	0.003317	0.000011
0.1612	16.33	0.616934	0.958591	0.003748	0.000015
0.1612	16.69	0.616934	0.959927	0.003874	0.000016
0.1612	17.06	0.616934	0.960543	0.003289	0.000011
0.1612	17.43	0.616934	0.971850	0.003727	0.000014
0.1612	17.80	0.616934	0.972790	0.003498	0.000013
0.1612	18.16	0.616934	0.968442	0.002977	0.000009
0.1612	18.53	0.616934	0.964986	0.004177	0.000018
0.1612	18.90	0.616934	0.965179	0.004424	0.000020
0.1612	19.27	0.616934	0.973159	0.001795	0.000003
0.1612	19.63	0.616934	0.973536	0.001854	0.000004
0.1612	20.00	0.616934	0.972134	0.002079	0.000004
0.1675	2.00	0.660627	0.000000	0.000000	0.000000
0.1675	2.37	0.660627	0.000000	0.000000	0.000000
0.1675	2.73	0.660627	0.000000	0.000000	0.000000
0.1675	3.10	0.660627	0.000000	0.000000	0.000000
0.1675	3.47	0.660627	0.000000	0.000000	0.000000
0.1675	3.84	0.660627	0.000000	0.000000	0.000000
0.1675	4.20	0.660627	0.000000	0.000000	0.000000
0.1675	4.57	0.660627	0.000000	0.000000	0.000000
0.1675	4.94	0.660627	0.000000	0.000000	0.000000
0.1675	5.31	0.660627	0.000000	0.000000	0.000000
0.1675	5.67	0.660627	0.000000	0.000000	0.000000
0.1675	6.04	0.660627	0.000000	0.000000	0.000000
0.1675	6.41	0.660627	0.000000	0.000000	0.000000
0.1675	6.78	0.660627	0.000000	0.000000	0.000000
0.1675	7.14	0.660627	0.056795	0.006085	0.000652
0.1675	7.51	0.660627	0.053414	0.003825	0.000274
0.1675	7.88	0.660627	0.060852	0.005971	0.000586
0.1675	8.24	0.660627	0.055668	0.003592	0.000232
0.1675	8.61	0.660627	0.059584	0.007203	0.000871
0.1675	8.98	0.660627	0.071618	0.033711	0.015868
0.1675	9.35	0.660627	0.097532	0.106002	0.115208
0.1675	9.71	0.660627	0.267798	0.284671	0.302608
0.1675	10.08	0.660627	0.377389	0.366587	0.356094
0.1675	10.45	0.660627	0.479743	0.370264	0.285768
0.1675	10.82	0.660627	0.627756	0.355105	0.200873
0.1675	11.18	0.660627	0.722847	0.301305	0.125593
0.1675	11.55	0.660627	0.813387	0.234293	0.067487
0.1675	11.92	0.660627	0.898520	0.145303	0.023498
0.1675	12.29	0.660627	0.879874	0.193098	0.042378
0.1675	12.65	0.660627	0.936444	0.012394	0.000164
0.1675	13.02	0.660627	0.942458	0.006128	0.000040
0.1675	13.39	0.660627	0.947110	0.006388	0.000043
0.1675	13.76	0.660627	0.952151	0.006175	0.000040
0.1675	14.12	0.660627	0.955323	0.013149	0.000181
0.1675	14.49	0.660627	0.957612	0.007201	0.000054
0.1675	14.86	0.660627	0.960091	0.004851	0.000025
0.1675	15.22	0.660627	0.963590	0.005536	0.000032
0.1675	15.59	0.660627	0.966329	0.004052	0.000017
0.1675	15.96	0.660627	0.968684	0.004763	0.000023
0.1675	16.33	0.660627	0.969574	0.004547	0.000021
0.1675	16.69	0.660627	0.969622	0.003555	0.000013
0.1675	17.06	0.660627	0.970801	0.004632	0.000022
0.1675	17.43	0.660627	0.969622	0.004020	0.000017
0.1675	17.80	0.660627	0.971405	0.004985	0.000026
0.1675	18.16	0.660627	0.972404	0.003767	0.000015
0.1675	18.53	0.660627	0.977546	0.004113	0.000017
0.1675	18.90	0.660627	0.978348	0.003381	0.000012
0.1675	19.27	0.660627	0.970588	0.003814	0.000015
0.1675	19.63	0.660627	0.971791	0.003602	0.000013
0.1675	20.00	0.660627	0.972404	0.002593	0.000007
0.1741	2.00	0.551136	0.000000	0.000000	0.000000
0.1741	2.37	0.551136	0.000000	0.000000	0.000000
0.1741	2.73	0.551136	0.000000	0.000000	0.000000
0.1741	3.10	0.551136	0.000000	0.000000	0.000000
0.1741	3.47	0.551136	0.000000	0.000000	0.000000
0.1741	3.84	0.551136	0.000000	0.000000	0.000000
0.1741	4.20	0.551136	0.000000	0.000000	0.000000
0.1741	4.57	0.551136	0.000000	0.000000	0.000000
0.1741	4.94	0.551136	0.000000	0.000000	0.000000
0.1741	5.31	0.551136	0.000000	0.000000	0.000000
0.1741	5.67	0.551136	0.000000	0.000000	0.000000
0.1741	6.04	0.551136	0.000000	0.000000	0.000000
0.1741	6.41	0.551136	0.000000	0.000000	0.000000
0.1741	6.78	0.551136	0.000000	0.000000	0.000000
0.1741	7.14	0.551136	0.000000	0.000000	0.000000
0.1741	7.51	0.551136	0.051957	0.000954	0.000018
0.1741	7.88	0.551136	0.052126	0.002630	0.000133
0.1741	8.24	0.551136	0.053306	0.001909	0.000068
0.1741	8.61	0.551136	0.059172	0.007284	0.000897
0.1741	8.98	0.551136	0.062039	0.014971	0.003613
0.1741	9.35	0.551136	0.075766	0.031723	0.013282
0.1741	9.71	0.551136	0.094130	0.096705	0.099351
0.1741	10.08	0.551136	0.149024	0.184760	0.229066
0.1741	10.45	0.551136	0.292679	0.300235	0.307986
0.1741	10.82	0.551136	0.380863	0.358025	0.336556
0.1741	11.18	0.551136	0.710097	0.295193	0.122714
0.1741	11.55	0.551136	0.859083	0.145501	0.024643
0.1741	11.92	0.551136	0.878840	0.140111	0.022338
0.1741	12.29	0.551136	0.907461	0.007427	0.000061
0.1741	12.65	0.551136	0.912955	0.006054	0.000040
0.1741	13.02	0.551136	0.915655	0.004214	0.000019
0.1741	13.39	0.551136	0.919247	0.004435	0.000021
0.1741	13.76	0.551136	0.917825	0.004879	0.000026
0.1741	14.12	0.551136	0.920741	0.004313	0.000020
0.1741	14.49	0.551136	0.922065	0.003590	0.000014
0.1741	14.86	0.551136	0.924115	0.003333	0.000012
0.1741	15.22	0.551136	0.926087	0.003036	0.000010
0.1741	15.59	0.551136	0.925759	0.003982	0.000017
0.1741	15.96	0.551136	0.926366	0.003886	0.000016
0.1741	16.33	0.551136	0.938563	0.004650	0.000023
0.1741	16.69	0.551136	0.939018	0.003899	0.000016
0.1741	17.06	0.551136	0.938596	0.004952	0.000026
0.1741	17.43	0.551136	0.933346	0.002841	0.000009
0.1741	17.80	0.551136	0.933890	0.002391	0.000006
0.1741	18.16	0.551136	0.934018	0.003248	0.000011
0.1741	18.53	0.551136	0.934334	0.003256	0.000011
0.1741	18.90	0.551136	0.938659	0.002373	0.000006
0.1741	19.27	0.551136	0.934355	0.004309	0.000020
0.1741	19.63	0.551136	0.935177	0.003725	0.000015
0.1741	20.00	0.551136	0.937200	0.002812	0.000008
0.1802	2.00	0.546591	0.000000	0.000000	0.000000
0.1802	2.37	0.546591	0.000000	0.000000	0.000000
0.1802	2.73	0.546591	0.000000	0.000000	0.000000
0.1802	3.10	0.546591	0.000000	0.000000	0.000000
0.1802	3.47	0.546591	0.000000	0.000000	0.000000
0.1802	3.84	0.546591	0.000000	0.000000	0.000000
0.1802	4.20	0.546591	0.000000	0.000000	0.000000
0.1802	4.57	0.546591	0.000000	0.000000	0.000000
0.1802	4.94	0.546591	0.000000	0.000000	0.000000
0.1802	5.31	0.546591	0.000000	0.000000	0.000000
0.1802	5.67	0.546591	0.000000	0.000000	0.000000
0.1802	6.04	0.546591	0.000000	0.000000	0.000000
0.1802	6.41	0.546591	0.000000	0.000000	0.000000
0.1802	6.78	0.546591	0.000000	0.000000	0.000000
0.1802	7.14	0.546591	0.000000	0.000000	0.000000
0.1802	7.51	0.546591	0.058943	0.000000	0.000000
0.1802	7.88	0.546591	0.058943	0.004065	0.000280
0.1802	8.24	0.546591	0.055556	0.002535	0.000116
0.1802	8.61	0.546591	0.056572	0.003965	0.000278
0.1802	8.98	0.546591	0.053954	0.005006	0.000464
0.1802	9.35	0.546591	0.060213	0.014262	0.003378
0.1802	9.71	0.546591	0.062137	0.017987	0.005207
0.1802	10.08	0.546591	0.067729	0.024809	0.009088
0.1802	10.45	0.546591	0.070630	0.024290	0.008354
0.1802	10.82	0.546591	0.102343	0.112378	0.123396
0.1802	11.18	0.546591	0.122395	0.116215	0.110347
0.1802	11.55	0.546591	0.215792	0.223047	0.230545
0.1802	11.92	0.546591	0.395491	0.304575	0.234560
0.1802	12.29	0.546591	0.759668	0.183625	0.044385
0.1802	12.65	0.546591	0.868484	0.044143	0.002244
0.1802	13.02	0.546591	0.852835	0.178167	0.037221
0.1802	13.39	0.546591	0.890752	0.015834	0.000281
0.1802	13.76	0.546591	0.900901	0.015860	0.000279
0.1802	14.12	0.546591	0.911833	0.013764	0.000208
0.1802	14.49	0.546591	0.915650	0.009811	0.000105
0.1802	14.86	0.546591	0.920158	0.006525	0.000046
0.1802	15.22	0.546591	0.925813	0.007605	0.000062
0.1802	15.59	0.546591	0.932927	0.004545	0.000022
0.1802	15.96	0.546591	0.934563	0.004942	0.000026
0.1802	16.33	0.546591	0.935782	0.004370	0.000020
0.1802	16.69	0.546591	0.946622	0.005078	0.000027
0.1802	17.06	0.546591	0.947735	0.004307	0.000020
0.1802	17.43	0.546591	0.944638	0.004627	0.000023
0.1802	17.80	0.546591	0.949140	0.004545	0.000022
0.1802	18.16	0.546591	0.947201	0.004322	0.000020
0.1802	18.53	0.546591	0.940112	0.004235	0.000019
0.1802	18.90	0.546591	0.941813	0.004660	0.000023
0.1802	19.27	0.546591	0.949141	0.004365	0.000020
0.1802	19.63	0.546591	0.950388	0.004319	0.000020
0.1802	20.00	0.546591	0.956323	0.003253	0.000011
0.1858	2.00	0.591171	0.000000	0.000000	0.000000
0.1858	2.37	0.591171	0.000000	0.000000	0.000000
0.1858	2.73	0.591171	0.000000	0.000000	0.000000
0.1858	3.10	0.591171	0.000000	0.000000	0.000000
0.1858	3.47	0.591171	0.000000	0.000000	0.000000
0.1858	3.84	0.591171	0.000000	0.000000	0.000000
0.1858	4.20	0.591171	0.000000	0.000000	0.000000
0.1858	4.57	0.591171	0.000000	0.000000	0.000000
0.1858	4.94	0.591171	0.000000	0.000000	0.000000
0.1858	5.31	0.591171	0.000000	0.000000	0.000000
0.1858	5.67	0.591171	0.050607	0.000000	0.000000
0.1858	6.04	0.591171	0.000000	0.000000	0.000000
0.1858	6.41	0.591171	0.000000	0.000000	0.000000
0.1858	6.78	0.591171	0.000000	0.000000	0.000000
0.1858	7.14	0.591171	0.000000	0.000000	0.000000
0.1858	7.51	0.591171	0.058704	0.010807	0.001989
0.1858	7.88	0.591171	0.068826	0.018151	0.004787
0.1858	8.24	0.591171	0.064575	0.016180	0.004054
0.1858	8.61	0.591171	0.057614	0.008756	0.001331
0.1858	8.98	0.591171	0.073360	0.050171	0.034311
0.1858	9.35	0.591171	0.115297	0.125868	0.137409
0.1858	9.71	0.591171	0.146517	0.181329	0.224413
0.1858	10.08	0.591171	0.226258	0.264186	0.308472
0.1858	10.45	0.591171	0.348801	0.359632	0.370799
0.1858	10.82	0.591171	0.464415	0.387887	0.323969
0.1858	11.18	0.591171	0.739942	0.317617	0.136336
0.1858	11.55	0.591171	0.826890	0.239709	0.069490
0.1858	11.92	0.591171	0.889486	0.147268	0.024382
0.1858	12.29	0.591171	0.923690	0.006824	0.000050
0.1858	12.65	0.591171	0.929786	0.005251	0.000030
0.1858	13.02	0.591171	0.937630	0.005021	0.000027
0.1858	13.39	0.591171	0.940256	0.006290	0.000042
0.1858	13.76	0.591171	0.953934	0.006426	0.000043
0.1858	14.12	0.591171	0.958023	0.004819	0.000024
0.1858	14.49	0.591171	0.959826	0.005606	0.000033
0.1858	14.86	0.591171	0.948043	0.003899	0.000016
0.1858	15.22	0.591171	0.950379	0.004322	0.000020
0.1858	15.59	0.591171	0.957438	0.004797	0.000024
0.1858	15.96	0.591171	0.960033	0.004601	0.000022
0.1858	16.33	0.591171	0.960577	0.005544	0.000032
0.1858	16.69	0.591171	0.957638	0.004823	0.000024
0.1858	17.06	0.591171	0.959415	0.004794	0.000024
0.1858	17.43	0.591171	0.964698	0.004775	0.000024
0.1858	17.80	0.591171	0.964864	0.006474	0.000043
0.1858	18.16	0.591171	0.958949	0.004438	0.000021
0.1858	18.53	0.591171	0.960189	0.004089	0.000017
0.1858	18.90	0.591171	0.961876	0.003949	0.000016
0.1858	19.27	0.591171	0.958384	0.003362	0.000012
0.1858	19.63	0.591171	0.973347	0.006104	0.000038
0.1858	20.00	0.591171	0.975564	0.004966	0.000025
0.1912	2.00	0.606745	0.000000	0.000000	0.000000
0.1912	2.37	0.606745	0.000000	0.000000	0.000000
0.1912	2.73	0.606745	0.000000	0.000000	0.000000
0.1912	3.10	0.606745	0.000000	0.000000	0.000000
0.1912	3.47	0.606745	0.000000	0.000000	0.000000
0.1912	3.84	0.606745	0.000000	0.000000	0.000000
0.1912	4.20	0.606745	0.000000	0.000000	0.000000
0.1912	4.57	0.606745	0.000000	0.000000	0.000000
0.1912	4.94	0.606745	0.000000	0.000000	0.000000
0.1912	5.31	0.606745	0.000000	0.000000	0.000000
0.1912	5.67	0.606745	0.000000	0.000000	0.000000
0.1912	6.04	0.606745	0.000000	0.000000	0.000000
0.1912	6.41	0.606745	0.053981	0.001909	0.000067
0.1912	6.78	0.606745	0.057355	0.004771	0.000397
0.1912	7.14	0.606745	0.000000	0.000000	0.000000
0.1912	7.51	0.606745	0.050607	0.000000	0.000000
0.1912	7.88	0.606745	0.054318	0.003949	0.000287
0.1912	8.24	0.606745	0.063968	0.025108	0.009855
0.1912	8.61	0.606745	0.061649	0.020650	0.006917
0.1912	8.98	0.606745	0.066056	0.023017	0.008020
0.1912	9.35	0.606745	0.066721	0.022399	0.007520
0.1912	9.71	0.606745	0.071684	0.031453	0.013801
0.1912	10.08	0.606745	0.096511	0.108244	0.121404
0.1912	10.45	0.606745	0.176619	0.199420	0.225164
0.1912	10.82	0.606745	0.247976	0.274080	0.302932
0.1912	11.18	0.606745	0.494460	0.344264	0.239692
0.1912	11.55	0.606745	0.540140	0.316527	0.185488
0.1912	11.92	0.606745	0.698967	0.303987	0.132206
0.1912	12.29	0.606745	0.839965	0.207882	0.051448
0.1912	12.65	0.606745	0.906189	0.145677	0.023419
0.1912	13.02	0.606745	0.943039	0.006999	0.000052
0.1912	13.39	0.606745	0.947650	0.005808	0.000036
0.1912	13.76	0.606745	0.931707	0.139590	0.020914
0.1912	14.12	0.606745	0.957435	0.004143	0.000018
0.1912	14.49	0.606745	0.965224	0.003940	0.000016
0.1912	14.86	0.606745	0.968304	0.003484	0.000013
0.1912	15.22	0.606745	0.969231	0.003683	0.000014
0.1912	15.59	0.606745	0.974140	0.003578	0.000013
0.1912	15.96	0.606745	0.975511	0.003218	0.000011
0.1912	16.33	0.606745	0.978391	0.003982	0.000016
0.1912	16.69	0.606745	0.979352	0.003925	0.000016
0.1912	17.06	0.606745	0.974038	0.002516	0.000006
0.1912	17.43	0.606745	0.975354	0.002749	0.000008
0.1912	17.80	0.606745	0.981238	0.002050	0.000004
0.1912	18.16	0.606745	0.982078	0.001706	0.000003
0.1912	18.53	0.606745	0.982275	0.002134	0.000005
0.1912	18.90	0.606745	0.974202	0.002005	0.000004
0.1912	19.27	0.606745	0.975520	0.003376	0.000012
0.1912	19.63	0.606745	0.975524	0.003807	0.000015
0.1912	20.00	0.606745	0.978504	0.002861	0.000008
0.1971	2.00	0.557846	0.000000	0.000000	0.000000
0.1971	2.37	0.557846	0.000000	0.000000	0.000000
0.1971	2.73	0.557846	0.000000	0.000000	0.000000
0.1971	3.10	0.557846	0.000000	0.000000	0.000000
0.1971	3.47	0.557846	0.000000	0.000000	0.000000
0.1971	3.84	0.557846	0.000000	0.000000	0.000000
0.1971	4.20	0.557846	0.000000	0.000000	0.000000
0.1971	4.57	0.557846	0.000000	0.000000	0.000000
0.1971	4.94	0.557846	0.000000	0.000000	0.000000
0.1971	5.31	0.557846	0.000000	0.000000	0.000000
0.1971	5.67	0.557846	0.000000	0.000000	0.000000
0.1971	6.04	0.557846	0.000000	0.000000	0.000000
0.1971	6.41	0.557846	0.000000	0.000000	0.000000
0.1971	6.78	0.557846	0.051020	0.000000	0.000000
0.1971	7.14	0.557846	0.051020	0.000000	0.000000
0.1971	7.51	0.557846	0.053061	0.003726	0.000262
0.1971	7.88	0.557846	0.058163	0.005772	0.000573
0.1971	8.24	0.557846	0.054422	0.002545	0.000119
0.1971	8.61	0.557846	0.063265	0.011581	0.002120
0.1971	8.98	0.557846	0.060459	0.014714	0.003581
0.1971	9.35	0.557846	0.074150	0.033600	0.015225
0.1971	9.71	0.557846	0.081955	0.047532	0.027567
0.1971	10.08	0.557846	0.135374	0.110706	0.090533
0.1971	10.45	0.557846	0.178168	0.148125	0.123148
0.1971	10.82	0.557846	0.280288	0.245585	0.215178
0.1971	11.18	0.557846	0.530666	0.301649	0.171468
0.1971	11.55	0.557846	0.743848	0.270827	0.098605
0.1971	11.92	0.557846	0.832012	0.182084	0.039849
0.1971	12.29	0.557846	0.838715	0.126524	0.019087
0.1971	12.65	0.557846	0.868397	0.010625	0.000130
0.1971	13.02	0.557846	0.874683	0.009095	0.000095
0.1971	13.39	0.557846	0.895036	0.004898	0.000027
0.1971	13.76	0.557846	0.898765	0.005629	0.000035
0.1971	14.12	0.557846	0.890051	0.006632	0.000049
0.1971	14.49	0.557846	0.893459	0.005549	0.000034
0.1971	14.86	0.557846	0.897163	0.004914	0.000027
0.1971	15.22	0.557846	0.902339	0.004970	0.000027
0.1971	15.59	0.557846	0.904530	0.004217	0.000020
0.1971	15.96	0.557846	0.906365	0.003092	0.000011
0.1971	16.33	0.557846	0.904082	0.004281	0.000020
0.1971	16.69	0.557846	0.905408	0.003806	0.000016
0.1971	17.06	0.557846	0.912577	0.004220	0.000020
0.1971	17.43	0.557846	0.913194	0.003612	0.000014
0.1971	17.80	0.557846	0.913639	0.004117	0.000019
0.1971	18.16	0.557846	0.915160	0.003835	0.000016
0.1971	18.53	0.557846	0.915538	0.004201	0.000019
0.1971	18.90	0.557846	0.915520	0.004225	0.000019
0.1971	19.27	0.557846	0.916042	0.003975	0.000017
0.1971	19.63	0.557846	0.905195	0.004317	0.000021
0.1971	20.00	0.557846	0.906401	0.003681	0.000015
0.2047	2.00	0.551775	0.000000	0.000000	0.000000
0.2047	2.37	0.551775	0.000000	0.000000	0.000000
0.2047	2.73	0.551775	0.000000	0.000000	0.000000
0.2047	3.10	0.551775	0.000000	0.000000	0.000000
0.2047	3.47	0.551775	0.000000	0.000000	0.000000
0.2047	3.84	0.551775	0.000000	0.000000	0.000000
0.2047	4.20	0.551775	0.000000	0.000000	0.000000
0.2047	4.57	0.551775	0.000000	0.000000	0.000000
0.2047	4.94	0.551775	0.000000	0.000000	0.000000
0.2047	5.31	0.551775	0.000000	0.000000	0.000000
0.2047	5.67	0.551775	0.000000	0.000000	0.000000
0.2047	6.04	0.551775	0.000000	0.000000	0.000000
0.2047	6.41	0.551775	0.000000	0.000000	0.000000
0.2047	6.78	0.551775	0.000000	0.000000	0.000000
0.2047	7.14	0.551775	0.054767	0.002028	0.000075
0.2047	7.51	0.551775	0.054361	0.004517	0.000375
0.2047	7.88	0.551775	0.052738	0.001434	0.000039
0.2047	8.24	0.551775	0.060852	0.009221	0.001397
0.2047	8.61	0.551775	0.054767	0.003207	0.000188
0.2047	8.98	0.551775	0.060548	0.015872	0.004161
0.2047	9.35	0.551775	0.065477	0.022276	0.007578
0.2047	9.71	0.551775	0.116633	0.084569	0.061319
0.2047	10.08	0.551775	0.210559	0.219247	0.228294
0.2047	10.45	0.551775	0.284600	0.268136	0.252625
0.2047	10.82	0.551775	0.403789	0.306905	0.233267
0.2047	11.18	0.551775	0.600116	0.314731	0.165061
0.2047	11.55	0.551775	0.719799	0.269385	0.100817
0.2047	11.92	0.551775	0.818140	0.181470	0.040252
0.2047	12.29	0.551775	0.832955	0.180763	0.039228
0.2047	12.65	0.551775	0.886589	0.015498	0.000271
0.2047	13.02	0.551775	0.901768	0.010996	0.000134
0.2047	13.39	0.551775	0.885258	0.136680	0.021103
0.2047	13.76	0.551775	0.915341	0.009245	0.000093
0.2047	14.12	0.551775	0.923124	0.007024	0.000053
0.2047	14.49	0.551775	0.929630	0.007409	0.000059
0.2047	14.86	0.551775	0.933012	0.007623	0.000062
0.2047	15.22	0.551775	0.947921	0.004956	0.000026
0.2047	15.59	0.551775	0.948228	0.006232	0.000041
0.2047	15.96	0.551775	0.937713	0.007776	0.000064
0.2047	16.33	0.551775	0.941374	0.007137	0.000054
0.2047	16.69	0.551775	0.943640	0.004188	0.000019
0.2047	17.06	0.551775	0.945813	0.004015	0.000017
0.2047	17.43	0.551775	0.945571	0.005122	0.000028
0.2047	17.80	0.551775	0.949628	0.003982	0.000017
0.2047	18.16	0.551775	0.951083	0.003422	0.000012
0.2047	18.53	0.551775	0.950941	0.003820	0.000015
0.2047	18.90	0.551775	0.952010	0.004009	0.000017
0.2047	19.27	0.551775	0.960281	0.002522	0.000007
0.2047	19.63	0.551775	0.961177	0.003975	0.000016
0.2047	20.00	0.551775	0.960446	0.004137	0.000018
0.2173	2.00	0.605668	0.000000	0.000000	0.000000
0.2173	2.37	0.605668	0.000000	0.000000	0.000000
0.2173	2.73	0.605668	0.000000	0.000000	0.000000
0.2173	3.10	0.605668	0.000000	0.000000	0.000000
0.2173	3.47	0.605668	0.000000	0.000000	0.000000
0.2173	3.84	0.605668	0.000000	0.000000	0.000000
0.2173	4.20	0.605668	0.000000	0.000000	0.000000
0.2173	4.57	0.605668	0.000000	0.000000	0.000000
0.2173	4.94	0.605668	0.000000	0.000000	0.000000
0.2173	5.31	0.605668	0.050710	0.000000	0.000000
0.2173	5.67	0.605668	0.000000	0.000000	0.000000
0.2173	6.04	0.605668	0.000000	0.000000	0.000000
0.2173	6.41	0.605668	0.050710	0.000000	0.000000
0.2173	6.78	0.605668	0.052738	0.001656	0.000052
0.2173	7.14	0.605668	0.057606	0.003296	0.000189
0.2173	7.51	0.605668	0.056795	0.004849	0.000414
0.2173	7.88	0.605668	0.056242	0.005476	0.000533
0.2173	8.24	0.605668	0.116053	0.133457	0.153470
0.2173	8.61	0.605668	0.221629	0.255829	0.295307
0.2173	8.98	0.605668	0.382528	0.336303	0.295664
0.2173	9.35	0.605668	0.335913	0.353493	0.371994
0.2173	9.71	0.605668	0.511551	0.390892	0.298692
0.2173	10.08	0.605668	0.762677	0.303114	0.120468
0.2173	10.45	0.605668	0.805747	0.244708	0.074319
0.2173	10.82	0.605668	0.903516	0.023809	0.000627
0.2173	11.18	0.605668	0.849004	0.240109	0.067906
0.2173	11.55	0.605668	0.865952	0.238362	0.065612
0.2173	11.92	0.605668	0.916160	0.144868	0.022907
0.2173	12.29	0.605668	0.905419	0.194428	0.041751
0.2173	12.65	0.605668	0.933626	0.139280	0.020778
0.2173	13.02	0.605668	0.960615	0.007565	0.000060
0.2173	13.39	0.605668	0.964256	0.006438	0.000043
0.2173	13.76	0.605668	0.966285	0.006888	0.000049
0.2173	14.12	0.605668	0.968933	0.013953	0.000201
0.2173	14.49	0.605668	0.971442	0.008038	0.000067
0.2173	14.86	0.605668	0.973044	0.002128	0.000005
0.2173	15.22	0.605668	0.973787	0.002124	0.000005
0.2173	15.59	0.605668	0.974239	0.002652	0.000007
0.2173	15.96	0.605668	0.977485	0.002018	0.000004
0.2173	16.33	0.605668	0.976927	0.002343	0.000006
0.2173	16.69	0.605668	0.977941	0.002911	0.000009
0.2173	17.06	0.605668	0.979665	0.002334	0.000006
0.2173	17.43	0.605668	0.980223	0.002302	0.000005
0.2173	17.80	0.605668	0.980882	0.002170	0.000005
0.2173	18.16	0.605668	0.980409	0.001653	0.000003
0.2173	18.53	0.605668	0.979426	0.002366	0.000006
0.2173	18.90	0.605668	0.979571	0.001898	0.000004
0.2173	19.27	0.605668	0.982662	0.002038	0.000004
0.2173	19.63	0.605668	0.982971	0.002193	0.000005
0.2173	20.00	0.605668	0.984739	0.001345	0.000002
0.2293	2.00	0.549952	0.000000	0.000000	0.000000
0.2293	2.37	0.549952	0.000000	0.000000	0.000000
0.2293	2.73	0.549952	0.000000	0.000000	0.000000
0.2293	3.10	0.549952	0.000000	0.000000	0.000000
0.2293	3.47	0.549952	0.000000	0.000000	0.000000
0.2293	3.84	0.549952	0.000000	0.000000	0.000000
0.2293	4.20	0.549952	0.000000	0.000000	0.000000
0.2293	4.57	0.549952	0.000000	0.000000	0.000000
0.2293	4.94	0.549952	0.000000	0.000000	0.000000
0.2293	5.31	0.549952	0.000000	0.000000	0.000000
0.2293	5.67	0.549952	0.000000	0.000000	0.000000
0.2293	6.04	0.549952	0.052738	0.000000	0.000000
0.2293	6.41	0.549952	0.052738	0.000000	0.000000
0.2293	6.78	0.549952	0.054260	0.001682	0.000052
0.2293	7.14	0.549952	0.055781	0.004182	0.000313
0.2293	7.51	0.549952	0.052738	0.000000	0.000000
0.2293	7.88	0.549952	0.052738	0.001656	0.000052
0.2293	8.24	0.549952	0.056795	0.008741	0.001345
0.2293	8.61	0.549952	0.067873	0.027256	0.010945
0.2293	8.98	0.549952	0.067478	0.013383	0.002654
0.2293	9.35	0.549952	0.074616	0.026912	0.009706
0.2293	9.71	0.549952	0.143147	0.156894	0.171961
0.2293	10.08	0.549952	0.192814	0.229089	0.272188
0.2293	10.45	0.549952	0.190796	0.223584	0.262006
0.2293	10.82	0.549952	0.428759	0.345004	0.277610
0.2293	11.18	0.549952	0.594610	0.333652	0.187222
0.2293	11.55	0.549952	0.757487	0.318759	0.134137
0.2293	11.92	0.549952	0.793691	0.298305	0.112117
0.2293	12.29	0.549952	0.925529	0.021272	0.000489
0.2293	12.65	0.549952	0.933480	0.015787	0.000267
0.2293	13.02	0.549952	0.941466	0.013681	0.000199
0.2293	13.39	0.549952	0.948029	0.008159	0.000070
0.2293	13.76	0.549952	0.945909	0.017178	0.000312
0.2293	14.12	0.549952	0.949071	0.018709	0.000369
0.2293	14.49	0.549952	0.953867	0.016901	0.000299
0.2293	14.86	0.549952	0.958600	0.011361	0.000135
0.2293	15.22	0.549952	0.963281	0.009196	0.000088
0.2293	15.59	0.549952	0.971146	0.012317	0.000156
0.2293	15.96	0.549952	0.951170	0.138523	0.020174
0.2293	16.33	0.549952	0.966430	0.006050	0.000038
0.2293	16.69	0.549952	0.968139	0.005229	0.000028
0.2293	17.06	0.549952	0.969091	0.004532	0.000021
0.2293	17.43	0.549952	0.972216	0.005259	0.000028
0.2293	17.80	0.549952	0.974527	0.003993	0.000016
0.2293	18.16	0.549952	0.978315	0.002674	0.000007
0.2293	18.53	0.549952	0.978961	0.002697	0.000007
0.2293	18.90	0.549952	0.973856	0.003634	0.000014
0.2293	19.27	0.549952	0.976166	0.003463	0.000012
0.2293	19.63	0.549952	0.979763	0.002415	0.000006
0.2293	20.00	0.549952	0.980085	0.002418	0.000006
0.2374	2.00	0.511917	0.000000	0.000000	0.000000
0.2374	2.37	0.511917	0.000000	0.000000	0.000000
0.2374	2.73	0.511917	0.000000	0.000000	0.000000
0.2374	3.10	0.511917	0.000000	0.000000	0.000000
0.2374	3.47	0.511917	0.000000	0.000000	0.000000
0.2374	3.84	0.511917	0.000000	0.000000	0.000000
0.2374	4.20	0.511917	0.000000	0.000000	0.000000
0.2374	4.57	0.511917	0.000000	0.000000	0.000000
0.2374	4.94	0.511917	0.050505	0.000000	0.000000
0.2374	5.31	0.511917	0.060606	0.000000	0.000000
0.2374	5.67	0.511917	0.000000	0.000000	0.000000
0.2374	6.04	0.511917	0.000000	0.000000	0.000000
0.2374	6.41	0.511917	0.052525	0.000000	0.000000
0.2374	6.78	0.511917	0.054545	0.002020	0.000075
0.2374	7.14	0.511917	0.057374	0.005510	0.000529
0.2374	7.51	0.511917	0.062374	0.010372	0.001725
0.2374	7.88	0.511917	0.063434	0.013757	0.002984
0.2374	8.24	0.511917	0.084624	0.055900	0.036926
0.2374	8.61	0.511917	0.086318	0.070025	0.056807
0.2374	8.98	0.511917	0.079377	0.058147	0.042596
0.2374	9.35	0.511917	0.169192	0.243676	0.350949
0.2374	9.71	0.511917	0.151641	0.205702	0.279035
0.2374	10.08	0.511917	0.531987	0.393661	0.291302
0.2374	10.45	0.511917	0.592632	0.383063	0.247603
0.2374	10.82	0.511917	0.606550	0.403043	0.267816
0.2374	11.18	0.511917	0.745811	0.355863	0.169800
0.2374	11.55	0.511917	0.804209	0.289530	0.104236
0.2374	11.92	0.511917	0.918598	0.116159	0.014689
0.2374	12.29	0.511917	0.942959	0.038073	0.001537
0.2374	12.65	0.511917	0.935135	0.112152	0.013451
0.2374	13.02	0.511917	0.913028	0.176731	0.034209
0.2374	13.39	0.511917	0.941467	0.141994	0.021416
0.2374	13.76	0.511917	0.976927	0.004314	0.000019
0.2374	14.12	0.511917	0.976959	0.004265	0.000019
0.2374	14.49	0.511917	0.976661	0.005764	0.000034
0.2374	14.86	0.511917	0.978309	0.004189	0.000018
0.2374	15.22	0.511917	0.975447	0.004810	0.000024
0.2374	15.59	0.511917	0.976414	0.003362	0.000012
0.2374	15.96	0.511917	0.978813	0.003736	0.000014
0.2374	16.33	0.511917	0.980586	0.002439	0.000006
0.2374	16.69	0.511917	0.982459	0.002730	0.000008
0.2374	17.06	0.511917	0.982705	0.002604	0.000007
0.2374	17.43	0.511917	0.982107	0.002702	0.000007
0.2374	17.80	0.511917	0.981914	0.001919	0.000004
0.2374	18.16	0.511917	0.989456	0.002840	0.000008
0.2374	18.53	0.511917	0.990342	0.002117	0.000005
0.2374	18.90	0.511917	0.990293	0.002241	0.000005
0.2374	19.27	0.511917	0.985041	0.001873	0.000004
0.2374	19.63	0.511917	0.985859	0.001870	0.000004
0.2374	20.00	0.511917	0.983697	0.001595	0.000003
0.2451	2.00	0.534307	0.000000	0.000000	0.000000
0.2451	2.37	0.534307	0.000000	0.000000	0.000000
0.2451	2.73	0.534307	0.000000	0.000000	0.000000
0.2451	3.10	0.534307	0.000000	0.000000	0.000000
0.2451	3.47	0.534307	0.000000	0.000000	0.000000
0.2451	3.84	0.534307	0.000000	0.000000	0.000000
0.2451	4.20	0.534307	0.000000	0.000000	0.000000
0.2451	4.57	0.534307	0.000000	0.000000	0.000000
0.2451	4.94	0.534307	0.000000	0.000000	0.000000
0.2451	5.31	0.534307	0.000000	0.000000	0.000000
0.2451	5.67	0.534307	0.000000	0.000000	0.000000
0.2451	6.04	0.534307	0.000000	0.000000	0.000000
0.2451	6.41	0.534307	0.000000	0.000000	0.000000
0.2451	6.78	0.534307	0.000000	0.000000	0.000000
0.2451	7.14	0.534307	0.000000	0.000000	0.000000
0.2451	7.51	0.534307	0.052738	0.001656	0.000052
0.2451	7.88	0.534307	0.087897	0.063765	0.046258
0.2451	8.24	0.534307	0.080267	0.074495	0.069139
0.2451	8.61	0.534307	0.057887	0.011184	0.002161
0.2451	8.98	0.534307	0.079753	0.058121	0.042357
0.2451	9.35	0.534307	0.096011	0.090635	0.085561
0.2451	9.71	0.534307	0.212779	0.210874	0.208987
0.2451	10.08	0.534307	0.400296	0.283764	0.201156
0.2451	10.45	0.534307	0.469711	0.313831	0.209682
0.2451	10.82	0.534307	0.565459	0.295035	0.153937
0.2451	11.18	0.534307	0.721372	0.234698	0.076359
0.2451	11.55	0.534307	0.758505	0.220675	0.064202
0.2451	11.92	0.534307	0.761551	0.247285	0.080297
0.2451	12.29	0.534307	0.877461	0.012524	0.000179
0.2451	12.65	0.534307	0.876500	0.041057	0.001923
0.2451	13.02	0.534307	0.887725	0.008212	0.000076
0.2451	13.39	0.534307	0.890905	0.006329	0.000045
0.2451	13.76	0.534307	0.895110	0.006311	0.000044
0.2451	14.12	0.534307	0.898367	0.005342	0.000032
0.2451	14.49	0.534307	0.904093	0.005175	0.000030
0.2451	14.86	0.534307	0.907786	0.004726	0.000025
0.2451	15.22	0.534307	0.910074	0.004268	0.000020
0.2451	15.59	0.534307	0.901351	0.004051	0.000018
0.2451	15.96	0.534307	0.903330	0.004288	0.000020
0.2451	16.33	0.534307	0.912120	0.003938	0.000017
0.2451	16.69	0.534307	0.914131	0.004419	0.000021
0.2451	17.06	0.534307	0.915669	0.004601	0.000023
0.2451	17.43	0.534307	0.915326	0.004548	0.000023
0.2451	17.80	0.534307	0.919760	0.003694	0.000015
0.2451	18.16	0.534307	0.920991	0.003853	0.000016
0.2451	18.53	0.534307	0.921858	0.004158	0.000019
0.2451	18.90	0.534307	0.911910	0.003039	0.000010
0.2451	19.27	0.534307	0.913020	0.003009	0.000010
0.2451	19.63	0.534307	0.915468	0.003295	0.000012
0.2451	20.00	0.534307	0.915373	0.003009	0.000010
0.2543	2.00	0.526130	0.000000	0.000000	0.000000
0.2543	2.37	0.526130	0.000000	0.000000	0.000000
0.2543	2.73	0.526130	0.000000	0.000000	0.000000
0.2543	3.10	0.526130	0.000000	0.000000	0.000000
0.2543	3.47	0.526130	0.000000	0.000000	0.000000
0.2543	3.84	0.526130	0.000000	0.000000	0.000000
0.2543	4.20	0.526130	0.000000	0.000000	0.000000
0.2543	4.57	0.526130	0.000000	0.000000	0.000000
0.2543	4.94	0.526130	0.000000	0.000000	0.000000
0.2543	5.31	0.526130	0.000000	0.000000	0.000000
0.2543	5.67	0.526130	0.000000	0.000000	0.000000
0.2543	6.04	0.526130	0.056338	0.000000	0.000000
0.2543	6.41	0.526130	0.057344	0.003018	0.000159
0.2543	6.78	0.526130	0.054997	0.006640	0.000802
0.2543	7.14	0.526130	0.058350	0.009544	0.001561
0.2543	7.51	0.526130	0.058350	0.000000	0.000000
0.2543	7.88	0.526130	0.054326	0.000000	0.000000
0.2543	8.24	0.526130	0.054613	0.003792	0.000263
0.2543	8.61	0.526130	0.123901	0.164803	0.219207
0.2543	8.98	0.526130	0.185373	0.235447	0.299046
0.2543	9.35	0.526130	0.423469	0.341092	0.274739
0.2543	9.71	0.526130	0.498390	0.354990	0.252850
0.2543	10.08	0.526130	0.638162	0.316285	0.156757
0.2543	10.45	0.526130	0.802386	0.142302	0.025237
0.2543	10.82	0.526130	0.843192	0.009690	0.000111
0.2543	11.18	0.526130	0.827693	0.136133	0.022390
0.2543	11.55	0.526130	0.864886	0.008050	0.000075
0.2543	11.92	0.526130	0.875434	0.008726	0.000087
0.2543	12.29	0.526130	0.871457	0.008045	0.000074
0.2543	12.65	0.526130	0.877264	0.007499	0.000064
0.2543	13.02	0.526130	0.910544	0.006592	0.000048
0.2543	13.39	0.526130	0.915928	0.006138	0.000041
0.2543	13.76	0.526130	0.906846	0.008033	0.000071
0.2543	14.12	0.526130	0.910272	0.007239	0.000058
0.2543	14.49	0.526130	0.912581	0.007396	0.000060
0.2543	14.86	0.526130	0.903059	0.007145	0.000057
0.2543	15.22	0.526130	0.903622	0.006360	0.000045
0.2543	15.59	0.526130	0.914048	0.006009	0.000040
0.2543	15.96	0.526130	0.913431	0.005501	0.000033
0.2543	16.33	0.526130	0.916197	0.005101	0.000028
0.2543	16.69	0.526130	0.922756	0.008842	0.000085
0.2543	17.06	0.526130	0.926976	0.006382	0.000044
0.2543	17.43	0.526130	0.926682	0.007221	0.000056
0.2543	17.80	0.526130	0.926682	0.004989	0.000027
0.2543	18.16	0.526130	0.926927	0.005210	0.000029
0.2543	18.53	0.526130	0.928811	0.004908	0.000026
0.2543	18.90	0.526130	0.922104	0.008346	0.000076
0.2543	19.27	0.526130	0.884717	0.175413	0.034779
0.2543	19.63	0.526130	0.934751	0.004793	0.000025
0.2543	20.00	0.526130	0.935333	0.005236	0.000029
0.2659	2.00	0.650662	0.000000	0.000000	0.000000
0.2659	2.37	0.650662	0.000000	0.000000	0.000000
0.2659	2.73	0.650662	0.000000	0.000000	0.000000
0.2659	3.10	0.650662	0.000000	0.000000	0.000000
0.2659	3.47	0.650662	0.000000	0.000000	0.000000
0.2659	3.84	0.650662	0.000000	0.000000	0.000000
0.2659	4.20	0.650662	0.000000	0.000000	0.000000
0.2659	4.57	0.650662	0.000000	0.000000	0.000000
0.2659	4.94	0.650662	0.000000	0.000000	0.000000
0.2659	5.31	0.650662	0.000000	0.000000	0.000000
0.2659	5.67	0.650662	0.051515	0.001010	0.000020
0.2659	6.04	0.650662	0.058586	0.002020	0.000070
0.2659	6.41	0.650662	0.094949	0.046186	0.022466
0.2659	6.78	0.650662	0.082424	0.038784	0.018249
0.2659	7.14	0.650662	0.195707	0.208894	0.222970
0.2659	7.51	0.650662	0.202176	0.266448	0.351153
0.2659	7.88	0.650662	0.420905	0.372939	0.330439
0.2659	8.24	0.650662	0.458377	0.378438	0.312440
0.2659	8.61	0.650662	0.700000	0.297259	0.126233
0.2659	8.98	0.650662	0.760101	0.240121	0.075856
0.2659	9.35	0.650662	0.794218	0.199215	0.049970
0.2659	9.71	0.650662	0.830909	0.140190	0.023653
0.2659	10.08	0.650662	0.860997	0.004515	0.000024
0.2659	10.45	0.650662	0.864773	0.005198	0.000031
0.2659	10.82	0.650662	0.874629	0.003887	0.000017
0.2659	11.18	0.650662	0.877778	0.004362	0.000022
0.2659	11.55	0.650662	0.875947	0.005436	0.000034
0.2659	11.92	0.650662	0.879033	0.004942	0.000028
0.2659	12.29	0.650662	0.884551	0.005165	0.000030
0.2659	12.65	0.650662	0.883614	0.004955	0.000028
0.2659	13.02	0.650662	0.886476	0.004828	0.000026
0.2659	13.39	0.650662	0.888664	0.005361	0.000032
0.2659	13.76	0.650662	0.888998	0.004648	0.000024
0.2659	14.12	0.650662	0.886497	0.004442	0.000022
0.2659	14.49	0.650662	0.889527	0.003682	0.000015
0.2659	14.86	0.650662	0.886816	0.004599	0.000024
0.2659	15.22	0.650662	0.887507	0.004250	0.000020
0.2659	15.59	0.650662	0.889793	0.005764	0.000037
0.2659	15.96	0.650662	0.890961	0.005973	0.000040
0.2659	16.33	0.650662	0.900657	0.003554	0.000014
0.2659	16.69	0.650662	0.900556	0.003080	0.000011
0.2659	17.06	0.650662	0.892515	0.004172	0.000020
0.2659	17.43	0.650662	0.893964	0.005837	0.000038
0.2659	17.80	0.650662	0.895260	0.004564	0.000023
0.2659	18.16	0.650662	0.902677	0.003935	0.000017
0.2659	18.53	0.650662	0.902720	0.003732	0.000015
0.2659	18.90	0.650662	0.893588	0.004596	0.000024
0.2659	19.27	0.650662	0.886807	0.096313	0.010460
0.2659	19.63	0.650662	0.899242	0.003722	0.000015
0.2659	20.00	0.650662	0.888547	0.090698	0.009258
0.2892	2.00	0.401136	0.000000	0.000000	0.000000
0.2892	2.37	0.401136	0.000000	0.000000	0.000000
0.2892	2.73	0.401136	0.000000	0.000000	0.000000
0.2892	3.10	0.401136	0.000000	0.000000	0.000000
0.2892	3.47	0.401136	0.000000	0.000000	0.000000
0.2892	3.84	0.401136	0.000000	0.000000	0.000000
0.2892	4.20	0.401136	0.000000	0.000000	0.000000
0.2892	4.57	0.401136	0.000000	0.000000	0.000000
0.2892	4.94	0.401136	0.000000	0.000000	0.000000
0.2892	5.31	0.401136	0.000000	0.000000	0.000000
0.2892	5.67	0.401136	0.000000	0.000000	0.000000
0.2892	6.04	0.401136	0.000000	0.000000	0.000000
0.2892	6.41	0.401136	0.000000	0.000000	0.000000
0.2892	6.78	0.401136	0.050505	0.000000	0.000000
0.2892	7.14	0.401136	0.000000	0.000000	0.000000
0.2892	7.51	0.401136	0.050505	0.000000	0.000000
0.2892	7.88	0.401136	0.062626	0.000000	0.000000
0.2892	8.24	0.401136	0.058586	0.006061	0.000627
0.2892	8.61	0.401136	0.056970	0.005014	0.000441
0.2892	8.98	0.401136	0.058586	0.007559	0.000975
0.2892	9.35	0.401136	0.057117	0.007946	0.001105
0.2892	9.71	0.401136	0.060354	0.009945	0.001639
0.2892	10.08	0.401136	0.066391	0.015121	0.003444
0.2892	10.45	0.401136	0.073027	0.028889	0.011429
0.2892	10.82	0.401136	0.081241	0.039100	0.018818
0.2892	11.18	0.401136	0.089342	0.044829	0.022494
0.2892	11.55	0.401136	0.197421	0.201623	0.205913
0.2892	11.92	0.401136	0.288147	0.259816	0.234270
0.2892	12.29	0.401136	0.586162	0.321858	0.176730
0.2892	12.65	0.401136	0.694224	0.294533	0.124959
0.2892	13.02	0.401136	0.861934	0.152867	0.027112
0.2892	13.39	0.401136	0.931371	0.010954	0.000129
0.2892	13.76	0.401136	0.937374	0.008364	0.000075
0.2892	14.12	0.401136	0.941839	0.004775	0.000024
0.2892	14.49	0.401136	0.947900	0.005467	0.000032
0.2892	14.86	0.401136	0.950065	0.005602	0.000033
0.2892	15.22	0.401136	0.954545	0.004115	0.000018
0.2892	15.59	0.401136	0.949495	0.004863	0.000025
0.2892	15.96	0.401136	0.953190	0.003704	0.000014
0.2892	16.33	0.401136	0.955014	0.004372	0.000020
0.2892	16.69	0.401136	0.958730	0.003796	0.000015
0.2892	17.06	0.401136	0.958249	0.002401	0.000006
0.2892	17.43	0.401136	0.959836	0.002725	0.000008
0.2892	17.80	0.401136	0.959692	0.003116	0.000010
0.2892	18.16	0.401136	0.960029	0.002271	0.000005
0.2892	18.53	0.401136	0.963401	0.002763	0.000008
0.2892	18.90	0.401136	0.963636	0.003260	0.000011
0.2892	19.27	0.401136	0.963026	0.002202	0.000005
0.2892	19.63	0.401136	0.964059	0.001826	0.000003
0.2892	20.00	0.401136	0.966455	0.002311	0.000006
0.3034	2.00	0.474615	0.000000	0.000000	0.000000
0.3034	2.37	0.474615	0.000000	0.000000	0.000000
0.3034	2.73	0.474615	0.000000	0.000000	0.000000
0.3034	3.10	0.474615	0.000000	0.000000	0.000000
0.3034	3.47	0.474615	0.000000	0.000000	0.000000
0.3034	3.84	0.474615	0.000000	0.000000	0.000000
0.3034	4.20	0.474615	0.000000	0.000000	0.000000
0.3034	4.57	0.474615	0.000000	0.000000	0.000000
0.3034	4.94	0.474615	0.000000	0.000000	0.000000
0.3034	5.31	0.474615	0.000000	0.000000	0.000000
0.3034	5.67	0.474615	0.000000	0.000000	0.000000
0.3034	6.04	0.474615	0.000000	0.000000	0.000000
0.3034	6.41	0.474615	0.000000	0.000000	0.000000
0.3034	6.78	0.474615	0.052953	0.000000	0.000000
0.3034	7.14	0.474615	0.052953	0.002037	0.000078
0.3034	7.51	0.474615	0.054311	0.002540	0.000119
0.3034	7.88	0.474615	0.052953	0.002231	0.000094
0.3034	8.24	0.474615	0.054699	0.003680	0.000248
0.3034	8.61	0.474615	0.060692	0.010093	0.001679
0.3034	8.98	0.474615	0.056348	0.005957	0.000630
0.3034	9.35	0.474615	0.061391	0.009201	0.001379
0.3034	9.71	0.474615	0.062865	0.011397	0.002066
0.3034	10.08	0.474615	0.063502	0.012262	0.002368
0.3034	10.45	0.474615	0.076986	0.035182	0.016078
0.3034	10.82	0.474615	0.084470	0.049815	0.029378
0.3034	11.18	0.474615	0.199513	0.180185	0.162730
0.3034	11.55	0.474615	0.232336	0.242896	0.253936
0.3034	11.92	0.474615	0.438498	0.329793	0.248037
0.3034	12.29	0.474615	0.769378	0.234314	0.071360
0.3034	12.65	0.474615	0.782021	0.225997	0.065311
0.3034	13.02	0.474615	0.874859	0.190552	0.041504
0.3034	13.39	0.474615	0.902919	0.164821	0.030087
0.3034	13.76	0.474615	0.955420	0.007068	0.000052
0.3034	14.12	0.474615	0.917280	0.195579	0.041701
0.3034	14.49	0.474615	0.963810	0.006230	0.000040
0.3034	14.86	0.474615	0.962557	0.004415	0.000020
0.3034	15.22	0.474615	0.964385	0.004922	0.000025
0.3034	15.59	0.474615	0.969003	0.005445	0.000031
0.3034	15.96	0.474615	0.971536	0.004110	0.000017
0.3034	16.33	0.474615	0.963489	0.005571	0.000032
0.3034	16.69	0.474615	0.944300	0.132283	0.018531
0.3034	17.06	0.474615	0.977063	0.004194	0.000018
0.3034	17.43	0.474615	0.979728	0.003878	0.000015
0.3034	17.80	0.474615	0.983375	0.003566	0.000013
0.3034	18.16	0.474615	0.969358	0.004072	0.000017
0.3034	18.53	0.474615	0.969812	0.004787	0.000024
0.3034	18.90	0.474615	0.973246	0.005995	0.000037
0.3034	19.27	0.474615	0.972598	0.005702	0.000033
0.3034	19.63	0.474615	0.974403	0.005701	0.000033
0.3034	20.00	0.474615	0.975190	0.004033	0.000017
0.3103	2.00	0.363976	0.000000	0.000000	0.000000
0.3103	2.37	0.363976	0.000000	0.000000	0.000000
0.3103	2.73	0.363976	0.000000	0.000000	0.000000
0.3103	3.10	0.363976	0.000000	0.000000	0.000000
0.3103	3.47	0.363976	0.000000	0.000000	0.000000
0.3103	3.84	0.363976	0.000000	0.000000	0.000000
0.3103	4.20	0.363976	0.000000	0.000000	0.000000
0.3103	4.57	0.363976	0.000000	0.000000	0.000000
0.3103	4.94	0.363976	0.000000	0.000000	0.000000
0.3103	5.31	0.363976	0.052209	0.000000	0.000000
0.3103	5.67	0.363976	0.050201	0.000000	0.000000
0.3103	6.04	0.363976	0.050201	0.000000	0.000000
0.3103	6.41	0.363976	0.000000	0.000000	0.000000
0.3103	6.78	0.363976	0.000000	0.000000	0.000000
0.3103	7.14	0.363976	0.000000	0.000000	0.000000
0.3103	7.51	0.363976	0.000000	0.000000	0.000000
0.3103	7.88	0.363976	0.051205	0.001004	0.000020
0.3103	8.24	0.363976	0.057229	0.008810	0.001356
0.3103	8.61	0.363976	0.055723	0.003856	0.000267
0.3103	8.98	0.363976	0.055109	0.004245	0.000327
0.3103	9.35	0.363976	0.058635	0.008971	0.001373
0.3103	9.71	0.363976	0.059887	0.012092	0.002442
0.3103	10.08	0.363976	0.065703	0.027212	0.011270
0.3103	10.45	0.363976	0.065871	0.023280	0.008228
0.3103	10.82	0.363976	0.077326	0.058966	0.044966
0.3103	11.18	0.363976	0.076331	0.046688	0.028557
0.3103	11.55	0.363976	0.108846	0.099008	0.090059
0.3103	11.92	0.363976	0.143055	0.155515	0.169060
0.3103	12.29	0.363976	0.248247	0.216424	0.188680
0.3103	12.65	0.363976	0.434321	0.330902	0.252108
0.3103	13.02	0.363976	0.606043	0.330242	0.179954
0.3103	13.39	0.363976	0.586564	0.323804	0.178752
0.3103	13.76	0.363976	0.728869	0.315462	0.136536
0.3103	14.12	0.363976	0.890512	0.187770	0.039593
0.3103	14.49	0.363976	0.933632	0.030204	0.000977
0.3103	14.86	0.363976	0.951910	0.008310	0.000073
0.3103	15.22	0.363976	0.958735	0.004444	0.000021
0.3103	15.59	0.363976	0.969194	0.002995	0.000009
0.3103	15.96	0.363976	0.971055	0.002733	0.000008
0.3103	16.33	0.363976	0.963473	0.003286	0.000011
0.3103	16.69	0.363976	0.965194	0.002896	0.000009
0.3103	17.06	0.363976	0.965630	0.003603	0.000013
0.3103	17.43	0.363976	0.966891	0.002683	0.000007
0.3103	17.80	0.363976	0.967826	0.002887	0.000009
0.3103	18.16	0.363976	0.969433	0.003249	0.000011
0.3103	18.53	0.363976	0.971701	0.002404	0.000006
0.3103	18.90	0.363976	0.972959	0.002951	0.000009
0.3103	19.27	0.363976	0.975993	0.002992	0.000009
0.3103	19.63	0.363976	0.978003	0.003657	0.000014
0.3103	20.00	0.363976	0.974169	0.002728	0.000008
0.3169	2.00	0.522402	0.000000	0.000000	0.000000
0.3169	2.37	0.522402	0.000000	0.000000	0.000000
0.3169	2.73	0.522402	0.000000	0.000000	0.000000
0.3169	3.10	0.522402	0.000000	0.000000	0.000000
0.3169	3.47	0.522402	0.000000	0.000000	0.000000
0.3169	3.84	0.522402	0.000000	0.000000	0.000000
0.3169	4.20	0.522402	0.000000	0.000000	0.000000
0.3169	4.57	0.522402	0.000000	0.000000	0.000000
0.3169	4.94	0.522402	0.000000	0.000000	0.000000
0.3169	5.31	0.522402	0.000000	0.000000	0.000000
0.3169	5.67	0.522402	0.000000	0.000000	0.000000
0.3169	6.04	0.522402	0.000000	0.000000	0.000000
0.3169	6.41	0.522402	0.000000	0.000000	0.000000
0.3169	6.78	0.522402	0.000000	0.000000	0.000000
0.3169	7.14	0.522402	0.050505	0.000000	0.000000
0.3169	7.51	0.522402	0.000000	0.000000	0.000000
0.3169	7.88	0.522402	0.050505	0.000000	0.000000
0.3169	8.24	0.522402	0.059259	0.006598	0.000735
0.3169	8.61	0.522402	0.057239	0.006281	0.000689
0.3169	8.98	0.522402	0.058267	0.009088	0.001418
0.3169	9.35	0.522402	0.063973	0.017247	0.004650
0.3169	9.71	0.522402	0.080889	0.042100	0.021911
0.3169	10.08	0.522402	0.083117	0.052840	0.033592
0.3169	10.45	0.522402	0.106494	0.107397	0.108309
0.3169	10.82	0.522402	0.144357	0.155182	0.166820
0.3169	11.18	0.522402	0.178416	0.221136	0.274086
0.3169	11.55	0.522402	0.353578	0.333368	0.314313
0.3169	11.92	0.522402	0.643098	0.380463	0.225086
0.3169	12.29	0.522402	0.838328	0.262104	0.081947
0.3169	12.65	0.522402	0.911111	0.206640	0.046866
0.3169	13.02	0.522402	0.970770	0.004870	0.000024
0.3169	13.39	0.522402	0.970932	0.007726	0.000061
0.3169	13.76	0.522402	0.973901	0.006412	0.000042
0.3169	14.12	0.522402	0.983511	0.003802	0.000015
0.3169	14.49	0.522402	0.985061	0.002603	0.000007
0.3169	14.86	0.522402	0.981606	0.003136	0.000010
0.3169	15.22	0.522402	0.982802	0.003098	0.000010
0.3169	15.59	0.522402	0.985962	0.002666	0.000007
0.3169	15.96	0.522402	0.989091	0.002295	0.000005
0.3169	16.33	0.522402	0.989040	0.002470	0.000006
0.3169	16.69	0.522402	0.990983	0.001845	0.000003
0.3169	17.06	0.522402	0.991377	0.002892	0.000008
0.3169	17.43	0.522402	0.991775	0.002132	0.000005
0.3169	17.80	0.522402	0.995286	0.001440	0.000002
0.3169	18.16	0.522402	0.995208	0.001572	0.000002
0.3169	18.53	0.522402	0.992977	0.001478	0.000002
0.3169	18.90	0.522402	0.993047	0.001589	0.000003
0.3169	19.27	0.522402	0.993025	0.001540	0.000002
0.3169	19.63	0.522402	0.993170	0.001319	0.000002
0.3169	20.00	0.522402	0.992718	0.000988	0.000001
0.3263	2.00	0.461112	0.000000	0.000000	0.000000
0.3263	2.37	0.461112	0.000000	0.000000	0.000000
0.3263	2.73	0.461112	0.000000	0.000000	0.000000
0.3263	3.10	0.461112	0.000000	0.000000	0.000000
0.3263	3.47	0.461112	0.000000	0.000000	0.000000
0.3263	3.84	0.461112	0.000000	0.000000	0.000000
0.3263	4.20	0.461112	0.050302	0.000000	0.000000
0.3263	4.57	0.461112	0.050302	0.000000	0.000000
0.3263	4.94	0.461112	0.050302	0.000000	0.000000
0.3263	5.31	0.461112	0.000000	0.000000	0.000000
0.3263	5.67	0.461112	0.000000	0.000000	0.000000
0.3263	6.04	0.461112	0.000000	0.000000	0.000000
0.3263	6.41	0.461112	0.000000	0.000000	0.000000
0.3263	6.78	0.461112	0.000000	0.000000	0.000000
0.3263	7.14	0.461112	0.000000	0.000000	0.000000
0.3263	7.51	0.461112	0.000000	0.000000	0.000000
0.3263	7.88	0.461112	0.000000	0.000000	0.000000
0.3263	8.24	0.461112	0.054829	0.003592	0.000235
0.3263	8.61	0.461112	0.055667	0.003794	0.000259
0.3263	8.98	0.461112	0.055936	0.005605	0.000562
0.3263	9.35	0.461112	0.054863	0.005618	0.000575
0.3263	9.71	0.461112	0.059021	0.010303	0.001799
0.3263	10.08	0.461112	0.058618	0.012081	0.002490
0.3263	10.45	0.461112	0.073033	0.055113	0.041589
0.3263	10.82	0.461112	0.087875	0.052223	0.031035
0.3263	11.18	0.461112	0.111402	0.092347	0.076551
0.3263	11.55	0.461112	0.178771	0.173225	0.167851
0.3263	11.92	0.461112	0.353365	0.265081	0.198854
0.3263	12.29	0.461112	0.458127	0.302115	0.199232
0.3263	12.65	0.461112	0.557847	0.313526	0.176211
0.3263	13.02	0.461112	0.806785	0.171746	0.036561
0.3263	13.39	0.461112	0.866250	0.148619	0.025498
0.3263	13.76	0.461112	0.873769	0.189042	0.040900
0.3263	14.12	0.461112	0.916097	0.135487	0.020038
0.3263	14.49	0.461112	0.881926	0.171384	0.033305
0.3263	14.86	0.461112	0.933034	0.007852	0.000066
0.3263	15.22	0.461112	0.938117	0.007286	0.000057
0.3263	15.59	0.461112	0.961620	0.005517	0.000032
0.3263	15.96	0.461112	0.965124	0.006910	0.000049
0.3263	16.33	0.461112	0.952094	0.005125	0.000028
0.3263	16.69	0.461112	0.955447	0.004292	0.000019
0.3263	17.06	0.461112	0.957793	0.005234	0.000029
0.3263	17.43	0.461112	0.972023	0.004091	0.000017
0.3263	17.80	0.461112	0.972608	0.004358	0.000020
0.3263	18.16	0.461112	0.975032	0.004764	0.000023
0.3263	18.53	0.461112	0.977364	0.003462	0.000012
0.3263	18.90	0.461112	0.976633	0.003517	0.000013
0.3263	19.27	0.461112	0.977957	0.003910	0.000016
0.3263	19.63	0.461112	0.974758	0.003872	0.000015
0.3263	20.00	0.461112	0.975581	0.003111	0.000010
0.3514	2.00	0.417360	0.000000	0.000000	0.000000
0.3514	2.37	0.417360	0.000000	0.000000	0.000000
0.3514	2.73	0.417360	0.000000	0.000000	0.000000
0.3514	3.10	0.417360	0.000000	0.000000	0.000000
0.3514	3.47	0.417360	0.000000	0.000000	0.000000
0.3514	3.84	0.417360	0.000000	0.000000	0.000000
0.3514	4.20	0.417360	0.000000	0.000000	0.000000
0.3514	4.57	0.417360	0.000000	0.000000	0.000000
0.3514	4.94	0.417360	0.000000	0.000000	0.000000
0.3514	5.31	0.417360	0.000000	0.000000	0.000000
0.3514	5.67	0.417360	0.000000	0.000000	0.000000
0.3514	6.04	0.417360	0.000000	0.000000	0.000000
0.3514	6.41	0.417360	0.000000	0.000000	0.000000
0.3514	6.78	0.417360	0.000000	0.000000	0.000000
0.3514	7.14	0.417360	0.000000	0.000000	0.000000
0.3514	7.51	0.417360	0.054878	0.000000	0.000000
0.3514	7.88	0.417360	0.054878	0.002874	0.000151
0.3514	8.24	0.417360	0.052168	0.001515	0.000044
0.3514	8.61	0.417360	0.055894	0.008024	0.001152
0.3514	8.98	0.417360	0.057465	0.006884	0.000825
0.3514	9.35	0.417360	0.056911	0.005204	0.000476
0.3514	9.71	0.417360	0.058266	0.009724	0.001623
0.3514	10.08	0.417360	0.063321	0.014168	0.003170
0.3514	10.45	0.417360	0.065986	0.018599	0.005242
0.3514	10.82	0.417360	0.073442	0.037192	0.018834
0.3514	11.18	0.417360	0.113247	0.093491	0.077181
0.3514	11.55	0.417360	0.143154	0.127154	0.112943
0.3514	11.92	0.417360	0.201667	0.191328	0.181519
0.3514	12.29	0.417360	0.432312	0.279504	0.180709
0.3514	12.65	0.417360	0.520809	0.294033	0.166003
0.3514	13.02	0.417360	0.721919	0.204996	0.058211
0.3514	13.39	0.417360	0.898084	0.026908	0.000806
0.3514	13.76	0.417360	0.916941	0.012593	0.000173
0.3514	14.12	0.417360	0.929741	0.010019	0.000108
0.3514	14.49	0.417360	0.934745	0.008545	0.000078
0.3514	14.86	0.417360	0.951829	0.008685	0.000079
0.3514	15.22	0.417360	0.957161	0.005375	0.000030
0.3514	15.59	0.417360	0.961789	0.006542	0.000044
0.3514	15.96	0.417360	0.962551	0.004743	0.000023
0.3514	16.33	0.417360	0.964818	0.005105	0.000027
0.3514	16.69	0.417360	0.965447	0.006114	0.000039
0.3514	17.06	0.417360	0.970599	0.005043	0.000026
0.3514	17.43	0.417360	0.971167	0.006564	0.000044
0.3514	17.80	0.417360	0.966203	0.005614	0.000033
0.3514	18.16	0.417360	0.968803	0.005455	0.000031
0.3514	18.53	0.417360	0.971119	0.006208	0.000040
0.3514	18.90	0.417360	0.982631	0.004167	0.000018
0.3514	19.27	0.417360	0.982908	0.003932	0.000016
0.3514	19.63	0.417360	0.975748	0.003712	0.000014
0.3514	20.00	0.417360	0.976303	0.003438	0.000012
0.3951	2.00	0.398615	0.054217	0.000000	0.000000
0.3951	2.37	0.398615	0.058233	0.000000	0.000000
0.3951	2.73	0.398615	0.056225	0.000000	0.000000
0.3951	3.10	0.398615	0.000000	0.000000	0.000000
0.3951	3.47	0.398615	0.000000	0.000000	0.000000
0.3951	3.84	0.398615	0.000000	0.000000	0.000000
0.3951	4.20	0.398615	0.000000	0.000000	0.000000
0.3951	4.57	0.398615	0.000000	0.000000	0.000000
0.3951	4.94	0.398615	0.000000	0.000000	0.000000
0.3951	5.31	0.398615	0.000000	0.000000	0.000000
0.3951	5.67	0.398615	0.000000	0.000000	0.000000
0.3951	6.04	0.398615	0.000000	0.000000	0.000000
0.3951	6.41	0.398615	0.050201	0.000000	0.000000
0.3951	6.78	0.398615	0.000000	0.000000	0.000000
0.3951	7.14	0.398615	0.000000	0.000000	0.000000
0.3951	7.51	0.398615	0.050201	0.000000	0.000000
0.3951	7.88	0.398615	0.050201	0.000000	0.000000
0.3951	8.24	0.398615	0.052209	0.002459	0.000116
0.3951	8.61	0.398615	0.055120	0.009407	0.001606
0.3951	8.98	0.398615	0.057266	0.010867	0.002062
0.3951	9.35	0.398615	0.069389	0.032555	0.015274
0.3951	9.71	0.398615	0.069253	0.034008	0.016701
0.3951	10.08	0.398615	0.060631	0.015291	0.003857
0.3951	10.45	0.398615	0.078226	0.049938	0.031880
0.3951	10.82	0.398615	0.131997	0.159438	0.192583
0.3951	11.18	0.398615	0.210132	0.241047	0.276509
0.3951	11.55	0.398615	0.308991	0.287820	0.268100
0.3951	11.92	0.398615	0.519554	0.351231	0.237441
0.3951	12.29	0.398615	0.820798	0.212250	0.054885
0.3951	12.65	0.398615	0.865806	0.222856	0.057363
0.3951	13.02	0.398615	0.901784	0.206709	0.047383
0.3951	13.39	0.398615	0.958599	0.005445	0.000031
0.3951	13.76	0.398615	0.962071	0.005136	0.000027
0.3951	14.12	0.398615	0.965375	0.004655	0.000022
0.3951	14.49	0.398615	0.967502	0.004012	0.000017
0.3951	14.86	0.398615	0.968901	0.003179	0.000010
0.3951	15.22	0.398615	0.978464	0.002731	0.000008
0.3951	15.59	0.398615	0.980221	0.003192	0.000010
0.3951	15.96	0.398615	0.980972	0.002674	0.000007
0.3951	16.33	0.398615	0.982645	0.003030	0.000009
0.3951	16.69	0.398615	0.984175	0.002525	0.000006
0.3951	17.06	0.398615	0.988559	0.003369	0.000011
0.3951	17.43	0.398615	0.989004	0.002638	0.000007
0.3951	17.80	0.398615	0.989673	0.001729	0.000003
0.3951	18.16	0.398615	0.989625	0.001802	0.000003
0.3951	18.53	0.398615	0.987018	0.002386	0.000006
0.3951	18.90	0.398615	0.987018	0.002306	0.000005
0.3951	19.27	0.398615	0.991548	0.001964	0.000004
0.3951	19.63	0.398615	0.991267	0.001726	0.000003
0.3951	20.00	0.398615	0.981648	0.002103	0.000005
0.4060	2.00	0.486579	0.000000	0.000000	0.000000
0.4060	2.37	0.486579	0.054326	0.000000	0.000000
0.4060	2.73	0.486579	0.052314	0.000000	0.000000
0.4060	3.10	0.486579	0.054326	0.000000	0.000000
0.4060	3.47	0.486579	0.054326	0.000000	0.000000
0.4060	3.84	0.486579	0.000000	0.000000	0.000000
0.4060	4.20	0.486579	0.000000	0.000000	0.000000
0.4060	4.57	0.486579	0.000000	0.000000	0.000000
0.4060	4.94	0.486579	0.000000	0.000000	0.000000
0.4060	5.31	0.486579	0.000000	0.000000	0.000000
0.4060	5.67	0.486579	0.000000	0.000000	0.000000
0.4060	6.04	0.486579	0.000000	0.000000	0.000000
0.4060	6.41	0.486579	0.052314	0.000000	0.000000
0.4060	6.78	0.486579	0.050302	0.000000	0.000000
0.4060	7.14	0.486579	0.051308	0.001006	0.000020
0.4060	7.51	0.486579	0.052985	0.000949	0.000017
0.4060	7.88	0.486579	0.056841	0.006263	0.000690
0.4060	8.24	0.486579	0.053655	0.004134	0.000319
0.4060	8.61	0.486579	0.054997	0.004263	0.000330
0.4060	8.98	0.486579	0.061224	0.011750	0.002255
0.4060	9.35	0.486579	0.066094	0.052704	0.042028
0.4060	9.71	0.486579	0.098653	0.110480	0.123725
0.4060	10.08	0.486579	0.233170	0.246928	0.261497
0.4060	10.45	0.486579	0.360902	0.346349	0.332383
0.4060	10.82	0.486579	0.603362	0.322552	0.172433
0.4060	11.18	0.486579	0.785292	0.189995	0.045968
0.4060	11.55	0.486579	0.665386	0.319953	0.153851
0.4060	11.92	0.486579	0.775928	0.260017	0.087133
0.4060	12.29	0.486579	0.890638	0.010690	0.000128
0.4060	12.65	0.486579	0.879439	0.134711	0.020635
0.4060	13.02	0.486579	0.909130	0.012221	0.000164
0.4060	13.39	0.486579	0.921801	0.008766	0.000083
0.4060	13.76	0.486579	0.927407	0.009236	0.000092
0.4060	14.12	0.486579	0.933496	0.006088	0.000040
0.4060	14.49	0.486579	0.939431	0.006058	0.000039
0.4060	14.86	0.486579	0.932570	0.007513	0.000061
0.4060	15.22	0.486579	0.936852	0.006675	0.000048
0.4060	15.59	0.486579	0.919959	0.134193	0.019575
0.4060	15.96	0.486579	0.921873	0.134801	0.019711
0.4060	16.33	0.486579	0.942656	0.004734	0.000024
0.4060	16.69	0.486579	0.945722	0.004636	0.000023
0.4060	17.06	0.486579	0.955686	0.007301	0.000056
0.4060	17.43	0.486579	0.955351	0.006336	0.000042
0.4060	17.80	0.486579	0.958589	0.006366	0.000042
0.4060	18.16	0.486579	0.956878	0.006483	0.000044
0.4060	18.53	0.486579	0.960079	0.005391	0.000030
0.4060	18.90	0.486579	0.964672	0.004680	0.000023
0.4060	19.27	0.486579	0.965749	0.004035	0.000017
0.4060	19.63	0.486579	0.959580	0.005261	0.000029
0.4060	20.00	0.486579	0.961639	0.005461	0.000031
0.4503	2.00	0.308236	0.000000	0.000000	0.000000
0.4503	2.37	0.308236	0.000000	0.000000	0.000000
0.4503	2.73	0.308236	0.000000	0.000000	0.000000
0.4503	3.10	0.308236	0.000000	0.000000	0.000000
0.4503	3.47	0.308236	0.000000	0.000000	0.000000
0.4503	3.84	0.308236	0.000000	0.000000	0.000000
0.4503	4.20	0.308236	0.000000	0.000000	0.000000
0.4503	4.57	0.308236	0.000000	0.000000	0.000000
0.4503	4.94	0.308236	0.000000	0.000000	0.000000
0.4503	5.31	0.308236	0.000000	0.000000	0.000000
0.4503	5.67	0.308236	0.000000	0.000000	0.000000
0.4503	6.04	0.308236	0.000000	0.000000	0.000000
0.4503	6.41	0.308236	0.000000	0.000000	0.000000
0.4503	6.78	0.308236	0.000000	0.000000	0.000000
0.4503	7.14	0.308236	0.000000	0.000000	0.000000
0.4503	7.51	0.308236	0.052000	0.000000	0.000000
0.4503	7.88	0.308236	0.060000	0.000000	0.000000
0.4503	8.24	0.308236	0.058000	0.008000	0.001103
0.4503	8.61	0.308236	0.050667	0.000943	0.000018
0.4503	8.98	0.308236	0.052545	0.003823	0.000278
0.4503	9.35	0.308236	0.055867	0.005188	0.000482
0.4503	9.71	0.308236	0.057000	0.007305	0.000936
0.4503	10.08	0.308236	0.066960	0.027259	0.011097
0.4503	10.45	0.308236	0.073128	0.033570	0.015410
0.4503	10.82	0.308236	0.087689	0.064574	0.047552
0.4503	11.18	0.308236	0.114340	0.121826	0.129802
0.4503	11.55	0.308236	0.238038	0.250404	0.263413
0.4503	11.92	0.308236	0.472205	0.318637	0.215011
0.4503	12.29	0.308236	0.787188	0.247937	0.078092
0.4503	12.65	0.308236	0.790171	0.223199	0.063047
0.4503	13.02	0.308236	0.851471	0.191031	0.042859
0.4503	13.39	0.308236	0.919059	0.006329	0.000044
0.4503	13.76	0.308236	0.902378	0.138220	0.021172
0.4503	14.12	0.308236	0.935333	0.004830	0.000025
0.4503	14.49	0.308236	0.936632	0.005769	0.000036
0.4503	14.86	0.308236	0.941842	0.004314	0.000020
0.4503	15.22	0.308236	0.948051	0.004782	0.000024
0.4503	15.59	0.308236	0.949750	0.004340	0.000020
0.4503	15.96	0.308236	0.955744	0.004711	0.000023
0.4503	16.33	0.308236	0.957171	0.005337	0.000030
0.4503	16.69	0.308236	0.959571	0.004354	0.000020
0.4503	17.06	0.308236	0.954976	0.005693	0.000034
0.4503	17.43	0.308236	0.957571	0.004630	0.000022
0.4503	17.80	0.308236	0.958095	0.004514	0.000021
0.4503	18.16	0.308236	0.962279	0.003675	0.000014
0.4503	18.53	0.308236	0.962419	0.003097	0.000010
0.4503	18.90	0.308236	0.967667	0.003902	0.000016
0.4503	19.27	0.308236	0.967857	0.003129	0.000010
0.4503	19.63	0.308236	0.959667	0.003350	0.000012
0.4503	20.00	0.308236	0.960381	0.002903	0.000009
0.4978	2.00	0.368378	0.000000	0.000000	0.000000
0.4978	2.37	0.368378	0.000000	0.000000	0.000000
0.4978	2.73	0.368378	0.000000	0.000000	0.000000
0.4978	3.10	0.368378	0.000000	0.000000	0.000000
0.4978	3.47	0.368378	0.000000	0.000000	0.000000
0.4978	3.84	0.368378	0.000000	0.000000	0.000000
0.4978	4.20	0.368378	0.000000	0.000000	0.000000
0.4978	4.57	0.368378	0.000000	0.000000	0.000000
0.4978	4.94	0.368378	0.000000	0.000000	0.000000
0.4978	5.31	0.368378	0.000000	0.000000	0.000000
0.4978	5.67	0.368378	0.000000	0.000000	0.000000
0.4978	6.04	0.368378	0.000000	0.000000	0.000000
0.4978	6.41	0.368378	0.050302	0.000000	0.000000
0.4978	6.78	0.368378	0.000000	0.000000	0.000000
0.4978	7.14	0.368378	0.050302	0.000000	0.000000
0.4978	7.51	0.368378	0.052314	0.002012	0.000077
0.4978	7.88	0.368378	0.062374	0.000000	0.000000
0.4978	8.24	0.368378	0.057344	0.007042	0.000865
0.4978	8.61	0.368378	0.050302	0.000000	0.000000
0.4978	8.98	0.368378	0.056338	0.004347	0.000335
0.4978	9.35	0.368378	0.057143	0.005776	0.000584
0.4978	9.71	0.368378	0.058716	0.005414	0.000499
0.4978	10.08	0.368378	0.057731	0.009726	0.001639
0.4978	10.45	0.368378	0.064437	0.013524	0.002838
0.4978	10.82	0.368378	0.074875	0.037247	0.018528
0.4978	11.18	0.368378	0.073278	0.033232	0.015071
0.4978	11.55	0.368378	0.106975	0.072639	0.049324
0.4978	11.92	0.368378	0.179043	0.184930	0.191010
0.4978	12.29	0.368378	0.213346	0.199313	0.186203
0.4978	12.65	0.368378	0.416704	0.310804	0.231816
0.4978	13.02	0.368378	0.680292	0.258389	0.098141
0.4978	13.39	0.368378	0.851922	0.113990	0.015252
0.4978	13.76	0.368378	0.904706	0.055030	0.003347
0.4978	14.12	0.368378	0.931478	0.013555	0.000197
0.4978	14.49	0.368378	0.945293	0.010583	0.000118
0.4978	14.86	0.368378	0.949543	0.010719	0.000121
0.4978	15.22	0.368378	0.946754	0.009768	0.000101
0.4978	15.59	0.368378	0.954851	0.008183	0.000070
0.4978	15.96	0.368378	0.959040	0.008058	0.000068
0.4978	16.33	0.368378	0.959806	0.006107	0.000039
0.4978	16.69	0.368378	0.945766	0.118899	0.014948
0.4978	17.06	0.368378	0.968509	0.004528	0.000021
0.4978	17.43	0.368378	0.979113	0.004604	0.000022
0.4978	17.80	0.368378	0.981704	0.004135	0.000017
0.4978	18.16	0.368378	0.983263	0.004263	0.000018
0.4978	18.53	0.368378	0.979692	0.003547	0.000013
0.4978	18.90	0.368378	0.980160	0.003460	0.000012
0.4978	19.27	0.368378	0.982428	0.002981	0.000009
0.4978	19.63	0.368378	0.981847	0.003188	0.000010
0.4978	20.00	0.368378	0.983728	0.003404	0.000012
0.5314	2.00	0.326011	0.000000	0.000000	0.000000
0.5314	2.37	0.326011	0.000000	0.000000	0.000000
0.5314	2.73	0.326011	0.000000	0.000000	0.000000
0.5314	3.10	0.326011	0.000000	0.000000	0.000000
0.5314	3.47	0.326011	0.000000	0.000000	0.000000
0.5314	3.84	0.326011	0.000000	0.000000	0.000000
0.5314	4.20	0.326011	0.000000	0.000000	0.000000
0.5314	4.57	0.326011	0.000000	0.000000	0.000000
0.5314	4.94	0.326011	0.000000	0.000000	0.000000
0.5314	5.31	0.326011	0.000000	0.000000	0.000000
0.5314	5.67	0.326011	0.000000	0.000000	0.000000
0.5314	6.04	0.326011	0.050201	0.000000	0.000000
0.5314	6.41	0.326011	0.054217	0.002008	0.000074
0.5314	6.78	0.326011	0.056225	0.000000	0.000000
0.5314	7.14	0.326011	0.000000	0.000000	0.000000
0.5314	7.51	0.326011	0.000000	0.000000	0.000000
0.5314	7.88	0.326011	0.000000	0.000000	0.000000
0.5314	8.24	0.326011	0.052209	0.000000	0.000000
0.5314	8.61	0.326011	0.054217	0.004540	0.000380
0.5314	8.98	0.326011	0.054526	0.004781	0.000419
0.5314	9.35	0.326011	0.055689	0.004778	0.000410
0.5314	9.71	0.326011	0.059795	0.011455	0.002195
0.5314	10.08	0.326011	0.061282	0.007619	0.000947
0.5314	10.45	0.326011	0.071062	0.020087	0.005678
0.5314	10.82	0.326011	0.072683	0.032114	0.014189
0.5314	11.18	0.326011	0.074257	0.024467	0.008061
0.5314	11.55	0.326011	0.094201	0.066315	0.046684
0.5314	11.92	0.326011	0.121421	0.125391	0.129490
0.5314	12.29	0.326011	0.204681	0.202087	0.199525
0.5314	12.65	0.326011	0.217118	0.184626	0.156996
0.5314	13.02	0.326011	0.549799	0.296555	0.159958
0.5314	13.39	0.326011	0.694877	0.259669	0.097036
0.5314	13.76	0.326011	0.817835	0.225884	0.062389
0.5314	14.12	0.326011	0.931510	0.034976	0.001313
0.5314	14.49	0.326011	0.948689	0.014271	0.000215
0.5314	14.86	0.326011	0.960632	0.007219	0.000054
0.5314	15.22	0.326011	0.967420	0.006468	0.000043
0.5314	15.59	0.326011	0.970026	0.004702	0.000023
0.5314	15.96	0.326011	0.981526	0.004217	0.000018
0.5314	16.33	0.326011	0.982932	0.003851	0.000015
0.5314	16.69	0.326011	0.984776	0.003276	0.000011
0.5314	17.06	0.326011	0.983027	0.003997	0.000016
0.5314	17.43	0.326011	0.984844	0.003074	0.000010
0.5314	17.80	0.326011	0.986172	0.003064	0.000010
0.5314	18.16	0.326011	0.991034	0.002785	0.000008
0.5314	18.53	0.326011	0.991548	0.002102	0.000004
0.5314	18.90	0.326011	0.989493	0.003118	0.000010
0.5314	19.27	0.326011	0.989777	0.003170	0.000010
0.5314	19.63	0.326011	0.988134	0.003420	0.000012
0.5314	20.00	0.326011	0.989869	0.003115	0.000010
