base_sigma	MAX_EXC_WEIGHT	Gini	mean_peaks_height	std_peaks_height	fano_factor
0.0300	2.00	0.932670	0.000000	0.000000	0.000000
0.0300	2.37	0.932670	0.000000	0.000000	0.000000
0.0300	2.73	0.932670	0.000000	0.000000	0.000000
0.0300	3.10	0.932670	0.000000	0.000000	0.000000
0.0300	3.47	0.932670	0.000000	0.000000	0.000000
0.0300	3.84	0.932670	0.000000	0.000000	0.000000
0.0300	4.20	0.932670	0.000000	0.000000	0.000000
0.0300	4.57	0.932670	0.000000	0.000000	0.000000
0.0300	4.94	0.932670	0.000000	0.000000	0.000000
0.0300	5.31	0.932670	0.000000	0.000000	0.000000
0.0300	5.67	0.932670	0.000000	0.000000	0.000000
0.0300	6.04	0.932670	0.107407	0.000000	0.000000
0.0300	6.41	0.932670	0.129630	0.000000	0.000000
0.0300	6.78	0.932670	0.731481	0.062963	0.005420
0.0300	7.14	0.932670	0.802315	0.249323	0.077478
0.0300	7.51	0.932670	0.798990	0.237987	0.070886
0.0300	7.88	0.932670	0.883918	0.048182	0.002626
0.0300	8.24	0.932670	0.902818	0.048861	0.002644
0.0300	8.61	0.932670	0.918020	0.003542	0.000014
0.0300	8.98	0.932670	0.919907	0.003487	0.000013
0.0300	9.35	0.932670	0.921111	0.003660	0.000015
0.0300	9.71	0.932670	0.921565	0.003442	0.000013
0.0300	10.08	0.932670	0.919560	0.002998	0.000010
0.0300	10.45	0.932670	0.921156	0.003320	0.000012
0.0300	10.82	0.932670	0.921242	0.002919	0.000009
0.0300	11.18	0.932670	0.919024	0.002001	0.000004
0.0300	11.55	0.932670	0.920106	0.002220	0.000005
0.0300	11.92	0.932670	0.924023	0.002976	0.000010
0.0300	12.29	0.932670	0.923915	0.002742	0.000008
0.0300	12.65	0.932670	0.922804	0.002861	0.000009
0.0300	13.02	0.932670	0.921217	0.002184	0.000005
0.0300	13.39	0.932670	0.922963	0.002626	0.000007
0.0300	13.76	0.932670	0.923312	0.002845	0.000009
0.0300	14.12	0.932670	0.921460	0.002662	0.000008
0.0300	14.49	0.932670	0.922322	0.003073	0.000010
0.0300	14.86	0.932670	0.921852	0.002611	0.000007
0.0300	15.22	0.932670	0.920525	0.002445	0.000006
0.0300	15.59	0.932670	0.920422	0.002410	0.000006
0.0300	15.96	0.932670	0.920694	0.002805	0.000009
0.0300	16.33	0.932670	0.919620	0.002838	0.000009
0.0300	16.69	0.932670	0.918569	0.002671	0.000008
0.0300	17.06	0.932670	0.919048	0.003021	0.000010
0.0300	17.43	0.932670	0.919418	0.002479	0.000007
0.0300	17.80	0.932670	0.920317	0.002404	0.000006
0.0300	18.16	0.932670	0.921199	0.002276	0.000006
0.0300	18.53	0.932670	0.921326	0.002505	0.000007
0.0300	18.90	0.932670	0.920230	0.002798	0.000009
0.0300	19.27	0.932670	0.921168	0.002557	0.000007
0.0300	19.63	0.932670	0.921502	0.003064	0.000010
0.0300	20.00	0.932670	0.923516	0.003060	0.000010
0.0437	2.00	0.929254	0.000000	0.000000	0.000000
0.0437	2.37	0.929254	0.000000	0.000000	0.000000
0.0437	2.73	0.929254	0.000000	0.000000	0.000000
0.0437	3.10	0.929254	0.000000	0.000000	0.000000
0.0437	3.47	0.929254	0.000000	0.000000	0.000000
0.0437	3.84	0.929254	0.000000	0.000000	0.000000
0.0437	4.20	0.929254	0.000000	0.000000	0.000000
0.0437	4.57	0.929254	0.000000	0.000000	0.000000
0.0437	4.94	0.929254	0.000000	0.000000	0.000000
0.0437	5.31	0.929254	0.000000	0.000000	0.000000
0.0437	5.67	0.929254	0.580913	0.002075	0.000007
0.0437	6.04	0.929254	0.615145	0.001037	0.000002
0.0437	6.41	0.929254	0.642116	0.013325	0.000277
0.0437	6.78	0.929254	0.703838	0.034510	0.001692
0.0437	7.14	0.929254	0.790297	0.065701	0.005462
0.0437	7.51	0.929254	0.871508	0.070688	0.005733
0.0437	7.88	0.929254	0.911225	0.189567	0.039437
0.0437	8.24	0.929254	0.945194	0.143232	0.021705
0.0437	8.61	0.929254	0.998506	0.001498	0.000002
0.0437	8.98	0.929254	0.990504	0.030838	0.000960
0.0437	9.35	0.929254	0.931996	0.175987	0.033231
0.0437	9.71	0.929254	0.898989	0.197811	0.043526
0.0437	10.08	0.929254	0.887024	0.210059	0.049745
0.0437	10.45	0.929254	0.851015	0.237968	0.066543
0.0437	10.82	0.929254	0.916768	0.189178	0.039038
0.0437	11.18	0.929254	0.981831	0.041229	0.001731
0.0437	11.55	0.929254	0.986881	0.030557	0.000946
0.0437	11.92	0.929254	0.941054	0.124778	0.016545
0.0437	12.29	0.929254	0.971015	0.053441	0.002941
0.0437	12.65	0.929254	0.998963	0.002830	0.000008
0.0437	13.02	0.929254	0.996443	0.008810	0.000078
0.0437	13.39	0.929254	0.998518	0.006065	0.000037
0.0437	13.76	0.929254	0.999704	0.001415	0.000002
0.0437	14.12	0.929254	1.000000	0.000000	0.000000
0.0437	14.49	0.929254	0.998675	0.001705	0.000003
0.0437	14.86	0.929254	1.000000	0.000000	0.000000
0.0437	15.22	0.929254	1.000000	0.000000	0.000000
0.0437	15.59	0.929254	1.000000	0.000000	0.000000
0.0437	15.96	0.929254	1.000000	0.000000	0.000000
0.0437	16.33	0.929254	1.000000	0.000000	0.000000
0.0437	16.69	0.929254	1.000000	0.000000	0.000000
0.0437	17.06	0.929254	0.971059	0.042892	0.001895
0.0437	17.43	0.929254	0.977914	0.038048	0.001480
0.0437	17.80	0.929254	1.000000	0.000000	0.000000
0.0437	18.16	0.929254	1.000000	0.000000	0.000000
0.0437	18.53	0.929254	0.949911	0.072978	0.005607
0.0437	18.90	0.929254	0.917176	0.086887	0.008231
0.0437	19.27	0.929254	1.000000	0.000000	0.000000
0.0437	19.63	0.929254	1.000000	0.000000	0.000000
0.0437	20.00	0.929254	0.942568	0.082341	0.007193
0.0573	2.00	0.907946	0.000000	0.000000	0.000000
0.0573	2.37	0.907946	0.000000	0.000000	0.000000
0.0573	2.73	0.907946	0.000000	0.000000	0.000000
0.0573	3.10	0.907946	0.000000	0.000000	0.000000
0.0573	3.47	0.907946	0.000000	0.000000	0.000000
0.0573	3.84	0.907946	0.000000	0.000000	0.000000
0.0573	4.20	0.907946	0.000000	0.000000	0.000000
0.0573	4.57	0.907946	0.000000	0.000000	0.000000
0.0573	4.94	0.907946	0.000000	0.000000	0.000000
0.0573	5.31	0.907946	0.000000	0.000000	0.000000
0.0573	5.67	0.907946	0.000000	0.000000	0.000000
0.0573	6.04	0.907946	0.000000	0.000000	0.000000
0.0573	6.41	0.907946	0.000000	0.000000	0.000000
0.0573	6.78	0.907946	0.000000	0.000000	0.000000
0.0573	7.14	0.907946	0.000000	0.000000	0.000000
0.0573	7.51	0.907946	0.123596	0.000000	0.000000
0.0573	7.88	0.907946	0.120974	0.010633	0.000935
0.0573	8.24	0.907946	0.241038	0.149041	0.092156
0.0573	8.61	0.907946	0.336454	0.141944	0.059884
0.0573	8.98	0.907946	0.420693	0.124009	0.036555
0.0573	9.35	0.907946	0.466292	0.171732	0.063248
0.0573	9.71	0.907946	0.523720	0.145385	0.040359
0.0573	10.08	0.907946	0.585092	0.179207	0.054889
0.0573	10.45	0.907946	0.537416	0.120282	0.026921
0.0573	10.82	0.907946	0.534968	0.114579	0.024541
0.0573	11.18	0.907946	0.563116	0.126060	0.028220
0.0573	11.55	0.907946	0.567450	0.143041	0.036058
0.0573	11.92	0.907946	0.581816	0.172542	0.051169
0.0573	12.29	0.907946	0.616033	0.182112	0.053836
0.0573	12.65	0.907946	0.682311	0.199176	0.058142
0.0573	13.02	0.907946	0.660130	0.204406	0.063293
0.0573	13.39	0.907946	0.681436	0.219250	0.070543
0.0573	13.76	0.907946	0.820740	0.192579	0.045187
0.0573	14.12	0.907946	0.907698	0.120236	0.015927
0.0573	14.49	0.907946	0.984006	0.032052	0.001044
0.0573	14.86	0.907946	0.991327	0.014935	0.000225
0.0573	15.22	0.907946	0.991548	0.024392	0.000600
0.0573	15.59	0.907946	0.788797	0.232834	0.068727
0.0573	15.96	0.907946	0.938624	0.129028	0.017737
0.0573	16.33	0.907946	0.897963	0.185338	0.038254
0.0573	16.69	0.907946	0.996008	0.002548	0.000007
0.0573	17.06	0.907946	0.997166	0.001484	0.000002
0.0573	17.43	0.907946	0.997585	0.000952	0.000001
0.0573	17.80	0.907946	0.999704	0.000683	0.000000
0.0573	18.16	0.907946	0.853677	0.217543	0.055437
0.0573	18.53	0.907946	0.838951	0.222214	0.058858
0.0573	18.90	0.907946	0.877430	0.203612	0.047249
0.0573	19.27	0.907946	0.999291	0.001180	0.000001
0.0573	19.63	0.907946	0.999798	0.000726	0.000001
0.0573	20.00	0.907946	0.999899	0.000423	0.000000
0.0710	2.00	0.897452	0.000000	0.000000	0.000000
0.0710	2.37	0.897452	0.000000	0.000000	0.000000
0.0710	2.73	0.897452	0.000000	0.000000	0.000000
0.0710	3.10	0.897452	0.000000	0.000000	0.000000
0.0710	3.47	0.897452	0.000000	0.000000	0.000000
0.0710	3.84	0.897452	0.000000	0.000000	0.000000
0.0710	4.20	0.897452	0.000000	0.000000	0.000000
0.0710	4.57	0.897452	0.000000	0.000000	0.000000
0.0710	4.94	0.897452	0.000000	0.000000	0.000000
0.0710	5.31	0.897452	0.000000	0.000000	0.000000
0.0710	5.67	0.897452	0.000000	0.000000	0.000000
0.0710	6.04	0.897452	0.000000	0.000000	0.000000
0.0710	6.41	0.897452	0.000000	0.000000	0.000000
0.0710	6.78	0.897452	0.000000	0.000000	0.000000
0.0710	7.14	0.897452	0.000000	0.000000	0.000000
0.0710	7.51	0.897452	0.171004	0.000000	0.000000
0.0710	7.88	0.897452	0.218401	0.000929	0.000004
0.0710	8.24	0.897452	0.210502	0.094370	0.042307
0.0710	8.61	0.897452	0.319703	0.009294	0.000270
0.0710	8.98	0.897452	0.175754	0.075574	0.032497
0.0710	9.35	0.897452	0.292150	0.132523	0.060114
0.0710	9.71	0.897452	0.324684	0.126480	0.049270
0.0710	10.08	0.897452	0.637989	0.325441	0.166009
0.0710	10.45	0.897452	0.731998	0.278745	0.106146
0.0710	10.82	0.897452	0.843618	0.215779	0.055191
0.0710	11.18	0.897452	0.976650	0.048146	0.002373
0.0710	11.55	0.897452	0.998817	0.002088	0.000004
0.0710	11.92	0.897452	0.996863	0.014190	0.000202
0.0710	12.29	0.897452	0.998705	0.005085	0.000026
0.0710	12.65	0.897452	0.998658	0.004891	0.000024
0.0710	13.02	0.897452	0.999699	0.000685	0.000000
0.0710	13.39	0.897452	0.996179	0.022604	0.000513
0.0710	13.76	0.897452	0.999793	0.001222	0.000001
0.0710	14.12	0.897452	1.000000	0.000000	0.000000
0.0710	14.49	0.897452	1.000000	0.000000	0.000000
0.0710	14.86	0.897452	1.000000	0.000000	0.000000
0.0710	15.22	0.897452	1.000000	0.000000	0.000000
0.0710	15.59	0.897452	1.000000	0.000000	0.000000
0.0710	15.96	0.897452	0.999658	0.000721	0.000001
0.0710	16.33	0.897452	0.999609	0.000758	0.000001
0.0710	16.69	0.897452	1.000000	0.000000	0.000000
0.0710	17.06	0.897452	1.000000	0.000000	0.000000
0.0710	17.43	0.897452	1.000000	0.000000	0.000000
0.0710	17.80	0.897452	1.000000	0.000000	0.000000
0.0710	18.16	0.897452	1.000000	0.000000	0.000000
0.0710	18.53	0.897452	1.000000	0.000000	0.000000
0.0710	18.90	0.897452	1.000000	0.000000	0.000000
0.0710	19.27	0.897452	1.000000	0.000000	0.000000
0.0710	19.63	0.897452	1.000000	0.000000	0.000000
0.0710	20.00	0.897452	0.998342	0.000577	0.000000
0.0847	2.00	0.859509	0.000000	0.000000	0.000000
0.0847	2.37	0.859509	0.000000	0.000000	0.000000
0.0847	2.73	0.859509	0.000000	0.000000	0.000000
0.0847	3.10	0.859509	0.000000	0.000000	0.000000
0.0847	3.47	0.859509	0.000000	0.000000	0.000000
0.0847	3.84	0.859509	0.000000	0.000000	0.000000
0.0847	4.20	0.859509	0.000000	0.000000	0.000000
0.0847	4.57	0.859509	0.000000	0.000000	0.000000
0.0847	4.94	0.859509	0.000000	0.000000	0.000000
0.0847	5.31	0.859509	0.000000	0.000000	0.000000
0.0847	5.67	0.859509	0.000000	0.000000	0.000000
0.0847	6.04	0.859509	0.000000	0.000000	0.000000
0.0847	6.41	0.859509	0.000000	0.000000	0.000000
0.0847	6.78	0.859509	0.000000	0.000000	0.000000
0.0847	7.14	0.859509	0.000000	0.000000	0.000000
0.0847	7.51	0.859509	0.000000	0.000000	0.000000
0.0847	7.88	0.859509	0.000000	0.000000	0.000000
0.0847	8.24	0.859509	0.000000	0.000000	0.000000
0.0847	8.61	0.859509	0.000000	0.000000	0.000000
0.0847	8.98	0.859509	0.131274	0.005792	0.000256
0.0847	9.35	0.859509	0.217503	0.053924	0.013369
0.0847	9.71	0.859509	0.269443	0.172629	0.110601
0.0847	10.08	0.859509	0.368726	0.231083	0.144821
0.0847	10.45	0.859509	0.467090	0.246607	0.130200
0.0847	10.82	0.859509	0.549335	0.249785	0.113578
0.0847	11.18	0.859509	0.607348	0.262461	0.113421
0.0847	11.55	0.859509	0.584744	0.288943	0.142777
0.0847	11.92	0.859509	0.637983	0.259538	0.105582
0.0847	12.29	0.859509	0.642139	0.268354	0.112146
0.0847	12.65	0.859509	0.703536	0.281054	0.112278
0.0847	13.02	0.859509	0.741107	0.271390	0.099382
0.0847	13.39	0.859509	0.665418	0.290753	0.127044
0.0847	13.76	0.859509	0.699902	0.280989	0.112809
0.0847	14.12	0.859509	0.674658	0.288277	0.123179
0.0847	14.49	0.859509	0.735067	0.273689	0.101903
0.0847	14.86	0.859509	0.713803	0.293306	0.120521
0.0847	15.22	0.859509	0.670528	0.297512	0.132005
0.0847	15.59	0.859509	0.746499	0.289720	0.112442
0.0847	15.96	0.859509	0.825023	0.244424	0.072414
0.0847	16.33	0.859509	0.688017	0.300561	0.131300
0.0847	16.69	0.859509	0.705827	0.296654	0.124682
0.0847	17.06	0.859509	0.767115	0.275399	0.098870
0.0847	17.43	0.859509	0.772832	0.277505	0.099645
0.0847	17.80	0.859509	0.694681	0.310418	0.138710
0.0847	18.16	0.859509	0.685006	0.308474	0.138913
0.0847	18.53	0.859509	0.721146	0.289463	0.116189
0.0847	18.90	0.859509	0.759096	0.275507	0.099993
0.0847	19.27	0.859509	0.761583	0.279661	0.102694
0.0847	19.63	0.859509	0.726179	0.294083	0.119096
0.0847	20.00	0.859509	0.703102	0.303919	0.131370
0.0984	2.00	0.871559	0.000000	0.000000	0.000000
0.0984	2.37	0.871559	0.000000	0.000000	0.000000
0.0984	2.73	0.871559	0.000000	0.000000	0.000000
0.0984	3.10	0.871559	0.000000	0.000000	0.000000
0.0984	3.47	0.871559	0.000000	0.000000	0.000000
0.0984	3.84	0.871559	0.000000	0.000000	0.000000
0.0984	4.20	0.871559	0.000000	0.000000	0.000000
0.0984	4.57	0.871559	0.000000	0.000000	0.000000
0.0984	4.94	0.871559	0.000000	0.000000	0.000000
0.0984	5.31	0.871559	0.000000	0.000000	0.000000
0.0984	5.67	0.871559	0.000000	0.000000	0.000000
0.0984	6.04	0.871559	0.000000	0.000000	0.000000
0.0984	6.41	0.871559	0.000000	0.000000	0.000000
0.0984	6.78	0.871559	0.241379	0.000000	0.000000
0.0984	7.14	0.871559	0.281609	0.000000	0.000000
0.0984	7.51	0.871559	0.268199	0.011088	0.000458
0.0984	7.88	0.871559	0.283285	0.015694	0.000869
0.0984	8.24	0.871559	0.353535	0.044497	0.005601
0.0984	8.61	0.871559	0.345785	0.090251	0.023556
0.0984	8.98	0.871559	0.347275	0.111884	0.036047
0.0984	9.35	0.871559	0.420785	0.124080	0.036588
0.0984	9.71	0.871559	0.404488	0.131723	0.042896
0.0984	10.08	0.871559	0.471991	0.188071	0.074939
0.0984	10.45	0.871559	0.525204	0.165249	0.051993
0.0984	10.82	0.871559	0.598566	0.186870	0.058340
0.0984	11.18	0.871559	0.694996	0.140895	0.028563
0.0984	11.55	0.871559	0.690691	0.182106	0.048014
0.0984	11.92	0.871559	0.699578	0.216881	0.067237
0.0984	12.29	0.871559	0.815781	0.227571	0.063484
0.0984	12.65	0.871559	0.925513	0.090008	0.008753
0.0984	13.02	0.871559	0.741516	0.222791	0.066938
0.0984	13.39	0.871559	0.753943	0.237976	0.075115
0.0984	13.76	0.871559	0.740441	0.217613	0.063956
0.0984	14.12	0.871559	0.834951	0.189859	0.043172
0.0984	14.49	0.871559	0.821230	0.206347	0.051848
0.0984	14.86	0.871559	0.918582	0.134467	0.019684
0.0984	15.22	0.871559	0.784649	0.223973	0.063932
0.0984	15.59	0.871559	0.813121	0.199997	0.049191
0.0984	15.96	0.871559	0.771478	0.244833	0.077699
0.0984	16.33	0.871559	0.948851	0.076451	0.006160
0.0984	16.69	0.871559	0.936782	0.127833	0.017444
0.0984	17.06	0.871559	0.900650	0.164508	0.030048
0.0984	17.43	0.871559	0.900122	0.163220	0.029597
0.0984	17.80	0.871559	0.970096	0.120596	0.014992
0.0984	18.16	0.871559	0.986637	0.032671	0.001082
0.0984	18.53	0.871559	0.993630	0.006586	0.000044
0.0984	18.90	0.871559	0.971264	0.057981	0.003461
0.0984	19.27	0.871559	0.997524	0.001286	0.000002
0.0984	19.63	0.871559	0.997845	0.001148	0.000001
0.0984	20.00	0.871559	0.994630	0.001772	0.000003
0.1120	2.00	0.819732	0.000000	0.000000	0.000000
0.1120	2.37	0.819732	0.000000	0.000000	0.000000
0.1120	2.73	0.819732	0.000000	0.000000	0.000000
0.1120	3.10	0.819732	0.000000	0.000000	0.000000
0.1120	3.47	0.819732	0.000000	0.000000	0.000000
0.1120	3.84	0.819732	0.000000	0.000000	0.000000
0.1120	4.20	0.819732	0.000000	0.000000	0.000000
0.1120	4.57	0.819732	0.000000	0.000000	0.000000
0.1120	4.94	0.819732	0.000000	0.000000	0.000000
0.1120	5.31	0.819732	0.000000	0.000000	0.000000
0.1120	5.67	0.819732	0.000000	0.000000	0.000000
0.1120	6.04	0.819732	0.000000	0.000000	0.000000
0.1120	6.41	0.819732	0.000000	0.000000	0.000000
0.1120	6.78	0.819732	0.000000	0.000000	0.000000
0.1120	7.14	0.819732	0.000000	0.000000	0.000000
0.1120	7.51	0.819732	0.000000	0.000000	0.000000
0.1120	7.88	0.819732	0.000000	0.000000	0.000000
0.1120	8.24	0.819732	0.000000	0.000000	0.000000
0.1120	8.61	0.819732	0.000000	0.000000	0.000000
0.1120	8.98	0.819732	0.162524	0.005736	0.000202
0.1120	9.35	0.819732	0.365201	0.000000	0.000000
0.1120	9.71	0.819732	0.168260	0.045995	0.012573
0.1120	10.08	0.819732	0.187763	0.127299	0.086306
0.1120	10.45	0.819732	0.417561	0.251194	0.151112
0.1120	10.82	0.819732	0.627151	0.282692	0.127425
0.1120	11.18	0.819732	0.738632	0.247058	0.082636
0.1120	11.55	0.819732	0.664714	0.351316	0.185678
0.1120	11.92	0.819732	0.662240	0.301610	0.137365
0.1120	12.29	0.819732	0.769569	0.220919	0.063419
0.1120	12.65	0.819732	0.877339	0.202007	0.046512
0.1120	13.02	0.819732	0.842005	0.234472	0.065293
0.1120	13.39	0.819732	0.896640	0.155007	0.026797
0.1120	13.76	0.819732	0.956767	0.052488	0.002879
0.1120	14.12	0.819732	0.925717	0.156500	0.026458
0.1120	14.49	0.819732	0.990490	0.008294	0.000069
0.1120	14.86	0.819732	0.980527	0.007312	0.000055
0.1120	15.22	0.819732	0.982792	0.003437	0.000012
0.1120	15.59	0.819732	0.989675	0.003165	0.000010
0.1120	15.96	0.819732	0.990391	0.007812	0.000062
0.1120	16.33	0.819732	0.991616	0.003639	0.000013
0.1120	16.69	0.819732	0.992646	0.002393	0.000006
0.1120	17.06	0.819732	0.994754	0.001203	0.000001
0.1120	17.43	0.819732	0.994646	0.001224	0.000002
0.1120	17.80	0.819732	0.988155	0.002645	0.000007
0.1120	18.16	0.819732	0.988947	0.002048	0.000004
0.1120	18.53	0.819732	0.987362	0.001258	0.000002
0.1120	18.90	0.819732	0.988050	0.001190	0.000001
0.1120	19.27	0.819732	0.995076	0.000945	0.000001
0.1120	19.63	0.819732	0.995057	0.001115	0.000001
0.1120	20.00	0.819732	0.994646	0.000876	0.000001
0.1257	2.00	0.793888	0.000000	0.000000	0.000000
0.1257	2.37	0.793888	0.000000	0.000000	0.000000
0.1257	2.73	0.793888	0.000000	0.000000	0.000000
0.1257	3.10	0.793888	0.000000	0.000000	0.000000
0.1257	3.47	0.793888	0.000000	0.000000	0.000000
0.1257	3.84	0.793888	0.000000	0.000000	0.000000
0.1257	4.20	0.793888	0.000000	0.000000	0.000000
0.1257	4.57	0.793888	0.000000	0.000000	0.000000
0.1257	4.94	0.793888	0.000000	0.000000	0.000000
0.1257	5.31	0.793888	0.000000	0.000000	0.000000
0.1257	5.67	0.793888	0.000000	0.000000	0.000000
0.1257	6.04	0.793888	0.000000	0.000000	0.000000
0.1257	6.41	0.793888	0.000000	0.000000	0.000000
0.1257	6.78	0.793888	0.000000	0.000000	0.000000
0.1257	7.14	0.793888	0.000000	0.000000	0.000000
0.1257	7.51	0.793888	0.000000	0.000000	0.000000
0.1257	7.88	0.793888	0.000000	0.000000	0.000000
0.1257	8.24	0.793888	0.000000	0.000000	0.000000
0.1257	8.61	0.793888	0.000000	0.000000	0.000000
0.1257	8.98	0.793888	0.000000	0.000000	0.000000
0.1257	9.35	0.793888	0.000000	0.000000	0.000000
0.1257	9.71	0.793888	0.103053	0.000000	0.000000
0.1257	10.08	0.793888	0.193702	0.075261	0.029242
0.1257	10.45	0.793888	0.184351	0.066620	0.024075
0.1257	10.82	0.793888	0.248807	0.108858	0.047627
0.1257	11.18	0.793888	0.243371	0.115393	0.054713
0.1257	11.55	0.793888	0.274355	0.132400	0.063894
0.1257	11.92	0.793888	0.406568	0.207758	0.106165
0.1257	12.29	0.793888	0.470738	0.243159	0.125603
0.1257	12.65	0.793888	0.525876	0.254567	0.123231
0.1257	13.02	0.793888	0.635867	0.196435	0.060683
0.1257	13.39	0.793888	0.678387	0.194767	0.055918
0.1257	13.76	0.793888	0.673540	0.253246	0.095219
0.1257	14.12	0.793888	0.857231	0.109101	0.013885
0.1257	14.49	0.793888	0.841703	0.175485	0.036587
0.1257	14.86	0.793888	0.897289	0.081063	0.007323
0.1257	15.22	0.793888	0.896947	0.184736	0.038048
0.1257	15.59	0.793888	0.925573	0.186258	0.037482
0.1257	15.96	0.793888	0.988892	0.016997	0.000292
0.1257	16.33	0.793888	0.991017	0.013176	0.000175
0.1257	16.69	0.793888	0.971088	0.043069	0.001910
0.1257	17.06	0.793888	0.984966	0.017522	0.000312
0.1257	17.43	0.793888	0.988550	0.019175	0.000372
0.1257	17.80	0.793888	0.985132	0.021157	0.000454
0.1257	18.16	0.793888	0.988868	0.016316	0.000269
0.1257	18.53	0.793888	0.995695	0.007960	0.000064
0.1257	18.90	0.793888	0.992011	0.008507	0.000073
0.1257	19.27	0.793888	0.992366	0.010834	0.000118
0.1257	19.63	0.793888	0.995576	0.015108	0.000229
0.1257	20.00	0.793888	0.998092	0.005907	0.000035
0.1394	2.00	0.780374	0.000000	0.000000	0.000000
0.1394	2.37	0.780374	0.000000	0.000000	0.000000
0.1394	2.73	0.780374	0.000000	0.000000	0.000000
0.1394	3.10	0.780374	0.000000	0.000000	0.000000
0.1394	3.47	0.780374	0.000000	0.000000	0.000000
0.1394	3.84	0.780374	0.000000	0.000000	0.000000
0.1394	4.20	0.780374	0.000000	0.000000	0.000000
0.1394	4.57	0.780374	0.000000	0.000000	0.000000
0.1394	4.94	0.780374	0.000000	0.000000	0.000000
0.1394	5.31	0.780374	0.000000	0.000000	0.000000
0.1394	5.67	0.780374	0.000000	0.000000	0.000000
0.1394	6.04	0.780374	0.000000	0.000000	0.000000
0.1394	6.41	0.780374	0.000000	0.000000	0.000000
0.1394	6.78	0.780374	0.000000	0.000000	0.000000
0.1394	7.14	0.780374	0.000000	0.000000	0.000000
0.1394	7.51	0.780374	0.000000	0.000000	0.000000
0.1394	7.88	0.780374	0.000000	0.000000	0.000000
0.1394	8.24	0.780374	0.000000	0.000000	0.000000
0.1394	8.61	0.780374	0.000000	0.000000	0.000000
0.1394	8.98	0.780374	0.000000	0.000000	0.000000
0.1394	9.35	0.780374	0.000000	0.000000	0.000000
0.1394	9.71	0.780374	0.118774	0.000000	0.000000
0.1394	10.08	0.780374	0.130268	0.000000	0.000000
0.1394	10.45	0.780374	0.149425	0.000000	0.000000
0.1394	10.82	0.780374	0.156130	0.049781	0.015872
0.1394	11.18	0.780374	0.191667	0.103671	0.056074
0.1394	11.55	0.780374	0.269505	0.131961	0.064613
0.1394	11.92	0.780374	0.263164	0.151690	0.087436
0.1394	12.29	0.780374	0.305556	0.162944	0.086893
0.1394	12.65	0.780374	0.380757	0.198206	0.103178
0.1394	13.02	0.780374	0.450943	0.223252	0.110527
0.1394	13.39	0.780374	0.543827	0.238480	0.104579
0.1394	13.76	0.780374	0.516993	0.225496	0.098354
0.1394	14.12	0.780374	0.603376	0.257540	0.109927
0.1394	14.49	0.780374	0.538778	0.238756	0.105803
0.1394	14.86	0.780374	0.607851	0.247800	0.101019
0.1394	15.22	0.780374	0.571376	0.227421	0.090519
0.1394	15.59	0.780374	0.586639	0.231186	0.091107
0.1394	15.96	0.780374	0.608002	0.249026	0.101996
0.1394	16.33	0.780374	0.620906	0.243560	0.095540
0.1394	16.69	0.780374	0.627147	0.250978	0.100439
0.1394	17.06	0.780374	0.600703	0.243117	0.098394
0.1394	17.43	0.780374	0.620568	0.238642	0.091771
0.1394	17.80	0.780374	0.629699	0.236703	0.088977
0.1394	18.16	0.780374	0.663762	0.218632	0.072014
0.1394	18.53	0.780374	0.600932	0.256881	0.109809
0.1394	18.90	0.780374	0.616548	0.243582	0.096233
0.1394	19.27	0.780374	0.621851	0.244932	0.096473
0.1394	19.63	0.780374	0.581798	0.233907	0.094040
0.1394	20.00	0.780374	0.652618	0.245295	0.092197
0.1531	2.00	0.779427	0.000000	0.000000	0.000000
0.1531	2.37	0.779427	0.000000	0.000000	0.000000
0.1531	2.73	0.779427	0.000000	0.000000	0.000000
0.1531	3.10	0.779427	0.000000	0.000000	0.000000
0.1531	3.47	0.779427	0.000000	0.000000	0.000000
0.1531	3.84	0.779427	0.000000	0.000000	0.000000
0.1531	4.20	0.779427	0.000000	0.000000	0.000000
0.1531	4.57	0.779427	0.000000	0.000000	0.000000
0.1531	4.94	0.779427	0.000000	0.000000	0.000000
0.1531	5.31	0.779427	0.000000	0.000000	0.000000
0.1531	5.67	0.779427	0.000000	0.000000	0.000000
0.1531	6.04	0.779427	0.000000	0.000000	0.000000
0.1531	6.41	0.779427	0.000000	0.000000	0.000000
0.1531	6.78	0.779427	0.000000	0.000000	0.000000
0.1531	7.14	0.779427	0.000000	0.000000	0.000000
0.1531	7.51	0.779427	0.000000	0.000000	0.000000
0.1531	7.88	0.779427	0.000000	0.000000	0.000000
0.1531	8.24	0.779427	0.100858	0.000000	0.000000
0.1531	8.61	0.779427	0.000000	0.000000	0.000000
0.1531	8.98	0.779427	0.173820	0.038627	0.008584
0.1531	9.35	0.779427	0.255365	0.023605	0.002182
0.1531	9.71	0.779427	0.225517	0.074716	0.024754
0.1531	10.08	0.779427	0.301860	0.057497	0.010952
0.1531	10.45	0.779427	0.332870	0.072592	0.015831
0.1531	10.82	0.779427	0.367050	0.077433	0.016335
0.1531	11.18	0.779427	0.384893	0.135445	0.047664
0.1531	11.55	0.779427	0.403433	0.160251	0.063655
0.1531	11.92	0.779427	0.567167	0.172694	0.052583
0.1531	12.29	0.779427	0.722770	0.238558	0.078739
0.1531	12.65	0.779427	0.827108	0.209756	0.053195
0.1531	13.02	0.779427	0.942244	0.117200	0.014578
0.1531	13.39	0.779427	0.988450	0.005630	0.000032
0.1531	13.76	0.779427	0.991600	0.002827	0.000008
0.1531	14.12	0.779427	0.989096	0.002925	0.000009
0.1531	14.49	0.779427	0.988980	0.003162	0.000010
0.1531	14.86	0.779427	0.990117	0.002439	0.000006
0.1531	15.22	0.779427	0.992187	0.002770	0.000008
0.1531	15.59	0.779427	0.992811	0.002378	0.000006
0.1531	15.96	0.779427	0.994367	0.001960	0.000004
0.1531	16.33	0.779427	0.994689	0.001591	0.000003
0.1531	16.69	0.779427	0.989807	0.001498	0.000002
0.1531	17.06	0.779427	0.990451	0.001265	0.000002
0.1531	17.43	0.779427	0.990612	0.001144	0.000001
0.1531	17.80	0.779427	0.992436	0.001729	0.000003
0.1531	18.16	0.779427	0.992918	0.001606	0.000003
0.1531	18.53	0.779427	0.993458	0.000814	0.000001
0.1531	18.90	0.779427	0.993510	0.000748	0.000001
0.1531	19.27	0.779427	0.992358	0.001426	0.000002
0.1531	19.63	0.779427	0.993091	0.001209	0.000001
0.1531	20.00	0.779427	0.995386	0.000766	0.000001
0.1667	2.00	0.688662	0.000000	0.000000	0.000000
0.1667	2.37	0.688662	0.000000	0.000000	0.000000
0.1667	2.73	0.688662	0.000000	0.000000	0.000000
0.1667	3.10	0.688662	0.000000	0.000000	0.000000
0.1667	3.47	0.688662	0.000000	0.000000	0.000000
0.1667	3.84	0.688662	0.000000	0.000000	0.000000
0.1667	4.20	0.688662	0.000000	0.000000	0.000000
0.1667	4.57	0.688662	0.000000	0.000000	0.000000
0.1667	4.94	0.688662	0.000000	0.000000	0.000000
0.1667	5.31	0.688662	0.000000	0.000000	0.000000
0.1667	5.67	0.688662	0.000000	0.000000	0.000000
0.1667	6.04	0.688662	0.000000	0.000000	0.000000
0.1667	6.41	0.688662	0.000000	0.000000	0.000000
0.1667	6.78	0.688662	0.000000	0.000000	0.000000
0.1667	7.14	0.688662	0.000000	0.000000	0.000000
0.1667	7.51	0.688662	0.000000	0.000000	0.000000
0.1667	7.88	0.688662	0.000000	0.000000	0.000000
0.1667	8.24	0.688662	0.000000	0.000000	0.000000
0.1667	8.61	0.688662	0.000000	0.000000	0.000000
0.1667	8.98	0.688662	0.000000	0.000000	0.000000
0.1667	9.35	0.688662	0.000000	0.000000	0.000000
0.1667	9.71	0.688662	0.000000	0.000000	0.000000
0.1667	10.08	0.688662	0.000000	0.000000	0.000000
0.1667	10.45	0.688662	0.000000	0.000000	0.000000
0.1667	10.82	0.688662	0.111111	0.000000	0.000000
0.1667	11.18	0.688662	0.141762	0.041576	0.012193
0.1667	11.55	0.688662	0.147935	0.037679	0.009597
0.1667	11.92	0.688662	0.170498	0.061563	0.022229
0.1667	12.29	0.688662	0.282157	0.121914	0.052676
0.1667	12.65	0.688662	0.289119	0.118978	0.048961
0.1667	13.02	0.688662	0.370228	0.135008	0.049232
0.1667	13.39	0.688662	0.324412	0.125543	0.048583
0.1667	13.76	0.688662	0.354111	0.164776	0.076674
0.1667	14.12	0.688662	0.459679	0.191927	0.080134
0.1667	14.49	0.688662	0.520690	0.181176	0.063041
0.1667	14.86	0.688662	0.606788	0.180502	0.053694
0.1667	15.22	0.688662	0.706997	0.115498	0.018868
0.1667	15.59	0.688662	0.731578	0.214128	0.062674
0.1667	15.96	0.688662	0.797126	0.124224	0.019359
0.1667	16.33	0.688662	0.813522	0.120073	0.017722
0.1667	16.69	0.688662	0.863658	0.105645	0.012923
0.1667	17.06	0.688662	0.898741	0.066471	0.004916
0.1667	17.43	0.688662	0.925835	0.057316	0.003548
0.1667	17.80	0.688662	0.935641	0.054383	0.003161
0.1667	18.16	0.688662	0.910452	0.064858	0.004620
0.1667	18.53	0.688662	0.937348	0.037377	0.001490
0.1667	18.90	0.688662	0.927331	0.054653	0.003221
0.1667	19.27	0.688662	0.959895	0.028809	0.000865
0.1667	19.63	0.688662	0.965850	0.026440	0.000724
0.1667	20.00	0.688662	0.975531	0.018774	0.000361
0.1804	2.00	0.649213	0.000000	0.000000	0.000000
0.1804	2.37	0.649213	0.000000	0.000000	0.000000
0.1804	2.73	0.649213	0.000000	0.000000	0.000000
0.1804	3.10	0.649213	0.000000	0.000000	0.000000
0.1804	3.47	0.649213	0.000000	0.000000	0.000000
0.1804	3.84	0.649213	0.000000	0.000000	0.000000
0.1804	4.20	0.649213	0.000000	0.000000	0.000000
0.1804	4.57	0.649213	0.000000	0.000000	0.000000
0.1804	4.94	0.649213	0.000000	0.000000	0.000000
0.1804	5.31	0.649213	0.000000	0.000000	0.000000
0.1804	5.67	0.649213	0.000000	0.000000	0.000000
0.1804	6.04	0.649213	0.000000	0.000000	0.000000
0.1804	6.41	0.649213	0.000000	0.000000	0.000000
0.1804	6.78	0.649213	0.000000	0.000000	0.000000
0.1804	7.14	0.649213	0.000000	0.000000	0.000000
0.1804	7.51	0.649213	0.000000	0.000000	0.000000
0.1804	7.88	0.649213	0.000000	0.000000	0.000000
0.1804	8.24	0.649213	0.000000	0.000000	0.000000
0.1804	8.61	0.649213	0.000000	0.000000	0.000000
0.1804	8.98	0.649213	0.000000	0.000000	0.000000
0.1804	9.35	0.649213	0.000000	0.000000	0.000000
0.1804	9.71	0.649213	0.000000	0.000000	0.000000
0.1804	10.08	0.649213	0.000000	0.000000	0.000000
0.1804	10.45	0.649213	0.000000	0.000000	0.000000
0.1804	10.82	0.649213	0.000000	0.000000	0.000000
0.1804	11.18	0.649213	0.000000	0.000000	0.000000
0.1804	11.55	0.649213	0.000000	0.000000	0.000000
0.1804	11.92	0.649213	0.109827	0.000000	0.000000
0.1804	12.29	0.649213	0.107900	0.000000	0.000000
0.1804	12.65	0.649213	0.178090	0.098537	0.054521
0.1804	13.02	0.649213	0.213231	0.119132	0.066559
0.1804	13.39	0.649213	0.210359	0.102763	0.050201
0.1804	13.76	0.649213	0.201815	0.102368	0.051925
0.1804	14.12	0.649213	0.185694	0.079875	0.034358
0.1804	14.49	0.649213	0.188825	0.098912	0.051813
0.1804	14.86	0.649213	0.250762	0.131022	0.068459
0.1804	15.22	0.649213	0.420882	0.208666	0.103453
0.1804	15.59	0.649213	0.516016	0.226675	0.099574
0.1804	15.96	0.649213	0.481659	0.220032	0.100515
0.1804	16.33	0.649213	0.583422	0.201972	0.069920
0.1804	16.69	0.649213	0.607012	0.220753	0.080282
0.1804	17.06	0.649213	0.567105	0.246397	0.107055
0.1804	17.43	0.649213	0.642214	0.237792	0.088047
0.1804	17.80	0.649213	0.700963	0.188905	0.050909
0.1804	18.16	0.649213	0.780429	0.189155	0.045846
0.1804	18.53	0.649213	0.832454	0.179468	0.038692
0.1804	18.90	0.649213	0.832250	0.166040	0.033126
0.1804	19.27	0.649213	0.896682	0.079951	0.007129
0.1804	19.63	0.649213	0.901776	0.147089	0.023992
0.1804	20.00	0.649213	0.901078	0.080274	0.007151
0.1941	2.00	0.716300	0.000000	0.000000	0.000000
0.1941	2.37	0.716300	0.000000	0.000000	0.000000
0.1941	2.73	0.716300	0.000000	0.000000	0.000000
0.1941	3.10	0.716300	0.000000	0.000000	0.000000
0.1941	3.47	0.716300	0.000000	0.000000	0.000000
0.1941	3.84	0.716300	0.000000	0.000000	0.000000
0.1941	4.20	0.716300	0.000000	0.000000	0.000000
0.1941	4.57	0.716300	0.000000	0.000000	0.000000
0.1941	4.94	0.716300	0.000000	0.000000	0.000000
0.1941	5.31	0.716300	0.000000	0.000000	0.000000
0.1941	5.67	0.716300	0.000000	0.000000	0.000000
0.1941	6.04	0.716300	0.000000	0.000000	0.000000
0.1941	6.41	0.716300	0.000000	0.000000	0.000000
0.1941	6.78	0.716300	0.000000	0.000000	0.000000
0.1941	7.14	0.716300	0.000000	0.000000	0.000000
0.1941	7.51	0.716300	0.000000	0.000000	0.000000
0.1941	7.88	0.716300	0.000000	0.000000	0.000000
0.1941	8.24	0.716300	0.000000	0.000000	0.000000
0.1941	8.61	0.716300	0.000000	0.000000	0.000000
0.1941	8.98	0.716300	0.000000	0.000000	0.000000
0.1941	9.35	0.716300	0.000000	0.000000	0.000000
0.1941	9.71	0.716300	0.000000	0.000000	0.000000
0.1941	10.08	0.716300	0.128599	0.000000	0.000000
0.1941	10.45	0.716300	0.000000	0.000000	0.000000
0.1941	10.82	0.716300	0.000000	0.000000	0.000000
0.1941	11.18	0.716300	0.118042	0.008637	0.000632
0.1941	11.55	0.716300	0.166267	0.046877	0.013217
0.1941	11.92	0.716300	0.203615	0.078841	0.030528
0.1941	12.29	0.716300	0.230509	0.066647	0.019270
0.1941	12.65	0.716300	0.235351	0.082368	0.028827
0.1941	13.02	0.716300	0.269846	0.111301	0.045908
0.1941	13.39	0.716300	0.321987	0.156427	0.075995
0.1941	13.76	0.716300	0.457246	0.188905	0.078044
0.1941	14.12	0.716300	0.438798	0.170930	0.066585
0.1941	14.49	0.716300	0.474263	0.190573	0.076578
0.1941	14.86	0.716300	0.535398	0.216036	0.087172
0.1941	15.22	0.716300	0.568515	0.226917	0.090572
0.1941	15.59	0.716300	0.644199	0.230796	0.082687
0.1941	15.96	0.716300	0.667124	0.233832	0.081960
0.1941	16.33	0.716300	0.679426	0.284496	0.119127
0.1941	16.69	0.716300	0.782984	0.198979	0.050566
0.1941	17.06	0.716300	0.882694	0.058274	0.003847
0.1941	17.43	0.716300	0.917147	0.048320	0.002546
0.1941	17.80	0.716300	0.813534	0.189508	0.044145
0.1941	18.16	0.716300	0.871109	0.159573	0.029231
0.1941	18.53	0.716300	0.959425	0.037872	0.001495
0.1941	18.90	0.716300	0.949499	0.129434	0.017644
0.1941	19.27	0.716300	0.944039	0.050291	0.002679
0.1941	19.63	0.716300	0.951802	0.045502	0.002175
0.1941	20.00	0.716300	0.980486	0.019248	0.000378
0.2078	2.00	0.704119	0.000000	0.000000	0.000000
0.2078	2.37	0.704119	0.000000	0.000000	0.000000
0.2078	2.73	0.704119	0.000000	0.000000	0.000000
0.2078	3.10	0.704119	0.000000	0.000000	0.000000
0.2078	3.47	0.704119	0.000000	0.000000	0.000000
0.2078	3.84	0.704119	0.000000	0.000000	0.000000
0.2078	4.20	0.704119	0.000000	0.000000	0.000000
0.2078	4.57	0.704119	0.000000	0.000000	0.000000
0.2078	4.94	0.704119	0.000000	0.000000	0.000000
0.2078	5.31	0.704119	0.000000	0.000000	0.000000
0.2078	5.67	0.704119	0.000000	0.000000	0.000000
0.2078	6.04	0.704119	0.000000	0.000000	0.000000
0.2078	6.41	0.704119	0.000000	0.000000	0.000000
0.2078	6.78	0.704119	0.000000	0.000000	0.000000
0.2078	7.14	0.704119	0.000000	0.000000	0.000000
0.2078	7.51	0.704119	0.000000	0.000000	0.000000
0.2078	7.88	0.704119	0.000000	0.000000	0.000000
0.2078	8.24	0.704119	0.000000	0.000000	0.000000
0.2078	8.61	0.704119	0.000000	0.000000	0.000000
0.2078	8.98	0.704119	0.000000	0.000000	0.000000
0.2078	9.35	0.704119	0.000000	0.000000	0.000000
0.2078	9.71	0.704119	0.113462	0.000000	0.000000
0.2078	10.08	0.704119	0.201923	0.000000	0.000000
0.2078	10.45	0.704119	0.297115	0.093269	0.029279
0.2078	10.82	0.704119	0.251923	0.155578	0.096079
0.2078	11.18	0.704119	0.359081	0.197840	0.109002
0.2078	11.55	0.704119	0.444231	0.245731	0.135929
0.2078	11.92	0.704119	0.634687	0.199568	0.062751
0.2078	12.29	0.704119	0.693930	0.216790	0.067727
0.2078	12.65	0.704119	0.789206	0.187378	0.044489
0.2078	13.02	0.704119	0.886899	0.013065	0.000192
0.2078	13.39	0.704119	0.890925	0.027159	0.000828
0.2078	13.76	0.704119	0.873699	0.131535	0.019803
0.2078	14.12	0.704119	0.896758	0.019273	0.000414
0.2078	14.49	0.704119	0.889476	0.036881	0.001529
0.2078	14.86	0.704119	0.908629	0.015653	0.000270
0.2078	15.22	0.704119	0.912753	0.019559	0.000419
0.2078	15.59	0.704119	0.913363	0.012554	0.000173
0.2078	15.96	0.704119	0.912500	0.012800	0.000180
0.2078	16.33	0.704119	0.920192	0.007170	0.000056
0.2078	16.69	0.704119	0.921058	0.005489	0.000033
0.2078	17.06	0.704119	0.924808	0.005782	0.000036
0.2078	17.43	0.704119	0.920779	0.003967	0.000017
0.2078	17.80	0.704119	0.922655	0.003592	0.000014
0.2078	18.16	0.704119	0.929503	0.003718	0.000015
0.2078	18.53	0.704119	0.930769	0.003041	0.000010
0.2078	18.90	0.704119	0.924542	0.003078	0.000010
0.2078	19.27	0.704119	0.925321	0.002295	0.000006
0.2078	19.63	0.704119	0.927486	0.002825	0.000009
0.2078	20.00	0.704119	0.927747	0.002851	0.000009
0.2214	2.00	0.723353	0.000000	0.000000	0.000000
0.2214	2.37	0.723353	0.000000	0.000000	0.000000
0.2214	2.73	0.723353	0.000000	0.000000	0.000000
0.2214	3.10	0.723353	0.000000	0.000000	0.000000
0.2214	3.47	0.723353	0.000000	0.000000	0.000000
0.2214	3.84	0.723353	0.000000	0.000000	0.000000
0.2214	4.20	0.723353	0.000000	0.000000	0.000000
0.2214	4.57	0.723353	0.000000	0.000000	0.000000
0.2214	4.94	0.723353	0.000000	0.000000	0.000000
0.2214	5.31	0.723353	0.000000	0.000000	0.000000
0.2214	5.67	0.723353	0.000000	0.000000	0.000000
0.2214	6.04	0.723353	0.000000	0.000000	0.000000
0.2214	6.41	0.723353	0.000000	0.000000	0.000000
0.2214	6.78	0.723353	0.000000	0.000000	0.000000
0.2214	7.14	0.723353	0.000000	0.000000	0.000000
0.2214	7.51	0.723353	0.000000	0.000000	0.000000
0.2214	7.88	0.723353	0.000000	0.000000	0.000000
0.2214	8.24	0.723353	0.000000	0.000000	0.000000
0.2214	8.61	0.723353	0.000000	0.000000	0.000000
0.2214	8.98	0.723353	0.000000	0.000000	0.000000
0.2214	9.35	0.723353	0.107900	0.000000	0.000000
0.2214	9.71	0.723353	0.141940	0.038289	0.010328
0.2214	10.08	0.723353	0.296724	0.196005	0.129473
0.2214	10.45	0.723353	0.574922	0.230944	0.092769
0.2214	10.82	0.723353	0.627214	0.298943	0.142482
0.2214	11.18	0.723353	0.718103	0.282689	0.111284
0.2214	11.55	0.723353	0.831407	0.206038	0.051060
0.2214	11.92	0.723353	0.907780	0.138877	0.021246
0.2214	12.29	0.723353	0.914836	0.151982	0.025249
0.2214	12.65	0.723353	0.933847	0.011371	0.000138
0.2214	13.02	0.723353	0.943160	0.010741	0.000122
0.2214	13.39	0.723353	0.953640	0.011618	0.000142
0.2214	13.76	0.723353	0.971473	0.007062	0.000051
0.2214	14.12	0.723353	0.972661	0.007052	0.000051
0.2214	14.49	0.723353	0.969760	0.008210	0.000070
0.2214	14.86	0.723353	0.971741	0.009825	0.000099
0.2214	15.22	0.723353	0.982503	0.007215	0.000053
0.2214	15.59	0.723353	0.983492	0.008693	0.000077
0.2214	15.96	0.723353	0.989429	0.004072	0.000017
0.2214	16.33	0.723353	0.988845	0.005120	0.000027
0.2214	16.69	0.723353	0.991008	0.003275	0.000011
0.2214	17.06	0.723353	0.991185	0.004197	0.000018
0.2214	17.43	0.723353	0.991996	0.005563	0.000031
0.2214	17.80	0.723353	0.992486	0.003387	0.000012
0.2214	18.16	0.723353	0.993281	0.005105	0.000026
0.2214	18.53	0.723353	0.992726	0.005197	0.000027
0.2214	18.90	0.723353	0.995424	0.008592	0.000074
0.2214	19.27	0.723353	0.996098	0.007292	0.000053
0.2214	19.63	0.723353	0.993401	0.004834	0.000024
0.2214	20.00	0.723353	0.994455	0.004467	0.000020
0.2351	2.00	0.592884	0.000000	0.000000	0.000000
0.2351	2.37	0.592884	0.000000	0.000000	0.000000
0.2351	2.73	0.592884	0.000000	0.000000	0.000000
0.2351	3.10	0.592884	0.000000	0.000000	0.000000
0.2351	3.47	0.592884	0.000000	0.000000	0.000000
0.2351	3.84	0.592884	0.000000	0.000000	0.000000
0.2351	4.20	0.592884	0.000000	0.000000	0.000000
0.2351	4.57	0.592884	0.000000	0.000000	0.000000
0.2351	4.94	0.592884	0.000000	0.000000	0.000000
0.2351	5.31	0.592884	0.000000	0.000000	0.000000
0.2351	5.67	0.592884	0.000000	0.000000	0.000000
0.2351	6.04	0.592884	0.000000	0.000000	0.000000
0.2351	6.41	0.592884	0.000000	0.000000	0.000000
0.2351	6.78	0.592884	0.000000	0.000000	0.000000
0.2351	7.14	0.592884	0.000000	0.000000	0.000000
0.2351	7.51	0.592884	0.000000	0.000000	0.000000
0.2351	7.88	0.592884	0.000000	0.000000	0.000000
0.2351	8.24	0.592884	0.000000	0.000000	0.000000
0.2351	8.61	0.592884	0.000000	0.000000	0.000000
0.2351	8.98	0.592884	0.000000	0.000000	0.000000
0.2351	9.35	0.592884	0.000000	0.000000	0.000000
0.2351	9.71	0.592884	0.000000	0.000000	0.000000
0.2351	10.08	0.592884	0.000000	0.000000	0.000000
0.2351	10.45	0.592884	0.000000	0.000000	0.000000
0.2351	10.82	0.592884	0.000000	0.000000	0.000000
0.2351	11.18	0.592884	0.000000	0.000000	0.000000
0.2351	11.55	0.592884	0.000000	0.000000	0.000000
0.2351	11.92	0.592884	0.000000	0.000000	0.000000
0.2351	12.29	0.592884	0.115458	0.008588	0.000639
0.2351	12.65	0.592884	0.120229	0.000000	0.000000
0.2351	13.02	0.592884	0.140903	0.043061	0.013160
0.2351	13.39	0.592884	0.139552	0.064607	0.029911
0.2351	13.76	0.592884	0.151908	0.048213	0.015302
0.2351	14.12	0.592884	0.173187	0.069887	0.028202
0.2351	14.49	0.592884	0.173176	0.063138	0.023019
0.2351	14.86	0.592884	0.190522	0.080153	0.033720
0.2351	15.22	0.592884	0.229521	0.110281	0.052988
0.2351	15.59	0.592884	0.326189	0.140145	0.060212
0.2351	15.96	0.592884	0.409431	0.145459	0.051677
0.2351	16.33	0.592884	0.502672	0.169614	0.057232
0.2351	16.69	0.592884	0.440544	0.187750	0.080015
0.2351	17.06	0.592884	0.562222	0.190356	0.064450
0.2351	17.43	0.592884	0.540527	0.208747	0.080616
0.2351	17.80	0.592884	0.683376	0.147831	0.031980
0.2351	18.16	0.592884	0.745462	0.131570	0.023222
0.2351	18.53	0.592884	0.709651	0.187361	0.049467
0.2351	18.90	0.592884	0.833969	0.078353	0.007361
0.2351	19.27	0.592884	0.845340	0.103081	0.012570
0.2351	19.63	0.592884	0.854275	0.060857	0.004335
0.2351	20.00	0.592884	0.867939	0.056668	0.003700
0.2488	2.00	0.667798	0.000000	0.000000	0.000000
0.2488	2.37	0.667798	0.000000	0.000000	0.000000
0.2488	2.73	0.667798	0.000000	0.000000	0.000000
0.2488	3.10	0.667798	0.000000	0.000000	0.000000
0.2488	3.47	0.667798	0.000000	0.000000	0.000000
0.2488	3.84	0.667798	0.000000	0.000000	0.000000
0.2488	4.20	0.667798	0.000000	0.000000	0.000000
0.2488	4.57	0.667798	0.000000	0.000000	0.000000
0.2488	4.94	0.667798	0.000000	0.000000	0.000000
0.2488	5.31	0.667798	0.000000	0.000000	0.000000
0.2488	5.67	0.667798	0.000000	0.000000	0.000000
0.2488	6.04	0.667798	0.000000	0.000000	0.000000
0.2488	6.41	0.667798	0.000000	0.000000	0.000000
0.2488	6.78	0.667798	0.000000	0.000000	0.000000
0.2488	7.14	0.667798	0.000000	0.000000	0.000000
0.2488	7.51	0.667798	0.000000	0.000000	0.000000
0.2488	7.88	0.667798	0.000000	0.000000	0.000000
0.2488	8.24	0.667798	0.000000	0.000000	0.000000
0.2488	8.61	0.667798	0.000000	0.000000	0.000000
0.2488	8.98	0.667798	0.000000	0.000000	0.000000
0.2488	9.35	0.667798	0.000000	0.000000	0.000000
0.2488	9.71	0.667798	0.115530	0.000000	0.000000
0.2488	10.08	0.667798	0.138258	0.039456	0.011260
0.2488	10.45	0.667798	0.195455	0.139157	0.099075
0.2488	10.82	0.667798	0.254600	0.149187	0.087419
0.2488	11.18	0.667798	0.368007	0.179878	0.087923
0.2488	11.55	0.667798	0.406126	0.176574	0.076770
0.2488	11.92	0.667798	0.584816	0.128157	0.028084
0.2488	12.29	0.667798	0.633409	0.228333	0.082310
0.2488	12.65	0.667798	0.750980	0.124516	0.020645
0.2488	13.02	0.667798	0.790165	0.022908	0.000664
0.2488	13.39	0.667798	0.771753	0.022724	0.000669
0.2488	13.76	0.667798	0.782143	0.020740	0.000550
0.2488	14.12	0.667798	0.808658	0.027030	0.000903
0.2488	14.49	0.667798	0.824242	0.017510	0.000372
0.2488	14.86	0.667798	0.837332	0.021699	0.000562
0.2488	15.22	0.667798	0.851475	0.023203	0.000632
0.2488	15.59	0.667798	0.861282	0.026274	0.000802
0.2488	15.96	0.667798	0.864122	0.029135	0.000982
0.2488	16.33	0.667798	0.878930	0.026594	0.000805
0.2488	16.69	0.667798	0.908191	0.025314	0.000706
0.2488	17.06	0.667798	0.904072	0.029303	0.000950
0.2488	17.43	0.667798	0.892330	0.121708	0.016600
0.2488	17.80	0.667798	0.918419	0.034181	0.001272
0.2488	18.16	0.667798	0.923248	0.022632	0.000555
0.2488	18.53	0.667798	0.914096	0.125100	0.017121
0.2488	18.90	0.667798	0.931593	0.128532	0.017734
0.2488	19.27	0.667798	0.907990	0.174003	0.033345
0.2488	19.63	0.667798	0.937816	0.027315	0.000796
0.2488	20.00	0.667798	0.949418	0.020634	0.000448
0.2624	2.00	0.606505	0.000000	0.000000	0.000000
0.2624	2.37	0.606505	0.000000	0.000000	0.000000
0.2624	2.73	0.606505	0.000000	0.000000	0.000000
0.2624	3.10	0.606505	0.000000	0.000000	0.000000
0.2624	3.47	0.606505	0.000000	0.000000	0.000000
0.2624	3.84	0.606505	0.000000	0.000000	0.000000
0.2624	4.20	0.606505	0.000000	0.000000	0.000000
0.2624	4.57	0.606505	0.000000	0.000000	0.000000
0.2624	4.94	0.606505	0.000000	0.000000	0.000000
0.2624	5.31	0.606505	0.000000	0.000000	0.000000
0.2624	5.67	0.606505	0.000000	0.000000	0.000000
0.2624	6.04	0.606505	0.000000	0.000000	0.000000
0.2624	6.41	0.606505	0.000000	0.000000	0.000000
0.2624	6.78	0.606505	0.000000	0.000000	0.000000
0.2624	7.14	0.606505	0.000000	0.000000	0.000000
0.2624	7.51	0.606505	0.000000	0.000000	0.000000
0.2624	7.88	0.606505	0.000000	0.000000	0.000000
0.2624	8.24	0.606505	0.000000	0.000000	0.000000
0.2624	8.61	0.606505	0.000000	0.000000	0.000000
0.2624	8.98	0.606505	0.000000	0.000000	0.000000
0.2624	9.35	0.606505	0.000000	0.000000	0.000000
0.2624	9.71	0.606505	0.000000	0.000000	0.000000
0.2624	10.08	0.606505	0.000000	0.000000	0.000000
0.2624	10.45	0.606505	0.000000	0.000000	0.000000
0.2624	10.82	0.606505	0.000000	0.000000	0.000000
0.2624	11.18	0.606505	0.118577	0.000000	0.000000
0.2624	11.55	0.606505	0.183794	0.015810	0.001360
0.2624	11.92	0.606505	0.139575	0.067404	0.032551
0.2624	12.29	0.606505	0.177536	0.047969	0.012961
0.2624	12.65	0.606505	0.183794	0.083468	0.037906
0.2624	13.02	0.606505	0.275992	0.140380	0.071403
0.2624	13.39	0.606505	0.384058	0.177416	0.081958
0.2624	13.76	0.606505	0.463349	0.232055	0.116218
0.2624	14.12	0.606505	0.518923	0.238824	0.109914
0.2624	14.49	0.606505	0.698085	0.257714	0.095141
0.2624	14.86	0.606505	0.784230	0.203801	0.052963
0.2624	15.22	0.606505	0.850512	0.168286	0.033298
0.2624	15.59	0.606505	0.836067	0.221278	0.058564
0.2624	15.96	0.606505	0.861117	0.224923	0.058750
0.2624	16.33	0.606505	0.842725	0.225019	0.060083
0.2624	16.69	0.606505	0.887352	0.198267	0.044300
0.2624	17.06	0.606505	0.904030	0.161797	0.028957
0.2624	17.43	0.606505	0.908402	0.127659	0.017940
0.2624	17.80	0.606505	0.903024	0.159731	0.028254
0.2624	18.16	0.606505	0.948946	0.027008	0.000769
0.2624	18.53	0.606505	0.937035	0.055288	0.003262
0.2624	18.90	0.606505	0.924272	0.106779	0.012336
0.2624	19.27	0.606505	0.952891	0.028339	0.000843
0.2624	19.63	0.606505	0.949030	0.028730	0.000870
0.2624	20.00	0.606505	0.960796	0.013625	0.000193
0.2761	2.00	0.640020	0.000000	0.000000	0.000000
0.2761	2.37	0.640020	0.000000	0.000000	0.000000
0.2761	2.73	0.640020	0.000000	0.000000	0.000000
0.2761	3.10	0.640020	0.000000	0.000000	0.000000
0.2761	3.47	0.640020	0.000000	0.000000	0.000000
0.2761	3.84	0.640020	0.000000	0.000000	0.000000
0.2761	4.20	0.640020	0.000000	0.000000	0.000000
0.2761	4.57	0.640020	0.000000	0.000000	0.000000
0.2761	4.94	0.640020	0.000000	0.000000	0.000000
0.2761	5.31	0.640020	0.000000	0.000000	0.000000
0.2761	5.67	0.640020	0.000000	0.000000	0.000000
0.2761	6.04	0.640020	0.000000	0.000000	0.000000
0.2761	6.41	0.640020	0.000000	0.000000	0.000000
0.2761	6.78	0.640020	0.000000	0.000000	0.000000
0.2761	7.14	0.640020	0.000000	0.000000	0.000000
0.2761	7.51	0.640020	0.000000	0.000000	0.000000
0.2761	7.88	0.640020	0.000000	0.000000	0.000000
0.2761	8.24	0.640020	0.000000	0.000000	0.000000
0.2761	8.61	0.640020	0.000000	0.000000	0.000000
0.2761	8.98	0.640020	0.000000	0.000000	0.000000
0.2761	9.35	0.640020	0.000000	0.000000	0.000000
0.2761	9.71	0.640020	0.000000	0.000000	0.000000
0.2761	10.08	0.640020	0.000000	0.000000	0.000000
0.2761	10.45	0.640020	0.121569	0.001961	0.000032
0.2761	10.82	0.640020	0.209804	0.028862	0.003970
0.2761	11.18	0.640020	0.195425	0.066683	0.022753
0.2761	11.55	0.640020	0.209201	0.105514	0.053218
0.2761	11.92	0.640020	0.274118	0.118074	0.050859
0.2761	12.29	0.640020	0.297098	0.137616	0.063744
0.2761	12.65	0.640020	0.370316	0.148146	0.059266
0.2761	13.02	0.640020	0.376253	0.145644	0.056377
0.2761	13.39	0.640020	0.405483	0.162170	0.064859
0.2761	13.76	0.640020	0.484775	0.187758	0.072720
0.2761	14.12	0.640020	0.705016	0.233275	0.077186
0.2761	14.49	0.640020	0.742955	0.203743	0.055873
0.2761	14.86	0.640020	0.622941	0.212815	0.072704
0.2761	15.22	0.640020	0.734884	0.193594	0.050999
0.2761	15.59	0.640020	0.689333	0.205780	0.061430
0.2761	15.96	0.640020	0.898089	0.060247	0.004042
0.2761	16.33	0.640020	0.906687	0.056181	0.003481
0.2761	16.69	0.640020	0.871409	0.128543	0.018961
0.2761	17.06	0.640020	0.875513	0.128846	0.018962
0.2761	17.43	0.640020	0.945528	0.009785	0.000101
0.2761	17.80	0.640020	0.949384	0.008300	0.000073
0.2761	18.16	0.640020	0.951681	0.007183	0.000054
0.2761	18.53	0.640020	0.944551	0.007255	0.000056
0.2761	18.90	0.640020	0.948244	0.004458	0.000021
0.2761	19.27	0.640020	0.956772	0.005497	0.000032
0.2761	19.63	0.640020	0.958824	0.004395	0.000020
0.2761	20.00	0.640020	0.959617	0.003146	0.000010
0.2898	2.00	0.592423	0.000000	0.000000	0.000000
0.2898	2.37	0.592423	0.000000	0.000000	0.000000
0.2898	2.73	0.592423	0.000000	0.000000	0.000000
0.2898	3.10	0.592423	0.000000	0.000000	0.000000
0.2898	3.47	0.592423	0.000000	0.000000	0.000000
0.2898	3.84	0.592423	0.000000	0.000000	0.000000
0.2898	4.20	0.592423	0.000000	0.000000	0.000000
0.2898	4.57	0.592423	0.000000	0.000000	0.000000
0.2898	4.94	0.592423	0.000000	0.000000	0.000000
0.2898	5.31	0.592423	0.000000	0.000000	0.000000
0.2898	5.67	0.592423	0.000000	0.000000	0.000000
0.2898	6.04	0.592423	0.000000	0.000000	0.000000
0.2898	6.41	0.592423	0.000000	0.000000	0.000000
0.2898	6.78	0.592423	0.000000	0.000000	0.000000
0.2898	7.14	0.592423	0.000000	0.000000	0.000000
0.2898	7.51	0.592423	0.000000	0.000000	0.000000
0.2898	7.88	0.592423	0.000000	0.000000	0.000000
0.2898	8.24	0.592423	0.000000	0.000000	0.000000
0.2898	8.61	0.592423	0.000000	0.000000	0.000000
0.2898	8.98	0.592423	0.000000	0.000000	0.000000
0.2898	9.35	0.592423	0.000000	0.000000	0.000000
0.2898	9.71	0.592423	0.000000	0.000000	0.000000
0.2898	10.08	0.592423	0.108365	0.003802	0.000133
0.2898	10.45	0.592423	0.122624	0.012357	0.001245
0.2898	10.82	0.592423	0.000000	0.000000	0.000000
0.2898	11.18	0.592423	0.160646	0.006654	0.000276
0.2898	11.55	0.592423	0.178979	0.062183	0.021605
0.2898	11.92	0.592423	0.294930	0.116988	0.046405
0.2898	12.29	0.592423	0.313960	0.157815	0.079327
0.2898	12.65	0.592423	0.469354	0.107427	0.024588
0.2898	13.02	0.592423	0.475163	0.166002	0.057994
0.2898	13.39	0.592423	0.555668	0.154123	0.042748
0.2898	13.76	0.592423	0.623466	0.100413	0.016172
0.2898	14.12	0.592423	0.680552	0.029454	0.001275
0.2898	14.49	0.592423	0.632446	0.202202	0.064647
0.2898	14.86	0.592423	0.752510	0.182865	0.044437
0.2898	15.22	0.592423	0.804572	0.118103	0.017336
0.2898	15.59	0.592423	0.764756	0.206932	0.055993
0.2898	15.96	0.592423	0.743482	0.200784	0.054223
0.2898	16.33	0.592423	0.765209	0.175674	0.040331
0.2898	16.69	0.592423	0.694615	0.277376	0.110763
0.2898	17.06	0.592423	0.805824	0.210878	0.055185
0.2898	17.43	0.592423	0.766437	0.227295	0.067407
0.2898	17.80	0.592423	0.785915	0.205194	0.053574
0.2898	18.16	0.592423	0.884347	0.082710	0.007736
0.2898	18.53	0.592423	0.901981	0.117836	0.015394
0.2898	18.90	0.592423	0.886234	0.158605	0.028385
0.2898	19.27	0.592423	0.824286	0.214676	0.055910
0.2898	19.63	0.592423	0.841032	0.191578	0.043639
0.2898	20.00	0.592423	0.957354	0.046493	0.002258
0.3035	2.00	0.526234	0.000000	0.000000	0.000000
0.3035	2.37	0.526234	0.000000	0.000000	0.000000
0.3035	2.73	0.526234	0.000000	0.000000	0.000000
0.3035	3.10	0.526234	0.000000	0.000000	0.000000
0.3035	3.47	0.526234	0.000000	0.000000	0.000000
0.3035	3.84	0.526234	0.000000	0.000000	0.000000
0.3035	4.20	0.526234	0.000000	0.000000	0.000000
0.3035	4.57	0.526234	0.000000	0.000000	0.000000
0.3035	4.94	0.526234	0.000000	0.000000	0.000000
0.3035	5.31	0.526234	0.000000	0.000000	0.000000
0.3035	5.67	0.526234	0.000000	0.000000	0.000000
0.3035	6.04	0.526234	0.000000	0.000000	0.000000
0.3035	6.41	0.526234	0.000000	0.000000	0.000000
0.3035	6.78	0.526234	0.000000	0.000000	0.000000
0.3035	7.14	0.526234	0.000000	0.000000	0.000000
0.3035	7.51	0.526234	0.000000	0.000000	0.000000
0.3035	7.88	0.526234	0.000000	0.000000	0.000000
0.3035	8.24	0.526234	0.000000	0.000000	0.000000
0.3035	8.61	0.526234	0.000000	0.000000	0.000000
0.3035	8.98	0.526234	0.000000	0.000000	0.000000
0.3035	9.35	0.526234	0.000000	0.000000	0.000000
0.3035	9.71	0.526234	0.000000	0.000000	0.000000
0.3035	10.08	0.526234	0.000000	0.000000	0.000000
0.3035	10.45	0.526234	0.000000	0.000000	0.000000
0.3035	10.82	0.526234	0.000000	0.000000	0.000000
0.3035	11.18	0.526234	0.000000	0.000000	0.000000
0.3035	11.55	0.526234	0.000000	0.000000	0.000000
0.3035	11.92	0.526234	0.101533	0.000000	0.000000
0.3035	12.29	0.526234	0.109195	0.000000	0.000000
0.3035	12.65	0.526234	0.114464	0.012295	0.001321
0.3035	13.02	0.526234	0.110473	0.008894	0.000716
0.3035	13.39	0.526234	0.122925	0.018289	0.002721
0.3035	13.76	0.526234	0.126574	0.019809	0.003100
0.3035	14.12	0.526234	0.159911	0.063416	0.025149
0.3035	14.49	0.526234	0.160869	0.046635	0.013519
0.3035	14.86	0.526234	0.214611	0.068656	0.021964
0.3035	15.22	0.526234	0.174219	0.054756	0.017210
0.3035	15.59	0.526234	0.194360	0.076016	0.029730
0.3035	15.96	0.526234	0.216244	0.086190	0.034353
0.3035	16.33	0.526234	0.305843	0.112934	0.041701
0.3035	16.69	0.526234	0.370463	0.149600	0.060411
0.3035	17.06	0.526234	0.427416	0.151299	0.053557
0.3035	17.43	0.526234	0.539779	0.151175	0.042339
0.3035	17.80	0.526234	0.638991	0.097074	0.014747
0.3035	18.16	0.526234	0.692820	0.075742	0.008280
0.3035	18.53	0.526234	0.669349	0.114628	0.019630
0.3035	18.90	0.526234	0.710220	0.105384	0.015637
0.3035	19.27	0.526234	0.746608	0.064246	0.005528
0.3035	19.63	0.526234	0.767222	0.058452	0.004453
0.3035	20.00	0.526234	0.793902	0.043560	0.002390
0.3171	2.00	0.499962	0.000000	0.000000	0.000000
0.3171	2.37	0.499962	0.000000	0.000000	0.000000
0.3171	2.73	0.499962	0.000000	0.000000	0.000000
0.3171	3.10	0.499962	0.000000	0.000000	0.000000
0.3171	3.47	0.499962	0.000000	0.000000	0.000000
0.3171	3.84	0.499962	0.000000	0.000000	0.000000
0.3171	4.20	0.499962	0.000000	0.000000	0.000000
0.3171	4.57	0.499962	0.000000	0.000000	0.000000
0.3171	4.94	0.499962	0.000000	0.000000	0.000000
0.3171	5.31	0.499962	0.000000	0.000000	0.000000
0.3171	5.67	0.499962	0.000000	0.000000	0.000000
0.3171	6.04	0.499962	0.000000	0.000000	0.000000
0.3171	6.41	0.499962	0.000000	0.000000	0.000000
0.3171	6.78	0.499962	0.000000	0.000000	0.000000
0.3171	7.14	0.499962	0.000000	0.000000	0.000000
0.3171	7.51	0.499962	0.000000	0.000000	0.000000
0.3171	7.88	0.499962	0.000000	0.000000	0.000000
0.3171	8.24	0.499962	0.000000	0.000000	0.000000
0.3171	8.61	0.499962	0.000000	0.000000	0.000000
0.3171	8.98	0.499962	0.000000	0.000000	0.000000
0.3171	9.35	0.499962	0.000000	0.000000	0.000000
0.3171	9.71	0.499962	0.000000	0.000000	0.000000
0.3171	10.08	0.499962	0.000000	0.000000	0.000000
0.3171	10.45	0.499962	0.000000	0.000000	0.000000
0.3171	10.82	0.499962	0.000000	0.000000	0.000000
0.3171	11.18	0.499962	0.000000	0.000000	0.000000
0.3171	11.55	0.499962	0.000000	0.000000	0.000000
0.3171	11.92	0.499962	0.000000	0.000000	0.000000
0.3171	12.29	0.499962	0.000000	0.000000	0.000000
0.3171	12.65	0.499962	0.103359	0.003654	0.000129
0.3171	13.02	0.499962	0.000000	0.000000	0.000000
0.3171	13.39	0.499962	0.125484	0.017623	0.002475
0.3171	13.76	0.499962	0.154355	0.053074	0.018249
0.3171	14.12	0.499962	0.164112	0.065802	0.026384
0.3171	14.49	0.499962	0.199169	0.093714	0.044095
0.3171	14.86	0.499962	0.230620	0.090520	0.035530
0.3171	15.22	0.499962	0.252221	0.113754	0.051305
0.3171	15.59	0.499962	0.283949	0.131790	0.061168
0.3171	15.96	0.499962	0.370620	0.150186	0.060860
0.3171	16.33	0.499962	0.437391	0.158920	0.057741
0.3171	16.69	0.499962	0.451194	0.167829	0.062427
0.3171	17.06	0.499962	0.529186	0.143063	0.038677
0.3171	17.43	0.499962	0.609352	0.100882	0.016702
0.3171	17.80	0.499962	0.631989	0.158466	0.039734
0.3171	18.16	0.499962	0.739099	0.113932	0.017563
0.3171	18.53	0.499962	0.797625	0.094182	0.011121
0.3171	18.90	0.499962	0.821623	0.075474	0.006933
0.3171	19.27	0.499962	0.843889	0.066611	0.005258
0.3171	19.63	0.499962	0.859819	0.081113	0.007652
0.3171	20.00	0.499962	0.882969	0.128571	0.018721
0.3308	2.00	0.570300	0.000000	0.000000	0.000000
0.3308	2.37	0.570300	0.000000	0.000000	0.000000
0.3308	2.73	0.570300	0.000000	0.000000	0.000000
0.3308	3.10	0.570300	0.000000	0.000000	0.000000
0.3308	3.47	0.570300	0.000000	0.000000	0.000000
0.3308	3.84	0.570300	0.000000	0.000000	0.000000
0.3308	4.20	0.570300	0.000000	0.000000	0.000000
0.3308	4.57	0.570300	0.000000	0.000000	0.000000
0.3308	4.94	0.570300	0.000000	0.000000	0.000000
0.3308	5.31	0.570300	0.000000	0.000000	0.000000
0.3308	5.67	0.570300	0.000000	0.000000	0.000000
0.3308	6.04	0.570300	0.000000	0.000000	0.000000
0.3308	6.41	0.570300	0.000000	0.000000	0.000000
0.3308	6.78	0.570300	0.000000	0.000000	0.000000
0.3308	7.14	0.570300	0.000000	0.000000	0.000000
0.3308	7.51	0.570300	0.000000	0.000000	0.000000
0.3308	7.88	0.570300	0.000000	0.000000	0.000000
0.3308	8.24	0.570300	0.000000	0.000000	0.000000
0.3308	8.61	0.570300	0.000000	0.000000	0.000000
0.3308	8.98	0.570300	0.000000	0.000000	0.000000
0.3308	9.35	0.570300	0.000000	0.000000	0.000000
0.3308	9.71	0.570300	0.000000	0.000000	0.000000
0.3308	10.08	0.570300	0.000000	0.000000	0.000000
0.3308	10.45	0.570300	0.197085	0.072499	0.026669
0.3308	10.82	0.570300	0.135456	0.016375	0.001980
0.3308	11.18	0.570300	0.218631	0.078317	0.028054
0.3308	11.55	0.570300	0.278238	0.085924	0.026535
0.3308	11.92	0.570300	0.435837	0.037423	0.003213
0.3308	12.29	0.570300	0.444040	0.077895	0.013665
0.3308	12.65	0.570300	0.464230	0.070074	0.010578
0.3308	13.02	0.570300	0.469520	0.067495	0.009703
0.3308	13.39	0.570300	0.474248	0.095856	0.019374
0.3308	13.76	0.570300	0.458650	0.128728	0.036129
0.3308	14.12	0.570300	0.516460	0.145215	0.040831
0.3308	14.49	0.570300	0.516205	0.178774	0.061914
0.3308	14.86	0.570300	0.469506	0.180827	0.069644
0.3308	15.22	0.570300	0.465179	0.189678	0.077341
0.3308	15.59	0.570300	0.550865	0.197863	0.071070
0.3308	15.96	0.570300	0.542184	0.191729	0.067800
0.3308	16.33	0.570300	0.573267	0.203197	0.072024
0.3308	16.69	0.570300	0.661031	0.173301	0.045434
0.3308	17.06	0.570300	0.690463	0.209117	0.063334
0.3308	17.43	0.570300	0.732327	0.177510	0.043027
0.3308	17.80	0.570300	0.728913	0.163041	0.036468
0.3308	18.16	0.570300	0.768488	0.169605	0.037432
0.3308	18.53	0.570300	0.895754	0.055346	0.003420
0.3308	18.90	0.570300	0.859569	0.140487	0.022961
0.3308	19.27	0.570300	0.916566	0.114803	0.014379
0.3308	19.63	0.570300	0.933902	0.034470	0.001272
0.3308	20.00	0.570300	0.915399	0.102133	0.011395
0.3445	2.00	0.493509	0.000000	0.000000	0.000000
0.3445	2.37	0.493509	0.000000	0.000000	0.000000
0.3445	2.73	0.493509	0.000000	0.000000	0.000000
0.3445	3.10	0.493509	0.000000	0.000000	0.000000
0.3445	3.47	0.493509	0.000000	0.000000	0.000000
0.3445	3.84	0.493509	0.000000	0.000000	0.000000
0.3445	4.20	0.493509	0.000000	0.000000	0.000000
0.3445	4.57	0.493509	0.000000	0.000000	0.000000
0.3445	4.94	0.493509	0.000000	0.000000	0.000000
0.3445	5.31	0.493509	0.000000	0.000000	0.000000
0.3445	5.67	0.493509	0.000000	0.000000	0.000000
0.3445	6.04	0.493509	0.000000	0.000000	0.000000
0.3445	6.41	0.493509	0.000000	0.000000	0.000000
0.3445	6.78	0.493509	0.000000	0.000000	0.000000
0.3445	7.14	0.493509	0.000000	0.000000	0.000000
0.3445	7.51	0.493509	0.000000	0.000000	0.000000
0.3445	7.88	0.493509	0.000000	0.000000	0.000000
0.3445	8.24	0.493509	0.000000	0.000000	0.000000
0.3445	8.61	0.493509	0.000000	0.000000	0.000000
0.3445	8.98	0.493509	0.000000	0.000000	0.000000
0.3445	9.35	0.493509	0.000000	0.000000	0.000000
0.3445	9.71	0.493509	0.000000	0.000000	0.000000
0.3445	10.08	0.493509	0.000000	0.000000	0.000000
0.3445	10.45	0.493509	0.000000	0.000000	0.000000
0.3445	10.82	0.493509	0.000000	0.000000	0.000000
0.3445	11.18	0.493509	0.000000	0.000000	0.000000
0.3445	11.55	0.493509	0.000000	0.000000	0.000000
0.3445	11.92	0.493509	0.000000	0.000000	0.000000
0.3445	12.29	0.493509	0.131021	0.000000	0.000000
0.3445	12.65	0.493509	0.114644	0.008671	0.000656
0.3445	13.02	0.493509	0.113680	0.000000	0.000000
0.3445	13.39	0.493509	0.138407	0.046489	0.015615
0.3445	13.76	0.493509	0.166229	0.050016	0.015049
0.3445	14.12	0.493509	0.151178	0.033275	0.007324
0.3445	14.49	0.493509	0.180047	0.081891	0.037246
0.3445	14.86	0.493509	0.200682	0.075851	0.028669
0.3445	15.22	0.493509	0.242231	0.089604	0.033145
0.3445	15.59	0.493509	0.250135	0.093714	0.035110
0.3445	15.96	0.493509	0.270919	0.107173	0.042396
0.3445	16.33	0.493509	0.299985	0.106188	0.037588
0.3445	16.69	0.493509	0.367584	0.126242	0.043356
0.3445	17.06	0.493509	0.388959	0.136322	0.047778
0.3445	17.43	0.493509	0.430649	0.143997	0.048149
0.3445	17.80	0.493509	0.481333	0.150686	0.047174
0.3445	18.16	0.493509	0.475678	0.134695	0.038141
0.3445	18.53	0.493509	0.517836	0.166876	0.053777
0.3445	18.90	0.493509	0.554453	0.166497	0.049998
0.3445	19.27	0.493509	0.584645	0.185061	0.058578
0.3445	19.63	0.493509	0.673314	0.210138	0.065583
0.3445	20.00	0.493509	0.529475	0.161440	0.049224
0.3582	2.00	0.478637	0.000000	0.000000	0.000000
0.3582	2.37	0.478637	0.000000	0.000000	0.000000
0.3582	2.73	0.478637	0.000000	0.000000	0.000000
0.3582	3.10	0.478637	0.000000	0.000000	0.000000
0.3582	3.47	0.478637	0.000000	0.000000	0.000000
0.3582	3.84	0.478637	0.000000	0.000000	0.000000
0.3582	4.20	0.478637	0.000000	0.000000	0.000000
0.3582	4.57	0.478637	0.000000	0.000000	0.000000
0.3582	4.94	0.478637	0.000000	0.000000	0.000000
0.3582	5.31	0.478637	0.000000	0.000000	0.000000
0.3582	5.67	0.478637	0.000000	0.000000	0.000000
0.3582	6.04	0.478637	0.000000	0.000000	0.000000
0.3582	6.41	0.478637	0.000000	0.000000	0.000000
0.3582	6.78	0.478637	0.000000	0.000000	0.000000
0.3582	7.14	0.478637	0.000000	0.000000	0.000000
0.3582	7.51	0.478637	0.000000	0.000000	0.000000
0.3582	7.88	0.478637	0.000000	0.000000	0.000000
0.3582	8.24	0.478637	0.000000	0.000000	0.000000
0.3582	8.61	0.478637	0.000000	0.000000	0.000000
0.3582	8.98	0.478637	0.000000	0.000000	0.000000
0.3582	9.35	0.478637	0.000000	0.000000	0.000000
0.3582	9.71	0.478637	0.000000	0.000000	0.000000
0.3582	10.08	0.478637	0.000000	0.000000	0.000000
0.3582	10.45	0.478637	0.000000	0.000000	0.000000
0.3582	10.82	0.478637	0.000000	0.000000	0.000000
0.3582	11.18	0.478637	0.000000	0.000000	0.000000
0.3582	11.55	0.478637	0.000000	0.000000	0.000000
0.3582	11.92	0.478637	0.000000	0.000000	0.000000
0.3582	12.29	0.478637	0.121501	0.024752	0.005042
0.3582	12.65	0.478637	0.138168	0.026707	0.005162
0.3582	13.02	0.478637	0.155167	0.051335	0.016984
0.3582	13.39	0.478637	0.156087	0.051270	0.016841
0.3582	13.76	0.478637	0.154360	0.039730	0.010226
0.3582	14.12	0.478637	0.169921	0.065866	0.025531
0.3582	14.49	0.478637	0.197289	0.107148	0.058192
0.3582	14.86	0.478637	0.247790	0.105074	0.044556
0.3582	15.22	0.478637	0.360861	0.151539	0.063637
0.3582	15.59	0.478637	0.445030	0.160982	0.058232
0.3582	15.96	0.478637	0.595374	0.127764	0.027417
0.3582	16.33	0.478637	0.538583	0.177668	0.058609
0.3582	16.69	0.478637	0.646079	0.145933	0.032963
0.3582	17.06	0.478637	0.720314	0.189766	0.049994
0.3582	17.43	0.478637	0.816115	0.078404	0.007532
0.3582	17.80	0.478637	0.873258	0.054303	0.003377
0.3582	18.16	0.478637	0.880725	0.037522	0.001599
0.3582	18.53	0.478637	0.895444	0.056840	0.003608
0.3582	18.90	0.478637	0.916985	0.030728	0.001030
0.3582	19.27	0.478637	0.922604	0.041556	0.001872
0.3582	19.63	0.478637	0.930426	0.045986	0.002273
0.3582	20.00	0.478637	0.949406	0.022189	0.000519
0.3718	2.00	0.567806	0.000000	0.000000	0.000000
0.3718	2.37	0.567806	0.000000	0.000000	0.000000
0.3718	2.73	0.567806	0.000000	0.000000	0.000000
0.3718	3.10	0.567806	0.000000	0.000000	0.000000
0.3718	3.47	0.567806	0.000000	0.000000	0.000000
0.3718	3.84	0.567806	0.000000	0.000000	0.000000
0.3718	4.20	0.567806	0.000000	0.000000	0.000000
0.3718	4.57	0.567806	0.000000	0.000000	0.000000
0.3718	4.94	0.567806	0.000000	0.000000	0.000000
0.3718	5.31	0.567806	0.000000	0.000000	0.000000
0.3718	5.67	0.567806	0.000000	0.000000	0.000000
0.3718	6.04	0.567806	0.000000	0.000000	0.000000
0.3718	6.41	0.567806	0.000000	0.000000	0.000000
0.3718	6.78	0.567806	0.000000	0.000000	0.000000
0.3718	7.14	0.567806	0.000000	0.000000	0.000000
0.3718	7.51	0.567806	0.000000	0.000000	0.000000
0.3718	7.88	0.567806	0.000000	0.000000	0.000000
0.3718	8.24	0.567806	0.000000	0.000000	0.000000
0.3718	8.61	0.567806	0.000000	0.000000	0.000000
0.3718	8.98	0.567806	0.000000	0.000000	0.000000
0.3718	9.35	0.567806	0.000000	0.000000	0.000000
0.3718	9.71	0.567806	0.000000	0.000000	0.000000
0.3718	10.08	0.567806	0.000000	0.000000	0.000000
0.3718	10.45	0.567806	0.000000	0.000000	0.000000
0.3718	10.82	0.567806	0.000000	0.000000	0.000000
0.3718	11.18	0.567806	0.000000	0.000000	0.000000
0.3718	11.55	0.567806	0.000000	0.000000	0.000000
0.3718	11.92	0.567806	0.127385	0.019386	0.002950
0.3718	12.29	0.567806	0.126227	0.020078	0.003194
0.3718	12.65	0.567806	0.136132	0.028774	0.006082
0.3718	13.02	0.567806	0.138001	0.031145	0.007029
0.3718	13.39	0.567806	0.180534	0.074316	0.030592
0.3718	13.76	0.567806	0.172416	0.082795	0.039759
0.3718	14.12	0.567806	0.213379	0.104671	0.051345
0.3718	14.49	0.567806	0.210110	0.123676	0.072799
0.3718	14.86	0.567806	0.254771	0.132270	0.068671
0.3718	15.22	0.567806	0.336450	0.187000	0.103936
0.3718	15.59	0.567806	0.537623	0.159919	0.047569
0.3718	15.96	0.567806	0.614368	0.122519	0.024433
0.3718	16.33	0.567806	0.694614	0.140281	0.028330
0.3718	16.69	0.567806	0.807296	0.097125	0.011685
0.3718	17.06	0.567806	0.815964	0.133136	0.021723
0.3718	17.43	0.567806	0.882103	0.121800	0.016818
0.3718	17.80	0.567806	0.920585	0.032982	0.001182
0.3718	18.16	0.567806	0.923707	0.075042	0.006096
0.3718	18.53	0.567806	0.929057	0.032969	0.001170
0.3718	18.90	0.567806	0.940755	0.029584	0.000930
0.3718	19.27	0.567806	0.952249	0.021978	0.000507
0.3718	19.63	0.567806	0.978487	0.012642	0.000163
0.3718	20.00	0.567806	0.978499	0.016359	0.000274
0.3855	2.00	0.501452	0.000000	0.000000	0.000000
0.3855	2.37	0.501452	0.000000	0.000000	0.000000
0.3855	2.73	0.501452	0.000000	0.000000	0.000000
0.3855	3.10	0.501452	0.000000	0.000000	0.000000
0.3855	3.47	0.501452	0.000000	0.000000	0.000000
0.3855	3.84	0.501452	0.000000	0.000000	0.000000
0.3855	4.20	0.501452	0.000000	0.000000	0.000000
0.3855	4.57	0.501452	0.000000	0.000000	0.000000
0.3855	4.94	0.501452	0.000000	0.000000	0.000000
0.3855	5.31	0.501452	0.000000	0.000000	0.000000
0.3855	5.67	0.501452	0.000000	0.000000	0.000000
0.3855	6.04	0.501452	0.000000	0.000000	0.000000
0.3855	6.41	0.501452	0.000000	0.000000	0.000000
0.3855	6.78	0.501452	0.000000	0.000000	0.000000
0.3855	7.14	0.501452	0.000000	0.000000	0.000000
0.3855	7.51	0.501452	0.000000	0.000000	0.000000
0.3855	7.88	0.501452	0.000000	0.000000	0.000000
0.3855	8.24	0.501452	0.000000	0.000000	0.000000
0.3855	8.61	0.501452	0.000000	0.000000	0.000000
0.3855	8.98	0.501452	0.000000	0.000000	0.000000
0.3855	9.35	0.501452	0.000000	0.000000	0.000000
0.3855	9.71	0.501452	0.000000	0.000000	0.000000
0.3855	10.08	0.501452	0.000000	0.000000	0.000000
0.3855	10.45	0.501452	0.000000	0.000000	0.000000
0.3855	10.82	0.501452	0.000000	0.000000	0.000000
0.3855	11.18	0.501452	0.000000	0.000000	0.000000
0.3855	11.55	0.501452	0.000000	0.000000	0.000000
0.3855	11.92	0.501452	0.000000	0.000000	0.000000
0.3855	12.29	0.501452	0.000000	0.000000	0.000000
0.3855	12.65	0.501452	0.000000	0.000000	0.000000
0.3855	13.02	0.501452	0.104126	0.000000	0.000000
0.3855	13.39	0.501452	0.105305	0.002004	0.000038
0.3855	13.76	0.501452	0.120236	0.019857	0.003280
0.3855	14.12	0.501452	0.127701	0.023981	0.004504
0.3855	14.49	0.501452	0.131194	0.026134	0.005206
0.3855	14.86	0.501452	0.162737	0.060898	0.022788
0.3855	15.22	0.501452	0.198709	0.079368	0.031701
0.3855	15.59	0.501452	0.252549	0.126406	0.063269
0.3855	15.96	0.501452	0.273811	0.137202	0.068749
0.3855	16.33	0.501452	0.263929	0.126719	0.060841
0.3855	16.69	0.501452	0.332401	0.163553	0.080473
0.3855	17.06	0.501452	0.325530	0.167208	0.085886
0.3855	17.43	0.501452	0.652955	0.172197	0.045412
0.3855	17.80	0.501452	0.728880	0.129703	0.023080
0.3855	18.16	0.501452	0.772437	0.089515	0.010374
0.3855	18.53	0.501452	0.772713	0.075574	0.007391
0.3855	18.90	0.501452	0.805501	0.060566	0.004554
0.3855	19.27	0.501452	0.822305	0.067694	0.005573
0.3855	19.63	0.501452	0.791408	0.141515	0.025305
0.3855	20.00	0.501452	0.859067	0.068916	0.005529
0.3992	2.00	0.436201	0.000000	0.000000	0.000000
0.3992	2.37	0.436201	0.000000	0.000000	0.000000
0.3992	2.73	0.436201	0.000000	0.000000	0.000000
0.3992	3.10	0.436201	0.000000	0.000000	0.000000
0.3992	3.47	0.436201	0.000000	0.000000	0.000000
0.3992	3.84	0.436201	0.000000	0.000000	0.000000
0.3992	4.20	0.436201	0.000000	0.000000	0.000000
0.3992	4.57	0.436201	0.000000	0.000000	0.000000
0.3992	4.94	0.436201	0.000000	0.000000	0.000000
0.3992	5.31	0.436201	0.000000	0.000000	0.000000
0.3992	5.67	0.436201	0.000000	0.000000	0.000000
0.3992	6.04	0.436201	0.000000	0.000000	0.000000
0.3992	6.41	0.436201	0.000000	0.000000	0.000000
0.3992	6.78	0.436201	0.000000	0.000000	0.000000
0.3992	7.14	0.436201	0.000000	0.000000	0.000000
0.3992	7.51	0.436201	0.000000	0.000000	0.000000
0.3992	7.88	0.436201	0.000000	0.000000	0.000000
0.3992	8.24	0.436201	0.000000	0.000000	0.000000
0.3992	8.61	0.436201	0.000000	0.000000	0.000000
0.3992	8.98	0.436201	0.000000	0.000000	0.000000
0.3992	9.35	0.436201	0.000000	0.000000	0.000000
0.3992	9.71	0.436201	0.000000	0.000000	0.000000
0.3992	10.08	0.436201	0.000000	0.000000	0.000000
0.3992	10.45	0.436201	0.000000	0.000000	0.000000
0.3992	10.82	0.436201	0.000000	0.000000	0.000000
0.3992	11.18	0.436201	0.000000	0.000000	0.000000
0.3992	11.55	0.436201	0.000000	0.000000	0.000000
0.3992	11.92	0.436201	0.000000	0.000000	0.000000
0.3992	12.29	0.436201	0.106870	0.000000	0.000000
0.3992	12.65	0.436201	0.000000	0.000000	0.000000
0.3992	13.02	0.436201	0.135496	0.000000	0.000000
0.3992	13.39	0.436201	0.111641	0.010496	0.000987
0.3992	13.76	0.436201	0.149809	0.012405	0.001027
0.3992	14.12	0.436201	0.129944	0.025777	0.005113
0.3992	14.49	0.436201	0.130513	0.027846	0.005941
0.3992	14.86	0.436201	0.143217	0.044139	0.013604
0.3992	15.22	0.436201	0.173269	0.056495	0.018421
0.3992	15.59	0.436201	0.178937	0.072951	0.029741
0.3992	15.96	0.436201	0.212482	0.082361	0.031924
0.3992	16.33	0.436201	0.240164	0.116254	0.056273
0.3992	16.69	0.436201	0.251590	0.112643	0.050433
0.3992	17.06	0.436201	0.316122	0.151295	0.072409
0.3992	17.43	0.436201	0.383145	0.159712	0.066575
0.3992	17.80	0.436201	0.451354	0.177787	0.070030
0.3992	18.16	0.436201	0.590368	0.163486	0.045273
0.3992	18.53	0.436201	0.685649	0.126600	0.023376
0.3992	18.90	0.436201	0.727997	0.108127	0.016060
0.3992	19.27	0.436201	0.797426	0.086951	0.009481
0.3992	19.63	0.436201	0.798833	0.112050	0.015717
0.3992	20.00	0.436201	0.861154	0.056527	0.003711
0.4129	2.00	0.526728	0.000000	0.000000	0.000000
0.4129	2.37	0.526728	0.000000	0.000000	0.000000
0.4129	2.73	0.526728	0.000000	0.000000	0.000000
0.4129	3.10	0.526728	0.000000	0.000000	0.000000
0.4129	3.47	0.526728	0.000000	0.000000	0.000000
0.4129	3.84	0.526728	0.000000	0.000000	0.000000
0.4129	4.20	0.526728	0.000000	0.000000	0.000000
0.4129	4.57	0.526728	0.000000	0.000000	0.000000
0.4129	4.94	0.526728	0.000000	0.000000	0.000000
0.4129	5.31	0.526728	0.000000	0.000000	0.000000
0.4129	5.67	0.526728	0.000000	0.000000	0.000000
0.4129	6.04	0.526728	0.000000	0.000000	0.000000
0.4129	6.41	0.526728	0.000000	0.000000	0.000000
0.4129	6.78	0.526728	0.000000	0.000000	0.000000
0.4129	7.14	0.526728	0.000000	0.000000	0.000000
0.4129	7.51	0.526728	0.000000	0.000000	0.000000
0.4129	7.88	0.526728	0.000000	0.000000	0.000000
0.4129	8.24	0.526728	0.000000	0.000000	0.000000
0.4129	8.61	0.526728	0.000000	0.000000	0.000000
0.4129	8.98	0.526728	0.000000	0.000000	0.000000
0.4129	9.35	0.526728	0.000000	0.000000	0.000000
0.4129	9.71	0.526728	0.000000	0.000000	0.000000
0.4129	10.08	0.526728	0.000000	0.000000	0.000000
0.4129	10.45	0.526728	0.000000	0.000000	0.000000
0.4129	10.82	0.526728	0.108738	0.000000	0.000000
0.4129	11.18	0.526728	0.158058	0.047604	0.014337
0.4129	11.55	0.526728	0.154369	0.037831	0.009271
0.4129	11.92	0.526728	0.151456	0.038835	0.009958
0.4129	12.29	0.526728	0.145631	0.036223	0.009010
0.4129	12.65	0.526728	0.213161	0.059292	0.016492
0.4129	13.02	0.526728	0.215291	0.062056	0.017887
0.4129	13.39	0.526728	0.265049	0.046521	0.008165
0.4129	13.76	0.526728	0.293956	0.092045	0.028822
0.4129	14.12	0.526728	0.267129	0.095561	0.034186
0.4129	14.49	0.526728	0.315991	0.090515	0.025928
0.4129	14.86	0.526728	0.349751	0.144077	0.059351
0.4129	15.22	0.526728	0.625498	0.185046	0.054744
0.4129	15.59	0.526728	0.696291	0.190796	0.052282
0.4129	15.96	0.526728	0.686574	0.243437	0.086315
0.4129	16.33	0.526728	0.569776	0.229753	0.092644
0.4129	16.69	0.526728	0.602768	0.233739	0.090639
0.4129	17.06	0.526728	0.676868	0.204244	0.061630
0.4129	17.43	0.526728	0.677797	0.232243	0.079577
0.4129	17.80	0.526728	0.694219	0.189172	0.051549
0.4129	18.16	0.526728	0.696660	0.210364	0.063521
0.4129	18.53	0.526728	0.743042	0.185413	0.046267
0.4129	18.90	0.526728	0.770213	0.167490	0.036422
0.4129	19.27	0.526728	0.750890	0.152750	0.031073
0.4129	19.63	0.526728	0.747612	0.166409	0.037040
0.4129	20.00	0.526728	0.696914	0.218484	0.068495
0.4265	2.00	0.490382	0.000000	0.000000	0.000000
0.4265	2.37	0.490382	0.000000	0.000000	0.000000
0.4265	2.73	0.490382	0.000000	0.000000	0.000000
0.4265	3.10	0.490382	0.000000	0.000000	0.000000
0.4265	3.47	0.490382	0.000000	0.000000	0.000000
0.4265	3.84	0.490382	0.000000	0.000000	0.000000
0.4265	4.20	0.490382	0.000000	0.000000	0.000000
0.4265	4.57	0.490382	0.000000	0.000000	0.000000
0.4265	4.94	0.490382	0.000000	0.000000	0.000000
0.4265	5.31	0.490382	0.000000	0.000000	0.000000
0.4265	5.67	0.490382	0.000000	0.000000	0.000000
0.4265	6.04	0.490382	0.000000	0.000000	0.000000
0.4265	6.41	0.490382	0.000000	0.000000	0.000000
0.4265	6.78	0.490382	0.000000	0.000000	0.000000
0.4265	7.14	0.490382	0.000000	0.000000	0.000000
0.4265	7.51	0.490382	0.000000	0.000000	0.000000
0.4265	7.88	0.490382	0.000000	0.000000	0.000000
0.4265	8.24	0.490382	0.000000	0.000000	0.000000
0.4265	8.61	0.490382	0.000000	0.000000	0.000000
0.4265	8.98	0.490382	0.000000	0.000000	0.000000
0.4265	9.35	0.490382	0.000000	0.000000	0.000000
0.4265	9.71	0.490382	0.000000	0.000000	0.000000
0.4265	10.08	0.490382	0.000000	0.000000	0.000000
0.4265	10.45	0.490382	0.000000	0.000000	0.000000
0.4265	10.82	0.490382	0.000000	0.000000	0.000000
0.4265	11.18	0.490382	0.000000	0.000000	0.000000
0.4265	11.55	0.490382	0.000000	0.000000	0.000000
0.4265	11.92	0.490382	0.101533	0.000000	0.000000
0.4265	12.29	0.490382	0.111111	0.000000	0.000000
0.4265	12.65	0.490382	0.112069	0.000958	0.000008
0.4265	13.02	0.490382	0.139847	0.000000	0.000000
0.4265	13.39	0.490382	0.125958	0.022682	0.004085
0.4265	13.76	0.490382	0.116858	0.017697	0.002680
0.4265	14.12	0.490382	0.115368	0.007040	0.000430
0.4265	14.49	0.490382	0.128170	0.024660	0.004745
0.4265	14.86	0.490382	0.160153	0.051955	0.016855
0.4265	15.22	0.490382	0.163962	0.062895	0.024126
0.4265	15.59	0.490382	0.182284	0.066563	0.024306
0.4265	15.96	0.490382	0.215497	0.093908	0.040923
0.4265	16.33	0.490382	0.320460	0.140893	0.061945
0.4265	16.69	0.490382	0.396054	0.173122	0.075675
0.4265	17.06	0.490382	0.396625	0.185378	0.086644
0.4265	17.43	0.490382	0.558349	0.149908	0.040248
0.4265	17.80	0.490382	0.605085	0.130313	0.028065
0.4265	18.16	0.490382	0.651040	0.137834	0.029181
0.4265	18.53	0.490382	0.623394	0.143899	0.033217
0.4265	18.90	0.490382	0.689993	0.142192	0.029303
0.4265	19.27	0.490382	0.760920	0.070424	0.006518
0.4265	19.63	0.490382	0.878450	0.040233	0.001843
0.4265	20.00	0.490382	0.879234	0.080640	0.007396
0.4402	2.00	0.447444	0.000000	0.000000	0.000000
0.4402	2.37	0.447444	0.000000	0.000000	0.000000
0.4402	2.73	0.447444	0.000000	0.000000	0.000000
0.4402	3.10	0.447444	0.000000	0.000000	0.000000
0.4402	3.47	0.447444	0.000000	0.000000	0.000000
0.4402	3.84	0.447444	0.000000	0.000000	0.000000
0.4402	4.20	0.447444	0.000000	0.000000	0.000000
0.4402	4.57	0.447444	0.000000	0.000000	0.000000
0.4402	4.94	0.447444	0.000000	0.000000	0.000000
0.4402	5.31	0.447444	0.000000	0.000000	0.000000
0.4402	5.67	0.447444	0.000000	0.000000	0.000000
0.4402	6.04	0.447444	0.000000	0.000000	0.000000
0.4402	6.41	0.447444	0.000000	0.000000	0.000000
0.4402	6.78	0.447444	0.000000	0.000000	0.000000
0.4402	7.14	0.447444	0.000000	0.000000	0.000000
0.4402	7.51	0.447444	0.000000	0.000000	0.000000
0.4402	7.88	0.447444	0.000000	0.000000	0.000000
0.4402	8.24	0.447444	0.000000	0.000000	0.000000
0.4402	8.61	0.447444	0.000000	0.000000	0.000000
0.4402	8.98	0.447444	0.000000	0.000000	0.000000
0.4402	9.35	0.447444	0.000000	0.000000	0.000000
0.4402	9.71	0.447444	0.000000	0.000000	0.000000
0.4402	10.08	0.447444	0.000000	0.000000	0.000000
0.4402	10.45	0.447444	0.000000	0.000000	0.000000
0.4402	10.82	0.447444	0.000000	0.000000	0.000000
0.4402	11.18	0.447444	0.000000	0.000000	0.000000
0.4402	11.55	0.447444	0.000000	0.000000	0.000000
0.4402	11.92	0.447444	0.000000	0.000000	0.000000
0.4402	12.29	0.447444	0.000000	0.000000	0.000000
0.4402	12.65	0.447444	0.000000	0.000000	0.000000
0.4402	13.02	0.447444	0.110251	0.000000	0.000000
0.4402	13.39	0.447444	0.110251	0.000000	0.000000
0.4402	13.76	0.447444	0.143133	0.000000	0.000000
0.4402	14.12	0.447444	0.132302	0.024546	0.004554
0.4402	14.49	0.447444	0.135248	0.023634	0.004130
0.4402	14.86	0.447444	0.146205	0.044133	0.013322
0.4402	15.22	0.447444	0.149107	0.059859	0.024031
0.4402	15.59	0.447444	0.172282	0.070343	0.028721
0.4402	15.96	0.447444	0.159339	0.049660	0.015477
0.4402	16.33	0.447444	0.206260	0.078556	0.029919
0.4402	16.69	0.447444	0.240933	0.094036	0.036702
0.4402	17.06	0.447444	0.349662	0.132442	0.050165
0.4402	17.43	0.447444	0.419850	0.139576	0.046401
0.4402	17.80	0.447444	0.438298	0.162768	0.060446
0.4402	18.16	0.447444	0.655585	0.124264	0.023554
0.4402	18.53	0.447444	0.694429	0.148006	0.031545
0.4402	18.90	0.447444	0.752102	0.124950	0.020759
0.4402	19.27	0.447444	0.697813	0.147574	0.031209
0.4402	19.63	0.447444	0.761067	0.116539	0.017845
0.4402	20.00	0.447444	0.815318	0.071984	0.006355
0.4539	2.00	0.588571	0.000000	0.000000	0.000000
0.4539	2.37	0.588571	0.000000	0.000000	0.000000
0.4539	2.73	0.588571	0.000000	0.000000	0.000000
0.4539	3.10	0.588571	0.000000	0.000000	0.000000
0.4539	3.47	0.588571	0.000000	0.000000	0.000000
0.4539	3.84	0.588571	0.000000	0.000000	0.000000
0.4539	4.20	0.588571	0.000000	0.000000	0.000000
0.4539	4.57	0.588571	0.000000	0.000000	0.000000
0.4539	4.94	0.588571	0.000000	0.000000	0.000000
0.4539	5.31	0.588571	0.000000	0.000000	0.000000
0.4539	5.67	0.588571	0.000000	0.000000	0.000000
0.4539	6.04	0.588571	0.000000	0.000000	0.000000
0.4539	6.41	0.588571	0.000000	0.000000	0.000000
0.4539	6.78	0.588571	0.000000	0.000000	0.000000
0.4539	7.14	0.588571	0.000000	0.000000	0.000000
0.4539	7.51	0.588571	0.000000	0.000000	0.000000
0.4539	7.88	0.588571	0.000000	0.000000	0.000000
0.4539	8.24	0.588571	0.000000	0.000000	0.000000
0.4539	8.61	0.588571	0.000000	0.000000	0.000000
0.4539	8.98	0.588571	0.000000	0.000000	0.000000
0.4539	9.35	0.588571	0.000000	0.000000	0.000000
0.4539	9.71	0.588571	0.101365	0.000000	0.000000
0.4539	10.08	0.588571	0.103314	0.000000	0.000000
0.4539	10.45	0.588571	0.115010	0.000000	0.000000
0.4539	10.82	0.588571	0.124756	0.000000	0.000000
0.4539	11.18	0.588571	0.122807	0.000000	0.000000
0.4539	11.55	0.588571	0.132554	0.006938	0.000363
0.4539	11.92	0.588571	0.134936	0.030914	0.007082
0.4539	12.29	0.588571	0.139961	0.029393	0.006173
0.4539	12.65	0.588571	0.146376	0.057035	0.022223
0.4539	13.02	0.588571	0.159536	0.068643	0.029535
0.4539	13.39	0.588571	0.236674	0.156953	0.104086
0.4539	13.76	0.588571	0.284600	0.173865	0.106216
0.4539	14.12	0.588571	0.401706	0.224226	0.125160
0.4539	14.49	0.588571	0.529873	0.263172	0.130709
0.4539	14.86	0.588571	0.713553	0.202097	0.057239
0.4539	15.22	0.588571	0.835658	0.086576	0.008970
0.4539	15.59	0.588571	0.806433	0.105899	0.013907
0.4539	15.96	0.588571	0.826093	0.186069	0.041910
0.4539	16.33	0.588571	0.910935	0.067760	0.005040
0.4539	16.69	0.588571	0.948761	0.025331	0.000676
0.4539	17.06	0.588571	0.946719	0.132020	0.018410
0.4539	17.43	0.588571	0.975847	0.006471	0.000043
0.4539	17.80	0.588571	0.978331	0.005404	0.000030
0.4539	18.16	0.588571	0.982085	0.003881	0.000015
0.4539	18.53	0.588571	0.987747	0.003788	0.000015
0.4539	18.90	0.588571	0.989047	0.004123	0.000017
0.4539	19.27	0.588571	0.977351	0.004316	0.000019
0.4539	19.63	0.588571	0.979399	0.004287	0.000019
0.4539	20.00	0.588571	0.982270	0.003704	0.000014
0.4676	2.00	0.531608	0.000000	0.000000	0.000000
0.4676	2.37	0.531608	0.000000	0.000000	0.000000
0.4676	2.73	0.531608	0.000000	0.000000	0.000000
0.4676	3.10	0.531608	0.000000	0.000000	0.000000
0.4676	3.47	0.531608	0.000000	0.000000	0.000000
0.4676	3.84	0.531608	0.000000	0.000000	0.000000
0.4676	4.20	0.531608	0.000000	0.000000	0.000000
0.4676	4.57	0.531608	0.000000	0.000000	0.000000
0.4676	4.94	0.531608	0.000000	0.000000	0.000000
0.4676	5.31	0.531608	0.000000	0.000000	0.000000
0.4676	5.67	0.531608	0.000000	0.000000	0.000000
0.4676	6.04	0.531608	0.000000	0.000000	0.000000
0.4676	6.41	0.531608	0.000000	0.000000	0.000000
0.4676	6.78	0.531608	0.000000	0.000000	0.000000
0.4676	7.14	0.531608	0.000000	0.000000	0.000000
0.4676	7.51	0.531608	0.000000	0.000000	0.000000
0.4676	7.88	0.531608	0.000000	0.000000	0.000000
0.4676	8.24	0.531608	0.000000	0.000000	0.000000
0.4676	8.61	0.531608	0.000000	0.000000	0.000000
0.4676	8.98	0.531608	0.000000	0.000000	0.000000
0.4676	9.35	0.531608	0.000000	0.000000	0.000000
0.4676	9.71	0.531608	0.000000	0.000000	0.000000
0.4676	10.08	0.531608	0.000000	0.000000	0.000000
0.4676	10.45	0.531608	0.116142	0.000000	0.000000
0.4676	10.82	0.531608	0.127953	0.021654	0.003664
0.4676	11.18	0.531608	0.152756	0.031115	0.006338
0.4676	11.55	0.531608	0.211122	0.105374	0.052593
0.4676	11.92	0.531608	0.189469	0.114238	0.068878
0.4676	12.29	0.531608	0.391038	0.185057	0.087577
0.4676	12.65	0.531608	0.439924	0.206175	0.096626
0.4676	13.02	0.531608	0.481585	0.258640	0.138905
0.4676	13.39	0.531608	0.811942	0.054334	0.003636
0.4676	13.76	0.531608	0.843319	0.014926	0.000264
0.4676	14.12	0.531608	0.817829	0.163821	0.032815
0.4676	14.49	0.531608	0.844816	0.013193	0.000206
0.4676	14.86	0.531608	0.854278	0.015306	0.000274
0.4676	15.22	0.531608	0.870398	0.009980	0.000114
0.4676	15.59	0.531608	0.872602	0.007551	0.000065
0.4676	15.96	0.531608	0.876741	0.004793	0.000026
0.4676	16.33	0.531608	0.880073	0.008683	0.000086
0.4676	16.69	0.531608	0.882344	0.007194	0.000059
0.4676	17.06	0.531608	0.885928	0.006520	0.000048
0.4676	17.43	0.531608	0.889321	0.007372	0.000061
0.4676	17.80	0.531608	0.889764	0.008374	0.000079
0.4676	18.16	0.531608	0.891300	0.005369	0.000032
0.4676	18.53	0.531608	0.893513	0.005310	0.000032
0.4676	18.90	0.531608	0.897302	0.005376	0.000032
0.4676	19.27	0.531608	0.898070	0.006202	0.000043
0.4676	19.63	0.531608	0.902007	0.003625	0.000015
0.4676	20.00	0.531608	0.902700	0.005228	0.000030
0.4812	2.00	0.566826	0.000000	0.000000	0.000000
0.4812	2.37	0.566826	0.000000	0.000000	0.000000
0.4812	2.73	0.566826	0.000000	0.000000	0.000000
0.4812	3.10	0.566826	0.000000	0.000000	0.000000
0.4812	3.47	0.566826	0.000000	0.000000	0.000000
0.4812	3.84	0.566826	0.000000	0.000000	0.000000
0.4812	4.20	0.566826	0.000000	0.000000	0.000000
0.4812	4.57	0.566826	0.000000	0.000000	0.000000
0.4812	4.94	0.566826	0.000000	0.000000	0.000000
0.4812	5.31	0.566826	0.000000	0.000000	0.000000
0.4812	5.67	0.566826	0.000000	0.000000	0.000000
0.4812	6.04	0.566826	0.000000	0.000000	0.000000
0.4812	6.41	0.566826	0.000000	0.000000	0.000000
0.4812	6.78	0.566826	0.000000	0.000000	0.000000
0.4812	7.14	0.566826	0.000000	0.000000	0.000000
0.4812	7.51	0.566826	0.000000	0.000000	0.000000
0.4812	7.88	0.566826	0.000000	0.000000	0.000000
0.4812	8.24	0.566826	0.000000	0.000000	0.000000
0.4812	8.61	0.566826	0.000000	0.000000	0.000000
0.4812	8.98	0.566826	0.000000	0.000000	0.000000
0.4812	9.35	0.566826	0.000000	0.000000	0.000000
0.4812	9.71	0.566826	0.000000	0.000000	0.000000
0.4812	10.08	0.566826	0.000000	0.000000	0.000000
0.4812	10.45	0.566826	0.111753	0.000000	0.000000
0.4812	10.82	0.566826	0.159923	0.055877	0.019523
0.4812	11.18	0.566826	0.140655	0.000000	0.000000
0.4812	11.55	0.566826	0.226504	0.183048	0.147929
0.4812	11.92	0.566826	0.396917	0.194850	0.095654
0.4812	12.29	0.566826	0.486219	0.196706	0.079580
0.4812	12.65	0.566826	0.622428	0.182060	0.053253
0.4812	13.02	0.566826	0.726204	0.163123	0.036642
0.4812	13.39	0.566826	0.757225	0.135790	0.024351
0.4812	13.76	0.566826	0.830268	0.027915	0.000939
0.4812	14.12	0.566826	0.846408	0.040460	0.001934
0.4812	14.49	0.566826	0.874238	0.012158	0.000169
0.4812	14.86	0.566826	0.866444	0.124824	0.017983
0.4812	15.22	0.566826	0.891404	0.009993	0.000112
0.4812	15.59	0.566826	0.896664	0.011230	0.000141
0.4812	15.96	0.566826	0.903140	0.008377	0.000078
0.4812	16.33	0.566826	0.906378	0.007206	0.000057
0.4812	16.69	0.566826	0.909827	0.007805	0.000067
0.4812	17.06	0.566826	0.912778	0.013363	0.000196
0.4812	17.43	0.566826	0.922224	0.015565	0.000263
0.4812	17.80	0.566826	0.937403	0.017433	0.000324
0.4812	18.16	0.566826	0.942525	0.019055	0.000385
0.4812	18.53	0.566826	0.906081	0.121858	0.016389
0.4812	18.90	0.566826	0.927252	0.008955	0.000086
0.4812	19.27	0.566826	0.957473	0.008081	0.000068
0.4812	19.63	0.566826	0.957703	0.010003	0.000104
0.4812	20.00	0.566826	0.949216	0.014195	0.000212
0.4949	2.00	0.608621	0.000000	0.000000	0.000000
0.4949	2.37	0.608621	0.000000	0.000000	0.000000
0.4949	2.73	0.608621	0.000000	0.000000	0.000000
0.4949	3.10	0.608621	0.000000	0.000000	0.000000
0.4949	3.47	0.608621	0.000000	0.000000	0.000000
0.4949	3.84	0.608621	0.000000	0.000000	0.000000
0.4949	4.20	0.608621	0.000000	0.000000	0.000000
0.4949	4.57	0.608621	0.000000	0.000000	0.000000
0.4949	4.94	0.608621	0.000000	0.000000	0.000000
0.4949	5.31	0.608621	0.000000	0.000000	0.000000
0.4949	5.67	0.608621	0.000000	0.000000	0.000000
0.4949	6.04	0.608621	0.000000	0.000000	0.000000
0.4949	6.41	0.608621	0.000000	0.000000	0.000000
0.4949	6.78	0.608621	0.000000	0.000000	0.000000
0.4949	7.14	0.608621	0.000000	0.000000	0.000000
0.4949	7.51	0.608621	0.000000	0.000000	0.000000
0.4949	7.88	0.608621	0.000000	0.000000	0.000000
0.4949	8.24	0.608621	0.000000	0.000000	0.000000
0.4949	8.61	0.608621	0.000000	0.000000	0.000000
0.4949	8.98	0.608621	0.000000	0.000000	0.000000
0.4949	9.35	0.608621	0.000000	0.000000	0.000000
0.4949	9.71	0.608621	0.000000	0.000000	0.000000
0.4949	10.08	0.608621	0.000000	0.000000	0.000000
0.4949	10.45	0.608621	0.000000	0.000000	0.000000
0.4949	10.82	0.608621	0.000000	0.000000	0.000000
0.4949	11.18	0.608621	0.125725	0.019789	0.003115
0.4949	11.55	0.608621	0.118762	0.013490	0.001532
0.4949	11.92	0.608621	0.211937	0.063908	0.019271
0.4949	12.29	0.608621	0.248273	0.146858	0.086869
0.4949	12.65	0.608621	0.317456	0.202450	0.129107
0.4949	13.02	0.608621	0.369380	0.230555	0.143905
0.4949	13.39	0.608621	0.607243	0.230728	0.087668
0.4949	13.76	0.608621	0.650472	0.252096	0.097702
0.4949	14.12	0.608621	0.825762	0.093101	0.010497
0.4949	14.49	0.608621	0.864654	0.132229	0.020221
0.4949	14.86	0.608621	0.863535	0.142299	0.023449
0.4949	15.22	0.608621	0.926448	0.024752	0.000661
0.4949	15.59	0.608621	0.942866	0.016176	0.000278
0.4949	15.96	0.608621	0.965619	0.005890	0.000036
0.4949	16.33	0.608621	0.971883	0.005456	0.000031
0.4949	16.69	0.608621	0.975698	0.004463	0.000020
0.4949	17.06	0.608621	0.977031	0.004372	0.000020
0.4949	17.43	0.608621	0.980610	0.004086	0.000017
0.4949	17.80	0.608621	0.982930	0.003866	0.000015
0.4949	18.16	0.608621	0.979322	0.003416	0.000012
0.4949	18.53	0.608621	0.980519	0.004035	0.000017
0.4949	18.90	0.608621	0.991618	0.003341	0.000011
0.4949	19.27	0.608621	0.992447	0.003345	0.000011
0.4949	19.63	0.608621	0.993506	0.002266	0.000005
0.4949	20.00	0.608621	0.984941	0.003338	0.000011
0.5086	2.00	0.539353	0.000000	0.000000	0.000000
0.5086	2.37	0.539353	0.000000	0.000000	0.000000
0.5086	2.73	0.539353	0.000000	0.000000	0.000000
0.5086	3.10	0.539353	0.000000	0.000000	0.000000
0.5086	3.47	0.539353	0.000000	0.000000	0.000000
0.5086	3.84	0.539353	0.000000	0.000000	0.000000
0.5086	4.20	0.539353	0.000000	0.000000	0.000000
0.5086	4.57	0.539353	0.000000	0.000000	0.000000
0.5086	4.94	0.539353	0.000000	0.000000	0.000000
0.5086	5.31	0.539353	0.000000	0.000000	0.000000
0.5086	5.67	0.539353	0.000000	0.000000	0.000000
0.5086	6.04	0.539353	0.000000	0.000000	0.000000
0.5086	6.41	0.539353	0.000000	0.000000	0.000000
0.5086	6.78	0.539353	0.000000	0.000000	0.000000
0.5086	7.14	0.539353	0.000000	0.000000	0.000000
0.5086	7.51	0.539353	0.000000	0.000000	0.000000
0.5086	7.88	0.539353	0.000000	0.000000	0.000000
0.5086	8.24	0.539353	0.000000	0.000000	0.000000
0.5086	8.61	0.539353	0.000000	0.000000	0.000000
0.5086	8.98	0.539353	0.000000	0.000000	0.000000
0.5086	9.35	0.539353	0.000000	0.000000	0.000000
0.5086	9.71	0.539353	0.000000	0.000000	0.000000
0.5086	10.08	0.539353	0.000000	0.000000	0.000000
0.5086	10.45	0.539353	0.000000	0.000000	0.000000
0.5086	10.82	0.539353	0.000000	0.000000	0.000000
0.5086	11.18	0.539353	0.000000	0.000000	0.000000
0.5086	11.55	0.539353	0.000000	0.000000	0.000000
0.5086	11.92	0.539353	0.121212	0.000000	0.000000
0.5086	12.29	0.539353	0.151515	0.047348	0.014796
0.5086	12.65	0.539353	0.120455	0.015645	0.002032
0.5086	13.02	0.539353	0.160748	0.069171	0.029764
0.5086	13.39	0.539353	0.139254	0.046279	0.015380
0.5086	13.76	0.539353	0.156723	0.047112	0.014162
0.5086	14.12	0.539353	0.175770	0.061699	0.021657
0.5086	14.49	0.539353	0.192731	0.082410	0.035238
0.5086	14.86	0.539353	0.223608	0.117492	0.061735
0.5086	15.22	0.539353	0.267900	0.114203	0.048683
0.5086	15.59	0.539353	0.363750	0.163662	0.073637
0.5086	15.96	0.539353	0.417095	0.197285	0.093315
0.5086	16.33	0.539353	0.456956	0.162448	0.057751
0.5086	16.69	0.539353	0.645710	0.177774	0.048944
0.5086	17.06	0.539353	0.694735	0.179499	0.046377
0.5086	17.43	0.539353	0.696268	0.191239	0.052526
0.5086	17.80	0.539353	0.776250	0.189232	0.046130
0.5086	18.16	0.539353	0.893375	0.111131	0.013824
0.5086	18.53	0.539353	0.944444	0.034733	0.001277
0.5086	18.90	0.539353	0.930598	0.075912	0.006192
0.5086	19.27	0.539353	0.951136	0.036526	0.001403
0.5086	19.63	0.539353	0.959754	0.026876	0.000753
0.5086	20.00	0.539353	0.949065	0.047480	0.002375
0.5222	2.00	0.455361	0.000000	0.000000	0.000000
0.5222	2.37	0.455361	0.000000	0.000000	0.000000
0.5222	2.73	0.455361	0.000000	0.000000	0.000000
0.5222	3.10	0.455361	0.000000	0.000000	0.000000
0.5222	3.47	0.455361	0.000000	0.000000	0.000000
0.5222	3.84	0.455361	0.000000	0.000000	0.000000
0.5222	4.20	0.455361	0.000000	0.000000	0.000000
0.5222	4.57	0.455361	0.000000	0.000000	0.000000
0.5222	4.94	0.455361	0.000000	0.000000	0.000000
0.5222	5.31	0.455361	0.000000	0.000000	0.000000
0.5222	5.67	0.455361	0.000000	0.000000	0.000000
0.5222	6.04	0.455361	0.000000	0.000000	0.000000
0.5222	6.41	0.455361	0.000000	0.000000	0.000000
0.5222	6.78	0.455361	0.000000	0.000000	0.000000
0.5222	7.14	0.455361	0.000000	0.000000	0.000000
0.5222	7.51	0.455361	0.000000	0.000000	0.000000
0.5222	7.88	0.455361	0.000000	0.000000	0.000000
0.5222	8.24	0.455361	0.000000	0.000000	0.000000
0.5222	8.61	0.455361	0.000000	0.000000	0.000000
0.5222	8.98	0.455361	0.000000	0.000000	0.000000
0.5222	9.35	0.455361	0.000000	0.000000	0.000000
0.5222	9.71	0.455361	0.000000	0.000000	0.000000
0.5222	10.08	0.455361	0.000000	0.000000	0.000000
0.5222	10.45	0.455361	0.000000	0.000000	0.000000
0.5222	10.82	0.455361	0.000000	0.000000	0.000000
0.5222	11.18	0.455361	0.000000	0.000000	0.000000
0.5222	11.55	0.455361	0.000000	0.000000	0.000000
0.5222	11.92	0.455361	0.000000	0.000000	0.000000
0.5222	12.29	0.455361	0.000000	0.000000	0.000000
0.5222	12.65	0.455361	0.114786	0.000000	0.000000
0.5222	13.02	0.455361	0.000000	0.000000	0.000000
0.5222	13.39	0.455361	0.130350	0.001946	0.000029
0.5222	13.76	0.455361	0.148249	0.022568	0.003436
0.5222	14.12	0.455361	0.182879	0.078507	0.033702
0.5222	14.49	0.455361	0.211486	0.102661	0.049834
0.5222	14.86	0.455361	0.235350	0.113498	0.054734
0.5222	15.22	0.455361	0.225064	0.113100	0.056835
0.5222	15.59	0.455361	0.291829	0.140779	0.067912
0.5222	15.96	0.455361	0.386035	0.141047	0.051535
0.5222	16.33	0.455361	0.436892	0.155622	0.055433
0.5222	16.69	0.455361	0.509065	0.148467	0.043300
0.5222	17.06	0.455361	0.636835	0.100727	0.015932
0.5222	17.43	0.455361	0.615921	0.124630	0.025219
0.5222	17.80	0.455361	0.689731	0.119648	0.020755
0.5222	18.16	0.455361	0.754202	0.071894	0.006853
0.5222	18.53	0.455361	0.844231	0.047853	0.002712
0.5222	18.90	0.455361	0.871638	0.037643	0.001626
0.5222	19.27	0.455361	0.852513	0.032020	0.001203
0.5222	19.63	0.455361	0.863937	0.036875	0.001574
0.5222	20.00	0.455361	0.910548	0.021833	0.000523
0.5359	2.00	0.479682	0.000000	0.000000	0.000000
0.5359	2.37	0.479682	0.000000	0.000000	0.000000
0.5359	2.73	0.479682	0.000000	0.000000	0.000000
0.5359	3.10	0.479682	0.000000	0.000000	0.000000
0.5359	3.47	0.479682	0.000000	0.000000	0.000000
0.5359	3.84	0.479682	0.000000	0.000000	0.000000
0.5359	4.20	0.479682	0.000000	0.000000	0.000000
0.5359	4.57	0.479682	0.000000	0.000000	0.000000
0.5359	4.94	0.479682	0.000000	0.000000	0.000000
0.5359	5.31	0.479682	0.000000	0.000000	0.000000
0.5359	5.67	0.479682	0.000000	0.000000	0.000000
0.5359	6.04	0.479682	0.000000	0.000000	0.000000
0.5359	6.41	0.479682	0.000000	0.000000	0.000000
0.5359	6.78	0.479682	0.000000	0.000000	0.000000
0.5359	7.14	0.479682	0.000000	0.000000	0.000000
0.5359	7.51	0.479682	0.000000	0.000000	0.000000
0.5359	7.88	0.479682	0.000000	0.000000	0.000000
0.5359	8.24	0.479682	0.000000	0.000000	0.000000
0.5359	8.61	0.479682	0.000000	0.000000	0.000000
0.5359	8.98	0.479682	0.000000	0.000000	0.000000
0.5359	9.35	0.479682	0.000000	0.000000	0.000000
0.5359	9.71	0.479682	0.000000	0.000000	0.000000
0.5359	10.08	0.479682	0.000000	0.000000	0.000000
0.5359	10.45	0.479682	0.000000	0.000000	0.000000
0.5359	10.82	0.479682	0.000000	0.000000	0.000000
0.5359	11.18	0.479682	0.112994	0.011299	0.001130
0.5359	11.55	0.479682	0.134338	0.018215	0.002470
0.5359	11.92	0.479682	0.188010	0.042312	0.009523
0.5359	12.29	0.479682	0.309911	0.083928	0.022729
0.5359	12.65	0.479682	0.321165	0.101380	0.032002
0.5359	13.02	0.479682	0.231539	0.101969	0.044907
0.5359	13.39	0.479682	0.306161	0.101100	0.033385
0.5359	13.76	0.479682	0.346457	0.097995	0.027718
0.5359	14.12	0.479682	0.387732	0.126311	0.041148
0.5359	14.49	0.479682	0.508259	0.056808	0.006349
0.5359	14.86	0.479682	0.544041	0.035217	0.002280
0.5359	15.22	0.479682	0.593436	0.046890	0.003705
0.5359	15.59	0.479682	0.538706	0.107706	0.021534
0.5359	15.96	0.479682	0.557632	0.131331	0.030931
0.5359	16.33	0.479682	0.578925	0.160055	0.044250
0.5359	16.69	0.479682	0.619720	0.115483	0.021520
0.5359	17.06	0.479682	0.644651	0.124641	0.024099
0.5359	17.43	0.479682	0.705864	0.120238	0.020481
0.5359	17.80	0.479682	0.663881	0.178957	0.048240
0.5359	18.16	0.479682	0.749704	0.123724	0.020418
0.5359	18.53	0.479682	0.757704	0.145693	0.028014
0.5359	18.90	0.479682	0.766008	0.158418	0.032762
0.5359	19.27	0.479682	0.742324	0.162095	0.035395
0.5359	19.63	0.479682	0.737627	0.178553	0.043221
0.5359	20.00	0.479682	0.770716	0.149475	0.028990
0.5496	2.00	0.485411	0.000000	0.000000	0.000000
0.5496	2.37	0.485411	0.000000	0.000000	0.000000
0.5496	2.73	0.485411	0.000000	0.000000	0.000000
0.5496	3.10	0.485411	0.000000	0.000000	0.000000
0.5496	3.47	0.485411	0.000000	0.000000	0.000000
0.5496	3.84	0.485411	0.000000	0.000000	0.000000
0.5496	4.20	0.485411	0.000000	0.000000	0.000000
0.5496	4.57	0.485411	0.000000	0.000000	0.000000
0.5496	4.94	0.485411	0.000000	0.000000	0.000000
0.5496	5.31	0.485411	0.000000	0.000000	0.000000
0.5496	5.67	0.485411	0.000000	0.000000	0.000000
0.5496	6.04	0.485411	0.000000	0.000000	0.000000
0.5496	6.41	0.485411	0.000000	0.000000	0.000000
0.5496	6.78	0.485411	0.000000	0.000000	0.000000
0.5496	7.14	0.485411	0.000000	0.000000	0.000000
0.5496	7.51	0.485411	0.000000	0.000000	0.000000
0.5496	7.88	0.485411	0.000000	0.000000	0.000000
0.5496	8.24	0.485411	0.000000	0.000000	0.000000
0.5496	8.61	0.485411	0.000000	0.000000	0.000000
0.5496	8.98	0.485411	0.000000	0.000000	0.000000
0.5496	9.35	0.485411	0.000000	0.000000	0.000000
0.5496	9.71	0.485411	0.000000	0.000000	0.000000
0.5496	10.08	0.485411	0.000000	0.000000	0.000000
0.5496	10.45	0.485411	0.000000	0.000000	0.000000
0.5496	10.82	0.485411	0.000000	0.000000	0.000000
0.5496	11.18	0.485411	0.000000	0.000000	0.000000
0.5496	11.55	0.485411	0.181467	0.000000	0.000000
0.5496	11.92	0.485411	0.158301	0.000000	0.000000
0.5496	12.29	0.485411	0.000000	0.000000	0.000000
0.5496	12.65	0.485411	0.128378	0.024131	0.004536
0.5496	13.02	0.485411	0.138674	0.051949	0.019461
0.5496	13.39	0.485411	0.243331	0.101758	0.042554
0.5496	13.76	0.485411	0.268054	0.115973	0.050175
0.5496	14.12	0.485411	0.330652	0.121452	0.044610
0.5496	14.49	0.485411	0.402948	0.098440	0.024049
0.5496	14.86	0.485411	0.478917	0.084584	0.014939
0.5496	15.22	0.485411	0.521896	0.070646	0.009563
0.5496	15.59	0.485411	0.615685	0.108288	0.019046
0.5496	15.96	0.485411	0.661420	0.072874	0.008029
0.5496	16.33	0.485411	0.698748	0.113420	0.018410
0.5496	16.69	0.485411	0.741878	0.076512	0.007891
0.5496	17.06	0.485411	0.780629	0.060726	0.004724
0.5496	17.43	0.485411	0.767024	0.150723	0.029618
0.5496	17.80	0.485411	0.823221	0.063693	0.004928
0.5496	18.16	0.485411	0.824061	0.100236	0.012192
0.5496	18.53	0.485411	0.842327	0.127573	0.019321
0.5496	18.90	0.485411	0.860690	0.070187	0.005724
0.5496	19.27	0.485411	0.861318	0.034153	0.001354
0.5496	19.63	0.485411	0.870118	0.035639	0.001460
0.5496	20.00	0.485411	0.876755	0.039061	0.001740
0.5633	2.00	0.463065	0.000000	0.000000	0.000000
0.5633	2.37	0.463065	0.000000	0.000000	0.000000
0.5633	2.73	0.463065	0.000000	0.000000	0.000000
0.5633	3.10	0.463065	0.000000	0.000000	0.000000
0.5633	3.47	0.463065	0.000000	0.000000	0.000000
0.5633	3.84	0.463065	0.000000	0.000000	0.000000
0.5633	4.20	0.463065	0.000000	0.000000	0.000000
0.5633	4.57	0.463065	0.000000	0.000000	0.000000
0.5633	4.94	0.463065	0.000000	0.000000	0.000000
0.5633	5.31	0.463065	0.000000	0.000000	0.000000
0.5633	5.67	0.463065	0.000000	0.000000	0.000000
0.5633	6.04	0.463065	0.000000	0.000000	0.000000
0.5633	6.41	0.463065	0.000000	0.000000	0.000000
0.5633	6.78	0.463065	0.000000	0.000000	0.000000
0.5633	7.14	0.463065	0.000000	0.000000	0.000000
0.5633	7.51	0.463065	0.000000	0.000000	0.000000
0.5633	7.88	0.463065	0.000000	0.000000	0.000000
0.5633	8.24	0.463065	0.000000	0.000000	0.000000
0.5633	8.61	0.463065	0.000000	0.000000	0.000000
0.5633	8.98	0.463065	0.000000	0.000000	0.000000
0.5633	9.35	0.463065	0.000000	0.000000	0.000000
0.5633	9.71	0.463065	0.000000	0.000000	0.000000
0.5633	10.08	0.463065	0.000000	0.000000	0.000000
0.5633	10.45	0.463065	0.000000	0.000000	0.000000
0.5633	10.82	0.463065	0.000000	0.000000	0.000000
0.5633	11.18	0.463065	0.000000	0.000000	0.000000
0.5633	11.55	0.463065	0.111742	0.000000	0.000000
0.5633	11.92	0.463065	0.000000	0.000000	0.000000
0.5633	12.29	0.463065	0.100379	0.000000	0.000000
0.5633	12.65	0.463065	0.124053	0.017992	0.002610
0.5633	13.02	0.463065	0.170319	0.051418	0.015523
0.5633	13.39	0.463065	0.207168	0.055290	0.014756
0.5633	13.76	0.463065	0.205137	0.082909	0.033509
0.5633	14.12	0.463065	0.186799	0.069203	0.025638
0.5633	14.49	0.463065	0.189855	0.081895	0.035326
0.5633	14.86	0.463065	0.235258	0.098719	0.041424
0.5633	15.22	0.463065	0.277572	0.123952	0.055352
0.5633	15.59	0.463065	0.250881	0.097749	0.038085
0.5633	15.96	0.463065	0.329983	0.111373	0.037590
0.5633	16.33	0.463065	0.356705	0.149030	0.062264
0.5633	16.69	0.463065	0.447788	0.137711	0.042351
0.5633	17.06	0.463065	0.512837	0.142904	0.039821
0.5633	17.43	0.463065	0.539886	0.166698	0.051471
0.5633	17.80	0.463065	0.613339	0.173116	0.048862
0.5633	18.16	0.463065	0.688644	0.155881	0.035285
0.5633	18.53	0.463065	0.696970	0.152613	0.033417
0.5633	18.90	0.463065	0.724550	0.174212	0.041888
0.5633	19.27	0.463065	0.710821	0.222306	0.069525
0.5633	19.63	0.463065	0.726270	0.192108	0.050815
0.5633	20.00	0.463065	0.785866	0.128883	0.021137
0.5769	2.00	0.441584	0.000000	0.000000	0.000000
0.5769	2.37	0.441584	0.000000	0.000000	0.000000
0.5769	2.73	0.441584	0.000000	0.000000	0.000000
0.5769	3.10	0.441584	0.000000	0.000000	0.000000
0.5769	3.47	0.441584	0.000000	0.000000	0.000000
0.5769	3.84	0.441584	0.000000	0.000000	0.000000
0.5769	4.20	0.441584	0.000000	0.000000	0.000000
0.5769	4.57	0.441584	0.000000	0.000000	0.000000
0.5769	4.94	0.441584	0.000000	0.000000	0.000000
0.5769	5.31	0.441584	0.000000	0.000000	0.000000
0.5769	5.67	0.441584	0.000000	0.000000	0.000000
0.5769	6.04	0.441584	0.000000	0.000000	0.000000
0.5769	6.41	0.441584	0.000000	0.000000	0.000000
0.5769	6.78	0.441584	0.000000	0.000000	0.000000
0.5769	7.14	0.441584	0.000000	0.000000	0.000000
0.5769	7.51	0.441584	0.000000	0.000000	0.000000
0.5769	7.88	0.441584	0.000000	0.000000	0.000000
0.5769	8.24	0.441584	0.000000	0.000000	0.000000
0.5769	8.61	0.441584	0.000000	0.000000	0.000000
0.5769	8.98	0.441584	0.000000	0.000000	0.000000
0.5769	9.35	0.441584	0.000000	0.000000	0.000000
0.5769	9.71	0.441584	0.000000	0.000000	0.000000
0.5769	10.08	0.441584	0.000000	0.000000	0.000000
0.5769	10.45	0.441584	0.000000	0.000000	0.000000
0.5769	10.82	0.441584	0.000000	0.000000	0.000000
0.5769	11.18	0.441584	0.000000	0.000000	0.000000
0.5769	11.55	0.441584	0.000000	0.000000	0.000000
0.5769	11.92	0.441584	0.000000	0.000000	0.000000
0.5769	12.29	0.441584	0.000000	0.000000	0.000000
0.5769	12.65	0.441584	0.115163	0.000000	0.000000
0.5769	13.02	0.441584	0.113244	0.000000	0.000000
0.5769	13.39	0.441584	0.121881	0.008637	0.000612
0.5769	13.76	0.441584	0.117083	0.000000	0.000000
0.5769	14.12	0.441584	0.118042	0.010321	0.000902
0.5769	14.49	0.441584	0.122841	0.019412	0.003068
0.5769	14.86	0.441584	0.145633	0.037795	0.009808
0.5769	15.22	0.441584	0.152222	0.041967	0.011570
0.5769	15.59	0.441584	0.180166	0.062058	0.021376
0.5769	15.96	0.441584	0.177744	0.070017	0.027581
0.5769	16.33	0.441584	0.208090	0.094495	0.042911
0.5769	16.69	0.441584	0.219818	0.090418	0.037191
0.5769	17.06	0.441584	0.218846	0.085620	0.033497
0.5769	17.43	0.441584	0.225166	0.088405	0.034710
0.5769	17.80	0.441584	0.261834	0.104135	0.041416
0.5769	18.16	0.441584	0.337684	0.138682	0.056955
0.5769	18.53	0.441584	0.392610	0.154604	0.060881
0.5769	18.90	0.441584	0.397183	0.142181	0.050897
0.5769	19.27	0.441584	0.567769	0.135713	0.032439
0.5769	19.63	0.441584	0.521785	0.173316	0.057568
0.5769	20.00	0.441584	0.628023	0.160092	0.040810
0.5906	2.00	0.452876	0.000000	0.000000	0.000000
0.5906	2.37	0.452876	0.000000	0.000000	0.000000
0.5906	2.73	0.452876	0.000000	0.000000	0.000000
0.5906	3.10	0.452876	0.000000	0.000000	0.000000
0.5906	3.47	0.452876	0.000000	0.000000	0.000000
0.5906	3.84	0.452876	0.000000	0.000000	0.000000
0.5906	4.20	0.452876	0.000000	0.000000	0.000000
0.5906	4.57	0.452876	0.000000	0.000000	0.000000
0.5906	4.94	0.452876	0.000000	0.000000	0.000000
0.5906	5.31	0.452876	0.000000	0.000000	0.000000
0.5906	5.67	0.452876	0.000000	0.000000	0.000000
0.5906	6.04	0.452876	0.000000	0.000000	0.000000
0.5906	6.41	0.452876	0.000000	0.000000	0.000000
0.5906	6.78	0.452876	0.000000	0.000000	0.000000
0.5906	7.14	0.452876	0.000000	0.000000	0.000000
0.5906	7.51	0.452876	0.000000	0.000000	0.000000
0.5906	7.88	0.452876	0.000000	0.000000	0.000000
0.5906	8.24	0.452876	0.000000	0.000000	0.000000
0.5906	8.61	0.452876	0.000000	0.000000	0.000000
0.5906	8.98	0.452876	0.000000	0.000000	0.000000
0.5906	9.35	0.452876	0.000000	0.000000	0.000000
0.5906	9.71	0.452876	0.000000	0.000000	0.000000
0.5906	10.08	0.452876	0.115914	0.000000	0.000000
0.5906	10.45	0.452876	0.145383	0.000000	0.000000
0.5906	10.82	0.452876	0.163065	0.000000	0.000000
0.5906	11.18	0.452876	0.163065	0.000000	0.000000
0.5906	11.55	0.452876	0.000000	0.000000	0.000000
0.5906	11.92	0.452876	0.000000	0.000000	0.000000
0.5906	12.29	0.452876	0.111984	0.000000	0.000000
0.5906	12.65	0.452876	0.110020	0.003929	0.000140
0.5906	13.02	0.452876	0.197119	0.079842	0.032339
0.5906	13.39	0.452876	0.161919	0.043367	0.011615
0.5906	13.76	0.452876	0.172888	0.051777	0.015506
0.5906	14.12	0.452876	0.182643	0.074266	0.030198
0.5906	14.49	0.452876	0.216680	0.088500	0.036146
0.5906	14.86	0.452876	0.308258	0.123893	0.049794
0.5906	15.22	0.452876	0.361846	0.127584	0.044985
0.5906	15.59	0.452876	0.452487	0.145818	0.046991
0.5906	15.96	0.452876	0.493168	0.137347	0.038251
0.5906	16.33	0.452876	0.580664	0.055100	0.005229
0.5906	16.69	0.452876	0.601353	0.102391	0.017434
0.5906	17.06	0.452876	0.663779	0.067293	0.006822
0.5906	17.43	0.452876	0.720808	0.106951	0.015869
0.5906	17.80	0.452876	0.756608	0.058015	0.004449
0.5906	18.16	0.452876	0.793975	0.116665	0.017143
0.5906	18.53	0.452876	0.804279	0.051958	0.003357
0.5906	18.90	0.452876	0.834971	0.044062	0.002325
0.5906	19.27	0.452876	0.865021	0.125558	0.018225
0.5906	19.63	0.452876	0.896573	0.040170	0.001800
0.5906	20.00	0.452876	0.880157	0.050462	0.002893
0.6043	2.00	0.434324	0.000000	0.000000	0.000000
0.6043	2.37	0.434324	0.000000	0.000000	0.000000
0.6043	2.73	0.434324	0.000000	0.000000	0.000000
0.6043	3.10	0.434324	0.000000	0.000000	0.000000
0.6043	3.47	0.434324	0.000000	0.000000	0.000000
0.6043	3.84	0.434324	0.000000	0.000000	0.000000
0.6043	4.20	0.434324	0.000000	0.000000	0.000000
0.6043	4.57	0.434324	0.000000	0.000000	0.000000
0.6043	4.94	0.434324	0.000000	0.000000	0.000000
0.6043	5.31	0.434324	0.000000	0.000000	0.000000
0.6043	5.67	0.434324	0.000000	0.000000	0.000000
0.6043	6.04	0.434324	0.000000	0.000000	0.000000
0.6043	6.41	0.434324	0.000000	0.000000	0.000000
0.6043	6.78	0.434324	0.000000	0.000000	0.000000
0.6043	7.14	0.434324	0.000000	0.000000	0.000000
0.6043	7.51	0.434324	0.000000	0.000000	0.000000
0.6043	7.88	0.434324	0.000000	0.000000	0.000000
0.6043	8.24	0.434324	0.000000	0.000000	0.000000
0.6043	8.61	0.434324	0.000000	0.000000	0.000000
0.6043	8.98	0.434324	0.000000	0.000000	0.000000
0.6043	9.35	0.434324	0.000000	0.000000	0.000000
0.6043	9.71	0.434324	0.000000	0.000000	0.000000
0.6043	10.08	0.434324	0.000000	0.000000	0.000000
0.6043	10.45	0.434324	0.000000	0.000000	0.000000
0.6043	10.82	0.434324	0.000000	0.000000	0.000000
0.6043	11.18	0.434324	0.000000	0.000000	0.000000
0.6043	11.55	0.434324	0.000000	0.000000	0.000000
0.6043	11.92	0.434324	0.000000	0.000000	0.000000
0.6043	12.29	0.434324	0.000000	0.000000	0.000000
0.6043	12.65	0.434324	0.000000	0.000000	0.000000
0.6043	13.02	0.434324	0.175049	0.042768	0.010449
0.6043	13.39	0.434324	0.180451	0.048870	0.013235
0.6043	13.76	0.434324	0.156054	0.063264	0.025647
0.6043	14.12	0.434324	0.208004	0.083356	0.033404
0.6043	14.49	0.434324	0.167836	0.061959	0.022873
0.6043	14.86	0.434324	0.192704	0.071337	0.026408
0.6043	15.22	0.434324	0.233138	0.092605	0.036783
0.6043	15.59	0.434324	0.207096	0.114159	0.062928
0.6043	15.96	0.434324	0.262353	0.126406	0.060905
0.6043	16.33	0.434324	0.318023	0.129241	0.052522
0.6043	16.69	0.434324	0.311253	0.140374	0.063308
0.6043	17.06	0.434324	0.393021	0.146536	0.054635
0.6043	17.43	0.434324	0.430761	0.136004	0.042941
0.6043	17.80	0.434324	0.569964	0.120685	0.025554
0.6043	18.16	0.434324	0.638337	0.094075	0.013864
0.6043	18.53	0.434324	0.669591	0.128776	0.024766
0.6043	18.90	0.434324	0.645666	0.198952	0.061304
0.6043	19.27	0.434324	0.734893	0.160384	0.035002
0.6043	19.63	0.434324	0.721974	0.174480	0.042167
0.6043	20.00	0.434324	0.807100	0.117532	0.017115
0.6180	2.00	0.397699	0.000000	0.000000	0.000000
0.6180	2.37	0.397699	0.000000	0.000000	0.000000
0.6180	2.73	0.397699	0.000000	0.000000	0.000000
0.6180	3.10	0.397699	0.000000	0.000000	0.000000
0.6180	3.47	0.397699	0.000000	0.000000	0.000000
0.6180	3.84	0.397699	0.000000	0.000000	0.000000
0.6180	4.20	0.397699	0.000000	0.000000	0.000000
0.6180	4.57	0.397699	0.000000	0.000000	0.000000
0.6180	4.94	0.397699	0.000000	0.000000	0.000000
0.6180	5.31	0.397699	0.000000	0.000000	0.000000
0.6180	5.67	0.397699	0.000000	0.000000	0.000000
0.6180	6.04	0.397699	0.000000	0.000000	0.000000
0.6180	6.41	0.397699	0.000000	0.000000	0.000000
0.6180	6.78	0.397699	0.000000	0.000000	0.000000
0.6180	7.14	0.397699	0.000000	0.000000	0.000000
0.6180	7.51	0.397699	0.000000	0.000000	0.000000
0.6180	7.88	0.397699	0.000000	0.000000	0.000000
0.6180	8.24	0.397699	0.000000	0.000000	0.000000
0.6180	8.61	0.397699	0.000000	0.000000	0.000000
0.6180	8.98	0.397699	0.000000	0.000000	0.000000
0.6180	9.35	0.397699	0.000000	0.000000	0.000000
0.6180	9.71	0.397699	0.000000	0.000000	0.000000
0.6180	10.08	0.397699	0.000000	0.000000	0.000000
0.6180	10.45	0.397699	0.000000	0.000000	0.000000
0.6180	10.82	0.397699	0.000000	0.000000	0.000000
0.6180	11.18	0.397699	0.000000	0.000000	0.000000
0.6180	11.55	0.397699	0.000000	0.000000	0.000000
0.6180	11.92	0.397699	0.000000	0.000000	0.000000
0.6180	12.29	0.397699	0.000000	0.000000	0.000000
0.6180	12.65	0.397699	0.000000	0.000000	0.000000
0.6180	13.02	0.397699	0.000000	0.000000	0.000000
0.6180	13.39	0.397699	0.000000	0.000000	0.000000
0.6180	13.76	0.397699	0.121893	0.014522	0.001730
0.6180	14.12	0.397699	0.125717	0.022880	0.004164
0.6180	14.49	0.397699	0.135277	0.029177	0.006293
0.6180	14.86	0.397699	0.125048	0.017632	0.002486
0.6180	15.22	0.397699	0.133281	0.032334	0.007844
0.6180	15.59	0.397699	0.143403	0.038258	0.010206
0.6180	15.96	0.397699	0.203243	0.077888	0.029849
0.6180	16.33	0.397699	0.210598	0.083318	0.032962
0.6180	16.69	0.397699	0.211225	0.082172	0.031967
0.6180	17.06	0.397699	0.284859	0.130919	0.060170
0.6180	17.43	0.397699	0.312546	0.137326	0.060338
0.6180	17.80	0.397699	0.393335	0.126497	0.040681
0.6180	18.16	0.397699	0.357589	0.128599	0.046248
0.6180	18.53	0.397699	0.401713	0.121554	0.036781
0.6180	18.90	0.397699	0.479533	0.106394	0.023606
0.6180	19.27	0.397699	0.576083	0.071984	0.008995
0.6180	19.63	0.397699	0.639131	0.060697	0.005764
0.6180	20.00	0.397699	0.567382	0.123925	0.027067
0.6316	2.00	0.398645	0.000000	0.000000	0.000000
0.6316	2.37	0.398645	0.000000	0.000000	0.000000
0.6316	2.73	0.398645	0.000000	0.000000	0.000000
0.6316	3.10	0.398645	0.000000	0.000000	0.000000
0.6316	3.47	0.398645	0.000000	0.000000	0.000000
0.6316	3.84	0.398645	0.000000	0.000000	0.000000
0.6316	4.20	0.398645	0.000000	0.000000	0.000000
0.6316	4.57	0.398645	0.000000	0.000000	0.000000
0.6316	4.94	0.398645	0.000000	0.000000	0.000000
0.6316	5.31	0.398645	0.000000	0.000000	0.000000
0.6316	5.67	0.398645	0.000000	0.000000	0.000000
0.6316	6.04	0.398645	0.000000	0.000000	0.000000
0.6316	6.41	0.398645	0.000000	0.000000	0.000000
0.6316	6.78	0.398645	0.000000	0.000000	0.000000
0.6316	7.14	0.398645	0.000000	0.000000	0.000000
0.6316	7.51	0.398645	0.000000	0.000000	0.000000
0.6316	7.88	0.398645	0.000000	0.000000	0.000000
0.6316	8.24	0.398645	0.000000	0.000000	0.000000
0.6316	8.61	0.398645	0.000000	0.000000	0.000000
0.6316	8.98	0.398645	0.000000	0.000000	0.000000
0.6316	9.35	0.398645	0.000000	0.000000	0.000000
0.6316	9.71	0.398645	0.000000	0.000000	0.000000
0.6316	10.08	0.398645	0.000000	0.000000	0.000000
0.6316	10.45	0.398645	0.000000	0.000000	0.000000
0.6316	10.82	0.398645	0.000000	0.000000	0.000000
0.6316	11.18	0.398645	0.000000	0.000000	0.000000
0.6316	11.55	0.398645	0.000000	0.000000	0.000000
0.6316	11.92	0.398645	0.000000	0.000000	0.000000
0.6316	12.29	0.398645	0.000000	0.000000	0.000000
0.6316	12.65	0.398645	0.000000	0.000000	0.000000
0.6316	13.02	0.398645	0.000000	0.000000	0.000000
0.6316	13.39	0.398645	0.142453	0.023585	0.003905
0.6316	13.76	0.398645	0.137736	0.030189	0.006617
0.6316	14.12	0.398645	0.114387	0.012005	0.001260
0.6316	14.49	0.398645	0.132656	0.035472	0.009485
0.6316	14.86	0.398645	0.138868	0.036913	0.009812
0.6316	15.22	0.398645	0.153804	0.053897	0.018887
0.6316	15.59	0.398645	0.172769	0.058048	0.019503
0.6316	15.96	0.398645	0.189847	0.075349	0.029906
0.6316	16.33	0.398645	0.242516	0.094444	0.036780
0.6316	16.69	0.398645	0.253739	0.107408	0.045466
0.6316	17.06	0.398645	0.460049	0.121363	0.032016
0.6316	17.43	0.398645	0.506289	0.121719	0.029263
0.6316	17.80	0.398645	0.572759	0.105786	0.019538
0.6316	18.16	0.398645	0.432415	0.135254	0.042306
0.6316	18.53	0.398645	0.519671	0.123209	0.029212
0.6316	18.90	0.398645	0.552638	0.123061	0.027403
0.6316	19.27	0.398645	0.635595	0.086814	0.011858
0.6316	19.63	0.398645	0.691269	0.072654	0.007636
0.6316	20.00	0.398645	0.710341	0.062912	0.005572
0.6453	2.00	0.483765	0.000000	0.000000	0.000000
0.6453	2.37	0.483765	0.000000	0.000000	0.000000
0.6453	2.73	0.483765	0.000000	0.000000	0.000000
0.6453	3.10	0.483765	0.000000	0.000000	0.000000
0.6453	3.47	0.483765	0.000000	0.000000	0.000000
0.6453	3.84	0.483765	0.000000	0.000000	0.000000
0.6453	4.20	0.483765	0.000000	0.000000	0.000000
0.6453	4.57	0.483765	0.000000	0.000000	0.000000
0.6453	4.94	0.483765	0.000000	0.000000	0.000000
0.6453	5.31	0.483765	0.000000	0.000000	0.000000
0.6453	5.67	0.483765	0.000000	0.000000	0.000000
0.6453	6.04	0.483765	0.000000	0.000000	0.000000
0.6453	6.41	0.483765	0.000000	0.000000	0.000000
0.6453	6.78	0.483765	0.000000	0.000000	0.000000
0.6453	7.14	0.483765	0.000000	0.000000	0.000000
0.6453	7.51	0.483765	0.000000	0.000000	0.000000
0.6453	7.88	0.483765	0.000000	0.000000	0.000000
0.6453	8.24	0.483765	0.000000	0.000000	0.000000
0.6453	8.61	0.483765	0.000000	0.000000	0.000000
0.6453	8.98	0.483765	0.000000	0.000000	0.000000
0.6453	9.35	0.483765	0.000000	0.000000	0.000000
0.6453	9.71	0.483765	0.000000	0.000000	0.000000
0.6453	10.08	0.483765	0.000000	0.000000	0.000000
0.6453	10.45	0.483765	0.000000	0.000000	0.000000
0.6453	10.82	0.483765	0.000000	0.000000	0.000000
0.6453	11.18	0.483765	0.100580	0.000000	0.000000
0.6453	11.55	0.483765	0.000000	0.000000	0.000000
0.6453	11.92	0.483765	0.000000	0.000000	0.000000
0.6453	12.29	0.483765	0.000000	0.000000	0.000000
0.6453	12.65	0.483765	0.000000	0.000000	0.000000
0.6453	13.02	0.483765	0.119923	0.008793	0.000645
0.6453	13.39	0.483765	0.110251	0.000000	0.000000
0.6453	13.76	0.483765	0.127273	0.019854	0.003097
0.6453	14.12	0.483765	0.118182	0.015412	0.002010
0.6453	14.49	0.483765	0.158235	0.049850	0.015705
0.6453	14.86	0.483765	0.166929	0.060274	0.021763
0.6453	15.22	0.483765	0.213301	0.100039	0.046919
0.6453	15.59	0.483765	0.238692	0.125097	0.065563
0.6453	15.96	0.483765	0.274917	0.136408	0.067683
0.6453	16.33	0.483765	0.327553	0.157404	0.075639
0.6453	16.69	0.483765	0.401712	0.160494	0.064121
0.6453	17.06	0.483765	0.505748	0.179505	0.063712
0.6453	17.43	0.483765	0.600281	0.197685	0.065102
0.6453	17.80	0.483765	0.662033	0.158035	0.037725
0.6453	18.16	0.483765	0.678221	0.176726	0.046050
0.6453	18.53	0.483765	0.850822	0.121430	0.017331
0.6453	18.90	0.483765	0.872011	0.087334	0.008747
0.6453	19.27	0.483765	0.906351	0.060475	0.004035
0.6453	19.63	0.483765	0.869721	0.093519	0.010056
0.6453	20.00	0.483765	0.910078	0.080044	0.007040
0.6590	2.00	0.390793	0.000000	0.000000	0.000000
0.6590	2.37	0.390793	0.000000	0.000000	0.000000
0.6590	2.73	0.390793	0.000000	0.000000	0.000000
0.6590	3.10	0.390793	0.000000	0.000000	0.000000
0.6590	3.47	0.390793	0.000000	0.000000	0.000000
0.6590	3.84	0.390793	0.000000	0.000000	0.000000
0.6590	4.20	0.390793	0.000000	0.000000	0.000000
0.6590	4.57	0.390793	0.000000	0.000000	0.000000
0.6590	4.94	0.390793	0.000000	0.000000	0.000000
0.6590	5.31	0.390793	0.000000	0.000000	0.000000
0.6590	5.67	0.390793	0.000000	0.000000	0.000000
0.6590	6.04	0.390793	0.000000	0.000000	0.000000
0.6590	6.41	0.390793	0.000000	0.000000	0.000000
0.6590	6.78	0.390793	0.000000	0.000000	0.000000
0.6590	7.14	0.390793	0.000000	0.000000	0.000000
0.6590	7.51	0.390793	0.000000	0.000000	0.000000
0.6590	7.88	0.390793	0.000000	0.000000	0.000000
0.6590	8.24	0.390793	0.000000	0.000000	0.000000
0.6590	8.61	0.390793	0.000000	0.000000	0.000000
0.6590	8.98	0.390793	0.000000	0.000000	0.000000
0.6590	9.35	0.390793	0.000000	0.000000	0.000000
0.6590	9.71	0.390793	0.000000	0.000000	0.000000
0.6590	10.08	0.390793	0.000000	0.000000	0.000000
0.6590	10.45	0.390793	0.000000	0.000000	0.000000
0.6590	10.82	0.390793	0.000000	0.000000	0.000000
0.6590	11.18	0.390793	0.000000	0.000000	0.000000
0.6590	11.55	0.390793	0.000000	0.000000	0.000000
0.6590	11.92	0.390793	0.000000	0.000000	0.000000
0.6590	12.29	0.390793	0.000000	0.000000	0.000000
0.6590	12.65	0.390793	0.000000	0.000000	0.000000
0.6590	13.02	0.390793	0.000000	0.000000	0.000000
0.6590	13.39	0.390793	0.000000	0.000000	0.000000
0.6590	13.76	0.390793	0.000000	0.000000	0.000000
0.6590	14.12	0.390793	0.000000	0.000000	0.000000
0.6590	14.49	0.390793	0.115750	0.014941	0.001929
0.6590	14.86	0.390793	0.116427	0.015207	0.001986
0.6590	15.22	0.390793	0.136504	0.038873	0.011070
0.6590	15.59	0.390793	0.145478	0.037852	0.009849
0.6590	15.96	0.390793	0.181689	0.072246	0.028727
0.6590	16.33	0.390793	0.239496	0.107308	0.048081
0.6590	16.69	0.390793	0.217906	0.100128	0.046009
0.6590	17.06	0.390793	0.257889	0.114125	0.050504
0.6590	17.43	0.390793	0.296507	0.125291	0.052943
0.6590	17.80	0.390793	0.373405	0.126526	0.042872
0.6590	18.16	0.390793	0.469745	0.163458	0.056879
0.6590	18.53	0.390793	0.568749	0.137400	0.033193
0.6590	18.90	0.390793	0.631995	0.084518	0.011303
0.6590	19.27	0.390793	0.437381	0.163600	0.061194
0.6590	19.63	0.390793	0.442420	0.157332	0.055950
0.6590	20.00	0.390793	0.563813	0.134134	0.031911
0.6727	2.00	0.433830	0.000000	0.000000	0.000000
0.6727	2.37	0.433830	0.000000	0.000000	0.000000
0.6727	2.73	0.433830	0.000000	0.000000	0.000000
0.6727	3.10	0.433830	0.000000	0.000000	0.000000
0.6727	3.47	0.433830	0.000000	0.000000	0.000000
0.6727	3.84	0.433830	0.000000	0.000000	0.000000
0.6727	4.20	0.433830	0.000000	0.000000	0.000000
0.6727	4.57	0.433830	0.000000	0.000000	0.000000
0.6727	4.94	0.433830	0.000000	0.000000	0.000000
0.6727	5.31	0.433830	0.000000	0.000000	0.000000
0.6727	5.67	0.433830	0.000000	0.000000	0.000000
0.6727	6.04	0.433830	0.000000	0.000000	0.000000
0.6727	6.41	0.433830	0.000000	0.000000	0.000000
0.6727	6.78	0.433830	0.000000	0.000000	0.000000
0.6727	7.14	0.433830	0.000000	0.000000	0.000000
0.6727	7.51	0.433830	0.000000	0.000000	0.000000
0.6727	7.88	0.433830	0.000000	0.000000	0.000000
0.6727	8.24	0.433830	0.000000	0.000000	0.000000
0.6727	8.61	0.433830	0.000000	0.000000	0.000000
0.6727	8.98	0.433830	0.000000	0.000000	0.000000
0.6727	9.35	0.433830	0.000000	0.000000	0.000000
0.6727	9.71	0.433830	0.000000	0.000000	0.000000
0.6727	10.08	0.433830	0.000000	0.000000	0.000000
0.6727	10.45	0.433830	0.000000	0.000000	0.000000
0.6727	10.82	0.433830	0.000000	0.000000	0.000000
0.6727	11.18	0.433830	0.000000	0.000000	0.000000
0.6727	11.55	0.433830	0.000000	0.000000	0.000000
0.6727	11.92	0.433830	0.000000	0.000000	0.000000
0.6727	12.29	0.433830	0.000000	0.000000	0.000000
0.6727	12.65	0.433830	0.110039	0.000000	0.000000
0.6727	13.02	0.433830	0.136100	0.024131	0.004279
0.6727	13.39	0.433830	0.144466	0.059954	0.024881
0.6727	13.76	0.433830	0.150837	0.052642	0.018372
0.6727	14.12	0.433830	0.150097	0.049543	0.016353
0.6727	14.49	0.433830	0.164665	0.055689	0.018834
0.6727	14.86	0.433830	0.195312	0.092102	0.043432
0.6727	15.22	0.433830	0.239539	0.095745	0.038270
0.6727	15.59	0.433830	0.289268	0.147681	0.075396
0.6727	15.96	0.433830	0.400179	0.120387	0.036216
0.6727	16.33	0.433830	0.420890	0.159460	0.060414
0.6727	16.69	0.433830	0.501115	0.140523	0.039405
0.6727	17.06	0.433830	0.593222	0.094484	0.015049
0.6727	17.43	0.433830	0.614680	0.148825	0.036033
0.6727	17.80	0.433830	0.734330	0.062810	0.005372
0.6727	18.16	0.433830	0.781014	0.052428	0.003519
0.6727	18.53	0.433830	0.809468	0.036562	0.001651
0.6727	18.90	0.433830	0.838761	0.042143	0.002117
0.6727	19.27	0.433830	0.836832	0.110050	0.014472
0.6727	19.63	0.433830	0.894116	0.037334	0.001559
0.6727	20.00	0.433830	0.895999	0.117788	0.015484
0.6863	2.00	0.466695	0.000000	0.000000	0.000000
0.6863	2.37	0.466695	0.000000	0.000000	0.000000
0.6863	2.73	0.466695	0.000000	0.000000	0.000000
0.6863	3.10	0.466695	0.000000	0.000000	0.000000
0.6863	3.47	0.466695	0.000000	0.000000	0.000000
0.6863	3.84	0.466695	0.000000	0.000000	0.000000
0.6863	4.20	0.466695	0.000000	0.000000	0.000000
0.6863	4.57	0.466695	0.000000	0.000000	0.000000
0.6863	4.94	0.466695	0.000000	0.000000	0.000000
0.6863	5.31	0.466695	0.000000	0.000000	0.000000
0.6863	5.67	0.466695	0.000000	0.000000	0.000000
0.6863	6.04	0.466695	0.000000	0.000000	0.000000
0.6863	6.41	0.466695	0.000000	0.000000	0.000000
0.6863	6.78	0.466695	0.000000	0.000000	0.000000
0.6863	7.14	0.466695	0.000000	0.000000	0.000000
0.6863	7.51	0.466695	0.000000	0.000000	0.000000
0.6863	7.88	0.466695	0.000000	0.000000	0.000000
0.6863	8.24	0.466695	0.000000	0.000000	0.000000
0.6863	8.61	0.466695	0.000000	0.000000	0.000000
0.6863	8.98	0.466695	0.000000	0.000000	0.000000
0.6863	9.35	0.466695	0.000000	0.000000	0.000000
0.6863	9.71	0.466695	0.000000	0.000000	0.000000
0.6863	10.08	0.466695	0.000000	0.000000	0.000000
0.6863	10.45	0.466695	0.000000	0.000000	0.000000
0.6863	10.82	0.466695	0.154297	0.000000	0.000000
0.6863	11.18	0.466695	0.000000	0.000000	0.000000
0.6863	11.55	0.466695	0.115234	0.000000	0.000000
0.6863	11.92	0.466695	0.136719	0.000000	0.000000
0.6863	12.29	0.466695	0.151228	0.045035	0.013411
0.6863	12.65	0.466695	0.206901	0.094776	0.043415
0.6863	13.02	0.466695	0.278787	0.133118	0.063563
0.6863	13.39	0.466695	0.369814	0.188364	0.095943
0.6863	13.76	0.466695	0.425108	0.174497	0.071627
0.6863	14.12	0.466695	0.451552	0.181788	0.073185
0.6863	14.49	0.466695	0.609903	0.147264	0.035558
0.6863	14.86	0.466695	0.720498	0.090346	0.011329
0.6863	15.22	0.466695	0.766499	0.067184	0.005889
0.6863	15.59	0.466695	0.808066	0.033191	0.001363
0.6863	15.96	0.466695	0.850021	0.022949	0.000620
0.6863	16.33	0.466695	0.853315	0.045315	0.002406
0.6863	16.69	0.466695	0.846705	0.018512	0.000405
0.6863	17.06	0.466695	0.857422	0.017365	0.000352
0.6863	17.43	0.466695	0.876025	0.015204	0.000264
0.6863	17.80	0.466695	0.894189	0.014713	0.000242
0.6863	18.16	0.466695	0.894385	0.015719	0.000276
0.6863	18.53	0.466695	0.903320	0.013838	0.000212
0.6863	18.90	0.466695	0.909013	0.012934	0.000184
0.6863	19.27	0.466695	0.914156	0.011388	0.000142
0.6863	19.63	0.466695	0.912291	0.015151	0.000252
0.6863	20.00	0.466695	0.917039	0.013255	0.000192
0.7000	2.00	0.463106	0.000000	0.000000	0.000000
0.7000	2.37	0.463106	0.000000	0.000000	0.000000
0.7000	2.73	0.463106	0.000000	0.000000	0.000000
0.7000	3.10	0.463106	0.000000	0.000000	0.000000
0.7000	3.47	0.463106	0.000000	0.000000	0.000000
0.7000	3.84	0.463106	0.000000	0.000000	0.000000
0.7000	4.20	0.463106	0.000000	0.000000	0.000000
0.7000	4.57	0.463106	0.000000	0.000000	0.000000
0.7000	4.94	0.463106	0.000000	0.000000	0.000000
0.7000	5.31	0.463106	0.000000	0.000000	0.000000
0.7000	5.67	0.463106	0.000000	0.000000	0.000000
0.7000	6.04	0.463106	0.000000	0.000000	0.000000
0.7000	6.41	0.463106	0.000000	0.000000	0.000000
0.7000	6.78	0.463106	0.000000	0.000000	0.000000
0.7000	7.14	0.463106	0.000000	0.000000	0.000000
0.7000	7.51	0.463106	0.000000	0.000000	0.000000
0.7000	7.88	0.463106	0.000000	0.000000	0.000000
0.7000	8.24	0.463106	0.000000	0.000000	0.000000
0.7000	8.61	0.463106	0.000000	0.000000	0.000000
0.7000	8.98	0.463106	0.000000	0.000000	0.000000
0.7000	9.35	0.463106	0.000000	0.000000	0.000000
0.7000	9.71	0.463106	0.000000	0.000000	0.000000
0.7000	10.08	0.463106	0.000000	0.000000	0.000000
0.7000	10.45	0.463106	0.000000	0.000000	0.000000
0.7000	10.82	0.463106	0.000000	0.000000	0.000000
0.7000	11.18	0.463106	0.000000	0.000000	0.000000
0.7000	11.55	0.463106	0.147177	0.000000	0.000000
0.7000	11.92	0.463106	0.161290	0.047110	0.013760
0.7000	12.29	0.463106	0.146505	0.052117	0.018540
0.7000	12.65	0.463106	0.139617	0.038712	0.010734
0.7000	13.02	0.463106	0.157124	0.059819	0.022774
0.7000	13.39	0.463106	0.211895	0.094743	0.042362
0.7000	13.76	0.463106	0.222638	0.108648	0.053020
0.7000	14.12	0.463106	0.289780	0.146640	0.074205
0.7000	14.49	0.463106	0.338343	0.131223	0.050894
0.7000	14.86	0.463106	0.358022	0.155643	0.067663
0.7000	15.22	0.463106	0.469652	0.141062	0.042369
0.7000	15.59	0.463106	0.548438	0.143926	0.037770
0.7000	15.96	0.463106	0.692252	0.077049	0.008576
0.7000	16.33	0.463106	0.757296	0.076690	0.007766
0.7000	16.69	0.463106	0.809451	0.053858	0.003584
0.7000	17.06	0.463106	0.757469	0.068885	0.006265
0.7000	17.43	0.463106	0.795913	0.072546	0.006612
0.7000	17.80	0.463106	0.820152	0.056060	0.003832
0.7000	18.16	0.463106	0.876969	0.043122	0.002120
0.7000	18.53	0.463106	0.889441	0.042622	0.002042
0.7000	18.90	0.463106	0.887692	0.037207	0.001559
0.7000	19.27	0.463106	0.892832	0.038955	0.001700
0.7000	19.63	0.463106	0.924899	0.021307	0.000491
0.7000	20.00	0.463106	0.916506	0.042852	0.002004
