base_sigma	MAX_EXC_WEIGHT	Gini	mean_peaks_height	std_peaks_height	fano_factor
0.0446	2.0	0.8665901	0.0	0.0	0.0
0.0446	2.37	0.8665901	0.0	0.0	0.0
0.0446	2.73	0.8665901	0.0	0.0	0.0
0.0446	3.1	0.8665901	0.0	0.0	0.0
0.0446	3.47	0.8665901	0.0	0.0	0.0
0.0446	3.84	0.8665901	0.0	0.0	0.0
0.0446	4.2	0.8665901	0.0	0.0	0.0
0.0446	4.57	0.8665901	0.0	0.0	0.0
0.0446	4.94	0.8665901	0.0	0.0	0.0
0.0446	5.31	0.8665901	0.0853707	0.0	0.0
0.0446	5.67	0.8665901	0.1130752	0.0	0.0
0.0446	6.04	0.8665901	0.2251522	0.0020093	4.35e-05
0.0446	6.41	0.8665901	0.3891501	0.0028468	3.93e-05
0.0446	6.78	0.8665901	0.5518325	0.07972860000000001	0.050214400000000006
0.0446	7.14	0.8665901	0.6816681	0.1204566	0.053023799999999996
0.0446	7.51	0.8665901	0.7955826	0.1585192	0.07325090000000001
0.0446	7.88	0.8665901	0.9139692	0.1679586	0.060764799999999994
0.0446	8.24	0.8665901	0.9256494999999999	0.140986	0.052066999999999995
0.0446	8.61	0.8665901	0.9419183999999999	0.1636103	0.0435873
0.0446	8.98	0.8665901	0.9832599	0.06885359999999999	0.0118811
0.0446	9.35	0.8665901	0.9874077	0.0493645	0.0082565
0.0446	9.71	0.8665901	0.9856584999999999	0.0633377	0.009977
0.0446	10.08	0.8665901	0.9954045	0.015816700000000003	0.0024044
0.0446	10.45	0.8665901	0.9958575	0.0157645	0.0024473000000000003
0.0446	10.82	0.8665901	0.9988968	0.0005225	6e-07
0.0446	11.18	0.8665901	0.9988621999999999	0.0003569	5e-07
0.0446	11.55	0.8665901	0.9961779	0.0139005	0.0019405
0.0446	11.92	0.8665901	0.9988378000000001	0.0002822	4e-07
0.0446	12.29	0.8665901	0.9984544	0.0002153	3e-07
0.0446	12.65	0.8665901	0.9985649999999999	0.0008439999999999999	4e-06
0.0446	13.02	0.8665901	0.9991323	0.0002514	4e-07
0.0446	13.39	0.8665901	0.9993527999999999	0.00019559999999999998	2e-07
0.0446	13.76	0.8665901	0.9992369	8.03e-05	1e-07
0.0446	14.12	0.8665901	0.9992426999999999	8.43e-05	1e-07
0.0446	14.49	0.8665901	0.999197	6.74e-05	0.0
0.0446	14.86	0.8665901	0.9991318	9.389999999999999e-05	1e-07
0.0446	15.22	0.8665901	0.9987183999999999	0.00018229999999999999	3e-07
0.0446	15.59	0.8665901	0.9991154999999999	0.0002214	2e-07
0.0446	15.96	0.8665901	0.9991828999999999	0.00024029999999999999	2e-07
0.0446	16.33	0.8665901	0.9991395000000001	0.0001702	2e-07
0.0446	16.69	0.8665901	0.9993641	8.67e-05	1e-07
0.0446	17.06	0.8665901	0.9993976	0.0	0.0
0.0446	17.43	0.8665901	0.9989674000000001	0.0002103	2e-07
0.0446	17.8	0.8665901	0.9993473999999999	9.9e-05	1e-07
0.0446	18.16	0.8665901	0.9992713999999999	0.00012780000000000002	2e-07
0.0446	18.53	0.8665901	0.9974567000000001	0.0121594	0.0014785999999999998
0.0446	18.9	0.8665901	0.9989079999999999	0.00015969999999999998	2e-07
0.0446	19.27	0.8665901	0.9989047	0.0001129	1e-07
0.0446	19.63	0.8665901	0.9991083	0.0001742	2e-07
0.0446	20.0	0.8665901	0.9990587	0.0001033	1e-07
0.0513	2.0	0.8667652	0.0	0.0	0.0
0.0513	2.37	0.8667652	0.0	0.0	0.0
0.0513	2.73	0.8667652	0.0	0.0	0.0
0.0513	3.1	0.8667652	0.0	0.0	0.0
0.0513	3.47	0.8667652	0.0	0.0	0.0
0.0513	3.84	0.8667652	0.0	0.0	0.0
0.0513	4.2	0.8667652	0.0	0.0	0.0
0.0513	4.57	0.8667652	0.0	0.0	0.0
0.0513	4.94	0.8667652	0.0	0.0	0.0
0.0513	5.31	0.8667652	0.0	0.0	0.0
0.0513	5.67	0.8667652	0.014285700000000002	0.0	0.0
0.0513	6.04	0.8667652	0.1181189	0.059713	0.0388912
0.0513	6.41	0.8667652	0.2227291	0.0028951999999999997	5.380000000000001e-05
0.0513	6.78	0.8667652	0.3205189	0.0389279	0.0124461
0.0513	7.14	0.8667652	0.7409232	0.12079140000000002	0.0466708
0.0513	7.51	0.8667652	0.670069	0.2451498	0.10789629999999999
0.0513	7.88	0.8667652	0.8397829	0.1758476	0.051953099999999995
0.0513	8.24	0.8667652	0.8890007000000001	0.1579463	0.0455338
0.0513	8.61	0.8667652	0.9447717000000001	0.08609850000000001	0.0175606
0.0513	8.98	0.8667652	0.940024	0.1015774	0.0194072
0.0513	9.35	0.8667652	0.9651716	0.0441212	0.0089342
0.0513	9.71	0.8667652	0.9734517	0.039759100000000006	0.008045
0.0513	10.08	0.8667652	0.9898972	0.012656400000000002	0.0013248000000000001
0.0513	10.45	0.8667652	0.9931316000000001	0.0021522	1.28e-05
0.0513	10.82	0.8667652	0.9913567000000001	0.0163774	0.0024179
0.0513	11.18	0.8667652	0.9936877	0.0007551	2.1000000000000002e-06
0.0513	11.55	0.8667652	0.9944884	0.0005951000000000001	1.6e-06
0.0513	11.92	0.8667652	0.9955382	0.0005766	1.1e-06
0.0513	12.29	0.8667652	0.9952373	0.0006172	1.1e-06
0.0513	12.65	0.8667652	0.9951852999999999	0.0004567	8e-07
0.0513	13.02	0.8667652	0.9951834999999999	0.0003927	7e-07
0.0513	13.39	0.8667652	0.9954242000000001	0.0004881	1.3e-06
0.0513	13.76	0.8667652	0.9965225999999999	0.0003357	8e-07
0.0513	14.12	0.8667652	0.996613	0.00026230000000000003	4e-07
0.0513	14.49	0.8667652	0.9957523	0.00036700000000000003	8e-07
0.0513	14.86	0.8667652	0.9958676000000001	0.0002816	5e-07
0.0513	15.22	0.8667652	0.9969875	0.00038409999999999996	8e-07
0.0513	15.59	0.8667652	0.9970098000000001	0.0003884	8e-07
0.0513	15.96	0.8667652	0.9967864000000001	0.0002011	4e-07
0.0513	16.33	0.8667652	0.9852703	0.013930600000000001	0.0020683
0.0513	16.69	0.8667652	0.9868532999999999	0.0140741	0.002079
0.0513	17.06	0.8667652	0.9863069	0.014483099999999999	0.0022285
0.0513	17.43	0.8667652	0.9847925999999999	0.014864000000000002	0.0024122
0.0513	17.8	0.8667652	0.9835010000000001	0.0156511	0.0027004
0.0513	18.16	0.8667652	0.9811496999999999	0.0163622	0.0029876
0.0513	18.53	0.8667652	0.9809144	0.0161162	0.0029867
0.0513	18.9	0.8667652	0.9790842	0.0171286	0.0032886
0.0513	19.27	0.8667652	0.9817267	0.0154897	0.0026788
0.0513	19.63	0.8667652	0.9832915	0.015065100000000001	0.0024645
0.0513	20.0	0.8667652	0.9826379	0.014771700000000002	0.0024405
0.0571	2.0	0.8468327	0.0	0.0	0.0
0.0571	2.37	0.8468327	0.0	0.0	0.0
0.0571	2.73	0.8468327	0.0	0.0	0.0
0.0571	3.1	0.8468327	0.0	0.0	0.0
0.0571	3.47	0.8468327	0.0	0.0	0.0
0.0571	3.84	0.8468327	0.0	0.0	0.0
0.0571	4.2	0.8468327	0.0	0.0	0.0
0.0571	4.57	0.8468327	0.0	0.0	0.0
0.0571	4.94	0.8468327	0.0	0.0	0.0
0.0571	5.31	0.8468327	0.0817269	0.0	0.0
0.0571	5.67	0.8468327	0.0	0.0	0.0
0.0571	6.04	0.8468327	0.0953815	0.0	0.0
0.0571	6.41	0.8468327	0.21287289999999998	0.0080718	0.0032053999999999997
0.0571	6.78	0.8468327	0.3190311	0.1075694	0.0633342
0.0571	7.14	0.8468327	0.5005854000000001	0.1591429	0.0935665
0.0571	7.51	0.8468327	0.6645683	0.20229499999999997	0.094314
0.0571	7.88	0.8468327	0.7623529	0.2296014	0.1354721
0.0571	8.24	0.8468327	0.8780142	0.1966234	0.0772593
0.0571	8.61	0.8468327	0.9114046	0.1729479	0.0596751
0.0571	8.98	0.8468327	0.9638641	0.10319560000000001	0.023157
0.0571	9.35	0.8468327	0.9651846	0.07902519999999999	0.0220675
0.0571	9.71	0.8468327	0.9749228999999999	0.0626046	0.015082000000000002
0.0571	10.08	0.8468327	0.9905623	0.0327031	0.004661500000000001
0.0571	10.45	0.8468327	0.9807404999999999	0.060432799999999995	0.011891
0.0571	10.82	0.8468327	0.9912373000000001	0.0225647	0.0035202
0.0571	11.18	0.8468327	0.9976451000000001	0.0040549	0.000124
0.0571	11.55	0.8468327	0.9984770000000001	0.0006931000000000001	9.000000000000001e-07
0.0571	11.92	0.8468327	0.9984299999999999	0.0024716	3.74e-05
0.0571	12.29	0.8468327	0.9989138000000001	0.0005773999999999999	7e-07
0.0571	12.65	0.8468327	0.9990686	0.00042940000000000003	4e-07
0.0571	13.02	0.8468327	0.9985768	0.0022744	3.59e-05
0.0571	13.39	0.8468327	0.9990276	0.0003692	3e-07
0.0571	13.76	0.8468327	0.9992118	0.0002951	3e-07
0.0571	14.12	0.8468327	0.9992226000000001	0.0003438	4e-07
0.0571	14.49	0.8468327	0.9993475999999999	0.0002261	3e-07
0.0571	14.86	0.8468327	0.9991044	0.00010020000000000001	1e-07
0.0571	15.22	0.8468327	0.9990650000000001	0.0002512	2e-07
0.0571	15.59	0.8468327	0.9989497999999999	0.0002693	2e-07
0.0571	15.96	0.8468327	0.9991432	0.0002637	2e-07
0.0571	16.33	0.8468327	0.9992087	0.0002758	3e-07
0.0571	16.69	0.8468327	0.9991719	0.0002903	3e-07
0.0571	17.06	0.8468327	0.9993227000000001	0.00019009999999999999	2e-07
0.0571	17.43	0.8468327	0.9991675000000001	0.0001926	1e-07
0.0571	17.8	0.8468327	0.999249	0.0001274	1e-07
0.0571	18.16	0.8468327	0.9991293000000001	0.00024859999999999997	2e-07
0.0571	18.53	0.8468327	0.9991733999999999	0.00026389999999999996	2e-07
0.0571	18.9	0.8468327	0.9990636	0.0002961	3e-07
0.0571	19.27	0.8468327	0.9990739	0.00022510000000000005	3e-07
0.0571	19.63	0.8468327	0.9992553000000001	0.0001931	2e-07
0.0571	20.0	0.8468327	0.9989653000000001	0.0002879	3e-07
0.0622	2.0	0.8425072	0.0	0.0	0.0
0.0622	2.37	0.8425072	0.0	0.0	0.0
0.0622	2.73	0.8425072	0.0	0.0	0.0
0.0622	3.1	0.8425072	0.0	0.0	0.0
0.0622	3.47	0.8425072	0.0	0.0	0.0
0.0622	3.84	0.8425072	0.0	0.0	0.0
0.0622	4.2	0.8425072	0.0	0.0	0.0
0.0622	4.57	0.8425072	0.0	0.0	0.0
0.0622	4.94	0.8425072	0.0	0.0	0.0
0.0622	5.31	0.8425072	0.0	0.0	0.0
0.0622	5.67	0.8425072	0.0	0.0	0.0
0.0622	6.04	0.8425072	0.0	0.0	0.0
0.0622	6.41	0.8425072	0.0179074	0.0	0.0
0.0622	6.78	0.8425072	0.0471831	0.029879299999999998	0.018921399999999998
0.0622	7.14	0.8425072	0.20323940000000001	0.0370199	0.0204295
0.0622	7.51	0.8425072	0.40840050000000006	0.1397175	0.0941461
0.0622	7.88	0.8425072	0.5668607999999999	0.2357758	0.1213995
0.0622	8.24	0.8425072	0.7634638	0.2478751	0.12290090000000001
0.0622	8.61	0.8425072	0.8673491	0.1889162	0.0783742
0.0622	8.98	0.8425072	0.9471822	0.1470542	0.0326111
0.0622	9.35	0.8425072	0.9562354	0.1304048	0.0296429
0.0622	9.71	0.8425072	0.9783321	0.07822280000000001	0.014549500000000002
0.0622	10.08	0.8425072	0.9778340999999999	0.077886	0.015771
0.0622	10.45	0.8425072	0.9941197	0.0170657	0.0020024
0.0622	10.82	0.8425072	0.9938295	0.0190617	0.003246
0.0622	11.18	0.8425072	0.9989678	0.0014622	7.500000000000001e-06
0.0622	11.55	0.8425072	0.9939654000000001	0.028661100000000002	0.0040912
0.0622	11.92	0.8425072	0.9991749999999999	0.0005051	4e-07
0.0622	12.29	0.8425072	0.9994732	0.0004502	6e-07
0.0622	12.65	0.8425072	0.9996377000000001	0.000344	3e-07
0.0622	13.02	0.8425072	0.9987157	0.00031019999999999995	4e-07
0.0622	13.39	0.8425072	0.9987307	0.0002957	3e-07
0.0622	13.76	0.8425072	0.9994782000000001	0.00021459999999999998	3e-07
0.0622	14.12	0.8425072	0.9997643	0.0001921	3e-07
0.0622	14.49	0.8425072	0.9999776	9.25e-05	0.0
0.0622	14.86	0.8425072	0.9999615000000001	0.0001153	0.0
0.0622	15.22	0.8425072	0.9998092	9.46e-05	1e-07
0.0622	15.59	0.8425072	0.9999046	0.00011150000000000001	1e-07
0.0622	15.96	0.8425072	0.9998935	0.0001778	2e-07
0.0622	16.33	0.8425072	0.9996061	0.0001836	2e-07
0.0622	16.69	0.8425072	0.999596	0.0002116	2e-07
0.0622	17.06	0.8425072	0.9995964	0.0	0.0
0.0622	17.43	0.8425072	0.9990072	0.00014580000000000002	2e-07
0.0622	17.8	0.8425072	0.999231	0.0001081	1e-07
0.0622	18.16	0.8425072	0.9996018	7.9e-05	0.0
0.0622	18.53	0.8425072	0.9998203999999999	6.35e-05	0.0
0.0622	18.9	0.8425072	0.9996995999999999	0.00014620000000000003	1e-07
0.0622	19.27	0.8425072	0.999798	0.0	0.0
0.0622	19.63	0.8425072	0.9997087	0.0001477	1e-07
0.0622	20.0	0.8425072	0.9995812000000001	0.0002516	3e-07
0.0671	2.0	0.8260906	0.0	0.0	0.0
0.0671	2.37	0.8260906	0.0	0.0	0.0
0.0671	2.73	0.8260906	0.0	0.0	0.0
0.0671	3.1	0.8260906	0.0	0.0	0.0
0.0671	3.47	0.8260906	0.0	0.0	0.0
0.0671	3.84	0.8260906	0.0	0.0	0.0
0.0671	4.2	0.8260906	0.0	0.0	0.0
0.0671	4.57	0.8260906	0.0	0.0	0.0
0.0671	4.94	0.8260906	0.0	0.0	0.0
0.0671	5.31	0.8260906	0.0	0.0	0.0
0.0671	5.67	0.8260906	0.0	0.0	0.0
0.0671	6.04	0.8260906	0.0	0.0	0.0
0.0671	6.41	0.8260906	0.010220400000000001	0.0	0.0
0.0671	6.78	0.8260906	0.0215034	0.0006012	3.1599999999999996e-05
0.0671	7.14	0.8260906	0.32370580000000004	0.012435700000000001	0.0060998
0.0671	7.51	0.8260906	0.6107191000000001	0.0831212	0.0404102
0.0671	7.88	0.8260906	0.6690605000000001	0.1654522	0.0711261
0.0671	8.24	0.8260906	0.7840846	0.1864063	0.0664254
0.0671	8.61	0.8260906	0.8248167000000001	0.2492034	0.0997201
0.0671	8.98	0.8260906	0.8957473	0.20364710000000003	0.0769296
0.0671	9.35	0.8260906	0.9329177	0.1490823	0.0469462
0.0671	9.71	0.8260906	0.9608622	0.12522260000000002	0.029727700000000003
0.0671	10.08	0.8260906	0.9809734999999999	0.06320790000000001	0.012801000000000002
0.0671	10.45	0.8260906	0.9959323	0.0161133	0.0025085
0.0671	10.82	0.8260906	0.9992098	0.0017022000000000003	8.1e-06
0.0671	11.18	0.8260906	0.9969334999999999	0.015921400000000002	0.0022986
0.0671	11.55	0.8260906	0.9990795	0.0008172	1.6000000000000004e-06
0.0671	11.92	0.8260906	0.9993418000000001	0.0004733	4e-07
0.0671	12.29	0.8260906	0.9999535999999999	0.0001708	2e-07
0.0671	12.65	0.8260906	0.9998478000000001	0.0002806	2e-07
0.0671	13.02	0.8260906	0.9998395	0.00037010000000000005	4e-07
0.0671	13.39	0.8260906	0.9999832	7.93e-05	0.0
0.0671	13.76	0.8260906	0.9997925000000001	0.0001263	0.0
0.0671	14.12	0.8260906	0.9998319999999999	7.510000000000001e-05	1e-07
0.0671	14.49	0.8260906	0.9997527999999999	0.00016570000000000002	1e-07
0.0671	14.86	0.8260906	0.9997695	0.0001672	2e-07
0.0671	15.22	0.8260906	0.9998199	0.00012049999999999999	1e-07
0.0671	15.59	0.8260906	0.9999399	0.0001226	1e-07
0.0671	15.96	0.8260906	0.9999452999999999	0.0001289	1e-07
0.0671	16.33	0.8260906	0.9999946	3.2699999999999995e-05	0.0
0.0671	16.69	0.8260906	0.9998093000000001	4.5600000000000004e-05	0.0
0.0671	17.06	0.8260906	0.9996134999999999	5.5e-05	0.0
0.0671	17.43	0.8260906	0.9999520000000001	0.0001153	1e-07
0.0671	17.8	0.8260906	0.9998753	0.0001627	1e-07
0.0671	18.16	0.8260906	0.9999619	7.9e-05	1e-07
0.0671	18.53	0.8260906	0.9999673	7.429999999999999e-05	1e-07
0.0671	18.9	0.8260906	1.0	0.0	0.0
0.0671	19.27	0.8260906	1.0	0.0	0.0
0.0671	19.63	0.8260906	1.0	0.0	0.0
0.0671	20.0	0.8260906	0.9998992000000001	0.00013380000000000003	1e-07
0.0718	2.0	0.8079333	0.0	0.0	0.0
0.0718	2.37	0.8079333	0.0	0.0	0.0
0.0718	2.73	0.8079333	0.0	0.0	0.0
0.0718	3.1	0.8079333	0.0	0.0	0.0
0.0718	3.47	0.8079333	0.0	0.0	0.0
0.0718	3.84	0.8079333	0.0	0.0	0.0
0.0718	4.2	0.8079333	0.0	0.0	0.0
0.0718	4.57	0.8079333	0.0	0.0	0.0
0.0718	4.94	0.8079333	0.0	0.0	0.0
0.0718	5.31	0.8079333	0.0	0.0	0.0
0.0718	5.67	0.8079333	0.0	0.0	0.0
0.0718	6.04	0.8079333	0.0	0.0	0.0
0.0718	6.41	0.8079333	0.0317634	0.0	0.0
0.0718	6.78	0.8079333	0.1136559	0.0175121	0.0037083
0.0718	7.14	0.8079333	0.2422657	0.0367052	0.019135199999999998
0.0718	7.51	0.8079333	0.4712706	0.1526844	0.0768956
0.0718	7.88	0.8079333	0.6152901	0.13069060000000002	0.042134
0.0718	8.24	0.8079333	0.6968089	0.0960302	0.05157590000000001
0.0718	8.61	0.8079333	0.8101877999999999	0.1992363	0.0884083
0.0718	8.98	0.8079333	0.8471472	0.1590859	0.08072280000000001
0.0718	9.35	0.8079333	0.9143179	0.13503400000000002	0.0487866
0.0718	9.71	0.8079333	0.9642797	0.09242550000000001	0.0211368
0.0718	10.08	0.8079333	0.9892334	0.028087500000000005	0.004770699999999999
0.0718	10.45	0.8079333	0.9850835	0.0561662	0.0108554
0.0718	10.82	0.8079333	0.9955684999999999	0.016250800000000003	0.0023892999999999996
0.0718	11.18	0.8079333	0.9910124	0.033385700000000004	0.0055853
0.0718	11.55	0.8079333	0.9964739	0.016269	0.0023175
0.0718	11.92	0.8079333	0.9950547999999999	0.0173725	0.0029061
0.0718	12.29	0.8079333	0.9947497000000001	0.0263029	0.0034528999999999996
0.0718	12.65	0.8079333	0.9994116	0.0006257	1.2e-06
0.0718	13.02	0.8079333	0.9991191	0.000795	4.2999999999999995e-06
0.0718	13.39	0.8079333	0.9990143	0.0010893	5.199999999999999e-06
0.0718	13.76	0.8079333	0.9994713000000001	0.00042300000000000004	9.000000000000001e-07
0.0718	14.12	0.8079333	0.9992615	0.0006487	1.4e-06
0.0718	14.49	0.8079333	0.9966400999999999	0.014812699999999998	0.0021992
0.0718	14.86	0.8079333	0.9991939000000001	0.0003049	3e-07
0.0718	15.22	0.8079333	0.9969819	0.0145198	0.0021212
0.0718	15.59	0.8079333	0.9993576000000001	0.00021679999999999998	2e-07
0.0718	15.96	0.8079333	0.9994181	6.25e-05	0.0
0.0718	16.33	0.8079333	0.9997008000000001	0.0001942	2e-07
0.0718	16.69	0.8079333	0.9996919999999999	0.0001872	1e-07
0.0718	17.06	0.8079333	0.9994491999999999	0.0002163	3e-07
0.0718	17.43	0.8079333	0.9995812000000001	5.53e-05	0.0
0.0718	17.8	0.8079333	0.9995647999999999	7.46e-05	1e-07
0.0718	18.16	0.8079333	0.9997032000000001	0.0001451	1e-07
0.0718	18.53	0.8079333	0.9996399	9.41e-05	1e-07
0.0718	18.9	0.8079333	0.9994613000000001	0.000144	1e-07
0.0718	19.27	0.8079333	0.9994165	6.21e-05	0.0
0.0718	19.63	0.8079333	0.9993993	3.26e-05	0.0
0.0718	20.0	0.8079333	0.9996411000000001	8.28e-05	1e-07
0.0764	2.0	0.8133497999999999	0.0	0.0	0.0
0.0764	2.37	0.8133497999999999	0.0	0.0	0.0
0.0764	2.73	0.8133497999999999	0.0	0.0	0.0
0.0764	3.1	0.8133497999999999	0.0	0.0	0.0
0.0764	3.47	0.8133497999999999	0.0	0.0	0.0
0.0764	3.84	0.8133497999999999	0.0	0.0	0.0
0.0764	4.2	0.8133497999999999	0.0	0.0	0.0
0.0764	4.57	0.8133497999999999	0.0	0.0	0.0
0.0764	4.94	0.8133497999999999	0.0	0.0	0.0
0.0764	5.31	0.8133497999999999	0.0	0.0	0.0
0.0764	5.67	0.8133497999999999	0.0	0.0	0.0
0.0764	6.04	0.8133497999999999	0.083501	0.0	0.0
0.0764	6.41	0.8133497999999999	0.1800134	0.0013679	2.0799999999999997e-05
0.0764	6.78	0.8133497999999999	0.2959756	0.1136393	0.07016069999999999
0.0764	7.14	0.8133497999999999	0.5176771	0.0030757	3.8199999999999993e-05
0.0764	7.51	0.8133497999999999	0.710253	0.1058327	0.055716
0.0764	7.88	0.8133497999999999	0.7576248999999999	0.2007499	0.08943100000000001
0.0764	8.24	0.8133497999999999	0.7744213	0.18717319999999998	0.0959303
0.0764	8.61	0.8133497999999999	0.8881475	0.1764822	0.0724554
0.0764	8.98	0.8133497999999999	0.9360728999999999	0.0969716	0.030026399999999998
0.0764	9.35	0.8133497999999999	0.9484242	0.10405709999999999	0.035015
0.0764	9.71	0.8133497999999999	0.9761782	0.0663263	0.015637199999999997
0.0764	10.08	0.8133497999999999	0.9879111999999999	0.038847200000000005	0.0078834
0.0764	10.45	0.8133497999999999	0.9890496000000001	0.0470977	0.0073509000000000005
0.0764	10.82	0.8133497999999999	0.9930054	0.0301628	0.0044086
0.0764	11.18	0.8133497999999999	0.9959421	0.017201100000000004	0.0023823
0.0764	11.55	0.8133497999999999	0.9990452	0.0009849	2.4e-06
0.0764	11.92	0.8133497999999999	0.9966480000000001	0.0142286	0.0018157
0.0764	12.29	0.8133497999999999	0.9992902000000001	0.0007766	2.1e-06
0.0764	12.65	0.8133497999999999	0.9995774000000001	0.0004332	5e-07
0.0764	13.02	0.8133497999999999	0.9996725	0.0003769	4e-07
0.0764	13.39	0.8133497999999999	0.9996586000000001	0.0008583	3.4e-06
0.0764	13.76	0.8133497999999999	0.9998606000000001	0.0003675	4e-07
0.0764	14.12	0.8133497999999999	0.9991562	0.0001651	2e-07
0.0764	14.49	0.8133497999999999	0.9991904	0.00024999999999999995	2e-07
0.0764	14.86	0.8133497999999999	0.9992441	0.0004002	6e-07
0.0764	15.22	0.8133497999999999	0.9993981	0.0002242	4e-07
0.0764	15.59	0.8133497999999999	0.9994483000000001	0.0002199	2e-07
0.0764	15.96	0.8133497999999999	0.9996076	0.0002567	2e-07
0.0764	16.33	0.8133497999999999	0.999788	0.00021320000000000003	3e-07
0.0764	16.69	0.8133497999999999	0.9997828999999999	0.0001312	1e-07
0.0764	17.06	0.8133497999999999	0.9995369999999999	0.0001142	1e-07
0.0764	17.43	0.8133497999999999	0.998289	0.0115059	0.0013273
0.0764	17.8	0.8133497999999999	0.9998304000000001	7.46e-05	1e-07
0.0764	18.16	0.8133497999999999	0.9996213	0.0001575	2e-07
0.0764	18.53	0.8133497999999999	0.9999889	6.58e-05	0.0
0.0764	18.9	0.8133497999999999	0.9901576999999999	0.0255894	0.0071346000000000005
0.0764	19.27	0.8133497999999999	0.9994757	9.790000000000001e-05	1e-07
0.0764	19.63	0.8133497999999999	0.9996653	0.0001497	2e-07
0.0764	20.0	0.8133497999999999	0.9996430000000001	8.35e-05	1e-07
0.0811	2.0	0.7918303	0.0	0.0	0.0
0.0811	2.37	0.7918303	0.0	0.0	0.0
0.0811	2.73	0.7918303	0.0	0.0	0.0
0.0811	3.1	0.7918303	0.0	0.0	0.0
0.0811	3.47	0.7918303	0.0	0.0	0.0
0.0811	3.84	0.7918303	0.0	0.0	0.0
0.0811	4.2	0.7918303	0.0	0.0	0.0
0.0811	4.57	0.7918303	0.0	0.0	0.0
0.0811	4.94	0.7918303	0.0	0.0	0.0
0.0811	5.31	0.7918303	0.0	0.0	0.0
0.0811	5.67	0.7918303	0.0	0.0	0.0
0.0811	6.04	0.7918303	0.0	0.0	0.0
0.0811	6.41	0.7918303	0.0157258	0.0	0.0
0.0811	6.78	0.7918303	0.0142566	0.0	0.0
0.0811	7.14	0.7918303	0.1661608	0.0026271000000000003	0.0004182
0.0811	7.51	0.7918303	0.32394249999999997	0.1105902	0.061405799999999996
0.0811	7.88	0.7918303	0.4375626	0.12171449999999999	0.049007100000000005
0.0811	8.24	0.7918303	0.5215673	0.11289450000000001	0.0499609
0.0811	8.61	0.7918303	0.6124097	0.1373033	0.0470584
0.0811	8.98	0.7918303	0.6491293	0.1556078	0.0670361
0.0811	9.35	0.7918303	0.7717908	0.1765703	0.0778791
0.0811	9.71	0.7918303	0.8394461	0.1580433	0.06453539999999999
0.0811	10.08	0.7918303	0.9156981	0.1483455	0.0473644
0.0811	10.45	0.7918303	0.9630195	0.09995760000000001	0.0212266
0.0811	10.82	0.7918303	0.9651691	0.0937047	0.0240375
0.0811	11.18	0.7918303	0.9585891	0.1210288	0.030107299999999997
0.0811	11.55	0.7918303	0.9881401999999999	0.0274478	0.007430299999999999
0.0811	11.92	0.7918303	0.9911071	0.04311830000000001	0.0062573
0.0811	12.29	0.7918303	0.9935662000000001	0.030220200000000003	0.0045971
0.0811	12.65	0.7918303	0.9972951	0.012957	0.0014111
0.0811	13.02	0.7918303	0.9982991999999999	0.0053216999999999995	0.00017
0.0811	13.39	0.7918303	0.9962094	0.0150417	0.0022676000000000003
0.0811	13.76	0.7918303	0.9998305000000001	0.0004132	8e-07
0.0811	14.12	0.7918303	0.9951006	0.0286899	0.0041005
0.0811	14.49	0.7918303	0.9996997999999999	0.0008957000000000001	3.4e-06
0.0811	14.86	0.7918303	0.9996770999999999	0.0004235	6e-07
0.0811	15.22	0.7918303	0.9999342	0.0003313	9.000000000000001e-07
0.0811	15.59	0.7918303	0.9999784	0.0001111	0.0
0.0811	15.96	0.7918303	0.9998908	0.0001558	1e-07
0.0811	16.33	0.7918303	0.9995632000000001	0.0002033	2e-07
0.0811	16.69	0.7918303	0.999798	0.0	0.0
0.0811	17.06	0.7918303	0.999776	6.319999999999999e-05	0.0
0.0811	17.43	0.7918303	0.9996395	0.00017879999999999998	1e-07
0.0811	17.8	0.7918303	0.999667	0.000151	1e-07
0.0811	18.16	0.7918303	0.9998229000000001	0.0001047	1e-07
0.0811	18.53	0.7918303	0.9998033	3.23e-05	0.0
0.0811	18.9	0.7918303	0.999798	0.0	0.0
0.0811	19.27	0.7918303	0.9998809	9.94e-05	1e-07
0.0811	19.63	0.7918303	1.0	0.0	0.0
0.0811	20.0	0.7918303	1.0	0.0	0.0
0.0858	2.0	0.7714421	0.0	0.0	0.0
0.0858	2.37	0.7714421	0.0	0.0	0.0
0.0858	2.73	0.7714421	0.0	0.0	0.0
0.0858	3.1	0.7714421	0.0	0.0	0.0
0.0858	3.47	0.7714421	0.0	0.0	0.0
0.0858	3.84	0.7714421	0.0	0.0	0.0
0.0858	4.2	0.7714421	0.0	0.0	0.0
0.0858	4.57	0.7714421	0.0	0.0	0.0
0.0858	4.94	0.7714421	0.0	0.0	0.0
0.0858	5.31	0.7714421	0.0	0.0	0.0
0.0858	5.67	0.7714421	0.0	0.0	0.0
0.0858	6.04	0.7714421	0.0	0.0	0.0
0.0858	6.41	0.7714421	0.0	0.0	0.0
0.0858	6.78	0.7714421	0.1051493	0.0	0.0
0.0858	7.14	0.7714421	0.1982641	0.000404	1.1e-06
0.0858	7.51	0.7714421	0.2734474	0.0510254	0.019480400000000002
0.0858	7.88	0.7714421	0.41939649999999995	0.10136120000000001	0.051088600000000005
0.0858	8.24	0.7714421	0.6572981	0.11033649999999999	0.045168200000000006
0.0858	8.61	0.7714421	0.6786818	0.18114449999999999	0.0789071
0.0858	8.98	0.7714421	0.7896912	0.10448729999999999	0.0412446
0.0858	9.35	0.7714421	0.8608705000000001	0.1432261	0.0602479
0.0858	9.71	0.7714421	0.8566745000000001	0.147531	0.0509508
0.0858	10.08	0.7714421	0.9041584	0.1280979	0.0470927
0.0858	10.45	0.7714421	0.9443339	0.1092983	0.028488999999999997
0.0858	10.82	0.7714421	0.9627199	0.0696418	0.016952099999999998
0.0858	11.18	0.7714421	0.9680345000000001	0.0837051	0.0183559
0.0858	11.55	0.7714421	0.9831068000000001	0.0443351	0.0098467
0.0858	11.92	0.7714421	0.9892949	0.0335217	0.004688599999999999
0.0858	12.29	0.7714421	0.9930777	0.0184247	0.0021011
0.0858	12.65	0.7714421	0.9929357	0.015753000000000003	0.0019548000000000005
0.0858	13.02	0.7714421	0.9957223000000001	0.0028102	4.36e-05
0.0858	13.39	0.7714421	0.9911687	0.0289473	0.004023400000000001
0.0858	13.76	0.7714421	0.9967682999999999	0.0008149	2.2e-06
0.0858	14.12	0.7714421	0.997067	0.0011079	4.2999999999999995e-06
0.0858	14.49	0.7714421	0.9973984	0.0009727999999999999	2.7000000000000004e-06
0.0858	14.86	0.7714421	0.9976011	0.0008881999999999999	2.3e-06
0.0858	15.22	0.7714421	0.9976730999999999	0.0005031	8e-07
0.0858	15.59	0.7714421	0.9975250000000001	0.0004968	6e-07
0.0858	15.96	0.7714421	0.9969146999999999	0.0005876999999999999	9.000000000000001e-07
0.0858	16.33	0.7714421	0.994514	0.0140713	0.001865
0.0858	16.69	0.7714421	0.9947887	0.0128748	0.0015798
0.0858	17.06	0.7714421	0.9969965000000001	0.000494	6e-07
0.0858	17.43	0.7714421	0.9965341000000001	0.0006318	9.000000000000001e-07
0.0858	17.8	0.7714421	0.9977499	0.00041380000000000003	5e-07
0.0858	18.16	0.7714421	0.9972187	0.0004981	8e-07
0.0858	18.53	0.7714421	0.9975092	0.0004743	6e-07
0.0858	18.9	0.7714421	0.9975552000000001	0.00044860000000000006	6e-07
0.0858	19.27	0.7714421	0.9970848	0.0005828	9.000000000000001e-07
0.0858	19.63	0.7714421	0.9973331	0.00029620000000000004	5e-07
0.0858	20.0	0.7714421	0.9974525999999999	0.0005101	7e-07
0.0904	2.0	0.7733971000000001	0.0	0.0	0.0
0.0904	2.37	0.7733971000000001	0.0	0.0	0.0
0.0904	2.73	0.7733971000000001	0.0	0.0	0.0
0.0904	3.1	0.7733971000000001	0.0	0.0	0.0
0.0904	3.47	0.7733971000000001	0.0	0.0	0.0
0.0904	3.84	0.7733971000000001	0.0	0.0	0.0
0.0904	4.2	0.7733971000000001	0.0	0.0	0.0
0.0904	4.57	0.7733971000000001	0.0	0.0	0.0
0.0904	4.94	0.7733971000000001	0.0	0.0	0.0
0.0904	5.31	0.7733971000000001	0.0	0.0	0.0
0.0904	5.67	0.7733971000000001	0.0	0.0	0.0
0.0904	6.04	0.7733971000000001	0.0	0.0	0.0
0.0904	6.41	0.7733971000000001	0.0	0.0	0.0
0.0904	6.78	0.7733971000000001	0.0427126	0.0317814	0.0236478
0.0904	7.14	0.7733971000000001	0.10127190000000001	0.032051	0.0129655
0.0904	7.51	0.7733971000000001	0.2262485	0.0084885	0.0014284000000000002
0.0904	7.88	0.7733971000000001	0.4364324	0.11045120000000001	0.0753812
0.0904	8.24	0.7733971000000001	0.519309	0.1013203	0.0458803
0.0904	8.61	0.7733971000000001	0.5922634	0.134976	0.0718074
0.0904	8.98	0.7733971000000001	0.6943534	0.2124702	0.10018659999999999
0.0904	9.35	0.7733971000000001	0.8304791	0.1469133	0.07170259999999999
0.0904	9.71	0.7733971000000001	0.8642217000000001	0.12320470000000001	0.0536494
0.0904	10.08	0.7733971000000001	0.8810867	0.1319543	0.06317350000000001
0.0904	10.45	0.7733971000000001	0.9331069	0.1211748	0.0419635
0.0904	10.82	0.7733971000000001	0.9537043000000001	0.07560910000000001	0.025416300000000003
0.0904	11.18	0.7733971000000001	0.9685301000000001	0.07044210000000001	0.019899
0.0904	11.55	0.7733971000000001	0.9957067000000001	0.006607299999999999	0.0002334
0.0904	11.92	0.7733971000000001	0.9919024999999999	0.031871300000000005	0.0046004
0.0904	12.29	0.7733971000000001	0.9980166	0.0024042	2.5e-05
0.0904	12.65	0.7733971000000001	0.9987543999999999	0.0008383999999999999	1.3e-06
0.0904	13.02	0.7733971000000001	0.9991237	0.0006175	8e-07
0.0904	13.39	0.7733971000000001	0.9986738000000001	0.0007120000000000001	1e-06
0.0904	13.76	0.7733971000000001	0.9990622	0.00032819999999999995	3e-07
0.0904	14.12	0.7733971000000001	0.9992588	0.000312	2e-07
0.0904	14.49	0.7733971000000001	0.9994514999999999	0.00033370000000000003	4e-07
0.0904	14.86	0.7733971000000001	0.9993517000000001	0.0003625	4e-07
0.0904	15.22	0.7733971000000001	0.9993138	0.0004542	5e-07
0.0904	15.59	0.7733971000000001	0.9991	0.0002706	3e-07
0.0904	15.96	0.7733971000000001	0.999217	0.0001494	1e-07
0.0904	16.33	0.7733971000000001	0.9993923	4.78e-05	0.0
0.0904	16.69	0.7733971000000001	0.999398	3.33e-05	0.0
0.0904	17.06	0.7733971000000001	0.9995098	0.0001533	1e-07
0.0904	17.43	0.7733971000000001	0.9993218	0.0003057	4e-07
0.0904	17.8	0.7733971000000001	0.9996258000000001	0.0003016	4e-07
0.0904	18.16	0.7733971000000001	0.9997951	0.0002199	2e-07
0.0904	18.53	0.7733971000000001	0.999798	0.0	0.0
0.0904	18.9	0.7733971000000001	0.999798	0.0	0.0
0.0904	19.27	0.7733971000000001	0.999526	0.0001272	1e-07
0.0904	19.63	0.7733971000000001	0.9994354	0.00011119999999999999	1e-07
0.0904	20.0	0.7733971000000001	0.9993926	6.61e-05	0.0
0.0949	2.0	0.7790668000000001	0.0	0.0	0.0
0.0949	2.37	0.7790668000000001	0.0	0.0	0.0
0.0949	2.73	0.7790668000000001	0.0	0.0	0.0
0.0949	3.1	0.7790668000000001	0.0	0.0	0.0
0.0949	3.47	0.7790668000000001	0.0	0.0	0.0
0.0949	3.84	0.7790668000000001	0.0	0.0	0.0
0.0949	4.2	0.7790668000000001	0.0	0.0	0.0
0.0949	4.57	0.7790668000000001	0.0	0.0	0.0
0.0949	4.94	0.7790668000000001	0.0	0.0	0.0
0.0949	5.31	0.7790668000000001	0.0	0.0	0.0
0.0949	5.67	0.7790668000000001	0.0	0.0	0.0
0.0949	6.04	0.7790668000000001	0.05350390000000001	0.0	0.0
0.0949	6.41	0.7790668000000001	0.1186737	0.027131300000000004	0.0186745
0.0949	6.78	0.7790668000000001	0.1351706	0.0343764	0.017731
0.0949	7.14	0.7790668000000001	0.1674331	0.027691300000000002	0.0082517
0.0949	7.51	0.7790668000000001	0.21616809999999997	0.057491099999999996	0.040429299999999994
0.0949	7.88	0.7790668000000001	0.420208	0.0480778	0.014607100000000001
0.0949	8.24	0.7790668000000001	0.47943299999999994	0.1860405	0.1142947
0.0949	8.61	0.7790668000000001	0.6640984999999999	0.1338017	0.051054999999999996
0.0949	8.98	0.7790668000000001	0.7200111	0.13054349999999998	0.0608451
0.0949	9.35	0.7790668000000001	0.7681723	0.1687544	0.050373299999999996
0.0949	9.71	0.7790668000000001	0.829161	0.1659395	0.0636547
0.0949	10.08	0.7790668000000001	0.8785426	0.16906970000000002	0.058808400000000004
0.0949	10.45	0.7790668000000001	0.9234275999999999	0.10510649999999999	0.0335139
0.0949	10.82	0.7790668000000001	0.960441	0.0834772	0.0192185
0.0949	11.18	0.7790668000000001	0.97915	0.056713799999999995	0.009858599999999999
0.0949	11.55	0.7790668000000001	0.9840458999999999	0.0464261	0.006458900000000001
0.0949	11.92	0.7790668000000001	0.9890161	0.0343257	0.0046979
0.0949	12.29	0.7790668000000001	0.9925627	0.015604400000000001	0.0021946
0.0949	12.65	0.7790668000000001	0.9961998	0.0020449	1.1799999999999999e-05
0.0949	13.02	0.7790668000000001	0.9919898999999999	0.029451700000000004	0.0041277
0.0949	13.39	0.7790668000000001	0.9897370000000001	0.025058999999999998	0.006263199999999999
0.0949	13.76	0.7790668000000001	0.9942437	0.014476800000000001	0.0019093000000000003
0.0949	14.12	0.7790668000000001	0.9972625	0.0009344999999999999	1.4e-06
0.0949	14.49	0.7790668000000001	0.992958	0.019517	0.0038016
0.0949	14.86	0.7790668000000001	0.9971672999999999	0.0004918	5e-07
0.0949	15.22	0.7790668000000001	0.9975159999999998	0.0005380000000000001	5e-07
0.0949	15.59	0.7790668000000001	0.998272	0.0006152	8e-07
0.0949	15.96	0.7790668000000001	0.9983539	0.0005717	8e-07
0.0949	16.33	0.7790668000000001	0.9980615	0.00033109999999999997	2e-07
0.0949	16.69	0.7790668000000001	0.9979899	0.0003817	4e-07
0.0949	17.06	0.7790668000000001	0.9983194	0.0004347	5e-07
0.0949	17.43	0.7790668000000001	0.9855969	0.0302574	0.0101069
0.0949	17.8	0.7790668000000001	0.9979908999999999	0.0004316	4e-07
0.0949	18.16	0.7790668000000001	0.9985623	0.0004134000000000001	5e-07
0.0949	18.53	0.7790668000000001	0.9984434	0.0004047	5e-07
0.0949	18.9	0.7790668000000001	0.9984702000000001	0.0003248	4e-07
0.0949	19.27	0.7790668000000001	0.9982312	0.00045449999999999993	6e-07
0.0949	19.63	0.7790668000000001	0.998532	0.0002892	4e-07
0.0949	20.0	0.7790668000000001	0.9989844999999999	0.000158	2e-07
0.0992	2.0	0.752299	0.0	0.0	0.0
0.0992	2.37	0.752299	0.0	0.0	0.0
0.0992	2.73	0.752299	0.0	0.0	0.0
0.0992	3.1	0.752299	0.0	0.0	0.0
0.0992	3.47	0.752299	0.0	0.0	0.0
0.0992	3.84	0.752299	0.0	0.0	0.0
0.0992	4.2	0.752299	0.0	0.0	0.0
0.0992	4.57	0.752299	0.0	0.0	0.0
0.0992	4.94	0.752299	0.0	0.0	0.0
0.0992	5.31	0.752299	0.0	0.0	0.0
0.0992	5.67	0.752299	0.0	0.0	0.0
0.0992	6.04	0.752299	0.0	0.0	0.0
0.0992	6.41	0.752299	0.0	0.0	0.0
0.0992	6.78	0.752299	0.0436992	0.0	0.0
0.0992	7.14	0.752299	0.0920732	0.0	0.0
0.0992	7.51	0.752299	0.1564504	0.037268	0.0246797
0.0992	7.88	0.752299	0.2307925	0.0378957	0.0264206
0.0992	8.24	0.752299	0.481883	0.1569823	0.06915489999999999
0.0992	8.61	0.752299	0.5718342	0.1749522	0.08341609999999999
0.0992	8.98	0.752299	0.6015473	0.26825010000000005	0.1408392
0.0992	9.35	0.752299	0.653156	0.22259959999999998	0.1361858
0.0992	9.71	0.752299	0.8004343	0.2015304	0.0844886
0.0992	10.08	0.752299	0.8894456	0.1526039	0.0536431
0.0992	10.45	0.752299	0.9162312	0.1542784	0.053355799999999995
0.0992	10.82	0.752299	0.9564779	0.12286649999999999	0.031483899999999995
0.0992	11.18	0.752299	0.989781	0.031747700000000004	0.0045895
0.0992	11.55	0.752299	0.9953306	0.0020889000000000003	1.07e-05
0.0992	11.92	0.752299	0.9958737	0.001341	5.1e-06
0.0992	12.29	0.752299	0.9961344999999999	0.0010397	2.3e-06
0.0992	12.65	0.752299	0.9943495	0.014594800000000002	0.0019657
0.0992	13.02	0.752299	0.9977786999999999	0.0007259	1e-06
0.0992	13.39	0.752299	0.9978849000000001	0.0005321	7e-07
0.0992	13.76	0.752299	0.9982732000000001	0.0002214	3e-07
0.0992	14.12	0.752299	0.9984719	0.00019779999999999998	2e-07
0.0992	14.49	0.752299	0.9979455999999999	0.00022030000000000002	4e-07
0.0992	14.86	0.752299	0.9979408	0.00030230000000000003	4e-07
0.0992	15.22	0.752299	0.9980612000000001	0.0002772	4e-07
0.0992	15.59	0.752299	0.9982334999999999	0.0003637	7e-07
0.0992	15.96	0.752299	0.9982516	0.0003463	6e-07
0.0992	16.33	0.752299	0.9985233000000001	0.00023089999999999997	3e-07
0.0992	16.69	0.752299	0.9985613000000001	0.00020569999999999999	2e-07
0.0992	17.06	0.752299	0.9982951	0.00033830000000000004	7e-07
0.0992	17.43	0.752299	0.9984166	0.0002503	4e-07
0.0992	17.8	0.752299	0.9982154	0.0001923	2e-07
0.0992	18.16	0.752299	0.9983357999999999	0.000268	5.000000000000001e-07
0.0992	18.53	0.752299	0.9983297	0.0001968	3e-07
0.0992	18.9	0.752299	0.9984572	0.0002477	2e-07
0.0992	19.27	0.752299	0.9984841	0.0002025	2e-07
0.0992	19.63	0.752299	0.9981826999999999	0.0003005	5e-07
0.0992	20.0	0.752299	0.9982995000000001	0.0002794	4e-07
0.1031	2.0	0.7500410000000001	0.0	0.0	0.0
0.1031	2.37	0.7500410000000001	0.0	0.0	0.0
0.1031	2.73	0.7500410000000001	0.0	0.0	0.0
0.1031	3.1	0.7500410000000001	0.0	0.0	0.0
0.1031	3.47	0.7500410000000001	0.0	0.0	0.0
0.1031	3.84	0.7500410000000001	0.0	0.0	0.0
0.1031	4.2	0.7500410000000001	0.0	0.0	0.0
0.1031	4.57	0.7500410000000001	0.0	0.0	0.0
0.1031	4.94	0.7500410000000001	0.0	0.0	0.0
0.1031	5.31	0.7500410000000001	0.0	0.0	0.0
0.1031	5.67	0.7500410000000001	0.0	0.0	0.0
0.1031	6.04	0.7500410000000001	0.0	0.0	0.0
0.1031	6.41	0.7500410000000001	0.0	0.0	0.0
0.1031	6.78	0.7500410000000001	0.0	0.0	0.0
0.1031	7.14	0.7500410000000001	0.013034599999999999	0.0	0.0
0.1031	7.51	0.7500410000000001	0.0827527	0.06720889999999999	0.0548316
0.1031	7.88	0.7500410000000001	0.1674737	0.07256789999999999	0.045294100000000004
0.1031	8.24	0.7500410000000001	0.3657818	0.0978832	0.0585831
0.1031	8.61	0.7500410000000001	0.5414065	0.14834180000000002	0.0757897
0.1031	8.98	0.7500410000000001	0.6180896	0.25419369999999997	0.11267640000000001
0.1031	9.35	0.7500410000000001	0.7375759000000001	0.21056369999999996	0.1002845
0.1031	9.71	0.7500410000000001	0.7969897	0.2331792	0.1057001
0.1031	10.08	0.7500410000000001	0.8941715	0.1995903	0.0685489
0.1031	10.45	0.7500410000000001	0.9289435000000001	0.14488620000000002	0.04350849999999999
0.1031	10.82	0.7500410000000001	0.9722585	0.10735710000000001	0.0193337
0.1031	11.18	0.7500410000000001	0.9831264000000001	0.055611600000000004	0.008853
0.1031	11.55	0.7500410000000001	0.9861068	0.0491146	0.0079729
0.1031	11.92	0.7500410000000001	0.9945511	0.020217	0.0024422
0.1031	12.29	0.7500410000000001	0.9972576999999999	0.0064106	0.0001379
0.1031	12.65	0.7500410000000001	0.9985443999999999	0.0015314	5.7e-06
0.1031	13.02	0.7500410000000001	0.9987622	0.0011830999999999999	6.7e-06
0.1031	13.39	0.7500410000000001	0.9991555	0.0011886	6.9e-06
0.1031	13.76	0.7500410000000001	0.9993578	0.0004726	5e-07
0.1031	14.12	0.7500410000000001	0.9992846	0.0006366	8e-07
0.1031	14.49	0.7500410000000001	0.9993751	0.00047099999999999996	5e-07
0.1031	14.86	0.7500410000000001	0.9995603	0.0003722	4e-07
0.1031	15.22	0.7500410000000001	0.9996555	0.00022040000000000002	2e-07
0.1031	15.59	0.7500410000000001	0.9996138999999999	0.000226	2e-07
0.1031	15.96	0.7500410000000001	0.9997358000000001	0.0001336	1e-07
0.1031	16.33	0.7500410000000001	0.9993819	0.0001761	1e-07
0.1031	16.69	0.7500410000000001	0.9994292	0.0003057	2e-07
0.1031	17.06	0.7500410000000001	0.9997729	0.0002653	2e-07
0.1031	17.43	0.7500410000000001	0.9996491000000001	0.0002085	3e-07
0.1031	17.8	0.7500410000000001	0.9993732	0.000143	0.0
0.1031	18.16	0.7500410000000001	0.9993054000000001	0.000178	1e-07
0.1031	18.53	0.7500410000000001	0.9997637000000001	7.42e-05	1e-07
0.1031	18.9	0.7500410000000001	0.9997909	3.26e-05	0.0
0.1031	19.27	0.7500410000000001	0.9998138000000001	9.58e-05	0.0
0.1031	19.63	0.7500410000000001	0.9997871	0.0001728	0.0
0.1031	20.0	0.7500410000000001	0.9996864999999999	0.0001795	1e-07
0.107	2.0	0.7253781	0.0	0.0	0.0
0.107	2.37	0.7253781	0.0	0.0	0.0
0.107	2.73	0.7253781	0.0	0.0	0.0
0.107	3.1	0.7253781	0.0	0.0	0.0
0.107	3.47	0.7253781	0.0	0.0	0.0
0.107	3.84	0.7253781	0.0	0.0	0.0
0.107	4.2	0.7253781	0.0	0.0	0.0
0.107	4.57	0.7253781	0.0	0.0	0.0
0.107	4.94	0.7253781	0.0	0.0	0.0
0.107	5.31	0.7253781	0.0	0.0	0.0
0.107	5.67	0.7253781	0.0	0.0	0.0
0.107	6.04	0.7253781	0.0	0.0	0.0
0.107	6.41	0.7253781	0.034969299999999995	0.0	0.0
0.107	6.78	0.7253781	0.05143880000000001	0.0	0.0
0.107	7.14	0.7253781	0.303909	0.0389995	0.0226623
0.107	7.51	0.7253781	0.3115969	0.022409600000000002	0.007221
0.107	7.88	0.7253781	0.39503910000000003	0.1373508	0.0700804
0.107	8.24	0.7253781	0.5069931	0.0972151	0.0509147
0.107	8.61	0.7253781	0.5514483	0.0659475	0.0355385
0.107	8.98	0.7253781	0.6318359	0.0848746	0.0531373
0.107	9.35	0.7253781	0.7367292	0.14416440000000003	0.0931021
0.107	9.71	0.7253781	0.8268945000000001	0.1524467	0.0751435
0.107	10.08	0.7253781	0.8960896	0.1501931	0.051441499999999994
0.107	10.45	0.7253781	0.8935929	0.1613183	0.060954999999999995
0.107	10.82	0.7253781	0.9447043	0.11277839999999999	0.0339823
0.107	11.18	0.7253781	0.9606586	0.1059089	0.0270053
0.107	11.55	0.7253781	0.9841094	0.0647497	0.0109883
0.107	11.92	0.7253781	0.9930872000000001	0.032303	0.0043212
0.107	12.29	0.7253781	0.9893722	0.04925040000000001	0.008367300000000001
0.107	12.65	0.7253781	0.996482	0.015665000000000002	0.0014085999999999999
0.107	13.02	0.7253781	0.9992576	0.0034888000000000002	4.28e-05
0.107	13.39	0.7253781	0.9995017	0.0014879	5.8e-06
0.107	13.76	0.7253781	0.9973051999999999	0.015064	0.0021306
0.107	14.12	0.7253781	0.9973805	0.014506	0.0018695
0.107	14.49	0.7253781	0.9995926	0.0012385	4.2000000000000004e-06
0.107	14.86	0.7253781	0.9998296	0.00042940000000000003	4e-07
0.107	15.22	0.7253781	0.9999396	0.0001854	2e-07
0.107	15.59	0.7253781	0.9992110999999999	0.0009196000000000001	4.2000000000000004e-06
0.107	15.96	0.7253781	0.9996639	0.00022259999999999996	1e-07
0.107	16.33	0.7253781	0.9995472	0.0004104	5e-07
0.107	16.69	0.7253781	0.9995114	0.00030730000000000004	3e-07
0.107	17.06	0.7253781	0.9999573999999999	0.0002028	1e-07
0.107	17.43	0.7253781	0.9977499	0.013947800000000002	0.0019626
0.107	17.8	0.7253781	0.9997754000000001	6.2e-05	0.0
0.107	18.16	0.7253781	0.9996606	0.00021289999999999997	2e-07
0.107	18.53	0.7253781	0.9998374	0.00016	2e-07
0.107	18.9	0.7253781	0.9998134000000001	0.0001674	1e-07
0.107	19.27	0.7253781	0.9998349000000001	7.98e-05	1e-07
0.107	19.63	0.7253781	0.9864475	0.023641000000000002	0.0063833
0.107	20.0	0.7253781	0.9773550999999999	0.029390499999999996	0.0110744
0.1109	2.0	0.7272433	0.0	0.0	0.0
0.1109	2.37	0.7272433	0.0	0.0	0.0
0.1109	2.73	0.7272433	0.0	0.0	0.0
0.1109	3.1	0.7272433	0.0	0.0	0.0
0.1109	3.47	0.7272433	0.0	0.0	0.0
0.1109	3.84	0.7272433	0.0	0.0	0.0
0.1109	4.2	0.7272433	0.0	0.0	0.0
0.1109	4.57	0.7272433	0.0	0.0	0.0
0.1109	4.94	0.7272433	0.0	0.0	0.0
0.1109	5.31	0.7272433	0.0	0.0	0.0
0.1109	5.67	0.7272433	0.0	0.0	0.0
0.1109	6.04	0.7272433	0.0	0.0	0.0
0.1109	6.41	0.7272433	0.0	0.0	0.0
0.1109	6.78	0.7272433	0.0940188	0.0	0.0
0.1109	7.14	0.7272433	0.1148263	0.0028847	0.00014890000000000001
0.1109	7.51	0.7272433	0.1491018	0.049702500000000004	0.022574100000000003
0.1109	7.88	0.7272433	0.2605699	0.057788799999999994	0.0183917
0.1109	8.24	0.7272433	0.5039255	0.10621810000000001	0.0296223
0.1109	8.61	0.7272433	0.5591073	0.1760023	0.0724793
0.1109	8.98	0.7272433	0.6904778	0.2308605	0.0876821
0.1109	9.35	0.7272433	0.7770175	0.222698	0.0894891
0.1109	9.71	0.7272433	0.8581242	0.1749145	0.0643049
0.1109	10.08	0.7272433	0.9038712	0.1397937	0.058150999999999994
0.1109	10.45	0.7272433	0.8903441000000001	0.157835	0.0634583
0.1109	10.82	0.7272433	0.9502622000000001	0.11583000000000002	0.0317909
0.1109	11.18	0.7272433	0.9720787	0.11086500000000002	0.0214587
0.1109	11.55	0.7272433	0.9867652	0.0548868	0.009628000000000001
0.1109	11.92	0.7272433	0.9832656999999999	0.0726613	0.0136486
0.1109	12.29	0.7272433	0.9942127	0.0283119	0.0037283999999999998
0.1109	12.65	0.7272433	0.9970967999999999	0.0150699	0.0018797000000000002
0.1109	13.02	0.7272433	0.9994586	0.0006259	2.5e-06
0.1109	13.39	0.7272433	0.9971574999999999	0.014211399999999999	0.0020603
0.1109	13.76	0.7272433	0.9971865	0.014238999999999998	0.0019861999999999996
0.1109	14.12	0.7272433	0.9947241	0.029214599999999997	0.0042774
0.1109	14.49	0.7272433	0.9995706	0.00020080000000000003	1e-07
0.1109	14.86	0.7272433	0.9995879999999999	0.00022399999999999997	2e-07
0.1109	15.22	0.7272433	0.9994286000000001	0.0001534	2e-07
0.1109	15.59	0.7272433	0.9968486000000001	0.0142817	0.002075
0.1109	15.96	0.7272433	0.9991836	6.48e-05	0.0
0.1109	16.33	0.7272433	0.9993897	3.26e-05	0.0
0.1109	16.69	0.7272433	0.9993791	7.76e-05	0.0
0.1109	17.06	0.7272433	0.9998203	0.00010040000000000001	0.0
0.1109	17.43	0.7272433	0.9997992	0.0	0.0
0.1109	17.8	0.7272433	0.9997992	0.0	0.0
0.1109	18.16	0.7272433	0.9997992	0.0	0.0
0.1109	18.53	0.7272433	0.9997083	0.0001341	1e-07
0.1109	18.9	0.7272433	0.9997161999999999	0.0001338	1e-07
0.1109	19.27	0.7272433	0.9995967	0.000184	2e-07
0.1109	19.63	0.7272433	0.9996147000000001	7.2e-05	1e-07
0.1109	20.0	0.7272433	0.9996200999999999	6.24e-05	0.0
0.1146	2.0	0.7220741	0.0	0.0	0.0
0.1146	2.37	0.7220741	0.0	0.0	0.0
0.1146	2.73	0.7220741	0.0	0.0	0.0
0.1146	3.1	0.7220741	0.0	0.0	0.0
0.1146	3.47	0.7220741	0.0	0.0	0.0
0.1146	3.84	0.7220741	0.0	0.0	0.0
0.1146	4.2	0.7220741	0.0	0.0	0.0
0.1146	4.57	0.7220741	0.0	0.0	0.0
0.1146	4.94	0.7220741	0.0	0.0	0.0
0.1146	5.31	0.7220741	0.0	0.0	0.0
0.1146	5.67	0.7220741	0.0	0.0	0.0
0.1146	6.04	0.7220741	0.0	0.0	0.0
0.1146	6.41	0.7220741	0.0721105	0.0007085	8.7e-06
0.1146	6.78	0.7220741	0.07461350000000001	0.0060076	0.0005055999999999999
0.1146	7.14	0.7220741	0.1176536	0.0146487	0.0025845
0.1146	7.51	0.7220741	0.2920497	0.0500853	0.0180307
0.1146	7.88	0.7220741	0.3687839	0.10493179999999999	0.0651823
0.1146	8.24	0.7220741	0.5498166	0.1718793	0.1000459
0.1146	8.61	0.7220741	0.6390418	0.1887336	0.0888914
0.1146	8.98	0.7220741	0.7537081000000001	0.148179	0.043132199999999996
0.1146	9.35	0.7220741	0.8100525	0.174746	0.0473145
0.1146	9.71	0.7220741	0.8468897	0.1285825	0.038938600000000004
0.1146	10.08	0.7220741	0.8720085	0.1364773	0.049081599999999996
0.1146	10.45	0.7220741	0.8803383	0.16394979999999998	0.0496773
0.1146	10.82	0.7220741	0.9138455999999999	0.11828799999999999	0.0410452
0.1146	11.18	0.7220741	0.9427305	0.0907512	0.0310804
0.1146	11.55	0.7220741	0.9692123	0.0541984	0.014123199999999999
0.1146	11.92	0.7220741	0.9736069	0.09433180000000001	0.0164241
0.1146	12.29	0.7220741	0.9878602000000001	0.048149	0.0066856
0.1146	12.65	0.7220741	0.9893630999999999	0.045071299999999995	0.006774
0.1146	13.02	0.7220741	0.9954744999999999	0.016181400000000002	0.0023238
0.1146	13.39	0.7220741	0.9979072	0.0029998	3.1400000000000004e-05
0.1146	13.76	0.7220741	0.9983254	0.0022077	3.07e-05
0.1146	14.12	0.7220741	0.999011	0.0003011	2e-07
0.1146	14.49	0.7220741	0.9990509	0.0003713	4e-07
0.1146	14.86	0.7220741	0.9990249	0.0004123	3e-07
0.1146	15.22	0.7220741	0.9990015999999999	0.00042249999999999997	3e-07
0.1146	15.59	0.7220741	0.9988961	0.000637	6e-07
0.1146	15.96	0.7220741	0.99928	0.0004969999999999999	6e-07
0.1146	16.33	0.7220741	0.9993924	0.0003617	3e-07
0.1146	16.69	0.7220741	0.9993987000000001	0.00032910000000000003	2e-07
0.1146	17.06	0.7220741	0.9992463	0.00027079999999999997	2e-07
0.1146	17.43	0.7220741	0.9990903	0.0003254	3e-07
0.1146	17.8	0.7220741	0.9991033999999999	0.0003806	4e-07
0.1146	18.16	0.7220741	0.9992458	0.00013110000000000002	2e-07
0.1146	18.53	0.7220741	0.9992297000000001	8.29e-05	1e-07
0.1146	18.9	0.7220741	0.9990992999999999	0.0001827	2e-07
0.1146	19.27	0.7220741	0.9990975000000001	0.0002695	2e-07
0.1146	19.63	0.7220741	0.999225	0.0001621	1e-07
0.1146	20.0	0.7220741	0.9992365	0.0001293	1e-07
0.1184	2.0	0.6938799999999999	0.0	0.0	0.0
0.1184	2.37	0.6938799999999999	0.0	0.0	0.0
0.1184	2.73	0.6938799999999999	0.0	0.0	0.0
0.1184	3.1	0.6938799999999999	0.0	0.0	0.0
0.1184	3.47	0.6938799999999999	0.0	0.0	0.0
0.1184	3.84	0.6938799999999999	0.0	0.0	0.0
0.1184	4.2	0.6938799999999999	0.0	0.0	0.0
0.1184	4.57	0.6938799999999999	0.0	0.0	0.0
0.1184	4.94	0.6938799999999999	0.0	0.0	0.0
0.1184	5.31	0.6938799999999999	0.0	0.0	0.0
0.1184	5.67	0.6938799999999999	0.0	0.0	0.0
0.1184	6.04	0.6938799999999999	0.0	0.0	0.0
0.1184	6.41	0.6938799999999999	0.012170400000000001	0.0	0.0
0.1184	6.78	0.6938799999999999	0.030324499999999997	0.0003043	3.1e-06
0.1184	7.14	0.6938799999999999	0.07565920000000001	0.0	0.0
0.1184	7.51	0.6938799999999999	0.0208163	0.0	0.0
0.1184	7.88	0.6938799999999999	0.1207875	0.0415607	0.0209313
0.1184	8.24	0.6938799999999999	0.3034928	0.0593665	0.026652
0.1184	8.61	0.6938799999999999	0.44120299999999996	0.1336506	0.070392
0.1184	8.98	0.6938799999999999	0.467912	0.1932888	0.10550200000000001
0.1184	9.35	0.6938799999999999	0.6141034999999999	0.1934615	0.093655
0.1184	9.71	0.6938799999999999	0.7025379	0.2206429	0.1056305
0.1184	10.08	0.6938799999999999	0.7661032000000001	0.23904	0.1222064
0.1184	10.45	0.6938799999999999	0.8187401	0.2037693	0.0744985
0.1184	10.82	0.6938799999999999	0.885359	0.1206626	0.0418663
0.1184	11.18	0.6938799999999999	0.9208417000000001	0.1407241	0.0399474
0.1184	11.55	0.6938799999999999	0.9491512999999999	0.0927608	0.028215599999999997
0.1184	11.92	0.6938799999999999	0.9746805999999999	0.06665639999999999	0.0133494
0.1184	12.29	0.6938799999999999	0.9792161	0.07694759999999999	0.0136297
0.1184	12.65	0.6938799999999999	0.9950153	0.0160601	0.0014541
0.1184	13.02	0.6938799999999999	0.9896269	0.0348416	0.0047611
0.1184	13.39	0.6938799999999999	0.9947221	0.016880700000000002	0.0022029
0.1184	13.76	0.6938799999999999	0.997666	0.0011246	2.9999999999999997e-06
0.1184	14.12	0.6938799999999999	0.9903397	0.0364421	0.00555
0.1184	14.49	0.6938799999999999	0.9947299000000001	0.0155822	0.0024107
0.1184	14.86	0.6938799999999999	0.9967026000000001	0.0122401	0.0014380999999999999
0.1184	15.22	0.6938799999999999	0.990606	0.0249802	0.006567500000000001
0.1184	15.59	0.6938799999999999	0.9968336000000001	0.013935399999999997	0.0018782
0.1184	15.96	0.6938799999999999	0.9968956	0.0130868	0.0016616000000000003
0.1184	16.33	0.6938799999999999	0.998667	0.0011116	5.7e-06
0.1184	16.69	0.6938799999999999	0.9989473999999999	0.0005624	4e-07
0.1184	17.06	0.6938799999999999	0.9945909	0.0245877	0.0030380999999999997
0.1184	17.43	0.6938799999999999	0.9990854	0.000292	2e-07
0.1184	17.8	0.6938799999999999	0.9991984	0.00029219999999999995	2e-07
0.1184	18.16	0.6938799999999999	0.9990943	0.0003494	3e-07
0.1184	18.53	0.6938799999999999	0.9991343	0.0003487	3e-07
0.1184	18.9	0.6938799999999999	0.9988579	0.0004002	4e-07
0.1184	19.27	0.6938799999999999	0.9992823	0.0002656	3e-07
0.1184	19.63	0.6938799999999999	0.9991251999999999	0.000366	3e-07
0.1184	20.0	0.6938799999999999	0.9989107	0.0003541	3e-07
0.1222	2.0	0.6931109	0.0	0.0	0.0
0.1222	2.37	0.6931109	0.0	0.0	0.0
0.1222	2.73	0.6931109	0.0	0.0	0.0
0.1222	3.1	0.6931109	0.0	0.0	0.0
0.1222	3.47	0.6931109	0.0	0.0	0.0
0.1222	3.84	0.6931109	0.0	0.0	0.0
0.1222	4.2	0.6931109	0.0	0.0	0.0
0.1222	4.57	0.6931109	0.0	0.0	0.0
0.1222	4.94	0.6931109	0.0	0.0	0.0
0.1222	5.31	0.6931109	0.0	0.0	0.0
0.1222	5.67	0.6931109	0.0	0.0	0.0
0.1222	6.04	0.6931109	0.0	0.0	0.0
0.1222	6.41	0.6931109	0.0	0.0	0.0
0.1222	6.78	0.6931109	0.0	0.0	0.0
0.1222	7.14	0.6931109	0.0	0.0	0.0
0.1222	7.51	0.6931109	0.11025480000000001	0.0047051	0.0003284
0.1222	7.88	0.6931109	0.24005609999999997	0.0783535	0.0515548
0.1222	8.24	0.6931109	0.45409249999999995	0.062313799999999996	0.0268152
0.1222	8.61	0.6931109	0.5187644	0.1716588	0.0796111
0.1222	8.98	0.6931109	0.6924761	0.15836999999999998	0.0925983
0.1222	9.35	0.6931109	0.7566898	0.1881351	0.0773392
0.1222	9.71	0.6931109	0.8180438000000001	0.1983482	0.0783812
0.1222	10.08	0.6931109	0.8404456	0.170038	0.0790302
0.1222	10.45	0.6931109	0.9212030999999999	0.11190370000000001	0.0444031
0.1222	10.82	0.6931109	0.9609677	0.073618	0.021213
0.1222	11.18	0.6931109	0.9603472999999999	0.11607719999999999	0.0261573
0.1222	11.55	0.6931109	0.9944436	0.0192517	0.0023501
0.1222	11.92	0.6931109	0.9859299	0.0530383	0.0083645
0.1222	12.29	0.6931109	0.9898212000000001	0.0470469	0.0065434
0.1222	12.65	0.6931109	0.9960948999999999	0.0085516	0.0005136000000000001
0.1222	13.02	0.6931109	0.9914837999999999	0.0337653	0.005815900000000001
0.1222	13.39	0.6931109	0.9989397	0.0007433	9.000000000000001e-07
0.1222	13.76	0.6931109	0.9992544000000001	0.0004345	4e-07
0.1222	14.12	0.6931109	0.9925564	0.041640500000000004	0.0058265
0.1222	14.49	0.6931109	0.9995947	0.0007131	1.6e-06
0.1222	14.86	0.6931109	0.9969504	0.014627300000000001	0.0019125000000000004
0.1222	15.22	0.6931109	0.998719	0.0016688999999999999	1.5199999999999998e-05
0.1222	15.59	0.6931109	0.9969621	0.01397	0.0016827
0.1222	15.96	0.6931109	0.9974757999999999	0.013123399999999999	0.0016741
0.1222	16.33	0.6931109	0.9995684	0.0003769	4e-07
0.1222	16.69	0.6931109	0.995417	0.0184669	0.0035015999999999997
0.1222	17.06	0.6931109	0.999761	0.0005883	2.4e-06
0.1222	17.43	0.6931109	0.9977382	0.0127893	0.0015746
0.1222	17.8	0.6931109	0.9997995	0.0004966	5e-07
0.1222	18.16	0.6931109	0.9979238	0.011697500000000001	0.0013818
0.1222	18.53	0.6931109	0.998009	0.0113119	0.0013056
0.1222	18.9	0.6931109	0.9997201	0.00020689999999999996	2e-07
0.1222	19.27	0.6931109	0.9999374	0.0001536	1e-07
0.1222	19.63	0.6931109	0.9999635	0.0002247	4e-07
0.1222	20.0	0.6931109	0.9999787	6.2e-05	0.0
0.1265	2.0	0.6742504	0.0	0.0	0.0
0.1265	2.37	0.6742504	0.0	0.0	0.0
0.1265	2.73	0.6742504	0.0	0.0	0.0
0.1265	3.1	0.6742504	0.0	0.0	0.0
0.1265	3.47	0.6742504	0.0	0.0	0.0
0.1265	3.84	0.6742504	0.0	0.0	0.0
0.1265	4.2	0.6742504	0.0	0.0	0.0
0.1265	4.57	0.6742504	0.0	0.0	0.0
0.1265	4.94	0.6742504	0.0	0.0	0.0
0.1265	5.31	0.6742504	0.0	0.0	0.0
0.1265	5.67	0.6742504	0.0	0.0	0.0
0.1265	6.04	0.6742504	0.0	0.0	0.0
0.1265	6.41	0.6742504	0.0	0.0	0.0
0.1265	6.78	0.6742504	0.0	0.0	0.0
0.1265	7.14	0.6742504	0.0112576	0.0005071	2.2800000000000002e-05
0.1265	7.51	0.6742504	0.0319186	0.0001014	1.0000000000000002e-06
0.1265	7.88	0.6742504	0.093804	0.0154331	0.0047033000000000005
0.1265	8.24	0.6742504	0.2635394	0.1076501	0.0722141
0.1265	8.61	0.6742504	0.41784999999999994	0.1448372	0.0700005
0.1265	8.98	0.6742504	0.5686138	0.1343281	0.0536416
0.1265	9.35	0.6742504	0.5529919999999999	0.1586318	0.0521741
0.1265	9.71	0.6742504	0.640486	0.1505227	0.06262999999999999
0.1265	10.08	0.6742504	0.7242554	0.12063700000000002	0.051831499999999996
0.1265	10.45	0.6742504	0.7905693	0.11778010000000001	0.053784399999999996
0.1265	10.82	0.6742504	0.8678908	0.10860809999999999	0.0467899
0.1265	11.18	0.6742504	0.9088569	0.103023	0.036074499999999995
0.1265	11.55	0.6742504	0.9553779	0.0577496	0.011994800000000002
0.1265	11.92	0.6742504	0.9737063000000001	0.0358237	0.0058351
0.1265	12.29	0.6742504	0.9815476000000001	0.023957700000000002	0.0027873
0.1265	12.65	0.6742504	0.9853908	0.016300500000000002	0.0022274999999999994
0.1265	13.02	0.6742504	0.9874017	0.0018131000000000002	6.2e-06
0.1265	13.39	0.6742504	0.9881774	0.0013783	3.3e-06
0.1265	13.76	0.6742504	0.9853052999999999	0.016514	0.002172
0.1265	14.12	0.6742504	0.9858369	0.0139132	0.0017423
0.1265	14.49	0.6742504	0.9893988	0.0013602	4.9999999999999996e-06
0.1265	14.86	0.6742504	0.9886047	0.0011022	2.3e-06
0.1265	15.22	0.6742504	0.9889431999999999	0.0009952000000000001	2.1e-06
0.1265	15.59	0.6742504	0.99075	0.0008696999999999999	1.7e-06
0.1265	15.96	0.6742504	0.9902502	0.0009584999999999999	2.2e-06
0.1265	16.33	0.6742504	0.9898712999999999	0.0007971	1.6e-06
0.1265	16.69	0.6742504	0.9905153	0.0008830999999999998	3.0999999999999995e-06
0.1265	17.06	0.6742504	0.9906976999999999	0.0008338999999999999	2.4999999999999998e-06
0.1265	17.43	0.6742504	0.9902604	0.0007626	2.1000000000000002e-06
0.1265	17.8	0.6742504	0.9904164	0.0006506	1.7e-06
0.1265	18.16	0.6742504	0.9909966000000001	0.0007104	1.9e-06
0.1265	18.53	0.6742504	0.9910997	0.0008420000000000001	2.4e-06
0.1265	18.9	0.6742504	0.9908243999999999	0.0007296000000000001	2.0000000000000003e-06
0.1265	19.27	0.6742504	0.9911768000000001	0.0007873	1.7e-06
0.1265	19.63	0.6742504	0.9915675	0.0007305	1.5e-06
0.1265	20.0	0.6742504	0.9916444999999999	0.000806	1.7e-06
0.131	2.0	0.6849592	0.0	0.0	0.0
0.131	2.37	0.6849592	0.0	0.0	0.0
0.131	2.73	0.6849592	0.0	0.0	0.0
0.131	3.1	0.6849592	0.0	0.0	0.0
0.131	3.47	0.6849592	0.0	0.0	0.0
0.131	3.84	0.6849592	0.0	0.0	0.0
0.131	4.2	0.6849592	0.0	0.0	0.0
0.131	4.57	0.6849592	0.0	0.0	0.0
0.131	4.94	0.6849592	0.0	0.0	0.0
0.131	5.31	0.6849592	0.0	0.0	0.0
0.131	5.67	0.6849592	0.0	0.0	0.0
0.131	6.04	0.6849592	0.0	0.0	0.0
0.131	6.41	0.6849592	0.0	0.0	0.0
0.131	6.78	0.6849592	0.0480493	0.010266899999999999	0.0021938
0.131	7.14	0.6849592	0.014647499999999999	0.0040459	0.0011175
0.131	7.51	0.6849592	0.0908111	0.0123651	0.0016837000000000002
0.131	7.88	0.6849592	0.1934287	0.0018883999999999997	0.0002049
0.131	8.24	0.6849592	0.2641529	0.0424063	0.024811800000000002
0.131	8.61	0.6849592	0.2792652	0.09310159999999999	0.06381780000000001
0.131	8.98	0.6849592	0.4452769	0.1628053	0.0753056
0.131	9.35	0.6849592	0.4926391	0.2006484	0.0970113
0.131	9.71	0.6849592	0.622926	0.1701288	0.0734095
0.131	10.08	0.6849592	0.661816	0.2209815	0.10901330000000001
0.131	10.45	0.6849592	0.7242906	0.1717789	0.0782246
0.131	10.82	0.6849592	0.783371	0.22673079999999998	0.0929878
0.131	11.18	0.6849592	0.8614322	0.1434182	0.0594904
0.131	11.55	0.6849592	0.8982027	0.11619519999999998	0.047332200000000005
0.131	11.92	0.6849592	0.9380283	0.10200400000000001	0.034890899999999996
0.131	12.29	0.6849592	0.9657358	0.0841339	0.0200713
0.131	12.65	0.6849592	0.991742	0.022157	0.0043427000000000006
0.131	13.02	0.6849592	0.9925173	0.022289999999999997	0.0043279
0.131	13.39	0.6849592	0.9982200999999999	0.0029048	4.1e-05
0.131	13.76	0.6849592	0.9990152	0.0010442	2.7e-06
0.131	14.12	0.6849592	0.9989946	0.0016799000000000002	1.36e-05
0.131	14.49	0.6849592	0.9992612	0.0008196	3e-06
0.131	14.86	0.6849592	0.9994994	0.0002578	2e-07
0.131	15.22	0.6849592	0.9995247	0.000274	1e-07
0.131	15.59	0.6849592	0.9995933000000001	0.0001596	2e-07
0.131	15.96	0.6849592	0.9994325	0.00043890000000000004	8e-07
0.131	16.33	0.6849592	0.9995105000000001	0.0001658	1e-07
0.131	16.69	0.6849592	0.9993399999999999	0.0001506	1e-07
0.131	17.06	0.6849592	0.9993671	0.0001766	2e-07
0.131	17.43	0.6849592	0.9995223	0.0001766	1e-07
0.131	17.8	0.6849592	0.9995215	0.0002034	3e-07
0.131	18.16	0.6849592	0.9996287	7.45e-05	1e-07
0.131	18.53	0.6849592	0.999596	0.0	0.0
0.131	18.9	0.6849592	0.9995635999999999	7.49e-05	1e-07
0.131	19.27	0.6849592	0.9995849	4.64e-05	0.0
0.131	19.63	0.6849592	0.9996287	9.98e-05	1e-07
0.131	20.0	0.6849592	0.9994802	0.0001809	2e-07
0.1358	2.0	0.6605344	0.0	0.0	0.0
0.1358	2.37	0.6605344	0.0	0.0	0.0
0.1358	2.73	0.6605344	0.0	0.0	0.0
0.1358	3.1	0.6605344	0.0	0.0	0.0
0.1358	3.47	0.6605344	0.0	0.0	0.0
0.1358	3.84	0.6605344	0.0	0.0	0.0
0.1358	4.2	0.6605344	0.0	0.0	0.0
0.1358	4.57	0.6605344	0.0	0.0	0.0
0.1358	4.94	0.6605344	0.0	0.0	0.0
0.1358	5.31	0.6605344	0.0	0.0	0.0
0.1358	5.67	0.6605344	0.0	0.0	0.0
0.1358	6.04	0.6605344	0.0	0.0	0.0
0.1358	6.41	0.6605344	0.0	0.0	0.0
0.1358	6.78	0.6605344	0.0	0.0	0.0
0.1358	7.14	0.6605344	0.0	0.0	0.0
0.1358	7.51	0.6605344	0.10746510000000001	0.0	0.0
0.1358	7.88	0.6605344	0.17227169999999997	0.051736700000000004	0.0278503
0.1358	8.24	0.6605344	0.31093329999999997	0.0748455	0.029201099999999997
0.1358	8.61	0.6605344	0.44700550000000006	0.07506349999999999	0.0295937
0.1358	8.98	0.6605344	0.45429909999999996	0.147364	0.0820552
0.1358	9.35	0.6605344	0.5648401	0.1763933	0.08671039999999999
0.1358	9.71	0.6605344	0.6045988	0.1551826	0.0619756
0.1358	10.08	0.6605344	0.7622213	0.1610588	0.0757567
0.1358	10.45	0.6605344	0.8880877999999999	0.11582189999999999	0.0384254
0.1358	10.82	0.6605344	0.9113227	0.1331562	0.0410157
0.1358	11.18	0.6605344	0.9534091	0.08861840000000001	0.0225884
0.1358	11.55	0.6605344	0.9671880999999999	0.06357499999999999	0.0175713
0.1358	11.92	0.6605344	0.9888761	0.0314271	0.0046581
0.1358	12.29	0.6605344	0.9896436	0.0380108	0.0063329
0.1358	12.65	0.6605344	0.9966566	0.0052932	8.48e-05
0.1358	13.02	0.6605344	0.9972253	0.0045966	5.72e-05
0.1358	13.39	0.6605344	0.9956624	0.014854999999999998	0.0020523
0.1358	13.76	0.6605344	0.9958113000000001	0.0144341	0.0017894000000000005
0.1358	14.12	0.6605344	0.9926572	0.0292738	0.0045151
0.1358	14.49	0.6605344	0.9965130999999999	0.015610600000000002	0.0020437
0.1358	14.86	0.6605344	0.9989461000000001	0.0011832000000000001	7.2999999999999996e-06
0.1358	15.22	0.6605344	0.9990327999999999	0.0009479	3.9e-06
0.1358	15.59	0.6605344	0.9991735	0.001378	6.999999999999999e-06
0.1358	15.96	0.6605344	0.9994105	0.0005854	5e-07
0.1358	16.33	0.6605344	0.9995849	0.00012369999999999997	0.0
0.1358	16.69	0.6605344	0.9997117	0.00013419999999999998	1e-07
0.1358	17.06	0.6605344	0.9998191000000001	0.0003876	2e-07
0.1358	17.43	0.6605344	0.9999203	0.00028240000000000003	0.0
0.1358	17.8	0.6605344	0.999812	0.0002808	3e-07
0.1358	18.16	0.6605344	0.9996909	0.0002042	2e-07
0.1358	18.53	0.6605344	0.999236	0.0003973	5e-07
0.1358	18.9	0.6605344	0.9993862	0.0003486	3e-07
0.1358	19.27	0.6605344	0.9993159	0.0002506	2e-07
0.1358	19.63	0.6605344	0.9998045	0.0002212	2e-07
0.1358	20.0	0.6605344	0.9999581	8.24e-05	1e-07
0.1408	2.0	0.6471239	0.0	0.0	0.0
0.1408	2.37	0.6471239	0.0	0.0	0.0
0.1408	2.73	0.6471239	0.0	0.0	0.0
0.1408	3.1	0.6471239	0.0	0.0	0.0
0.1408	3.47	0.6471239	0.0	0.0	0.0
0.1408	3.84	0.6471239	0.0	0.0	0.0
0.1408	4.2	0.6471239	0.0	0.0	0.0
0.1408	4.57	0.6471239	0.0	0.0	0.0
0.1408	4.94	0.6471239	0.0	0.0	0.0
0.1408	5.31	0.6471239	0.0	0.0	0.0
0.1408	5.67	0.6471239	0.0	0.0	0.0
0.1408	6.04	0.6471239	0.0	0.0	0.0
0.1408	6.41	0.6471239	0.0	0.0	0.0
0.1408	6.78	0.6471239	0.030894300000000003	0.0	0.0
0.1408	7.14	0.6471239	0.0239837	0.0	0.0
0.1408	7.51	0.6471239	0.0939699	0.0	0.0
0.1408	7.88	0.6471239	0.11376009999999999	0.08043499999999999	0.066432
0.1408	8.24	0.6471239	0.3632232	0.1142344	0.0670495
0.1408	8.61	0.6471239	0.45948130000000004	0.10899980000000001	0.0418254
0.1408	8.98	0.6471239	0.5283709	0.1023512	0.0396731
0.1408	9.35	0.6471239	0.5962794	0.16898849999999999	0.0763064
0.1408	9.71	0.6471239	0.6591202	0.15060489999999999	0.056317799999999994
0.1408	10.08	0.6471239	0.7531706	0.1786415	0.0823304
0.1408	10.45	0.6471239	0.8077612999999999	0.1474754	0.062148300000000004
0.1408	10.82	0.6471239	0.8599887	0.1627764	0.0676389
0.1408	11.18	0.6471239	0.9061553999999999	0.11719520000000001	0.039720599999999995
0.1408	11.55	0.6471239	0.9249314	0.0963715	0.0377629
0.1408	11.92	0.6471239	0.9745528	0.054635500000000004	0.0106945
0.1408	12.29	0.6471239	0.9633739	0.10118540000000001	0.0228594
0.1408	12.65	0.6471239	0.983169	0.054089399999999996	0.0091523
0.1408	13.02	0.6471239	0.9848067	0.048551	0.0076239
0.1408	13.39	0.6471239	0.9873966	0.029303500000000003	0.0045116999999999996
0.1408	13.76	0.6471239	0.9944336	0.0056581	0.0001784
0.1408	14.12	0.6471239	0.9946415	0.0041356	8.860000000000001e-05
0.1408	14.49	0.6471239	0.9953730999999999	0.0025574	2.1099999999999998e-05
0.1408	14.86	0.6471239	0.9946587000000001	0.0148398	0.0018346999999999999
0.1408	15.22	0.6471239	0.9945202	0.0140478	0.0018588999999999997
0.1408	15.59	0.6471239	0.9976357	0.0010047	2.2e-06
0.1408	15.96	0.6471239	0.997189	0.0016359000000000002	9.1e-06
0.1408	16.33	0.6471239	0.9954905000000001	0.014033499999999999	0.0018138999999999998
0.1408	16.69	0.6471239	0.9974605999999999	0.0009374	1.8000000000000001e-06
0.1408	17.06	0.6471239	0.9975544	0.0007757	1e-06
0.1408	17.43	0.6471239	0.9973666	0.0007965	1.4e-06
0.1408	17.8	0.6471239	0.9976032	0.0005783	7e-07
0.1408	18.16	0.6471239	0.9976817	0.0004268	4e-07
0.1408	18.53	0.6471239	0.9979641000000001	0.00042050000000000003	4e-07
0.1408	18.9	0.6471239	0.9980697	0.00048650000000000006	6e-07
0.1408	19.27	0.6471239	0.9975783	0.0004272	4e-07
0.1408	19.63	0.6471239	0.9978572	0.0005576	5e-07
0.1408	20.0	0.6471239	0.9984432	0.0003852	4e-07
0.1458	2.0	0.6712551	0.0	0.0	0.0
0.1458	2.37	0.6712551	0.0	0.0	0.0
0.1458	2.73	0.6712551	0.0	0.0	0.0
0.1458	3.1	0.6712551	0.0	0.0	0.0
0.1458	3.47	0.6712551	0.0	0.0	0.0
0.1458	3.84	0.6712551	0.0	0.0	0.0
0.1458	4.2	0.6712551	0.0	0.0	0.0
0.1458	4.57	0.6712551	0.0	0.0	0.0
0.1458	4.94	0.6712551	0.0	0.0	0.0
0.1458	5.31	0.6712551	0.0	0.0	0.0
0.1458	5.67	0.6712551	0.0	0.0	0.0
0.1458	6.04	0.6712551	0.0	0.0	0.0
0.1458	6.41	0.6712551	0.0125	0.0	0.0
0.1458	6.78	0.6712551	0.0118952	0.0	0.0
0.1458	7.14	0.6712551	0.0	0.0	0.0
0.1458	7.51	0.6712551	0.1795832	0.0012097	1.57e-05
0.1458	7.88	0.6712551	0.3505085	0.0340733	0.0130596
0.1458	8.24	0.6712551	0.37830430000000004	0.1611494	0.0803195
0.1458	8.61	0.6712551	0.5441817	0.1252566	0.049398000000000004
0.1458	8.98	0.6712551	0.5628223	0.1509631	0.087726
0.1458	9.35	0.6712551	0.6847925	0.1510542	0.09070249999999999
0.1458	9.71	0.6712551	0.8034746	0.1613645	0.0808068
0.1458	10.08	0.6712551	0.8773848	0.1580805	0.0643027
0.1458	10.45	0.6712551	0.9392811	0.07446900000000001	0.0266742
0.1458	10.82	0.6712551	0.9556948000000001	0.0763264	0.0220201
0.1458	11.18	0.6712551	0.965416	0.09522159999999999	0.0189286
0.1458	11.55	0.6712551	0.978389	0.0624923	0.0099825
0.1458	11.92	0.6712551	0.9878821	0.024324600000000002	0.0023194
0.1458	12.29	0.6712551	0.9943498	0.0060421	0.00013570000000000002
0.1458	12.65	0.6712551	0.9902255999999999	0.030516599999999998	0.0039442
0.1458	13.02	0.6712551	0.9924541	0.026725199999999998	0.0032883999999999995
0.1458	13.39	0.6712551	0.9906292000000001	0.0292983	0.0042223
0.1458	13.76	0.6712551	0.9959482	0.0029955	5.4600000000000006e-05
0.1458	14.12	0.6712551	0.9971987	0.0020923	2.59e-05
0.1458	14.49	0.6712551	0.9972464999999999	0.0025965000000000003	4.22e-05
0.1458	14.86	0.6712551	0.9972948	0.0027792	5.300000000000001e-05
0.1458	15.22	0.6712551	0.9979513000000001	0.0011031	4e-06
0.1458	15.59	0.6712551	0.9982944	0.0006337000000000001	1.4e-06
0.1458	15.96	0.6712551	0.9982766999999999	0.0017183999999999997	1.81e-05
0.1458	16.33	0.6712551	0.998062	0.0012008	6.1e-06
0.1458	16.69	0.6712551	0.9981861000000001	0.0007145999999999999	1.6e-06
0.1458	17.06	0.6712551	0.998314	0.0004952	7e-07
0.1458	17.43	0.6712551	0.9985706000000001	0.00045249999999999994	6e-07
0.1458	17.8	0.6712551	0.9989758	0.0005031	9.000000000000001e-07
0.1458	18.16	0.6712551	0.9989132999999999	0.0004426	5e-07
0.1458	18.53	0.6712551	0.9987766	0.0005291	7e-07
0.1458	18.9	0.6712551	0.9991453	0.00041999999999999996	4e-07
0.1458	19.27	0.6712551	0.9994966999999999	0.0002456	2e-07
0.1458	19.63	0.6712551	0.9986668	0.0004333	6e-07
0.1458	20.0	0.6712551	0.9993483	0.0003177	3e-07
0.1506	2.0	0.6311108	0.0	0.0	0.0
0.1506	2.37	0.6311108	0.0	0.0	0.0
0.1506	2.73	0.6311108	0.0	0.0	0.0
0.1506	3.1	0.6311108	0.0	0.0	0.0
0.1506	3.47	0.6311108	0.0	0.0	0.0
0.1506	3.84	0.6311108	0.0	0.0	0.0
0.1506	4.2	0.6311108	0.0	0.0	0.0
0.1506	4.57	0.6311108	0.0	0.0	0.0
0.1506	4.94	0.6311108	0.0	0.0	0.0
0.1506	5.31	0.6311108	0.0	0.0	0.0
0.1506	5.67	0.6311108	0.0	0.0	0.0
0.1506	6.04	0.6311108	0.0	0.0	0.0
0.1506	6.41	0.6311108	0.0	0.0	0.0
0.1506	6.78	0.6311108	0.0162272	0.0	0.0
0.1506	7.14	0.6311108	0.0743449	0.0	0.0
0.1506	7.51	0.6311108	0.1116403	0.03214689999999999	0.016637400000000004
0.1506	7.88	0.6311108	0.1399905	0.0023801	6.85e-05
0.1506	8.24	0.6311108	0.1516461	0.020499200000000002	0.0093904
0.1506	8.61	0.6311108	0.33776710000000004	0.0836395	0.034223199999999995
0.1506	8.98	0.6311108	0.3757513	0.11445750000000002	0.0542243
0.1506	9.35	0.6311108	0.599654	0.1701022	0.08415890000000001
0.1506	9.71	0.6311108	0.6578911	0.2110175	0.098333
0.1506	10.08	0.6311108	0.7022982	0.1771049	0.0803493
0.1506	10.45	0.6311108	0.8353239	0.1391127	0.05318150000000001
0.1506	10.82	0.6311108	0.8637793	0.138389	0.055564
0.1506	11.18	0.6311108	0.898954	0.1324747	0.044903099999999994
0.1506	11.55	0.6311108	0.9706201	0.056898800000000006	0.0154524
0.1506	11.92	0.6311108	0.9738531	0.08023860000000001	0.016843
0.1506	12.29	0.6311108	0.9870686	0.047001799999999996	0.0070547
0.1506	12.65	0.6311108	0.9907605	0.0234423	0.0052769
0.1506	13.02	0.6311108	0.9954465000000001	0.0173319	0.0022443000000000003
0.1506	13.39	0.6311108	0.993031	0.0298752	0.0044272
0.1506	13.76	0.6311108	0.9986626	0.002364	3.67e-05
0.1506	14.12	0.6311108	0.9991705	0.0008766	2.1e-06
0.1506	14.49	0.6311108	0.9943148	0.028929099999999996	0.0041799
0.1506	14.86	0.6311108	0.9946731	0.0275254	0.0037235999999999997
0.1506	15.22	0.6311108	0.996954	0.014977599999999999	0.0021275
0.1506	15.59	0.6311108	0.9970862	0.014032799999999998	0.0017259
0.1506	15.96	0.6311108	0.9949496	0.020076399999999998	0.0040929
0.1506	16.33	0.6311108	0.9992789	0.000819	1.9e-06
0.1506	16.69	0.6311108	0.9970635	0.0142848	0.0020141
0.1506	17.06	0.6311108	0.9975404000000001	0.0137883	0.0018897
0.1506	17.43	0.6311108	0.9996202000000001	0.00023549999999999998	3e-07
0.1506	17.8	0.6311108	0.9972569	0.014489499999999999	0.0020993
0.1506	18.16	0.6311108	0.9931857000000001	0.0221523	0.0052068
0.1506	18.53	0.6311108	0.9971156000000001	0.0143894	0.0020974
0.1506	18.9	0.6311108	0.9980758999999999	0.0108413	0.0011616
0.1506	19.27	0.6311108	0.9996275000000001	0.0001134	1e-07
0.1506	19.63	0.6311108	0.999653	9.28e-05	1e-07
0.1506	20.0	0.6311108	0.9997947	0.0	0.0
0.1557	2.0	0.6537912	0.0	0.0	0.0
0.1557	2.37	0.6537912	0.0	0.0	0.0
0.1557	2.73	0.6537912	0.0	0.0	0.0
0.1557	3.1	0.6537912	0.0	0.0	0.0
0.1557	3.47	0.6537912	0.0	0.0	0.0
0.1557	3.84	0.6537912	0.0	0.0	0.0
0.1557	4.2	0.6537912	0.0	0.0	0.0
0.1557	4.57	0.6537912	0.0	0.0	0.0
0.1557	4.94	0.6537912	0.0	0.0	0.0
0.1557	5.31	0.6537912	0.0	0.0	0.0
0.1557	5.67	0.6537912	0.0	0.0	0.0
0.1557	6.04	0.6537912	0.0	0.0	0.0
0.1557	6.41	0.6537912	0.0	0.0	0.0
0.1557	6.78	0.6537912	0.011088299999999999	0.0	0.0
0.1557	7.14	0.6537912	0.030142600000000002	0.00020370000000000002	1.4e-06
0.1557	7.51	0.6537912	0.12342040000000001	0.0066084	0.0005759000000000001
0.1557	7.88	0.6537912	0.2240354	0.029894999999999998	0.0041092
0.1557	8.24	0.6537912	0.40034279999999994	0.06048849999999999	0.0170463
0.1557	8.61	0.6537912	0.5296873	0.0888415	0.0320791
0.1557	8.98	0.6537912	0.6255596	0.14919739999999998	0.0715726
0.1557	9.35	0.6537912	0.6871835	0.1667739	0.0707617
0.1557	9.71	0.6537912	0.7987941000000001	0.1604293	0.0572458
0.1557	10.08	0.6537912	0.8190175	0.18756979999999998	0.0664241
0.1557	10.45	0.6537912	0.8518169	0.1670333	0.0779759
0.1557	10.82	0.6537912	0.9117381	0.1271136	0.0453143
0.1557	11.18	0.6537912	0.9492239	0.12484569999999999	0.0300885
0.1557	11.55	0.6537912	0.9760818	0.0745391	0.0114438
0.1557	11.92	0.6537912	0.9813471	0.0632969	0.0097054
0.1557	12.29	0.6537912	0.9821460999999999	0.0635902	0.0105938
0.1557	12.65	0.6537912	0.9784428999999999	0.062147299999999996	0.014236300000000002
0.1557	13.02	0.6537912	0.9966616	0.003299	2.46e-05
0.1557	13.39	0.6537912	0.9969569	0.0026223	1.57e-05
0.1557	13.76	0.6537912	0.9910258000000001	0.0346473	0.0042782
0.1557	14.12	0.6537912	0.9948307999999999	0.0172853	0.0021981
0.1557	14.49	0.6537912	0.9959921999999999	0.014819299999999999	0.0020678
0.1557	14.86	0.6537912	0.9960568000000001	0.0158002	0.0020007000000000002
0.1557	15.22	0.6537912	0.9965892999999999	0.0164256	0.0021744
0.1557	15.59	0.6537912	0.9990772	0.0016301999999999996	1.32e-05
0.1557	15.96	0.6537912	0.9986288	0.0011719	4.6e-06
0.1557	16.33	0.6537912	0.9983875	0.0016584999999999998	1.38e-05
0.1557	16.69	0.6537912	0.9989188999999999	0.0010926999999999998	5.5e-06
0.1557	17.06	0.6537912	0.9991505	0.0012445	5.7000000000000005e-06
0.1557	17.43	0.6537912	0.9993819	0.0006437	1.5e-06
0.1557	17.8	0.6537912	0.9994244999999999	0.0005726	1.7e-06
0.1557	18.16	0.6537912	0.9995426000000001	0.0007209	2.4e-06
0.1557	18.53	0.6537912	0.9974345	0.014054800000000001	0.0019822999999999998
0.1557	18.9	0.6537912	0.9994306	0.0004944	2.5e-06
0.1557	19.27	0.6537912	0.9994738	0.0004485	2.0000000000000003e-06
0.1557	19.63	0.6537912	0.9994666000000001	0.0006276	2.9e-06
0.1557	20.0	0.6537912	0.9995727000000001	0.00044360000000000005	5e-07
0.1612	2.0	0.6193996	0.0	0.0	0.0
0.1612	2.37	0.6193996	0.0	0.0	0.0
0.1612	2.73	0.6193996	0.0	0.0	0.0
0.1612	3.1	0.6193996	0.0	0.0	0.0
0.1612	3.47	0.6193996	0.0	0.0	0.0
0.1612	3.84	0.6193996	0.0	0.0	0.0
0.1612	4.2	0.6193996	0.0	0.0	0.0
0.1612	4.57	0.6193996	0.0	0.0	0.0
0.1612	4.94	0.6193996	0.0	0.0	0.0
0.1612	5.31	0.6193996	0.0	0.0	0.0
0.1612	5.67	0.6193996	0.0	0.0	0.0
0.1612	6.04	0.6193996	0.0	0.0	0.0
0.1612	6.41	0.6193996	0.0	0.0	0.0
0.1612	6.78	0.6193996	0.0	0.0	0.0
0.1612	7.14	0.6193996	0.0	0.0	0.0
0.1612	7.51	0.6193996	0.0	0.0	0.0
0.1612	7.88	0.6193996	0.0285059	0.0	0.0
0.1612	8.24	0.6193996	0.0295004	0.0006776	2.4699999999999997e-05
0.1612	8.61	0.6193996	0.2001881	0.0495924	0.026643399999999994
0.1612	8.98	0.6193996	0.2298674	0.0947141	0.0462024
0.1612	9.35	0.6193996	0.3463409	0.11599849999999998	0.0674504
0.1612	9.71	0.6193996	0.4724783	0.19221660000000002	0.0942427
0.1612	10.08	0.6193996	0.5206226	0.1825645	0.0793185
0.1612	10.45	0.6193996	0.6401543000000001	0.20667210000000003	0.1146888
0.1612	10.82	0.6193996	0.7281202999999999	0.20440490000000003	0.0978646
0.1612	11.18	0.6193996	0.7948315	0.19693909999999998	0.0935002
0.1612	11.55	0.6193996	0.8909718999999999	0.17547739999999998	0.0586206
0.1612	11.92	0.6193996	0.9612369000000001	0.0968461	0.020695
0.1612	12.29	0.6193996	0.9742811	0.0643542	0.014432499999999997
0.1612	12.65	0.6193996	0.9711741	0.0985815	0.0173515
0.1612	13.02	0.6193996	0.9698888	0.1000016	0.0181647
0.1612	13.39	0.6193996	0.9935954	0.014983999999999997	0.0018546
0.1612	13.76	0.6193996	0.987865	0.042779899999999996	0.006161
0.1612	14.12	0.6193996	0.9920331000000001	0.0292111	0.0037982000000000003
0.1612	14.49	0.6193996	0.9980119000000001	0.002078	1.3999999999999998e-05
0.1612	14.86	0.6193996	0.9955389	0.017808499999999998	0.0021991
0.1612	15.22	0.6193996	0.9984335999999999	0.0009535	1.7e-06
0.1612	15.59	0.6193996	0.9984725000000001	0.0011110999999999998	2.8000000000000003e-06
0.1612	15.96	0.6193996	0.9986748000000001	0.0009608	1.7e-06
0.1612	16.33	0.6193996	0.9991483999999999	0.0008246999999999999	2.2e-06
0.1612	16.69	0.6193996	0.9993323000000001	0.0008209	2.6e-06
0.1612	17.06	0.6193996	0.9990967	0.0005901	1.0000000000000002e-06
0.1612	17.43	0.6193996	0.9992276999999999	0.00042760000000000004	6e-07
0.1612	17.8	0.6193996	0.9997285999999999	0.000202	1e-07
0.1612	18.16	0.6193996	0.9993095000000001	0.0004496	6e-07
0.1612	18.53	0.6193996	0.9992226000000001	0.0004178	5e-07
0.1612	18.9	0.6193996	0.9992116	0.000491	7e-07
0.1612	19.27	0.6193996	0.9994346000000001	0.0004546	7e-07
0.1612	19.63	0.6193996	0.9996031000000001	0.0001235	0.0
0.1612	20.0	0.6193996	0.9993956	0.0002131	1e-07
0.1675	2.0	0.6160148	0.0	0.0	0.0
0.1675	2.37	0.6160148	0.0	0.0	0.0
0.1675	2.73	0.6160148	0.0	0.0	0.0
0.1675	3.1	0.6160148	0.0	0.0	0.0
0.1675	3.47	0.6160148	0.0	0.0	0.0
0.1675	3.84	0.6160148	0.0	0.0	0.0
0.1675	4.2	0.6160148	0.0	0.0	0.0
0.1675	4.57	0.6160148	0.0	0.0	0.0
0.1675	4.94	0.6160148	0.0	0.0	0.0
0.1675	5.31	0.6160148	0.0	0.0	0.0
0.1675	5.67	0.6160148	0.0	0.0	0.0
0.1675	6.04	0.6160148	0.0	0.0	0.0
0.1675	6.41	0.6160148	0.0	0.0	0.0
0.1675	6.78	0.6160148	0.0	0.0	0.0
0.1675	7.14	0.6160148	0.0	0.0	0.0
0.1675	7.51	0.6160148	0.0388133	0.0150307	0.0083378
0.1675	7.88	0.6160148	0.0926749	0.05292509999999999	0.0379553
0.1675	8.24	0.6160148	0.18536760000000002	0.07487669999999999	0.0393232
0.1675	8.61	0.6160148	0.2726115	0.08216860000000001	0.0375782
0.1675	8.98	0.6160148	0.384237	0.07060730000000001	0.0314036
0.1675	9.35	0.6160148	0.4419934	0.12764360000000002	0.07234679999999999
0.1675	9.71	0.6160148	0.5388794	0.1438512	0.0641787
0.1675	10.08	0.6160148	0.6360672	0.1915644	0.10014179999999999
0.1675	10.45	0.6160148	0.7435558999999999	0.1977439	0.0931028
0.1675	10.82	0.6160148	0.8322575999999999	0.1771418	0.06042700000000001
0.1675	11.18	0.6160148	0.8486981	0.1674868	0.0650174
0.1675	11.55	0.6160148	0.8893910999999999	0.1674013	0.053646400000000004
0.1675	11.92	0.6160148	0.9424516000000001	0.0938919	0.027879000000000004
0.1675	12.29	0.6160148	0.9481005	0.1251098	0.0268103
0.1675	12.65	0.6160148	0.9675125	0.0904461	0.018460499999999998
0.1675	13.02	0.6160148	0.988393	0.0352982	0.004574
0.1675	13.39	0.6160148	0.9815142	0.0563889	0.0114729
0.1675	13.76	0.6160148	0.9901427	0.025665399999999998	0.003791
0.1675	14.12	0.6160148	0.9966273000000001	0.0060121	9.630000000000001e-05
0.1675	14.49	0.6160148	0.9928692	0.0233866	0.0040995
0.1675	14.86	0.6160148	0.9921447000000001	0.0241472	0.0056092
0.1675	15.22	0.6160148	0.9970292000000001	0.013840700000000003	0.0016378
0.1675	15.59	0.6160148	0.9992245000000001	0.0016105999999999998	9.8e-06
0.1675	15.96	0.6160148	0.999462	0.0004925999999999999	5e-07
0.1675	16.33	0.6160148	0.9994299	0.0004772	5e-07
0.1675	16.69	0.6160148	0.9986425000000001	0.0010251	4.3e-06
0.1675	17.06	0.6160148	0.9989290000000001	0.0003389	3e-07
0.1675	17.43	0.6160148	0.999138	0.0011852999999999998	8.8e-06
0.1675	17.8	0.6160148	0.999468	0.0003394	3e-07
0.1675	18.16	0.6160148	0.9995349000000001	0.0001559	1e-07
0.1675	18.53	0.6160148	0.9997125	0.0002428	2e-07
0.1675	18.9	0.6160148	0.9997695999999999	0.0003408	2e-07
0.1675	19.27	0.6160148	0.9997440000000001	0.00010200000000000001	1e-07
0.1675	19.63	0.6160148	0.9997348	9.48e-05	1e-07
0.1675	20.0	0.6160148	0.9997087	0.0001329	1e-07
0.1741	2.0	0.6111606	0.0	0.0	0.0
0.1741	2.37	0.6111606	0.0	0.0	0.0
0.1741	2.73	0.6111606	0.0	0.0	0.0
0.1741	3.1	0.6111606	0.0	0.0	0.0
0.1741	3.47	0.6111606	0.0	0.0	0.0
0.1741	3.84	0.6111606	0.0	0.0	0.0
0.1741	4.2	0.6111606	0.0	0.0	0.0
0.1741	4.57	0.6111606	0.0	0.0	0.0
0.1741	4.94	0.6111606	0.0	0.0	0.0
0.1741	5.31	0.6111606	0.0	0.0	0.0
0.1741	5.67	0.6111606	0.0	0.0	0.0
0.1741	6.04	0.6111606	0.0	0.0	0.0
0.1741	6.41	0.6111606	0.0	0.0	0.0
0.1741	6.78	0.6111606	0.0	0.0	0.0
0.1741	7.14	0.6111606	0.0	0.0	0.0
0.1741	7.51	0.6111606	0.0148374	0.0038618	0.0010050999999999999
0.1741	7.88	0.6111606	0.08992069999999999	0.0061083	0.0005117
0.1741	8.24	0.6111606	0.12088510000000001	0.0326928	0.0176521
0.1741	8.61	0.6111606	0.20712590000000003	0.1083497	0.0637337
0.1741	8.98	0.6111606	0.2890098	0.1108564	0.046610799999999994
0.1741	9.35	0.6111606	0.39789630000000004	0.1539852	0.0767722
0.1741	9.71	0.6111606	0.5366332	0.24646850000000003	0.1299416
0.1741	10.08	0.6111606	0.7106815	0.1877621	0.09902799999999999
0.1741	10.45	0.6111606	0.7572863	0.2654037	0.11516979999999999
0.1741	10.82	0.6111606	0.8309833	0.2272179	0.09126989999999999
0.1741	11.18	0.6111606	0.8877055	0.1804105	0.0724066
0.1741	11.55	0.6111606	0.9264870999999999	0.1738038	0.049432500000000004
0.1741	11.92	0.6111606	0.9585616	0.127003	0.0297572
0.1741	12.29	0.6111606	0.9833921	0.0485064	0.008124099999999999
0.1741	12.65	0.6111606	0.9833257	0.05547729999999999	0.0108544
0.1741	13.02	0.6111606	0.9934495999999999	0.0257855	0.0033054
0.1741	13.39	0.6111606	0.9938409	0.0298408	0.0043447
0.1741	13.76	0.6111606	0.9985563	0.0032384999999999996	5.380000000000001e-05
0.1741	14.12	0.6111606	0.9963666999999999	0.0159913	0.0021272999999999995
0.1741	14.49	0.6111606	0.9970938	0.014671	0.0018799000000000003
0.1741	14.86	0.6111606	0.9993456999999999	0.0014363	1.1400000000000001e-05
0.1741	15.22	0.6111606	0.9988322999999999	0.0018576000000000003	2.8000000000000003e-05
0.1741	15.59	0.6111606	0.9994425	0.0005702000000000001	1.4e-06
0.1741	15.96	0.6111606	0.9998402000000001	0.00019060000000000003	1e-07
0.1741	16.33	0.6111606	0.9996858	0.0007584	3.7999999999999996e-06
0.1741	16.69	0.6111606	0.9998286999999999	0.0005296999999999999	2.8e-06
0.1741	17.06	0.6111606	0.9998785	0.00022719999999999997	2e-07
0.1741	17.43	0.6111606	0.9999065999999999	0.00021409999999999997	2e-07
0.1741	17.8	0.6111606	0.9999739	0.00010889999999999999	1e-07
0.1741	18.16	0.6111606	0.9999689999999999	0.0001251	0.0
0.1741	18.53	0.6111606	0.9999281	0.0002186	3e-07
0.1741	18.9	0.6111606	0.9999585	8.170000000000001e-05	1e-07
0.1741	19.27	0.6111606	0.9999950999999999	3.12e-05	0.0
0.1741	19.63	0.6111606	0.9999898999999999	6.33e-05	0.0
0.1741	20.0	0.6111606	0.9999947	3.25e-05	0.0
0.1802	2.0	0.5597215	0.0	0.0	0.0
0.1802	2.37	0.5597215	0.0	0.0	0.0
0.1802	2.73	0.5597215	0.0	0.0	0.0
0.1802	3.1	0.5597215	0.0	0.0	0.0
0.1802	3.47	0.5597215	0.0	0.0	0.0
0.1802	3.84	0.5597215	0.0	0.0	0.0
0.1802	4.2	0.5597215	0.0	0.0	0.0
0.1802	4.57	0.5597215	0.0	0.0	0.0
0.1802	4.94	0.5597215	0.0	0.0	0.0
0.1802	5.31	0.5597215	0.0	0.0	0.0
0.1802	5.67	0.5597215	0.0	0.0	0.0
0.1802	6.04	0.5597215	0.0	0.0	0.0
0.1802	6.41	0.5597215	0.0	0.0	0.0
0.1802	6.78	0.5597215	0.0	0.0	0.0
0.1802	7.14	0.5597215	0.0	0.0	0.0
0.1802	7.51	0.5597215	0.0364919	0.0	0.0
0.1802	7.88	0.5597215	0.0385585	0.026876699999999996	0.0187341
0.1802	8.24	0.5597215	0.0830388	0.0353374	0.0164297
0.1802	8.61	0.5597215	0.2325805	0.0812983	0.032722299999999996
0.1802	8.98	0.5597215	0.2992436	0.10048280000000001	0.0394013
0.1802	9.35	0.5597215	0.4195158	0.1234167	0.043768600000000005
0.1802	9.71	0.5597215	0.5024309	0.11553450000000001	0.0488979
0.1802	10.08	0.5597215	0.5512866	0.1445634	0.0810427
0.1802	10.45	0.5597215	0.6229642	0.1729196	0.0852636
0.1802	10.82	0.5597215	0.7142582	0.1938142	0.1039328
0.1802	11.18	0.5597215	0.7912802	0.1977685	0.0802631
0.1802	11.55	0.5597215	0.8663008	0.1600579	0.0572182
0.1802	11.92	0.5597215	0.9097841000000001	0.0765522	0.022947699999999998
0.1802	12.29	0.5597215	0.9521120999999999	0.09390810000000001	0.0210697
0.1802	12.65	0.5597215	0.946584	0.0627082	0.0244511
0.1802	13.02	0.5597215	0.9808471000000001	0.0399788	0.0080873
0.1802	13.39	0.5597215	0.9819908999999999	0.039817200000000004	0.0085019
0.1802	13.76	0.5597215	0.9956118	0.0159527	0.0021872
0.1802	14.12	0.5597215	0.9913802	0.024923400000000002	0.0060516
0.1802	14.49	0.5597215	0.9986155	0.0010146	1.3999999999999997e-06
0.1802	14.86	0.5597215	0.9982659999999999	0.0012013	1.7e-06
0.1802	15.22	0.5597215	0.998367	0.0013212	2.8e-06
0.1802	15.59	0.5597215	0.9982454000000001	0.000902	1.2999999999999998e-06
0.1802	15.96	0.5597215	0.9987112	0.0005555	5e-07
0.1802	16.33	0.5597215	0.9989029	0.0007025	7e-07
0.1802	16.69	0.5597215	0.9991703000000001	0.0003928	5e-07
0.1802	17.06	0.5597215	0.9994102999999999	0.0004111999999999999	2e-07
0.1802	17.43	0.5597215	0.9993244000000001	0.0004844	4e-07
0.1802	17.8	0.5597215	0.9994799000000001	0.0002714	2e-07
0.1802	18.16	0.5597215	0.9994723000000001	0.00026680000000000003	2e-07
0.1802	18.53	0.5597215	0.9994582	0.0003016	3e-07
0.1802	18.9	0.5597215	0.9995454	0.0004021	4e-07
0.1802	19.27	0.5597215	0.9995013	0.0001959	2e-07
0.1802	19.63	0.5597215	0.9991182999999999	0.0003649	4e-07
0.1802	20.0	0.5597215	0.9989634000000001	0.0005891000000000001	6.999999999999999e-07
0.1858	2.0	0.5823025000000001	0.0	0.0	0.0
0.1858	2.37	0.5823025000000001	0.0	0.0	0.0
0.1858	2.73	0.5823025000000001	0.0	0.0	0.0
0.1858	3.1	0.5823025000000001	0.0	0.0	0.0
0.1858	3.47	0.5823025000000001	0.0	0.0	0.0
0.1858	3.84	0.5823025000000001	0.0	0.0	0.0
0.1858	4.2	0.5823025000000001	0.0	0.0	0.0
0.1858	4.57	0.5823025000000001	0.0	0.0	0.0
0.1858	4.94	0.5823025000000001	0.0	0.0	0.0
0.1858	5.31	0.5823025000000001	0.0	0.0	0.0
0.1858	5.67	0.5823025000000001	0.0	0.0	0.0
0.1858	6.04	0.5823025000000001	0.0	0.0	0.0
0.1858	6.41	0.5823025000000001	0.0	0.0	0.0
0.1858	6.78	0.5823025000000001	0.0	0.0	0.0
0.1858	7.14	0.5823025000000001	0.0	0.0	0.0
0.1858	7.51	0.5823025000000001	0.0447368	0.0	0.0
0.1858	7.88	0.5823025000000001	0.0694332	0.0263158	0.009973899999999999
0.1858	8.24	0.5823025000000001	0.1301081	0.013505900000000001	0.0020468
0.1858	8.61	0.5823025000000001	0.21796310000000002	0.001068	1.1799999999999999e-05
0.1858	8.98	0.5823025000000001	0.2684427	0.0647344	0.038114499999999996
0.1858	9.35	0.5823025000000001	0.3351606	0.1394956	0.09539539999999999
0.1858	9.71	0.5823025000000001	0.4036018	0.1869837	0.1258626
0.1858	10.08	0.5823025000000001	0.5599259	0.23858990000000002	0.1184026
0.1858	10.45	0.5823025000000001	0.6777105999999999	0.259387	0.13754660000000002
0.1858	10.82	0.5823025000000001	0.8223526	0.2191075	0.0943609
0.1858	11.18	0.5823025000000001	0.856854	0.2096622	0.0848613
0.1858	11.55	0.5823025000000001	0.9334662	0.13596740000000002	0.0384945
0.1858	11.92	0.5823025000000001	0.9655338	0.09309300000000001	0.0229509
0.1858	12.29	0.5823025000000001	0.9740198	0.1045549	0.0189933
0.1858	12.65	0.5823025000000001	0.9893097000000001	0.0464315	0.0068134
0.1858	13.02	0.5823025000000001	0.9958403	0.014429899999999999	0.0017971000000000005
0.1858	13.39	0.5823025000000001	0.9979715	0.0010451	1.3e-06
0.1858	13.76	0.5823025000000001	0.9976945	0.0013658	2.4e-06
0.1858	14.12	0.5823025000000001	0.9977195999999999	0.0013487	2.7e-06
0.1858	14.49	0.5823025000000001	0.9987418	0.0009904	1.4e-06
0.1858	14.86	0.5823025000000001	0.9991113	0.0007922999999999999	1e-06
0.1858	15.22	0.5823025000000001	0.9990997	0.0006302	6e-07
0.1858	15.59	0.5823025000000001	0.9993313	0.0004823	5e-07
0.1858	15.96	0.5823025000000001	0.9997557	0.0004267	2e-07
0.1858	16.33	0.5823025000000001	0.999649	0.0003321	2e-07
0.1858	16.69	0.5823025000000001	0.9995412	0.0002633	1e-07
0.1858	17.06	0.5823025000000001	0.9996981999999999	0.00030869999999999997	1e-07
0.1858	17.43	0.5823025000000001	0.9997624	0.0002223	1e-07
0.1858	17.8	0.5823025000000001	0.9997356	0.0002369	3e-07
0.1858	18.16	0.5823025000000001	0.9997296	0.000317	4e-07
0.1858	18.53	0.5823025000000001	0.999765	0.00021510000000000002	2e-07
0.1858	18.9	0.5823025000000001	0.9999948	3.2200000000000003e-05	0.0
0.1858	19.27	0.5823025000000001	1.0	0.0	0.0
0.1858	19.63	0.5823025000000001	0.9997928999999999	3.17e-05	0.0
0.1858	20.0	0.5823025000000001	0.9997928999999999	3.17e-05	0.0
0.1912	2.0	0.5388563	0.0	0.0	0.0
0.1912	2.37	0.5388563	0.0	0.0	0.0
0.1912	2.73	0.5388563	0.0	0.0	0.0
0.1912	3.1	0.5388563	0.0	0.0	0.0
0.1912	3.47	0.5388563	0.0	0.0	0.0
0.1912	3.84	0.5388563	0.0	0.0	0.0
0.1912	4.2	0.5388563	0.0	0.0	0.0
0.1912	4.57	0.5388563	0.0	0.0	0.0
0.1912	4.94	0.5388563	0.0	0.0	0.0
0.1912	5.31	0.5388563	0.0	0.0	0.0
0.1912	5.67	0.5388563	0.0	0.0	0.0
0.1912	6.04	0.5388563	0.0	0.0	0.0
0.1912	6.41	0.5388563	0.0	0.0	0.0
0.1912	6.78	0.5388563	0.0	0.0	0.0
0.1912	7.14	0.5388563	0.032310799999999994	0.0	0.0
0.1912	7.51	0.5388563	0.011997299999999999	0.0014588000000000001	0.0001774
0.1912	7.88	0.5388563	0.09952960000000001	0.0691913	0.0482475
0.1912	8.24	0.5388563	0.15676790000000002	0.06574899999999999	0.036074
0.1912	8.61	0.5388563	0.19302479999999997	0.0637895	0.0287669
0.1912	8.98	0.5388563	0.3172717	0.0448739	0.0267127
0.1912	9.35	0.5388563	0.3858982	0.0637026	0.0315081
0.1912	9.71	0.5388563	0.4676192	0.0761337	0.0407049
0.1912	10.08	0.5388563	0.5570551	0.12481230000000001	0.0748955
0.1912	10.45	0.5388563	0.586785	0.1746974	0.1052306
0.1912	10.82	0.5388563	0.6946984	0.18352490000000002	0.0901037
0.1912	11.18	0.5388563	0.7738549	0.21646320000000002	0.0936752
0.1912	11.55	0.5388563	0.8544628	0.1852799	0.0636792
0.1912	11.92	0.5388563	0.9049459000000001	0.1541196	0.042622299999999995
0.1912	12.29	0.5388563	0.9415075999999999	0.0961389	0.029259
0.1912	12.65	0.5388563	0.9614768	0.0830058	0.0155332
0.1912	13.02	0.5388563	0.9792275	0.056722400000000006	0.0073972
0.1912	13.39	0.5388563	0.9856496	0.0332279	0.0038640000000000002
0.1912	13.76	0.5388563	0.9843067	0.0371548	0.0046376
0.1912	14.12	0.5388563	0.9866244	0.032838700000000005	0.0041435
0.1912	14.49	0.5388563	0.987504	0.0210189	0.0035158999999999998
0.1912	14.86	0.5388563	0.9916995	0.016787299999999998	0.0019928000000000003
0.1912	15.22	0.5388563	0.9940348	0.0039422	3.92e-05
0.1912	15.59	0.5388563	0.9913504	0.0163752	0.0020009
0.1912	15.96	0.5388563	0.9942631000000001	0.0016378	5.199999999999999e-06
0.1912	16.33	0.5388563	0.9929775	0.014464100000000002	0.0018874999999999999
0.1912	16.69	0.5388563	0.9952249999999999	0.0014405	6.3e-06
0.1912	17.06	0.5388563	0.9921143000000001	0.013972500000000002	0.0018159
0.1912	17.43	0.5388563	0.9943753	0.0005449	1.0000000000000002e-06
0.1912	17.8	0.5388563	0.9952733	0.0011558	2.7e-06
0.1912	18.16	0.5388563	0.9933831	0.014155200000000001	0.0018793
0.1912	18.53	0.5388563	0.9935356000000001	0.013381800000000003	0.0016729999999999998
0.1912	18.9	0.5388563	0.9935421	0.0135051	0.0016841000000000002
0.1912	19.27	0.5388563	0.9957480999999999	0.0006636000000000001	1e-06
0.1912	19.63	0.5388563	0.9956493	0.0007665999999999999	9.000000000000001e-07
0.1912	20.0	0.5388563	0.9958107999999999	0.0006851	9.000000000000001e-07
0.1971	2.0	0.5590789	0.0	0.0	0.0
0.1971	2.37	0.5590789	0.0	0.0	0.0
0.1971	2.73	0.5590789	0.0	0.0	0.0
0.1971	3.1	0.5590789	0.0	0.0	0.0
0.1971	3.47	0.5590789	0.0	0.0	0.0
0.1971	3.84	0.5590789	0.0	0.0	0.0
0.1971	4.2	0.5590789	0.0	0.0	0.0
0.1971	4.57	0.5590789	0.0	0.0	0.0
0.1971	4.94	0.5590789	0.0	0.0	0.0
0.1971	5.31	0.5590789	0.0	0.0	0.0
0.1971	5.67	0.5590789	0.0	0.0	0.0
0.1971	6.04	0.5590789	0.0	0.0	0.0
0.1971	6.41	0.5590789	0.0	0.0	0.0
0.1971	6.78	0.5590789	0.0	0.0	0.0
0.1971	7.14	0.5590789	0.0115385	0.0	0.0
0.1971	7.51	0.5590789	0.012753	0.0	0.0
0.1971	7.88	0.5590789	0.0	0.0	0.0
0.1971	8.24	0.5590789	0.1040664	0.0061865999999999996	0.0014916
0.1971	8.61	0.5590789	0.1903071	0.027517000000000003	0.0116685
0.1971	8.98	0.5590789	0.2827557	0.0920292	0.061134
0.1971	9.35	0.5590789	0.2922272	0.13717980000000002	0.0841657
0.1971	9.71	0.5590789	0.38787150000000004	0.2391668	0.1633278
0.1971	10.08	0.5590789	0.5691436000000001	0.2586395	0.1414079
0.1971	10.45	0.5590789	0.6841162	0.24628740000000002	0.1147534
0.1971	10.82	0.5590789	0.7718856000000001	0.18797550000000002	0.0644867
0.1971	11.18	0.5590789	0.8212333	0.2036032	0.0707555
0.1971	11.55	0.5590789	0.8905671	0.181023	0.049858799999999995
0.1971	11.92	0.5590789	0.9217789	0.1099627	0.028944800000000003
0.1971	12.29	0.5590789	0.9435914000000001	0.1303464	0.0291979
0.1971	12.65	0.5590789	0.9794451000000001	0.0432681	0.0092926
0.1971	13.02	0.5590789	0.9875266	0.039543299999999997	0.0066124
0.1971	13.39	0.5590789	0.9863146	0.052910599999999995	0.008779499999999999
0.1971	13.76	0.5590789	0.9857136000000001	0.052569500000000005	0.008541700000000001
0.1971	14.12	0.5590789	0.9977039	0.0031751	4.6200000000000005e-05
0.1971	14.49	0.5590789	0.9957813999999999	0.015134199999999997	0.0021267
0.1971	14.86	0.5590789	0.9989962	0.0014877	7.000000000000001e-06
0.1971	15.22	0.5590789	0.9993802	0.0007340000000000001	1e-06
0.1971	15.59	0.5590789	0.9991472	0.0005651	7.000000000000001e-07
0.1971	15.96	0.5590789	0.9993945	0.0004125	2e-07
0.1971	16.33	0.5590789	0.9996098	0.0004836	7e-07
0.1971	16.69	0.5590789	0.9995262	0.00043119999999999996	4e-07
0.1971	17.06	0.5590789	0.9997261999999999	0.0003704	4e-07
0.1971	17.43	0.5590789	0.9997646	0.0002452	2e-07
0.1971	17.8	0.5590789	0.9997623000000001	0.0002141	2e-07
0.1971	18.16	0.5590789	0.9997287	0.00022669999999999998	2e-07
0.1971	18.53	0.5590789	0.9997354999999999	0.0002434	2e-07
0.1971	18.9	0.5590789	0.9994312000000001	8.01e-05	1e-07
0.1971	19.27	0.5590789	0.9967034	0.0141953	0.0020150000000000003
0.1971	19.63	0.5590789	0.9994265	0.0002672	2e-07
0.1971	20.0	0.5590789	0.9994039000000001	0.00026520000000000005	2e-07
0.2047	2.0	0.5318633	0.0	0.0	0.0
0.2047	2.37	0.5318633	0.0	0.0	0.0
0.2047	2.73	0.5318633	0.0	0.0	0.0
0.2047	3.1	0.5318633	0.0	0.0	0.0
0.2047	3.47	0.5318633	0.0	0.0	0.0
0.2047	3.84	0.5318633	0.0	0.0	0.0
0.2047	4.2	0.5318633	0.0	0.0	0.0
0.2047	4.57	0.5318633	0.0	0.0	0.0
0.2047	4.94	0.5318633	0.0	0.0	0.0
0.2047	5.31	0.5318633	0.0	0.0	0.0
0.2047	5.67	0.5318633	0.0	0.0	0.0
0.2047	6.04	0.5318633	0.0	0.0	0.0
0.2047	6.41	0.5318633	0.0	0.0	0.0
0.2047	6.78	0.5318633	0.0	0.0	0.0
0.2047	7.14	0.5318633	0.07535349999999999	0.0	0.0
0.2047	7.51	0.5318633	0.1124706	0.0	0.0
0.2047	7.88	0.5318633	0.0910438	0.0018093999999999999	3.6e-05
0.2047	8.24	0.5318633	0.14601579999999997	0.06451009999999999	0.0286983
0.2047	8.61	0.5318633	0.1597131	0.0747527	0.0424011
0.2047	8.98	0.5318633	0.23771599999999998	0.0811296	0.036825399999999994
0.2047	9.35	0.5318633	0.2927808	0.0453371	0.027047500000000002
0.2047	9.71	0.5318633	0.4031656	0.0769138	0.0278395
0.2047	10.08	0.5318633	0.43003089999999994	0.0715912	0.0381715
0.2047	10.45	0.5318633	0.4988209	0.12079290000000001	0.0740549
0.2047	10.82	0.5318633	0.5425606000000001	0.1657516	0.0964737
0.2047	11.18	0.5318633	0.6522489	0.1944324	0.1126128
0.2047	11.55	0.5318633	0.734941	0.1945522	0.0889914
0.2047	11.92	0.5318633	0.8089957	0.2051543	0.0887518
0.2047	12.29	0.5318633	0.8870773	0.1632786	0.0548405
0.2047	12.65	0.5318633	0.9550326	0.08218539999999999	0.0187136
0.2047	13.02	0.5318633	0.9681381	0.0552249	0.015392
0.2047	13.39	0.5318633	0.9942195	0.0065985	8.24e-05
0.2047	13.76	0.5318633	0.9864869	0.050961	0.008524
0.2047	14.12	0.5318633	0.9963027	0.0026316	1.3399999999999997e-05
0.2047	14.49	0.5318633	0.9970201	0.0021484	6.7e-06
0.2047	14.86	0.5318633	0.9982132	0.0012103	2.1e-06
0.2047	15.22	0.5318633	0.995696	0.014365	0.0019362000000000001
0.2047	15.59	0.5318633	0.9958135	0.0144642	0.0019125
0.2047	15.96	0.5318633	0.9984949000000001	0.0007002	9.000000000000001e-07
0.2047	16.33	0.5318633	0.9983786	0.0006910999999999999	6e-07
0.2047	16.69	0.5318633	0.9980337	0.0007028000000000001	8e-07
0.2047	17.06	0.5318633	0.9981034	0.0005943999999999999	5e-07
0.2047	17.43	0.5318633	0.9979975	0.0006654	8e-07
0.2047	17.8	0.5318633	0.9982668	0.0005548	6.999999999999999e-07
0.2047	18.16	0.5318633	0.998356	0.0005096	5e-07
0.2047	18.53	0.5318633	0.9984178	0.0004122	2e-07
0.2047	18.9	0.5318633	0.9985478000000001	0.0003049	2e-07
0.2047	19.27	0.5318633	0.9988113999999999	0.00042459999999999997	4e-07
0.2047	19.63	0.5318633	0.9988300000000001	0.00037679999999999994	2e-07
0.2047	20.0	0.5318633	0.9987873	0.0002365	1e-07
0.2173	2.0	0.5345392999999999	0.0	0.0	0.0
0.2173	2.37	0.5345392999999999	0.0	0.0	0.0
0.2173	2.73	0.5345392999999999	0.0	0.0	0.0
0.2173	3.1	0.5345392999999999	0.0	0.0	0.0
0.2173	3.47	0.5345392999999999	0.0	0.0	0.0
0.2173	3.84	0.5345392999999999	0.0	0.0	0.0
0.2173	4.2	0.5345392999999999	0.0	0.0	0.0
0.2173	4.57	0.5345392999999999	0.0	0.0	0.0
0.2173	4.94	0.5345392999999999	0.0	0.0	0.0
0.2173	5.31	0.5345392999999999	0.0	0.0	0.0
0.2173	5.67	0.5345392999999999	0.0	0.0	0.0
0.2173	6.04	0.5345392999999999	0.0	0.0	0.0
0.2173	6.41	0.5345392999999999	0.0	0.0	0.0
0.2173	6.78	0.5345392999999999	0.0	0.0	0.0
0.2173	7.14	0.5345392999999999	0.0	0.0	0.0
0.2173	7.51	0.5345392999999999	0.0	0.0	0.0
0.2173	7.88	0.5345392999999999	0.0224947	0.001217	0.0001197
0.2173	8.24	0.5345392999999999	0.047481	0.025259300000000002	0.0190868
0.2173	8.61	0.5345392999999999	0.1736473	0.0175815	0.0087669
0.2173	8.98	0.5345392999999999	0.2110966	0.0676708	0.033061600000000003
0.2173	9.35	0.5345392999999999	0.3172603	0.09472670000000001	0.05925860000000001
0.2173	9.71	0.5345392999999999	0.3924554	0.13986510000000002	0.084151
0.2173	10.08	0.5345392999999999	0.5848842000000001	0.23758980000000002	0.12854190000000001
0.2173	10.45	0.5345392999999999	0.6514201	0.2640412	0.1428927
0.2173	10.82	0.5345392999999999	0.7991545999999999	0.22654139999999998	0.1088216
0.2173	11.18	0.5345392999999999	0.8656515	0.24209540000000002	0.08613390000000001
0.2173	11.55	0.5345392999999999	0.949304	0.10722019999999999	0.030066700000000002
0.2173	11.92	0.5345392999999999	0.9744780000000001	0.0709093	0.0154802
0.2173	12.29	0.5345392999999999	0.9682219	0.10649629999999999	0.0210192
0.2173	12.65	0.5345392999999999	0.9832703	0.0579661	0.0089525
0.2173	13.02	0.5345392999999999	0.9952120000000001	0.0062956999999999996	0.0001437
0.2173	13.39	0.5345392999999999	0.9960542	0.004866199999999999	7.26e-05
0.2173	13.76	0.5345392999999999	0.9948019	0.016908899999999998	0.0023407000000000002
0.2173	14.12	0.5345392999999999	0.9955864999999999	0.0157243	0.0021252
0.2173	14.49	0.5345392999999999	0.9977758	0.0010507000000000001	2.1e-06
0.2173	14.86	0.5345392999999999	0.9981525	0.0007634	1.2e-06
0.2173	15.22	0.5345392999999999	0.9982507999999999	0.0009660000000000001	1.1e-06
0.2173	15.59	0.5345392999999999	0.9988197	0.000629	5e-07
0.2173	15.96	0.5345392999999999	0.9992978000000001	0.0005538	6e-07
0.2173	16.33	0.5345392999999999	0.9996202999999999	0.0005513	5e-07
0.2173	16.69	0.5345392999999999	0.9994461000000001	0.0005685	4e-07
0.2173	17.06	0.5345392999999999	0.9994192	0.00046080000000000003	3e-07
0.2173	17.43	0.5345392999999999	0.9995357	0.0003705	2e-07
0.2173	17.8	0.5345392999999999	0.9993806	0.00031390000000000004	3e-07
0.2173	18.16	0.5345392999999999	0.9991918	0.00031199999999999994	2e-07
0.2173	18.53	0.5345392999999999	0.9971244	0.0137245	0.0018649000000000003
0.2173	18.9	0.5345392999999999	0.9993687	0.00034270000000000004	3e-07
0.2173	19.27	0.5345392999999999	0.9994970000000001	0.0001332	1e-07
0.2173	19.63	0.5345392999999999	0.9995319	0.00010410000000000001	1e-07
0.2173	20.0	0.5345392999999999	0.9995619	0.0002877	3e-07
0.2293	2.0	0.5163971	0.0	0.0	0.0
0.2293	2.37	0.5163971	0.0	0.0	0.0
0.2293	2.73	0.5163971	0.0	0.0	0.0
0.2293	3.1	0.5163971	0.0	0.0	0.0
0.2293	3.47	0.5163971	0.0	0.0	0.0
0.2293	3.84	0.5163971	0.0	0.0	0.0
0.2293	4.2	0.5163971	0.0	0.0	0.0
0.2293	4.57	0.5163971	0.0	0.0	0.0
0.2293	4.94	0.5163971	0.0	0.0	0.0
0.2293	5.31	0.5163971	0.0	0.0	0.0
0.2293	5.67	0.5163971	0.0	0.0	0.0
0.2293	6.04	0.5163971	0.0	0.0	0.0
0.2293	6.41	0.5163971	0.0	0.0	0.0
0.2293	6.78	0.5163971	0.0	0.0	0.0
0.2293	7.14	0.5163971	0.05887099999999999	0.0	0.0
0.2293	7.51	0.5163971	0.087836	9.5e-05	1e-07
0.2293	7.88	0.5163971	0.08883569999999999	0.0005607	3.4999999999999995e-06
0.2293	8.24	0.5163971	0.1024308	0.0179665	0.0037344
0.2293	8.61	0.5163971	0.11097549999999998	0.007821499999999999	0.0026499
0.2293	8.98	0.5163971	0.1624104	0.0372199	0.0330936
0.2293	9.35	0.5163971	0.2573295	0.0655685	0.0438746
0.2293	9.71	0.5163971	0.2849613	0.0863677	0.0542246
0.2293	10.08	0.5163971	0.39184779999999997	0.1470659	0.0926945
0.2293	10.45	0.5163971	0.4598597	0.1585568	0.0896254
0.2293	10.82	0.5163971	0.5266376	0.1970265	0.1095545
0.2293	11.18	0.5163971	0.6198184999999999	0.172963	0.0807679
0.2293	11.55	0.5163971	0.7417186	0.12732729999999998	0.062073100000000006
0.2293	11.92	0.5163971	0.7918417	0.12801659999999998	0.0515945
0.2293	12.29	0.5163971	0.8641154	0.1199277	0.0464333
0.2293	12.65	0.5163971	0.8930913	0.11384399999999999	0.0432105
0.2293	13.02	0.5163971	0.9348402	0.07342649999999999	0.0237757
0.2293	13.39	0.5163971	0.96242	0.0505949	0.013182100000000002
0.2293	13.76	0.5163971	0.9778596	0.033236	0.0045218
0.2293	14.12	0.5163971	0.9848847	0.0184378	0.00227
0.2293	14.49	0.5163971	0.9865645000000001	0.0175611	0.0021601
0.2293	14.86	0.5163971	0.989757	0.0026774	1.0800000000000002e-05
0.2293	15.22	0.5163971	0.9903343	0.0022592	9.7e-06
0.2293	15.59	0.5163971	0.9908220999999999	0.0013048	3.4e-06
0.2293	15.96	0.5163971	0.9910116999999999	0.0014004	3.1e-06
0.2293	16.33	0.5163971	0.9898633	0.0014823000000000002	3.9e-06
0.2293	16.69	0.5163971	0.9901298000000001	0.0011857999999999999	2.5e-06
0.2293	17.06	0.5163971	0.991138	0.0012348	3e-06
0.2293	17.43	0.5163971	0.9909946999999999	0.0011922	3.2999999999999997e-06
0.2293	17.8	0.5163971	0.9918669	0.0009461000000000001	2.2e-06
0.2293	18.16	0.5163971	0.9917113000000001	0.001012	2.0000000000000003e-06
0.2293	18.53	0.5163971	0.991682	0.0010183	2e-06
0.2293	18.9	0.5163971	0.9929815	0.0009131	1.8000000000000001e-06
0.2293	19.27	0.5163971	0.9915758	0.0008512000000000001	1.4999999999999998e-06
0.2293	19.63	0.5163971	0.9923253000000001	0.0007128	1.0000000000000002e-06
0.2293	20.0	0.5163971	0.9917235	0.00048530000000000003	7e-07
0.2374	2.0	0.5448183999999999	0.0	0.0	0.0
0.2374	2.37	0.5448183999999999	0.0	0.0	0.0
0.2374	2.73	0.5448183999999999	0.0	0.0	0.0
0.2374	3.1	0.5448183999999999	0.0	0.0	0.0
0.2374	3.47	0.5448183999999999	0.0	0.0	0.0
0.2374	3.84	0.5448183999999999	0.0	0.0	0.0
0.2374	4.2	0.5448183999999999	0.0	0.0	0.0
0.2374	4.57	0.5448183999999999	0.0	0.0	0.0
0.2374	4.94	0.5448183999999999	0.0	0.0	0.0
0.2374	5.31	0.5448183999999999	0.0	0.0	0.0
0.2374	5.67	0.5448183999999999	0.0	0.0	0.0
0.2374	6.04	0.5448183999999999	0.0	0.0	0.0
0.2374	6.41	0.5448183999999999	0.0	0.0	0.0
0.2374	6.78	0.5448183999999999	0.0	0.0	0.0
0.2374	7.14	0.5448183999999999	0.0	0.0	0.0
0.2374	7.51	0.5448183999999999	0.0104839	0.0	0.0
0.2374	7.88	0.5448183999999999	0.0910961	0.0171728	0.0036582999999999997
0.2374	8.24	0.5448183999999999	0.0955243	0.0632345	0.045651
0.2374	8.61	0.5448183999999999	0.172423	0.055618	0.0249543
0.2374	8.98	0.5448183999999999	0.2075838	0.0690477	0.028496900000000002
0.2374	9.35	0.5448183999999999	0.39579529999999996	0.0843877	0.0283946
0.2374	9.71	0.5448183999999999	0.44076269999999995	0.10958280000000001	0.038987
0.2374	10.08	0.5448183999999999	0.48600519999999997	0.1377812	0.0585434
0.2374	10.45	0.5448183999999999	0.5426234	0.158242	0.0687446
0.2374	10.82	0.5448183999999999	0.5944461	0.1375602	0.0582607
0.2374	11.18	0.5448183999999999	0.6314511	0.17080959999999998	0.0885373
0.2374	11.55	0.5448183999999999	0.6837129	0.1318297	0.0715422
0.2374	11.92	0.5448183999999999	0.7789977	0.15268299999999999	0.0738704
0.2374	12.29	0.5448183999999999	0.8645555999999999	0.1380766	0.053468400000000006
0.2374	12.65	0.5448183999999999	0.8884174	0.11848670000000001	0.0473632
0.2374	13.02	0.5448183999999999	0.9542301	0.08590909999999999	0.0209656
0.2374	13.39	0.5448183999999999	0.9581756	0.0846375	0.021291300000000003
0.2374	13.76	0.5448183999999999	0.9749167	0.0695118	0.016458100000000003
0.2374	14.12	0.5448183999999999	0.9921905000000001	0.03134820000000001	0.0042491000000000004
0.2374	14.49	0.5448183999999999	0.9963395	0.0046362	8.089999999999999e-05
0.2374	14.86	0.5448183999999999	0.9957048000000001	0.005010199999999999	0.00010740000000000001
0.2374	15.22	0.5448183999999999	0.9972011000000001	0.0037724	4.73e-05
0.2374	15.59	0.5448183999999999	0.9990794	0.001143	2.4e-06
0.2374	15.96	0.5448183999999999	0.9993589999999999	0.0008782	1.5e-06
0.2374	16.33	0.5448183999999999	0.9993207	0.0007567	8e-07
0.2374	16.69	0.5448183999999999	0.9994038	0.0005509	6e-07
0.2374	17.06	0.5448183999999999	0.9990203	0.0007541000000000001	1.1e-06
0.2374	17.43	0.5448183999999999	0.9983943	0.0006088	1.1e-06
0.2374	17.8	0.5448183999999999	0.9986168	0.0004175	5e-07
0.2374	18.16	0.5448183999999999	0.9993015	0.00040879999999999996	6e-07
0.2374	18.53	0.5448183999999999	0.999598	0.0002706	4e-07
0.2374	18.9	0.5448183999999999	0.9995841999999999	0.0003039	3e-07
0.2374	19.27	0.5448183999999999	0.9950103	0.0196922	0.0038974999999999995
0.2374	19.63	0.5448183999999999	0.9993892000000001	0.0004555	2e-07
0.2374	20.0	0.5448183999999999	0.9997255	0.00030460000000000003	1e-07
0.2451	2.0	0.5171758	0.0	0.0	0.0
0.2451	2.37	0.5171758	0.0	0.0	0.0
0.2451	2.73	0.5171758	0.0	0.0	0.0
0.2451	3.1	0.5171758	0.0	0.0	0.0
0.2451	3.47	0.5171758	0.0	0.0	0.0
0.2451	3.84	0.5171758	0.0	0.0	0.0
0.2451	4.2	0.5171758	0.0	0.0	0.0
0.2451	4.57	0.5171758	0.0	0.0	0.0
0.2451	4.94	0.5171758	0.0	0.0	0.0
0.2451	5.31	0.5171758	0.0	0.0	0.0
0.2451	5.67	0.5171758	0.0	0.0	0.0
0.2451	6.04	0.5171758	0.0	0.0	0.0
0.2451	6.41	0.5171758	0.0	0.0	0.0
0.2451	6.78	0.5171758	0.0	0.0	0.0
0.2451	7.14	0.5171758	0.0	0.0	0.0
0.2451	7.51	0.5171758	0.013554199999999999	0.0027108	0.0005422
0.2451	7.88	0.5171758	0.06607350000000001	0.027198	0.0169568
0.2451	8.24	0.5171758	0.12846829999999998	0.05817110000000001	0.0300682
0.2451	8.61	0.5171758	0.1905735	0.056915099999999996	0.0221129
0.2451	8.98	0.5171758	0.2183451	0.0586141	0.0194808
0.2451	9.35	0.5171758	0.29178899999999997	0.0680778	0.0342611
0.2451	9.71	0.5171758	0.3369565	0.0659447	0.0378585
0.2451	10.08	0.5171758	0.40185740000000003	0.1027247	0.0532837
0.2451	10.45	0.5171758	0.4664211	0.1688775	0.0873578
0.2451	10.82	0.5171758	0.5357195	0.169514	0.0960424
0.2451	11.18	0.5171758	0.6541621	0.2209812	0.12157100000000001
0.2451	11.55	0.5171758	0.7624945000000001	0.1997779	0.0919887
0.2451	11.92	0.5171758	0.8669356	0.1887096	0.0672441
0.2451	12.29	0.5171758	0.8879157	0.1767955	0.0686997
0.2451	12.65	0.5171758	0.9594187999999999	0.0965538	0.0211966
0.2451	13.02	0.5171758	0.9608858	0.11980309999999998	0.0261092
0.2451	13.39	0.5171758	0.9921181000000001	0.0186993	0.0021478
0.2451	13.76	0.5171758	0.9847081	0.051058599999999996	0.0077989
0.2451	14.12	0.5171758	0.9885936000000001	0.0440241	0.0060631
0.2451	14.49	0.5171758	0.9950963999999999	0.0034153000000000005	2.76e-05
0.2451	14.86	0.5171758	0.9955024	0.0028051	1.59e-05
0.2451	15.22	0.5171758	0.995177	0.0031046	1.73e-05
0.2451	15.59	0.5171758	0.9969891000000001	0.0021933	8.2e-06
0.2451	15.96	0.5171758	0.9972030999999999	0.001719	4.6e-06
0.2451	16.33	0.5171758	0.9973582000000001	0.0015976	3.5000000000000004e-06
0.2451	16.69	0.5171758	0.997086	0.0020742	8.8e-06
0.2451	17.06	0.5171758	0.9973407	0.001499	4.7e-06
0.2451	17.43	0.5171758	0.9983968000000001	0.0013265	2.9e-06
0.2451	17.8	0.5171758	0.9987076	0.0012979	3.4e-06
0.2451	18.16	0.5171758	0.9989136999999999	0.0008659999999999999	1.2999999999999998e-06
0.2451	18.53	0.5171758	0.9981044000000001	0.0007678	9.000000000000001e-07
0.2451	18.9	0.5171758	0.9977706	0.0006292	6e-07
0.2451	19.27	0.5171758	0.9983568999999999	0.000477	3e-07
0.2451	19.63	0.5171758	0.9985772	0.0004137	4e-07
0.2451	20.0	0.5171758	0.9991089000000001	0.0002544	1e-07
0.2543	2.0	0.49699	0.0	0.0	0.0
0.2543	2.37	0.49699	0.0	0.0	0.0
0.2543	2.73	0.49699	0.0	0.0	0.0
0.2543	3.1	0.49699	0.0	0.0	0.0
0.2543	3.47	0.49699	0.0	0.0	0.0
0.2543	3.84	0.49699	0.0	0.0	0.0
0.2543	4.2	0.49699	0.0	0.0	0.0
0.2543	4.57	0.49699	0.0	0.0	0.0
0.2543	4.94	0.49699	0.0	0.0	0.0
0.2543	5.31	0.49699	0.0	0.0	0.0
0.2543	5.67	0.49699	0.0	0.0	0.0
0.2543	6.04	0.49699	0.0	0.0	0.0
0.2543	6.41	0.49699	0.0	0.0	0.0
0.2543	6.78	0.49699	0.0	0.0	0.0
0.2543	7.14	0.49699	0.0	0.0	0.0
0.2543	7.51	0.49699	0.0	0.0	0.0
0.2543	7.88	0.49699	0.0117647	0.0	0.0
0.2543	8.24	0.49699	0.059256699999999995	0.0087349	0.0029801999999999997
0.2543	8.61	0.49699	0.11989290000000001	0.0141566	0.0068100999999999995
0.2543	8.98	0.49699	0.165769	0.07171079999999999	0.0562748
0.2543	9.35	0.49699	0.2936893	0.1643704	0.1010815
0.2543	9.71	0.49699	0.37564220000000004	0.1979706	0.1157702
0.2543	10.08	0.49699	0.46226779999999995	0.16058840000000002	0.0826534
0.2543	10.45	0.49699	0.5281693	0.1489787	0.057974700000000004
0.2543	10.82	0.49699	0.6214744999999999	0.1427725	0.056542300000000004
0.2543	11.18	0.49699	0.6824155000000001	0.1273781	0.040977799999999995
0.2543	11.55	0.49699	0.7314164	0.13525859999999998	0.0610691
0.2543	11.92	0.49699	0.7995701000000001	0.1139243	0.050446000000000005
0.2543	12.29	0.49699	0.8560690000000001	0.10530729999999999	0.038584099999999996
0.2543	12.65	0.49699	0.8866624999999999	0.10199480000000001	0.036101499999999995
0.2543	13.02	0.49699	0.9486891	0.0943863	0.0223736
0.2543	13.39	0.49699	0.9790547	0.0382281	0.0061209
0.2543	13.76	0.49699	0.9874549	0.020684099999999997	0.0031513
0.2543	14.12	0.49699	0.9923046	0.0203536	0.0023062
0.2543	14.49	0.49699	0.9947936000000001	0.0171429	0.0021702
0.2543	14.86	0.49699	0.9979454999999999	0.0024015	1.96e-05
0.2543	15.22	0.49699	0.9962882000000001	0.014414399999999999	0.0016508999999999999
0.2543	15.59	0.49699	0.9988992	0.0010506	1.6e-06
0.2543	15.96	0.49699	0.9965764	0.014354699999999998	0.0018991000000000001
0.2543	16.33	0.49699	0.9968975999999999	0.014895700000000001	0.0021118
0.2543	16.69	0.49699	0.9974558	0.0144096	0.0020232
0.2543	17.06	0.49699	0.9989478999999999	0.0006071	8e-07
0.2543	17.43	0.49699	0.9986687999999999	0.00048660000000000006	6e-07
0.2543	17.8	0.49699	0.9988372	0.0005616	8e-07
0.2543	18.16	0.49699	0.9970196	0.0143651	0.0019515000000000001
0.2543	18.53	0.49699	0.9992065	0.0006945	1.1e-06
0.2543	18.9	0.49699	0.9989098999999999	0.0004975	7e-07
0.2543	19.27	0.49699	0.9990315000000001	0.00037440000000000005	5e-07
0.2543	19.63	0.49699	0.9993909999999999	0.0001764	0.0
0.2543	20.0	0.49699	0.9995103000000001	0.00033759999999999997	3e-07
0.2659	2.0	0.4738041	0.0	0.0	0.0
0.2659	2.37	0.4738041	0.0	0.0	0.0
0.2659	2.73	0.4738041	0.0	0.0	0.0
0.2659	3.1	0.4738041	0.0	0.0	0.0
0.2659	3.47	0.4738041	0.0	0.0	0.0
0.2659	3.84	0.4738041	0.0	0.0	0.0
0.2659	4.2	0.4738041	0.0	0.0	0.0
0.2659	4.57	0.4738041	0.0	0.0	0.0
0.2659	4.94	0.4738041	0.0	0.0	0.0
0.2659	5.31	0.4738041	0.0	0.0	0.0
0.2659	5.67	0.4738041	0.0	0.0	0.0
0.2659	6.04	0.4738041	0.0	0.0	0.0
0.2659	6.41	0.4738041	0.0	0.0	0.0
0.2659	6.78	0.4738041	0.0	0.0	0.0
0.2659	7.14	0.4738041	0.0	0.0	0.0
0.2659	7.51	0.4738041	0.0	0.0	0.0
0.2659	7.88	0.4738041	0.0	0.0	0.0
0.2659	8.24	0.4738041	0.0360324	0.0208502	0.012065
0.2659	8.61	0.4738041	0.0531883	0.0176951	0.005887
0.2659	8.98	0.4738041	0.1306399	0.0388164	0.0215003
0.2659	9.35	0.4738041	0.1826988	0.0320617	0.011950800000000001
0.2659	9.71	0.4738041	0.2288935	0.0692439	0.0484355
0.2659	10.08	0.4738041	0.2918811	0.1300027	0.0827281
0.2659	10.45	0.4738041	0.3627176	0.1814705	0.10674329999999999
0.2659	10.82	0.4738041	0.4961793	0.1675416	0.0929018
0.2659	11.18	0.4738041	0.6015408	0.2202135	0.1126833
0.2659	11.55	0.4738041	0.7106024	0.24092570000000002	0.1259437
0.2659	11.92	0.4738041	0.8059801999999999	0.1939669	0.0941554
0.2659	12.29	0.4738041	0.9097047	0.12938129999999998	0.0450109
0.2659	12.65	0.4738041	0.9393642	0.1171222	0.0336372
0.2659	13.02	0.4738041	0.9721766000000001	0.07674030000000001	0.015074899999999999
0.2659	13.39	0.4738041	0.9865955	0.0374928	0.006398300000000001
0.2659	13.76	0.4738041	0.9899985000000001	0.0432986	0.0056908
0.2659	14.12	0.4738041	0.9903784	0.043944	0.0061724
0.2659	14.49	0.4738041	0.9976988999999999	0.0023002	1.4200000000000001e-05
0.2659	14.86	0.4738041	0.9979374	0.0024272	1.7e-05
0.2659	15.22	0.4738041	0.9990853	0.0012462	3.2e-06
0.2659	15.59	0.4738041	0.9992706	0.0010547	1.6e-06
0.2659	15.96	0.4738041	0.9992195	0.0010202000000000002	1.8999999999999998e-06
0.2659	16.33	0.4738041	0.9968783999999999	0.0142709	0.0019253
0.2659	16.69	0.4738041	0.9991139	0.0005350999999999999	6e-07
0.2659	17.06	0.4738041	0.9991766	0.0005042	4e-07
0.2659	17.43	0.4738041	0.9989785	0.0005341	4e-07
0.2659	17.8	0.4738041	0.9988396999999999	0.0006026	6e-07
0.2659	18.16	0.4738041	0.9990952	0.0003651	2e-07
0.2659	18.53	0.4738041	0.999225	0.0004707	4e-07
0.2659	18.9	0.4738041	0.9993359999999999	0.0002791	2e-07
0.2659	19.27	0.4738041	0.9993228999999999	0.00031580000000000003	3e-07
0.2659	19.63	0.4738041	0.9994871	0.0003516	4e-07
0.2659	20.0	0.4738041	0.9995599000000001	0.00033800000000000003	3e-07
0.2892	2.0	0.4863357	0.0	0.0	0.0
0.2892	2.37	0.4863357	0.0	0.0	0.0
0.2892	2.73	0.4863357	0.0	0.0	0.0
0.2892	3.1	0.4863357	0.0	0.0	0.0
0.2892	3.47	0.4863357	0.0	0.0	0.0
0.2892	3.84	0.4863357	0.0	0.0	0.0
0.2892	4.2	0.4863357	0.0	0.0	0.0
0.2892	4.57	0.4863357	0.0	0.0	0.0
0.2892	4.94	0.4863357	0.0	0.0	0.0
0.2892	5.31	0.4863357	0.0	0.0	0.0
0.2892	5.67	0.4863357	0.0	0.0	0.0
0.2892	6.04	0.4863357	0.0	0.0	0.0
0.2892	6.41	0.4863357	0.0	0.0	0.0
0.2892	6.78	0.4863357	0.0	0.0	0.0
0.2892	7.14	0.4863357	0.0	0.0	0.0
0.2892	7.51	0.4863357	0.011609	0.0	0.0
0.2892	7.88	0.4863357	0.0	0.0	0.0
0.2892	8.24	0.4863357	0.0471556	0.0	0.0
0.2892	8.61	0.4863357	0.1270654	0.0	0.0
0.2892	8.98	0.4863357	0.1603272	0.1067477	0.07502640000000001
0.2892	9.35	0.4863357	0.254612	0.11044260000000002	0.056860299999999996
0.2892	9.71	0.4863357	0.42260790000000004	0.14531650000000002	0.06870960000000001
0.2892	10.08	0.4863357	0.4810791	0.156127	0.07050529999999999
0.2892	10.45	0.4863357	0.5713933	0.1687535	0.0841981
0.2892	10.82	0.4863357	0.6508129	0.1677559	0.07636760000000001
0.2892	11.18	0.4863357	0.6718135000000001	0.1303221	0.0682941
0.2892	11.55	0.4863357	0.7525667	0.1580837	0.0722009
0.2892	11.92	0.4863357	0.8130940000000001	0.1624949	0.0682522
0.2892	12.29	0.4863357	0.8836223999999999	0.1479408	0.050021899999999994
0.2892	12.65	0.4863357	0.9164467000000001	0.1388384	0.0414123
0.2892	13.02	0.4863357	0.9574811000000001	0.0629167	0.01942
0.2892	13.39	0.4863357	0.9832143	0.0470483	0.006422799999999999
0.2892	13.76	0.4863357	0.9931315	0.0191432	0.0018376
0.2892	14.12	0.4863357	0.9924576	0.018901099999999997	0.0023052000000000003
0.2892	14.49	0.4863357	0.9944495	0.0163305	0.00163
0.2892	14.86	0.4863357	0.9955909000000001	0.0161178	0.0020080000000000002
0.2892	15.22	0.4863357	0.9929821999999999	0.0211736	0.0039101000000000006
0.2892	15.59	0.4863357	0.9978474	0.0020042000000000003	6.5999999999999995e-06
0.2892	15.96	0.4863357	0.9981876	0.0012864999999999999	2.7e-06
0.2892	16.33	0.4863357	0.9987625	0.001042	2.7e-06
0.2892	16.69	0.4863357	0.9991251999999999	0.0006295000000000001	7e-07
0.2892	17.06	0.4863357	0.9992329999999999	0.0004638	6e-07
0.2892	17.43	0.4863357	0.9996117	0.0004228	3e-07
0.2892	17.8	0.4863357	0.9993333	0.00039370000000000003	3e-07
0.2892	18.16	0.4863357	0.9992893	0.0002911	2e-07
0.2892	18.53	0.4863357	0.9993209000000001	0.00035769999999999997	1e-07
0.2892	18.9	0.4863357	0.9993791999999999	0.000288	1e-07
0.2892	19.27	0.4863357	0.9993536000000001	0.0004216	3e-07
0.2892	19.63	0.4863357	0.9992066000000002	0.0003323	3e-07
0.2892	20.0	0.4863357	0.9997819	9.42e-05	0.0
0.3034	2.0	0.4426811	0.0	0.0	0.0
0.3034	2.37	0.4426811	0.0	0.0	0.0
0.3034	2.73	0.4426811	0.0	0.0	0.0
0.3034	3.1	0.4426811	0.0	0.0	0.0
0.3034	3.47	0.4426811	0.0	0.0	0.0
0.3034	3.84	0.4426811	0.0	0.0	0.0
0.3034	4.2	0.4426811	0.0	0.0	0.0
0.3034	4.57	0.4426811	0.0	0.0	0.0
0.3034	4.94	0.4426811	0.0	0.0	0.0
0.3034	5.31	0.4426811	0.0	0.0	0.0
0.3034	5.67	0.4426811	0.0	0.0	0.0
0.3034	6.04	0.4426811	0.0	0.0	0.0
0.3034	6.41	0.4426811	0.0	0.0	0.0
0.3034	6.78	0.4426811	0.0	0.0	0.0
0.3034	7.14	0.4426811	0.0	0.0	0.0
0.3034	7.51	0.4426811	0.0	0.0	0.0
0.3034	7.88	0.4426811	0.0	0.0	0.0
0.3034	8.24	0.4426811	0.0109756	0.0	0.0
0.3034	8.61	0.4426811	0.0676813	0.0	0.0
0.3034	8.98	0.4426811	0.051459	0.029352200000000002	0.020965900000000003
0.3034	9.35	0.4426811	0.1047993	0.0209888	0.0085008
0.3034	9.71	0.4426811	0.1276404	0.0429245	0.0227153
0.3034	10.08	0.4426811	0.2312036	0.0955458	0.05956669999999999
0.3034	10.45	0.4426811	0.3040146	0.13060770000000002	0.0786472
0.3034	10.82	0.4426811	0.34124030000000005	0.14608210000000002	0.0729383
0.3034	11.18	0.4426811	0.42377279999999995	0.1849718	0.10177359999999999
0.3034	11.55	0.4426811	0.5102199	0.1983637	0.1064974
0.3034	11.92	0.4426811	0.6121533	0.20295040000000003	0.1116132
0.3034	12.29	0.4426811	0.7015234	0.1837646	0.0890966
0.3034	12.65	0.4426811	0.8004346999999999	0.1724167	0.062893
0.3034	13.02	0.4426811	0.8763947	0.1554056	0.044325500000000004
0.3034	13.39	0.4426811	0.9260395000000001	0.10781149999999999	0.0282208
0.3034	13.76	0.4426811	0.9652889	0.057365900000000004	0.0128051
0.3034	14.12	0.4426811	0.9792766	0.0482407	0.0074544
0.3034	14.49	0.4426811	0.9944175	0.0062765	0.0001226
0.3034	14.86	0.4426811	0.9941216	0.0163809	0.0019057999999999998
0.3034	15.22	0.4426811	0.9950969000000001	0.0182035	0.0019896000000000002
0.3034	15.59	0.4426811	0.9979011	0.0018244	1.1400000000000001e-05
0.3034	15.96	0.4426811	0.9983453000000001	0.0012118	4e-06
0.3034	16.33	0.4426811	0.998812	0.000852	2.1000000000000002e-06
0.3034	16.69	0.4426811	0.9984615	0.0011918999999999999	5.1e-06
0.3034	17.06	0.4426811	0.9986708999999999	0.0008521	1.6e-06
0.3034	17.43	0.4426811	0.9971599	0.013581600000000003	0.0017398000000000003
0.3034	17.8	0.4426811	0.9993501	0.000682	6e-07
0.3034	18.16	0.4426811	0.9994730000000001	0.0005818	5e-07
0.3034	18.53	0.4426811	0.9993779	0.0005341	4e-07
0.3034	18.9	0.4426811	0.9993805	0.0004037	4e-07
0.3034	19.27	0.4426811	0.9986288	0.0006072	8e-07
0.3034	19.63	0.4426811	0.9986792	0.0006328999999999999	8e-07
0.3034	20.0	0.4426811	0.9994740999999999	0.000216	3e-07
0.3103	2.0	0.4480897	0.0	0.0	0.0
0.3103	2.37	0.4480897	0.0	0.0	0.0
0.3103	2.73	0.4480897	0.0	0.0	0.0
0.3103	3.1	0.4480897	0.0	0.0	0.0
0.3103	3.47	0.4480897	0.0	0.0	0.0
0.3103	3.84	0.4480897	0.0	0.0	0.0
0.3103	4.2	0.4480897	0.0	0.0	0.0
0.3103	4.57	0.4480897	0.0	0.0	0.0
0.3103	4.94	0.4480897	0.0	0.0	0.0
0.3103	5.31	0.4480897	0.0	0.0	0.0
0.3103	5.67	0.4480897	0.0	0.0	0.0
0.3103	6.04	0.4480897	0.0	0.0	0.0
0.3103	6.41	0.4480897	0.0	0.0	0.0
0.3103	6.78	0.4480897	0.0	0.0	0.0
0.3103	7.14	0.4480897	0.0	0.0	0.0
0.3103	7.51	0.4480897	0.0	0.0	0.0
0.3103	7.88	0.4480897	0.0306841	0.0015091	7.42e-05
0.3103	8.24	0.4480897	0.0794526	0.0	0.0
0.3103	8.61	0.4480897	0.0436948	0.029844	0.029758600000000003
0.3103	8.98	0.4480897	0.09401010000000001	0.0313152	0.016922899999999998
0.3103	9.35	0.4480897	0.12601769999999998	0.0616763	0.031709
0.3103	9.71	0.4480897	0.2282139	0.0740454	0.0430141
0.3103	10.08	0.4480897	0.3427428	0.1371217	0.0692064
0.3103	10.45	0.4480897	0.422019	0.18312040000000002	0.1176047
0.3103	10.82	0.4480897	0.5050349	0.18890780000000001	0.11121840000000001
0.3103	11.18	0.4480897	0.6191085000000001	0.2077086	0.10240449999999998
0.3103	11.55	0.4480897	0.651077	0.21324039999999997	0.1078235
0.3103	11.92	0.4480897	0.79524	0.1990572	0.0836522
0.3103	12.29	0.4480897	0.9016119	0.1438957	0.0439137
0.3103	12.65	0.4480897	0.9219237	0.1016651	0.0332471
0.3103	13.02	0.4480897	0.9606818	0.0664397	0.015595000000000001
0.3103	13.39	0.4480897	0.9730879	0.0413917	0.0089862
0.3103	13.76	0.4480897	0.9886079999999999	0.0276698	0.0035491000000000003
0.3103	14.12	0.4480897	0.9828703000000001	0.0611019	0.0096808
0.3103	14.49	0.4480897	0.9953516	0.0020845	6.6e-06
0.3103	14.86	0.4480897	0.9963877	0.001999	5.6e-06
0.3103	15.22	0.4480897	0.996672	0.0012584	2.2e-06
0.3103	15.59	0.4480897	0.9976406000000001	0.0012104	2.4999999999999998e-06
0.3103	15.96	0.4480897	0.9975316	0.001103	2.3e-06
0.3103	16.33	0.4480897	0.9977188	0.0007934999999999999	1.1e-06
0.3103	16.69	0.4480897	0.9977579999999999	0.000887	1.1e-06
0.3103	17.06	0.4480897	0.9973886000000001	0.0010225999999999998	1.6e-06
0.3103	17.43	0.4480897	0.9975764999999999	0.0008111	1.1e-06
0.3103	17.8	0.4480897	0.9981947	0.0007489	6e-07
0.3103	18.16	0.4480897	0.9984501	0.0006136	5e-07
0.3103	18.53	0.4480897	0.9989463000000001	0.00044510000000000003	3e-07
0.3103	18.9	0.4480897	0.9965662	0.014222499999999999	0.0019477000000000001
0.3103	19.27	0.4480897	0.9984977	0.0006099	8e-07
0.3103	19.63	0.4480897	0.9985115999999999	0.0006974	8e-07
0.3103	20.0	0.4480897	0.9988288000000001	0.0006153	7e-07
0.3169	2.0	0.42797229999999997	0.0	0.0	0.0
0.3169	2.37	0.42797229999999997	0.0	0.0	0.0
0.3169	2.73	0.42797229999999997	0.0	0.0	0.0
0.3169	3.1	0.42797229999999997	0.0	0.0	0.0
0.3169	3.47	0.42797229999999997	0.0	0.0	0.0
0.3169	3.84	0.42797229999999997	0.0	0.0	0.0
0.3169	4.2	0.42797229999999997	0.0	0.0	0.0
0.3169	4.57	0.42797229999999997	0.0	0.0	0.0
0.3169	4.94	0.42797229999999997	0.0	0.0	0.0
0.3169	5.31	0.42797229999999997	0.0	0.0	0.0
0.3169	5.67	0.42797229999999997	0.0	0.0	0.0
0.3169	6.04	0.42797229999999997	0.0	0.0	0.0
0.3169	6.41	0.42797229999999997	0.0	0.0	0.0
0.3169	6.78	0.42797229999999997	0.0	0.0	0.0
0.3169	7.14	0.42797229999999997	0.0	0.0	0.0
0.3169	7.51	0.42797229999999997	0.0	0.0	0.0
0.3169	7.88	0.42797229999999997	0.0	0.0	0.0
0.3169	8.24	0.42797229999999997	0.0	0.0	0.0
0.3169	8.61	0.42797229999999997	0.0	0.0	0.0
0.3169	8.98	0.42797229999999997	0.0183468	0.0	0.0
0.3169	9.35	0.42797229999999997	0.0744621	0.0104499	0.0027651999999999998
0.3169	9.71	0.42797229999999997	0.08578440000000001	0.035424899999999995	0.018146500000000003
0.3169	10.08	0.42797229999999997	0.2300644	0.0998933	0.050163099999999995
0.3169	10.45	0.42797229999999997	0.27607729999999997	0.10917400000000002	0.05549420000000001
0.3169	10.82	0.42797229999999997	0.3653033	0.1657832	0.0836606
0.3169	11.18	0.42797229999999997	0.48210679999999995	0.21455950000000001	0.1134261
0.3169	11.55	0.42797229999999997	0.5998559	0.2296433	0.1163892
0.3169	11.92	0.42797229999999997	0.6762379000000001	0.209218	0.10482480000000001
0.3169	12.29	0.42797229999999997	0.7579749	0.203374	0.0916153
0.3169	12.65	0.42797229999999997	0.8425223000000001	0.1771716	0.0614197
0.3169	13.02	0.42797229999999997	0.9284290000000001	0.1107596	0.0266713
0.3169	13.39	0.42797229999999997	0.9566800000000001	0.0828516	0.0151118
0.3169	13.76	0.42797229999999997	0.9807826000000001	0.038717800000000004	0.005031900000000001
0.3169	14.12	0.42797229999999997	0.984146	0.048437999999999995	0.0076042
0.3169	14.49	0.42797229999999997	0.9951498000000001	0.0044791	7.26e-05
0.3169	14.86	0.42797229999999997	0.9969042	0.002073	5.899999999999999e-06
0.3169	15.22	0.42797229999999997	0.9970262	0.0014211000000000002	2.5e-06
0.3169	15.59	0.42797229999999997	0.9950249	0.014895700000000001	0.0019958
0.3169	15.96	0.42797229999999997	0.9975552000000001	0.0012009	2.1e-06
0.3169	16.33	0.42797229999999997	0.9977921999999999	0.0008631	1.3e-06
0.3169	16.69	0.42797229999999997	0.998503	0.000832	1.2e-06
0.3169	17.06	0.42797229999999997	0.9987347	0.0010373000000000001	1.4e-06
0.3169	17.43	0.42797229999999997	0.9985961	0.0008677000000000001	1.2e-06
0.3169	17.8	0.42797229999999997	0.9984438000000001	0.0006899	7e-07
0.3169	18.16	0.42797229999999997	0.9988426	0.0006222999999999999	5e-07
0.3169	18.53	0.42797229999999997	0.9987919	0.0005193	5e-07
0.3169	18.9	0.42797229999999997	0.9989924	0.0004241	4e-07
0.3169	19.27	0.42797229999999997	0.9967342	0.014335500000000001	0.0020057
0.3169	19.63	0.42797229999999997	0.9987825000000001	0.0005013999999999999	6e-07
0.3169	20.0	0.42797229999999997	0.9992954000000001	0.0006114	6e-07
0.3263	2.0	0.40759249999999997	0.0	0.0	0.0
0.3263	2.37	0.40759249999999997	0.0	0.0	0.0
0.3263	2.73	0.40759249999999997	0.0	0.0	0.0
0.3263	3.1	0.40759249999999997	0.0	0.0	0.0
0.3263	3.47	0.40759249999999997	0.0	0.0	0.0
0.3263	3.84	0.40759249999999997	0.0	0.0	0.0
0.3263	4.2	0.40759249999999997	0.0	0.0	0.0
0.3263	4.57	0.40759249999999997	0.0	0.0	0.0
0.3263	4.94	0.40759249999999997	0.0	0.0	0.0
0.3263	5.31	0.40759249999999997	0.0	0.0	0.0
0.3263	5.67	0.40759249999999997	0.0	0.0	0.0
0.3263	6.04	0.40759249999999997	0.0	0.0	0.0
0.3263	6.41	0.40759249999999997	0.0	0.0	0.0
0.3263	6.78	0.40759249999999997	0.0	0.0	0.0
0.3263	7.14	0.40759249999999997	0.0	0.0	0.0
0.3263	7.51	0.40759249999999997	0.0	0.0	0.0
0.3263	7.88	0.40759249999999997	0.0	0.0	0.0
0.3263	8.24	0.40759249999999997	0.0	0.0	0.0
0.3263	8.61	0.40759249999999997	0.0238956	0.0050201	0.0010546
0.3263	8.98	0.40759249999999997	0.0375789	0.025864900000000003	0.0178023
0.3263	9.35	0.40759249999999997	0.1192496	0.03906420000000001	0.0144735
0.3263	9.71	0.40759249999999997	0.2111694	0.0347841	0.013981799999999999
0.3263	10.08	0.40759249999999997	0.2435527	0.0500132	0.0206121
0.3263	10.45	0.40759249999999997	0.3008192	0.1056084	0.0625973
0.3263	10.82	0.40759249999999997	0.33410290000000004	0.1298707	0.08310920000000001
0.3263	11.18	0.40759249999999997	0.42907979999999996	0.1559623	0.0958583
0.3263	11.55	0.40759249999999997	0.5028714	0.1797265	0.1014635
0.3263	11.92	0.40759249999999997	0.5498575	0.2299133	0.13892659999999998
0.3263	12.29	0.40759249999999997	0.6523106000000001	0.21959800000000002	0.109486
0.3263	12.65	0.40759249999999997	0.7744565	0.2183616	0.0893746
0.3263	13.02	0.40759249999999997	0.8300076000000001	0.18453619999999998	0.07218139999999999
0.3263	13.39	0.40759249999999997	0.9158524	0.1290584	0.0372866
0.3263	13.76	0.40759249999999997	0.9573817	0.0706341	0.016941699999999997
0.3263	14.12	0.40759249999999997	0.9888673000000001	0.0230945	0.0024433
0.3263	14.49	0.40759249999999997	0.990291	0.020380299999999997	0.0021504999999999996
0.3263	14.86	0.40759249999999997	0.9920202	0.0199705	0.0020482
0.3263	15.22	0.40759249999999997	0.99375	0.0173268	0.0020559000000000003
0.3263	15.59	0.40759249999999997	0.9968332	0.0041514	5.920000000000001e-05
0.3263	15.96	0.40759249999999997	0.9979760000000001	0.0023927	1.21e-05
0.3263	16.33	0.40759249999999997	0.9980996	0.0017659000000000002	5.5e-06
0.3263	16.69	0.40759249999999997	0.998305	0.0012395	2.8e-06
0.3263	17.06	0.40759249999999997	0.998763	0.0008455000000000001	9.000000000000001e-07
0.3263	17.43	0.40759249999999997	0.9985618	0.0009254	1.1e-06
0.3263	17.8	0.40759249999999997	0.9985817000000001	0.0006697	8e-07
0.3263	18.16	0.40759249999999997	0.9984075000000001	0.0007699	8.999999999999999e-07
0.3263	18.53	0.40759249999999997	0.998626	0.0007414	1.1e-06
0.3263	18.9	0.40759249999999997	0.9993411	0.0004723	3e-07
0.3263	19.27	0.40759249999999997	0.9994994	0.00023129999999999998	2e-07
0.3263	19.63	0.40759249999999997	0.9995141999999999	0.000195	2e-07
0.3263	20.0	0.40759249999999997	0.9995641	0.0002269	2e-07
0.3514	2.0	0.4327875	0.0	0.0	0.0
0.3514	2.37	0.4327875	0.0	0.0	0.0
0.3514	2.73	0.4327875	0.0	0.0	0.0
0.3514	3.1	0.4327875	0.0	0.0	0.0
0.3514	3.47	0.4327875	0.0	0.0	0.0
0.3514	3.84	0.4327875	0.0	0.0	0.0
0.3514	4.2	0.4327875	0.0	0.0	0.0
0.3514	4.57	0.4327875	0.0	0.0	0.0
0.3514	4.94	0.4327875	0.0	0.0	0.0
0.3514	5.31	0.4327875	0.0	0.0	0.0
0.3514	5.67	0.4327875	0.0	0.0	0.0
0.3514	6.04	0.4327875	0.0	0.0	0.0
0.3514	6.41	0.4327875	0.0	0.0	0.0
0.3514	6.78	0.4327875	0.0	0.0	0.0
0.3514	7.14	0.4327875	0.0	0.0	0.0
0.3514	7.51	0.4327875	0.0	0.0	0.0
0.3514	7.88	0.4327875	0.0	0.0	0.0
0.3514	8.24	0.4327875	0.0116232	0.0	0.0
0.3514	8.61	0.4327875	0.0335337	0.0283057	0.0238927
0.3514	8.98	0.4327875	0.0973844	0.06732669999999999	0.047066399999999994
0.3514	9.35	0.4327875	0.16766779999999998	0.0629212	0.027637500000000002
0.3514	9.71	0.4327875	0.1820708	0.0643123	0.031046799999999996
0.3514	10.08	0.4327875	0.2807718	0.0837339	0.0387657
0.3514	10.45	0.4327875	0.2985981	0.0669801	0.035242100000000005
0.3514	10.82	0.4327875	0.33299449999999997	0.0857788	0.052824899999999994
0.3514	11.18	0.4327875	0.3820856	0.12061150000000001	0.0869931
0.3514	11.55	0.4327875	0.5014133000000001	0.1852788	0.11409419999999999
0.3514	11.92	0.4327875	0.622806	0.19930019999999998	0.0980977
0.3514	12.29	0.4327875	0.7355475	0.1950073	0.08838470000000001
0.3514	12.65	0.4327875	0.8395879	0.1344011	0.0569396
0.3514	13.02	0.4327875	0.8694485000000001	0.18104630000000002	0.065107
0.3514	13.39	0.4327875	0.969701	0.0407811	0.0068436999999999994
0.3514	13.76	0.4327875	0.9809511000000001	0.0396382	0.006273999999999999
0.3514	14.12	0.4327875	0.9891337	0.029571399999999998	0.003823
0.3514	14.49	0.4327875	0.9948471	0.003202	2.48e-05
0.3514	14.86	0.4327875	0.9951247000000001	0.0022733	8e-06
0.3514	15.22	0.4327875	0.9949341	0.0015695000000000001	3e-06
0.3514	15.59	0.4327875	0.9951753	0.0014375	2.8e-06
0.3514	15.96	0.4327875	0.9961627	0.0012463	2e-06
0.3514	16.33	0.4327875	0.9964622000000001	0.0009851	1.2e-06
0.3514	16.69	0.4327875	0.9968047	0.0007356999999999999	8e-07
0.3514	17.06	0.4327875	0.9973116	0.0007065999999999999	6.999999999999999e-07
0.3514	17.43	0.4327875	0.9969782	0.0007868	1.2e-06
0.3514	17.8	0.4327875	0.9967155999999999	0.0006121	1.2e-06
0.3514	18.16	0.4327875	0.9963496	0.000593	1.2e-06
0.3514	18.53	0.4327875	0.9964114000000001	0.0005951	1.0000000000000002e-06
0.3514	18.9	0.4327875	0.9972144999999999	0.0006345	1.0000000000000002e-06
0.3514	19.27	0.4327875	0.9973848999999999	0.0006849	1.2999999999999998e-06
0.3514	19.63	0.4327875	0.9971808	0.0006193	8e-07
0.3514	20.0	0.4327875	0.9978282999999999	0.00044229999999999996	6e-07
0.3951	2.0	0.45531550000000004	0.0	0.0	0.0
0.3951	2.37	0.45531550000000004	0.0	0.0	0.0
0.3951	2.73	0.45531550000000004	0.0	0.0	0.0
0.3951	3.1	0.45531550000000004	0.0	0.0	0.0
0.3951	3.47	0.45531550000000004	0.0	0.0	0.0
0.3951	3.84	0.45531550000000004	0.0	0.0	0.0
0.3951	4.2	0.45531550000000004	0.0	0.0	0.0
0.3951	4.57	0.45531550000000004	0.0	0.0	0.0
0.3951	4.94	0.45531550000000004	0.0	0.0	0.0
0.3951	5.31	0.45531550000000004	0.0	0.0	0.0
0.3951	5.67	0.45531550000000004	0.0	0.0	0.0
0.3951	6.04	0.45531550000000004	0.0	0.0	0.0
0.3951	6.41	0.45531550000000004	0.0	0.0	0.0
0.3951	6.78	0.45531550000000004	0.0	0.0	0.0
0.3951	7.14	0.45531550000000004	0.0	0.0	0.0
0.3951	7.51	0.45531550000000004	0.0	0.0	0.0
0.3951	7.88	0.45531550000000004	0.0	0.0	0.0
0.3951	8.24	0.45531550000000004	0.0	0.0	0.0
0.3951	8.61	0.45531550000000004	0.045243	0.020951400000000002	0.0130239
0.3951	8.98	0.45531550000000004	0.1019031	0.0229306	0.0100798
0.3951	9.35	0.45531550000000004	0.16521570000000002	0.0393381	0.0202192
0.3951	9.71	0.45531550000000004	0.2230766	0.07054880000000001	0.0351165
0.3951	10.08	0.45531550000000004	0.29089580000000004	0.13428440000000003	0.0745559
0.3951	10.45	0.45531550000000004	0.38937790000000005	0.1771292	0.09748029999999999
0.3951	10.82	0.45531550000000004	0.5314809	0.2155541	0.102994
0.3951	11.18	0.45531550000000004	0.6176938	0.165442	0.0729082
0.3951	11.55	0.45531550000000004	0.6928554	0.1835621	0.0773617
0.3951	11.92	0.45531550000000004	0.7286601	0.1736592	0.0769268
0.3951	12.29	0.45531550000000004	0.8200464000000001	0.10906529999999999	0.0575298
0.3951	12.65	0.45531550000000004	0.8527381	0.13369330000000001	0.0584379
0.3951	13.02	0.45531550000000004	0.8901624	0.1511305	0.0482982
0.3951	13.39	0.45531550000000004	0.9486806	0.07026160000000001	0.019203900000000003
0.3951	13.76	0.45531550000000004	0.9779382999999999	0.051987099999999994	0.008849699999999999
0.3951	14.12	0.45531550000000004	0.9907657000000001	0.020821700000000002	0.0023637
0.3951	14.49	0.45531550000000004	0.9955579	0.005858	0.0001279
0.3951	14.86	0.45531550000000004	0.9980895000000001	0.0015706000000000001	3.6000000000000003e-06
0.3951	15.22	0.45531550000000004	0.9977847000000001	0.0013789	4.6e-06
0.3951	15.59	0.45531550000000004	0.9980407	0.0010666	1.3999999999999997e-06
0.3951	15.96	0.45531550000000004	0.9987301000000001	0.0009031000000000001	1.1e-06
0.3951	16.33	0.45531550000000004	0.998953	0.0006012999999999999	6e-07
0.3951	16.69	0.45531550000000004	0.9989391	0.0005569	5e-07
0.3951	17.06	0.45531550000000004	0.9990108	0.00043809999999999997	5e-07
0.3951	17.43	0.45531550000000004	0.9989751	0.00044229999999999996	3e-07
0.3951	17.8	0.45531550000000004	0.9986736	0.0004511	3e-07
0.3951	18.16	0.45531550000000004	0.998809	0.0004615	4e-07
0.3951	18.53	0.45531550000000004	0.9991503999999999	0.0003038	2e-07
0.3951	18.9	0.45531550000000004	0.9993103	0.00023549999999999998	2e-07
0.3951	19.27	0.45531550000000004	0.9993836	0.0003497	4e-07
0.3951	19.63	0.45531550000000004	0.9994429	0.00024099999999999998	3e-07
0.3951	20.0	0.45531550000000004	0.9995813	0.0002379	2e-07
0.406	2.0	0.3923332	0.0	0.0	0.0
0.406	2.37	0.3923332	0.0	0.0	0.0
0.406	2.73	0.3923332	0.0	0.0	0.0
0.406	3.1	0.3923332	0.0	0.0	0.0
0.406	3.47	0.3923332	0.0	0.0	0.0
0.406	3.84	0.3923332	0.0	0.0	0.0
0.406	4.2	0.3923332	0.0	0.0	0.0
0.406	4.57	0.3923332	0.0	0.0	0.0
0.406	4.94	0.3923332	0.0	0.0	0.0
0.406	5.31	0.3923332	0.0	0.0	0.0
0.406	5.67	0.3923332	0.0	0.0	0.0
0.406	6.04	0.3923332	0.0	0.0	0.0
0.406	6.41	0.3923332	0.0	0.0	0.0
0.406	6.78	0.3923332	0.0	0.0	0.0
0.406	7.14	0.3923332	0.0	0.0	0.0
0.406	7.51	0.3923332	0.0	0.0	0.0
0.406	7.88	0.3923332	0.0	0.0	0.0
0.406	8.24	0.3923332	0.0	0.0	0.0
0.406	8.61	0.3923332	0.0	0.0	0.0
0.406	8.98	0.3923332	0.0187247	0.0045547	0.0011079
0.406	9.35	0.3923332	0.0508343	0.033195	0.0369798
0.406	9.71	0.3923332	0.12454099999999999	0.0379487	0.023641000000000002
0.406	10.08	0.3923332	0.1926565	0.0210617	0.0040464
0.406	10.45	0.3923332	0.2257532	0.0256573	0.010107399999999999
0.406	10.82	0.3923332	0.252069	0.0780178	0.0478784
0.406	11.18	0.3923332	0.2892369	0.1101091	0.0731861
0.406	11.55	0.3923332	0.3901254	0.1657169	0.09937700000000001
0.406	11.92	0.3923332	0.4686649	0.22544050000000002	0.1410922
0.406	12.29	0.3923332	0.5947182	0.2531639	0.1372516
0.406	12.65	0.3923332	0.7318848	0.2350021	0.1002442
0.406	13.02	0.3923332	0.8396571999999999	0.2037271	0.0644854
0.406	13.39	0.3923332	0.8969720000000001	0.1726386	0.0476233
0.406	13.76	0.3923332	0.9535512	0.0925792	0.0188524
0.406	14.12	0.3923332	0.9785283	0.0576693	0.0081735
0.406	14.49	0.3923332	0.9918834999999999	0.0162228	0.0021916
0.406	14.86	0.3923332	0.9971735	0.002417	9.299999999999999e-06
0.406	15.22	0.3923332	0.9975799999999999	0.0019328000000000001	5.7000000000000005e-06
0.406	15.59	0.3923332	0.9976786000000001	0.0016552999999999997	3.6999999999999997e-06
0.406	15.96	0.3923332	0.9980268000000001	0.0011722	1.7e-06
0.406	16.33	0.3923332	0.9983816000000001	0.0009718000000000001	1.2999999999999998e-06
0.406	16.69	0.3923332	0.9986457	0.0007343	8e-07
0.406	17.06	0.3923332	0.9984583	0.0007971	1e-06
0.406	17.43	0.3923332	0.9988955	0.0007175	8e-07
0.406	17.8	0.3923332	0.9993245999999999	0.0006259	6e-07
0.406	18.16	0.3923332	0.9992734999999999	0.0006277	6e-07
0.406	18.53	0.3923332	0.9987579	0.0006662	7e-07
0.406	18.9	0.3923332	0.9988737000000001	0.0006629	7e-07
0.406	19.27	0.3923332	0.9991769999999999	0.0005184	6e-07
0.406	19.63	0.3923332	0.9993812	0.0005385	7.000000000000001e-07
0.406	20.0	0.3923332	0.9995487000000001	0.0003965	4e-07
0.4503	2.0	0.37944079999999997	0.0	0.0	0.0
0.4503	2.37	0.37944079999999997	0.0	0.0	0.0
0.4503	2.73	0.37944079999999997	0.0	0.0	0.0
0.4503	3.1	0.37944079999999997	0.0	0.0	0.0
0.4503	3.47	0.37944079999999997	0.0	0.0	0.0
0.4503	3.84	0.37944079999999997	0.0	0.0	0.0
0.4503	4.2	0.37944079999999997	0.0	0.0	0.0
0.4503	4.57	0.37944079999999997	0.0	0.0	0.0
0.4503	4.94	0.37944079999999997	0.0	0.0	0.0
0.4503	5.31	0.37944079999999997	0.0	0.0	0.0
0.4503	5.67	0.37944079999999997	0.0	0.0	0.0
0.4503	6.04	0.37944079999999997	0.0	0.0	0.0
0.4503	6.41	0.37944079999999997	0.0	0.0	0.0
0.4503	6.78	0.37944079999999997	0.0	0.0	0.0
0.4503	7.14	0.37944079999999997	0.0	0.0	0.0
0.4503	7.51	0.37944079999999997	0.0	0.0	0.0
0.4503	7.88	0.37944079999999997	0.0	0.0	0.0
0.4503	8.24	0.37944079999999997	0.0	0.0	0.0
0.4503	8.61	0.37944079999999997	0.0	0.0	0.0
0.4503	8.98	0.37944079999999997	0.0	0.0	0.0
0.4503	9.35	0.37944079999999997	0.0106426	0.0	0.0
0.4503	9.71	0.37944079999999997	0.0629773	0.0038287	0.0009088000000000001
0.4503	10.08	0.37944079999999997	0.10444010000000001	0.027652500000000003	0.016647000000000002
0.4503	10.45	0.37944079999999997	0.171655	0.069461	0.0393616
0.4503	10.82	0.37944079999999997	0.2758487	0.14763520000000002	0.08857280000000001
0.4503	11.18	0.37944079999999997	0.4143732	0.2028773	0.1295982
0.4503	11.55	0.37944079999999997	0.5598281	0.2316239	0.10986929999999999
0.4503	11.92	0.37944079999999997	0.6342432	0.24710269999999998	0.1276552
0.4503	12.29	0.37944079999999997	0.7337837	0.2144781	0.0804512
0.4503	12.65	0.37944079999999997	0.8178027	0.18120529999999999	0.0649864
0.4503	13.02	0.37944079999999997	0.8968396999999999	0.100763	0.030338399999999998
0.4503	13.39	0.37944079999999997	0.9444014	0.0842922	0.016483400000000002
0.4503	13.76	0.37944079999999997	0.9581314000000001	0.0820982	0.0206804
0.4503	14.12	0.37944079999999997	0.9888370999999999	0.023254	0.0024418
0.4503	14.49	0.37944079999999997	0.9928789	0.014556300000000003	0.0017468999999999998
0.4503	14.86	0.37944079999999997	0.9971774	0.0020537999999999997	1.3000000000000001e-05
0.4503	15.22	0.37944079999999997	0.9976778	0.0013202	3.1e-06
0.4503	15.59	0.37944079999999997	0.9982958999999999	0.0010016	1.7e-06
0.4503	15.96	0.37944079999999997	0.9981927	0.0011903	2.1e-06
0.4503	16.33	0.37944079999999997	0.9986261000000001	0.0009658	1.2e-06
0.4503	16.69	0.37944079999999997	0.9989234	0.0007168	6.999999999999999e-07
0.4503	17.06	0.37944079999999997	0.9987755	0.0006274	5e-07
0.4503	17.43	0.37944079999999997	0.9985538999999999	0.0005434999999999999	5e-07
0.4503	17.8	0.37944079999999997	0.9983895	0.0007473	7e-07
0.4503	18.16	0.37944079999999997	0.9984849	0.0007389	8.999999999999999e-07
0.4503	18.53	0.37944079999999997	0.9985862000000001	0.0006564	8e-07
0.4503	18.9	0.37944079999999997	0.9985093	0.000713	8e-07
0.4503	19.27	0.37944079999999997	0.9985966	0.00041359999999999997	4e-07
0.4503	19.63	0.37944079999999997	0.9987863000000001	0.0002631	0.0
0.4503	20.0	0.37944079999999997	0.9991699	0.0003365	0.0
0.4978	2.0	0.3668183	0.0	0.0	0.0
0.4978	2.37	0.3668183	0.0	0.0	0.0
0.4978	2.73	0.3668183	0.0	0.0	0.0
0.4978	3.1	0.3668183	0.0	0.0	0.0
0.4978	3.47	0.3668183	0.0	0.0	0.0
0.4978	3.84	0.3668183	0.0	0.0	0.0
0.4978	4.2	0.3668183	0.0	0.0	0.0
0.4978	4.57	0.3668183	0.0	0.0	0.0
0.4978	4.94	0.3668183	0.0	0.0	0.0
0.4978	5.31	0.3668183	0.0	0.0	0.0
0.4978	5.67	0.3668183	0.0	0.0	0.0
0.4978	6.04	0.3668183	0.0	0.0	0.0
0.4978	6.41	0.3668183	0.0	0.0	0.0
0.4978	6.78	0.3668183	0.0	0.0	0.0
0.4978	7.14	0.3668183	0.0	0.0	0.0
0.4978	7.51	0.3668183	0.0	0.0	0.0
0.4978	7.88	0.3668183	0.0	0.0	0.0
0.4978	8.24	0.3668183	0.0	0.0	0.0
0.4978	8.61	0.3668183	0.0	0.0	0.0
0.4978	8.98	0.3668183	0.0102823	0.0	0.0
0.4978	9.35	0.3668183	0.027318500000000003	0.0011089	9.31e-05
0.4978	9.71	0.3668183	0.1262459	0.0015091	0.000146
0.4978	10.08	0.3668183	0.123665	0.0318849	0.017695
0.4978	10.45	0.3668183	0.14448339999999998	0.0567871	0.0311064
0.4978	10.82	0.3668183	0.2173098	0.0819185	0.0406425
0.4978	11.18	0.3668183	0.30020800000000003	0.1178666	0.0587903
0.4978	11.55	0.3668183	0.3747214	0.15243959999999998	0.0773455
0.4978	11.92	0.3668183	0.432298	0.18092930000000002	0.1142716
0.4978	12.29	0.3668183	0.5532977	0.21073180000000002	0.10524059999999999
0.4978	12.65	0.3668183	0.6730863	0.2131237	0.1005535
0.4978	13.02	0.3668183	0.7594661	0.19871149999999999	0.0775753
0.4978	13.39	0.3668183	0.8625909	0.1643426	0.0486126
0.4978	13.76	0.3668183	0.9287789999999999	0.1187092	0.0249066
0.4978	14.12	0.3668183	0.9709312000000001	0.0500192	0.0073326
0.4978	14.49	0.3668183	0.9802139000000001	0.04900259999999999	0.008160200000000001
0.4978	14.86	0.3668183	0.9940103	0.0061416	0.00012429999999999999
0.4978	15.22	0.3668183	0.9936027	0.017894100000000003	0.0020519
0.4978	15.59	0.3668183	0.9968786	0.0034014	1.7100000000000002e-05
0.4978	15.96	0.3668183	0.9979994	0.0019237999999999998	5.899999999999999e-06
0.4978	16.33	0.3668183	0.9980677	0.0014945	3.4999999999999995e-06
0.4978	16.69	0.3668183	0.9980568999999999	0.001096	1.7e-06
0.4978	17.06	0.3668183	0.9983150999999999	0.0009027999999999999	1.2e-06
0.4978	17.43	0.3668183	0.9981017	0.0007934	1.2e-06
0.4978	17.8	0.3668183	0.9983655	0.0005822	7e-07
0.4978	18.16	0.3668183	0.9985982	0.0006962	8e-07
0.4978	18.53	0.3668183	0.9987178	0.0004907	4e-07
0.4978	18.9	0.3668183	0.9988346	0.00044929999999999997	3e-07
0.4978	19.27	0.3668183	0.9987237999999999	0.00041830000000000003	5e-07
0.4978	19.63	0.3668183	0.9989557	0.0003531	4e-07
0.4978	20.0	0.3668183	0.9992217	0.0003306	5e-07
0.5314	2.0	0.3785581	0.0	0.0	0.0
0.5314	2.37	0.3785581	0.0	0.0	0.0
0.5314	2.73	0.3785581	0.0	0.0	0.0
0.5314	3.1	0.3785581	0.0	0.0	0.0
0.5314	3.47	0.3785581	0.0	0.0	0.0
0.5314	3.84	0.3785581	0.0	0.0	0.0
0.5314	4.2	0.3785581	0.0	0.0	0.0
0.5314	4.57	0.3785581	0.0	0.0	0.0
0.5314	4.94	0.3785581	0.0	0.0	0.0
0.5314	5.31	0.3785581	0.0	0.0	0.0
0.5314	5.67	0.3785581	0.0	0.0	0.0
0.5314	6.04	0.3785581	0.0	0.0	0.0
0.5314	6.41	0.3785581	0.0	0.0	0.0
0.5314	6.78	0.3785581	0.0	0.0	0.0
0.5314	7.14	0.3785581	0.0	0.0	0.0
0.5314	7.51	0.3785581	0.0	0.0	0.0
0.5314	7.88	0.3785581	0.0	0.0	0.0
0.5314	8.24	0.3785581	0.0129032	0.0	0.0
0.5314	8.61	0.3785581	0.0	0.0	0.0
0.5314	8.98	0.3785581	0.0100604	0.0	0.0
0.5314	9.35	0.3785581	0.0366186	0.00040159999999999995	1.43e-05
0.5314	9.71	0.3785581	0.07035530000000001	0.0171934	0.0118154
0.5314	10.08	0.3785581	0.118313	0.0364419	0.0227524
0.5314	10.45	0.3785581	0.1664872	0.0810453	0.048473499999999996
0.5314	10.82	0.3785581	0.2046697	0.0912968	0.05623399999999999
0.5314	11.18	0.3785581	0.31006180000000005	0.18708940000000002	0.128026
0.5314	11.55	0.3785581	0.3751589	0.20078580000000001	0.1265139
0.5314	11.92	0.3785581	0.4731688	0.2160075	0.11860140000000001
0.5314	12.29	0.3785581	0.5658466	0.1915676	0.09919320000000001
0.5314	12.65	0.3785581	0.6678204	0.1822983	0.0796095
0.5314	13.02	0.3785581	0.7855331	0.15097080000000002	0.0590032
0.5314	13.39	0.3785581	0.8157586	0.1610086	0.061333000000000006
0.5314	13.76	0.3785581	0.8837602999999999	0.10799529999999999	0.0386226
0.5314	14.12	0.3785581	0.9351407999999999	0.058437	0.020752100000000002
0.5314	14.49	0.3785581	0.9642432	0.072237	0.0136206
0.5314	14.86	0.3785581	0.9911329	0.007553800000000001	0.0001807
0.5314	15.22	0.3785581	0.9939937999999999	0.0063984	0.0001866
0.5314	15.59	0.3785581	0.9956189999999999	0.005126400000000001	0.00011840000000000002
0.5314	15.96	0.3785581	0.9951207	0.013648799999999997	0.0016501999999999999
0.5314	16.33	0.3785581	0.9977986	0.0018474000000000001	1.27e-05
0.5314	16.69	0.3785581	0.9987117	0.0008385	1.0000000000000002e-06
0.5314	17.06	0.3785581	0.9988369	0.0008607	1.1e-06
0.5314	17.43	0.3785581	0.9986948	0.0005932	4e-07
0.5314	17.8	0.3785581	0.9987498	0.0005973	4e-07
0.5314	18.16	0.3785581	0.9988197	0.00038639999999999996	4e-07
0.5314	18.53	0.3785581	0.9991806000000001	0.000426	4e-07
0.5314	18.9	0.3785581	0.9994234000000001	0.000346	3e-07
0.5314	19.27	0.3785581	0.999376	0.0003641	5e-07
0.5314	19.63	0.3785581	0.9994068	0.0003855	5e-07
0.5314	20.0	0.3785581	0.9994578000000001	0.00042710000000000003	5e-07
