base_sigma	MAX_EXC_WEIGHT	Gini	mean_peaks_height	std_peaks_height	fano_factor
0.0446	2.00	0.872946	0.000000	0.000000	0.000000
0.0446	2.37	0.872946	0.000000	0.000000	0.000000
0.0446	2.73	0.872946	0.000000	0.000000	0.000000
0.0446	3.10	0.872946	0.000000	0.000000	0.000000
0.0446	3.47	0.872946	0.000000	0.000000	0.000000
0.0446	3.84	0.872946	0.000000	0.000000	0.000000
0.0446	4.20	0.872946	0.000000	0.000000	0.000000
0.0446	4.57	0.872946	0.000000	0.000000	0.000000
0.0446	4.94	0.872946	0.000000	0.000000	0.000000
0.0446	5.31	0.872946	0.000000	0.000000	0.000000
0.0446	5.67	0.872946	0.000000	0.000000	0.000000
0.0446	6.04	0.872946	0.000000	0.000000	0.000000
0.0446	6.41	0.872946	0.000000	0.000000	0.000000
0.0446	6.78	0.872946	0.106000	0.000000	0.000000
0.0446	7.14	0.872946	0.101000	0.009000	0.000802
0.0446	7.51	0.872946	0.209000	0.099000	0.046895
0.0446	7.88	0.872946	0.225000	0.164988	0.120982
0.0446	8.24	0.872946	0.258200	0.175468	0.119245
0.0446	8.61	0.872946	0.392267	0.209988	0.112410
0.0446	8.98	0.872946	0.632000	0.223477	0.079022
0.0446	9.35	0.872946	0.669724	0.261913	0.102428
0.0446	9.71	0.872946	0.734571	0.139988	0.026678
0.0446	10.08	0.872946	0.776938	0.130806	0.022023
0.0446	10.45	0.872946	0.856387	0.020991	0.000515
0.0446	10.82	0.872946	0.851500	0.015668	0.000288
0.0446	11.18	0.872946	0.867176	0.006364	0.000047
0.0446	11.55	0.872946	0.868743	0.008933	0.000092
0.0446	11.92	0.872946	0.868000	0.017926	0.000370
0.0446	12.29	0.872946	0.873000	0.004435	0.000023
0.0446	12.65	0.872946	0.868054	0.004274	0.000021
0.0446	13.02	0.872946	0.877263	0.003683	0.000015
0.0446	13.39	0.872946	0.877459	0.004979	0.000028
0.0446	13.76	0.872946	0.878541	0.004353	0.000022
0.0446	14.12	0.872946	0.874757	0.003200	0.000012
0.0446	14.49	0.872946	0.881474	0.002702	0.000008
0.0446	14.86	0.872946	0.881231	0.004382	0.000022
0.0446	15.22	0.872946	0.880359	0.003893	0.000017
0.0446	15.59	0.872946	0.881632	0.004049	0.000019
0.0446	15.96	0.872946	0.879692	0.005194	0.000031
0.0446	16.33	0.872946	0.883641	0.003534	0.000014
0.0446	16.69	0.872946	0.881263	0.002769	0.000009
0.0446	17.06	0.872946	0.882450	0.004324	0.000021
0.0446	17.43	0.872946	0.881385	0.003900	0.000017
0.0446	17.80	0.872946	0.882308	0.003722	0.000016
0.0446	18.16	0.872946	0.878650	0.003079	0.000011
0.0446	18.53	0.872946	0.839921	0.087768	0.009171
0.0446	18.90	0.872946	0.856935	0.071861	0.006026
0.0446	19.27	0.872946	0.871135	0.039068	0.001752
0.0446	19.63	0.872946	0.645865	0.223829	0.077570
0.0446	20.00	0.872946	0.876410	0.003208	0.000012
0.0513	2.00	0.867278	0.000000	0.000000	0.000000
0.0513	2.37	0.867278	0.000000	0.000000	0.000000
0.0513	2.73	0.867278	0.000000	0.000000	0.000000
0.0513	3.10	0.867278	0.000000	0.000000	0.000000
0.0513	3.47	0.867278	0.000000	0.000000	0.000000
0.0513	3.84	0.867278	0.000000	0.000000	0.000000
0.0513	4.20	0.867278	0.000000	0.000000	0.000000
0.0513	4.57	0.867278	0.000000	0.000000	0.000000
0.0513	4.94	0.867278	0.000000	0.000000	0.000000
0.0513	5.31	0.867278	0.000000	0.000000	0.000000
0.0513	5.67	0.867278	0.000000	0.000000	0.000000
0.0513	6.04	0.867278	0.080268	0.000000	0.000000
0.0513	6.41	0.867278	0.086957	0.006689	0.000515
0.0513	6.78	0.867278	0.118729	0.044611	0.016762
0.0513	7.14	0.867278	0.267559	0.289621	0.313503
0.0513	7.51	0.867278	0.367893	0.372812	0.377796
0.0513	7.88	0.867278	0.497147	0.422600	0.359232
0.0513	8.24	0.867278	0.634708	0.411867	0.267264
0.0513	8.61	0.867278	0.713350	0.392278	0.215717
0.0513	8.98	0.867278	0.842505	0.297221	0.104854
0.0513	9.35	0.867278	0.801685	0.333955	0.139114
0.0513	9.71	0.867278	0.934349	0.161017	0.027748
0.0513	10.08	0.867278	0.887690	0.261019	0.076751
0.0513	10.45	0.867278	0.973568	0.001556	0.000002
0.0513	10.82	0.867278	0.949415	0.154926	0.025281
0.0513	11.18	0.867278	0.977843	0.003621	0.000013
0.0513	11.55	0.867278	0.974621	0.002705	0.000008
0.0513	11.92	0.867278	0.975211	0.002006	0.000004
0.0513	12.29	0.867278	0.981749	0.002444	0.000006
0.0513	12.65	0.867278	0.982322	0.002049	0.000004
0.0513	13.02	0.867278	0.980889	0.002835	0.000008
0.0513	13.39	0.867278	0.980837	0.002976	0.000009
0.0513	13.76	0.867278	0.977162	0.001493	0.000002
0.0513	14.12	0.867278	0.976684	0.000557	0.000000
0.0513	14.49	0.867278	0.978035	0.002272	0.000005
0.0513	14.86	0.867278	0.980769	0.002989	0.000009
0.0513	15.22	0.867278	0.980566	0.003191	0.000010
0.0513	15.59	0.867278	0.985507	0.002230	0.000005
0.0513	15.96	0.867278	0.983185	0.001472	0.000002
0.0513	16.33	0.867278	0.983463	0.001353	0.000002
0.0513	16.69	0.867278	0.979120	0.002385	0.000006
0.0513	17.06	0.867278	0.979210	0.002350	0.000006
0.0513	17.43	0.867278	0.985357	0.001960	0.000004
0.0513	17.80	0.867278	0.985126	0.002263	0.000005
0.0513	18.16	0.867278	0.984814	0.001839	0.000003
0.0513	18.53	0.867278	0.977205	0.001297	0.000002
0.0513	18.90	0.867278	0.986532	0.002128	0.000005
0.0513	19.27	0.867278	0.986529	0.002428	0.000006
0.0513	19.63	0.867278	0.985998	0.002164	0.000005
0.0513	20.00	0.867278	0.971925	0.090599	0.008445
0.0571	2.00	0.834769	0.000000	0.000000	0.000000
0.0571	2.37	0.834769	0.000000	0.000000	0.000000
0.0571	2.73	0.834769	0.000000	0.000000	0.000000
0.0571	3.10	0.834769	0.000000	0.000000	0.000000
0.0571	3.47	0.834769	0.000000	0.000000	0.000000
0.0571	3.84	0.834769	0.000000	0.000000	0.000000
0.0571	4.20	0.834769	0.000000	0.000000	0.000000
0.0571	4.57	0.834769	0.000000	0.000000	0.000000
0.0571	4.94	0.834769	0.000000	0.000000	0.000000
0.0571	5.31	0.834769	0.000000	0.000000	0.000000
0.0571	5.67	0.834769	0.000000	0.000000	0.000000
0.0571	6.04	0.834769	0.000000	0.000000	0.000000
0.0571	6.41	0.834769	0.000000	0.000000	0.000000
0.0571	6.78	0.834769	0.082828	0.000000	0.000000
0.0571	7.14	0.834769	0.000000	0.000000	0.000000
0.0571	7.51	0.834769	0.000000	0.000000	0.000000
0.0571	7.88	0.834769	0.082828	0.000000	0.000000
0.0571	8.24	0.834769	0.152727	0.093128	0.056786
0.0571	8.61	0.834769	0.309764	0.228687	0.168830
0.0571	8.98	0.834769	0.419587	0.259380	0.160343
0.0571	9.35	0.834769	0.410948	0.245609	0.146792
0.0571	9.71	0.834769	0.486490	0.235204	0.113714
0.0571	10.08	0.834769	0.703220	0.163586	0.038054
0.0571	10.45	0.834769	0.848941	0.034854	0.001431
0.0571	10.82	0.834769	0.859596	0.022995	0.000615
0.0571	11.18	0.834769	0.868320	0.008917	0.000092
0.0571	11.55	0.834769	0.871687	0.004901	0.000028
0.0571	11.92	0.834769	0.876599	0.004675	0.000025
0.0571	12.29	0.834769	0.877441	0.004542	0.000024
0.0571	12.65	0.834769	0.878351	0.003877	0.000017
0.0571	13.02	0.834769	0.876167	0.004477	0.000023
0.0571	13.39	0.834769	0.877406	0.002935	0.000010
0.0571	13.76	0.834769	0.877087	0.003422	0.000013
0.0571	14.12	0.834769	0.881446	0.003593	0.000015
0.0571	14.49	0.834769	0.881999	0.003127	0.000011
0.0571	14.86	0.834769	0.883191	0.002995	0.000010
0.0571	15.22	0.834769	0.883761	0.003326	0.000013
0.0571	15.59	0.834769	0.884091	0.002420	0.000007
0.0571	15.96	0.834769	0.883939	0.002593	0.000008
0.0571	16.33	0.834769	0.885988	0.002993	0.000010
0.0571	16.69	0.834769	0.887374	0.003281	0.000012
0.0571	17.06	0.834769	0.887312	0.002943	0.000010
0.0571	17.43	0.834769	0.886313	0.003257	0.000012
0.0571	17.80	0.834769	0.886010	0.003191	0.000011
0.0571	18.16	0.834769	0.884641	0.002775	0.000009
0.0571	18.53	0.834769	0.885152	0.002371	0.000006
0.0571	18.90	0.834769	0.891111	0.003344	0.000013
0.0571	19.27	0.834769	0.890606	0.003082	0.000011
0.0571	19.63	0.834769	0.890022	0.003486	0.000014
0.0571	20.00	0.834769	0.890170	0.003985	0.000018
0.0622	2.00	0.862165	0.000000	0.000000	0.000000
0.0622	2.37	0.862165	0.000000	0.000000	0.000000
0.0622	2.73	0.862165	0.000000	0.000000	0.000000
0.0622	3.10	0.862165	0.000000	0.000000	0.000000
0.0622	3.47	0.862165	0.000000	0.000000	0.000000
0.0622	3.84	0.862165	0.000000	0.000000	0.000000
0.0622	4.20	0.862165	0.000000	0.000000	0.000000
0.0622	4.57	0.862165	0.000000	0.000000	0.000000
0.0622	4.94	0.862165	0.000000	0.000000	0.000000
0.0622	5.31	0.862165	0.000000	0.000000	0.000000
0.0622	5.67	0.862165	0.000000	0.000000	0.000000
0.0622	6.04	0.862165	0.000000	0.000000	0.000000
0.0622	6.41	0.862165	0.000000	0.000000	0.000000
0.0622	6.78	0.862165	0.334000	0.000000	0.000000
0.0622	7.14	0.862165	0.162000	0.000000	0.000000
0.0622	7.51	0.862165	0.363333	0.197803	0.107687
0.0622	7.88	0.862165	0.535143	0.054078	0.005465
0.0622	8.24	0.862165	0.307143	0.207555	0.140258
0.0622	8.61	0.862165	0.462100	0.230578	0.115053
0.0622	8.98	0.862165	0.568222	0.181678	0.058088
0.0622	9.35	0.862165	0.502188	0.247005	0.121492
0.0622	9.71	0.862165	0.592529	0.225923	0.086141
0.0622	10.08	0.862165	0.606162	0.223252	0.082224
0.0622	10.45	0.862165	0.708485	0.187181	0.049453
0.0622	10.82	0.862165	0.648000	0.234606	0.084938
0.0622	11.18	0.862165	0.638605	0.223921	0.078516
0.0622	11.55	0.862165	0.701538	0.223640	0.071293
0.0622	11.92	0.862165	0.720976	0.238111	0.078639
0.0622	12.29	0.862165	0.752488	0.218106	0.063217
0.0622	12.65	0.862165	0.836000	0.120794	0.017454
0.0622	13.02	0.862165	0.849737	0.128210	0.019344
0.0622	13.39	0.862165	0.843026	0.164485	0.032093
0.0622	13.76	0.862165	0.903243	0.046736	0.002418
0.0622	14.12	0.862165	0.913684	0.042011	0.001932
0.0622	14.49	0.862165	0.928211	0.010186	0.000112
0.0622	14.86	0.862165	0.923316	0.004335	0.000020
0.0622	15.22	0.862165	0.918842	0.030111	0.000987
0.0622	15.59	0.862165	0.927000	0.008319	0.000075
0.0622	15.96	0.862165	0.930800	0.005980	0.000038
0.0622	16.33	0.862165	0.929850	0.008466	0.000077
0.0622	16.69	0.862165	0.931415	0.009978	0.000107
0.0622	17.06	0.862165	0.931350	0.015029	0.000243
0.0622	17.43	0.862165	0.934550	0.005099	0.000028
0.0622	17.80	0.862165	0.935350	0.002912	0.000009
0.0622	18.16	0.862165	0.938050	0.003755	0.000015
0.0622	18.53	0.862165	0.931150	0.003221	0.000011
0.0622	18.90	0.862165	0.931317	0.003410	0.000012
0.0622	19.27	0.862165	0.854231	0.111478	0.014548
0.0622	19.63	0.862165	0.867913	0.106093	0.012969
0.0622	20.00	0.862165	0.932488	0.003415	0.000013
0.0671	2.00	0.819715	0.000000	0.000000	0.000000
0.0671	2.37	0.819715	0.000000	0.000000	0.000000
0.0671	2.73	0.819715	0.000000	0.000000	0.000000
0.0671	3.10	0.819715	0.000000	0.000000	0.000000
0.0671	3.47	0.819715	0.000000	0.000000	0.000000
0.0671	3.84	0.819715	0.000000	0.000000	0.000000
0.0671	4.20	0.819715	0.000000	0.000000	0.000000
0.0671	4.57	0.819715	0.000000	0.000000	0.000000
0.0671	4.94	0.819715	0.000000	0.000000	0.000000
0.0671	5.31	0.819715	0.000000	0.000000	0.000000
0.0671	5.67	0.819715	0.000000	0.000000	0.000000
0.0671	6.04	0.819715	0.000000	0.000000	0.000000
0.0671	6.41	0.819715	0.000000	0.000000	0.000000
0.0671	6.78	0.819715	0.000000	0.000000	0.000000
0.0671	7.14	0.819715	0.000000	0.000000	0.000000
0.0671	7.51	0.819715	0.000000	0.000000	0.000000
0.0671	7.88	0.819715	0.217742	0.010280	0.000485
0.0671	8.24	0.819715	0.408065	0.206311	0.104307
0.0671	8.61	0.819715	0.432368	0.268515	0.166757
0.0671	8.98	0.819715	0.682082	0.268301	0.105538
0.0671	9.35	0.819715	0.825749	0.155374	0.029235
0.0671	9.71	0.819715	0.805081	0.205199	0.052301
0.0671	10.08	0.819715	0.877903	0.013017	0.000193
0.0671	10.45	0.819715	0.862525	0.130012	0.019597
0.0671	10.82	0.819715	0.867410	0.119046	0.016338
0.0671	11.18	0.819715	0.888231	0.019199	0.000415
0.0671	11.55	0.819715	0.891251	0.012663	0.000180
0.0671	11.92	0.819715	0.896198	0.006327	0.000045
0.0671	12.29	0.819715	0.901434	0.010223	0.000116
0.0671	12.65	0.819715	0.906642	0.004676	0.000024
0.0671	13.02	0.819715	0.906306	0.005592	0.000035
0.0671	13.39	0.819715	0.908893	0.005908	0.000038
0.0671	13.76	0.819715	0.903771	0.005848	0.000038
0.0671	14.12	0.819715	0.910707	0.002885	0.000009
0.0671	14.49	0.819715	0.903173	0.002794	0.000009
0.0671	14.86	0.819715	0.904932	0.003278	0.000012
0.0671	15.22	0.819715	0.905759	0.003087	0.000011
0.0671	15.59	0.819715	0.913710	0.003527	0.000014
0.0671	15.96	0.819715	0.914831	0.003556	0.000014
0.0671	16.33	0.819715	0.910937	0.003460	0.000013
0.0671	16.69	0.819715	0.911438	0.003373	0.000012
0.0671	17.06	0.819715	0.915224	0.002850	0.000009
0.0671	17.43	0.819715	0.914978	0.002593	0.000007
0.0671	17.80	0.819715	0.905338	0.003378	0.000013
0.0671	18.16	0.819715	0.905194	0.002868	0.000009
0.0671	18.53	0.819715	0.917147	0.003167	0.000011
0.0671	18.90	0.819715	0.915275	0.002934	0.000009
0.0671	19.27	0.819715	0.915515	0.002669	0.000008
0.0671	19.63	0.819715	0.916109	0.002741	0.000008
0.0671	20.00	0.819715	0.917366	0.002900	0.000009
0.0718	2.00	0.849029	0.000000	0.000000	0.000000
0.0718	2.37	0.849029	0.000000	0.000000	0.000000
0.0718	2.73	0.849029	0.000000	0.000000	0.000000
0.0718	3.10	0.849029	0.000000	0.000000	0.000000
0.0718	3.47	0.849029	0.000000	0.000000	0.000000
0.0718	3.84	0.849029	0.000000	0.000000	0.000000
0.0718	4.20	0.849029	0.000000	0.000000	0.000000
0.0718	4.57	0.849029	0.000000	0.000000	0.000000
0.0718	4.94	0.849029	0.000000	0.000000	0.000000
0.0718	5.31	0.849029	0.000000	0.000000	0.000000
0.0718	5.67	0.849029	0.000000	0.000000	0.000000
0.0718	6.04	0.849029	0.389899	0.000000	0.000000
0.0718	6.41	0.849029	0.303030	0.000000	0.000000
0.0718	6.78	0.849029	0.375758	0.188569	0.094631
0.0718	7.14	0.849029	0.259933	0.203832	0.159840
0.0718	7.51	0.849029	0.384242	0.238779	0.148384
0.0718	7.88	0.849029	0.482828	0.203581	0.085838
0.0718	8.24	0.849029	0.610640	0.142027	0.033034
0.0718	8.61	0.849029	0.668687	0.026270	0.001032
0.0718	8.98	0.849029	0.697727	0.024652	0.000871
0.0718	9.35	0.849029	0.750194	0.022579	0.000680
0.0718	9.71	0.849029	0.731661	0.124590	0.021216
0.0718	10.08	0.849029	0.771448	0.020058	0.000522
0.0718	10.45	0.849029	0.733823	0.163780	0.036553
0.0718	10.82	0.849029	0.736067	0.163006	0.036099
0.0718	11.18	0.849029	0.737322	0.187697	0.047781
0.0718	11.55	0.849029	0.832435	0.031049	0.001158
0.0718	11.92	0.849029	0.861760	0.031066	0.001120
0.0718	12.29	0.849029	0.707869	0.245949	0.085455
0.0718	12.65	0.849029	0.769293	0.191188	0.047515
0.0718	13.02	0.849029	0.777088	0.214056	0.058964
0.0718	13.39	0.849029	0.842318	0.123580	0.018131
0.0718	13.76	0.849029	0.829545	0.168461	0.034210
0.0718	14.12	0.849029	0.873365	0.041327	0.001956
0.0718	14.49	0.849029	0.891116	0.019240	0.000415
0.0718	14.86	0.849029	0.798485	0.217168	0.059064
0.0718	15.22	0.849029	0.841344	0.118355	0.016649
0.0718	15.59	0.849029	0.808128	0.194564	0.046843
0.0718	15.96	0.849029	0.799297	0.182997	0.041897
0.0718	16.33	0.849029	0.911515	0.006013	0.000040
0.0718	16.69	0.849029	0.906414	0.006537	0.000047
0.0718	17.06	0.849029	0.909394	0.007539	0.000063
0.0718	17.43	0.849029	0.894798	0.019991	0.000447
0.0718	17.80	0.849029	0.910668	0.004198	0.000019
0.0718	18.16	0.849029	0.905548	0.015312	0.000259
0.0718	18.53	0.849029	0.873373	0.101418	0.011777
0.0718	18.90	0.849029	0.901922	0.028636	0.000909
0.0718	19.27	0.849029	0.887683	0.040965	0.001890
0.0718	19.63	0.849029	0.884091	0.038822	0.001705
0.0718	20.00	0.849029	0.910166	0.104212	0.011932
0.0764	2.00	0.781088	0.000000	0.000000	0.000000
0.0764	2.37	0.781088	0.000000	0.000000	0.000000
0.0764	2.73	0.781088	0.000000	0.000000	0.000000
0.0764	3.10	0.781088	0.000000	0.000000	0.000000
0.0764	3.47	0.781088	0.000000	0.000000	0.000000
0.0764	3.84	0.781088	0.000000	0.000000	0.000000
0.0764	4.20	0.781088	0.000000	0.000000	0.000000
0.0764	4.57	0.781088	0.000000	0.000000	0.000000
0.0764	4.94	0.781088	0.000000	0.000000	0.000000
0.0764	5.31	0.781088	0.000000	0.000000	0.000000
0.0764	5.67	0.781088	0.000000	0.000000	0.000000
0.0764	6.04	0.781088	0.000000	0.000000	0.000000
0.0764	6.41	0.781088	0.000000	0.000000	0.000000
0.0764	6.78	0.781088	0.000000	0.000000	0.000000
0.0764	7.14	0.781088	0.000000	0.000000	0.000000
0.0764	7.51	0.781088	0.000000	0.000000	0.000000
0.0764	7.88	0.781088	0.000000	0.000000	0.000000
0.0764	8.24	0.781088	0.104970	0.015069	0.002163
0.0764	8.61	0.781088	0.141988	0.046379	0.015149
0.0764	8.98	0.781088	0.155172	0.071360	0.032816
0.0764	9.35	0.781088	0.193857	0.108703	0.060954
0.0764	9.71	0.781088	0.201826	0.078667	0.030663
0.0764	10.08	0.781088	0.276210	0.125088	0.056649
0.0764	10.45	0.781088	0.422602	0.186017	0.081879
0.0764	10.82	0.781088	0.554640	0.198819	0.071270
0.0764	11.18	0.781088	0.691684	0.146575	0.031061
0.0764	11.55	0.781088	0.716546	0.153946	0.033075
0.0764	11.92	0.781088	0.792872	0.109295	0.015066
0.0764	12.29	0.781088	0.838683	0.031628	0.001193
0.0764	12.65	0.781088	0.856096	0.017396	0.000353
0.0764	13.02	0.781088	0.863724	0.022048	0.000563
0.0764	13.39	0.781088	0.866339	0.019889	0.000457
0.0764	13.76	0.781088	0.870963	0.007500	0.000065
0.0764	14.12	0.781088	0.873428	0.005495	0.000035
0.0764	14.49	0.781088	0.876775	0.005606	0.000036
0.0764	14.86	0.781088	0.886202	0.007260	0.000059
0.0764	15.22	0.781088	0.887120	0.010025	0.000113
0.0764	15.59	0.781088	0.885649	0.005361	0.000032
0.0764	15.96	0.781088	0.887003	0.004788	0.000026
0.0764	16.33	0.781088	0.886989	0.005148	0.000030
0.0764	16.69	0.781088	0.888921	0.004488	0.000023
0.0764	17.06	0.781088	0.890269	0.004542	0.000023
0.0764	17.43	0.781088	0.892050	0.004262	0.000020
0.0764	17.80	0.781088	0.890368	0.003955	0.000018
0.0764	18.16	0.781088	0.891852	0.004213	0.000020
0.0764	18.53	0.781088	0.891258	0.003258	0.000012
0.0764	18.90	0.781088	0.891901	0.002842	0.000009
0.0764	19.27	0.781088	0.889018	0.003201	0.000012
0.0764	19.63	0.781088	0.890128	0.002967	0.000010
0.0764	20.00	0.781088	0.892205	0.004799	0.000026
0.0811	2.00	0.793952	0.000000	0.000000	0.000000
0.0811	2.37	0.793952	0.000000	0.000000	0.000000
0.0811	2.73	0.793952	0.000000	0.000000	0.000000
0.0811	3.10	0.793952	0.000000	0.000000	0.000000
0.0811	3.47	0.793952	0.000000	0.000000	0.000000
0.0811	3.84	0.793952	0.000000	0.000000	0.000000
0.0811	4.20	0.793952	0.000000	0.000000	0.000000
0.0811	4.57	0.793952	0.000000	0.000000	0.000000
0.0811	4.94	0.793952	0.000000	0.000000	0.000000
0.0811	5.31	0.793952	0.000000	0.000000	0.000000
0.0811	5.67	0.793952	0.000000	0.000000	0.000000
0.0811	6.04	0.793952	0.000000	0.000000	0.000000
0.0811	6.41	0.793952	0.000000	0.000000	0.000000
0.0811	6.78	0.793952	0.000000	0.000000	0.000000
0.0811	7.14	0.793952	0.084848	0.000000	0.000000
0.0811	7.51	0.793952	0.080808	0.000000	0.000000
0.0811	7.88	0.793952	0.114141	0.003030	0.000080
0.0811	8.24	0.793952	0.195286	0.144764	0.107312
0.0811	8.61	0.793952	0.248773	0.188925	0.143474
0.0811	8.98	0.793952	0.386003	0.254149	0.167335
0.0811	9.35	0.793952	0.547222	0.195362	0.069746
0.0811	9.71	0.793952	0.584512	0.247263	0.104598
0.0811	10.08	0.793952	0.733478	0.183752	0.046034
0.0811	10.45	0.793952	0.780845	0.142916	0.026157
0.0811	10.82	0.793952	0.835354	0.023702	0.000673
0.0811	11.18	0.793952	0.852652	0.031790	0.001185
0.0811	11.55	0.793952	0.860422	0.009175	0.000098
0.0811	11.92	0.793952	0.865628	0.006377	0.000047
0.0811	12.29	0.793952	0.868225	0.004927	0.000028
0.0811	12.65	0.793952	0.876599	0.007212	0.000059
0.0811	13.02	0.793952	0.880098	0.004154	0.000020
0.0811	13.39	0.793952	0.881682	0.005933	0.000040
0.0811	13.76	0.793952	0.883657	0.004136	0.000019
0.0811	14.12	0.793952	0.885859	0.004007	0.000018
0.0811	14.49	0.793952	0.886092	0.003442	0.000013
0.0811	14.86	0.793952	0.886610	0.003006	0.000010
0.0811	15.22	0.793952	0.879848	0.004065	0.000019
0.0811	15.59	0.793952	0.879495	0.003180	0.000011
0.0811	15.96	0.793952	0.885404	0.004115	0.000019
0.0811	16.33	0.793952	0.885735	0.005185	0.000030
0.0811	16.69	0.793952	0.888002	0.005147	0.000030
0.0811	17.06	0.793952	0.885808	0.004140	0.000019
0.0811	17.43	0.793952	0.887164	0.005000	0.000028
0.0811	17.80	0.793952	0.887263	0.004933	0.000027
0.0811	18.16	0.793952	0.892831	0.002924	0.000010
0.0811	18.53	0.793952	0.894407	0.002751	0.000008
0.0811	18.90	0.793952	0.890613	0.004362	0.000021
0.0811	19.27	0.793952	0.895245	0.004199	0.000020
0.0811	19.63	0.793952	0.896428	0.003653	0.000015
0.0811	20.00	0.793952	0.894506	0.003010	0.000010
0.0858	2.00	0.758449	0.000000	0.000000	0.000000
0.0858	2.37	0.758449	0.000000	0.000000	0.000000
0.0858	2.73	0.758449	0.000000	0.000000	0.000000
0.0858	3.10	0.758449	0.000000	0.000000	0.000000
0.0858	3.47	0.758449	0.000000	0.000000	0.000000
0.0858	3.84	0.758449	0.000000	0.000000	0.000000
0.0858	4.20	0.758449	0.000000	0.000000	0.000000
0.0858	4.57	0.758449	0.000000	0.000000	0.000000
0.0858	4.94	0.758449	0.000000	0.000000	0.000000
0.0858	5.31	0.758449	0.000000	0.000000	0.000000
0.0858	5.67	0.758449	0.000000	0.000000	0.000000
0.0858	6.04	0.758449	0.000000	0.000000	0.000000
0.0858	6.41	0.758449	0.000000	0.000000	0.000000
0.0858	6.78	0.758449	0.000000	0.000000	0.000000
0.0858	7.14	0.758449	0.000000	0.000000	0.000000
0.0858	7.51	0.758449	0.000000	0.000000	0.000000
0.0858	7.88	0.758449	0.000000	0.000000	0.000000
0.0858	8.24	0.758449	0.119919	0.028455	0.006752
0.0858	8.61	0.758449	0.185976	0.015244	0.001250
0.0858	8.98	0.758449	0.422764	0.000000	0.000000
0.0858	9.35	0.758449	0.311556	0.171359	0.094249
0.0858	9.71	0.758449	0.396051	0.141973	0.050893
0.0858	10.08	0.758449	0.341556	0.162586	0.077394
0.0858	10.45	0.758449	0.412475	0.204482	0.101371
0.0858	10.82	0.758449	0.553455	0.187305	0.063389
0.0858	11.18	0.758449	0.602242	0.172262	0.049273
0.0858	11.55	0.758449	0.647075	0.178483	0.049231
0.0858	11.92	0.758449	0.751554	0.081226	0.008779
0.0858	12.29	0.758449	0.737585	0.137883	0.025776
0.0858	12.65	0.758449	0.759537	0.140657	0.026048
0.0858	13.02	0.758449	0.791749	0.032935	0.001370
0.0858	13.39	0.758449	0.803969	0.016641	0.000344
0.0858	13.76	0.758449	0.827503	0.007419	0.000067
0.0858	14.12	0.758449	0.829857	0.007070	0.000060
0.0858	14.49	0.758449	0.833708	0.006166	0.000046
0.0858	14.86	0.758449	0.837086	0.005868	0.000041
0.0858	15.22	0.758449	0.826880	0.005079	0.000031
0.0858	15.59	0.758449	0.827533	0.005070	0.000031
0.0858	15.96	0.758449	0.829814	0.005178	0.000032
0.0858	16.33	0.758449	0.843942	0.004740	0.000027
0.0858	16.69	0.758449	0.844735	0.004531	0.000024
0.0858	17.06	0.758449	0.842528	0.005023	0.000030
0.0858	17.43	0.758449	0.844657	0.006430	0.000049
0.0858	17.80	0.758449	0.842503	0.004213	0.000021
0.0858	18.16	0.758449	0.842286	0.004324	0.000022
0.0858	18.53	0.758449	0.844754	0.004064	0.000020
0.0858	18.90	0.758449	0.854084	0.004148	0.000020
0.0858	19.27	0.758449	0.852594	0.004047	0.000019
0.0858	19.63	0.758449	0.852088	0.004085	0.000020
0.0858	20.00	0.758449	0.853705	0.004279	0.000021
0.0904	2.00	0.757822	0.000000	0.000000	0.000000
0.0904	2.37	0.757822	0.000000	0.000000	0.000000
0.0904	2.73	0.757822	0.000000	0.000000	0.000000
0.0904	3.10	0.757822	0.000000	0.000000	0.000000
0.0904	3.47	0.757822	0.000000	0.000000	0.000000
0.0904	3.84	0.757822	0.000000	0.000000	0.000000
0.0904	4.20	0.757822	0.000000	0.000000	0.000000
0.0904	4.57	0.757822	0.000000	0.000000	0.000000
0.0904	4.94	0.757822	0.000000	0.000000	0.000000
0.0904	5.31	0.757822	0.000000	0.000000	0.000000
0.0904	5.67	0.757822	0.000000	0.000000	0.000000
0.0904	6.04	0.757822	0.000000	0.000000	0.000000
0.0904	6.41	0.757822	0.000000	0.000000	0.000000
0.0904	6.78	0.757822	0.000000	0.000000	0.000000
0.0904	7.14	0.757822	0.000000	0.000000	0.000000
0.0904	7.51	0.757822	0.000000	0.000000	0.000000
0.0904	7.88	0.757822	0.161224	0.000000	0.000000
0.0904	8.24	0.757822	0.193878	0.000000	0.000000
0.0904	8.61	0.757822	0.090476	0.004810	0.000256
0.0904	8.98	0.757822	0.161633	0.095071	0.055920
0.0904	9.35	0.757822	0.151927	0.071769	0.033903
0.0904	9.71	0.757822	0.265442	0.160821	0.097435
0.0904	10.08	0.757822	0.425878	0.260200	0.158975
0.0904	10.45	0.757822	0.609592	0.255073	0.106731
0.0904	10.82	0.757822	0.760340	0.176586	0.041012
0.0904	11.18	0.757822	0.818170	0.045007	0.002476
0.0904	11.55	0.757822	0.820108	0.124599	0.018930
0.0904	11.92	0.757822	0.849351	0.007024	0.000058
0.0904	12.29	0.757822	0.860444	0.005644	0.000037
0.0904	12.65	0.757822	0.862548	0.005598	0.000036
0.0904	13.02	0.757822	0.857313	0.005576	0.000036
0.0904	13.39	0.757822	0.855488	0.016714	0.000327
0.0904	13.76	0.757822	0.838507	0.124496	0.018484
0.0904	14.12	0.757822	0.863998	0.003117	0.000011
0.0904	14.49	0.757822	0.863684	0.012009	0.000167
0.0904	14.86	0.757822	0.865765	0.008131	0.000076
0.0904	15.22	0.757822	0.869949	0.004256	0.000021
0.0904	15.59	0.757822	0.860969	0.009553	0.000106
0.0904	15.96	0.757822	0.863367	0.004003	0.000019
0.0904	16.33	0.757822	0.871531	0.005360	0.000033
0.0904	16.69	0.757822	0.873171	0.004887	0.000027
0.0904	17.06	0.757822	0.868990	0.003777	0.000016
0.0904	17.43	0.757822	0.869189	0.003898	0.000017
0.0904	17.80	0.757822	0.867148	0.003116	0.000011
0.0904	18.16	0.757822	0.867546	0.003976	0.000018
0.0904	18.53	0.757822	0.868562	0.004010	0.000019
0.0904	18.90	0.757822	0.869139	0.004534	0.000024
0.0904	19.27	0.757822	0.871331	0.003533	0.000014
0.0904	19.63	0.757822	0.871727	0.003299	0.000012
0.0904	20.00	0.757822	0.874813	0.002837	0.000009
0.0949	2.00	0.804852	0.000000	0.000000	0.000000
0.0949	2.37	0.804852	0.000000	0.000000	0.000000
0.0949	2.73	0.804852	0.000000	0.000000	0.000000
0.0949	3.10	0.804852	0.000000	0.000000	0.000000
0.0949	3.47	0.804852	0.000000	0.000000	0.000000
0.0949	3.84	0.804852	0.000000	0.000000	0.000000
0.0949	4.20	0.804852	0.000000	0.000000	0.000000
0.0949	4.57	0.804852	0.000000	0.000000	0.000000
0.0949	4.94	0.804852	0.000000	0.000000	0.000000
0.0949	5.31	0.804852	0.000000	0.000000	0.000000
0.0949	5.67	0.804852	0.000000	0.000000	0.000000
0.0949	6.04	0.804852	0.000000	0.000000	0.000000
0.0949	6.41	0.804852	0.084175	0.003367	0.000135
0.0949	6.78	0.804852	0.094276	0.000000	0.000000
0.0949	7.14	0.804852	0.092593	0.001684	0.000031
0.0949	7.51	0.804852	0.090909	0.010101	0.001122
0.0949	7.88	0.804852	0.138047	0.000000	0.000000
0.0949	8.24	0.804852	0.158249	0.059537	0.022399
0.0949	8.61	0.804852	0.105219	0.023373	0.005192
0.0949	8.98	0.804852	0.156145	0.062129	0.024720
0.0949	9.35	0.804852	0.326768	0.269041	0.221513
0.0949	9.71	0.804852	0.452140	0.307341	0.208915
0.0949	10.08	0.804852	0.522509	0.329761	0.208116
0.0949	10.45	0.804852	0.584897	0.338554	0.195964
0.0949	10.82	0.804852	0.777252	0.287411	0.106278
0.0949	11.18	0.804852	0.748267	0.334445	0.149483
0.0949	11.55	0.804852	0.850015	0.237028	0.066095
0.0949	11.92	0.804852	0.842328	0.240879	0.068884
0.0949	12.29	0.804852	0.926619	0.139103	0.020882
0.0949	12.65	0.804852	0.951476	0.013789	0.000200
0.0949	13.02	0.804852	0.959115	0.007809	0.000064
0.0949	13.39	0.804852	0.936775	0.142537	0.021688
0.0949	13.76	0.804852	0.942124	0.143184	0.021761
0.0949	14.12	0.804852	0.969515	0.004284	0.000019
0.0949	14.49	0.804852	0.945242	0.139978	0.020729
0.0949	14.86	0.804852	0.970516	0.004172	0.000018
0.0949	15.22	0.804852	0.976094	0.004983	0.000025
0.0949	15.59	0.804852	0.978367	0.004634	0.000022
0.0949	15.96	0.804852	0.980143	0.005380	0.000030
0.0949	16.33	0.804852	0.983856	0.004586	0.000021
0.0949	16.69	0.804852	0.984848	0.004641	0.000022
0.0949	17.06	0.804852	0.986618	0.004478	0.000020
0.0949	17.43	0.804852	0.982407	0.003408	0.000012
0.0949	17.80	0.804852	0.982190	0.004007	0.000016
0.0949	18.16	0.804852	0.987626	0.003867	0.000015
0.0949	18.53	0.804852	0.988431	0.003306	0.000011
0.0949	18.90	0.804852	0.988300	0.003010	0.000009
0.0949	19.27	0.804852	0.988174	0.003418	0.000012
0.0949	19.63	0.804852	0.988831	0.003676	0.000014
0.0949	20.00	0.804852	0.987482	0.004031	0.000016
0.0992	2.00	0.748579	0.000000	0.000000	0.000000
0.0992	2.37	0.748579	0.000000	0.000000	0.000000
0.0992	2.73	0.748579	0.000000	0.000000	0.000000
0.0992	3.10	0.748579	0.000000	0.000000	0.000000
0.0992	3.47	0.748579	0.000000	0.000000	0.000000
0.0992	3.84	0.748579	0.000000	0.000000	0.000000
0.0992	4.20	0.748579	0.000000	0.000000	0.000000
0.0992	4.57	0.748579	0.000000	0.000000	0.000000
0.0992	4.94	0.748579	0.000000	0.000000	0.000000
0.0992	5.31	0.748579	0.000000	0.000000	0.000000
0.0992	5.67	0.748579	0.000000	0.000000	0.000000
0.0992	6.04	0.748579	0.000000	0.000000	0.000000
0.0992	6.41	0.748579	0.000000	0.000000	0.000000
0.0992	6.78	0.748579	0.000000	0.000000	0.000000
0.0992	7.14	0.748579	0.000000	0.000000	0.000000
0.0992	7.51	0.748579	0.000000	0.000000	0.000000
0.0992	7.88	0.748579	0.000000	0.000000	0.000000
0.0992	8.24	0.748579	0.152439	0.004065	0.000108
0.0992	8.61	0.748579	0.203252	0.000000	0.000000
0.0992	8.98	0.748579	0.154878	0.030566	0.006032
0.0992	9.35	0.748579	0.176360	0.079663	0.035984
0.0992	9.71	0.748579	0.221545	0.088860	0.035641
0.0992	10.08	0.748579	0.326845	0.101490	0.031514
0.0992	10.45	0.748579	0.350308	0.113878	0.037020
0.0992	10.82	0.748579	0.419429	0.138754	0.045902
0.0992	11.18	0.748579	0.429640	0.135864	0.042964
0.0992	11.55	0.748579	0.512244	0.158715	0.049177
0.0992	11.92	0.748579	0.653512	0.152836	0.035744
0.0992	12.29	0.748579	0.641013	0.138811	0.030059
0.0992	12.65	0.748579	0.711122	0.129340	0.023525
0.0992	13.02	0.748579	0.806346	0.047702	0.002822
0.0992	13.39	0.748579	0.755651	0.179892	0.042826
0.0992	13.76	0.748579	0.818838	0.120262	0.017663
0.0992	14.12	0.748579	0.852512	0.026857	0.000846
0.0992	14.49	0.748579	0.870961	0.025726	0.000760
0.0992	14.86	0.748579	0.878354	0.016978	0.000328
0.0992	15.22	0.748579	0.861740	0.033246	0.001283
0.0992	15.59	0.748579	0.868080	0.030869	0.001098
0.0992	15.96	0.748579	0.858071	0.124515	0.018068
0.0992	16.33	0.748579	0.893394	0.016717	0.000313
0.0992	16.69	0.748579	0.897842	0.007947	0.000070
0.0992	17.06	0.748579	0.900261	0.005957	0.000039
0.0992	17.43	0.748579	0.901352	0.005285	0.000031
0.0992	17.80	0.748579	0.905464	0.007261	0.000058
0.0992	18.16	0.748579	0.896391	0.005206	0.000030
0.0992	18.53	0.748579	0.897793	0.004721	0.000025
0.0992	18.90	0.748579	0.900360	0.004145	0.000019
0.0992	19.27	0.748579	0.902392	0.004029	0.000018
0.0992	19.63	0.748579	0.912743	0.005005	0.000027
0.0992	20.00	0.748579	0.912371	0.004529	0.000022
0.1031	2.00	0.738591	0.000000	0.000000	0.000000
0.1031	2.37	0.738591	0.000000	0.000000	0.000000
0.1031	2.73	0.738591	0.000000	0.000000	0.000000
0.1031	3.10	0.738591	0.000000	0.000000	0.000000
0.1031	3.47	0.738591	0.000000	0.000000	0.000000
0.1031	3.84	0.738591	0.000000	0.000000	0.000000
0.1031	4.20	0.738591	0.000000	0.000000	0.000000
0.1031	4.57	0.738591	0.000000	0.000000	0.000000
0.1031	4.94	0.738591	0.000000	0.000000	0.000000
0.1031	5.31	0.738591	0.000000	0.000000	0.000000
0.1031	5.67	0.738591	0.000000	0.000000	0.000000
0.1031	6.04	0.738591	0.000000	0.000000	0.000000
0.1031	6.41	0.738591	0.000000	0.000000	0.000000
0.1031	6.78	0.738591	0.000000	0.000000	0.000000
0.1031	7.14	0.738591	0.000000	0.000000	0.000000
0.1031	7.51	0.738591	0.264403	0.103909	0.040836
0.1031	7.88	0.738591	0.271948	0.121761	0.054517
0.1031	8.24	0.738591	0.332305	0.110146	0.036509
0.1031	8.61	0.738591	0.391861	0.012688	0.000411
0.1031	8.98	0.738591	0.380295	0.081935	0.017653
0.1031	9.35	0.738591	0.414560	0.013208	0.000421
0.1031	9.71	0.738591	0.410041	0.051173	0.006386
0.1031	10.08	0.738591	0.392683	0.114980	0.033667
0.1031	10.45	0.738591	0.501470	0.141206	0.039761
0.1031	10.82	0.738591	0.630401	0.146733	0.034154
0.1031	11.18	0.738591	0.688371	0.057108	0.004738
0.1031	11.55	0.738591	0.706198	0.052039	0.003835
0.1031	11.92	0.738591	0.730511	0.008441	0.000098
0.1031	12.29	0.738591	0.703314	0.083776	0.009979
0.1031	12.65	0.738591	0.672787	0.121362	0.021892
0.1031	13.02	0.738591	0.692170	0.131529	0.024994
0.1031	13.39	0.738591	0.744077	0.016800	0.000379
0.1031	13.76	0.738591	0.726446	0.106086	0.015492
0.1031	14.12	0.738591	0.652492	0.240312	0.088507
0.1031	14.49	0.738591	0.683923	0.209087	0.063921
0.1031	14.86	0.738591	0.632607	0.246907	0.096368
0.1031	15.22	0.738591	0.611111	0.273304	0.122228
0.1031	15.59	0.738591	0.606877	0.285804	0.134598
0.1031	15.96	0.738591	0.605874	0.290057	0.138862
0.1031	16.33	0.738591	0.620467	0.288727	0.134355
0.1031	16.69	0.738591	0.555875	0.305639	0.168051
0.1031	17.06	0.738591	0.634418	0.268396	0.113547
0.1031	17.43	0.738591	0.618293	0.281211	0.127900
0.1031	17.80	0.738591	0.628487	0.266996	0.113427
0.1031	18.16	0.738591	0.584687	0.302905	0.156924
0.1031	18.53	0.738591	0.622906	0.282863	0.128448
0.1031	18.90	0.738591	0.625839	0.279207	0.124563
0.1031	19.27	0.738591	0.509864	0.307139	0.185018
0.1031	19.63	0.738591	0.575558	0.300458	0.156847
0.1031	20.00	0.738591	0.589293	0.288063	0.140813
0.1070	2.00	0.771526	0.000000	0.000000	0.000000
0.1070	2.37	0.771526	0.000000	0.000000	0.000000
0.1070	2.73	0.771526	0.000000	0.000000	0.000000
0.1070	3.10	0.771526	0.000000	0.000000	0.000000
0.1070	3.47	0.771526	0.000000	0.000000	0.000000
0.1070	3.84	0.771526	0.000000	0.000000	0.000000
0.1070	4.20	0.771526	0.000000	0.000000	0.000000
0.1070	4.57	0.771526	0.000000	0.000000	0.000000
0.1070	4.94	0.771526	0.000000	0.000000	0.000000
0.1070	5.31	0.771526	0.000000	0.000000	0.000000
0.1070	5.67	0.771526	0.000000	0.000000	0.000000
0.1070	6.04	0.771526	0.000000	0.000000	0.000000
0.1070	6.41	0.771526	0.000000	0.000000	0.000000
0.1070	6.78	0.771526	0.000000	0.000000	0.000000
0.1070	7.14	0.771526	0.000000	0.000000	0.000000
0.1070	7.51	0.771526	0.204868	0.075051	0.027494
0.1070	7.88	0.771526	0.233012	0.208137	0.185917
0.1070	8.24	0.771526	0.522876	0.295528	0.167031
0.1070	8.61	0.771526	0.569980	0.334046	0.195773
0.1070	8.98	0.771526	0.765517	0.170761	0.038091
0.1070	9.35	0.771526	0.823935	0.011413	0.000158
0.1070	9.71	0.771526	0.805020	0.135793	0.022906
0.1070	10.08	0.771526	0.833092	0.134912	0.021848
0.1070	10.45	0.771526	0.839757	0.132227	0.020820
0.1070	10.82	0.771526	0.873127	0.009554	0.000105
0.1070	11.18	0.771526	0.882722	0.011948	0.000162
0.1070	11.55	0.771526	0.863402	0.134186	0.020855
0.1070	11.92	0.771526	0.886052	0.012479	0.000176
0.1070	12.29	0.771526	0.890061	0.012558	0.000177
0.1070	12.65	0.771526	0.890930	0.006876	0.000053
0.1070	13.02	0.771526	0.893396	0.006333	0.000045
0.1070	13.39	0.771526	0.892988	0.009222	0.000095
0.1070	13.76	0.771526	0.875800	0.129406	0.019121
0.1070	14.12	0.771526	0.902904	0.007803	0.000067
0.1070	14.49	0.771526	0.905786	0.010910	0.000131
0.1070	14.86	0.771526	0.917616	0.006823	0.000051
0.1070	15.22	0.771526	0.918188	0.009693	0.000102
0.1070	15.59	0.771526	0.905274	0.007428	0.000061
0.1070	15.96	0.771526	0.913507	0.009749	0.000104
0.1070	16.33	0.771526	0.914651	0.008324	0.000076
0.1070	16.69	0.771526	0.924594	0.007127	0.000055
0.1070	17.06	0.771526	0.924257	0.009531	0.000098
0.1070	17.43	0.771526	0.920249	0.006591	0.000047
0.1070	17.80	0.771526	0.921585	0.005783	0.000036
0.1070	18.16	0.771526	0.924455	0.003769	0.000015
0.1070	18.53	0.771526	0.929253	0.004348	0.000020
0.1070	18.90	0.771526	0.929501	0.004964	0.000027
0.1070	19.27	0.771526	0.930094	0.005433	0.000032
0.1070	19.63	0.771526	0.931237	0.003789	0.000015
0.1070	20.00	0.771526	0.931846	0.003843	0.000016
0.1109	2.00	0.793585	0.000000	0.000000	0.000000
0.1109	2.37	0.793585	0.000000	0.000000	0.000000
0.1109	2.73	0.793585	0.000000	0.000000	0.000000
0.1109	3.10	0.793585	0.000000	0.000000	0.000000
0.1109	3.47	0.793585	0.000000	0.000000	0.000000
0.1109	3.84	0.793585	0.000000	0.000000	0.000000
0.1109	4.20	0.793585	0.000000	0.000000	0.000000
0.1109	4.57	0.793585	0.000000	0.000000	0.000000
0.1109	4.94	0.793585	0.000000	0.000000	0.000000
0.1109	5.31	0.793585	0.000000	0.000000	0.000000
0.1109	5.67	0.793585	0.000000	0.000000	0.000000
0.1109	6.04	0.793585	0.000000	0.000000	0.000000
0.1109	6.41	0.793585	0.000000	0.000000	0.000000
0.1109	6.78	0.793585	0.000000	0.000000	0.000000
0.1109	7.14	0.793585	0.000000	0.000000	0.000000
0.1109	7.51	0.793585	0.219298	0.104982	0.050256
0.1109	7.88	0.793585	0.305668	0.166134	0.090295
0.1109	8.24	0.793585	0.288462	0.151424	0.079488
0.1109	8.61	0.793585	0.320416	0.164104	0.084047
0.1109	8.98	0.793585	0.380567	0.146738	0.056579
0.1109	9.35	0.793585	0.381452	0.153514	0.061781
0.1109	9.71	0.793585	0.393275	0.185446	0.087445
0.1109	10.08	0.793585	0.440584	0.174282	0.068941
0.1109	10.45	0.793585	0.461242	0.181236	0.071213
0.1109	10.82	0.793585	0.451219	0.183097	0.074298
0.1109	11.18	0.793585	0.524755	0.229282	0.100180
0.1109	11.55	0.793585	0.572832	0.227459	0.090319
0.1109	11.92	0.793585	0.572832	0.244247	0.104143
0.1109	12.29	0.793585	0.542582	0.229245	0.096858
0.1109	12.65	0.793585	0.606859	0.237550	0.092987
0.1109	13.02	0.793585	0.627692	0.238079	0.090301
0.1109	13.39	0.793585	0.727641	0.238897	0.078434
0.1109	13.76	0.793585	0.850773	0.164312	0.031734
0.1109	14.12	0.793585	0.804909	0.156172	0.030301
0.1109	14.49	0.793585	0.778081	0.197115	0.049936
0.1109	14.86	0.793585	0.764874	0.215461	0.060694
0.1109	15.22	0.793585	0.724170	0.234477	0.075920
0.1109	15.59	0.793585	0.840222	0.181941	0.039398
0.1109	15.96	0.793585	0.883677	0.120687	0.016483
0.1109	16.33	0.793585	0.725587	0.264374	0.096327
0.1109	16.69	0.793585	0.822736	0.204791	0.050976
0.1109	17.06	0.793585	0.845970	0.179349	0.038023
0.1109	17.43	0.793585	0.815273	0.216214	0.057341
0.1109	17.80	0.793585	0.946233	0.003821	0.000015
0.1109	18.16	0.793585	0.936951	0.004184	0.000019
0.1109	18.53	0.793585	0.937348	0.003786	0.000015
0.1109	18.90	0.793585	0.941296	0.005602	0.000033
0.1109	19.27	0.793585	0.952959	0.003638	0.000014
0.1109	19.63	0.793585	0.954330	0.003226	0.000011
0.1109	20.00	0.793585	0.944604	0.005342	0.000030
0.1146	2.00	0.668627	0.000000	0.000000	0.000000
0.1146	2.37	0.668627	0.000000	0.000000	0.000000
0.1146	2.73	0.668627	0.000000	0.000000	0.000000
0.1146	3.10	0.668627	0.000000	0.000000	0.000000
0.1146	3.47	0.668627	0.000000	0.000000	0.000000
0.1146	3.84	0.668627	0.000000	0.000000	0.000000
0.1146	4.20	0.668627	0.000000	0.000000	0.000000
0.1146	4.57	0.668627	0.000000	0.000000	0.000000
0.1146	4.94	0.668627	0.000000	0.000000	0.000000
0.1146	5.31	0.668627	0.000000	0.000000	0.000000
0.1146	5.67	0.668627	0.000000	0.000000	0.000000
0.1146	6.04	0.668627	0.000000	0.000000	0.000000
0.1146	6.41	0.668627	0.000000	0.000000	0.000000
0.1146	6.78	0.668627	0.000000	0.000000	0.000000
0.1146	7.14	0.668627	0.000000	0.000000	0.000000
0.1146	7.51	0.668627	0.000000	0.000000	0.000000
0.1146	7.88	0.668627	0.000000	0.000000	0.000000
0.1146	8.24	0.668627	0.133673	0.045918	0.015773
0.1146	8.61	0.668627	0.195918	0.079731	0.032448
0.1146	8.98	0.668627	0.153061	0.033935	0.007524
0.1146	9.35	0.668627	0.162585	0.110945	0.075707
0.1146	9.71	0.668627	0.346811	0.150508	0.065317
0.1146	10.08	0.668627	0.452876	0.169645	0.063548
0.1146	10.45	0.668627	0.518297	0.173188	0.057870
0.1146	10.82	0.668627	0.643265	0.051616	0.004142
0.1146	11.18	0.668627	0.607265	0.029309	0.001415
0.1146	11.55	0.668627	0.615034	0.101597	0.016783
0.1146	11.92	0.668627	0.642283	0.096415	0.014473
0.1146	12.29	0.668627	0.759184	0.039493	0.002054
0.1146	12.65	0.668627	0.702372	0.212001	0.063989
0.1146	13.02	0.668627	0.756122	0.109553	0.015873
0.1146	13.39	0.668627	0.780640	0.105991	0.014391
0.1146	13.76	0.668627	0.794331	0.049060	0.003030
0.1146	14.12	0.668627	0.798496	0.116675	0.017048
0.1146	14.49	0.668627	0.836018	0.021547	0.000555
0.1146	14.86	0.668627	0.831345	0.034552	0.001436
0.1146	15.22	0.668627	0.815332	0.039635	0.001927
0.1146	15.59	0.668627	0.823469	0.036769	0.001642
0.1146	15.96	0.668627	0.816132	0.042715	0.002236
0.1146	16.33	0.668627	0.834644	0.032483	0.001264
0.1146	16.69	0.668627	0.838925	0.030352	0.001098
0.1146	17.06	0.668627	0.846559	0.008605	0.000087
0.1146	17.43	0.668627	0.845918	0.009194	0.000100
0.1146	17.80	0.668627	0.845362	0.012677	0.000190
0.1146	18.16	0.668627	0.853200	0.012124	0.000172
0.1146	18.53	0.668627	0.856236	0.007951	0.000074
0.1146	18.90	0.668627	0.852551	0.005242	0.000032
0.1146	19.27	0.668627	0.854694	0.006674	0.000052
0.1146	19.63	0.668627	0.861769	0.006196	0.000045
0.1146	20.00	0.668627	0.862766	0.008120	0.000076
0.1184	2.00	0.707301	0.000000	0.000000	0.000000
0.1184	2.37	0.707301	0.000000	0.000000	0.000000
0.1184	2.73	0.707301	0.000000	0.000000	0.000000
0.1184	3.10	0.707301	0.000000	0.000000	0.000000
0.1184	3.47	0.707301	0.000000	0.000000	0.000000
0.1184	3.84	0.707301	0.000000	0.000000	0.000000
0.1184	4.20	0.707301	0.000000	0.000000	0.000000
0.1184	4.57	0.707301	0.000000	0.000000	0.000000
0.1184	4.94	0.707301	0.000000	0.000000	0.000000
0.1184	5.31	0.707301	0.000000	0.000000	0.000000
0.1184	5.67	0.707301	0.000000	0.000000	0.000000
0.1184	6.04	0.707301	0.000000	0.000000	0.000000
0.1184	6.41	0.707301	0.000000	0.000000	0.000000
0.1184	6.78	0.707301	0.000000	0.000000	0.000000
0.1184	7.14	0.707301	0.000000	0.000000	0.000000
0.1184	7.51	0.707301	0.000000	0.000000	0.000000
0.1184	7.88	0.707301	0.000000	0.000000	0.000000
0.1184	8.24	0.707301	0.000000	0.000000	0.000000
0.1184	8.61	0.707301	0.000000	0.000000	0.000000
0.1184	8.98	0.707301	0.000000	0.000000	0.000000
0.1184	9.35	0.707301	0.098577	0.016292	0.002693
0.1184	9.71	0.707301	0.156504	0.054434	0.018933
0.1184	10.08	0.707301	0.188243	0.088069	0.041203
0.1184	10.45	0.707301	0.178455	0.111760	0.069991
0.1184	10.82	0.707301	0.245784	0.144128	0.084517
0.1184	11.18	0.707301	0.368970	0.181505	0.089287
0.1184	11.55	0.707301	0.459292	0.208351	0.094515
0.1184	11.92	0.707301	0.671101	0.163486	0.039827
0.1184	12.29	0.707301	0.687099	0.186792	0.050781
0.1184	12.65	0.707301	0.769469	0.159292	0.032976
0.1184	13.02	0.707301	0.814381	0.128907	0.020404
0.1184	13.39	0.707301	0.853439	0.022309	0.000583
0.1184	13.76	0.707301	0.858740	0.016097	0.000302
0.1184	14.12	0.707301	0.869758	0.007667	0.000068
0.1184	14.49	0.707301	0.875610	0.005894	0.000040
0.1184	14.86	0.707301	0.880379	0.010485	0.000125
0.1184	15.22	0.707301	0.884604	0.007746	0.000068
0.1184	15.59	0.707301	0.902197	0.005399	0.000032
0.1184	15.96	0.707301	0.906207	0.004272	0.000020
0.1184	16.33	0.707301	0.907638	0.005266	0.000031
0.1184	16.69	0.707301	0.905215	0.004416	0.000022
0.1184	17.06	0.707301	0.906457	0.004029	0.000018
0.1184	17.43	0.707301	0.904520	0.004828	0.000026
0.1184	17.80	0.707301	0.906988	0.004814	0.000026
0.1184	18.16	0.707301	0.905391	0.003972	0.000017
0.1184	18.53	0.707301	0.905984	0.003398	0.000013
0.1184	18.90	0.707301	0.900785	0.003374	0.000013
0.1184	19.27	0.707301	0.902855	0.003536	0.000014
0.1184	19.63	0.707301	0.909229	0.003123	0.000011
0.1184	20.00	0.707301	0.917637	0.003342	0.000012
0.1222	2.00	0.712579	0.000000	0.000000	0.000000
0.1222	2.37	0.712579	0.000000	0.000000	0.000000
0.1222	2.73	0.712579	0.000000	0.000000	0.000000
0.1222	3.10	0.712579	0.000000	0.000000	0.000000
0.1222	3.47	0.712579	0.000000	0.000000	0.000000
0.1222	3.84	0.712579	0.000000	0.000000	0.000000
0.1222	4.20	0.712579	0.000000	0.000000	0.000000
0.1222	4.57	0.712579	0.000000	0.000000	0.000000
0.1222	4.94	0.712579	0.000000	0.000000	0.000000
0.1222	5.31	0.712579	0.000000	0.000000	0.000000
0.1222	5.67	0.712579	0.000000	0.000000	0.000000
0.1222	6.04	0.712579	0.000000	0.000000	0.000000
0.1222	6.41	0.712579	0.000000	0.000000	0.000000
0.1222	6.78	0.712579	0.000000	0.000000	0.000000
0.1222	7.14	0.712579	0.000000	0.000000	0.000000
0.1222	7.51	0.712579	0.000000	0.000000	0.000000
0.1222	7.88	0.712579	0.000000	0.000000	0.000000
0.1222	8.24	0.712579	0.000000	0.000000	0.000000
0.1222	8.61	0.712579	0.000000	0.000000	0.000000
0.1222	8.98	0.712579	0.000000	0.000000	0.000000
0.1222	9.35	0.712579	0.174474	0.060057	0.020673
0.1222	9.71	0.712579	0.167770	0.061934	0.022863
0.1222	10.08	0.712579	0.259801	0.172752	0.114869
0.1222	10.45	0.712579	0.511845	0.251919	0.123989
0.1222	10.82	0.712579	0.480870	0.258398	0.138851
0.1222	11.18	0.712579	0.605499	0.210909	0.073465
0.1222	11.55	0.712579	0.717101	0.175035	0.042724
0.1222	11.92	0.712579	0.797136	0.128924	0.020851
0.1222	12.29	0.712579	0.842279	0.021385	0.000543
0.1222	12.65	0.712579	0.847658	0.016595	0.000325
0.1222	13.02	0.712579	0.826884	0.120227	0.017481
0.1222	13.39	0.712579	0.834143	0.123601	0.018315
0.1222	13.76	0.712579	0.866241	0.014580	0.000245
0.1222	14.12	0.712579	0.872681	0.015773	0.000285
0.1222	14.49	0.712579	0.873936	0.013477	0.000208
0.1222	14.86	0.712579	0.880185	0.014761	0.000248
0.1222	15.22	0.712579	0.881228	0.014627	0.000243
0.1222	15.59	0.712579	0.866162	0.024642	0.000701
0.1222	15.96	0.712579	0.877155	0.015090	0.000260
0.1222	16.33	0.712579	0.877990	0.006020	0.000041
0.1222	16.69	0.712579	0.879595	0.006382	0.000046
0.1222	17.06	0.712579	0.889390	0.007187	0.000058
0.1222	17.43	0.712579	0.889923	0.007396	0.000061
0.1222	17.80	0.712579	0.892542	0.006298	0.000044
0.1222	18.16	0.712579	0.893241	0.003910	0.000017
0.1222	18.53	0.712579	0.895467	0.003337	0.000012
0.1222	18.90	0.712579	0.887652	0.008618	0.000084
0.1222	19.27	0.712579	0.891184	0.004952	0.000028
0.1222	19.63	0.712579	0.896604	0.004476	0.000022
0.1222	20.00	0.712579	0.889452	0.003710	0.000015
0.1265	2.00	0.741017	0.000000	0.000000	0.000000
0.1265	2.37	0.741017	0.000000	0.000000	0.000000
0.1265	2.73	0.741017	0.000000	0.000000	0.000000
0.1265	3.10	0.741017	0.000000	0.000000	0.000000
0.1265	3.47	0.741017	0.000000	0.000000	0.000000
0.1265	3.84	0.741017	0.000000	0.000000	0.000000
0.1265	4.20	0.741017	0.000000	0.000000	0.000000
0.1265	4.57	0.741017	0.000000	0.000000	0.000000
0.1265	4.94	0.741017	0.000000	0.000000	0.000000
0.1265	5.31	0.741017	0.000000	0.000000	0.000000
0.1265	5.67	0.741017	0.000000	0.000000	0.000000
0.1265	6.04	0.741017	0.000000	0.000000	0.000000
0.1265	6.41	0.741017	0.000000	0.000000	0.000000
0.1265	6.78	0.741017	0.000000	0.000000	0.000000
0.1265	7.14	0.741017	0.260780	0.164271	0.103478
0.1265	7.51	0.741017	0.000000	0.000000	0.000000
0.1265	7.88	0.741017	0.388090	0.303901	0.237976
0.1265	8.24	0.741017	0.520329	0.270099	0.140206
0.1265	8.61	0.741017	0.642163	0.218729	0.074502
0.1265	8.98	0.741017	0.637631	0.237834	0.088711
0.1265	9.35	0.741017	0.758189	0.013766	0.000250
0.1265	9.71	0.741017	0.790465	0.013314	0.000224
0.1265	10.08	0.741017	0.804624	0.016772	0.000350
0.1265	10.45	0.741017	0.815620	0.013857	0.000235
0.1265	10.82	0.741017	0.832170	0.015993	0.000307
0.1265	11.18	0.741017	0.835536	0.020284	0.000492
0.1265	11.55	0.741017	0.841516	0.014086	0.000236
0.1265	11.92	0.741017	0.853447	0.016288	0.000311
0.1265	12.29	0.741017	0.857378	0.016663	0.000324
0.1265	12.65	0.741017	0.866354	0.011078	0.000142
0.1265	13.02	0.741017	0.864648	0.019916	0.000459
0.1265	13.39	0.741017	0.877296	0.017999	0.000369
0.1265	13.76	0.741017	0.866800	0.106812	0.013162
0.1265	14.12	0.741017	0.879607	0.008818	0.000088
0.1265	14.49	0.741017	0.883713	0.006882	0.000054
0.1265	14.86	0.741017	0.880849	0.011791	0.000158
0.1265	15.22	0.741017	0.884292	0.011801	0.000157
0.1265	15.59	0.741017	0.891992	0.011614	0.000151
0.1265	15.96	0.741017	0.895483	0.008526	0.000081
0.1265	16.33	0.741017	0.900667	0.008273	0.000076
0.1265	16.69	0.741017	0.902464	0.007966	0.000070
0.1265	17.06	0.741017	0.893624	0.005595	0.000035
0.1265	17.43	0.741017	0.896206	0.004530	0.000023
0.1265	17.80	0.741017	0.891471	0.004121	0.000019
0.1265	18.16	0.741017	0.895377	0.005754	0.000037
0.1265	18.53	0.741017	0.896279	0.005898	0.000039
0.1265	18.90	0.741017	0.903591	0.003738	0.000015
0.1265	19.27	0.741017	0.898113	0.004677	0.000024
0.1265	19.63	0.741017	0.899335	0.004045	0.000018
0.1265	20.00	0.741017	0.909100	0.003980	0.000017
0.1310	2.00	0.686224	0.000000	0.000000	0.000000
0.1310	2.37	0.686224	0.000000	0.000000	0.000000
0.1310	2.73	0.686224	0.000000	0.000000	0.000000
0.1310	3.10	0.686224	0.000000	0.000000	0.000000
0.1310	3.47	0.686224	0.000000	0.000000	0.000000
0.1310	3.84	0.686224	0.000000	0.000000	0.000000
0.1310	4.20	0.686224	0.000000	0.000000	0.000000
0.1310	4.57	0.686224	0.000000	0.000000	0.000000
0.1310	4.94	0.686224	0.000000	0.000000	0.000000
0.1310	5.31	0.686224	0.000000	0.000000	0.000000
0.1310	5.67	0.686224	0.000000	0.000000	0.000000
0.1310	6.04	0.686224	0.000000	0.000000	0.000000
0.1310	6.41	0.686224	0.000000	0.000000	0.000000
0.1310	6.78	0.686224	0.000000	0.000000	0.000000
0.1310	7.14	0.686224	0.000000	0.000000	0.000000
0.1310	7.51	0.686224	0.000000	0.000000	0.000000
0.1310	7.88	0.686224	0.209446	0.000000	0.000000
0.1310	8.24	0.686224	0.234086	0.000000	0.000000
0.1310	8.61	0.686224	0.373717	0.010267	0.000282
0.1310	8.98	0.686224	0.453114	0.030610	0.002068
0.1310	9.35	0.686224	0.437688	0.145747	0.048533
0.1310	9.71	0.686224	0.501369	0.104911	0.021953
0.1310	10.08	0.686224	0.530459	0.101298	0.019344
0.1310	10.45	0.686224	0.563693	0.100782	0.018019
0.1310	10.82	0.686224	0.562697	0.128821	0.029492
0.1310	11.18	0.686224	0.632373	0.047633	0.003588
0.1310	11.55	0.686224	0.662560	0.098080	0.014519
0.1310	11.92	0.686224	0.685147	0.061043	0.005439
0.1310	12.29	0.686224	0.728073	0.098139	0.013228
0.1310	12.65	0.686224	0.730037	0.101852	0.014210
0.1310	13.02	0.686224	0.785282	0.034444	0.001511
0.1310	13.39	0.686224	0.735903	0.135787	0.025055
0.1310	13.76	0.686224	0.786231	0.050385	0.003229
0.1310	14.12	0.686224	0.807139	0.036559	0.001656
0.1310	14.49	0.686224	0.810267	0.040631	0.002037
0.1310	14.86	0.686224	0.825146	0.023038	0.000643
0.1310	15.22	0.686224	0.831828	0.008376	0.000084
0.1310	15.59	0.686224	0.835466	0.006429	0.000049
0.1310	15.96	0.686224	0.842505	0.006146	0.000045
0.1310	16.33	0.686224	0.843224	0.004121	0.000020
0.1310	16.69	0.686224	0.843342	0.005332	0.000034
0.1310	17.06	0.686224	0.846045	0.004794	0.000027
0.1310	17.43	0.686224	0.842525	0.006152	0.000045
0.1310	17.80	0.686224	0.843258	0.004756	0.000027
0.1310	18.16	0.686224	0.846797	0.004510	0.000024
0.1310	18.53	0.686224	0.846191	0.003978	0.000019
0.1310	18.90	0.686224	0.848718	0.004028	0.000019
0.1310	19.27	0.686224	0.850494	0.004014	0.000019
0.1310	19.63	0.686224	0.848002	0.004282	0.000022
0.1310	20.00	0.686224	0.848909	0.004064	0.000019
0.1358	2.00	0.654674	0.000000	0.000000	0.000000
0.1358	2.37	0.654674	0.000000	0.000000	0.000000
0.1358	2.73	0.654674	0.000000	0.000000	0.000000
0.1358	3.10	0.654674	0.000000	0.000000	0.000000
0.1358	3.47	0.654674	0.000000	0.000000	0.000000
0.1358	3.84	0.654674	0.000000	0.000000	0.000000
0.1358	4.20	0.654674	0.000000	0.000000	0.000000
0.1358	4.57	0.654674	0.000000	0.000000	0.000000
0.1358	4.94	0.654674	0.000000	0.000000	0.000000
0.1358	5.31	0.654674	0.000000	0.000000	0.000000
0.1358	5.67	0.654674	0.000000	0.000000	0.000000
0.1358	6.04	0.654674	0.000000	0.000000	0.000000
0.1358	6.41	0.654674	0.000000	0.000000	0.000000
0.1358	6.78	0.654674	0.000000	0.000000	0.000000
0.1358	7.14	0.654674	0.000000	0.000000	0.000000
0.1358	7.51	0.654674	0.000000	0.000000	0.000000
0.1358	7.88	0.654674	0.000000	0.000000	0.000000
0.1358	8.24	0.654674	0.000000	0.000000	0.000000
0.1358	8.61	0.654674	0.000000	0.000000	0.000000
0.1358	8.98	0.654674	0.086242	0.000000	0.000000
0.1358	9.35	0.654674	0.103696	0.019507	0.003670
0.1358	9.71	0.654674	0.109416	0.045291	0.018747
0.1358	10.08	0.654674	0.246749	0.093483	0.035417
0.1358	10.45	0.654674	0.245682	0.130952	0.069799
0.1358	10.82	0.654674	0.369317	0.126721	0.043481
0.1358	11.18	0.654674	0.463972	0.029009	0.001814
0.1358	11.55	0.654674	0.489513	0.053341	0.005812
0.1358	11.92	0.654674	0.513471	0.079946	0.012447
0.1358	12.29	0.654674	0.539606	0.085862	0.013662
0.1358	12.65	0.654674	0.587973	0.151272	0.038919
0.1358	13.02	0.654674	0.647287	0.140928	0.030683
0.1358	13.39	0.654674	0.676159	0.100796	0.015026
0.1358	13.76	0.654674	0.696585	0.114073	0.018681
0.1358	14.12	0.654674	0.707208	0.116238	0.019105
0.1358	14.49	0.654674	0.680093	0.109783	0.017721
0.1358	14.86	0.654674	0.721604	0.053564	0.003976
0.1358	15.22	0.654674	0.721561	0.108377	0.016278
0.1358	15.59	0.654674	0.730003	0.140897	0.027194
0.1358	15.96	0.654674	0.703613	0.165693	0.039019
0.1358	16.33	0.654674	0.758655	0.095715	0.012076
0.1358	16.69	0.654674	0.764840	0.097085	0.012323
0.1358	17.06	0.654674	0.760803	0.131468	0.022718
0.1358	17.43	0.654674	0.732186	0.178971	0.043747
0.1358	17.80	0.654674	0.778636	0.102572	0.013512
0.1358	18.16	0.654674	0.810815	0.023290	0.000669
0.1358	18.53	0.654674	0.814830	0.027912	0.000956
0.1358	18.90	0.654674	0.834002	0.012868	0.000199
0.1358	19.27	0.654674	0.835866	0.036664	0.001608
0.1358	19.63	0.654674	0.836622	0.010997	0.000145
0.1358	20.00	0.654674	0.842026	0.007797	0.000072
0.1408	2.00	0.593278	0.000000	0.000000	0.000000
0.1408	2.37	0.593278	0.000000	0.000000	0.000000
0.1408	2.73	0.593278	0.000000	0.000000	0.000000
0.1408	3.10	0.593278	0.000000	0.000000	0.000000
0.1408	3.47	0.593278	0.000000	0.000000	0.000000
0.1408	3.84	0.593278	0.000000	0.000000	0.000000
0.1408	4.20	0.593278	0.000000	0.000000	0.000000
0.1408	4.57	0.593278	0.000000	0.000000	0.000000
0.1408	4.94	0.593278	0.000000	0.000000	0.000000
0.1408	5.31	0.593278	0.000000	0.000000	0.000000
0.1408	5.67	0.593278	0.000000	0.000000	0.000000
0.1408	6.04	0.593278	0.000000	0.000000	0.000000
0.1408	6.41	0.593278	0.000000	0.000000	0.000000
0.1408	6.78	0.593278	0.000000	0.000000	0.000000
0.1408	7.14	0.593278	0.000000	0.000000	0.000000
0.1408	7.51	0.593278	0.000000	0.000000	0.000000
0.1408	7.88	0.593278	0.000000	0.000000	0.000000
0.1408	8.24	0.593278	0.000000	0.000000	0.000000
0.1408	8.61	0.593278	0.000000	0.000000	0.000000
0.1408	8.98	0.593278	0.000000	0.000000	0.000000
0.1408	9.35	0.593278	0.103520	0.002070	0.000041
0.1408	9.71	0.593278	0.106970	0.009310	0.000810
0.1408	10.08	0.593278	0.134871	0.049224	0.017965
0.1408	10.45	0.593278	0.149068	0.053772	0.019397
0.1408	10.82	0.593278	0.170644	0.059372	0.020657
0.1408	11.18	0.593278	0.259627	0.096611	0.035950
0.1408	11.55	0.593278	0.311400	0.140103	0.063034
0.1408	11.92	0.593278	0.432587	0.192899	0.086017
0.1408	12.29	0.593278	0.563086	0.163548	0.047503
0.1408	12.65	0.593278	0.711376	0.149044	0.031227
0.1408	13.02	0.593278	0.736134	0.145485	0.028753
0.1408	13.39	0.593278	0.817414	0.042107	0.002169
0.1408	13.76	0.593278	0.795848	0.074373	0.006950
0.1408	14.12	0.593278	0.821401	0.047283	0.002722
0.1408	14.49	0.593278	0.844410	0.017313	0.000355
0.1408	14.86	0.593278	0.854193	0.022250	0.000580
0.1408	15.22	0.593278	0.865994	0.015562	0.000280
0.1408	15.59	0.593278	0.844474	0.119018	0.016774
0.1408	15.96	0.593278	0.866115	0.013820	0.000221
0.1408	16.33	0.593278	0.842979	0.165239	0.032390
0.1408	16.69	0.593278	0.879868	0.009758	0.000108
0.1408	17.06	0.593278	0.880880	0.010513	0.000125
0.1408	17.43	0.593278	0.896104	0.008973	0.000090
0.1408	17.80	0.593278	0.897447	0.008369	0.000078
0.1408	18.16	0.593278	0.899514	0.011689	0.000152
0.1408	18.53	0.593278	0.903397	0.008705	0.000084
0.1408	18.90	0.593278	0.903915	0.010896	0.000131
0.1408	19.27	0.593278	0.895836	0.007183	0.000058
0.1408	19.63	0.593278	0.897078	0.009609	0.000103
0.1408	20.00	0.593278	0.916402	0.007738	0.000065
0.1458	2.00	0.659076	0.000000	0.000000	0.000000
0.1458	2.37	0.659076	0.000000	0.000000	0.000000
0.1458	2.73	0.659076	0.000000	0.000000	0.000000
0.1458	3.10	0.659076	0.000000	0.000000	0.000000
0.1458	3.47	0.659076	0.000000	0.000000	0.000000
0.1458	3.84	0.659076	0.000000	0.000000	0.000000
0.1458	4.20	0.659076	0.000000	0.000000	0.000000
0.1458	4.57	0.659076	0.000000	0.000000	0.000000
0.1458	4.94	0.659076	0.000000	0.000000	0.000000
0.1458	5.31	0.659076	0.000000	0.000000	0.000000
0.1458	5.67	0.659076	0.000000	0.000000	0.000000
0.1458	6.04	0.659076	0.000000	0.000000	0.000000
0.1458	6.41	0.659076	0.000000	0.000000	0.000000
0.1458	6.78	0.659076	0.000000	0.000000	0.000000
0.1458	7.14	0.659076	0.000000	0.000000	0.000000
0.1458	7.51	0.659076	0.000000	0.000000	0.000000
0.1458	7.88	0.659076	0.212245	0.000000	0.000000
0.1458	8.24	0.659076	0.162585	0.044286	0.012063
0.1458	8.61	0.659076	0.202721	0.133725	0.088212
0.1458	8.98	0.659076	0.306531	0.171017	0.095412
0.1458	9.35	0.659076	0.499880	0.160974	0.051837
0.1458	9.71	0.659076	0.601361	0.010021	0.000167
0.1458	10.08	0.659076	0.601388	0.102186	0.017363
0.1458	10.45	0.659076	0.622449	0.101402	0.016519
0.1458	10.82	0.659076	0.616919	0.014433	0.000338
0.1458	11.18	0.659076	0.625986	0.016206	0.000420
0.1458	11.55	0.659076	0.660544	0.020338	0.000626
0.1458	11.92	0.659076	0.679401	0.019868	0.000581
0.1458	12.29	0.659076	0.691720	0.023217	0.000779
0.1458	12.65	0.659076	0.714172	0.109511	0.016792
0.1458	13.02	0.659076	0.745692	0.021128	0.000599
0.1458	13.39	0.659076	0.734410	0.105995	0.015298
0.1458	13.76	0.659076	0.740172	0.111636	0.016837
0.1458	14.12	0.659076	0.736735	0.149181	0.030208
0.1458	14.49	0.659076	0.763632	0.149266	0.029177
0.1458	14.86	0.659076	0.782784	0.121395	0.018826
0.1458	15.22	0.659076	0.758686	0.189050	0.047108
0.1458	15.59	0.659076	0.764869	0.148681	0.028902
0.1458	15.96	0.659076	0.737687	0.233551	0.073942
0.1458	16.33	0.659076	0.763497	0.192928	0.048751
0.1458	16.69	0.659076	0.727041	0.253485	0.088378
0.1458	17.06	0.659076	0.827860	0.111660	0.015061
0.1458	17.43	0.659076	0.861419	0.034158	0.001354
0.1458	17.80	0.659076	0.859706	0.104883	0.012796
0.1458	18.16	0.659076	0.812023	0.195317	0.046980
0.1458	18.53	0.659076	0.880873	0.023098	0.000606
0.1458	18.90	0.659076	0.807498	0.162301	0.032621
0.1458	19.27	0.659076	0.825578	0.147467	0.026341
0.1458	19.63	0.659076	0.827529	0.156735	0.029686
0.1458	20.00	0.659076	0.866681	0.095334	0.010487
0.1506	2.00	0.671289	0.000000	0.000000	0.000000
0.1506	2.37	0.671289	0.000000	0.000000	0.000000
0.1506	2.73	0.671289	0.000000	0.000000	0.000000
0.1506	3.10	0.671289	0.000000	0.000000	0.000000
0.1506	3.47	0.671289	0.000000	0.000000	0.000000
0.1506	3.84	0.671289	0.000000	0.000000	0.000000
0.1506	4.20	0.671289	0.000000	0.000000	0.000000
0.1506	4.57	0.671289	0.000000	0.000000	0.000000
0.1506	4.94	0.671289	0.000000	0.000000	0.000000
0.1506	5.31	0.671289	0.000000	0.000000	0.000000
0.1506	5.67	0.671289	0.000000	0.000000	0.000000
0.1506	6.04	0.671289	0.000000	0.000000	0.000000
0.1506	6.41	0.671289	0.000000	0.000000	0.000000
0.1506	6.78	0.671289	0.000000	0.000000	0.000000
0.1506	7.14	0.671289	0.000000	0.000000	0.000000
0.1506	7.51	0.671289	0.000000	0.000000	0.000000
0.1506	7.88	0.671289	0.000000	0.000000	0.000000
0.1506	8.24	0.671289	0.000000	0.000000	0.000000
0.1506	8.61	0.671289	0.000000	0.000000	0.000000
0.1506	8.98	0.671289	0.000000	0.000000	0.000000
0.1506	9.35	0.671289	0.171569	0.070042	0.028594
0.1506	9.71	0.671289	0.220206	0.083515	0.031674
0.1506	10.08	0.671289	0.223156	0.106527	0.050852
0.1506	10.45	0.671289	0.302689	0.163291	0.088091
0.1506	10.82	0.671289	0.369686	0.128990	0.045007
0.1506	11.18	0.671289	0.431157	0.174301	0.070463
0.1506	11.55	0.671289	0.401008	0.137981	0.047477
0.1506	11.92	0.671289	0.459428	0.156399	0.053242
0.1506	12.29	0.671289	0.491677	0.146384	0.043582
0.1506	12.65	0.671289	0.604803	0.178721	0.052813
0.1506	13.02	0.671289	0.591901	0.181900	0.055901
0.1506	13.39	0.671289	0.635687	0.198416	0.061931
0.1506	13.76	0.671289	0.591882	0.195161	0.064350
0.1506	14.12	0.671289	0.601752	0.188521	0.059061
0.1506	14.49	0.671289	0.674322	0.193319	0.055422
0.1506	14.86	0.671289	0.796757	0.134495	0.022703
0.1506	15.22	0.671289	0.717367	0.191675	0.051214
0.1506	15.59	0.671289	0.707801	0.200528	0.056812
0.1506	15.96	0.671289	0.712230	0.191197	0.051326
0.1506	16.33	0.671289	0.834239	0.081996	0.008059
0.1506	16.69	0.671289	0.876255	0.031609	0.001140
0.1506	17.06	0.671289	0.836083	0.098617	0.011632
0.1506	17.43	0.671289	0.726033	0.196256	0.053050
0.1506	17.80	0.671289	0.879227	0.025781	0.000756
0.1506	18.16	0.671289	0.881653	0.027805	0.000877
0.1506	18.53	0.671289	0.882402	0.029626	0.000995
0.1506	18.90	0.671289	0.892466	0.012418	0.000173
0.1506	19.27	0.671289	0.895153	0.009037	0.000091
0.1506	19.63	0.671289	0.896108	0.013555	0.000205
0.1506	20.00	0.671289	0.898915	0.008271	0.000076
0.1557	2.00	0.601005	0.000000	0.000000	0.000000
0.1557	2.37	0.601005	0.000000	0.000000	0.000000
0.1557	2.73	0.601005	0.000000	0.000000	0.000000
0.1557	3.10	0.601005	0.000000	0.000000	0.000000
0.1557	3.47	0.601005	0.000000	0.000000	0.000000
0.1557	3.84	0.601005	0.000000	0.000000	0.000000
0.1557	4.20	0.601005	0.000000	0.000000	0.000000
0.1557	4.57	0.601005	0.000000	0.000000	0.000000
0.1557	4.94	0.601005	0.000000	0.000000	0.000000
0.1557	5.31	0.601005	0.000000	0.000000	0.000000
0.1557	5.67	0.601005	0.000000	0.000000	0.000000
0.1557	6.04	0.601005	0.000000	0.000000	0.000000
0.1557	6.41	0.601005	0.000000	0.000000	0.000000
0.1557	6.78	0.601005	0.000000	0.000000	0.000000
0.1557	7.14	0.601005	0.000000	0.000000	0.000000
0.1557	7.51	0.601005	0.000000	0.000000	0.000000
0.1557	7.88	0.601005	0.000000	0.000000	0.000000
0.1557	8.24	0.601005	0.000000	0.000000	0.000000
0.1557	8.61	0.601005	0.000000	0.000000	0.000000
0.1557	8.98	0.601005	0.000000	0.000000	0.000000
0.1557	9.35	0.601005	0.150206	0.000000	0.000000
0.1557	9.71	0.601005	0.113169	0.000000	0.000000
0.1557	10.08	0.601005	0.093621	0.011502	0.001413
0.1557	10.45	0.601005	0.088103	0.008175	0.000759
0.1557	10.82	0.601005	0.124554	0.047772	0.018323
0.1557	11.18	0.601005	0.153292	0.070788	0.032688
0.1557	11.55	0.601005	0.223469	0.116677	0.060919
0.1557	11.92	0.601005	0.288499	0.159851	0.088569
0.1557	12.29	0.601005	0.408041	0.207499	0.105518
0.1557	12.65	0.601005	0.589181	0.203508	0.070293
0.1557	13.02	0.601005	0.707007	0.177187	0.044406
0.1557	13.39	0.601005	0.811812	0.050550	0.003148
0.1557	13.76	0.601005	0.855047	0.032126	0.001207
0.1557	14.12	0.601005	0.870208	0.015034	0.000260
0.1557	14.49	0.601005	0.878232	0.006162	0.000043
0.1557	14.86	0.601005	0.882407	0.005848	0.000039
0.1557	15.22	0.601005	0.902439	0.006490	0.000047
0.1557	15.59	0.601005	0.903593	0.007773	0.000067
0.1557	15.96	0.601005	0.906869	0.006075	0.000041
0.1557	16.33	0.601005	0.904860	0.005514	0.000034
0.1557	16.69	0.601005	0.906722	0.004252	0.000020
0.1557	17.06	0.601005	0.894422	0.116636	0.015210
0.1557	17.43	0.601005	0.913253	0.004429	0.000021
0.1557	17.80	0.601005	0.915591	0.003786	0.000016
0.1557	18.16	0.601005	0.910728	0.005448	0.000033
0.1557	18.53	0.601005	0.911283	0.005599	0.000034
0.1557	18.90	0.601005	0.926979	0.004288	0.000020
0.1557	19.27	0.601005	0.929480	0.003574	0.000014
0.1557	19.63	0.601005	0.918930	0.004953	0.000027
0.1557	20.00	0.601005	0.920221	0.003640	0.000014
0.1612	2.00	0.631479	0.000000	0.000000	0.000000
0.1612	2.37	0.631479	0.000000	0.000000	0.000000
0.1612	2.73	0.631479	0.000000	0.000000	0.000000
0.1612	3.10	0.631479	0.000000	0.000000	0.000000
0.1612	3.47	0.631479	0.000000	0.000000	0.000000
0.1612	3.84	0.631479	0.000000	0.000000	0.000000
0.1612	4.20	0.631479	0.000000	0.000000	0.000000
0.1612	4.57	0.631479	0.000000	0.000000	0.000000
0.1612	4.94	0.631479	0.000000	0.000000	0.000000
0.1612	5.31	0.631479	0.000000	0.000000	0.000000
0.1612	5.67	0.631479	0.000000	0.000000	0.000000
0.1612	6.04	0.631479	0.000000	0.000000	0.000000
0.1612	6.41	0.631479	0.000000	0.000000	0.000000
0.1612	6.78	0.631479	0.000000	0.000000	0.000000
0.1612	7.14	0.631479	0.000000	0.000000	0.000000
0.1612	7.51	0.631479	0.000000	0.000000	0.000000
0.1612	7.88	0.631479	0.000000	0.000000	0.000000
0.1612	8.24	0.631479	0.000000	0.000000	0.000000
0.1612	8.61	0.631479	0.000000	0.000000	0.000000
0.1612	8.98	0.631479	0.000000	0.000000	0.000000
0.1612	9.35	0.631479	0.000000	0.000000	0.000000
0.1612	9.71	0.631479	0.081466	0.000000	0.000000
0.1612	10.08	0.631479	0.104684	0.011987	0.001373
0.1612	10.45	0.631479	0.112942	0.026058	0.006012
0.1612	10.82	0.631479	0.125127	0.043168	0.014893
0.1612	11.18	0.631479	0.144356	0.062448	0.027015
0.1612	11.55	0.631479	0.300228	0.175519	0.102612
0.1612	11.92	0.631479	0.315533	0.197287	0.123353
0.1612	12.29	0.631479	0.555568	0.207366	0.077399
0.1612	12.65	0.631479	0.571181	0.213167	0.079555
0.1612	13.02	0.631479	0.738784	0.051204	0.003549
0.1612	13.39	0.631479	0.768206	0.048488	0.003060
0.1612	13.76	0.631479	0.780536	0.072335	0.006704
0.1612	14.12	0.631479	0.798531	0.116209	0.016912
0.1612	14.49	0.631479	0.829913	0.019670	0.000466
0.1612	14.86	0.631479	0.837831	0.021929	0.000574
0.1612	15.22	0.631479	0.845927	0.013613	0.000219
0.1612	15.59	0.631479	0.850866	0.007518	0.000066
0.1612	15.96	0.631479	0.851372	0.010809	0.000137
0.1612	16.33	0.631479	0.846730	0.006166	0.000045
0.1612	16.69	0.631479	0.850063	0.006109	0.000044
0.1612	17.06	0.631479	0.854009	0.005523	0.000036
0.1612	17.43	0.631479	0.860939	0.004311	0.000022
0.1612	17.80	0.631479	0.860797	0.004829	0.000027
0.1612	18.16	0.631479	0.861744	0.004590	0.000024
0.1612	18.53	0.631479	0.862063	0.004582	0.000024
0.1612	18.90	0.631479	0.869796	0.004445	0.000023
0.1612	19.27	0.631479	0.867201	0.003993	0.000018
0.1612	19.63	0.631479	0.867987	0.003742	0.000016
0.1612	20.00	0.631479	0.863023	0.005291	0.000032
0.1675	2.00	0.574781	0.000000	0.000000	0.000000
0.1675	2.37	0.574781	0.000000	0.000000	0.000000
0.1675	2.73	0.574781	0.000000	0.000000	0.000000
0.1675	3.10	0.574781	0.000000	0.000000	0.000000
0.1675	3.47	0.574781	0.000000	0.000000	0.000000
0.1675	3.84	0.574781	0.000000	0.000000	0.000000
0.1675	4.20	0.574781	0.000000	0.000000	0.000000
0.1675	4.57	0.574781	0.000000	0.000000	0.000000
0.1675	4.94	0.574781	0.000000	0.000000	0.000000
0.1675	5.31	0.574781	0.000000	0.000000	0.000000
0.1675	5.67	0.574781	0.000000	0.000000	0.000000
0.1675	6.04	0.574781	0.000000	0.000000	0.000000
0.1675	6.41	0.574781	0.000000	0.000000	0.000000
0.1675	6.78	0.574781	0.000000	0.000000	0.000000
0.1675	7.14	0.574781	0.000000	0.000000	0.000000
0.1675	7.51	0.574781	0.000000	0.000000	0.000000
0.1675	7.88	0.574781	0.000000	0.000000	0.000000
0.1675	8.24	0.574781	0.000000	0.000000	0.000000
0.1675	8.61	0.574781	0.000000	0.000000	0.000000
0.1675	8.98	0.574781	0.000000	0.000000	0.000000
0.1675	9.35	0.574781	0.088296	0.000000	0.000000
0.1675	9.71	0.574781	0.178645	0.075948	0.032288
0.1675	10.08	0.574781	0.162692	0.097571	0.058516
0.1675	10.45	0.574781	0.291695	0.145133	0.072211
0.1675	10.82	0.574781	0.348272	0.143351	0.059004
0.1675	11.18	0.574781	0.342094	0.209530	0.128335
0.1675	11.55	0.574781	0.436839	0.200083	0.091643
0.1675	11.92	0.574781	0.452332	0.217216	0.104310
0.1675	12.29	0.574781	0.600495	0.151523	0.038234
0.1675	12.65	0.574781	0.628465	0.138038	0.030319
0.1675	13.02	0.574781	0.681000	0.110140	0.017813
0.1675	13.39	0.574781	0.727895	0.054766	0.004121
0.1675	13.76	0.574781	0.788387	0.029035	0.001069
0.1675	14.12	0.574781	0.800422	0.016765	0.000351
0.1675	14.49	0.574781	0.807297	0.021838	0.000591
0.1675	14.86	0.574781	0.800616	0.118105	0.017423
0.1675	15.22	0.574781	0.829200	0.011954	0.000172
0.1675	15.59	0.574781	0.840606	0.013073	0.000203
0.1675	15.96	0.574781	0.843842	0.012411	0.000183
0.1675	16.33	0.574781	0.839335	0.013498	0.000217
0.1675	16.69	0.574781	0.841107	0.013292	0.000210
0.1675	17.06	0.574781	0.851405	0.009456	0.000105
0.1675	17.43	0.574781	0.851765	0.011609	0.000158
0.1675	17.80	0.574781	0.854307	0.010537	0.000130
0.1675	18.16	0.574781	0.861885	0.015056	0.000263
0.1675	18.53	0.574781	0.870588	0.005953	0.000041
0.1675	18.90	0.574781	0.866530	0.011203	0.000145
0.1675	19.27	0.574781	0.869347	0.010956	0.000138
0.1675	19.63	0.574781	0.868903	0.007597	0.000066
0.1675	20.00	0.574781	0.870543	0.005938	0.000040
0.1741	2.00	0.578355	0.000000	0.000000	0.000000
0.1741	2.37	0.578355	0.000000	0.000000	0.000000
0.1741	2.73	0.578355	0.000000	0.000000	0.000000
0.1741	3.10	0.578355	0.000000	0.000000	0.000000
0.1741	3.47	0.578355	0.000000	0.000000	0.000000
0.1741	3.84	0.578355	0.000000	0.000000	0.000000
0.1741	4.20	0.578355	0.000000	0.000000	0.000000
0.1741	4.57	0.578355	0.000000	0.000000	0.000000
0.1741	4.94	0.578355	0.000000	0.000000	0.000000
0.1741	5.31	0.578355	0.000000	0.000000	0.000000
0.1741	5.67	0.578355	0.000000	0.000000	0.000000
0.1741	6.04	0.578355	0.000000	0.000000	0.000000
0.1741	6.41	0.578355	0.000000	0.000000	0.000000
0.1741	6.78	0.578355	0.000000	0.000000	0.000000
0.1741	7.14	0.578355	0.000000	0.000000	0.000000
0.1741	7.51	0.578355	0.000000	0.000000	0.000000
0.1741	7.88	0.578355	0.000000	0.000000	0.000000
0.1741	8.24	0.578355	0.087106	0.005133	0.000302
0.1741	8.61	0.578355	0.000000	0.000000	0.000000
0.1741	8.98	0.578355	0.000000	0.000000	0.000000
0.1741	9.35	0.578355	0.192181	0.068325	0.024291
0.1741	9.71	0.578355	0.252058	0.127937	0.064937
0.1741	10.08	0.578355	0.264697	0.098829	0.036899
0.1741	10.45	0.578355	0.317409	0.114319	0.041173
0.1741	10.82	0.578355	0.375600	0.101329	0.027337
0.1741	11.18	0.578355	0.461515	0.077405	0.012982
0.1741	11.55	0.578355	0.492621	0.022504	0.001028
0.1741	11.92	0.578355	0.507046	0.077545	0.011859
0.1741	12.29	0.578355	0.547261	0.085863	0.013472
0.1741	12.65	0.578355	0.573893	0.022898	0.000914
0.1741	13.02	0.578355	0.600647	0.020625	0.000708
0.1741	13.39	0.578355	0.573617	0.084618	0.012483
0.1741	13.76	0.578355	0.606481	0.019396	0.000620
0.1741	14.12	0.578355	0.618908	0.028130	0.001279
0.1741	14.49	0.578355	0.612519	0.085075	0.011816
0.1741	14.86	0.578355	0.632795	0.093683	0.013869
0.1741	15.22	0.578355	0.662312	0.177326	0.047477
0.1741	15.59	0.578355	0.678829	0.182067	0.048832
0.1741	15.96	0.578355	0.702835	0.181682	0.046965
0.1741	16.33	0.578355	0.637984	0.252944	0.100286
0.1741	16.69	0.578355	0.611150	0.273098	0.122036
0.1741	17.06	0.578355	0.633416	0.226723	0.081153
0.1741	17.43	0.578355	0.652305	0.228655	0.080152
0.1741	17.80	0.578355	0.671717	0.248590	0.091998
0.1741	18.16	0.578355	0.705842	0.240022	0.081619
0.1741	18.53	0.578355	0.641838	0.240459	0.090086
0.1741	18.90	0.578355	0.815458	0.119208	0.017426
0.1741	19.27	0.578355	0.814437	0.137851	0.023333
0.1741	19.63	0.578355	0.853224	0.112927	0.014946
0.1741	20.00	0.578355	0.881643	0.034815	0.001375
0.1802	2.00	0.568366	0.000000	0.000000	0.000000
0.1802	2.37	0.568366	0.000000	0.000000	0.000000
0.1802	2.73	0.568366	0.000000	0.000000	0.000000
0.1802	3.10	0.568366	0.000000	0.000000	0.000000
0.1802	3.47	0.568366	0.000000	0.000000	0.000000
0.1802	3.84	0.568366	0.000000	0.000000	0.000000
0.1802	4.20	0.568366	0.000000	0.000000	0.000000
0.1802	4.57	0.568366	0.000000	0.000000	0.000000
0.1802	4.94	0.568366	0.000000	0.000000	0.000000
0.1802	5.31	0.568366	0.000000	0.000000	0.000000
0.1802	5.67	0.568366	0.000000	0.000000	0.000000
0.1802	6.04	0.568366	0.000000	0.000000	0.000000
0.1802	6.41	0.568366	0.000000	0.000000	0.000000
0.1802	6.78	0.568366	0.000000	0.000000	0.000000
0.1802	7.14	0.568366	0.000000	0.000000	0.000000
0.1802	7.51	0.568366	0.000000	0.000000	0.000000
0.1802	7.88	0.568366	0.000000	0.000000	0.000000
0.1802	8.24	0.568366	0.000000	0.000000	0.000000
0.1802	8.61	0.568366	0.000000	0.000000	0.000000
0.1802	8.98	0.568366	0.000000	0.000000	0.000000
0.1802	9.35	0.568366	0.000000	0.000000	0.000000
0.1802	9.71	0.568366	0.000000	0.000000	0.000000
0.1802	10.08	0.568366	0.088843	0.000000	0.000000
0.1802	10.45	0.568366	0.106405	0.015496	0.002257
0.1802	10.82	0.568366	0.152893	0.099360	0.064571
0.1802	11.18	0.568366	0.104433	0.028443	0.007747
0.1802	11.55	0.568366	0.157351	0.064098	0.026111
0.1802	11.92	0.568366	0.176155	0.096290	0.052634
0.1802	12.29	0.568366	0.187745	0.112476	0.067383
0.1802	12.65	0.568366	0.225296	0.113363	0.057041
0.1802	13.02	0.568366	0.303180	0.172020	0.097602
0.1802	13.39	0.568366	0.437869	0.170250	0.066196
0.1802	13.76	0.568366	0.511364	0.217593	0.092589
0.1802	14.12	0.568366	0.579860	0.237966	0.097658
0.1802	14.49	0.568366	0.726265	0.157975	0.034362
0.1802	14.86	0.568366	0.683737	0.163002	0.038859
0.1802	15.22	0.568366	0.787345	0.060628	0.004669
0.1802	15.59	0.568366	0.815511	0.022913	0.000644
0.1802	15.96	0.568366	0.863932	0.014204	0.000234
0.1802	16.33	0.568366	0.871757	0.010577	0.000128
0.1802	16.69	0.568366	0.881621	0.016655	0.000315
0.1802	17.06	0.568366	0.888935	0.016831	0.000319
0.1802	17.43	0.568366	0.894816	0.013880	0.000215
0.1802	17.80	0.568366	0.878616	0.013958	0.000222
0.1802	18.16	0.568366	0.884579	0.014413	0.000235
0.1802	18.53	0.568366	0.901545	0.011078	0.000136
0.1802	18.90	0.568366	0.906198	0.010884	0.000131
0.1802	19.27	0.568366	0.919242	0.009898	0.000107
0.1802	19.63	0.568366	0.920185	0.011004	0.000132
0.1802	20.00	0.568366	0.920499	0.007823	0.000066
0.1858	2.00	0.482887	0.000000	0.000000	0.000000
0.1858	2.37	0.482887	0.000000	0.000000	0.000000
0.1858	2.73	0.482887	0.000000	0.000000	0.000000
0.1858	3.10	0.482887	0.000000	0.000000	0.000000
0.1858	3.47	0.482887	0.000000	0.000000	0.000000
0.1858	3.84	0.482887	0.000000	0.000000	0.000000
0.1858	4.20	0.482887	0.000000	0.000000	0.000000
0.1858	4.57	0.482887	0.000000	0.000000	0.000000
0.1858	4.94	0.482887	0.000000	0.000000	0.000000
0.1858	5.31	0.482887	0.000000	0.000000	0.000000
0.1858	5.67	0.482887	0.000000	0.000000	0.000000
0.1858	6.04	0.482887	0.000000	0.000000	0.000000
0.1858	6.41	0.482887	0.000000	0.000000	0.000000
0.1858	6.78	0.482887	0.000000	0.000000	0.000000
0.1858	7.14	0.482887	0.000000	0.000000	0.000000
0.1858	7.51	0.482887	0.000000	0.000000	0.000000
0.1858	7.88	0.482887	0.000000	0.000000	0.000000
0.1858	8.24	0.482887	0.000000	0.000000	0.000000
0.1858	8.61	0.482887	0.080808	0.000000	0.000000
0.1858	8.98	0.482887	0.000000	0.000000	0.000000
0.1858	9.35	0.482887	0.000000	0.000000	0.000000
0.1858	9.71	0.482887	0.000000	0.000000	0.000000
0.1858	10.08	0.482887	0.084848	0.000000	0.000000
0.1858	10.45	0.482887	0.122222	0.037374	0.011428
0.1858	10.82	0.482887	0.140741	0.034218	0.008319
0.1858	11.18	0.482887	0.164983	0.053737	0.017503
0.1858	11.55	0.482887	0.202176	0.088608	0.038834
0.1858	11.92	0.482887	0.204714	0.100493	0.049331
0.1858	12.29	0.482887	0.292555	0.130735	0.058422
0.1858	12.65	0.482887	0.370058	0.150695	0.061366
0.1858	13.02	0.482887	0.432107	0.158096	0.057843
0.1858	13.39	0.482887	0.504132	0.181019	0.064999
0.1858	13.76	0.482887	0.672249	0.062086	0.005734
0.1858	14.12	0.482887	0.716953	0.034038	0.001616
0.1858	14.49	0.482887	0.719777	0.053600	0.003991
0.1858	14.86	0.482887	0.724816	0.053301	0.003920
0.1858	15.22	0.482887	0.751204	0.029033	0.001122
0.1858	15.59	0.482887	0.765000	0.025671	0.000861
0.1858	15.96	0.482887	0.751659	0.038828	0.002006
0.1858	16.33	0.482887	0.778764	0.025585	0.000841
0.1858	16.69	0.482887	0.782011	0.024980	0.000798
0.1858	17.06	0.482887	0.791872	0.026190	0.000866
0.1858	17.43	0.482887	0.807282	0.017264	0.000369
0.1858	17.80	0.482887	0.812718	0.015846	0.000309
0.1858	18.16	0.482887	0.814517	0.014491	0.000258
0.1858	18.53	0.482887	0.814187	0.024420	0.000732
0.1858	18.90	0.482887	0.823049	0.022918	0.000638
0.1858	19.27	0.482887	0.833421	0.015051	0.000272
0.1858	19.63	0.482887	0.839974	0.014490	0.000250
0.1858	20.00	0.482887	0.831764	0.011622	0.000162
0.1912	2.00	0.482094	0.000000	0.000000	0.000000
0.1912	2.37	0.482094	0.000000	0.000000	0.000000
0.1912	2.73	0.482094	0.000000	0.000000	0.000000
0.1912	3.10	0.482094	0.000000	0.000000	0.000000
0.1912	3.47	0.482094	0.000000	0.000000	0.000000
0.1912	3.84	0.482094	0.000000	0.000000	0.000000
0.1912	4.20	0.482094	0.000000	0.000000	0.000000
0.1912	4.57	0.482094	0.000000	0.000000	0.000000
0.1912	4.94	0.482094	0.000000	0.000000	0.000000
0.1912	5.31	0.482094	0.000000	0.000000	0.000000
0.1912	5.67	0.482094	0.000000	0.000000	0.000000
0.1912	6.04	0.482094	0.000000	0.000000	0.000000
0.1912	6.41	0.482094	0.000000	0.000000	0.000000
0.1912	6.78	0.482094	0.000000	0.000000	0.000000
0.1912	7.14	0.482094	0.000000	0.000000	0.000000
0.1912	7.51	0.482094	0.000000	0.000000	0.000000
0.1912	7.88	0.482094	0.000000	0.000000	0.000000
0.1912	8.24	0.482094	0.000000	0.000000	0.000000
0.1912	8.61	0.482094	0.000000	0.000000	0.000000
0.1912	8.98	0.482094	0.000000	0.000000	0.000000
0.1912	9.35	0.482094	0.000000	0.000000	0.000000
0.1912	9.71	0.482094	0.000000	0.000000	0.000000
0.1912	10.08	0.482094	0.123457	0.026749	0.005796
0.1912	10.45	0.482094	0.169753	0.060700	0.021705
0.1912	10.82	0.482094	0.109739	0.021570	0.004240
0.1912	11.18	0.482094	0.117601	0.035335	0.010617
0.1912	11.55	0.482094	0.147599	0.071493	0.034629
0.1912	11.92	0.482094	0.237997	0.139045	0.081234
0.1912	12.29	0.482094	0.331489	0.199172	0.119671
0.1912	12.65	0.482094	0.444868	0.183424	0.075627
0.1912	13.02	0.482094	0.584832	0.173133	0.051254
0.1912	13.39	0.482094	0.584251	0.147052	0.037012
0.1912	13.76	0.482094	0.648781	0.183470	0.051884
0.1912	14.12	0.482094	0.748971	0.111933	0.016728
0.1912	14.49	0.482094	0.835391	0.018567	0.000413
0.1912	14.86	0.482094	0.850173	0.010543	0.000131
0.1912	15.22	0.482094	0.855703	0.013123	0.000201
0.1912	15.59	0.482094	0.833032	0.013409	0.000216
0.1912	15.96	0.482094	0.840682	0.011719	0.000163
0.1912	16.33	0.482094	0.844818	0.013822	0.000226
0.1912	16.69	0.482094	0.871546	0.010579	0.000128
0.1912	17.06	0.482094	0.876830	0.007326	0.000061
0.1912	17.43	0.482094	0.883605	0.006348	0.000046
0.1912	17.80	0.482094	0.886209	0.007757	0.000068
0.1912	18.16	0.482094	0.884306	0.009418	0.000100
0.1912	18.53	0.482094	0.887533	0.006852	0.000053
0.1912	18.90	0.482094	0.890339	0.007081	0.000056
0.1912	19.27	0.482094	0.880704	0.008383	0.000080
0.1912	19.63	0.482094	0.886328	0.006363	0.000046
0.1912	20.00	0.482094	0.885132	0.005154	0.000030
0.1971	2.00	0.532142	0.000000	0.000000	0.000000
0.1971	2.37	0.532142	0.000000	0.000000	0.000000
0.1971	2.73	0.532142	0.000000	0.000000	0.000000
0.1971	3.10	0.532142	0.000000	0.000000	0.000000
0.1971	3.47	0.532142	0.000000	0.000000	0.000000
0.1971	3.84	0.532142	0.000000	0.000000	0.000000
0.1971	4.20	0.532142	0.000000	0.000000	0.000000
0.1971	4.57	0.532142	0.000000	0.000000	0.000000
0.1971	4.94	0.532142	0.000000	0.000000	0.000000
0.1971	5.31	0.532142	0.000000	0.000000	0.000000
0.1971	5.67	0.532142	0.000000	0.000000	0.000000
0.1971	6.04	0.532142	0.000000	0.000000	0.000000
0.1971	6.41	0.532142	0.000000	0.000000	0.000000
0.1971	6.78	0.532142	0.000000	0.000000	0.000000
0.1971	7.14	0.532142	0.000000	0.000000	0.000000
0.1971	7.51	0.532142	0.000000	0.000000	0.000000
0.1971	7.88	0.532142	0.000000	0.000000	0.000000
0.1971	8.24	0.532142	0.000000	0.000000	0.000000
0.1971	8.61	0.532142	0.000000	0.000000	0.000000
0.1971	8.98	0.532142	0.000000	0.000000	0.000000
0.1971	9.35	0.532142	0.087755	0.000000	0.000000
0.1971	9.71	0.532142	0.246939	0.000000	0.000000
0.1971	10.08	0.532142	0.134014	0.051625	0.019887
0.1971	10.45	0.532142	0.216122	0.118119	0.064556
0.1971	10.82	0.532142	0.334508	0.187332	0.104910
0.1971	11.18	0.532142	0.517449	0.213951	0.088463
0.1971	11.55	0.532142	0.452816	0.268451	0.159151
0.1971	11.92	0.532142	0.712772	0.164072	0.037768
0.1971	12.29	0.532142	0.712665	0.227330	0.072515
0.1971	12.65	0.532142	0.768141	0.195059	0.049532
0.1971	13.02	0.532142	0.805215	0.170227	0.035987
0.1971	13.39	0.532142	0.844665	0.035148	0.001463
0.1971	13.76	0.532142	0.843824	0.120217	0.017127
0.1971	14.12	0.532142	0.857449	0.115825	0.015646
0.1971	14.49	0.532142	0.892412	0.022231	0.000554
0.1971	14.86	0.532142	0.895761	0.023766	0.000631
0.1971	15.22	0.532142	0.893622	0.032214	0.001161
0.1971	15.59	0.532142	0.917322	0.020424	0.000455
0.1971	15.96	0.532142	0.920068	0.019051	0.000394
0.1971	16.33	0.532142	0.902705	0.110204	0.013454
0.1971	16.69	0.532142	0.923161	0.018812	0.000383
0.1971	17.06	0.532142	0.916177	0.013998	0.000214
0.1971	17.43	0.532142	0.916469	0.015262	0.000254
0.1971	17.80	0.532142	0.921331	0.009708	0.000102
0.1971	18.16	0.532142	0.919048	0.011473	0.000143
0.1971	18.53	0.532142	0.920930	0.012102	0.000159
0.1971	18.90	0.532142	0.935121	0.004772	0.000024
0.1971	19.27	0.532142	0.936492	0.005311	0.000030
0.1971	19.63	0.532142	0.934045	0.003039	0.000010
0.1971	20.00	0.532142	0.935453	0.003576	0.000014
0.2047	2.00	0.511704	0.000000	0.000000	0.000000
0.2047	2.37	0.511704	0.000000	0.000000	0.000000
0.2047	2.73	0.511704	0.000000	0.000000	0.000000
0.2047	3.10	0.511704	0.000000	0.000000	0.000000
0.2047	3.47	0.511704	0.000000	0.000000	0.000000
0.2047	3.84	0.511704	0.000000	0.000000	0.000000
0.2047	4.20	0.511704	0.000000	0.000000	0.000000
0.2047	4.57	0.511704	0.000000	0.000000	0.000000
0.2047	4.94	0.511704	0.000000	0.000000	0.000000
0.2047	5.31	0.511704	0.000000	0.000000	0.000000
0.2047	5.67	0.511704	0.000000	0.000000	0.000000
0.2047	6.04	0.511704	0.000000	0.000000	0.000000
0.2047	6.41	0.511704	0.000000	0.000000	0.000000
0.2047	6.78	0.511704	0.000000	0.000000	0.000000
0.2047	7.14	0.511704	0.000000	0.000000	0.000000
0.2047	7.51	0.511704	0.000000	0.000000	0.000000
0.2047	7.88	0.511704	0.106776	0.000000	0.000000
0.2047	8.24	0.511704	0.154004	0.000000	0.000000
0.2047	8.61	0.511704	0.082136	0.000000	0.000000
0.2047	8.98	0.511704	0.000000	0.000000	0.000000
0.2047	9.35	0.511704	0.090349	0.000000	0.000000
0.2047	9.71	0.511704	0.131417	0.014374	0.001572
0.2047	10.08	0.511704	0.119553	0.051346	0.022053
0.2047	10.45	0.511704	0.157906	0.115021	0.083783
0.2047	10.82	0.511704	0.208761	0.136771	0.089606
0.2047	11.18	0.511704	0.247741	0.156241	0.098536
0.2047	11.55	0.511704	0.443353	0.216461	0.105684
0.2047	11.92	0.511704	0.597141	0.157000	0.041279
0.2047	12.29	0.511704	0.623396	0.178219	0.050950
0.2047	12.65	0.511704	0.730073	0.020855	0.000596
0.2047	13.02	0.511704	0.751842	0.023973	0.000764
0.2047	13.39	0.511704	0.742528	0.111439	0.016725
0.2047	13.76	0.511704	0.778567	0.020031	0.000515
0.2047	14.12	0.511704	0.789474	0.017313	0.000380
0.2047	14.49	0.511704	0.780445	0.110839	0.015742
0.2047	14.86	0.511704	0.807455	0.022030	0.000601
0.2047	15.22	0.511704	0.824949	0.022777	0.000629
0.2047	15.59	0.511704	0.833976	0.019756	0.000468
0.2047	15.96	0.511704	0.847331	0.022275	0.000586
0.2047	16.33	0.511704	0.856315	0.024735	0.000714
0.2047	16.69	0.511704	0.819351	0.116094	0.016449
0.2047	17.06	0.511704	0.826115	0.114313	0.015818
0.2047	17.43	0.511704	0.851535	0.021634	0.000550
0.2047	17.80	0.511704	0.884246	0.020216	0.000462
0.2047	18.16	0.511704	0.893319	0.016764	0.000315
0.2047	18.53	0.511704	0.861116	0.117160	0.015940
0.2047	18.90	0.511704	0.832694	0.192777	0.044630
0.2047	19.27	0.511704	0.839032	0.196130	0.045847
0.2047	19.63	0.511704	0.854985	0.164410	0.031615
0.2047	20.00	0.511704	0.894821	0.031769	0.001128
0.2173	2.00	0.545633	0.000000	0.000000	0.000000
0.2173	2.37	0.545633	0.000000	0.000000	0.000000
0.2173	2.73	0.545633	0.000000	0.000000	0.000000
0.2173	3.10	0.545633	0.000000	0.000000	0.000000
0.2173	3.47	0.545633	0.000000	0.000000	0.000000
0.2173	3.84	0.545633	0.000000	0.000000	0.000000
0.2173	4.20	0.545633	0.000000	0.000000	0.000000
0.2173	4.57	0.545633	0.000000	0.000000	0.000000
0.2173	4.94	0.545633	0.000000	0.000000	0.000000
0.2173	5.31	0.545633	0.000000	0.000000	0.000000
0.2173	5.67	0.545633	0.000000	0.000000	0.000000
0.2173	6.04	0.545633	0.000000	0.000000	0.000000
0.2173	6.41	0.545633	0.000000	0.000000	0.000000
0.2173	6.78	0.545633	0.000000	0.000000	0.000000
0.2173	7.14	0.545633	0.000000	0.000000	0.000000
0.2173	7.51	0.545633	0.000000	0.000000	0.000000
0.2173	7.88	0.545633	0.000000	0.000000	0.000000
0.2173	8.24	0.545633	0.000000	0.000000	0.000000
0.2173	8.61	0.545633	0.000000	0.000000	0.000000
0.2173	8.98	0.545633	0.086242	0.000000	0.000000
0.2173	9.35	0.545633	0.086242	0.000000	0.000000
0.2173	9.71	0.545633	0.125667	0.047970	0.018311
0.2173	10.08	0.545633	0.138490	0.048699	0.017125
0.2173	10.45	0.545633	0.208191	0.103562	0.051516
0.2173	10.82	0.545633	0.242379	0.104423	0.044988
0.2173	11.18	0.545633	0.325369	0.154560	0.073421
0.2173	11.55	0.545633	0.351540	0.201573	0.115582
0.2173	11.92	0.545633	0.500706	0.199817	0.079741
0.2173	12.29	0.545633	0.612634	0.195770	0.062559
0.2173	12.65	0.545633	0.690232	0.113978	0.018821
0.2173	13.02	0.545633	0.744559	0.016252	0.000355
0.2173	13.39	0.545633	0.791387	0.024275	0.000745
0.2173	13.76	0.545633	0.814547	0.019338	0.000459
0.2173	14.12	0.545633	0.811242	0.021553	0.000573
0.2173	14.49	0.545633	0.825000	0.023333	0.000660
0.2173	14.86	0.545633	0.841222	0.018608	0.000412
0.2173	15.22	0.545633	0.841415	0.015495	0.000285
0.2173	15.59	0.545633	0.853337	0.016845	0.000333
0.2173	15.96	0.545633	0.866079	0.016666	0.000321
0.2173	16.33	0.545633	0.874401	0.021131	0.000511
0.2173	16.69	0.545633	0.879681	0.017250	0.000338
0.2173	17.06	0.545633	0.883243	0.018507	0.000388
0.2173	17.43	0.545633	0.892057	0.014874	0.000248
0.2173	17.80	0.545633	0.915624	0.011956	0.000156
0.2173	18.16	0.545633	0.918331	0.011373	0.000141
0.2173	18.53	0.545633	0.904844	0.012808	0.000181
0.2173	18.90	0.545633	0.904586	0.016942	0.000317
0.2173	19.27	0.545633	0.893581	0.017394	0.000339
0.2173	19.63	0.545633	0.901483	0.011851	0.000156
0.2173	20.00	0.545633	0.885992	0.120554	0.016403
0.2293	2.00	0.587585	0.000000	0.000000	0.000000
0.2293	2.37	0.587585	0.000000	0.000000	0.000000
0.2293	2.73	0.587585	0.000000	0.000000	0.000000
0.2293	3.10	0.587585	0.000000	0.000000	0.000000
0.2293	3.47	0.587585	0.000000	0.000000	0.000000
0.2293	3.84	0.587585	0.000000	0.000000	0.000000
0.2293	4.20	0.587585	0.000000	0.000000	0.000000
0.2293	4.57	0.587585	0.000000	0.000000	0.000000
0.2293	4.94	0.587585	0.000000	0.000000	0.000000
0.2293	5.31	0.587585	0.000000	0.000000	0.000000
0.2293	5.67	0.587585	0.000000	0.000000	0.000000
0.2293	6.04	0.587585	0.000000	0.000000	0.000000
0.2293	6.41	0.587585	0.000000	0.000000	0.000000
0.2293	6.78	0.587585	0.000000	0.000000	0.000000
0.2293	7.14	0.587585	0.000000	0.000000	0.000000
0.2293	7.51	0.587585	0.000000	0.000000	0.000000
0.2293	7.88	0.587585	0.000000	0.000000	0.000000
0.2293	8.24	0.587585	0.000000	0.000000	0.000000
0.2293	8.61	0.587585	0.000000	0.000000	0.000000
0.2293	8.98	0.587585	0.085193	0.000000	0.000000
0.2293	9.35	0.587585	0.084178	0.003043	0.000110
0.2293	9.71	0.587585	0.109533	0.026369	0.006348
0.2293	10.08	0.587585	0.109128	0.034121	0.010668
0.2293	10.45	0.587585	0.114170	0.029943	0.007853
0.2293	10.82	0.587585	0.126166	0.039403	0.012306
0.2293	11.18	0.587585	0.133767	0.053340	0.021270
0.2293	11.55	0.587585	0.213351	0.145898	0.099771
0.2293	11.92	0.587585	0.220461	0.136276	0.084238
0.2293	12.29	0.587585	0.351203	0.203951	0.118439
0.2293	12.65	0.587585	0.413629	0.231722	0.129814
0.2293	13.02	0.587585	0.533885	0.205815	0.079343
0.2293	13.39	0.587585	0.611308	0.201968	0.066728
0.2293	13.76	0.587585	0.741329	0.144103	0.028012
0.2293	14.12	0.587585	0.765822	0.153934	0.030942
0.2293	14.49	0.587585	0.843813	0.133298	0.021057
0.2293	14.86	0.587585	0.895639	0.039574	0.001749
0.2293	15.22	0.587585	0.949834	0.009290	0.000091
0.2293	15.59	0.587585	0.956237	0.008592	0.000077
0.2293	15.96	0.587585	0.964300	0.005910	0.000036
0.2293	16.33	0.587585	0.962005	0.005649	0.000033
0.2293	16.69	0.587585	0.964648	0.004363	0.000020
0.2293	17.06	0.587585	0.963102	0.006687	0.000046
0.2293	17.43	0.587585	0.968367	0.005687	0.000033
0.2293	17.80	0.587585	0.978056	0.003946	0.000016
0.2293	18.16	0.587585	0.979716	0.003795	0.000015
0.2293	18.53	0.587585	0.981330	0.003253	0.000011
0.2293	18.90	0.587585	0.972755	0.005013	0.000026
0.2293	19.27	0.587585	0.975704	0.004000	0.000016
0.2293	19.63	0.587585	0.981699	0.004068	0.000017
0.2293	20.00	0.587585	0.981699	0.003185	0.000010
0.2374	2.00	0.617846	0.000000	0.000000	0.000000
0.2374	2.37	0.617846	0.000000	0.000000	0.000000
0.2374	2.73	0.617846	0.000000	0.000000	0.000000
0.2374	3.10	0.617846	0.000000	0.000000	0.000000
0.2374	3.47	0.617846	0.000000	0.000000	0.000000
0.2374	3.84	0.617846	0.000000	0.000000	0.000000
0.2374	4.20	0.617846	0.000000	0.000000	0.000000
0.2374	4.57	0.617846	0.000000	0.000000	0.000000
0.2374	4.94	0.617846	0.000000	0.000000	0.000000
0.2374	5.31	0.617846	0.000000	0.000000	0.000000
0.2374	5.67	0.617846	0.000000	0.000000	0.000000
0.2374	6.04	0.617846	0.000000	0.000000	0.000000
0.2374	6.41	0.617846	0.000000	0.000000	0.000000
0.2374	6.78	0.617846	0.000000	0.000000	0.000000
0.2374	7.14	0.617846	0.000000	0.000000	0.000000
0.2374	7.51	0.617846	0.108830	0.000000	0.000000
0.2374	7.88	0.617846	0.147844	0.000000	0.000000
0.2374	8.24	0.617846	0.184805	0.000000	0.000000
0.2374	8.61	0.617846	0.191992	0.091376	0.043489
0.2374	8.98	0.617846	0.089665	0.005389	0.000324
0.2374	9.35	0.617846	0.106776	0.024641	0.005686
0.2374	9.71	0.617846	0.263005	0.213898	0.173961
0.2374	10.08	0.617846	0.343301	0.284784	0.236242
0.2374	10.45	0.617846	0.584948	0.284022	0.137908
0.2374	10.82	0.617846	0.705728	0.267492	0.101388
0.2374	11.18	0.617846	0.804857	0.142726	0.025310
0.2374	11.55	0.617846	0.832618	0.132051	0.020943
0.2374	11.92	0.617846	0.842698	0.134189	0.021368
0.2374	12.29	0.617846	0.879454	0.008576	0.000084
0.2374	12.65	0.617846	0.886641	0.007696	0.000067
0.2374	13.02	0.617846	0.888007	0.005681	0.000036
0.2374	13.39	0.617846	0.889450	0.005284	0.000031
0.2374	13.76	0.617846	0.881120	0.007000	0.000056
0.2374	14.12	0.617846	0.889603	0.006041	0.000041
0.2374	14.49	0.617846	0.894751	0.006718	0.000050
0.2374	14.86	0.617846	0.899805	0.004317	0.000021
0.2374	15.22	0.617846	0.901174	0.007355	0.000060
0.2374	15.59	0.617846	0.902156	0.004740	0.000025
0.2374	15.96	0.617846	0.905694	0.005354	0.000032
0.2374	16.33	0.617846	0.918060	0.006365	0.000044
0.2374	16.69	0.617846	0.918940	0.004810	0.000025
0.2374	17.06	0.617846	0.911103	0.004426	0.000022
0.2374	17.43	0.617846	0.913006	0.004415	0.000021
0.2374	17.80	0.617846	0.918842	0.004893	0.000026
0.2374	18.16	0.617846	0.919202	0.006102	0.000041
0.2374	18.53	0.617846	0.922306	0.003833	0.000016
0.2374	18.90	0.617846	0.933900	0.004619	0.000023
0.2374	19.27	0.617846	0.934487	0.003494	0.000013
0.2374	19.63	0.617846	0.910724	0.003319	0.000012
0.2374	20.00	0.617846	0.911891	0.003090	0.000010
0.2451	2.00	0.470852	0.000000	0.000000	0.000000
0.2451	2.37	0.470852	0.000000	0.000000	0.000000
0.2451	2.73	0.470852	0.000000	0.000000	0.000000
0.2451	3.10	0.470852	0.000000	0.000000	0.000000
0.2451	3.47	0.470852	0.000000	0.000000	0.000000
0.2451	3.84	0.470852	0.000000	0.000000	0.000000
0.2451	4.20	0.470852	0.000000	0.000000	0.000000
0.2451	4.57	0.470852	0.000000	0.000000	0.000000
0.2451	4.94	0.470852	0.000000	0.000000	0.000000
0.2451	5.31	0.470852	0.000000	0.000000	0.000000
0.2451	5.67	0.470852	0.000000	0.000000	0.000000
0.2451	6.04	0.470852	0.000000	0.000000	0.000000
0.2451	6.41	0.470852	0.000000	0.000000	0.000000
0.2451	6.78	0.470852	0.000000	0.000000	0.000000
0.2451	7.14	0.470852	0.000000	0.000000	0.000000
0.2451	7.51	0.470852	0.000000	0.000000	0.000000
0.2451	7.88	0.470852	0.000000	0.000000	0.000000
0.2451	8.24	0.470852	0.000000	0.000000	0.000000
0.2451	8.61	0.470852	0.000000	0.000000	0.000000
0.2451	8.98	0.470852	0.000000	0.000000	0.000000
0.2451	9.35	0.470852	0.115854	0.000000	0.000000
0.2451	9.71	0.470852	0.107724	0.000000	0.000000
0.2451	10.08	0.470852	0.132114	0.053954	0.022035
0.2451	10.45	0.470852	0.134553	0.073665	0.040330
0.2451	10.82	0.470852	0.180047	0.127692	0.090561
0.2451	11.18	0.470852	0.233909	0.192141	0.157831
0.2451	11.55	0.470852	0.322282	0.193446	0.116114
0.2451	11.92	0.470852	0.372967	0.206397	0.114218
0.2451	12.29	0.470852	0.450049	0.179703	0.071755
0.2451	12.65	0.470852	0.509582	0.189298	0.070320
0.2451	13.02	0.470852	0.572154	0.198471	0.068846
0.2451	13.39	0.470852	0.735656	0.065850	0.005894
0.2451	13.76	0.470852	0.764392	0.026316	0.000906
0.2451	14.12	0.470852	0.787976	0.026291	0.000877
0.2451	14.49	0.470852	0.797999	0.012416	0.000193
0.2451	14.86	0.470852	0.807849	0.016645	0.000343
0.2451	15.22	0.470852	0.821799	0.013493	0.000222
0.2451	15.59	0.470852	0.833532	0.012520	0.000188
0.2451	15.96	0.470852	0.837349	0.014783	0.000261
0.2451	16.33	0.470852	0.838027	0.012255	0.000179
0.2451	16.69	0.470852	0.841221	0.010261	0.000125
0.2451	17.06	0.470852	0.866468	0.013125	0.000199
0.2451	17.43	0.470852	0.858186	0.026043	0.000790
0.2451	17.80	0.470852	0.869399	0.016824	0.000326
0.2451	18.16	0.470852	0.881790	0.009444	0.000101
0.2451	18.53	0.470852	0.881752	0.013443	0.000205
0.2451	18.90	0.470852	0.873351	0.009798	0.000110
0.2451	19.27	0.470852	0.876107	0.007396	0.000062
0.2451	19.63	0.470852	0.904980	0.009797	0.000106
0.2451	20.00	0.470852	0.905580	0.008374	0.000077
0.2543	2.00	0.483005	0.000000	0.000000	0.000000
0.2543	2.37	0.483005	0.000000	0.000000	0.000000
0.2543	2.73	0.483005	0.000000	0.000000	0.000000
0.2543	3.10	0.483005	0.000000	0.000000	0.000000
0.2543	3.47	0.483005	0.000000	0.000000	0.000000
0.2543	3.84	0.483005	0.000000	0.000000	0.000000
0.2543	4.20	0.483005	0.000000	0.000000	0.000000
0.2543	4.57	0.483005	0.000000	0.000000	0.000000
0.2543	4.94	0.483005	0.000000	0.000000	0.000000
0.2543	5.31	0.483005	0.000000	0.000000	0.000000
0.2543	5.67	0.483005	0.000000	0.000000	0.000000
0.2543	6.04	0.483005	0.000000	0.000000	0.000000
0.2543	6.41	0.483005	0.000000	0.000000	0.000000
0.2543	6.78	0.483005	0.000000	0.000000	0.000000
0.2543	7.14	0.483005	0.000000	0.000000	0.000000
0.2543	7.51	0.483005	0.000000	0.000000	0.000000
0.2543	7.88	0.483005	0.000000	0.000000	0.000000
0.2543	8.24	0.483005	0.000000	0.000000	0.000000
0.2543	8.61	0.483005	0.000000	0.000000	0.000000
0.2543	8.98	0.483005	0.000000	0.000000	0.000000
0.2543	9.35	0.483005	0.000000	0.000000	0.000000
0.2543	9.71	0.483005	0.000000	0.000000	0.000000
0.2543	10.08	0.483005	0.000000	0.000000	0.000000
0.2543	10.45	0.483005	0.000000	0.000000	0.000000
0.2543	10.82	0.483005	0.091549	0.010111	0.001117
0.2543	11.18	0.483005	0.000000	0.000000	0.000000
0.2543	11.55	0.483005	0.093993	0.011214	0.001338
0.2543	11.92	0.483005	0.105725	0.024105	0.005496
0.2543	12.29	0.483005	0.121343	0.034670	0.009906
0.2543	12.65	0.483005	0.121804	0.038470	0.012150
0.2543	13.02	0.483005	0.141915	0.059643	0.025066
0.2543	13.39	0.483005	0.192072	0.071648	0.026727
0.2543	13.76	0.483005	0.212058	0.116883	0.064424
0.2543	14.12	0.483005	0.262558	0.116584	0.051767
0.2543	14.49	0.483005	0.335079	0.156263	0.072873
0.2543	14.86	0.483005	0.441117	0.178826	0.072495
0.2543	15.22	0.483005	0.532716	0.180179	0.060941
0.2543	15.59	0.483005	0.604334	0.182854	0.055326
0.2543	15.96	0.483005	0.632325	0.158273	0.039616
0.2543	16.33	0.483005	0.713061	0.137170	0.026387
0.2543	16.69	0.483005	0.773916	0.086934	0.009765
0.2543	17.06	0.483005	0.807467	0.067059	0.005569
0.2543	17.43	0.483005	0.821625	0.123037	0.018425
0.2543	17.80	0.483005	0.842416	0.064663	0.004963
0.2543	18.16	0.483005	0.875699	0.041082	0.001927
0.2543	18.53	0.483005	0.885178	0.038257	0.001653
0.2543	18.90	0.483005	0.852741	0.088725	0.009232
0.2543	19.27	0.483005	0.872897	0.027909	0.000892
0.2543	19.63	0.483005	0.919817	0.019845	0.000428
0.2543	20.00	0.483005	0.926392	0.014768	0.000235
0.2659	2.00	0.484366	0.000000	0.000000	0.000000
0.2659	2.37	0.484366	0.000000	0.000000	0.000000
0.2659	2.73	0.484366	0.000000	0.000000	0.000000
0.2659	3.10	0.484366	0.000000	0.000000	0.000000
0.2659	3.47	0.484366	0.000000	0.000000	0.000000
0.2659	3.84	0.484366	0.000000	0.000000	0.000000
0.2659	4.20	0.484366	0.000000	0.000000	0.000000
0.2659	4.57	0.484366	0.000000	0.000000	0.000000
0.2659	4.94	0.484366	0.000000	0.000000	0.000000
0.2659	5.31	0.484366	0.000000	0.000000	0.000000
0.2659	5.67	0.484366	0.000000	0.000000	0.000000
0.2659	6.04	0.484366	0.000000	0.000000	0.000000
0.2659	6.41	0.484366	0.000000	0.000000	0.000000
0.2659	6.78	0.484366	0.000000	0.000000	0.000000
0.2659	7.14	0.484366	0.000000	0.000000	0.000000
0.2659	7.51	0.484366	0.000000	0.000000	0.000000
0.2659	7.88	0.484366	0.000000	0.000000	0.000000
0.2659	8.24	0.484366	0.000000	0.000000	0.000000
0.2659	8.61	0.484366	0.000000	0.000000	0.000000
0.2659	8.98	0.484366	0.000000	0.000000	0.000000
0.2659	9.35	0.484366	0.000000	0.000000	0.000000
0.2659	9.71	0.484366	0.081466	0.000000	0.000000
0.2659	10.08	0.484366	0.128310	0.000000	0.000000
0.2659	10.45	0.484366	0.108622	0.021703	0.004336
0.2659	10.82	0.484366	0.162424	0.048462	0.014459
0.2659	11.18	0.484366	0.105906	0.028147	0.007481
0.2659	11.55	0.484366	0.122983	0.034688	0.009784
0.2659	11.92	0.484366	0.122975	0.041308	0.013876
0.2659	12.29	0.484366	0.178518	0.071131	0.028343
0.2659	12.65	0.484366	0.216412	0.101658	0.047753
0.2659	13.02	0.484366	0.291793	0.151341	0.078495
0.2659	13.39	0.484366	0.380140	0.145709	0.055850
0.2659	13.76	0.484366	0.378055	0.155340	0.063828
0.2659	14.12	0.484366	0.532747	0.108546	0.022116
0.2659	14.49	0.484366	0.623880	0.086562	0.012010
0.2659	14.86	0.484366	0.688838	0.052803	0.004048
0.2659	15.22	0.484366	0.721579	0.146116	0.029588
0.2659	15.59	0.484366	0.790030	0.052050	0.003429
0.2659	15.96	0.484366	0.806517	0.044089	0.002410
0.2659	16.33	0.484366	0.818830	0.042409	0.002196
0.2659	16.69	0.484366	0.845830	0.029526	0.001031
0.2659	17.06	0.484366	0.864606	0.107605	0.013392
0.2659	17.43	0.484366	0.895251	0.016898	0.000319
0.2659	17.80	0.484366	0.905251	0.016086	0.000286
0.2659	18.16	0.484366	0.883733	0.020634	0.000482
0.2659	18.53	0.484366	0.890194	0.035624	0.001426
0.2659	18.90	0.484366	0.906624	0.019576	0.000423
0.2659	19.27	0.484366	0.917884	0.014955	0.000244
0.2659	19.63	0.484366	0.921544	0.013039	0.000184
0.2659	20.00	0.484366	0.918447	0.015646	0.000267
0.2892	2.00	0.605266	0.000000	0.000000	0.000000
0.2892	2.37	0.605266	0.000000	0.000000	0.000000
0.2892	2.73	0.605266	0.000000	0.000000	0.000000
0.2892	3.10	0.605266	0.000000	0.000000	0.000000
0.2892	3.47	0.605266	0.000000	0.000000	0.000000
0.2892	3.84	0.605266	0.000000	0.000000	0.000000
0.2892	4.20	0.605266	0.000000	0.000000	0.000000
0.2892	4.57	0.605266	0.000000	0.000000	0.000000
0.2892	4.94	0.605266	0.000000	0.000000	0.000000
0.2892	5.31	0.605266	0.000000	0.000000	0.000000
0.2892	5.67	0.605266	0.000000	0.000000	0.000000
0.2892	6.04	0.605266	0.000000	0.000000	0.000000
0.2892	6.41	0.605266	0.000000	0.000000	0.000000
0.2892	6.78	0.605266	0.000000	0.000000	0.000000
0.2892	7.14	0.605266	0.000000	0.000000	0.000000
0.2892	7.51	0.605266	0.000000	0.000000	0.000000
0.2892	7.88	0.605266	0.000000	0.000000	0.000000
0.2892	8.24	0.605266	0.000000	0.000000	0.000000
0.2892	8.61	0.605266	0.000000	0.000000	0.000000
0.2892	8.98	0.605266	0.087755	0.000000	0.000000
0.2892	9.35	0.605266	0.134694	0.000000	0.000000
0.2892	9.71	0.605266	0.134286	0.070257	0.036758
0.2892	10.08	0.605266	0.242517	0.156363	0.100815
0.2892	10.45	0.605266	0.309796	0.216378	0.151130
0.2892	10.82	0.605266	0.357993	0.258365	0.186464
0.2892	11.18	0.605266	0.484301	0.283426	0.165869
0.2892	11.55	0.605266	0.760898	0.030400	0.001215
0.2892	11.92	0.605266	0.798661	0.036998	0.001714
0.2892	12.29	0.605266	0.822016	0.011726	0.000167
0.2892	12.65	0.605266	0.830492	0.009724	0.000114
0.2892	13.02	0.605266	0.862507	0.011658	0.000158
0.2892	13.39	0.605266	0.868726	0.013303	0.000204
0.2892	13.76	0.605266	0.844402	0.013623	0.000220
0.2892	14.12	0.605266	0.855048	0.009276	0.000101
0.2892	14.49	0.605266	0.872109	0.008141	0.000076
0.2892	14.86	0.605266	0.879540	0.009754	0.000108
0.2892	15.22	0.605266	0.868270	0.123216	0.017486
0.2892	15.59	0.605266	0.891837	0.007689	0.000066
0.2892	15.96	0.605266	0.876433	0.122525	0.017129
0.2892	16.33	0.605266	0.887194	0.010153	0.000116
0.2892	16.69	0.605266	0.890144	0.010560	0.000125
0.2892	17.06	0.605266	0.894425	0.007420	0.000062
0.2892	17.43	0.605266	0.896113	0.010193	0.000116
0.2892	17.80	0.605266	0.908711	0.011985	0.000158
0.2892	18.16	0.605266	0.912720	0.010967	0.000132
0.2892	18.53	0.605266	0.916089	0.011762	0.000151
0.2892	18.90	0.605266	0.921011	0.010003	0.000109
0.2892	19.27	0.605266	0.919295	0.014771	0.000237
0.2892	19.63	0.605266	0.924443	0.011174	0.000135
0.2892	20.00	0.605266	0.931156	0.006402	0.000044
0.3034	2.00	0.452355	0.000000	0.000000	0.000000
0.3034	2.37	0.452355	0.000000	0.000000	0.000000
0.3034	2.73	0.452355	0.000000	0.000000	0.000000
0.3034	3.10	0.452355	0.000000	0.000000	0.000000
0.3034	3.47	0.452355	0.000000	0.000000	0.000000
0.3034	3.84	0.452355	0.000000	0.000000	0.000000
0.3034	4.20	0.452355	0.000000	0.000000	0.000000
0.3034	4.57	0.452355	0.000000	0.000000	0.000000
0.3034	4.94	0.452355	0.000000	0.000000	0.000000
0.3034	5.31	0.452355	0.000000	0.000000	0.000000
0.3034	5.67	0.452355	0.000000	0.000000	0.000000
0.3034	6.04	0.452355	0.000000	0.000000	0.000000
0.3034	6.41	0.452355	0.000000	0.000000	0.000000
0.3034	6.78	0.452355	0.000000	0.000000	0.000000
0.3034	7.14	0.452355	0.000000	0.000000	0.000000
0.3034	7.51	0.452355	0.000000	0.000000	0.000000
0.3034	7.88	0.452355	0.000000	0.000000	0.000000
0.3034	8.24	0.452355	0.000000	0.000000	0.000000
0.3034	8.61	0.452355	0.000000	0.000000	0.000000
0.3034	8.98	0.452355	0.101010	0.000000	0.000000
0.3034	9.35	0.452355	0.102357	0.003434	0.000115
0.3034	9.71	0.452355	0.158249	0.044271	0.012385
0.3034	10.08	0.452355	0.207071	0.049454	0.011811
0.3034	10.45	0.452355	0.189001	0.105692	0.059105
0.3034	10.82	0.452355	0.254209	0.120862	0.057463
0.3034	11.18	0.452355	0.382222	0.163304	0.069772
0.3034	11.55	0.452355	0.416236	0.163419	0.064160
0.3034	11.92	0.452355	0.553658	0.113730	0.023362
0.3034	12.29	0.452355	0.640107	0.096226	0.014465
0.3034	12.65	0.452355	0.688485	0.025539	0.000947
0.3034	13.02	0.452355	0.715208	0.016717	0.000391
0.3034	13.39	0.452355	0.734848	0.017012	0.000394
0.3034	13.76	0.452355	0.747315	0.014978	0.000300
0.3034	14.12	0.452355	0.748840	0.016666	0.000371
0.3034	14.49	0.452355	0.769803	0.015238	0.000302
0.3034	14.86	0.452355	0.784667	0.016607	0.000351
0.3034	15.22	0.452355	0.820927	0.015238	0.000283
0.3034	15.59	0.452355	0.831132	0.012341	0.000183
0.3034	15.96	0.452355	0.808369	0.011899	0.000175
0.3034	16.33	0.452355	0.816408	0.014514	0.000258
0.3034	16.69	0.452355	0.821424	0.017248	0.000362
0.3034	17.06	0.452355	0.830119	0.114916	0.015908
0.3034	17.43	0.452355	0.851178	0.017960	0.000379
0.3034	17.80	0.452355	0.847337	0.020756	0.000508
0.3034	18.16	0.452355	0.851538	0.021156	0.000526
0.3034	18.53	0.452355	0.855005	0.118001	0.016286
0.3034	18.90	0.452355	0.875358	0.017647	0.000356
0.3034	19.27	0.452355	0.867969	0.016752	0.000323
0.3034	19.63	0.452355	0.874658	0.018124	0.000376
0.3034	20.00	0.452355	0.882345	0.015751	0.000281
0.3103	2.00	0.354520	0.000000	0.000000	0.000000
0.3103	2.37	0.354520	0.000000	0.000000	0.000000
0.3103	2.73	0.354520	0.000000	0.000000	0.000000
0.3103	3.10	0.354520	0.000000	0.000000	0.000000
0.3103	3.47	0.354520	0.000000	0.000000	0.000000
0.3103	3.84	0.354520	0.000000	0.000000	0.000000
0.3103	4.20	0.354520	0.000000	0.000000	0.000000
0.3103	4.57	0.354520	0.000000	0.000000	0.000000
0.3103	4.94	0.354520	0.000000	0.000000	0.000000
0.3103	5.31	0.354520	0.000000	0.000000	0.000000
0.3103	5.67	0.354520	0.000000	0.000000	0.000000
0.3103	6.04	0.354520	0.000000	0.000000	0.000000
0.3103	6.41	0.354520	0.000000	0.000000	0.000000
0.3103	6.78	0.354520	0.000000	0.000000	0.000000
0.3103	7.14	0.354520	0.000000	0.000000	0.000000
0.3103	7.51	0.354520	0.000000	0.000000	0.000000
0.3103	7.88	0.354520	0.000000	0.000000	0.000000
0.3103	8.24	0.354520	0.000000	0.000000	0.000000
0.3103	8.61	0.354520	0.000000	0.000000	0.000000
0.3103	8.98	0.354520	0.000000	0.000000	0.000000
0.3103	9.35	0.354520	0.000000	0.000000	0.000000
0.3103	9.71	0.354520	0.000000	0.000000	0.000000
0.3103	10.08	0.354520	0.000000	0.000000	0.000000
0.3103	10.45	0.354520	0.086694	0.000000	0.000000
0.3103	10.82	0.354520	0.098790	0.000000	0.000000
0.3103	11.18	0.354520	0.092742	0.000000	0.000000
0.3103	11.55	0.354520	0.122984	0.044811	0.016327
0.3103	11.92	0.354520	0.094422	0.018748	0.003723
0.3103	12.29	0.354520	0.100000	0.015491	0.002400
0.3103	12.65	0.354520	0.101512	0.028578	0.008046
0.3103	13.02	0.354520	0.141849	0.056755	0.022708
0.3103	13.39	0.354520	0.185333	0.092909	0.046576
0.3103	13.76	0.354520	0.239196	0.113818	0.054159
0.3103	14.12	0.354520	0.214739	0.110965	0.057340
0.3103	14.49	0.354520	0.294668	0.136054	0.062819
0.3103	14.86	0.354520	0.371819	0.152865	0.062847
0.3103	15.22	0.354520	0.376179	0.177228	0.083496
0.3103	15.59	0.354520	0.553029	0.096704	0.016910
0.3103	15.96	0.354520	0.595206	0.117307	0.023120
0.3103	16.33	0.354520	0.656162	0.063941	0.006231
0.3103	16.69	0.354520	0.689859	0.112011	0.018187
0.3103	17.06	0.354520	0.754167	0.046614	0.002881
0.3103	17.43	0.354520	0.782342	0.108368	0.015011
0.3103	17.80	0.354520	0.820126	0.034666	0.001465
0.3103	18.16	0.354520	0.826184	0.039913	0.001928
0.3103	18.53	0.354520	0.824382	0.035821	0.001556
0.3103	18.90	0.354520	0.822791	0.111023	0.014981
0.3103	19.27	0.354520	0.848874	0.037050	0.001617
0.3103	19.63	0.354520	0.860425	0.036338	0.001535
0.3103	20.00	0.354520	0.872769	0.031587	0.001143
0.3169	2.00	0.409266	0.000000	0.000000	0.000000
0.3169	2.37	0.409266	0.000000	0.000000	0.000000
0.3169	2.73	0.409266	0.000000	0.000000	0.000000
0.3169	3.10	0.409266	0.000000	0.000000	0.000000
0.3169	3.47	0.409266	0.000000	0.000000	0.000000
0.3169	3.84	0.409266	0.000000	0.000000	0.000000
0.3169	4.20	0.409266	0.000000	0.000000	0.000000
0.3169	4.57	0.409266	0.000000	0.000000	0.000000
0.3169	4.94	0.409266	0.000000	0.000000	0.000000
0.3169	5.31	0.409266	0.000000	0.000000	0.000000
0.3169	5.67	0.409266	0.000000	0.000000	0.000000
0.3169	6.04	0.409266	0.000000	0.000000	0.000000
0.3169	6.41	0.409266	0.000000	0.000000	0.000000
0.3169	6.78	0.409266	0.000000	0.000000	0.000000
0.3169	7.14	0.409266	0.000000	0.000000	0.000000
0.3169	7.51	0.409266	0.000000	0.000000	0.000000
0.3169	7.88	0.409266	0.000000	0.000000	0.000000
0.3169	8.24	0.409266	0.000000	0.000000	0.000000
0.3169	8.61	0.409266	0.000000	0.000000	0.000000
0.3169	8.98	0.409266	0.000000	0.000000	0.000000
0.3169	9.35	0.409266	0.000000	0.000000	0.000000
0.3169	9.71	0.409266	0.000000	0.000000	0.000000
0.3169	10.08	0.409266	0.000000	0.000000	0.000000
0.3169	10.45	0.409266	0.000000	0.000000	0.000000
0.3169	10.82	0.409266	0.000000	0.000000	0.000000
0.3169	11.18	0.409266	0.000000	0.000000	0.000000
0.3169	11.55	0.409266	0.107724	0.000000	0.000000
0.3169	11.92	0.409266	0.089431	0.006098	0.000416
0.3169	12.29	0.409266	0.100949	0.023489	0.005466
0.3169	12.65	0.409266	0.099963	0.020724	0.004297
0.3169	13.02	0.409266	0.113948	0.041793	0.015329
0.3169	13.39	0.409266	0.114875	0.032569	0.009234
0.3169	13.76	0.409266	0.141655	0.065559	0.030341
0.3169	14.12	0.409266	0.158446	0.078602	0.038993
0.3169	14.49	0.409266	0.231315	0.124124	0.066605
0.3169	14.86	0.409266	0.276353	0.127039	0.058400
0.3169	15.22	0.409266	0.386057	0.158953	0.065447
0.3169	15.59	0.409266	0.460306	0.166277	0.060064
0.3169	15.96	0.409266	0.584659	0.148839	0.037891
0.3169	16.33	0.409266	0.614033	0.170236	0.047196
0.3169	16.69	0.409266	0.644436	0.131531	0.026846
0.3169	17.06	0.409266	0.713847	0.107955	0.016326
0.3169	17.43	0.409266	0.772617	0.082053	0.008714
0.3169	17.80	0.409266	0.717967	0.103774	0.014999
0.3169	18.16	0.409266	0.787622	0.064228	0.005238
0.3169	18.53	0.409266	0.820672	0.051065	0.003177
0.3169	18.90	0.409266	0.890849	0.054858	0.003378
0.3169	19.27	0.409266	0.917575	0.019647	0.000421
0.3169	19.63	0.409266	0.925592	0.034823	0.001310
0.3169	20.00	0.409266	0.925263	0.015211	0.000250
0.3263	2.00	0.445112	0.000000	0.000000	0.000000
0.3263	2.37	0.445112	0.000000	0.000000	0.000000
0.3263	2.73	0.445112	0.000000	0.000000	0.000000
0.3263	3.10	0.445112	0.000000	0.000000	0.000000
0.3263	3.47	0.445112	0.000000	0.000000	0.000000
0.3263	3.84	0.445112	0.000000	0.000000	0.000000
0.3263	4.20	0.445112	0.000000	0.000000	0.000000
0.3263	4.57	0.445112	0.000000	0.000000	0.000000
0.3263	4.94	0.445112	0.000000	0.000000	0.000000
0.3263	5.31	0.445112	0.000000	0.000000	0.000000
0.3263	5.67	0.445112	0.000000	0.000000	0.000000
0.3263	6.04	0.445112	0.000000	0.000000	0.000000
0.3263	6.41	0.445112	0.000000	0.000000	0.000000
0.3263	6.78	0.445112	0.000000	0.000000	0.000000
0.3263	7.14	0.445112	0.000000	0.000000	0.000000
0.3263	7.51	0.445112	0.000000	0.000000	0.000000
0.3263	7.88	0.445112	0.000000	0.000000	0.000000
0.3263	8.24	0.445112	0.000000	0.000000	0.000000
0.3263	8.61	0.445112	0.000000	0.000000	0.000000
0.3263	8.98	0.445112	0.000000	0.000000	0.000000
0.3263	9.35	0.445112	0.000000	0.000000	0.000000
0.3263	9.71	0.445112	0.000000	0.000000	0.000000
0.3263	10.08	0.445112	0.000000	0.000000	0.000000
0.3263	10.45	0.445112	0.084189	0.000000	0.000000
0.3263	10.82	0.445112	0.116016	0.025667	0.005679
0.3263	11.18	0.445112	0.092402	0.009704	0.001019
0.3263	11.55	0.445112	0.116016	0.029202	0.007350
0.3263	11.92	0.445112	0.104723	0.032889	0.010329
0.3263	12.29	0.445112	0.127567	0.050443	0.019947
0.3263	12.65	0.445112	0.119933	0.046004	0.017647
0.3263	13.02	0.445112	0.183573	0.096329	0.050549
0.3263	13.39	0.445112	0.190464	0.105716	0.058677
0.3263	13.76	0.445112	0.230058	0.141024	0.086447
0.3263	14.12	0.445112	0.263368	0.145667	0.080567
0.3263	14.49	0.445112	0.300131	0.161145	0.086522
0.3263	14.86	0.445112	0.468948	0.165445	0.058369
0.3263	15.22	0.445112	0.663244	0.155083	0.036262
0.3263	15.59	0.445112	0.758874	0.048470	0.003096
0.3263	15.96	0.445112	0.781754	0.059804	0.004575
0.3263	16.33	0.445112	0.836541	0.049719	0.002955
0.3263	16.69	0.445112	0.851083	0.055080	0.003565
0.3263	17.06	0.445112	0.824078	0.112196	0.015275
0.3263	17.43	0.445112	0.849879	0.043473	0.002224
0.3263	17.80	0.445112	0.886836	0.024759	0.000691
0.3263	18.16	0.445112	0.888768	0.027851	0.000873
0.3263	18.53	0.445112	0.888180	0.027501	0.000852
0.3263	18.90	0.445112	0.899034	0.026505	0.000781
0.3263	19.27	0.445112	0.911180	0.019666	0.000424
0.3263	19.63	0.445112	0.912797	0.013273	0.000193
0.3263	20.00	0.445112	0.918695	0.009150	0.000091
0.3514	2.00	0.379585	0.000000	0.000000	0.000000
0.3514	2.37	0.379585	0.000000	0.000000	0.000000
0.3514	2.73	0.379585	0.000000	0.000000	0.000000
0.3514	3.10	0.379585	0.000000	0.000000	0.000000
0.3514	3.47	0.379585	0.000000	0.000000	0.000000
0.3514	3.84	0.379585	0.000000	0.000000	0.000000
0.3514	4.20	0.379585	0.000000	0.000000	0.000000
0.3514	4.57	0.379585	0.000000	0.000000	0.000000
0.3514	4.94	0.379585	0.000000	0.000000	0.000000
0.3514	5.31	0.379585	0.000000	0.000000	0.000000
0.3514	5.67	0.379585	0.000000	0.000000	0.000000
0.3514	6.04	0.379585	0.000000	0.000000	0.000000
0.3514	6.41	0.379585	0.000000	0.000000	0.000000
0.3514	6.78	0.379585	0.000000	0.000000	0.000000
0.3514	7.14	0.379585	0.000000	0.000000	0.000000
0.3514	7.51	0.379585	0.000000	0.000000	0.000000
0.3514	7.88	0.379585	0.000000	0.000000	0.000000
0.3514	8.24	0.379585	0.000000	0.000000	0.000000
0.3514	8.61	0.379585	0.000000	0.000000	0.000000
0.3514	8.98	0.379585	0.000000	0.000000	0.000000
0.3514	9.35	0.379585	0.000000	0.000000	0.000000
0.3514	9.71	0.379585	0.000000	0.000000	0.000000
0.3514	10.08	0.379585	0.000000	0.000000	0.000000
0.3514	10.45	0.379585	0.000000	0.000000	0.000000
0.3514	10.82	0.379585	0.092555	0.013040	0.001837
0.3514	11.18	0.379585	0.095070	0.003592	0.000136
0.3514	11.55	0.379585	0.094567	0.012005	0.001524
0.3514	11.92	0.379585	0.118209	0.036755	0.011428
0.3514	12.29	0.379585	0.106949	0.021027	0.004134
0.3514	12.65	0.379585	0.128471	0.050620	0.019945
0.3514	13.02	0.379585	0.184879	0.075110	0.030514
0.3514	13.39	0.379585	0.217521	0.110854	0.056494
0.3514	13.76	0.379585	0.276523	0.123162	0.054856
0.3514	14.12	0.379585	0.316597	0.158218	0.079069
0.3514	14.49	0.379585	0.431418	0.142621	0.047149
0.3514	14.86	0.379585	0.488263	0.213536	0.093387
0.3514	15.22	0.379585	0.680847	0.132629	0.025836
0.3514	15.59	0.379585	0.757258	0.109919	0.015955
0.3514	15.96	0.379585	0.689756	0.150570	0.032868
0.3514	16.33	0.379585	0.759066	0.048815	0.003139
0.3514	16.69	0.379585	0.817476	0.056990	0.003973
0.3514	17.06	0.379585	0.844400	0.044291	0.002323
0.3514	17.43	0.379585	0.873742	0.031488	0.001135
0.3514	17.80	0.379585	0.886684	0.022086	0.000550
0.3514	18.16	0.379585	0.877532	0.107288	0.013117
0.3514	18.53	0.379585	0.898162	0.020090	0.000449
0.3514	18.90	0.379585	0.835723	0.156052	0.029139
0.3514	19.27	0.379585	0.891080	0.021970	0.000542
0.3514	19.63	0.379585	0.910655	0.018318	0.000368
0.3514	20.00	0.379585	0.915318	0.014158	0.000219
0.3951	2.00	0.342745	0.000000	0.000000	0.000000
0.3951	2.37	0.342745	0.000000	0.000000	0.000000
0.3951	2.73	0.342745	0.000000	0.000000	0.000000
0.3951	3.10	0.342745	0.000000	0.000000	0.000000
0.3951	3.47	0.342745	0.000000	0.000000	0.000000
0.3951	3.84	0.342745	0.000000	0.000000	0.000000
0.3951	4.20	0.342745	0.000000	0.000000	0.000000
0.3951	4.57	0.342745	0.000000	0.000000	0.000000
0.3951	4.94	0.342745	0.000000	0.000000	0.000000
0.3951	5.31	0.342745	0.000000	0.000000	0.000000
0.3951	5.67	0.342745	0.000000	0.000000	0.000000
0.3951	6.04	0.342745	0.000000	0.000000	0.000000
0.3951	6.41	0.342745	0.000000	0.000000	0.000000
0.3951	6.78	0.342745	0.000000	0.000000	0.000000
0.3951	7.14	0.342745	0.000000	0.000000	0.000000
0.3951	7.51	0.342745	0.000000	0.000000	0.000000
0.3951	7.88	0.342745	0.000000	0.000000	0.000000
0.3951	8.24	0.342745	0.000000	0.000000	0.000000
0.3951	8.61	0.342745	0.000000	0.000000	0.000000
0.3951	8.98	0.342745	0.000000	0.000000	0.000000
0.3951	9.35	0.342745	0.000000	0.000000	0.000000
0.3951	9.71	0.342745	0.000000	0.000000	0.000000
0.3951	10.08	0.342745	0.000000	0.000000	0.000000
0.3951	10.45	0.342745	0.000000	0.000000	0.000000
0.3951	10.82	0.342745	0.000000	0.000000	0.000000
0.3951	11.18	0.342745	0.082996	0.000000	0.000000
0.3951	11.55	0.342745	0.088563	0.002994	0.000101
0.3951	11.92	0.342745	0.097672	0.005035	0.000260
0.3951	12.29	0.342745	0.107018	0.020536	0.003941
0.3951	12.65	0.342745	0.113360	0.026426	0.006160
0.3951	13.02	0.342745	0.124572	0.040190	0.012966
0.3951	13.39	0.342745	0.107599	0.019776	0.003635
0.3951	13.76	0.342745	0.130741	0.046843	0.016783
0.3951	14.12	0.342745	0.126566	0.049650	0.019477
0.3951	14.49	0.342745	0.162890	0.066850	0.027435
0.3951	14.86	0.342745	0.181235	0.082642	0.037684
0.3951	15.22	0.342745	0.218845	0.094853	0.041112
0.3951	15.59	0.342745	0.275957	0.129450	0.060725
0.3951	15.96	0.342745	0.328234	0.142972	0.062275
0.3951	16.33	0.342745	0.370617	0.145678	0.057262
0.3951	16.69	0.342745	0.526588	0.189203	0.067981
0.3951	17.06	0.342745	0.611451	0.186565	0.056925
0.3951	17.43	0.342745	0.639326	0.172250	0.046408
0.3951	17.80	0.342745	0.718266	0.121031	0.020394
0.3951	18.16	0.342745	0.776991	0.077779	0.007786
0.3951	18.53	0.342745	0.780716	0.124708	0.019920
0.3951	18.90	0.342745	0.811619	0.065969	0.005362
0.3951	19.27	0.342745	0.848798	0.100166	0.011820
0.3951	19.63	0.342745	0.904479	0.035986	0.001432
0.3951	20.00	0.342745	0.918944	0.016759	0.000306
0.4060	2.00	0.399455	0.000000	0.000000	0.000000
0.4060	2.37	0.399455	0.000000	0.000000	0.000000
0.4060	2.73	0.399455	0.000000	0.000000	0.000000
0.4060	3.10	0.399455	0.000000	0.000000	0.000000
0.4060	3.47	0.399455	0.000000	0.000000	0.000000
0.4060	3.84	0.399455	0.000000	0.000000	0.000000
0.4060	4.20	0.399455	0.000000	0.000000	0.000000
0.4060	4.57	0.399455	0.000000	0.000000	0.000000
0.4060	4.94	0.399455	0.000000	0.000000	0.000000
0.4060	5.31	0.399455	0.000000	0.000000	0.000000
0.4060	5.67	0.399455	0.000000	0.000000	0.000000
0.4060	6.04	0.399455	0.000000	0.000000	0.000000
0.4060	6.41	0.399455	0.000000	0.000000	0.000000
0.4060	6.78	0.399455	0.000000	0.000000	0.000000
0.4060	7.14	0.399455	0.000000	0.000000	0.000000
0.4060	7.51	0.399455	0.000000	0.000000	0.000000
0.4060	7.88	0.399455	0.000000	0.000000	0.000000
0.4060	8.24	0.399455	0.000000	0.000000	0.000000
0.4060	8.61	0.399455	0.000000	0.000000	0.000000
0.4060	8.98	0.399455	0.000000	0.000000	0.000000
0.4060	9.35	0.399455	0.000000	0.000000	0.000000
0.4060	9.71	0.399455	0.085020	0.004049	0.000193
0.4060	10.08	0.399455	0.087045	0.000000	0.000000
0.4060	10.45	0.399455	0.000000	0.000000	0.000000
0.4060	10.82	0.399455	0.100202	0.019231	0.003691
0.4060	11.18	0.399455	0.116059	0.037865	0.012354
0.4060	11.55	0.399455	0.151417	0.066871	0.029532
0.4060	11.92	0.399455	0.171831	0.104313	0.063325
0.4060	12.29	0.399455	0.260666	0.163606	0.102687
0.4060	12.65	0.399455	0.435699	0.203481	0.095030
0.4060	13.02	0.399455	0.637587	0.097062	0.014776
0.4060	13.39	0.399455	0.713700	0.162595	0.037042
0.4060	13.76	0.399455	0.716216	0.072835	0.007407
0.4060	14.12	0.399455	0.738814	0.118667	0.019060
0.4060	14.49	0.399455	0.819945	0.054087	0.003568
0.4060	14.86	0.399455	0.836083	0.124931	0.018668
0.4060	15.22	0.399455	0.879858	0.024541	0.000685
0.4060	15.59	0.399455	0.875557	0.012519	0.000179
0.4060	15.96	0.399455	0.886343	0.011732	0.000155
0.4060	16.33	0.399455	0.894490	0.011241	0.000141
0.4060	16.69	0.399455	0.898207	0.122067	0.016589
0.4060	17.06	0.399455	0.922306	0.010481	0.000119
0.4060	17.43	0.399455	0.919166	0.011479	0.000143
0.4060	17.80	0.399455	0.923077	0.012523	0.000170
0.4060	18.16	0.399455	0.937937	0.007887	0.000066
0.4060	18.53	0.399455	0.941940	0.007180	0.000055
0.4060	18.90	0.399455	0.944332	0.007267	0.000056
0.4060	19.27	0.399455	0.938535	0.004318	0.000020
0.4060	19.63	0.399455	0.939541	0.006955	0.000051
0.4060	20.00	0.399455	0.943455	0.005795	0.000036
0.4503	2.00	0.359668	0.000000	0.000000	0.000000
0.4503	2.37	0.359668	0.000000	0.000000	0.000000
0.4503	2.73	0.359668	0.000000	0.000000	0.000000
0.4503	3.10	0.359668	0.000000	0.000000	0.000000
0.4503	3.47	0.359668	0.000000	0.000000	0.000000
0.4503	3.84	0.359668	0.000000	0.000000	0.000000
0.4503	4.20	0.359668	0.000000	0.000000	0.000000
0.4503	4.57	0.359668	0.000000	0.000000	0.000000
0.4503	4.94	0.359668	0.000000	0.000000	0.000000
0.4503	5.31	0.359668	0.000000	0.000000	0.000000
0.4503	5.67	0.359668	0.000000	0.000000	0.000000
0.4503	6.04	0.359668	0.000000	0.000000	0.000000
0.4503	6.41	0.359668	0.000000	0.000000	0.000000
0.4503	6.78	0.359668	0.000000	0.000000	0.000000
0.4503	7.14	0.359668	0.000000	0.000000	0.000000
0.4503	7.51	0.359668	0.000000	0.000000	0.000000
0.4503	7.88	0.359668	0.000000	0.000000	0.000000
0.4503	8.24	0.359668	0.000000	0.000000	0.000000
0.4503	8.61	0.359668	0.000000	0.000000	0.000000
0.4503	8.98	0.359668	0.000000	0.000000	0.000000
0.4503	9.35	0.359668	0.000000	0.000000	0.000000
0.4503	9.71	0.359668	0.000000	0.000000	0.000000
0.4503	10.08	0.359668	0.000000	0.000000	0.000000
0.4503	10.45	0.359668	0.000000	0.000000	0.000000
0.4503	10.82	0.359668	0.131313	0.044444	0.015043
0.4503	11.18	0.359668	0.092929	0.005151	0.000285
0.4503	11.55	0.359668	0.116919	0.036229	0.011226
0.4503	11.92	0.359668	0.134997	0.067179	0.033430
0.4503	12.29	0.359668	0.153768	0.066332	0.028614
0.4503	12.65	0.359668	0.148188	0.093760	0.059323
0.4503	13.02	0.359668	0.175421	0.093733	0.050084
0.4503	13.39	0.359668	0.260404	0.154551	0.091726
0.4503	13.76	0.359668	0.375136	0.172825	0.079620
0.4503	14.12	0.359668	0.488131	0.148057	0.044908
0.4503	14.49	0.359668	0.577828	0.181761	0.057175
0.4503	14.86	0.359668	0.658931	0.187365	0.053277
0.4503	15.22	0.359668	0.690121	0.125512	0.022827
0.4503	15.59	0.359668	0.758413	0.125941	0.020914
0.4503	15.96	0.359668	0.808889	0.122110	0.018434
0.4503	16.33	0.359668	0.853314	0.034214	0.001372
0.4503	16.69	0.359668	0.854592	0.120713	0.017051
0.4503	17.06	0.359668	0.859125	0.119969	0.016753
0.4503	17.43	0.359668	0.888705	0.031031	0.001084
0.4503	17.80	0.359668	0.899633	0.034278	0.001306
0.4503	18.16	0.359668	0.921166	0.020500	0.000456
0.4503	18.53	0.359668	0.924105	0.026503	0.000760
0.4503	18.90	0.359668	0.935264	0.018797	0.000378
0.4503	19.27	0.359668	0.940831	0.018844	0.000377
0.4503	19.63	0.359668	0.927404	0.016517	0.000294
0.4503	20.00	0.359668	0.930610	0.019501	0.000409
0.4978	2.00	0.418982	0.000000	0.000000	0.000000
0.4978	2.37	0.418982	0.000000	0.000000	0.000000
0.4978	2.73	0.418982	0.000000	0.000000	0.000000
0.4978	3.10	0.418982	0.000000	0.000000	0.000000
0.4978	3.47	0.418982	0.000000	0.000000	0.000000
0.4978	3.84	0.418982	0.000000	0.000000	0.000000
0.4978	4.20	0.418982	0.000000	0.000000	0.000000
0.4978	4.57	0.418982	0.000000	0.000000	0.000000
0.4978	4.94	0.418982	0.000000	0.000000	0.000000
0.4978	5.31	0.418982	0.000000	0.000000	0.000000
0.4978	5.67	0.418982	0.000000	0.000000	0.000000
0.4978	6.04	0.418982	0.000000	0.000000	0.000000
0.4978	6.41	0.418982	0.000000	0.000000	0.000000
0.4978	6.78	0.418982	0.000000	0.000000	0.000000
0.4978	7.14	0.418982	0.000000	0.000000	0.000000
0.4978	7.51	0.418982	0.000000	0.000000	0.000000
0.4978	7.88	0.418982	0.000000	0.000000	0.000000
0.4978	8.24	0.418982	0.000000	0.000000	0.000000
0.4978	8.61	0.418982	0.000000	0.000000	0.000000
0.4978	8.98	0.418982	0.000000	0.000000	0.000000
0.4978	9.35	0.418982	0.000000	0.000000	0.000000
0.4978	9.71	0.418982	0.088115	0.000000	0.000000
0.4978	10.08	0.418982	0.086066	0.004098	0.000195
0.4978	10.45	0.418982	0.086066	0.004806	0.000268
0.4978	10.82	0.418982	0.104918	0.029078	0.008059
0.4978	11.18	0.418982	0.125342	0.044714	0.015951
0.4978	11.55	0.418982	0.124255	0.051821	0.021612
0.4978	11.92	0.418982	0.174821	0.095707	0.052395
0.4978	12.29	0.418982	0.199132	0.125783	0.079452
0.4978	12.65	0.418982	0.350581	0.150340	0.064471
0.4978	13.02	0.418982	0.338064	0.196662	0.114405
0.4978	13.39	0.418982	0.435073	0.186589	0.080022
0.4978	13.76	0.418982	0.534947	0.172057	0.055340
0.4978	14.12	0.418982	0.697314	0.132345	0.025118
0.4978	14.49	0.418982	0.760092	0.038670	0.001967
0.4978	14.86	0.418982	0.788035	0.033363	0.001412
0.4978	15.22	0.418982	0.816623	0.018590	0.000423
0.4978	15.59	0.418982	0.826719	0.021416	0.000555
0.4978	15.96	0.418982	0.824003	0.107508	0.014027
0.4978	16.33	0.418982	0.861156	0.013069	0.000198
0.4978	16.69	0.418982	0.874268	0.009620	0.000106
0.4978	17.06	0.418982	0.879575	0.010287	0.000120
0.4978	17.43	0.418982	0.868424	0.010294	0.000122
0.4978	17.80	0.418982	0.871630	0.013055	0.000196
0.4978	18.16	0.418982	0.888843	0.013379	0.000201
0.4978	18.53	0.418982	0.894171	0.009700	0.000105
0.4978	18.90	0.418982	0.894378	0.007616	0.000065
0.4978	19.27	0.418982	0.897496	0.007826	0.000068
0.4978	19.63	0.418982	0.901230	0.007638	0.000065
0.4978	20.00	0.418982	0.915460	0.007364	0.000059
0.5314	2.00	0.385739	0.000000	0.000000	0.000000
0.5314	2.37	0.385739	0.000000	0.000000	0.000000
0.5314	2.73	0.385739	0.000000	0.000000	0.000000
0.5314	3.10	0.385739	0.000000	0.000000	0.000000
0.5314	3.47	0.385739	0.000000	0.000000	0.000000
0.5314	3.84	0.385739	0.000000	0.000000	0.000000
0.5314	4.20	0.385739	0.000000	0.000000	0.000000
0.5314	4.57	0.385739	0.000000	0.000000	0.000000
0.5314	4.94	0.385739	0.000000	0.000000	0.000000
0.5314	5.31	0.385739	0.000000	0.000000	0.000000
0.5314	5.67	0.385739	0.000000	0.000000	0.000000
0.5314	6.04	0.385739	0.000000	0.000000	0.000000
0.5314	6.41	0.385739	0.000000	0.000000	0.000000
0.5314	6.78	0.385739	0.000000	0.000000	0.000000
0.5314	7.14	0.385739	0.000000	0.000000	0.000000
0.5314	7.51	0.385739	0.000000	0.000000	0.000000
0.5314	7.88	0.385739	0.000000	0.000000	0.000000
0.5314	8.24	0.385739	0.000000	0.000000	0.000000
0.5314	8.61	0.385739	0.000000	0.000000	0.000000
0.5314	8.98	0.385739	0.000000	0.000000	0.000000
0.5314	9.35	0.385739	0.000000	0.000000	0.000000
0.5314	9.71	0.385739	0.000000	0.000000	0.000000
0.5314	10.08	0.385739	0.000000	0.000000	0.000000
0.5314	10.45	0.385739	0.085366	0.000000	0.000000
0.5314	10.82	0.385739	0.120935	0.011179	0.001033
0.5314	11.18	0.385739	0.152033	0.062493	0.025688
0.5314	11.55	0.385739	0.108740	0.039894	0.014636
0.5314	11.92	0.385739	0.165276	0.070430	0.030013
0.5314	12.29	0.385739	0.201545	0.104185	0.053857
0.5314	12.65	0.385739	0.258065	0.144536	0.080951
0.5314	13.02	0.385739	0.190360	0.121348	0.077355
0.5314	13.39	0.385739	0.299422	0.155196	0.080440
0.5314	13.76	0.385739	0.420122	0.169773	0.068606
0.5314	14.12	0.385739	0.493039	0.143984	0.042048
0.5314	14.49	0.385739	0.597892	0.167099	0.046701
0.5314	14.86	0.385739	0.697601	0.088860	0.011319
0.5314	15.22	0.385739	0.744725	0.116737	0.018299
0.5314	15.59	0.385739	0.799700	0.041427	0.002146
0.5314	15.96	0.385739	0.801097	0.114408	0.016339
0.5314	16.33	0.385739	0.844173	0.025100	0.000746
0.5314	16.69	0.385739	0.854793	0.120093	0.016872
0.5314	17.06	0.385739	0.889535	0.019549	0.000430
0.5314	17.43	0.385739	0.893836	0.016182	0.000293
0.5314	17.80	0.385739	0.879720	0.116764	0.015498
0.5314	18.16	0.385739	0.905303	0.012952	0.000185
0.5314	18.53	0.385739	0.916396	0.014020	0.000215
0.5314	18.90	0.385739	0.921138	0.015524	0.000262
0.5314	19.27	0.385739	0.911953	0.017129	0.000322
0.5314	19.63	0.385739	0.926786	0.017280	0.000322
0.5314	20.00	0.385739	0.933987	0.015850	0.000269
