base_sigma	MAX_EXC_WEIGHT	Gini	mean_peaks_height	std_peaks_height	fano_factor
0.0446	2.00	0.875988	0.000000	0.000000	0.000000
0.0446	2.37	0.875988	0.000000	0.000000	0.000000
0.0446	2.73	0.875988	0.000000	0.000000	0.000000
0.0446	3.10	0.875988	0.000000	0.000000	0.000000
0.0446	3.47	0.875988	0.000000	0.000000	0.000000
0.0446	3.84	0.875988	0.000000	0.000000	0.000000
0.0446	4.20	0.875988	0.000000	0.000000	0.000000
0.0446	4.57	0.875988	0.000000	0.000000	0.000000
0.0446	4.94	0.875988	0.000000	0.000000	0.000000
0.0446	5.31	0.875988	0.000000	0.000000	0.000000
0.0446	5.67	0.875988	0.244980	0.000000	0.000000
0.0446	6.04	0.875988	0.937751	0.000000	0.000000
0.0446	6.41	0.875988	0.947791	0.000000	0.000000
0.0446	6.78	0.875988	0.789157	0.336382	0.143385
0.0446	7.14	0.875988	0.970281	0.004649	0.000022
0.0446	7.51	0.875988	0.901606	0.240379	0.064088
0.0446	7.88	0.875988	0.940457	0.173116	0.031867
0.0446	8.24	0.875988	0.945462	0.162676	0.027990
0.0446	8.61	0.875988	0.990522	0.002088	0.000004
0.0446	8.98	0.875988	0.990346	0.001849	0.000003
0.0446	9.35	0.875988	0.989891	0.001787	0.000003
0.0446	9.71	0.875988	0.990413	0.001321	0.000002
0.0446	10.08	0.875988	0.991767	0.000602	0.000000
0.0446	10.45	0.875988	0.991529	0.001720	0.000003
0.0446	10.82	0.875988	0.992658	0.001852	0.000003
0.0446	11.18	0.875988	0.991603	0.001673	0.000003
0.0446	11.55	0.875988	0.991724	0.001463	0.000002
0.0446	11.92	0.875988	0.990751	0.001302	0.000002
0.0446	12.29	0.875988	0.986735	0.001393	0.000002
0.0446	12.65	0.875988	0.987184	0.001757	0.000003
0.0446	13.02	0.875988	0.991495	0.001952	0.000004
0.0446	13.39	0.875988	0.994271	0.000990	0.000001
0.0446	13.76	0.875988	0.992369	0.000803	0.000001
0.0446	14.12	0.875988	0.992427	0.000843	0.000001
0.0446	14.49	0.875988	0.992027	0.000339	0.000000
0.0446	14.86	0.875988	0.993326	0.000939	0.000001
0.0446	15.22	0.875988	0.989192	0.001823	0.000003
0.0446	15.59	0.875988	0.994836	0.001104	0.000001
0.0446	15.96	0.875988	0.994868	0.001202	0.000001
0.0446	16.33	0.875988	0.991785	0.000907	0.000001
0.0446	16.69	0.875988	0.993641	0.000867	0.000001
0.0446	17.06	0.875988	0.993976	0.000000	0.000000
0.0446	17.43	0.875988	0.991124	0.001204	0.000001
0.0446	17.80	0.875988	0.993474	0.000990	0.000001
0.0446	18.16	0.875988	0.992714	0.001278	0.000002
0.0446	18.53	0.875988	0.991616	0.001042	0.000001
0.0446	18.90	0.875988	0.989139	0.001258	0.000002
0.0446	19.27	0.875988	0.991055	0.001129	0.000001
0.0446	19.63	0.875988	0.991140	0.001409	0.000002
0.0446	20.00	0.875988	0.990587	0.001033	0.000001
0.0513	2.00	0.875834	0.000000	0.000000	0.000000
0.0513	2.37	0.875834	0.000000	0.000000	0.000000
0.0513	2.73	0.875834	0.000000	0.000000	0.000000
0.0513	3.10	0.875834	0.000000	0.000000	0.000000
0.0513	3.47	0.875834	0.000000	0.000000	0.000000
0.0513	3.84	0.875834	0.000000	0.000000	0.000000
0.0513	4.20	0.875834	0.000000	0.000000	0.000000
0.0513	4.57	0.875834	0.000000	0.000000	0.000000
0.0513	4.94	0.875834	0.000000	0.000000	0.000000
0.0513	5.31	0.875834	0.000000	0.000000	0.000000
0.0513	5.67	0.875834	0.000000	0.000000	0.000000
0.0513	6.04	0.875834	0.000000	0.000000	0.000000
0.0513	6.41	0.875834	0.619718	0.000000	0.000000
0.0513	6.78	0.875834	0.000000	0.000000	0.000000
0.0513	7.14	0.875834	0.989940	0.002012	0.000004
0.0513	7.51	0.875834	0.597586	0.399966	0.267698
0.0513	7.88	0.875834	0.773709	0.292023	0.110219
0.0513	8.24	0.875834	0.812103	0.344368	0.146027
0.0513	8.61	0.875834	0.938579	0.189274	0.038169
0.0513	8.98	0.875834	0.971131	0.082093	0.006940
0.0513	9.35	0.875834	0.940458	0.205071	0.044717
0.0513	9.71	0.875834	0.995434	0.012015	0.000145
0.0513	10.08	0.875834	0.997780	0.000613	0.000000
0.0513	10.45	0.875834	0.997923	0.000805	0.000001
0.0513	10.82	0.875834	0.998805	0.003726	0.000014
0.0513	11.18	0.875834	0.999941	0.000340	0.000000
0.0513	11.55	0.875834	1.000000	0.000000	0.000000
0.0513	11.92	0.875834	0.999878	0.000690	0.000000
0.0513	12.29	0.875834	0.999598	0.001721	0.000003
0.0513	12.65	0.875834	0.999885	0.000670	0.000000
0.0513	13.02	0.875834	1.000000	0.000000	0.000000
0.0513	13.39	0.875834	1.000000	0.000000	0.000000
0.0513	13.76	0.875834	1.000000	0.000000	0.000000
0.0513	14.12	0.875834	1.000000	0.000000	0.000000
0.0513	14.49	0.875834	1.000000	0.000000	0.000000
0.0513	14.86	0.875834	1.000000	0.000000	0.000000
0.0513	15.22	0.875834	1.000000	0.000000	0.000000
0.0513	15.59	0.875834	1.000000	0.000000	0.000000
0.0513	15.96	0.875834	1.000000	0.000000	0.000000
0.0513	16.33	0.875834	1.000000	0.000000	0.000000
0.0513	16.69	0.875834	1.000000	0.000000	0.000000
0.0513	17.06	0.875834	1.000000	0.000000	0.000000
0.0513	17.43	0.875834	1.000000	0.000000	0.000000
0.0513	17.80	0.875834	1.000000	0.000000	0.000000
0.0513	18.16	0.875834	1.000000	0.000000	0.000000
0.0513	18.53	0.875834	1.000000	0.000000	0.000000
0.0513	18.90	0.875834	1.000000	0.000000	0.000000
0.0513	19.27	0.875834	1.000000	0.000000	0.000000
0.0513	19.63	0.875834	1.000000	0.000000	0.000000
0.0513	20.00	0.875834	1.000000	0.000000	0.000000
0.0571	2.00	0.852852	0.000000	0.000000	0.000000
0.0571	2.37	0.852852	0.000000	0.000000	0.000000
0.0571	2.73	0.852852	0.000000	0.000000	0.000000
0.0571	3.10	0.852852	0.000000	0.000000	0.000000
0.0571	3.47	0.852852	0.000000	0.000000	0.000000
0.0571	3.84	0.852852	0.000000	0.000000	0.000000
0.0571	4.20	0.852852	0.000000	0.000000	0.000000
0.0571	4.57	0.852852	0.000000	0.000000	0.000000
0.0571	4.94	0.852852	0.000000	0.000000	0.000000
0.0571	5.31	0.852852	0.000000	0.000000	0.000000
0.0571	5.67	0.852852	0.000000	0.000000	0.000000
0.0571	6.04	0.852852	0.000000	0.000000	0.000000
0.0571	6.41	0.852852	0.968876	0.001004	0.000001
0.0571	6.78	0.852852	0.774598	0.361427	0.168642
0.0571	7.14	0.852852	0.777555	0.335239	0.144537
0.0571	7.51	0.852852	0.988682	0.003660	0.000014
0.0571	7.88	0.852852	0.991165	0.002295	0.000005
0.0571	8.24	0.852852	0.937626	0.215141	0.049365
0.0571	8.61	0.852852	0.994394	0.001417	0.000002
0.0571	8.98	0.852852	0.995907	0.001304	0.000002
0.0571	9.35	0.852852	0.996127	0.001191	0.000001
0.0571	9.71	0.852852	0.994378	0.000803	0.000001
0.0571	10.08	0.852852	0.994913	0.001002	0.000001
0.0571	10.45	0.852852	0.994624	0.001563	0.000002
0.0571	10.82	0.852852	0.995419	0.001526	0.000002
0.0571	11.18	0.852852	0.997992	0.000000	0.000000
0.0571	11.55	0.852852	0.997992	0.000000	0.000000
0.0571	11.92	0.852852	0.997992	0.001073	0.000001
0.0571	12.29	0.852852	0.997933	0.000594	0.000000
0.0571	12.65	0.852852	0.998049	0.000335	0.000000
0.0571	13.02	0.852852	0.996902	0.001110	0.000001
0.0571	13.39	0.852852	0.997155	0.001195	0.000001
0.0571	13.76	0.852852	0.996430	0.000960	0.000001
0.0571	14.12	0.852852	0.996765	0.001186	0.000001
0.0571	14.49	0.852852	0.997992	0.000000	0.000000
0.0571	14.86	0.852852	0.997992	0.000000	0.000000
0.0571	15.22	0.852852	0.997877	0.000669	0.000000
0.0571	15.59	0.852852	0.998049	0.000585	0.000000
0.0571	15.96	0.852852	0.998159	0.000555	0.000000
0.0571	16.33	0.852852	0.997992	0.000000	0.000000
0.0571	16.69	0.852852	0.997992	0.000000	0.000000
0.0571	17.06	0.852852	0.997992	0.000000	0.000000
0.0571	17.43	0.852852	0.996040	0.000330	0.000000
0.0571	17.80	0.852852	0.995984	0.000000	0.000000
0.0571	18.16	0.852852	0.996672	0.001067	0.000001
0.0571	18.53	0.852852	0.996263	0.000694	0.000000
0.0571	18.90	0.852852	0.997246	0.001082	0.000001
0.0571	19.27	0.852852	0.997992	0.000000	0.000000
0.0571	19.63	0.852852	0.997992	0.000000	0.000000
0.0571	20.00	0.852852	0.997992	0.000000	0.000000
0.0622	2.00	0.847408	0.000000	0.000000	0.000000
0.0622	2.37	0.847408	0.000000	0.000000	0.000000
0.0622	2.73	0.847408	0.000000	0.000000	0.000000
0.0622	3.10	0.847408	0.000000	0.000000	0.000000
0.0622	3.47	0.847408	0.000000	0.000000	0.000000
0.0622	3.84	0.847408	0.000000	0.000000	0.000000
0.0622	4.20	0.847408	0.000000	0.000000	0.000000
0.0622	4.57	0.847408	0.000000	0.000000	0.000000
0.0622	4.94	0.847408	0.000000	0.000000	0.000000
0.0622	5.31	0.847408	0.000000	0.000000	0.000000
0.0622	5.67	0.847408	0.000000	0.000000	0.000000
0.0622	6.04	0.847408	0.000000	0.000000	0.000000
0.0622	6.41	0.847408	0.000000	0.000000	0.000000
0.0622	6.78	0.847408	0.000000	0.000000	0.000000
0.0622	7.14	0.847408	0.109091	0.000000	0.000000
0.0622	7.51	0.847408	0.279192	0.210975	0.159426
0.0622	7.88	0.847408	0.521212	0.285846	0.156765
0.0622	8.24	0.847408	0.680257	0.363128	0.193841
0.0622	8.61	0.847408	0.810101	0.276831	0.094600
0.0622	8.98	0.847408	0.920827	0.215337	0.050357
0.0622	9.35	0.847408	0.994406	0.008222	0.000068
0.0622	9.71	0.847408	0.992352	0.018257	0.000336
0.0622	10.08	0.847408	0.996796	0.003881	0.000015
0.0622	10.45	0.847408	0.998175	0.001729	0.000003
0.0622	10.82	0.847408	0.998714	0.000972	0.000001
0.0622	11.18	0.847408	0.998752	0.000982	0.000001
0.0622	11.55	0.847408	0.997917	0.000352	0.000000
0.0622	11.92	0.847408	0.997980	0.000000	0.000000
0.0622	12.29	0.847408	0.999538	0.000848	0.000001
0.0622	12.65	0.847408	0.999885	0.000469	0.000000
0.0622	13.02	0.847408	1.000000	0.000000	0.000000
0.0622	13.39	0.847408	1.000000	0.000000	0.000000
0.0622	13.76	0.847408	0.997868	0.000463	0.000000
0.0622	14.12	0.847408	1.000000	0.000000	0.000000
0.0622	14.49	0.847408	1.000000	0.000000	0.000000
0.0622	14.86	0.847408	1.000000	0.000000	0.000000
0.0622	15.22	0.847408	1.000000	0.000000	0.000000
0.0622	15.59	0.847408	1.000000	0.000000	0.000000
0.0622	15.96	0.847408	1.000000	0.000000	0.000000
0.0622	16.33	0.847408	0.998139	0.001075	0.000001
0.0622	16.69	0.847408	0.997980	0.001150	0.000001
0.0622	17.06	0.847408	1.000000	0.000000	0.000000
0.0622	17.43	0.847408	1.000000	0.000000	0.000000
0.0622	17.80	0.847408	0.998316	0.000753	0.000001
0.0622	18.16	0.847408	0.997980	0.000000	0.000000
0.0622	18.53	0.847408	1.000000	0.000000	0.000000
0.0622	18.90	0.847408	0.997980	0.000000	0.000000
0.0622	19.27	0.847408	1.000000	0.000000	0.000000
0.0622	19.63	0.847408	1.000000	0.000000	0.000000
0.0622	20.00	0.847408	0.998326	0.000761	0.000001
0.0671	2.00	0.850177	0.000000	0.000000	0.000000
0.0671	2.37	0.850177	0.000000	0.000000	0.000000
0.0671	2.73	0.850177	0.000000	0.000000	0.000000
0.0671	3.10	0.850177	0.000000	0.000000	0.000000
0.0671	3.47	0.850177	0.000000	0.000000	0.000000
0.0671	3.84	0.850177	0.000000	0.000000	0.000000
0.0671	4.20	0.850177	0.000000	0.000000	0.000000
0.0671	4.57	0.850177	0.000000	0.000000	0.000000
0.0671	4.94	0.850177	0.000000	0.000000	0.000000
0.0671	5.31	0.850177	0.000000	0.000000	0.000000
0.0671	5.67	0.850177	0.000000	0.000000	0.000000
0.0671	6.04	0.850177	0.000000	0.000000	0.000000
0.0671	6.41	0.850177	0.000000	0.000000	0.000000
0.0671	6.78	0.850177	0.000000	0.000000	0.000000
0.0671	7.14	0.850177	0.116935	0.000000	0.000000
0.0671	7.51	0.850177	0.393145	0.284274	0.205552
0.0671	7.88	0.850177	0.431452	0.290780	0.195974
0.0671	8.24	0.850177	0.588134	0.233468	0.092678
0.0671	8.61	0.850177	0.691406	0.376750	0.205293
0.0671	8.98	0.850177	0.781800	0.333473	0.142241
0.0671	9.35	0.850177	0.917627	0.221036	0.053243
0.0671	9.71	0.850177	0.953629	0.180539	0.034179
0.0671	10.08	0.850177	0.990927	0.026858	0.000728
0.0671	10.45	0.850177	1.000000	0.000000	0.000000
0.0671	10.82	0.850177	1.000000	0.000000	0.000000
0.0671	11.18	0.850177	0.973968	0.149541	0.022960
0.0671	11.55	0.850177	1.000000	0.000000	0.000000
0.0671	11.92	0.850177	0.999939	0.000346	0.000000
0.0671	12.29	0.850177	1.000000	0.000000	0.000000
0.0671	12.65	0.850177	1.000000	0.000000	0.000000
0.0671	13.02	0.850177	1.000000	0.000000	0.000000
0.0671	13.39	0.850177	1.000000	0.000000	0.000000
0.0671	13.76	0.850177	1.000000	0.000000	0.000000
0.0671	14.12	0.850177	1.000000	0.000000	0.000000
0.0671	14.49	0.850177	0.998256	0.000689	0.000000
0.0671	14.86	0.850177	1.000000	0.000000	0.000000
0.0671	15.22	0.850177	1.000000	0.000000	0.000000
0.0671	15.59	0.850177	1.000000	0.000000	0.000000
0.0671	15.96	0.850177	1.000000	0.000000	0.000000
0.0671	16.33	0.850177	1.000000	0.000000	0.000000
0.0671	16.69	0.850177	1.000000	0.000000	0.000000
0.0671	17.06	0.850177	1.000000	0.000000	0.000000
0.0671	17.43	0.850177	1.000000	0.000000	0.000000
0.0671	17.80	0.850177	1.000000	0.000000	0.000000
0.0671	18.16	0.850177	1.000000	0.000000	0.000000
0.0671	18.53	0.850177	1.000000	0.000000	0.000000
0.0671	18.90	0.850177	1.000000	0.000000	0.000000
0.0671	19.27	0.850177	1.000000	0.000000	0.000000
0.0671	19.63	0.850177	1.000000	0.000000	0.000000
0.0671	20.00	0.850177	1.000000	0.000000	0.000000
0.0718	2.00	0.809136	0.000000	0.000000	0.000000
0.0718	2.37	0.809136	0.000000	0.000000	0.000000
0.0718	2.73	0.809136	0.000000	0.000000	0.000000
0.0718	3.10	0.809136	0.000000	0.000000	0.000000
0.0718	3.47	0.809136	0.000000	0.000000	0.000000
0.0718	3.84	0.809136	0.000000	0.000000	0.000000
0.0718	4.20	0.809136	0.000000	0.000000	0.000000
0.0718	4.57	0.809136	0.000000	0.000000	0.000000
0.0718	4.94	0.809136	0.000000	0.000000	0.000000
0.0718	5.31	0.809136	0.000000	0.000000	0.000000
0.0718	5.67	0.809136	0.000000	0.000000	0.000000
0.0718	6.04	0.809136	0.000000	0.000000	0.000000
0.0718	6.41	0.809136	0.000000	0.000000	0.000000
0.0718	6.78	0.809136	0.000000	0.000000	0.000000
0.0718	7.14	0.809136	0.000000	0.000000	0.000000
0.0718	7.51	0.809136	0.000000	0.000000	0.000000
0.0718	7.88	0.809136	0.198381	0.000000	0.000000
0.0718	8.24	0.809136	0.109312	0.004049	0.000150
0.0718	8.61	0.809136	0.365529	0.238044	0.155021
0.0718	8.98	0.809136	0.514170	0.277040	0.149272
0.0718	9.35	0.809136	0.576555	0.337210	0.197224
0.0718	9.71	0.809136	0.897589	0.239964	0.064153
0.0718	10.08	0.809136	0.985493	0.032207	0.001053
0.0718	10.45	0.809136	0.968658	0.162413	0.027231
0.0718	10.82	0.809136	0.998545	0.001975	0.000004
0.0718	11.18	0.809136	0.999632	0.000781	0.000001
0.0718	11.55	0.809136	1.000000	0.000000	0.000000
0.0718	11.92	0.809136	0.999940	0.000342	0.000000
0.0718	12.29	0.809136	1.000000	0.000000	0.000000
0.0718	12.65	0.809136	1.000000	0.000000	0.000000
0.0718	13.02	0.809136	1.000000	0.000000	0.000000
0.0718	13.39	0.809136	1.000000	0.000000	0.000000
0.0718	13.76	0.809136	1.000000	0.000000	0.000000
0.0718	14.12	0.809136	1.000000	0.000000	0.000000
0.0718	14.49	0.809136	1.000000	0.000000	0.000000
0.0718	14.86	0.809136	1.000000	0.000000	0.000000
0.0718	15.22	0.809136	1.000000	0.000000	0.000000
0.0718	15.59	0.809136	1.000000	0.000000	0.000000
0.0718	15.96	0.809136	1.000000	0.000000	0.000000
0.0718	16.33	0.809136	1.000000	0.000000	0.000000
0.0718	16.69	0.809136	1.000000	0.000000	0.000000
0.0718	17.06	0.809136	1.000000	0.000000	0.000000
0.0718	17.43	0.809136	1.000000	0.000000	0.000000
0.0718	17.80	0.809136	1.000000	0.000000	0.000000
0.0718	18.16	0.809136	1.000000	0.000000	0.000000
0.0718	18.53	0.809136	1.000000	0.000000	0.000000
0.0718	18.90	0.809136	1.000000	0.000000	0.000000
0.0718	19.27	0.809136	1.000000	0.000000	0.000000
0.0718	19.63	0.809136	1.000000	0.000000	0.000000
0.0718	20.00	0.809136	1.000000	0.000000	0.000000
0.0764	2.00	0.804106	0.000000	0.000000	0.000000
0.0764	2.37	0.804106	0.000000	0.000000	0.000000
0.0764	2.73	0.804106	0.000000	0.000000	0.000000
0.0764	3.10	0.804106	0.000000	0.000000	0.000000
0.0764	3.47	0.804106	0.000000	0.000000	0.000000
0.0764	3.84	0.804106	0.000000	0.000000	0.000000
0.0764	4.20	0.804106	0.000000	0.000000	0.000000
0.0764	4.57	0.804106	0.000000	0.000000	0.000000
0.0764	4.94	0.804106	0.000000	0.000000	0.000000
0.0764	5.31	0.804106	0.000000	0.000000	0.000000
0.0764	5.67	0.804106	0.000000	0.000000	0.000000
0.0764	6.04	0.804106	0.000000	0.000000	0.000000
0.0764	6.41	0.804106	0.000000	0.000000	0.000000
0.0764	6.78	0.804106	0.130261	0.000000	0.000000
0.0764	7.14	0.804106	0.889780	0.000000	0.000000
0.0764	7.51	0.804106	0.911824	0.002004	0.000004
0.0764	7.88	0.804106	0.728257	0.309295	0.131359
0.0764	8.24	0.804106	0.612654	0.399662	0.260717
0.0764	8.61	0.804106	0.841683	0.311453	0.115249
0.0764	8.98	0.804106	0.880010	0.292152	0.096991
0.0764	9.35	0.804106	0.990180	0.026623	0.000716
0.0764	9.71	0.804106	0.958397	0.176630	0.032552
0.0764	10.08	0.804106	1.000000	0.000000	0.000000
0.0764	10.45	0.804106	0.973948	0.144334	0.021389
0.0764	10.82	0.804106	0.973259	0.148887	0.022777
0.0764	11.18	0.804106	0.999624	0.001455	0.000002
0.0764	11.55	0.804106	0.999028	0.004219	0.000018
0.0764	11.92	0.804106	0.976836	0.133067	0.018127
0.0764	12.29	0.804106	0.999141	0.003871	0.000015
0.0764	12.65	0.804106	0.999705	0.001204	0.000001
0.0764	13.02	0.804106	0.999885	0.000465	0.000000
0.0764	13.39	0.804106	0.998855	0.005468	0.000030
0.0764	13.76	0.804106	0.999722	0.001647	0.000003
0.0764	14.12	0.804106	0.999722	0.000839	0.000001
0.0764	14.49	0.804106	0.999783	0.001019	0.000001
0.0764	14.86	0.804106	0.999833	0.000988	0.000001
0.0764	15.22	0.804106	1.000000	0.000000	0.000000
0.0764	15.59	0.804106	0.999892	0.000453	0.000000
0.0764	15.96	0.804106	1.000000	0.000000	0.000000
0.0764	16.33	0.804106	1.000000	0.000000	0.000000
0.0764	16.69	0.804106	1.000000	0.000000	0.000000
0.0764	17.06	0.804106	1.000000	0.000000	0.000000
0.0764	17.43	0.804106	1.000000	0.000000	0.000000
0.0764	17.80	0.804106	1.000000	0.000000	0.000000
0.0764	18.16	0.804106	1.000000	0.000000	0.000000
0.0764	18.53	0.804106	1.000000	0.000000	0.000000
0.0764	18.90	0.804106	1.000000	0.000000	0.000000
0.0764	19.27	0.804106	1.000000	0.000000	0.000000
0.0764	19.63	0.804106	1.000000	0.000000	0.000000
0.0764	20.00	0.804106	1.000000	0.000000	0.000000
0.0811	2.00	0.756591	0.000000	0.000000	0.000000
0.0811	2.37	0.756591	0.000000	0.000000	0.000000
0.0811	2.73	0.756591	0.000000	0.000000	0.000000
0.0811	3.10	0.756591	0.000000	0.000000	0.000000
0.0811	3.47	0.756591	0.000000	0.000000	0.000000
0.0811	3.84	0.756591	0.000000	0.000000	0.000000
0.0811	4.20	0.756591	0.000000	0.000000	0.000000
0.0811	4.57	0.756591	0.000000	0.000000	0.000000
0.0811	4.94	0.756591	0.000000	0.000000	0.000000
0.0811	5.31	0.756591	0.000000	0.000000	0.000000
0.0811	5.67	0.756591	0.000000	0.000000	0.000000
0.0811	6.04	0.756591	0.000000	0.000000	0.000000
0.0811	6.41	0.756591	0.000000	0.000000	0.000000
0.0811	6.78	0.756591	0.000000	0.000000	0.000000
0.0811	7.14	0.756591	0.000000	0.000000	0.000000
0.0811	7.51	0.756591	0.000000	0.000000	0.000000
0.0811	7.88	0.756591	0.000000	0.000000	0.000000
0.0811	8.24	0.756591	0.129293	0.000000	0.000000
0.0811	8.61	0.756591	0.134141	0.025316	0.004778
0.0811	8.98	0.756591	0.154113	0.044178	0.012664
0.0811	9.35	0.756591	0.349206	0.256521	0.188436
0.0811	9.71	0.756591	0.486147	0.309002	0.196406
0.0811	10.08	0.756591	0.784242	0.310571	0.122991
0.0811	10.45	0.756591	0.940771	0.170724	0.030982
0.0811	10.82	0.756591	0.854626	0.306510	0.109929
0.0811	11.18	0.756591	0.935549	0.216569	0.050133
0.0811	11.55	0.756591	0.997067	0.001240	0.000002
0.0811	11.92	0.756591	0.996907	0.001427	0.000002
0.0811	12.29	0.756591	0.970615	0.151592	0.023676
0.0811	12.65	0.756591	0.998730	0.001373	0.000002
0.0811	13.02	0.756591	0.998744	0.001357	0.000002
0.0811	13.39	0.756591	0.999607	0.000800	0.000001
0.0811	13.76	0.756591	0.999719	0.000699	0.000000
0.0811	14.12	0.756591	0.999945	0.000328	0.000000
0.0811	14.49	0.756591	1.000000	0.000000	0.000000
0.0811	14.86	0.756591	0.999894	0.000451	0.000000
0.0811	15.22	0.756591	0.999947	0.000323	0.000000
0.0811	15.59	0.756591	0.999896	0.000446	0.000000
0.0811	15.96	0.756591	0.999836	0.000551	0.000000
0.0811	16.33	0.756591	0.996322	0.000775	0.000001
0.0811	16.69	0.756591	0.997980	0.000000	0.000000
0.0811	17.06	0.756591	0.997980	0.000000	0.000000
0.0811	17.43	0.756591	0.996615	0.001156	0.000001
0.0811	17.80	0.756591	0.996724	0.001184	0.000001
0.0811	18.16	0.756591	0.998283	0.000721	0.000001
0.0811	18.53	0.756591	0.998033	0.000323	0.000000
0.0811	18.90	0.756591	0.997980	0.000000	0.000000
0.0811	19.27	0.756591	0.998809	0.000994	0.000001
0.0811	19.63	0.756591	1.000000	0.000000	0.000000
0.0811	20.00	0.756591	1.000000	0.000000	0.000000
0.0858	2.00	0.767076	0.000000	0.000000	0.000000
0.0858	2.37	0.767076	0.000000	0.000000	0.000000
0.0858	2.73	0.767076	0.000000	0.000000	0.000000
0.0858	3.10	0.767076	0.000000	0.000000	0.000000
0.0858	3.47	0.767076	0.000000	0.000000	0.000000
0.0858	3.84	0.767076	0.000000	0.000000	0.000000
0.0858	4.20	0.767076	0.000000	0.000000	0.000000
0.0858	4.57	0.767076	0.000000	0.000000	0.000000
0.0858	4.94	0.767076	0.000000	0.000000	0.000000
0.0858	5.31	0.767076	0.000000	0.000000	0.000000
0.0858	5.67	0.767076	0.000000	0.000000	0.000000
0.0858	6.04	0.767076	0.000000	0.000000	0.000000
0.0858	6.41	0.767076	0.000000	0.000000	0.000000
0.0858	6.78	0.767076	0.000000	0.000000	0.000000
0.0858	7.14	0.767076	0.000000	0.000000	0.000000
0.0858	7.51	0.767076	0.263581	0.000000	0.000000
0.0858	7.88	0.767076	0.818913	0.000000	0.000000
0.0858	8.24	0.767076	0.712274	0.288717	0.117030
0.0858	8.61	0.767076	0.694165	0.387908	0.216767
0.0858	8.98	0.767076	0.801380	0.332381	0.137859
0.0858	9.35	0.767076	0.972904	0.056505	0.003282
0.0858	9.71	0.767076	0.949123	0.176895	0.032969
0.0858	10.08	0.767076	0.997820	0.005321	0.000028
0.0858	10.45	0.767076	0.994108	0.009827	0.000097
0.0858	10.82	0.767076	0.995282	0.010973	0.000121
0.0858	11.18	0.767076	0.998442	0.002832	0.000008
0.0858	11.55	0.767076	0.999026	0.001006	0.000001
0.0858	11.92	0.767076	0.999937	0.000350	0.000000
0.0858	12.29	0.767076	0.999941	0.000340	0.000000
0.0858	12.65	0.767076	0.998639	0.002957	0.000009
0.0858	13.02	0.767076	0.999598	0.000938	0.000001
0.0858	13.39	0.767076	0.999713	0.000704	0.000000
0.0858	13.76	0.767076	1.000000	0.000000	0.000000
0.0858	14.12	0.767076	0.999891	0.000455	0.000000
0.0858	14.49	0.767076	1.000000	0.000000	0.000000
0.0858	14.86	0.767076	1.000000	0.000000	0.000000
0.0858	15.22	0.767076	1.000000	0.000000	0.000000
0.0858	15.59	0.767076	1.000000	0.000000	0.000000
0.0858	15.96	0.767076	1.000000	0.000000	0.000000
0.0858	16.33	0.767076	1.000000	0.000000	0.000000
0.0858	16.69	0.767076	1.000000	0.000000	0.000000
0.0858	17.06	0.767076	1.000000	0.000000	0.000000
0.0858	17.43	0.767076	1.000000	0.000000	0.000000
0.0858	17.80	0.767076	1.000000	0.000000	0.000000
0.0858	18.16	0.767076	1.000000	0.000000	0.000000
0.0858	18.53	0.767076	1.000000	0.000000	0.000000
0.0858	18.90	0.767076	1.000000	0.000000	0.000000
0.0858	19.27	0.767076	1.000000	0.000000	0.000000
0.0858	19.63	0.767076	1.000000	0.000000	0.000000
0.0858	20.00	0.767076	1.000000	0.000000	0.000000
0.0904	2.00	0.756236	0.000000	0.000000	0.000000
0.0904	2.37	0.756236	0.000000	0.000000	0.000000
0.0904	2.73	0.756236	0.000000	0.000000	0.000000
0.0904	3.10	0.756236	0.000000	0.000000	0.000000
0.0904	3.47	0.756236	0.000000	0.000000	0.000000
0.0904	3.84	0.756236	0.000000	0.000000	0.000000
0.0904	4.20	0.756236	0.000000	0.000000	0.000000
0.0904	4.57	0.756236	0.000000	0.000000	0.000000
0.0904	4.94	0.756236	0.000000	0.000000	0.000000
0.0904	5.31	0.756236	0.000000	0.000000	0.000000
0.0904	5.67	0.756236	0.000000	0.000000	0.000000
0.0904	6.04	0.756236	0.000000	0.000000	0.000000
0.0904	6.41	0.756236	0.000000	0.000000	0.000000
0.0904	6.78	0.756236	0.000000	0.000000	0.000000
0.0904	7.14	0.756236	0.117172	0.000000	0.000000
0.0904	7.51	0.756236	0.000000	0.000000	0.000000
0.0904	7.88	0.756236	0.121212	0.000000	0.000000
0.0904	8.24	0.756236	0.150505	0.049495	0.016277
0.0904	8.61	0.756236	0.571140	0.310138	0.168410
0.0904	8.98	0.756236	0.841077	0.236040	0.066242
0.0904	9.35	0.756236	0.958333	0.092847	0.008995
0.0904	9.71	0.756236	0.990797	0.012125	0.000148
0.0904	10.08	0.756236	0.929915	0.224829	0.054358
0.0904	10.45	0.756236	0.960162	0.169197	0.029816
0.0904	10.82	0.756236	0.964242	0.159181	0.026278
0.0904	11.18	0.756236	0.994461	0.001775	0.000003
0.0904	11.55	0.756236	0.993817	0.000693	0.000000
0.0904	11.92	0.756236	0.993824	0.000959	0.000001
0.0904	12.29	0.756236	0.994355	0.000817	0.000001
0.0904	12.65	0.756236	0.996710	0.001089	0.000001
0.0904	13.02	0.756236	0.997215	0.001357	0.000002
0.0904	13.39	0.756236	0.996184	0.000794	0.000001
0.0904	13.76	0.756236	0.998034	0.000328	0.000000
0.0904	14.12	0.756236	0.998089	0.000457	0.000000
0.0904	14.49	0.756236	0.997714	0.001404	0.000002
0.0904	14.86	0.756236	0.998139	0.001259	0.000002
0.0904	15.22	0.756236	0.997927	0.000323	0.000000
0.0904	15.59	0.756236	0.997980	0.000000	0.000000
0.0904	15.96	0.756236	0.997871	0.000457	0.000000
0.0904	16.33	0.756236	0.997980	0.000000	0.000000
0.0904	16.69	0.756236	0.997980	0.000000	0.000000
0.0904	17.06	0.756236	0.997980	0.000000	0.000000
0.0904	17.43	0.756236	0.995414	0.000897	0.000001
0.0904	17.80	0.756236	0.998653	0.000952	0.000001
0.0904	18.16	0.756236	0.998498	0.000882	0.000001
0.0904	18.53	0.756236	0.997980	0.000000	0.000000
0.0904	18.90	0.756236	0.997980	0.000000	0.000000
0.0904	19.27	0.756236	0.997980	0.000000	0.000000
0.0904	19.63	0.756236	0.998352	0.000783	0.000001
0.0904	20.00	0.756236	0.997924	0.000332	0.000000
0.0949	2.00	0.783443	0.000000	0.000000	0.000000
0.0949	2.37	0.783443	0.000000	0.000000	0.000000
0.0949	2.73	0.783443	0.000000	0.000000	0.000000
0.0949	3.10	0.783443	0.000000	0.000000	0.000000
0.0949	3.47	0.783443	0.000000	0.000000	0.000000
0.0949	3.84	0.783443	0.000000	0.000000	0.000000
0.0949	4.20	0.783443	0.000000	0.000000	0.000000
0.0949	4.57	0.783443	0.000000	0.000000	0.000000
0.0949	4.94	0.783443	0.000000	0.000000	0.000000
0.0949	5.31	0.783443	0.000000	0.000000	0.000000
0.0949	5.67	0.783443	0.000000	0.000000	0.000000
0.0949	6.04	0.783443	0.000000	0.000000	0.000000
0.0949	6.41	0.783443	0.000000	0.000000	0.000000
0.0949	6.78	0.783443	0.000000	0.000000	0.000000
0.0949	7.14	0.783443	0.000000	0.000000	0.000000
0.0949	7.51	0.783443	0.000000	0.000000	0.000000
0.0949	7.88	0.783443	0.000000	0.000000	0.000000
0.0949	8.24	0.783443	0.195799	0.105278	0.056606
0.0949	8.61	0.783443	0.325881	0.074897	0.017214
0.0949	8.98	0.783443	0.409645	0.258480	0.163097
0.0949	9.35	0.783443	0.713884	0.320372	0.143774
0.0949	9.71	0.783443	0.834959	0.249783	0.074724
0.0949	10.08	0.783443	0.983001	0.066558	0.004507
0.0949	10.45	0.783443	0.999844	0.000542	0.000000
0.0949	10.82	0.783443	1.000000	0.000000	0.000000
0.0949	11.18	0.783443	1.000000	0.000000	0.000000
0.0949	11.55	0.783443	0.999877	0.000485	0.000000
0.0949	11.92	0.783443	0.973517	0.151777	0.023663
0.0949	12.29	0.783443	1.000000	0.000000	0.000000
0.0949	12.65	0.783443	1.000000	0.000000	0.000000
0.0949	13.02	0.783443	1.000000	0.000000	0.000000
0.0949	13.39	0.783443	1.000000	0.000000	0.000000
0.0949	13.76	0.783443	1.000000	0.000000	0.000000
0.0949	14.12	0.783443	1.000000	0.000000	0.000000
0.0949	14.49	0.783443	1.000000	0.000000	0.000000
0.0949	14.86	0.783443	1.000000	0.000000	0.000000
0.0949	15.22	0.783443	1.000000	0.000000	0.000000
0.0949	15.59	0.783443	1.000000	0.000000	0.000000
0.0949	15.96	0.783443	1.000000	0.000000	0.000000
0.0949	16.33	0.783443	1.000000	0.000000	0.000000
0.0949	16.69	0.783443	1.000000	0.000000	0.000000
0.0949	17.06	0.783443	1.000000	0.000000	0.000000
0.0949	17.43	0.783443	1.000000	0.000000	0.000000
0.0949	17.80	0.783443	1.000000	0.000000	0.000000
0.0949	18.16	0.783443	1.000000	0.000000	0.000000
0.0949	18.53	0.783443	1.000000	0.000000	0.000000
0.0949	18.90	0.783443	1.000000	0.000000	0.000000
0.0949	19.27	0.783443	1.000000	0.000000	0.000000
0.0949	19.63	0.783443	1.000000	0.000000	0.000000
0.0949	20.00	0.783443	1.000000	0.000000	0.000000
0.0992	2.00	0.765171	0.000000	0.000000	0.000000
0.0992	2.37	0.765171	0.000000	0.000000	0.000000
0.0992	2.73	0.765171	0.000000	0.000000	0.000000
0.0992	3.10	0.765171	0.000000	0.000000	0.000000
0.0992	3.47	0.765171	0.000000	0.000000	0.000000
0.0992	3.84	0.765171	0.000000	0.000000	0.000000
0.0992	4.20	0.765171	0.000000	0.000000	0.000000
0.0992	4.57	0.765171	0.000000	0.000000	0.000000
0.0992	4.94	0.765171	0.000000	0.000000	0.000000
0.0992	5.31	0.765171	0.000000	0.000000	0.000000
0.0992	5.67	0.765171	0.000000	0.000000	0.000000
0.0992	6.04	0.765171	0.000000	0.000000	0.000000
0.0992	6.41	0.765171	0.000000	0.000000	0.000000
0.0992	6.78	0.765171	0.000000	0.000000	0.000000
0.0992	7.14	0.765171	0.000000	0.000000	0.000000
0.0992	7.51	0.765171	0.378310	0.274520	0.199205
0.0992	7.88	0.765171	0.191446	0.000000	0.000000
0.0992	8.24	0.765171	0.452817	0.267542	0.158074
0.0992	8.61	0.765171	0.717108	0.361457	0.182192
0.0992	8.98	0.765171	0.843614	0.289575	0.099399
0.0992	9.35	0.765171	0.854512	0.308925	0.111683
0.0992	9.71	0.765171	0.956578	0.164001	0.028117
0.0992	10.08	0.765171	0.995550	0.003921	0.000015
0.0992	10.45	0.765171	0.951392	0.171417	0.030885
0.0992	10.82	0.765171	0.970723	0.153866	0.024389
0.0992	11.18	0.765171	0.974264	0.135636	0.018883
0.0992	11.55	0.765171	0.997569	0.009011	0.000081
0.0992	11.92	0.765171	0.997963	0.006161	0.000038
0.0992	12.29	0.765171	0.998323	0.003219	0.000010
0.0992	12.65	0.765171	0.999161	0.001002	0.000001
0.0992	13.02	0.765171	0.999127	0.001314	0.000002
0.0992	13.39	0.765171	0.999378	0.000938	0.000001
0.0992	13.76	0.765171	1.000000	0.000000	0.000000
0.0992	14.12	0.765171	1.000000	0.000000	0.000000
0.0992	14.49	0.765171	1.000000	0.000000	0.000000
0.0992	14.86	0.765171	1.000000	0.000000	0.000000
0.0992	15.22	0.765171	1.000000	0.000000	0.000000
0.0992	15.59	0.765171	1.000000	0.000000	0.000000
0.0992	15.96	0.765171	0.999890	0.000461	0.000000
0.0992	16.33	0.765171	1.000000	0.000000	0.000000
0.0992	16.69	0.765171	1.000000	0.000000	0.000000
0.0992	17.06	0.765171	1.000000	0.000000	0.000000
0.0992	17.43	0.765171	0.999780	0.000632	0.000000
0.0992	17.80	0.765171	0.999893	0.000455	0.000000
0.0992	18.16	0.765171	0.999839	0.000549	0.000000
0.0992	18.53	0.765171	1.000000	0.000000	0.000000
0.0992	18.90	0.765171	0.999945	0.000330	0.000000
0.0992	19.27	0.765171	1.000000	0.000000	0.000000
0.0992	19.63	0.765171	1.000000	0.000000	0.000000
0.0992	20.00	0.765171	1.000000	0.000000	0.000000
0.1031	2.00	0.740118	0.000000	0.000000	0.000000
0.1031	2.37	0.740118	0.000000	0.000000	0.000000
0.1031	2.73	0.740118	0.000000	0.000000	0.000000
0.1031	3.10	0.740118	0.000000	0.000000	0.000000
0.1031	3.47	0.740118	0.000000	0.000000	0.000000
0.1031	3.84	0.740118	0.000000	0.000000	0.000000
0.1031	4.20	0.740118	0.000000	0.000000	0.000000
0.1031	4.57	0.740118	0.000000	0.000000	0.000000
0.1031	4.94	0.740118	0.000000	0.000000	0.000000
0.1031	5.31	0.740118	0.000000	0.000000	0.000000
0.1031	5.67	0.740118	0.000000	0.000000	0.000000
0.1031	6.04	0.740118	0.000000	0.000000	0.000000
0.1031	6.41	0.740118	0.000000	0.000000	0.000000
0.1031	6.78	0.740118	0.000000	0.000000	0.000000
0.1031	7.14	0.740118	0.000000	0.000000	0.000000
0.1031	7.51	0.740118	0.000000	0.000000	0.000000
0.1031	7.88	0.740118	0.000000	0.000000	0.000000
0.1031	8.24	0.740118	0.627767	0.000000	0.000000
0.1031	8.61	0.740118	0.322602	0.298395	0.276004
0.1031	8.98	0.740118	0.520944	0.321715	0.198679
0.1031	9.35	0.740118	0.577800	0.380723	0.250866
0.1031	9.71	0.740118	0.815996	0.310485	0.118139
0.1031	10.08	0.740118	0.912596	0.236016	0.061039
0.1031	10.45	0.740118	0.960057	0.164650	0.028238
0.1031	10.82	0.740118	0.967737	0.159754	0.026372
0.1031	11.18	0.740118	0.999156	0.003569	0.000013
0.1031	11.55	0.740118	0.999686	0.001137	0.000001
0.1031	11.92	0.740118	0.999882	0.000473	0.000000
0.1031	12.29	0.740118	1.000000	0.000000	0.000000
0.1031	12.65	0.740118	1.000000	0.000000	0.000000
0.1031	13.02	0.740118	1.000000	0.000000	0.000000
0.1031	13.39	0.740118	0.999885	0.000467	0.000000
0.1031	13.76	0.740118	1.000000	0.000000	0.000000
0.1031	14.12	0.740118	1.000000	0.000000	0.000000
0.1031	14.49	0.740118	0.999888	0.000461	0.000000
0.1031	14.86	0.740118	0.999891	0.000455	0.000000
0.1031	15.22	0.740118	1.000000	0.000000	0.000000
0.1031	15.59	0.740118	1.000000	0.000000	0.000000
0.1031	15.96	0.740118	1.000000	0.000000	0.000000
0.1031	16.33	0.740118	1.000000	0.000000	0.000000
0.1031	16.69	0.740118	1.000000	0.000000	0.000000
0.1031	17.06	0.740118	1.000000	0.000000	0.000000
0.1031	17.43	0.740118	1.000000	0.000000	0.000000
0.1031	17.80	0.740118	1.000000	0.000000	0.000000
0.1031	18.16	0.740118	1.000000	0.000000	0.000000
0.1031	18.53	0.740118	1.000000	0.000000	0.000000
0.1031	18.90	0.740118	0.999946	0.000326	0.000000
0.1031	19.27	0.740118	1.000000	0.000000	0.000000
0.1031	19.63	0.740118	1.000000	0.000000	0.000000
0.1031	20.00	0.740118	1.000000	0.000000	0.000000
0.1070	2.00	0.714994	0.000000	0.000000	0.000000
0.1070	2.37	0.714994	0.000000	0.000000	0.000000
0.1070	2.73	0.714994	0.000000	0.000000	0.000000
0.1070	3.10	0.714994	0.000000	0.000000	0.000000
0.1070	3.47	0.714994	0.000000	0.000000	0.000000
0.1070	3.84	0.714994	0.000000	0.000000	0.000000
0.1070	4.20	0.714994	0.000000	0.000000	0.000000
0.1070	4.57	0.714994	0.000000	0.000000	0.000000
0.1070	4.94	0.714994	0.000000	0.000000	0.000000
0.1070	5.31	0.714994	0.000000	0.000000	0.000000
0.1070	5.67	0.714994	0.000000	0.000000	0.000000
0.1070	6.04	0.714994	0.000000	0.000000	0.000000
0.1070	6.41	0.714994	0.000000	0.000000	0.000000
0.1070	6.78	0.714994	0.000000	0.000000	0.000000
0.1070	7.14	0.714994	0.788187	0.000000	0.000000
0.1070	7.51	0.714994	0.105906	0.000000	0.000000
0.1070	7.88	0.714994	0.561100	0.396130	0.279664
0.1070	8.24	0.714994	0.973232	0.009641	0.000096
0.1070	8.61	0.714994	0.915087	0.233696	0.059682
0.1070	8.98	0.714994	0.987984	0.004068	0.000017
0.1070	9.35	0.714994	0.987426	0.006651	0.000045
0.1070	9.71	0.714994	0.987705	0.006890	0.000048
0.1070	10.08	0.714994	0.997163	0.002740	0.000008
0.1070	10.45	0.714994	0.997823	0.001303	0.000002
0.1070	10.82	0.714994	0.995927	0.004359	0.000019
0.1070	11.18	0.714994	0.996563	0.004273	0.000018
0.1070	11.55	0.714994	0.996420	0.004074	0.000017
0.1070	11.92	0.714994	0.998766	0.001732	0.000003
0.1070	12.29	0.714994	0.999321	0.000960	0.000001
0.1070	12.65	0.714994	0.999581	0.000960	0.000001
0.1070	13.02	0.714994	0.999940	0.000344	0.000000
0.1070	13.39	0.714994	0.999942	0.000339	0.000000
0.1070	13.76	0.714994	1.000000	0.000000	0.000000
0.1070	14.12	0.714994	1.000000	0.000000	0.000000
0.1070	14.49	0.714994	0.999942	0.000339	0.000000
0.1070	14.86	0.714994	1.000000	0.000000	0.000000
0.1070	15.22	0.714994	1.000000	0.000000	0.000000
0.1070	15.59	0.714994	1.000000	0.000000	0.000000
0.1070	15.96	0.714994	0.999945	0.000330	0.000000
0.1070	16.33	0.714994	0.999945	0.000330	0.000000
0.1070	16.69	0.714994	1.000000	0.000000	0.000000
0.1070	17.06	0.714994	0.999945	0.000330	0.000000
0.1070	17.43	0.714994	1.000000	0.000000	0.000000
0.1070	17.80	0.714994	1.000000	0.000000	0.000000
0.1070	18.16	0.714994	1.000000	0.000000	0.000000
0.1070	18.53	0.714994	1.000000	0.000000	0.000000
0.1070	18.90	0.714994	0.998349	0.000798	0.000001
0.1070	19.27	0.714994	0.998349	0.000798	0.000001
0.1070	19.63	0.714994	1.000000	0.000000	0.000000
0.1070	20.00	0.714994	1.000000	0.000000	0.000000
0.1109	2.00	0.754875	0.000000	0.000000	0.000000
0.1109	2.37	0.754875	0.000000	0.000000	0.000000
0.1109	2.73	0.754875	0.000000	0.000000	0.000000
0.1109	3.10	0.754875	0.000000	0.000000	0.000000
0.1109	3.47	0.754875	0.000000	0.000000	0.000000
0.1109	3.84	0.754875	0.000000	0.000000	0.000000
0.1109	4.20	0.754875	0.000000	0.000000	0.000000
0.1109	4.57	0.754875	0.000000	0.000000	0.000000
0.1109	4.94	0.754875	0.000000	0.000000	0.000000
0.1109	5.31	0.754875	0.000000	0.000000	0.000000
0.1109	5.67	0.754875	0.000000	0.000000	0.000000
0.1109	6.04	0.754875	0.000000	0.000000	0.000000
0.1109	6.41	0.754875	0.000000	0.000000	0.000000
0.1109	6.78	0.754875	0.482618	0.000000	0.000000
0.1109	7.14	0.754875	0.559049	0.028847	0.001489
0.1109	7.51	0.754875	0.653374	0.155562	0.037038
0.1109	7.88	0.754875	0.846881	0.208097	0.051134
0.1109	8.24	0.754875	0.941207	0.155016	0.025531
0.1109	8.61	0.754875	0.940582	0.188484	0.037770
0.1109	8.98	0.754875	0.952186	0.145331	0.022182
0.1109	9.35	0.754875	0.884628	0.288025	0.093778
0.1109	9.71	0.754875	0.942976	0.178402	0.033752
0.1109	10.08	0.754875	0.999394	0.001652	0.000003
0.1109	10.45	0.754875	0.968230	0.164297	0.027879
0.1109	10.82	0.754875	0.999224	0.003737	0.000014
0.1109	11.18	0.754875	0.999808	0.000596	0.000000
0.1109	11.55	0.754875	0.999938	0.000351	0.000000
0.1109	11.92	0.754875	0.948583	0.208353	0.045764
0.1109	12.29	0.754875	1.000000	0.000000	0.000000
0.1109	12.65	0.754875	0.999825	0.000572	0.000000
0.1109	13.02	0.754875	0.999942	0.000341	0.000000
0.1109	13.39	0.754875	1.000000	0.000000	0.000000
0.1109	13.76	0.754875	1.000000	0.000000	0.000000
0.1109	14.12	0.754875	0.975792	0.145250	0.021621
0.1109	14.49	0.754875	0.999886	0.000468	0.000000
0.1109	14.86	0.754875	1.000000	0.000000	0.000000
0.1109	15.22	0.754875	1.000000	0.000000	0.000000
0.1109	15.59	0.754875	1.000000	0.000000	0.000000
0.1109	15.96	0.754875	1.000000	0.000000	0.000000
0.1109	16.33	0.754875	1.000000	0.000000	0.000000
0.1109	16.69	0.754875	1.000000	0.000000	0.000000
0.1109	17.06	0.754875	1.000000	0.000000	0.000000
0.1109	17.43	0.754875	1.000000	0.000000	0.000000
0.1109	17.80	0.754875	1.000000	0.000000	0.000000
0.1109	18.16	0.754875	1.000000	0.000000	0.000000
0.1109	18.53	0.754875	1.000000	0.000000	0.000000
0.1109	18.90	0.754875	1.000000	0.000000	0.000000
0.1109	19.27	0.754875	1.000000	0.000000	0.000000
0.1109	19.63	0.754875	1.000000	0.000000	0.000000
0.1109	20.00	0.754875	1.000000	0.000000	0.000000
0.1146	2.00	0.727136	0.000000	0.000000	0.000000
0.1146	2.37	0.727136	0.000000	0.000000	0.000000
0.1146	2.73	0.727136	0.000000	0.000000	0.000000
0.1146	3.10	0.727136	0.000000	0.000000	0.000000
0.1146	3.47	0.727136	0.000000	0.000000	0.000000
0.1146	3.84	0.727136	0.000000	0.000000	0.000000
0.1146	4.20	0.727136	0.000000	0.000000	0.000000
0.1146	4.57	0.727136	0.000000	0.000000	0.000000
0.1146	4.94	0.727136	0.000000	0.000000	0.000000
0.1146	5.31	0.727136	0.000000	0.000000	0.000000
0.1146	5.67	0.727136	0.000000	0.000000	0.000000
0.1146	6.04	0.727136	0.000000	0.000000	0.000000
0.1146	6.41	0.727136	0.000000	0.000000	0.000000
0.1146	6.78	0.727136	0.000000	0.000000	0.000000
0.1146	7.14	0.727136	0.000000	0.000000	0.000000
0.1146	7.51	0.727136	0.000000	0.000000	0.000000
0.1146	7.88	0.727136	0.000000	0.000000	0.000000
0.1146	8.24	0.727136	0.750000	0.000000	0.000000
0.1146	8.61	0.727136	0.827913	0.111934	0.015134
0.1146	8.98	0.727136	0.955285	0.042707	0.001909
0.1146	9.35	0.727136	0.900203	0.233215	0.060419
0.1146	9.71	0.727136	0.934531	0.197538	0.041755
0.1146	10.08	0.727136	0.993256	0.002834	0.000008
0.1146	10.45	0.727136	0.958255	0.163019	0.027733
0.1146	10.82	0.727136	0.992096	0.025219	0.000641
0.1146	11.18	0.727136	0.983604	0.035817	0.001304
0.1146	11.55	0.727136	0.994220	0.004404	0.000020
0.1146	11.92	0.727136	0.971425	0.132839	0.018165
0.1146	12.29	0.727136	0.995504	0.004058	0.000017
0.1146	12.65	0.727136	0.997906	0.000348	0.000000
0.1146	13.02	0.727136	0.997906	0.000348	0.000000
0.1146	13.39	0.727136	0.995653	0.000703	0.000000
0.1146	13.76	0.727136	0.995822	0.000466	0.000000
0.1146	14.12	0.727136	0.997089	0.001007	0.000001
0.1146	14.49	0.727136	0.997379	0.000922	0.000001
0.1146	14.86	0.727136	0.997858	0.000460	0.000000
0.1146	15.22	0.727136	0.997914	0.000325	0.000000
0.1146	15.59	0.727136	0.998288	0.000992	0.000001
0.1146	15.96	0.727136	0.998342	0.000788	0.000001
0.1146	16.33	0.727136	0.998663	0.000964	0.000001
0.1146	16.69	0.727136	0.998823	0.001004	0.000001
0.1146	17.06	0.727136	0.997165	0.000993	0.000001
0.1146	17.43	0.727136	0.995518	0.001048	0.000001
0.1146	17.80	0.727136	0.995726	0.001008	0.000001
0.1146	18.16	0.727136	0.997967	0.000000	0.000000
0.1146	18.53	0.727136	0.998395	0.000829	0.000001
0.1146	18.90	0.727136	0.996429	0.000872	0.000001
0.1146	19.27	0.727136	0.996649	0.000970	0.000001
0.1146	19.63	0.727136	0.998128	0.000720	0.000001
0.1146	20.00	0.727136	0.998332	0.000780	0.000001
0.1184	2.00	0.711467	0.000000	0.000000	0.000000
0.1184	2.37	0.711467	0.000000	0.000000	0.000000
0.1184	2.73	0.711467	0.000000	0.000000	0.000000
0.1184	3.10	0.711467	0.000000	0.000000	0.000000
0.1184	3.47	0.711467	0.000000	0.000000	0.000000
0.1184	3.84	0.711467	0.000000	0.000000	0.000000
0.1184	4.20	0.711467	0.000000	0.000000	0.000000
0.1184	4.57	0.711467	0.000000	0.000000	0.000000
0.1184	4.94	0.711467	0.000000	0.000000	0.000000
0.1184	5.31	0.711467	0.000000	0.000000	0.000000
0.1184	5.67	0.711467	0.000000	0.000000	0.000000
0.1184	6.04	0.711467	0.000000	0.000000	0.000000
0.1184	6.41	0.711467	0.000000	0.000000	0.000000
0.1184	6.78	0.711467	0.000000	0.000000	0.000000
0.1184	7.14	0.711467	0.000000	0.000000	0.000000
0.1184	7.51	0.711467	0.000000	0.000000	0.000000
0.1184	7.88	0.711467	0.123732	0.000000	0.000000
0.1184	8.24	0.711467	0.175118	0.055657	0.017689
0.1184	8.61	0.711467	0.207150	0.146955	0.104252
0.1184	8.98	0.711467	0.217039	0.089537	0.036938
0.1184	9.35	0.711467	0.299423	0.253439	0.214517
0.1184	9.71	0.711467	0.720216	0.368350	0.188390
0.1184	10.08	0.711467	0.804813	0.350141	0.152332
0.1184	10.45	0.711467	0.898510	0.256916	0.073461
0.1184	10.82	0.711467	0.996713	0.003929	0.000015
0.1184	11.18	0.711467	0.941054	0.200835	0.042861
0.1184	11.55	0.711467	0.996189	0.001089	0.000001
0.1184	11.92	0.711467	0.997972	0.001964	0.000004
0.1184	12.29	0.711467	0.999239	0.001811	0.000003
0.1184	12.65	0.711467	0.999508	0.001002	0.000001
0.1184	13.02	0.711467	0.995492	0.001275	0.000002
0.1184	13.39	0.711467	0.997102	0.001309	0.000002
0.1184	13.76	0.711467	0.997239	0.001597	0.000003
0.1184	14.12	0.711467	0.997577	0.001902	0.000004
0.1184	14.49	0.711467	0.999680	0.000740	0.000001
0.1184	14.86	0.711467	0.996151	0.000615	0.000000
0.1184	15.22	0.711467	0.996099	0.000541	0.000000
0.1184	15.59	0.711467	0.999561	0.000959	0.000001
0.1184	15.96	0.711467	0.999680	0.000740	0.000001
0.1184	16.33	0.711467	0.999948	0.000321	0.000000
0.1184	16.69	0.711467	0.999947	0.000325	0.000000
0.1184	17.06	0.711467	0.997171	0.001095	0.000001
0.1184	17.43	0.711467	0.998772	0.000991	0.000001
0.1184	17.80	0.711467	0.998719	0.000978	0.000001
0.1184	18.16	0.711467	0.998284	0.001081	0.000001
0.1184	18.53	0.711467	0.999584	0.000819	0.000001
0.1184	18.90	0.711467	0.999671	0.000748	0.000001
0.1184	19.27	0.711467	0.999896	0.000447	0.000000
0.1184	19.63	0.711467	0.999948	0.000321	0.000000
0.1184	20.00	0.711467	0.998078	0.000453	0.000000
0.1222	2.00	0.702852	0.000000	0.000000	0.000000
0.1222	2.37	0.702852	0.000000	0.000000	0.000000
0.1222	2.73	0.702852	0.000000	0.000000	0.000000
0.1222	3.10	0.702852	0.000000	0.000000	0.000000
0.1222	3.47	0.702852	0.000000	0.000000	0.000000
0.1222	3.84	0.702852	0.000000	0.000000	0.000000
0.1222	4.20	0.702852	0.000000	0.000000	0.000000
0.1222	4.57	0.702852	0.000000	0.000000	0.000000
0.1222	4.94	0.702852	0.000000	0.000000	0.000000
0.1222	5.31	0.702852	0.000000	0.000000	0.000000
0.1222	5.67	0.702852	0.000000	0.000000	0.000000
0.1222	6.04	0.702852	0.000000	0.000000	0.000000
0.1222	6.41	0.702852	0.000000	0.000000	0.000000
0.1222	6.78	0.702852	0.000000	0.000000	0.000000
0.1222	7.14	0.702852	0.000000	0.000000	0.000000
0.1222	7.51	0.702852	0.000000	0.000000	0.000000
0.1222	7.88	0.702852	0.485887	0.000000	0.000000
0.1222	8.24	0.702852	0.950941	0.018133	0.000346
0.1222	8.61	0.702852	0.692742	0.364101	0.191369
0.1222	8.98	0.702852	0.988213	0.006269	0.000040
0.1222	9.35	0.702852	0.918179	0.245869	0.065839
0.1222	9.71	0.702852	0.948960	0.199446	0.041918
0.1222	10.08	0.702852	0.931452	0.227597	0.055612
0.1222	10.45	0.702852	0.966769	0.154895	0.024817
0.1222	10.82	0.702852	0.996102	0.003715	0.000014
0.1222	11.18	0.702852	0.968683	0.157053	0.025463
0.1222	11.55	0.702852	0.998488	0.001746	0.000003
0.1222	11.92	0.702852	0.970010	0.151780	0.023749
0.1222	12.29	0.702852	0.998695	0.001283	0.000002
0.1222	12.65	0.702852	0.999712	0.000705	0.000000
0.1222	13.02	0.702852	0.999941	0.000341	0.000000
0.1222	13.39	0.702852	1.000000	0.000000	0.000000
0.1222	13.76	0.702852	1.000000	0.000000	0.000000
0.1222	14.12	0.702852	1.000000	0.000000	0.000000
0.1222	14.49	0.702852	1.000000	0.000000	0.000000
0.1222	14.86	0.702852	0.999946	0.000327	0.000000
0.1222	15.22	0.702852	1.000000	0.000000	0.000000
0.1222	15.59	0.702852	0.999947	0.000323	0.000000
0.1222	15.96	0.702852	1.000000	0.000000	0.000000
0.1222	16.33	0.702852	1.000000	0.000000	0.000000
0.1222	16.69	0.702852	1.000000	0.000000	0.000000
0.1222	17.06	0.702852	1.000000	0.000000	0.000000
0.1222	17.43	0.702852	1.000000	0.000000	0.000000
0.1222	17.80	0.702852	1.000000	0.000000	0.000000
0.1222	18.16	0.702852	1.000000	0.000000	0.000000
0.1222	18.53	0.702852	1.000000	0.000000	0.000000
0.1222	18.90	0.702852	1.000000	0.000000	0.000000
0.1222	19.27	0.702852	1.000000	0.000000	0.000000
0.1222	19.63	0.702852	1.000000	0.000000	0.000000
0.1222	20.00	0.702852	1.000000	0.000000	0.000000
0.1265	2.00	0.677857	0.000000	0.000000	0.000000
0.1265	2.37	0.677857	0.000000	0.000000	0.000000
0.1265	2.73	0.677857	0.000000	0.000000	0.000000
0.1265	3.10	0.677857	0.000000	0.000000	0.000000
0.1265	3.47	0.677857	0.000000	0.000000	0.000000
0.1265	3.84	0.677857	0.000000	0.000000	0.000000
0.1265	4.20	0.677857	0.000000	0.000000	0.000000
0.1265	4.57	0.677857	0.000000	0.000000	0.000000
0.1265	4.94	0.677857	0.000000	0.000000	0.000000
0.1265	5.31	0.677857	0.000000	0.000000	0.000000
0.1265	5.67	0.677857	0.000000	0.000000	0.000000
0.1265	6.04	0.677857	0.000000	0.000000	0.000000
0.1265	6.41	0.677857	0.000000	0.000000	0.000000
0.1265	6.78	0.677857	0.000000	0.000000	0.000000
0.1265	7.14	0.677857	0.000000	0.000000	0.000000
0.1265	7.51	0.677857	0.214724	0.000000	0.000000
0.1265	7.88	0.677857	0.331288	0.000000	0.000000
0.1265	8.24	0.677857	0.472393	0.000000	0.000000
0.1265	8.61	0.677857	0.366053	0.241056	0.158741
0.1265	8.98	0.677857	0.609151	0.322635	0.170882
0.1265	9.35	0.677857	0.858640	0.277589	0.089741
0.1265	9.71	0.677857	0.876755	0.300583	0.103050
0.1265	10.08	0.677857	0.949306	0.189062	0.037653
0.1265	10.45	0.677857	0.938965	0.210404	0.047147
0.1265	10.82	0.677857	0.998584	0.003961	0.000016
0.1265	11.18	0.677857	0.999455	0.000904	0.000001
0.1265	11.55	0.677857	0.999808	0.000596	0.000000
0.1265	11.92	0.677857	0.999938	0.000351	0.000000
0.1265	12.29	0.677857	0.998786	0.001605	0.000003
0.1265	12.65	0.677857	0.999579	0.000964	0.000001
0.1265	13.02	0.677857	1.000000	0.000000	0.000000
0.1265	13.39	0.677857	1.000000	0.000000	0.000000
0.1265	13.76	0.677857	0.999766	0.000651	0.000000
0.1265	14.12	0.677857	0.999943	0.000336	0.000000
0.1265	14.49	0.677857	1.000000	0.000000	0.000000
0.1265	14.86	0.677857	1.000000	0.000000	0.000000
0.1265	15.22	0.677857	1.000000	0.000000	0.000000
0.1265	15.59	0.677857	1.000000	0.000000	0.000000
0.1265	15.96	0.677857	1.000000	0.000000	0.000000
0.1265	16.33	0.677857	1.000000	0.000000	0.000000
0.1265	16.69	0.677857	1.000000	0.000000	0.000000
0.1265	17.06	0.677857	1.000000	0.000000	0.000000
0.1265	17.43	0.677857	1.000000	0.000000	0.000000
0.1265	17.80	0.677857	1.000000	0.000000	0.000000
0.1265	18.16	0.677857	1.000000	0.000000	0.000000
0.1265	18.53	0.677857	1.000000	0.000000	0.000000
0.1265	18.90	0.677857	1.000000	0.000000	0.000000
0.1265	19.27	0.677857	1.000000	0.000000	0.000000
0.1265	19.63	0.677857	0.999946	0.000327	0.000000
0.1265	20.00	0.677857	0.999945	0.000332	0.000000
0.1310	2.00	0.660828	0.000000	0.000000	0.000000
0.1310	2.37	0.660828	0.000000	0.000000	0.000000
0.1310	2.73	0.660828	0.000000	0.000000	0.000000
0.1310	3.10	0.660828	0.000000	0.000000	0.000000
0.1310	3.47	0.660828	0.000000	0.000000	0.000000
0.1310	3.84	0.660828	0.000000	0.000000	0.000000
0.1310	4.20	0.660828	0.000000	0.000000	0.000000
0.1310	4.57	0.660828	0.000000	0.000000	0.000000
0.1310	4.94	0.660828	0.000000	0.000000	0.000000
0.1310	5.31	0.660828	0.000000	0.000000	0.000000
0.1310	5.67	0.660828	0.000000	0.000000	0.000000
0.1310	6.04	0.660828	0.000000	0.000000	0.000000
0.1310	6.41	0.660828	0.000000	0.000000	0.000000
0.1310	6.78	0.660828	0.000000	0.000000	0.000000
0.1310	7.14	0.660828	0.000000	0.000000	0.000000
0.1310	7.51	0.660828	0.000000	0.000000	0.000000
0.1310	7.88	0.660828	0.115542	0.015337	0.002036
0.1310	8.24	0.660828	0.156237	0.041116	0.010820
0.1310	8.61	0.660828	0.337131	0.291465	0.251985
0.1310	8.98	0.660828	0.818405	0.353536	0.152721
0.1310	9.35	0.660828	0.699523	0.376360	0.202491
0.1310	9.71	0.660828	0.998182	0.006534	0.000043
0.1310	10.08	0.660828	0.896099	0.282607	0.089127
0.1310	10.45	0.660828	0.999346	0.003206	0.000010
0.1310	10.82	0.660828	0.943400	0.215589	0.049267
0.1310	11.18	0.660828	1.000000	0.000000	0.000000
0.1310	11.55	0.660828	1.000000	0.000000	0.000000
0.1310	11.92	0.660828	1.000000	0.000000	0.000000
0.1310	12.29	0.660828	1.000000	0.000000	0.000000
0.1310	12.65	0.660828	1.000000	0.000000	0.000000
0.1310	13.02	0.660828	1.000000	0.000000	0.000000
0.1310	13.39	0.660828	1.000000	0.000000	0.000000
0.1310	13.76	0.660828	1.000000	0.000000	0.000000
0.1310	14.12	0.660828	1.000000	0.000000	0.000000
0.1310	14.49	0.660828	1.000000	0.000000	0.000000
0.1310	14.86	0.660828	1.000000	0.000000	0.000000
0.1310	15.22	0.660828	1.000000	0.000000	0.000000
0.1310	15.59	0.660828	1.000000	0.000000	0.000000
0.1310	15.96	0.660828	1.000000	0.000000	0.000000
0.1310	16.33	0.660828	1.000000	0.000000	0.000000
0.1310	16.69	0.660828	1.000000	0.000000	0.000000
0.1310	17.06	0.660828	1.000000	0.000000	0.000000
0.1310	17.43	0.660828	1.000000	0.000000	0.000000
0.1310	17.80	0.660828	1.000000	0.000000	0.000000
0.1310	18.16	0.660828	1.000000	0.000000	0.000000
0.1310	18.53	0.660828	1.000000	0.000000	0.000000
0.1310	18.90	0.660828	1.000000	0.000000	0.000000
0.1310	19.27	0.660828	1.000000	0.000000	0.000000
0.1310	19.63	0.660828	1.000000	0.000000	0.000000
0.1310	20.00	0.660828	1.000000	0.000000	0.000000
0.1358	2.00	0.636000	0.000000	0.000000	0.000000
0.1358	2.37	0.636000	0.000000	0.000000	0.000000
0.1358	2.73	0.636000	0.000000	0.000000	0.000000
0.1358	3.10	0.636000	0.000000	0.000000	0.000000
0.1358	3.47	0.636000	0.000000	0.000000	0.000000
0.1358	3.84	0.636000	0.000000	0.000000	0.000000
0.1358	4.20	0.636000	0.000000	0.000000	0.000000
0.1358	4.57	0.636000	0.000000	0.000000	0.000000
0.1358	4.94	0.636000	0.000000	0.000000	0.000000
0.1358	5.31	0.636000	0.000000	0.000000	0.000000
0.1358	5.67	0.636000	0.000000	0.000000	0.000000
0.1358	6.04	0.636000	0.000000	0.000000	0.000000
0.1358	6.41	0.636000	0.000000	0.000000	0.000000
0.1358	6.78	0.636000	0.000000	0.000000	0.000000
0.1358	7.14	0.636000	0.000000	0.000000	0.000000
0.1358	7.51	0.636000	0.000000	0.000000	0.000000
0.1358	7.88	0.636000	0.000000	0.000000	0.000000
0.1358	8.24	0.636000	0.245902	0.000000	0.000000
0.1358	8.61	0.636000	0.145492	0.000000	0.000000
0.1358	8.98	0.636000	0.209699	0.077478	0.028626
0.1358	9.35	0.636000	0.189208	0.087746	0.040693
0.1358	9.71	0.636000	0.153689	0.039675	0.010242
0.1358	10.08	0.636000	0.417520	0.314676	0.237165
0.1358	10.45	0.636000	0.860553	0.185666	0.040058
0.1358	10.82	0.636000	0.880328	0.254031	0.073304
0.1358	11.18	0.636000	0.849986	0.247914	0.072309
0.1358	11.55	0.636000	0.959158	0.154610	0.024922
0.1358	11.92	0.636000	0.994051	0.002168	0.000005
0.1358	12.29	0.636000	0.998634	0.001485	0.000002
0.1358	12.65	0.636000	0.999216	0.001113	0.000001
0.1358	13.02	0.636000	0.997014	0.001327	0.000002
0.1358	13.39	0.636000	0.997609	0.001025	0.000001
0.1358	13.76	0.636000	0.997723	0.000939	0.000001
0.1358	14.12	0.636000	0.999886	0.000674	0.000000
0.1358	14.49	0.636000	0.976812	0.141048	0.020367
0.1358	14.86	0.636000	0.999834	0.000559	0.000000
0.1358	15.22	0.636000	1.000000	0.000000	0.000000
0.1358	15.59	0.636000	0.999058	0.001021	0.000001
0.1358	15.96	0.636000	0.999191	0.001002	0.000001
0.1358	16.33	0.636000	1.000000	0.000000	0.000000
0.1358	16.69	0.636000	1.000000	0.000000	0.000000
0.1358	17.06	0.636000	0.999842	0.000546	0.000000
0.1358	17.43	0.636000	0.999846	0.000540	0.000000
0.1358	17.80	0.636000	1.000000	0.000000	0.000000
0.1358	18.16	0.636000	1.000000	0.000000	0.000000
0.1358	18.53	0.636000	0.998760	0.001002	0.000001
0.1358	18.90	0.636000	1.000000	0.000000	0.000000
0.1358	19.27	0.636000	1.000000	0.000000	0.000000
0.1358	19.63	0.636000	1.000000	0.000000	0.000000
0.1358	20.00	0.636000	1.000000	0.000000	0.000000
0.1408	2.00	0.692000	0.000000	0.000000	0.000000
0.1408	2.37	0.692000	0.000000	0.000000	0.000000
0.1408	2.73	0.692000	0.000000	0.000000	0.000000
0.1408	3.10	0.692000	0.000000	0.000000	0.000000
0.1408	3.47	0.692000	0.000000	0.000000	0.000000
0.1408	3.84	0.692000	0.000000	0.000000	0.000000
0.1408	4.20	0.692000	0.000000	0.000000	0.000000
0.1408	4.57	0.692000	0.000000	0.000000	0.000000
0.1408	4.94	0.692000	0.000000	0.000000	0.000000
0.1408	5.31	0.692000	0.000000	0.000000	0.000000
0.1408	5.67	0.692000	0.000000	0.000000	0.000000
0.1408	6.04	0.692000	0.000000	0.000000	0.000000
0.1408	6.41	0.692000	0.000000	0.000000	0.000000
0.1408	6.78	0.692000	0.000000	0.000000	0.000000
0.1408	7.14	0.692000	0.000000	0.000000	0.000000
0.1408	7.51	0.692000	0.000000	0.000000	0.000000
0.1408	7.88	0.692000	0.000000	0.000000	0.000000
0.1408	8.24	0.692000	0.148374	0.000000	0.000000
0.1408	8.61	0.692000	0.290650	0.000000	0.000000
0.1408	8.98	0.692000	0.455285	0.158537	0.055205
0.1408	9.35	0.692000	0.321138	0.153784	0.073642
0.1408	9.71	0.692000	0.493394	0.231785	0.108887
0.1408	10.08	0.692000	0.676684	0.311844	0.143711
0.1408	10.45	0.692000	0.838789	0.237966	0.067512
0.1408	10.82	0.692000	0.816179	0.299374	0.109810
0.1408	11.18	0.692000	0.862258	0.255685	0.075818
0.1408	11.55	0.692000	0.849661	0.288767	0.098141
0.1408	11.92	0.692000	0.909192	0.230966	0.058673
0.1408	12.29	0.692000	0.909493	0.220921	0.053663
0.1408	12.65	0.692000	0.930402	0.205047	0.045189
0.1408	13.02	0.692000	0.947213	0.172867	0.031548
0.1408	13.39	0.692000	0.938460	0.184120	0.036123
0.1408	13.76	0.692000	0.981594	0.041228	0.001732
0.1408	14.12	0.692000	0.985998	0.028775	0.000840
0.1408	14.49	0.692000	0.992309	0.012468	0.000157
0.1408	14.86	0.692000	0.994672	0.009746	0.000095
0.1408	15.22	0.692000	0.970884	0.134309	0.018580
0.1408	15.59	0.692000	0.998502	0.003511	0.000012
0.1408	15.96	0.692000	0.997764	0.008904	0.000079
0.1408	16.33	0.692000	0.977494	0.133124	0.018130
0.1408	16.69	0.692000	0.999390	0.002413	0.000006
0.1408	17.06	0.692000	0.999543	0.001606	0.000003
0.1408	17.43	0.692000	0.999207	0.001950	0.000004
0.1408	17.80	0.692000	0.999593	0.000931	0.000001
0.1408	18.16	0.692000	0.999848	0.000702	0.000000
0.1408	18.53	0.692000	0.999949	0.000317	0.000000
0.1408	18.90	0.692000	0.999695	0.000856	0.000001
0.1408	19.27	0.692000	0.999848	0.000535	0.000000
0.1408	19.63	0.692000	0.999797	0.000760	0.000001
0.1408	20.00	0.692000	1.000000	0.000000	0.000000
0.1458	2.00	0.659573	0.000000	0.000000	0.000000
0.1458	2.37	0.659573	0.000000	0.000000	0.000000
0.1458	2.73	0.659573	0.000000	0.000000	0.000000
0.1458	3.10	0.659573	0.000000	0.000000	0.000000
0.1458	3.47	0.659573	0.000000	0.000000	0.000000
0.1458	3.84	0.659573	0.000000	0.000000	0.000000
0.1458	4.20	0.659573	0.000000	0.000000	0.000000
0.1458	4.57	0.659573	0.000000	0.000000	0.000000
0.1458	4.94	0.659573	0.000000	0.000000	0.000000
0.1458	5.31	0.659573	0.000000	0.000000	0.000000
0.1458	5.67	0.659573	0.000000	0.000000	0.000000
0.1458	6.04	0.659573	0.000000	0.000000	0.000000
0.1458	6.41	0.659573	0.000000	0.000000	0.000000
0.1458	6.78	0.659573	0.000000	0.000000	0.000000
0.1458	7.14	0.659573	0.000000	0.000000	0.000000
0.1458	7.51	0.659573	0.000000	0.000000	0.000000
0.1458	7.88	0.659573	0.000000	0.000000	0.000000
0.1458	8.24	0.659573	0.000000	0.000000	0.000000
0.1458	8.61	0.659573	0.121951	0.000000	0.000000
0.1458	8.98	0.659573	0.166667	0.058943	0.020846
0.1458	9.35	0.659573	0.399390	0.224593	0.126298
0.1458	9.71	0.659573	0.606562	0.320881	0.169751
0.1458	10.08	0.659573	0.758130	0.352099	0.163525
0.1458	10.45	0.659573	0.899458	0.231195	0.059426
0.1458	10.82	0.659573	0.823086	0.311995	0.118264
0.1458	11.18	0.659573	0.929012	0.220988	0.052567
0.1458	11.55	0.659573	0.959785	0.157621	0.025885
0.1458	11.92	0.659573	0.995190	0.012413	0.000155
0.1458	12.29	0.659573	0.997228	0.009713	0.000095
0.1458	12.65	0.659573	0.998326	0.003537	0.000013
0.1458	13.02	0.659573	0.974913	0.143513	0.021126
0.1458	13.39	0.659573	0.975779	0.143293	0.021042
0.1458	13.76	0.659573	1.000000	0.000000	0.000000
0.1458	14.12	0.659573	0.999944	0.000334	0.000000
0.1458	14.49	0.659573	1.000000	0.000000	0.000000
0.1458	14.86	0.659573	0.999341	0.001062	0.000001
0.1458	15.22	0.659573	0.999451	0.000903	0.000001
0.1458	15.59	0.659573	1.000000	0.000000	0.000000
0.1458	15.96	0.659573	1.000000	0.000000	0.000000
0.1458	16.33	0.659573	0.999635	0.000906	0.000001
0.1458	16.69	0.659573	0.999797	0.000610	0.000000
0.1458	17.06	0.659573	1.000000	0.000000	0.000000
0.1458	17.43	0.659573	1.000000	0.000000	0.000000
0.1458	17.80	0.659573	1.000000	0.000000	0.000000
0.1458	18.16	0.659573	1.000000	0.000000	0.000000
0.1458	18.53	0.659573	1.000000	0.000000	0.000000
0.1458	18.90	0.659573	1.000000	0.000000	0.000000
0.1458	19.27	0.659573	1.000000	0.000000	0.000000
0.1458	19.63	0.659573	1.000000	0.000000	0.000000
0.1458	20.00	0.659573	1.000000	0.000000	0.000000
0.1506	2.00	0.615301	0.000000	0.000000	0.000000
0.1506	2.37	0.615301	0.000000	0.000000	0.000000
0.1506	2.73	0.615301	0.000000	0.000000	0.000000
0.1506	3.10	0.615301	0.000000	0.000000	0.000000
0.1506	3.47	0.615301	0.000000	0.000000	0.000000
0.1506	3.84	0.615301	0.000000	0.000000	0.000000
0.1506	4.20	0.615301	0.000000	0.000000	0.000000
0.1506	4.57	0.615301	0.000000	0.000000	0.000000
0.1506	4.94	0.615301	0.000000	0.000000	0.000000
0.1506	5.31	0.615301	0.000000	0.000000	0.000000
0.1506	5.67	0.615301	0.000000	0.000000	0.000000
0.1506	6.04	0.615301	0.000000	0.000000	0.000000
0.1506	6.41	0.615301	0.000000	0.000000	0.000000
0.1506	6.78	0.615301	0.000000	0.000000	0.000000
0.1506	7.14	0.615301	0.000000	0.000000	0.000000
0.1506	7.51	0.615301	0.000000	0.000000	0.000000
0.1506	7.88	0.615301	0.000000	0.000000	0.000000
0.1506	8.24	0.615301	0.000000	0.000000	0.000000
0.1506	8.61	0.615301	0.159509	0.000000	0.000000
0.1506	8.98	0.615301	0.220859	0.049080	0.010907
0.1506	9.35	0.615301	0.422729	0.280053	0.185532
0.1506	9.71	0.615301	0.532848	0.345188	0.223619
0.1506	10.08	0.615301	0.778221	0.299198	0.115031
0.1506	10.45	0.615301	0.829840	0.313084	0.118121
0.1506	10.82	0.615301	0.861255	0.305062	0.108055
0.1506	11.18	0.615301	0.946027	0.192945	0.039352
0.1506	11.55	0.615301	0.998417	0.007267	0.000053
0.1506	11.92	0.615301	0.999504	0.002138	0.000005
0.1506	12.29	0.615301	1.000000	0.000000	0.000000
0.1506	12.65	0.615301	1.000000	0.000000	0.000000
0.1506	13.02	0.615301	1.000000	0.000000	0.000000
0.1506	13.39	0.615301	1.000000	0.000000	0.000000
0.1506	13.76	0.615301	1.000000	0.000000	0.000000
0.1506	14.12	0.615301	1.000000	0.000000	0.000000
0.1506	14.49	0.615301	1.000000	0.000000	0.000000
0.1506	14.86	0.615301	1.000000	0.000000	0.000000
0.1506	15.22	0.615301	0.999946	0.000327	0.000000
0.1506	15.59	0.615301	1.000000	0.000000	0.000000
0.1506	15.96	0.615301	1.000000	0.000000	0.000000
0.1506	16.33	0.615301	1.000000	0.000000	0.000000
0.1506	16.69	0.615301	1.000000	0.000000	0.000000
0.1506	17.06	0.615301	1.000000	0.000000	0.000000
0.1506	17.43	0.615301	1.000000	0.000000	0.000000
0.1506	17.80	0.615301	1.000000	0.000000	0.000000
0.1506	18.16	0.615301	1.000000	0.000000	0.000000
0.1506	18.53	0.615301	1.000000	0.000000	0.000000
0.1506	18.90	0.615301	1.000000	0.000000	0.000000
0.1506	19.27	0.615301	1.000000	0.000000	0.000000
0.1506	19.63	0.615301	1.000000	0.000000	0.000000
0.1506	20.00	0.615301	1.000000	0.000000	0.000000
0.1557	2.00	0.597076	0.000000	0.000000	0.000000
0.1557	2.37	0.597076	0.000000	0.000000	0.000000
0.1557	2.73	0.597076	0.000000	0.000000	0.000000
0.1557	3.10	0.597076	0.000000	0.000000	0.000000
0.1557	3.47	0.597076	0.000000	0.000000	0.000000
0.1557	3.84	0.597076	0.000000	0.000000	0.000000
0.1557	4.20	0.597076	0.000000	0.000000	0.000000
0.1557	4.57	0.597076	0.000000	0.000000	0.000000
0.1557	4.94	0.597076	0.000000	0.000000	0.000000
0.1557	5.31	0.597076	0.000000	0.000000	0.000000
0.1557	5.67	0.597076	0.000000	0.000000	0.000000
0.1557	6.04	0.597076	0.000000	0.000000	0.000000
0.1557	6.41	0.597076	0.000000	0.000000	0.000000
0.1557	6.78	0.597076	0.000000	0.000000	0.000000
0.1557	7.14	0.597076	0.000000	0.000000	0.000000
0.1557	7.51	0.597076	0.000000	0.000000	0.000000
0.1557	7.88	0.597076	0.000000	0.000000	0.000000
0.1557	8.24	0.597076	0.000000	0.000000	0.000000
0.1557	8.61	0.597076	0.142088	0.025571	0.004602
0.1557	8.98	0.597076	0.433670	0.230092	0.122080
0.1557	9.35	0.597076	0.690909	0.103203	0.015416
0.1557	9.71	0.597076	0.760202	0.219970	0.063650
0.1557	10.08	0.597076	0.841414	0.196540	0.045908
0.1557	10.45	0.597076	0.884945	0.176542	0.035219
0.1557	10.82	0.597076	0.966545	0.015949	0.000263
0.1557	11.18	0.597076	0.974643	0.005728	0.000034
0.1557	11.55	0.597076	0.980696	0.003174	0.000010
0.1557	11.92	0.597076	0.946275	0.145343	0.022324
0.1557	12.29	0.597076	0.946758	0.144347	0.022008
0.1557	12.65	0.597076	0.949985	0.145669	0.022337
0.1557	13.02	0.597076	0.985281	0.009856	0.000099
0.1557	13.39	0.597076	0.988571	0.002895	0.000008
0.1557	13.76	0.597076	0.983146	0.031102	0.000984
0.1557	14.12	0.597076	0.985410	0.020152	0.000412
0.1557	14.49	0.597076	0.990005	0.002070	0.000004
0.1557	14.86	0.597076	0.987772	0.015812	0.000253
0.1557	15.22	0.597076	0.996332	0.001662	0.000003
0.1557	15.59	0.597076	0.996119	0.003156	0.000010
0.1557	15.96	0.597076	0.993089	0.006018	0.000036
0.1557	16.33	0.597076	0.993939	0.002968	0.000009
0.1557	16.69	0.597076	0.996917	0.001839	0.000003
0.1557	17.06	0.597076	0.997342	0.002457	0.000006
0.1557	17.43	0.597076	0.995354	0.001702	0.000003
0.1557	17.80	0.597076	0.995649	0.001683	0.000003
0.1557	18.16	0.597076	0.997424	0.001916	0.000004
0.1557	18.53	0.597076	0.997669	0.001413	0.000002
0.1557	18.90	0.597076	0.997980	0.000000	0.000000
0.1557	19.27	0.597076	0.997980	0.000000	0.000000
0.1557	19.63	0.597076	0.996667	0.000964	0.000001
0.1557	20.00	0.597076	0.996788	0.001094	0.000001
0.1612	2.00	0.671609	0.000000	0.000000	0.000000
0.1612	2.37	0.671609	0.000000	0.000000	0.000000
0.1612	2.73	0.671609	0.000000	0.000000	0.000000
0.1612	3.10	0.671609	0.000000	0.000000	0.000000
0.1612	3.47	0.671609	0.000000	0.000000	0.000000
0.1612	3.84	0.671609	0.000000	0.000000	0.000000
0.1612	4.20	0.671609	0.000000	0.000000	0.000000
0.1612	4.57	0.671609	0.000000	0.000000	0.000000
0.1612	4.94	0.671609	0.000000	0.000000	0.000000
0.1612	5.31	0.671609	0.000000	0.000000	0.000000
0.1612	5.67	0.671609	0.000000	0.000000	0.000000
0.1612	6.04	0.671609	0.000000	0.000000	0.000000
0.1612	6.41	0.671609	0.000000	0.000000	0.000000
0.1612	6.78	0.671609	0.000000	0.000000	0.000000
0.1612	7.14	0.671609	0.000000	0.000000	0.000000
0.1612	7.51	0.671609	0.000000	0.000000	0.000000
0.1612	7.88	0.671609	0.000000	0.000000	0.000000
0.1612	8.24	0.671609	0.108830	0.000000	0.000000
0.1612	8.61	0.671609	0.266256	0.142799	0.076586
0.1612	8.98	0.671609	0.290994	0.168656	0.097750
0.1612	9.35	0.671609	0.467762	0.363120	0.281887
0.1612	9.71	0.671609	0.805065	0.349992	0.152154
0.1612	10.08	0.671609	0.955412	0.185198	0.035899
0.1612	10.45	0.671609	0.962868	0.167002	0.028965
0.1612	10.82	0.671609	0.853981	0.314421	0.115764
0.1612	11.18	0.671609	0.968319	0.154822	0.024754
0.1612	11.55	0.671609	0.940187	0.217801	0.050455
0.1612	11.92	0.671609	0.999932	0.000369	0.000000
0.1612	12.29	0.671609	0.999743	0.000679	0.000000
0.1612	12.65	0.671609	0.999940	0.000347	0.000000
0.1612	13.02	0.671609	1.000000	0.000000	0.000000
0.1612	13.39	0.671609	1.000000	0.000000	0.000000
0.1612	13.76	0.671609	1.000000	0.000000	0.000000
0.1612	14.12	0.671609	1.000000	0.000000	0.000000
0.1612	14.49	0.671609	1.000000	0.000000	0.000000
0.1612	14.86	0.671609	1.000000	0.000000	0.000000
0.1612	15.22	0.671609	1.000000	0.000000	0.000000
0.1612	15.59	0.671609	1.000000	0.000000	0.000000
0.1612	15.96	0.671609	0.999947	0.000325	0.000000
0.1612	16.33	0.671609	1.000000	0.000000	0.000000
0.1612	16.69	0.671609	1.000000	0.000000	0.000000
0.1612	17.06	0.671609	1.000000	0.000000	0.000000
0.1612	17.43	0.671609	1.000000	0.000000	0.000000
0.1612	17.80	0.671609	1.000000	0.000000	0.000000
0.1612	18.16	0.671609	1.000000	0.000000	0.000000
0.1612	18.53	0.671609	1.000000	0.000000	0.000000
0.1612	18.90	0.671609	1.000000	0.000000	0.000000
0.1612	19.27	0.671609	1.000000	0.000000	0.000000
0.1612	19.63	0.671609	1.000000	0.000000	0.000000
0.1612	20.00	0.671609	1.000000	0.000000	0.000000
0.1675	2.00	0.530000	0.000000	0.000000	0.000000
0.1675	2.37	0.530000	0.000000	0.000000	0.000000
0.1675	2.73	0.530000	0.000000	0.000000	0.000000
0.1675	3.10	0.530000	0.000000	0.000000	0.000000
0.1675	3.47	0.530000	0.000000	0.000000	0.000000
0.1675	3.84	0.530000	0.000000	0.000000	0.000000
0.1675	4.20	0.530000	0.000000	0.000000	0.000000
0.1675	4.57	0.530000	0.000000	0.000000	0.000000
0.1675	4.94	0.530000	0.000000	0.000000	0.000000
0.1675	5.31	0.530000	0.000000	0.000000	0.000000
0.1675	5.67	0.530000	0.000000	0.000000	0.000000
0.1675	6.04	0.530000	0.000000	0.000000	0.000000
0.1675	6.41	0.530000	0.000000	0.000000	0.000000
0.1675	6.78	0.530000	0.000000	0.000000	0.000000
0.1675	7.14	0.530000	0.000000	0.000000	0.000000
0.1675	7.51	0.530000	0.117172	0.000000	0.000000
0.1675	7.88	0.530000	0.175758	0.000000	0.000000
0.1675	8.24	0.530000	0.000000	0.000000	0.000000
0.1675	8.61	0.530000	0.127273	0.000000	0.000000
0.1675	8.98	0.530000	0.167677	0.000000	0.000000
0.1675	9.35	0.530000	0.141414	0.000000	0.000000
0.1675	9.71	0.530000	0.208081	0.061820	0.018366
0.1675	10.08	0.530000	0.225589	0.149168	0.098635
0.1675	10.45	0.530000	0.684470	0.301394	0.132713
0.1675	10.82	0.530000	0.783838	0.292526	0.109170
0.1675	11.18	0.530000	0.735745	0.336091	0.153527
0.1675	11.55	0.530000	0.704293	0.325691	0.150612
0.1675	11.92	0.530000	0.874074	0.252954	0.073204
0.1675	12.29	0.530000	0.992677	0.010098	0.000103
0.1675	12.65	0.530000	0.995068	0.002256	0.000005
0.1675	13.02	0.530000	0.995484	0.002453	0.000006
0.1675	13.39	0.530000	0.997576	0.001728	0.000003
0.1675	13.76	0.530000	0.997864	0.000469	0.000000
0.1675	14.12	0.530000	0.997106	0.001290	0.000002
0.1675	14.49	0.530000	0.997488	0.000867	0.000001
0.1675	14.86	0.530000	0.998135	0.000538	0.000000
0.1675	15.22	0.530000	0.998291	0.000729	0.000001
0.1675	15.59	0.530000	0.998083	0.000446	0.000000
0.1675	15.96	0.530000	0.998342	0.000775	0.000001
0.1675	16.33	0.530000	0.998384	0.000808	0.000001
0.1675	16.69	0.530000	0.997980	0.000000	0.000000
0.1675	17.06	0.530000	0.997980	0.000000	0.000000
0.1675	17.43	0.530000	0.998446	0.000851	0.000001
0.1675	17.80	0.530000	0.998384	0.000808	0.000001
0.1675	18.16	0.530000	0.997980	0.000000	0.000000
0.1675	18.53	0.530000	0.998473	0.000868	0.000001
0.1675	18.90	0.530000	0.998701	0.000968	0.000001
0.1675	19.27	0.530000	0.997980	0.000000	0.000000
0.1675	19.63	0.530000	0.997980	0.000000	0.000000
0.1675	20.00	0.530000	0.997980	0.000000	0.000000
0.1741	2.00	0.659550	0.000000	0.000000	0.000000
0.1741	2.37	0.659550	0.000000	0.000000	0.000000
0.1741	2.73	0.659550	0.000000	0.000000	0.000000
0.1741	3.10	0.659550	0.000000	0.000000	0.000000
0.1741	3.47	0.659550	0.000000	0.000000	0.000000
0.1741	3.84	0.659550	0.000000	0.000000	0.000000
0.1741	4.20	0.659550	0.000000	0.000000	0.000000
0.1741	4.57	0.659550	0.000000	0.000000	0.000000
0.1741	4.94	0.659550	0.000000	0.000000	0.000000
0.1741	5.31	0.659550	0.000000	0.000000	0.000000
0.1741	5.67	0.659550	0.000000	0.000000	0.000000
0.1741	6.04	0.659550	0.000000	0.000000	0.000000
0.1741	6.41	0.659550	0.000000	0.000000	0.000000
0.1741	6.78	0.659550	0.000000	0.000000	0.000000
0.1741	7.14	0.659550	0.000000	0.000000	0.000000
0.1741	7.51	0.659550	0.148374	0.038618	0.010051
0.1741	7.88	0.659550	0.729167	0.061083	0.005117
0.1741	8.24	0.659550	0.846037	0.124133	0.018213
0.1741	8.61	0.659550	0.827671	0.261640	0.082708
0.1741	8.98	0.659550	0.806504	0.344944	0.147534
0.1741	9.35	0.659550	0.923216	0.202985	0.044630
0.1741	9.71	0.659550	0.921579	0.242676	0.063903
0.1741	10.08	0.659550	0.994215	0.003020	0.000009
0.1741	10.45	0.659550	0.961452	0.154193	0.024729
0.1741	10.82	0.659550	0.999720	0.000701	0.000000
0.1741	11.18	0.659550	0.999934	0.000359	0.000000
0.1741	11.55	0.659550	0.948386	0.202433	0.043209
0.1741	11.92	0.659550	0.997205	0.013755	0.000190
0.1741	12.29	0.659550	0.994799	0.028821	0.000835
0.1741	12.65	0.659550	0.999701	0.001406	0.000002
0.1741	13.02	0.659550	0.999884	0.000677	0.000000
0.1741	13.39	0.659550	0.999831	0.000738	0.000001
0.1741	13.76	0.659550	0.999890	0.000460	0.000000
0.1741	14.12	0.659550	1.000000	0.000000	0.000000
0.1741	14.49	0.659550	1.000000	0.000000	0.000000
0.1741	14.86	0.659550	1.000000	0.000000	0.000000
0.1741	15.22	0.659550	0.999945	0.000330	0.000000
0.1741	15.59	0.659550	1.000000	0.000000	0.000000
0.1741	15.96	0.659550	0.999780	0.000631	0.000000
0.1741	16.33	0.659550	0.999890	0.000460	0.000000
0.1741	16.69	0.659550	1.000000	0.000000	0.000000
0.1741	17.06	0.659550	1.000000	0.000000	0.000000
0.1741	17.43	0.659550	1.000000	0.000000	0.000000
0.1741	17.80	0.659550	1.000000	0.000000	0.000000
0.1741	18.16	0.659550	0.999947	0.000325	0.000000
0.1741	18.53	0.659550	1.000000	0.000000	0.000000
0.1741	18.90	0.659550	1.000000	0.000000	0.000000
0.1741	19.27	0.659550	1.000000	0.000000	0.000000
0.1741	19.63	0.659550	1.000000	0.000000	0.000000
0.1741	20.00	0.659550	1.000000	0.000000	0.000000
0.1802	2.00	0.500201	0.000000	0.000000	0.000000
0.1802	2.37	0.500201	0.000000	0.000000	0.000000
0.1802	2.73	0.500201	0.000000	0.000000	0.000000
0.1802	3.10	0.500201	0.000000	0.000000	0.000000
0.1802	3.47	0.500201	0.000000	0.000000	0.000000
0.1802	3.84	0.500201	0.000000	0.000000	0.000000
0.1802	4.20	0.500201	0.000000	0.000000	0.000000
0.1802	4.57	0.500201	0.000000	0.000000	0.000000
0.1802	4.94	0.500201	0.000000	0.000000	0.000000
0.1802	5.31	0.500201	0.000000	0.000000	0.000000
0.1802	5.67	0.500201	0.000000	0.000000	0.000000
0.1802	6.04	0.500201	0.000000	0.000000	0.000000
0.1802	6.41	0.500201	0.000000	0.000000	0.000000
0.1802	6.78	0.500201	0.000000	0.000000	0.000000
0.1802	7.14	0.500201	0.000000	0.000000	0.000000
0.1802	7.51	0.500201	0.000000	0.000000	0.000000
0.1802	7.88	0.500201	0.000000	0.000000	0.000000
0.1802	8.24	0.500201	0.000000	0.000000	0.000000
0.1802	8.61	0.500201	0.000000	0.000000	0.000000
0.1802	8.98	0.500201	0.000000	0.000000	0.000000
0.1802	9.35	0.500201	0.000000	0.000000	0.000000
0.1802	9.71	0.500201	0.116935	0.003292	0.000093
0.1802	10.08	0.500201	0.245565	0.133110	0.072153
0.1802	10.45	0.500201	0.316801	0.234010	0.172855
0.1802	10.82	0.500201	0.470622	0.309758	0.203879
0.1802	11.18	0.500201	0.594859	0.331751	0.185017
0.1802	11.55	0.500201	0.823899	0.281252	0.096010
0.1802	11.92	0.500201	0.947451	0.156041	0.025699
0.1802	12.29	0.500201	0.961127	0.149860	0.023366
0.1802	12.65	0.500201	0.990675	0.002124	0.000005
0.1802	13.02	0.500201	0.990530	0.003235	0.000011
0.1802	13.39	0.500201	0.991359	0.001902	0.000004
0.1802	13.76	0.500201	0.994232	0.001514	0.000002
0.1802	14.12	0.500201	0.995072	0.001536	0.000002
0.1802	14.49	0.500201	0.995296	0.002071	0.000004
0.1802	14.86	0.500201	0.994727	0.002022	0.000004
0.1802	15.22	0.500201	0.995013	0.002300	0.000005
0.1802	15.59	0.500201	0.996233	0.001546	0.000002
0.1802	15.96	0.500201	0.996711	0.001563	0.000002
0.1802	16.33	0.500201	0.995502	0.001795	0.000003
0.1802	16.69	0.500201	0.995916	0.001547	0.000002
0.1802	17.06	0.500201	0.995766	0.001176	0.000001
0.1802	17.43	0.500201	0.995665	0.001464	0.000002
0.1802	17.80	0.500201	0.996270	0.000720	0.000001
0.1802	18.16	0.500201	0.996361	0.000799	0.000001
0.1802	18.53	0.500201	0.997329	0.001139	0.000001
0.1802	18.90	0.500201	0.997177	0.001337	0.000002
0.1802	19.27	0.500201	0.995673	0.000713	0.000001
0.1802	19.63	0.500201	0.995968	0.000451	0.000000
0.1802	20.00	0.500201	0.994304	0.001418	0.000002
0.1858	2.00	0.635147	0.000000	0.000000	0.000000
0.1858	2.37	0.635147	0.000000	0.000000	0.000000
0.1858	2.73	0.635147	0.000000	0.000000	0.000000
0.1858	3.10	0.635147	0.000000	0.000000	0.000000
0.1858	3.47	0.635147	0.000000	0.000000	0.000000
0.1858	3.84	0.635147	0.000000	0.000000	0.000000
0.1858	4.20	0.635147	0.000000	0.000000	0.000000
0.1858	4.57	0.635147	0.000000	0.000000	0.000000
0.1858	4.94	0.635147	0.000000	0.000000	0.000000
0.1858	5.31	0.635147	0.000000	0.000000	0.000000
0.1858	5.67	0.635147	0.000000	0.000000	0.000000
0.1858	6.04	0.635147	0.000000	0.000000	0.000000
0.1858	6.41	0.635147	0.000000	0.000000	0.000000
0.1858	6.78	0.635147	0.000000	0.000000	0.000000
0.1858	7.14	0.635147	0.000000	0.000000	0.000000
0.1858	7.51	0.635147	0.447368	0.000000	0.000000
0.1858	7.88	0.635147	0.694332	0.263158	0.099739
0.1858	8.24	0.635147	0.891194	0.135059	0.020468
0.1858	8.61	0.635147	0.967059	0.010680	0.000118
0.1858	8.98	0.635147	0.972925	0.005397	0.000030
0.1858	9.35	0.635147	0.980668	0.004637	0.000022
0.1858	9.71	0.635147	0.989438	0.004047	0.000017
0.1858	10.08	0.635147	0.958424	0.170251	0.030243
0.1858	10.45	0.635147	0.993552	0.005110	0.000026
0.1858	10.82	0.635147	0.991135	0.002402	0.000006
0.1858	11.18	0.635147	0.993089	0.002523	0.000006
0.1858	11.55	0.635147	0.994580	0.003348	0.000011
0.1858	11.92	0.635147	0.995215	0.002381	0.000006
0.1858	12.29	0.635147	0.970648	0.146792	0.022199
0.1858	12.65	0.635147	0.996070	0.001091	0.000001
0.1858	13.02	0.635147	0.996125	0.000567	0.000000
0.1858	13.39	0.635147	0.994582	0.001174	0.000001
0.1858	13.76	0.635147	0.994737	0.001205	0.000001
0.1858	14.12	0.635147	0.995200	0.001459	0.000002
0.1858	14.49	0.635147	0.998851	0.001528	0.000002
0.1858	14.86	0.635147	0.999325	0.000954	0.000001
0.1858	15.22	0.635147	0.998687	0.001075	0.000001
0.1858	15.59	0.635147	0.998763	0.001195	0.000001
0.1858	15.96	0.635147	0.998851	0.001204	0.000001
0.1858	16.33	0.635147	0.999094	0.001108	0.000001
0.1858	16.69	0.635147	0.999562	0.000833	0.000001
0.1858	17.06	0.635147	0.999726	0.000692	0.000000
0.1858	17.43	0.635147	0.999948	0.000320	0.000000
0.1858	17.80	0.635147	1.000000	0.000000	0.000000
0.1858	18.16	0.635147	1.000000	0.000000	0.000000
0.1858	18.53	0.635147	1.000000	0.000000	0.000000
0.1858	18.90	0.635147	1.000000	0.000000	0.000000
0.1858	19.27	0.635147	1.000000	0.000000	0.000000
0.1858	19.63	0.635147	1.000000	0.000000	0.000000
0.1858	20.00	0.635147	1.000000	0.000000	0.000000
0.1912	2.00	0.486272	0.000000	0.000000	0.000000
0.1912	2.37	0.486272	0.000000	0.000000	0.000000
0.1912	2.73	0.486272	0.000000	0.000000	0.000000
0.1912	3.10	0.486272	0.000000	0.000000	0.000000
0.1912	3.47	0.486272	0.000000	0.000000	0.000000
0.1912	3.84	0.486272	0.000000	0.000000	0.000000
0.1912	4.20	0.486272	0.000000	0.000000	0.000000
0.1912	4.57	0.486272	0.000000	0.000000	0.000000
0.1912	4.94	0.486272	0.000000	0.000000	0.000000
0.1912	5.31	0.486272	0.000000	0.000000	0.000000
0.1912	5.67	0.486272	0.000000	0.000000	0.000000
0.1912	6.04	0.486272	0.000000	0.000000	0.000000
0.1912	6.41	0.486272	0.000000	0.000000	0.000000
0.1912	6.78	0.486272	0.000000	0.000000	0.000000
0.1912	7.14	0.486272	0.000000	0.000000	0.000000
0.1912	7.51	0.486272	0.000000	0.000000	0.000000
0.1912	7.88	0.486272	0.000000	0.000000	0.000000
0.1912	8.24	0.486272	0.000000	0.000000	0.000000
0.1912	8.61	0.486272	0.000000	0.000000	0.000000
0.1912	8.98	0.486272	0.000000	0.000000	0.000000
0.1912	9.35	0.486272	0.242424	0.000000	0.000000
0.1912	9.71	0.486272	0.278211	0.094409	0.032037
0.1912	10.08	0.486272	0.364141	0.149508	0.061384
0.1912	10.45	0.486272	0.496825	0.244913	0.120732
0.1912	10.82	0.486272	0.442929	0.170876	0.065921
0.1912	11.18	0.486272	0.654637	0.170368	0.044338
0.1912	11.55	0.486272	0.770839	0.236185	0.072367
0.1912	11.92	0.486272	0.894781	0.084585	0.007996
0.1912	12.29	0.486272	0.917677	0.156761	0.026779
0.1912	12.65	0.486272	0.961095	0.028680	0.000856
0.1912	13.02	0.486272	0.949937	0.149647	0.023575
0.1912	13.39	0.486272	0.981402	0.010217	0.000106
0.1912	13.76	0.486272	0.970483	0.038808	0.001552
0.1912	14.12	0.486272	0.978283	0.025524	0.000666
0.1912	14.49	0.486272	0.936959	0.180774	0.034878
0.1912	14.86	0.486272	0.988623	0.004848	0.000024
0.1912	15.22	0.486272	0.988293	0.008826	0.000079
0.1912	15.59	0.486272	0.987666	0.003643	0.000013
0.1912	15.96	0.486272	0.988034	0.004719	0.000023
0.1912	16.33	0.486272	0.991919	0.002093	0.000004
0.1912	16.69	0.486272	0.992264	0.001940	0.000004
0.1912	17.06	0.486272	0.989495	0.002523	0.000006
0.1912	17.43	0.486272	0.990342	0.002117	0.000005
0.1912	17.80	0.486272	0.990983	0.001552	0.000002
0.1912	18.16	0.486272	0.991279	0.001217	0.000001
0.1912	18.53	0.486272	0.991525	0.000917	0.000001
0.1912	18.90	0.486272	0.993200	0.001530	0.000002
0.1912	19.27	0.486272	0.993555	0.000908	0.000001
0.1912	19.63	0.486272	0.993314	0.001358	0.000002
0.1912	20.00	0.486272	0.994038	0.000435	0.000000
0.1971	2.00	0.574165	0.000000	0.000000	0.000000
0.1971	2.37	0.574165	0.000000	0.000000	0.000000
0.1971	2.73	0.574165	0.000000	0.000000	0.000000
0.1971	3.10	0.574165	0.000000	0.000000	0.000000
0.1971	3.47	0.574165	0.000000	0.000000	0.000000
0.1971	3.84	0.574165	0.000000	0.000000	0.000000
0.1971	4.20	0.574165	0.000000	0.000000	0.000000
0.1971	4.57	0.574165	0.000000	0.000000	0.000000
0.1971	4.94	0.574165	0.000000	0.000000	0.000000
0.1971	5.31	0.574165	0.000000	0.000000	0.000000
0.1971	5.67	0.574165	0.000000	0.000000	0.000000
0.1971	6.04	0.574165	0.000000	0.000000	0.000000
0.1971	6.41	0.574165	0.000000	0.000000	0.000000
0.1971	6.78	0.574165	0.000000	0.000000	0.000000
0.1971	7.14	0.574165	0.000000	0.000000	0.000000
0.1971	7.51	0.574165	0.000000	0.000000	0.000000
0.1971	7.88	0.574165	0.000000	0.000000	0.000000
0.1971	8.24	0.574165	0.000000	0.000000	0.000000
0.1971	8.61	0.574165	0.000000	0.000000	0.000000
0.1971	8.98	0.574165	0.000000	0.000000	0.000000
0.1971	9.35	0.574165	0.100000	0.000000	0.000000
0.1971	9.71	0.574165	0.394898	0.242645	0.149093
0.1971	10.08	0.574165	0.530884	0.367915	0.254973
0.1971	10.45	0.574165	0.775705	0.325666	0.136725
0.1971	10.82	0.574165	0.883090	0.252140	0.071991
0.1971	11.18	0.574165	0.894055	0.266320	0.079331
0.1971	11.55	0.574165	0.966138	0.168667	0.029446
0.1971	11.92	0.574165	0.970680	0.156757	0.025315
0.1971	12.29	0.574165	0.999864	0.000509	0.000000
0.1971	12.65	0.574165	0.999936	0.000355	0.000000
0.1971	13.02	0.574165	0.998887	0.001338	0.000002
0.1971	13.39	0.574165	0.999417	0.000922	0.000001
0.1971	13.76	0.574165	0.999534	0.000986	0.000001
0.1971	14.12	0.574165	0.999546	0.000848	0.000001
0.1971	14.49	0.574165	0.999559	0.000840	0.000001
0.1971	14.86	0.574165	1.000000	0.000000	0.000000
0.1971	15.22	0.574165	1.000000	0.000000	0.000000
0.1971	15.59	0.574165	1.000000	0.000000	0.000000
0.1971	15.96	0.574165	0.999893	0.000456	0.000000
0.1971	16.33	0.574165	0.999839	0.000550	0.000000
0.1971	16.69	0.574165	1.000000	0.000000	0.000000
0.1971	17.06	0.574165	1.000000	0.000000	0.000000
0.1971	17.43	0.574165	1.000000	0.000000	0.000000
0.1971	17.80	0.574165	1.000000	0.000000	0.000000
0.1971	18.16	0.574165	1.000000	0.000000	0.000000
0.1971	18.53	0.574165	1.000000	0.000000	0.000000
0.1971	18.90	0.574165	1.000000	0.000000	0.000000
0.1971	19.27	0.574165	0.977237	0.140320	0.020148
0.1971	19.63	0.574165	1.000000	0.000000	0.000000
0.1971	20.00	0.574165	1.000000	0.000000	0.000000
0.2047	2.00	0.568579	0.000000	0.000000	0.000000
0.2047	2.37	0.568579	0.000000	0.000000	0.000000
0.2047	2.73	0.568579	0.000000	0.000000	0.000000
0.2047	3.10	0.568579	0.000000	0.000000	0.000000
0.2047	3.47	0.568579	0.000000	0.000000	0.000000
0.2047	3.84	0.568579	0.000000	0.000000	0.000000
0.2047	4.20	0.568579	0.000000	0.000000	0.000000
0.2047	4.57	0.568579	0.000000	0.000000	0.000000
0.2047	4.94	0.568579	0.000000	0.000000	0.000000
0.2047	5.31	0.568579	0.000000	0.000000	0.000000
0.2047	5.67	0.568579	0.000000	0.000000	0.000000
0.2047	6.04	0.568579	0.000000	0.000000	0.000000
0.2047	6.41	0.568579	0.000000	0.000000	0.000000
0.2047	6.78	0.568579	0.000000	0.000000	0.000000
0.2047	7.14	0.568579	0.753535	0.000000	0.000000
0.2047	7.51	0.568579	0.854545	0.000000	0.000000
0.2047	7.88	0.568579	0.910438	0.018094	0.000360
0.2047	8.24	0.568579	0.788283	0.321494	0.131118
0.2047	8.61	0.568579	0.776566	0.330303	0.140490
0.2047	8.98	0.568579	0.839105	0.295395	0.103989
0.2047	9.35	0.568579	0.967045	0.008166	0.000069
0.2047	9.71	0.568579	0.977140	0.004819	0.000024
0.2047	10.08	0.568579	0.973562	0.003716	0.000014
0.2047	10.45	0.568579	0.975383	0.003435	0.000012
0.2047	10.82	0.568579	0.984444	0.002911	0.000009
0.2047	11.18	0.568579	0.987311	0.003282	0.000011
0.2047	11.55	0.568579	0.988246	0.003003	0.000009
0.2047	11.92	0.568579	0.993327	0.001826	0.000003
0.2047	12.29	0.568579	0.994118	0.001024	0.000001
0.2047	12.65	0.568579	0.996257	0.001776	0.000003
0.2047	13.02	0.568579	0.996494	0.001495	0.000002
0.2047	13.39	0.568579	0.996939	0.001659	0.000003
0.2047	13.76	0.568579	0.996791	0.001634	0.000003
0.2047	14.12	0.568579	0.997518	0.001373	0.000002
0.2047	14.49	0.568579	0.998765	0.001527	0.000002
0.2047	14.86	0.568579	0.998990	0.001304	0.000002
0.2047	15.22	0.568579	0.972645	0.137202	0.019354
0.2047	15.59	0.568579	0.995632	0.001287	0.000002
0.2047	15.96	0.568579	0.999236	0.001357	0.000002
0.2047	16.33	0.568579	0.999383	0.001045	0.000001
0.2047	16.69	0.568579	0.999290	0.001346	0.000002
0.2047	17.06	0.568579	0.996069	0.001145	0.000001
0.2047	17.43	0.568579	0.996833	0.001106	0.000001
0.2047	17.80	0.568579	0.998086	0.000451	0.000000
0.2047	18.16	0.568579	0.998139	0.000545	0.000000
0.2047	18.53	0.568579	0.997980	0.000927	0.000001
0.2047	18.90	0.568579	0.998884	0.001199	0.000001
0.2047	19.27	0.568579	0.999415	0.000916	0.000001
0.2047	19.63	0.568579	0.998777	0.000987	0.000001
0.2047	20.00	0.568579	0.999945	0.000328	0.000000
0.2173	2.00	0.558816	0.000000	0.000000	0.000000
0.2173	2.37	0.558816	0.000000	0.000000	0.000000
0.2173	2.73	0.558816	0.000000	0.000000	0.000000
0.2173	3.10	0.558816	0.000000	0.000000	0.000000
0.2173	3.47	0.558816	0.000000	0.000000	0.000000
0.2173	3.84	0.558816	0.000000	0.000000	0.000000
0.2173	4.20	0.558816	0.000000	0.000000	0.000000
0.2173	4.57	0.558816	0.000000	0.000000	0.000000
0.2173	4.94	0.558816	0.000000	0.000000	0.000000
0.2173	5.31	0.558816	0.000000	0.000000	0.000000
0.2173	5.67	0.558816	0.000000	0.000000	0.000000
0.2173	6.04	0.558816	0.000000	0.000000	0.000000
0.2173	6.41	0.558816	0.000000	0.000000	0.000000
0.2173	6.78	0.558816	0.000000	0.000000	0.000000
0.2173	7.14	0.558816	0.000000	0.000000	0.000000
0.2173	7.51	0.558816	0.000000	0.000000	0.000000
0.2173	7.88	0.558816	0.000000	0.000000	0.000000
0.2173	8.24	0.558816	0.000000	0.000000	0.000000
0.2173	8.61	0.558816	0.000000	0.000000	0.000000
0.2173	8.98	0.558816	0.000000	0.000000	0.000000
0.2173	9.35	0.558816	0.193159	0.000000	0.000000
0.2173	9.71	0.558816	0.162978	0.000000	0.000000
0.2173	10.08	0.558816	0.298457	0.228411	0.174805
0.2173	10.45	0.558816	0.435055	0.323317	0.240278
0.2173	10.82	0.558816	0.519338	0.358905	0.248033
0.2173	11.18	0.558816	0.630785	0.388241	0.238958
0.2173	11.55	0.558816	0.827445	0.313232	0.118575
0.2173	11.92	0.558816	0.984351	0.007126	0.000052
0.2173	12.29	0.558816	0.908136	0.254629	0.071394
0.2173	12.65	0.558816	0.941461	0.196694	0.041094
0.2173	13.02	0.558816	0.991005	0.002727	0.000008
0.2173	13.39	0.558816	0.992839	0.002193	0.000005
0.2173	13.76	0.558816	0.969345	0.150188	0.023270
0.2173	14.12	0.558816	0.996199	0.001628	0.000003
0.2173	14.49	0.558816	0.993094	0.001784	0.000003
0.2173	14.86	0.558816	0.993529	0.001489	0.000002
0.2173	15.22	0.558816	0.996792	0.001361	0.000002
0.2173	15.59	0.558816	0.997444	0.001112	0.000001
0.2173	15.96	0.558816	0.999329	0.000949	0.000001
0.2173	16.33	0.558816	0.999639	0.000897	0.000001
0.2173	16.69	0.558816	0.999206	0.001180	0.000001
0.2173	17.06	0.558816	0.999278	0.001067	0.000001
0.2173	17.43	0.558816	0.999899	0.000628	0.000000
0.2173	17.80	0.558816	0.999951	0.000310	0.000000
0.2173	18.16	0.558816	0.997988	0.000770	0.000001
0.2173	18.53	0.558816	0.976909	0.134972	0.018648
0.2173	18.90	0.558816	0.999095	0.001097	0.000001
0.2173	19.27	0.558816	1.000000	0.000000	0.000000
0.2173	19.63	0.558816	1.000000	0.000000	0.000000
0.2173	20.00	0.558816	0.998290	0.000718	0.000001
0.2293	2.00	0.436627	0.000000	0.000000	0.000000
0.2293	2.37	0.436627	0.000000	0.000000	0.000000
0.2293	2.73	0.436627	0.000000	0.000000	0.000000
0.2293	3.10	0.436627	0.000000	0.000000	0.000000
0.2293	3.47	0.436627	0.000000	0.000000	0.000000
0.2293	3.84	0.436627	0.000000	0.000000	0.000000
0.2293	4.20	0.436627	0.000000	0.000000	0.000000
0.2293	4.57	0.436627	0.000000	0.000000	0.000000
0.2293	4.94	0.436627	0.000000	0.000000	0.000000
0.2293	5.31	0.436627	0.000000	0.000000	0.000000
0.2293	5.67	0.436627	0.000000	0.000000	0.000000
0.2293	6.04	0.436627	0.000000	0.000000	0.000000
0.2293	6.41	0.436627	0.000000	0.000000	0.000000
0.2293	6.78	0.436627	0.000000	0.000000	0.000000
0.2293	7.14	0.436627	0.000000	0.000000	0.000000
0.2293	7.51	0.436627	0.000000	0.000000	0.000000
0.2293	7.88	0.436627	0.000000	0.000000	0.000000
0.2293	8.24	0.436627	0.000000	0.000000	0.000000
0.2293	8.61	0.436627	0.000000	0.000000	0.000000
0.2293	8.98	0.436627	0.000000	0.000000	0.000000
0.2293	9.35	0.436627	0.000000	0.000000	0.000000
0.2293	9.71	0.436627	0.102616	0.000000	0.000000
0.2293	10.08	0.436627	0.110664	0.000000	0.000000
0.2293	10.45	0.436627	0.171026	0.000000	0.000000
0.2293	10.82	0.436627	0.138833	0.053646	0.020729
0.2293	11.18	0.436627	0.223706	0.127687	0.072882
0.2293	11.55	0.436627	0.359949	0.275091	0.210238
0.2293	11.92	0.436627	0.406164	0.284739	0.199615
0.2293	12.29	0.436627	0.621800	0.318939	0.163593
0.2293	12.65	0.436627	0.739792	0.325840	0.143516
0.2293	13.02	0.436627	0.873772	0.238462	0.065079
0.2293	13.39	0.436627	0.908747	0.242731	0.064835
0.2293	13.76	0.436627	0.970394	0.142731	0.020994
0.2293	14.12	0.436627	0.995864	0.008254	0.000068
0.2293	14.49	0.436627	0.995378	0.009129	0.000084
0.2293	14.86	0.436627	0.996294	0.006666	0.000045
0.2293	15.22	0.436627	0.998888	0.001102	0.000001
0.2293	15.59	0.436627	0.998607	0.002740	0.000008
0.2293	15.96	0.436627	0.999195	0.001844	0.000003
0.2293	16.33	0.436627	0.999742	0.001037	0.000001
0.2293	16.69	0.436627	1.000000	0.000000	0.000000
0.2293	17.06	0.436627	1.000000	0.000000	0.000000
0.2293	17.43	0.436627	1.000000	0.000000	0.000000
0.2293	17.80	0.436627	1.000000	0.000000	0.000000
0.2293	18.16	0.436627	0.998577	0.000915	0.000001
0.2293	18.53	0.436627	0.998611	0.000930	0.000001
0.2293	18.90	0.436627	1.000000	0.000000	0.000000
0.2293	19.27	0.436627	1.000000	0.000000	0.000000
0.2293	19.63	0.436627	0.999951	0.000310	0.000000
0.2293	20.00	0.436627	0.999853	0.000524	0.000000
0.2374	2.00	0.607822	0.000000	0.000000	0.000000
0.2374	2.37	0.607822	0.000000	0.000000	0.000000
0.2374	2.73	0.607822	0.000000	0.000000	0.000000
0.2374	3.10	0.607822	0.000000	0.000000	0.000000
0.2374	3.47	0.607822	0.000000	0.000000	0.000000
0.2374	3.84	0.607822	0.000000	0.000000	0.000000
0.2374	4.20	0.607822	0.000000	0.000000	0.000000
0.2374	4.57	0.607822	0.000000	0.000000	0.000000
0.2374	4.94	0.607822	0.000000	0.000000	0.000000
0.2374	5.31	0.607822	0.000000	0.000000	0.000000
0.2374	5.67	0.607822	0.000000	0.000000	0.000000
0.2374	6.04	0.607822	0.000000	0.000000	0.000000
0.2374	6.41	0.607822	0.000000	0.000000	0.000000
0.2374	6.78	0.607822	0.000000	0.000000	0.000000
0.2374	7.14	0.607822	0.000000	0.000000	0.000000
0.2374	7.51	0.607822	0.000000	0.000000	0.000000
0.2374	7.88	0.607822	0.000000	0.000000	0.000000
0.2374	8.24	0.607822	0.341480	0.229293	0.153963
0.2374	8.61	0.607822	0.189409	0.000000	0.000000
0.2374	8.98	0.607822	0.414257	0.233787	0.131939
0.2374	9.35	0.607822	0.593483	0.185569	0.058023
0.2374	9.71	0.607822	0.671172	0.236607	0.083411
0.2374	10.08	0.607822	0.848547	0.228917	0.061756
0.2374	10.45	0.607822	0.904355	0.159547	0.028148
0.2374	10.82	0.607822	0.958612	0.008607	0.000077
0.2374	11.18	0.607822	0.964504	0.007271	0.000055
0.2374	11.55	0.607822	0.970944	0.004846	0.000024
0.2374	11.92	0.607822	0.977533	0.005883	0.000035
0.2374	12.29	0.607822	0.981115	0.003484	0.000012
0.2374	12.65	0.607822	0.986151	0.003889	0.000015
0.2374	13.02	0.607822	0.988439	0.002647	0.000007
0.2374	13.39	0.607822	0.990049	0.003109	0.000010
0.2374	13.76	0.607822	0.989081	0.003226	0.000011
0.2374	14.12	0.607822	0.990224	0.003571	0.000013
0.2374	14.49	0.607822	0.988742	0.003764	0.000014
0.2374	14.86	0.607822	0.990312	0.003155	0.000010
0.2374	15.22	0.607822	0.991425	0.003140	0.000010
0.2374	15.59	0.607822	0.997052	0.001209	0.000001
0.2374	15.96	0.607822	0.997749	0.000625	0.000000
0.2374	16.33	0.607822	0.997159	0.001655	0.000003
0.2374	16.69	0.607822	0.997427	0.001454	0.000002
0.2374	17.06	0.607822	0.993729	0.002354	0.000006
0.2374	17.43	0.607822	0.994051	0.002161	0.000005
0.2374	17.80	0.607822	0.994807	0.001507	0.000002
0.2374	18.16	0.607822	0.995112	0.001426	0.000002
0.2374	18.53	0.607822	0.997754	0.000771	0.000001
0.2374	18.90	0.607822	0.997859	0.000449	0.000000
0.2374	19.27	0.607822	0.997251	0.001613	0.000003
0.2374	19.63	0.607822	0.998065	0.000444	0.000000
0.2374	20.00	0.607822	0.997911	0.000322	0.000000
0.2451	2.00	0.563218	0.000000	0.000000	0.000000
0.2451	2.37	0.563218	0.000000	0.000000	0.000000
0.2451	2.73	0.563218	0.000000	0.000000	0.000000
0.2451	3.10	0.563218	0.000000	0.000000	0.000000
0.2451	3.47	0.563218	0.000000	0.000000	0.000000
0.2451	3.84	0.563218	0.000000	0.000000	0.000000
0.2451	4.20	0.563218	0.000000	0.000000	0.000000
0.2451	4.57	0.563218	0.000000	0.000000	0.000000
0.2451	4.94	0.563218	0.000000	0.000000	0.000000
0.2451	5.31	0.563218	0.000000	0.000000	0.000000
0.2451	5.67	0.563218	0.000000	0.000000	0.000000
0.2451	6.04	0.563218	0.000000	0.000000	0.000000
0.2451	6.41	0.563218	0.000000	0.000000	0.000000
0.2451	6.78	0.563218	0.000000	0.000000	0.000000
0.2451	7.14	0.563218	0.000000	0.000000	0.000000
0.2451	7.51	0.563218	0.000000	0.000000	0.000000
0.2451	7.88	0.563218	0.115619	0.000000	0.000000
0.2451	8.24	0.563218	0.457404	0.235553	0.121304
0.2451	8.61	0.563218	0.675682	0.294405	0.128277
0.2451	8.98	0.563218	0.752223	0.270162	0.097029
0.2451	9.35	0.563218	0.842075	0.153119	0.027843
0.2451	9.71	0.563218	0.914449	0.017863	0.000349
0.2451	10.08	0.563218	0.941529	0.012838	0.000175
0.2451	10.45	0.563218	0.927630	0.023317	0.000586
0.2451	10.82	0.563218	0.950014	0.013490	0.000192
0.2451	11.18	0.563218	0.966237	0.008614	0.000077
0.2451	11.55	0.563218	0.975106	0.019076	0.000373
0.2451	11.92	0.563218	0.977933	0.015341	0.000241
0.2451	12.29	0.563218	0.984387	0.003548	0.000013
0.2451	12.65	0.563218	0.984336	0.014810	0.000223
0.2451	13.02	0.563218	0.989238	0.005426	0.000030
0.2451	13.39	0.563218	0.983251	0.014056	0.000201
0.2451	13.76	0.563218	0.979310	0.029209	0.000871
0.2451	14.12	0.563218	0.990647	0.003287	0.000011
0.2451	14.49	0.563218	0.991323	0.003873	0.000015
0.2451	14.86	0.563218	0.988280	0.002396	0.000006
0.2451	15.22	0.563218	0.987082	0.007638	0.000059
0.2451	15.59	0.563218	0.988417	0.003385	0.000012
0.2451	15.96	0.563218	0.993092	0.003667	0.000014
0.2451	16.33	0.563218	0.993860	0.000881	0.000001
0.2451	16.69	0.563218	0.992094	0.001578	0.000003
0.2451	17.06	0.563218	0.992474	0.001223	0.000002
0.2451	17.43	0.563218	0.994435	0.001878	0.000004
0.2451	17.80	0.563218	0.993811	0.002867	0.000008
0.2451	18.16	0.563218	0.994695	0.001756	0.000003
0.2451	18.53	0.563218	0.991990	0.001449	0.000002
0.2451	18.90	0.563218	0.992407	0.000998	0.000001
0.2451	19.27	0.563218	0.993103	0.001267	0.000002
0.2451	19.63	0.563218	0.993395	0.001356	0.000002
0.2451	20.00	0.563218	0.995538	0.000811	0.000001
0.2543	2.00	0.473301	0.000000	0.000000	0.000000
0.2543	2.37	0.473301	0.000000	0.000000	0.000000
0.2543	2.73	0.473301	0.000000	0.000000	0.000000
0.2543	3.10	0.473301	0.000000	0.000000	0.000000
0.2543	3.47	0.473301	0.000000	0.000000	0.000000
0.2543	3.84	0.473301	0.000000	0.000000	0.000000
0.2543	4.20	0.473301	0.000000	0.000000	0.000000
0.2543	4.57	0.473301	0.000000	0.000000	0.000000
0.2543	4.94	0.473301	0.000000	0.000000	0.000000
0.2543	5.31	0.473301	0.000000	0.000000	0.000000
0.2543	5.67	0.473301	0.000000	0.000000	0.000000
0.2543	6.04	0.473301	0.000000	0.000000	0.000000
0.2543	6.41	0.473301	0.000000	0.000000	0.000000
0.2543	6.78	0.473301	0.000000	0.000000	0.000000
0.2543	7.14	0.473301	0.000000	0.000000	0.000000
0.2543	7.51	0.473301	0.000000	0.000000	0.000000
0.2543	7.88	0.473301	0.000000	0.000000	0.000000
0.2543	8.24	0.473301	0.000000	0.000000	0.000000
0.2543	8.61	0.473301	0.000000	0.000000	0.000000
0.2543	8.98	0.473301	0.406883	0.000000	0.000000
0.2543	9.35	0.473301	0.264507	0.123911	0.058047
0.2543	9.71	0.473301	0.578273	0.273271	0.129138
0.2543	10.08	0.473301	0.630843	0.319755	0.162074
0.2543	10.45	0.473301	0.856781	0.198229	0.045863
0.2543	10.82	0.473301	0.808971	0.293041	0.106151
0.2543	11.18	0.473301	0.967845	0.011674	0.000141
0.2543	11.55	0.473301	0.911306	0.222483	0.054316
0.2543	11.92	0.473301	0.984643	0.005563	0.000031
0.2543	12.29	0.473301	0.988124	0.006968	0.000049
0.2543	12.65	0.473301	0.991838	0.002270	0.000005
0.2543	13.02	0.473301	0.991546	0.007207	0.000052
0.2543	13.39	0.473301	0.993696	0.003165	0.000010
0.2543	13.76	0.473301	0.995502	0.002907	0.000008
0.2543	14.12	0.473301	0.996176	0.002277	0.000005
0.2543	14.49	0.473301	0.996795	0.002797	0.000008
0.2543	14.86	0.473301	0.997757	0.002040	0.000004
0.2543	15.22	0.473301	0.997593	0.002933	0.000009
0.2543	15.59	0.473301	0.998136	0.002340	0.000005
0.2543	15.96	0.473301	0.995525	0.001867	0.000004
0.2543	16.33	0.473301	0.996211	0.001664	0.000003
0.2543	16.69	0.473301	0.999689	0.000862	0.000001
0.2543	17.06	0.473301	0.999414	0.001129	0.000001
0.2543	17.43	0.473301	0.996431	0.001083	0.000001
0.2543	17.80	0.473301	0.996626	0.001059	0.000001
0.2543	18.16	0.473301	0.997405	0.001208	0.000001
0.2543	18.53	0.473301	0.997925	0.001394	0.000002
0.2543	18.90	0.473301	0.997065	0.001750	0.000003
0.2543	19.27	0.473301	0.998077	0.000632	0.000000
0.2543	19.63	0.473301	0.998077	0.000441	0.000000
0.2543	20.00	0.473301	0.999740	0.000677	0.000000
0.2659	2.00	0.487573	0.000000	0.000000	0.000000
0.2659	2.37	0.487573	0.000000	0.000000	0.000000
0.2659	2.73	0.487573	0.000000	0.000000	0.000000
0.2659	3.10	0.487573	0.000000	0.000000	0.000000
0.2659	3.47	0.487573	0.000000	0.000000	0.000000
0.2659	3.84	0.487573	0.000000	0.000000	0.000000
0.2659	4.20	0.487573	0.000000	0.000000	0.000000
0.2659	4.57	0.487573	0.000000	0.000000	0.000000
0.2659	4.94	0.487573	0.000000	0.000000	0.000000
0.2659	5.31	0.487573	0.000000	0.000000	0.000000
0.2659	5.67	0.487573	0.000000	0.000000	0.000000
0.2659	6.04	0.487573	0.000000	0.000000	0.000000
0.2659	6.41	0.487573	0.000000	0.000000	0.000000
0.2659	6.78	0.487573	0.000000	0.000000	0.000000
0.2659	7.14	0.487573	0.000000	0.000000	0.000000
0.2659	7.51	0.487573	0.000000	0.000000	0.000000
0.2659	7.88	0.487573	0.000000	0.000000	0.000000
0.2659	8.24	0.487573	0.000000	0.000000	0.000000
0.2659	8.61	0.487573	0.000000	0.000000	0.000000
0.2659	8.98	0.487573	0.143863	0.015091	0.001583
0.2659	9.35	0.487573	0.000000	0.000000	0.000000
0.2659	9.71	0.487573	0.266097	0.224539	0.189472
0.2659	10.08	0.487573	0.269394	0.257382	0.245905
0.2659	10.45	0.487573	0.480438	0.330168	0.226898
0.2659	10.82	0.487573	0.792354	0.324357	0.132779
0.2659	11.18	0.487573	0.877788	0.286942	0.093799
0.2659	11.55	0.487573	0.864222	0.310500	0.111557
0.2659	11.92	0.487573	0.907445	0.265158	0.077480
0.2659	12.29	0.487573	0.997384	0.001179	0.000001
0.2659	12.65	0.487573	0.994147	0.001250	0.000002
0.2659	13.02	0.487573	0.994539	0.001028	0.000001
0.2659	13.39	0.487573	0.998045	0.000586	0.000000
0.2659	13.76	0.487573	0.997932	0.000578	0.000000
0.2659	14.12	0.487573	0.997988	0.000468	0.000000
0.2659	14.49	0.487573	0.996846	0.001101	0.000001
0.2659	14.86	0.487573	0.997247	0.000971	0.000001
0.2659	15.22	0.487573	0.999841	0.000543	0.000000
0.2659	15.59	0.487573	0.999947	0.000322	0.000000
0.2659	15.96	0.487573	0.998555	0.000905	0.000001
0.2659	16.33	0.487573	0.998710	0.000965	0.000001
0.2659	16.69	0.487573	0.999639	0.000772	0.000001
0.2659	17.06	0.487573	0.999690	0.000726	0.000001
0.2659	17.43	0.487573	0.999381	0.000929	0.000001
0.2659	17.80	0.487573	0.999587	0.000812	0.000001
0.2659	18.16	0.487573	0.999894	0.000449	0.000000
0.2659	18.53	0.487573	0.999894	0.000449	0.000000
0.2659	18.90	0.487573	0.997988	0.000000	0.000000
0.2659	19.27	0.487573	0.997938	0.000314	0.000000
0.2659	19.63	0.487573	0.998517	0.000886	0.000001
0.2659	20.00	0.487573	0.998729	0.000971	0.000001
0.2892	2.00	0.529289	0.000000	0.000000	0.000000
0.2892	2.37	0.529289	0.000000	0.000000	0.000000
0.2892	2.73	0.529289	0.000000	0.000000	0.000000
0.2892	3.10	0.529289	0.000000	0.000000	0.000000
0.2892	3.47	0.529289	0.000000	0.000000	0.000000
0.2892	3.84	0.529289	0.000000	0.000000	0.000000
0.2892	4.20	0.529289	0.000000	0.000000	0.000000
0.2892	4.57	0.529289	0.000000	0.000000	0.000000
0.2892	4.94	0.529289	0.000000	0.000000	0.000000
0.2892	5.31	0.529289	0.000000	0.000000	0.000000
0.2892	5.67	0.529289	0.000000	0.000000	0.000000
0.2892	6.04	0.529289	0.000000	0.000000	0.000000
0.2892	6.41	0.529289	0.000000	0.000000	0.000000
0.2892	6.78	0.529289	0.000000	0.000000	0.000000
0.2892	7.14	0.529289	0.000000	0.000000	0.000000
0.2892	7.51	0.529289	0.000000	0.000000	0.000000
0.2892	7.88	0.529289	0.000000	0.000000	0.000000
0.2892	8.24	0.529289	0.133470	0.000000	0.000000
0.2892	8.61	0.529289	0.170431	0.000000	0.000000
0.2892	8.98	0.529289	0.529774	0.427105	0.344332
0.2892	9.35	0.529289	0.238706	0.195193	0.159611
0.2892	9.71	0.529289	0.561345	0.408664	0.297511
0.2892	10.08	0.529289	0.649112	0.387129	0.230883
0.2892	10.45	0.529289	0.708517	0.367875	0.191007
0.2892	10.82	0.529289	0.925051	0.242737	0.063695
0.2892	11.18	0.529289	0.996762	0.001904	0.000004
0.2892	11.55	0.529289	0.967283	0.160943	0.026779
0.2892	11.92	0.529289	0.998524	0.001174	0.000001
0.2892	12.29	0.529289	0.998741	0.001128	0.000001
0.2892	12.65	0.529289	0.998845	0.001019	0.000001
0.2892	13.02	0.529289	1.000000	0.000000	0.000000
0.2892	13.39	0.529289	0.999941	0.000342	0.000000
0.2892	13.76	0.529289	1.000000	0.000000	0.000000
0.2892	14.12	0.529289	0.999945	0.000333	0.000000
0.2892	14.49	0.529289	1.000000	0.000000	0.000000
0.2892	14.86	0.529289	0.999889	0.000464	0.000000
0.2892	15.22	0.529289	0.998649	0.000974	0.000001
0.2892	15.59	0.529289	0.998919	0.001025	0.000001
0.2892	15.96	0.529289	0.998757	0.001004	0.000001
0.2892	16.33	0.529289	1.000000	0.000000	0.000000
0.2892	16.69	0.529289	1.000000	0.000000	0.000000
0.2892	17.06	0.529289	1.000000	0.000000	0.000000
0.2892	17.43	0.529289	1.000000	0.000000	0.000000
0.2892	17.80	0.529289	1.000000	0.000000	0.000000
0.2892	18.16	0.529289	1.000000	0.000000	0.000000
0.2892	18.53	0.529289	1.000000	0.000000	0.000000
0.2892	18.90	0.529289	1.000000	0.000000	0.000000
0.2892	19.27	0.529289	1.000000	0.000000	0.000000
0.2892	19.63	0.529289	1.000000	0.000000	0.000000
0.2892	20.00	0.529289	1.000000	0.000000	0.000000
0.3034	2.00	0.428059	0.000000	0.000000	0.000000
0.3034	2.37	0.428059	0.000000	0.000000	0.000000
0.3034	2.73	0.428059	0.000000	0.000000	0.000000
0.3034	3.10	0.428059	0.000000	0.000000	0.000000
0.3034	3.47	0.428059	0.000000	0.000000	0.000000
0.3034	3.84	0.428059	0.000000	0.000000	0.000000
0.3034	4.20	0.428059	0.000000	0.000000	0.000000
0.3034	4.57	0.428059	0.000000	0.000000	0.000000
0.3034	4.94	0.428059	0.000000	0.000000	0.000000
0.3034	5.31	0.428059	0.000000	0.000000	0.000000
0.3034	5.67	0.428059	0.000000	0.000000	0.000000
0.3034	6.04	0.428059	0.000000	0.000000	0.000000
0.3034	6.41	0.428059	0.000000	0.000000	0.000000
0.3034	6.78	0.428059	0.000000	0.000000	0.000000
0.3034	7.14	0.428059	0.000000	0.000000	0.000000
0.3034	7.51	0.428059	0.000000	0.000000	0.000000
0.3034	7.88	0.428059	0.000000	0.000000	0.000000
0.3034	8.24	0.428059	0.000000	0.000000	0.000000
0.3034	8.61	0.428059	0.000000	0.000000	0.000000
0.3034	8.98	0.428059	0.000000	0.000000	0.000000
0.3034	9.35	0.428059	0.120968	0.000000	0.000000
0.3034	9.71	0.428059	0.000000	0.000000	0.000000
0.3034	10.08	0.428059	0.000000	0.000000	0.000000
0.3034	10.45	0.428059	0.000000	0.000000	0.000000
0.3034	10.82	0.428059	0.122984	0.000000	0.000000
0.3034	11.18	0.428059	0.191910	0.113814	0.067498
0.3034	11.55	0.428059	0.315902	0.188640	0.112645
0.3034	11.92	0.428059	0.439708	0.225071	0.115205
0.3034	12.29	0.428059	0.393145	0.204981	0.106875
0.3034	12.65	0.428059	0.542406	0.269116	0.133522
0.3034	13.02	0.428059	0.765364	0.213657	0.059644
0.3034	13.39	0.428059	0.865334	0.185357	0.039704
0.3034	13.76	0.428059	0.925179	0.188997	0.038609
0.3034	14.12	0.428059	0.963878	0.145658	0.022011
0.3034	14.49	0.428059	0.987154	0.028230	0.000807
0.3034	14.86	0.428059	0.989592	0.017623	0.000314
0.3034	15.22	0.428059	0.991391	0.012748	0.000164
0.3034	15.59	0.428059	0.992452	0.010083	0.000102
0.3034	15.96	0.428059	0.993952	0.005895	0.000035
0.3034	16.33	0.428059	0.994153	0.004389	0.000019
0.3034	16.69	0.428059	0.994788	0.006723	0.000045
0.3034	17.06	0.428059	0.996928	0.002338	0.000005
0.3034	17.43	0.428059	0.999568	0.001125	0.000001
0.3034	17.80	0.428059	0.999812	0.000586	0.000000
0.3034	18.16	0.428059	0.999906	0.000425	0.000000
0.3034	18.53	0.428059	0.999232	0.001073	0.000001
0.3034	18.90	0.428059	0.999297	0.000961	0.000001
0.3034	19.27	0.428059	0.996755	0.001250	0.000002
0.3034	19.63	0.428059	0.996951	0.001269	0.000002
0.3034	20.00	0.428059	0.997216	0.001316	0.000002
0.3103	2.00	0.459420	0.000000	0.000000	0.000000
0.3103	2.37	0.459420	0.000000	0.000000	0.000000
0.3103	2.73	0.459420	0.000000	0.000000	0.000000
0.3103	3.10	0.459420	0.000000	0.000000	0.000000
0.3103	3.47	0.459420	0.000000	0.000000	0.000000
0.3103	3.84	0.459420	0.000000	0.000000	0.000000
0.3103	4.20	0.459420	0.000000	0.000000	0.000000
0.3103	4.57	0.459420	0.000000	0.000000	0.000000
0.3103	4.94	0.459420	0.000000	0.000000	0.000000
0.3103	5.31	0.459420	0.000000	0.000000	0.000000
0.3103	5.67	0.459420	0.000000	0.000000	0.000000
0.3103	6.04	0.459420	0.000000	0.000000	0.000000
0.3103	6.41	0.459420	0.000000	0.000000	0.000000
0.3103	6.78	0.459420	0.000000	0.000000	0.000000
0.3103	7.14	0.459420	0.000000	0.000000	0.000000
0.3103	7.51	0.459420	0.000000	0.000000	0.000000
0.3103	7.88	0.459420	0.306841	0.015091	0.000742
0.3103	8.24	0.459420	0.674044	0.000000	0.000000
0.3103	8.61	0.459420	0.299296	0.298440	0.297586
0.3103	8.98	0.459420	0.579477	0.313152	0.169229
0.3103	9.35	0.459420	0.653476	0.343122	0.180164
0.3103	9.71	0.459420	0.868497	0.164543	0.031174
0.3103	10.08	0.459420	0.836064	0.248779	0.074026
0.3103	10.45	0.459420	0.945513	0.008478	0.000076
0.3103	10.82	0.459420	0.958443	0.006188	0.000040
0.3103	11.18	0.459420	0.964070	0.007348	0.000056
0.3103	11.55	0.459420	0.972091	0.005402	0.000030
0.3103	11.92	0.459420	0.972082	0.005458	0.000031
0.3103	12.29	0.459420	0.977318	0.003749	0.000014
0.3103	12.65	0.459420	0.979452	0.004196	0.000018
0.3103	13.02	0.459420	0.988330	0.002490	0.000006
0.3103	13.39	0.459420	0.989135	0.003011	0.000009
0.3103	13.76	0.459420	0.992929	0.002779	0.000008
0.3103	14.12	0.459420	0.993964	0.002356	0.000006
0.3103	14.49	0.459420	0.990266	0.003639	0.000013
0.3103	14.86	0.459420	0.992231	0.002181	0.000005
0.3103	15.22	0.459420	0.992164	0.002561	0.000007
0.3103	15.59	0.459420	0.992169	0.002329	0.000005
0.3103	15.96	0.459420	0.992111	0.002415	0.000006
0.3103	16.33	0.459420	0.994996	0.002652	0.000007
0.3103	16.69	0.459420	0.995674	0.002136	0.000005
0.3103	17.06	0.459420	0.992726	0.002118	0.000005
0.3103	17.43	0.459420	0.992880	0.001695	0.000003
0.3103	17.80	0.459420	0.995305	0.001147	0.000001
0.3103	18.16	0.459420	0.995221	0.001163	0.000001
0.3103	18.53	0.459420	0.997008	0.001502	0.000002
0.3103	18.90	0.459420	0.997384	0.001207	0.000001
0.3103	19.27	0.459420	0.994869	0.001269	0.000002
0.3103	19.63	0.459420	0.994769	0.001546	0.000002
0.3103	20.00	0.459420	0.996982	0.001423	0.000002
0.3169	2.00	0.448532	0.000000	0.000000	0.000000
0.3169	2.37	0.448532	0.000000	0.000000	0.000000
0.3169	2.73	0.448532	0.000000	0.000000	0.000000
0.3169	3.10	0.448532	0.000000	0.000000	0.000000
0.3169	3.47	0.448532	0.000000	0.000000	0.000000
0.3169	3.84	0.448532	0.000000	0.000000	0.000000
0.3169	4.20	0.448532	0.000000	0.000000	0.000000
0.3169	4.57	0.448532	0.000000	0.000000	0.000000
0.3169	4.94	0.448532	0.000000	0.000000	0.000000
0.3169	5.31	0.448532	0.000000	0.000000	0.000000
0.3169	5.67	0.448532	0.000000	0.000000	0.000000
0.3169	6.04	0.448532	0.000000	0.000000	0.000000
0.3169	6.41	0.448532	0.000000	0.000000	0.000000
0.3169	6.78	0.448532	0.000000	0.000000	0.000000
0.3169	7.14	0.448532	0.000000	0.000000	0.000000
0.3169	7.51	0.448532	0.000000	0.000000	0.000000
0.3169	7.88	0.448532	0.000000	0.000000	0.000000
0.3169	8.24	0.448532	0.000000	0.000000	0.000000
0.3169	8.61	0.448532	0.000000	0.000000	0.000000
0.3169	8.98	0.448532	0.000000	0.000000	0.000000
0.3169	9.35	0.448532	0.000000	0.000000	0.000000
0.3169	9.71	0.448532	0.102434	0.001014	0.000010
0.3169	10.08	0.448532	0.000000	0.000000	0.000000
0.3169	10.45	0.448532	0.112238	0.004168	0.000155
0.3169	10.82	0.448532	0.187627	0.109454	0.063851
0.3169	11.18	0.448532	0.316993	0.223477	0.157548
0.3169	11.55	0.448532	0.373298	0.301265	0.243132
0.3169	11.92	0.448532	0.592922	0.315613	0.168001
0.3169	12.29	0.448532	0.674967	0.347361	0.178764
0.3169	12.65	0.448532	0.882923	0.178668	0.036155
0.3169	13.02	0.448532	0.898580	0.244452	0.066501
0.3169	13.39	0.448532	0.996480	0.007117	0.000051
0.3169	13.76	0.448532	0.999247	0.001379	0.000002
0.3169	14.12	0.448532	0.976920	0.136116	0.018965
0.3169	14.49	0.448532	0.998873	0.001116	0.000001
0.3169	14.86	0.448532	0.998904	0.001211	0.000001
0.3169	15.22	0.448532	0.999068	0.001011	0.000001
0.3169	15.59	0.448532	0.998128	0.000845	0.000001
0.3169	15.96	0.448532	0.997972	0.000907	0.000001
0.3169	16.33	0.448532	0.999696	0.000724	0.000001
0.3169	16.69	0.448532	0.999696	0.000724	0.000001
0.3169	17.06	0.448532	0.999848	0.000534	0.000000
0.3169	17.43	0.448532	0.998116	0.000522	0.000000
0.3169	17.80	0.448532	0.998219	0.000664	0.000000
0.3169	18.16	0.448532	0.999505	0.000980	0.000001
0.3169	18.53	0.448532	0.999670	0.000749	0.000001
0.3169	18.90	0.448532	0.999811	0.000589	0.000000
0.3169	19.27	0.448532	1.000000	0.000000	0.000000
0.3169	19.63	0.448532	1.000000	0.000000	0.000000
0.3169	20.00	0.448532	1.000000	0.000000	0.000000
0.3263	2.00	0.413266	0.000000	0.000000	0.000000
0.3263	2.37	0.413266	0.000000	0.000000	0.000000
0.3263	2.73	0.413266	0.000000	0.000000	0.000000
0.3263	3.10	0.413266	0.000000	0.000000	0.000000
0.3263	3.47	0.413266	0.000000	0.000000	0.000000
0.3263	3.84	0.413266	0.000000	0.000000	0.000000
0.3263	4.20	0.413266	0.000000	0.000000	0.000000
0.3263	4.57	0.413266	0.000000	0.000000	0.000000
0.3263	4.94	0.413266	0.000000	0.000000	0.000000
0.3263	5.31	0.413266	0.000000	0.000000	0.000000
0.3263	5.67	0.413266	0.000000	0.000000	0.000000
0.3263	6.04	0.413266	0.000000	0.000000	0.000000
0.3263	6.41	0.413266	0.000000	0.000000	0.000000
0.3263	6.78	0.413266	0.000000	0.000000	0.000000
0.3263	7.14	0.413266	0.000000	0.000000	0.000000
0.3263	7.51	0.413266	0.000000	0.000000	0.000000
0.3263	7.88	0.413266	0.000000	0.000000	0.000000
0.3263	8.24	0.413266	0.000000	0.000000	0.000000
0.3263	8.61	0.413266	0.000000	0.000000	0.000000
0.3263	8.98	0.413266	0.000000	0.000000	0.000000
0.3263	9.35	0.413266	0.000000	0.000000	0.000000
0.3263	9.71	0.413266	0.000000	0.000000	0.000000
0.3263	10.08	0.413266	0.000000	0.000000	0.000000
0.3263	10.45	0.413266	0.154259	0.028848	0.005395
0.3263	10.82	0.413266	0.175553	0.100123	0.057103
0.3263	11.18	0.413266	0.297322	0.202242	0.137567
0.3263	11.55	0.413266	0.275989	0.181650	0.119558
0.3263	11.92	0.413266	0.360161	0.245744	0.167675
0.3263	12.29	0.413266	0.687060	0.319290	0.148380
0.3263	12.65	0.413266	0.748136	0.311154	0.129411
0.3263	13.02	0.413266	0.832495	0.222778	0.059616
0.3263	13.39	0.413266	0.938336	0.146238	0.022791
0.3263	13.76	0.413266	0.984248	0.016933	0.000291
0.3263	14.12	0.413266	0.972291	0.149156	0.022881
0.3263	14.49	0.413266	0.998547	0.001616	0.000003
0.3263	14.86	0.413266	0.998477	0.001713	0.000003
0.3263	15.22	0.413266	0.999484	0.000990	0.000001
0.3263	15.59	0.413266	0.999799	0.000753	0.000001
0.3263	15.96	0.413266	0.999794	0.000610	0.000000
0.3263	16.33	0.413266	0.999799	0.000604	0.000000
0.3263	16.69	0.413266	0.999849	0.000530	0.000000
0.3263	17.06	0.413266	0.999902	0.000433	0.000000
0.3263	17.43	0.413266	0.999799	0.000986	0.000001
0.3263	17.80	0.413266	0.998843	0.000995	0.000001
0.3263	18.16	0.413266	0.999145	0.000995	0.000001
0.3263	18.53	0.413266	0.999166	0.000991	0.000001
0.3263	18.90	0.413266	0.999760	0.000652	0.000000
0.3263	19.27	0.413266	0.999952	0.000307	0.000000
0.3263	19.63	0.413266	1.000000	0.000000	0.000000
0.3263	20.00	0.413266	1.000000	0.000000	0.000000
0.3514	2.00	0.385124	0.000000	0.000000	0.000000
0.3514	2.37	0.385124	0.000000	0.000000	0.000000
0.3514	2.73	0.385124	0.000000	0.000000	0.000000
0.3514	3.10	0.385124	0.000000	0.000000	0.000000
0.3514	3.47	0.385124	0.000000	0.000000	0.000000
0.3514	3.84	0.385124	0.000000	0.000000	0.000000
0.3514	4.20	0.385124	0.000000	0.000000	0.000000
0.3514	4.57	0.385124	0.000000	0.000000	0.000000
0.3514	4.94	0.385124	0.000000	0.000000	0.000000
0.3514	5.31	0.385124	0.000000	0.000000	0.000000
0.3514	5.67	0.385124	0.000000	0.000000	0.000000
0.3514	6.04	0.385124	0.000000	0.000000	0.000000
0.3514	6.41	0.385124	0.000000	0.000000	0.000000
0.3514	6.78	0.385124	0.000000	0.000000	0.000000
0.3514	7.14	0.385124	0.000000	0.000000	0.000000
0.3514	7.51	0.385124	0.000000	0.000000	0.000000
0.3514	7.88	0.385124	0.000000	0.000000	0.000000
0.3514	8.24	0.385124	0.000000	0.000000	0.000000
0.3514	8.61	0.385124	0.000000	0.000000	0.000000
0.3514	8.98	0.385124	0.000000	0.000000	0.000000
0.3514	9.35	0.385124	0.000000	0.000000	0.000000
0.3514	9.71	0.385124	0.000000	0.000000	0.000000
0.3514	10.08	0.385124	0.000000	0.000000	0.000000
0.3514	10.45	0.385124	0.111336	0.000000	0.000000
0.3514	10.82	0.385124	0.116059	0.011005	0.001044
0.3514	11.18	0.385124	0.142279	0.047458	0.015830
0.3514	11.55	0.385124	0.179851	0.097696	0.053069
0.3514	11.92	0.385124	0.326670	0.260294	0.207405
0.3514	12.29	0.385124	0.561078	0.350639	0.219127
0.3514	12.65	0.385124	0.617766	0.327533	0.173655
0.3514	13.02	0.385124	0.795054	0.311101	0.121732
0.3514	13.39	0.385124	0.983499	0.032170	0.001052
0.3514	13.76	0.385124	0.995416	0.007982	0.000064
0.3514	14.12	0.385124	0.997695	0.004351	0.000019
0.3514	14.49	0.385124	0.996514	0.004762	0.000023
0.3514	14.86	0.385124	0.998030	0.002329	0.000005
0.3514	15.22	0.385124	0.997374	0.001478	0.000002
0.3514	15.59	0.385124	0.997702	0.001345	0.000002
0.3514	15.96	0.385124	0.998295	0.001433	0.000002
0.3514	16.33	0.385124	0.997520	0.000959	0.000001
0.3514	16.69	0.385124	0.998024	0.000825	0.000001
0.3514	17.06	0.385124	0.999259	0.000975	0.000001
0.3514	17.43	0.385124	0.999753	0.000662	0.000000
0.3514	17.80	0.385124	1.000000	0.000000	0.000000
0.3514	18.16	0.385124	1.000000	0.000000	0.000000
0.3514	18.53	0.385124	1.000000	0.000000	0.000000
0.3514	18.90	0.385124	1.000000	0.000000	0.000000
0.3514	19.27	0.385124	1.000000	0.000000	0.000000
0.3514	19.63	0.385124	0.999803	0.000601	0.000000
0.3514	20.00	0.385124	0.999904	0.000431	0.000000
0.3951	2.00	0.534757	0.000000	0.000000	0.000000
0.3951	2.37	0.534757	0.000000	0.000000	0.000000
0.3951	2.73	0.534757	0.000000	0.000000	0.000000
0.3951	3.10	0.534757	0.000000	0.000000	0.000000
0.3951	3.47	0.534757	0.000000	0.000000	0.000000
0.3951	3.84	0.534757	0.000000	0.000000	0.000000
0.3951	4.20	0.534757	0.000000	0.000000	0.000000
0.3951	4.57	0.534757	0.000000	0.000000	0.000000
0.3951	4.94	0.534757	0.000000	0.000000	0.000000
0.3951	5.31	0.534757	0.000000	0.000000	0.000000
0.3951	5.67	0.534757	0.000000	0.000000	0.000000
0.3951	6.04	0.534757	0.000000	0.000000	0.000000
0.3951	6.41	0.534757	0.000000	0.000000	0.000000
0.3951	6.78	0.534757	0.000000	0.000000	0.000000
0.3951	7.14	0.534757	0.000000	0.000000	0.000000
0.3951	7.51	0.534757	0.000000	0.000000	0.000000
0.3951	7.88	0.534757	0.000000	0.000000	0.000000
0.3951	8.24	0.534757	0.000000	0.000000	0.000000
0.3951	8.61	0.534757	0.000000	0.000000	0.000000
0.3951	8.98	0.534757	0.107724	0.000000	0.000000
0.3951	9.35	0.534757	0.153117	0.006707	0.000294
0.3951	9.71	0.534757	0.157724	0.045204	0.012956
0.3951	10.08	0.534757	0.431911	0.318242	0.234488
0.3951	10.45	0.534757	0.592898	0.390549	0.257259
0.3951	10.82	0.534757	0.752846	0.344461	0.157606
0.3951	11.18	0.534757	0.959428	0.166959	0.029054
0.3951	11.55	0.534757	0.929633	0.225126	0.054518
0.3951	11.92	0.534757	0.998306	0.001492	0.000002
0.3951	12.29	0.534757	0.998857	0.001680	0.000003
0.3951	12.65	0.534757	0.999555	0.000840	0.000001
0.3951	13.02	0.534757	0.974175	0.147293	0.022270
0.3951	13.39	0.534757	0.999944	0.000334	0.000000
0.3951	13.76	0.534757	1.000000	0.000000	0.000000
0.3951	14.12	0.534757	0.999944	0.000334	0.000000
0.3951	14.49	0.534757	0.999774	0.000639	0.000000
0.3951	14.86	0.534757	1.000000	0.000000	0.000000
0.3951	15.22	0.534757	1.000000	0.000000	0.000000
0.3951	15.59	0.534757	0.999572	0.000951	0.000001
0.3951	15.96	0.534757	0.999792	0.000617	0.000000
0.3951	16.33	0.534757	1.000000	0.000000	0.000000
0.3951	16.69	0.534757	1.000000	0.000000	0.000000
0.3951	17.06	0.534757	1.000000	0.000000	0.000000
0.3951	17.43	0.534757	1.000000	0.000000	0.000000
0.3951	17.80	0.534757	1.000000	0.000000	0.000000
0.3951	18.16	0.534757	1.000000	0.000000	0.000000
0.3951	18.53	0.534757	1.000000	0.000000	0.000000
0.3951	18.90	0.534757	1.000000	0.000000	0.000000
0.3951	19.27	0.534757	1.000000	0.000000	0.000000
0.3951	19.63	0.534757	1.000000	0.000000	0.000000
0.3951	20.00	0.534757	1.000000	0.000000	0.000000
0.4060	2.00	0.379076	0.000000	0.000000	0.000000
0.4060	2.37	0.379076	0.000000	0.000000	0.000000
0.4060	2.73	0.379076	0.000000	0.000000	0.000000
0.4060	3.10	0.379076	0.000000	0.000000	0.000000
0.4060	3.47	0.379076	0.000000	0.000000	0.000000
0.4060	3.84	0.379076	0.000000	0.000000	0.000000
0.4060	4.20	0.379076	0.000000	0.000000	0.000000
0.4060	4.57	0.379076	0.000000	0.000000	0.000000
0.4060	4.94	0.379076	0.000000	0.000000	0.000000
0.4060	5.31	0.379076	0.000000	0.000000	0.000000
0.4060	5.67	0.379076	0.000000	0.000000	0.000000
0.4060	6.04	0.379076	0.000000	0.000000	0.000000
0.4060	6.41	0.379076	0.000000	0.000000	0.000000
0.4060	6.78	0.379076	0.000000	0.000000	0.000000
0.4060	7.14	0.379076	0.000000	0.000000	0.000000
0.4060	7.51	0.379076	0.000000	0.000000	0.000000
0.4060	7.88	0.379076	0.000000	0.000000	0.000000
0.4060	8.24	0.379076	0.000000	0.000000	0.000000
0.4060	8.61	0.379076	0.000000	0.000000	0.000000
0.4060	8.98	0.379076	0.000000	0.000000	0.000000
0.4060	9.35	0.379076	0.000000	0.000000	0.000000
0.4060	9.71	0.379076	0.000000	0.000000	0.000000
0.4060	10.08	0.379076	0.112450	0.010040	0.000896
0.4060	10.45	0.379076	0.129183	0.034130	0.009017
0.4060	10.82	0.379076	0.214106	0.143036	0.095557
0.4060	11.18	0.379076	0.208969	0.142570	0.097269
0.4060	11.55	0.379076	0.305472	0.226502	0.167947
0.4060	11.92	0.379076	0.594473	0.309866	0.161516
0.4060	12.29	0.379076	0.788187	0.280814	0.100048
0.4060	12.65	0.379076	0.911647	0.167731	0.030860
0.4060	13.02	0.379076	0.935195	0.206134	0.045436
0.4060	13.39	0.379076	0.963626	0.146863	0.022383
0.4060	13.76	0.379076	0.968560	0.145114	0.021742
0.4060	14.12	0.379076	0.994205	0.002080	0.000004
0.4060	14.49	0.379076	0.994478	0.001665	0.000003
0.4060	14.86	0.379076	0.994769	0.001265	0.000002
0.4060	15.22	0.379076	0.994851	0.001095	0.000001
0.4060	15.59	0.379076	0.995403	0.001450	0.000002
0.4060	15.96	0.379076	0.996138	0.001393	0.000002
0.4060	16.33	0.379076	0.997992	0.000455	0.000000
0.4060	16.69	0.379076	0.998042	0.000548	0.000000
0.4060	17.06	0.379076	0.998043	0.000555	0.000000
0.4060	17.43	0.379076	0.998193	0.000875	0.000001
0.4060	17.80	0.379076	0.998327	0.000748	0.000001
0.4060	18.16	0.379076	0.997404	0.001016	0.000001
0.4060	18.53	0.379076	0.997490	0.000979	0.000001
0.4060	18.90	0.379076	0.999197	0.000984	0.000001
0.4060	19.27	0.379076	0.999265	0.000967	0.000001
0.4060	19.63	0.379076	0.998678	0.000952	0.000001
0.4060	20.00	0.379076	0.998971	0.001004	0.000001
0.4503	2.00	0.373017	0.000000	0.000000	0.000000
0.4503	2.37	0.373017	0.000000	0.000000	0.000000
0.4503	2.73	0.373017	0.000000	0.000000	0.000000
0.4503	3.10	0.373017	0.000000	0.000000	0.000000
0.4503	3.47	0.373017	0.000000	0.000000	0.000000
0.4503	3.84	0.373017	0.000000	0.000000	0.000000
0.4503	4.20	0.373017	0.000000	0.000000	0.000000
0.4503	4.57	0.373017	0.000000	0.000000	0.000000
0.4503	4.94	0.373017	0.000000	0.000000	0.000000
0.4503	5.31	0.373017	0.000000	0.000000	0.000000
0.4503	5.67	0.373017	0.000000	0.000000	0.000000
0.4503	6.04	0.373017	0.000000	0.000000	0.000000
0.4503	6.41	0.373017	0.000000	0.000000	0.000000
0.4503	6.78	0.373017	0.000000	0.000000	0.000000
0.4503	7.14	0.373017	0.000000	0.000000	0.000000
0.4503	7.51	0.373017	0.000000	0.000000	0.000000
0.4503	7.88	0.373017	0.000000	0.000000	0.000000
0.4503	8.24	0.373017	0.000000	0.000000	0.000000
0.4503	8.61	0.373017	0.000000	0.000000	0.000000
0.4503	8.98	0.373017	0.000000	0.000000	0.000000
0.4503	9.35	0.373017	0.000000	0.000000	0.000000
0.4503	9.71	0.373017	0.000000	0.000000	0.000000
0.4503	10.08	0.373017	0.000000	0.000000	0.000000
0.4503	10.45	0.373017	0.141700	0.000000	0.000000
0.4503	10.82	0.373017	0.206883	0.083938	0.034056
0.4503	11.18	0.373017	0.302198	0.193119	0.123413
0.4503	11.55	0.373017	0.314904	0.203020	0.130888
0.4503	11.92	0.373017	0.378649	0.292968	0.226676
0.4503	12.29	0.373017	0.565365	0.318318	0.179223
0.4503	12.65	0.373017	0.697892	0.273008	0.106798
0.4503	13.02	0.373017	0.850325	0.261672	0.080524
0.4503	13.39	0.373017	0.947368	0.163100	0.028080
0.4503	13.76	0.373017	0.876981	0.255428	0.074395
0.4503	14.12	0.373017	0.988548	0.010830	0.000119
0.4503	14.49	0.373017	0.997319	0.002356	0.000006
0.4503	14.86	0.373017	0.998413	0.000957	0.000001
0.4503	15.22	0.373017	0.998295	0.000872	0.000001
0.4503	15.59	0.373017	0.998806	0.001188	0.000001
0.4503	15.96	0.373017	0.998754	0.001179	0.000001
0.4503	16.33	0.373017	0.999273	0.001074	0.000001
0.4503	16.69	0.373017	0.999654	0.000762	0.000001
0.4503	17.06	0.373017	0.999654	0.000762	0.000001
0.4503	17.43	0.373017	0.996508	0.001011	0.000001
0.4503	17.80	0.373017	0.996396	0.000950	0.000001
0.4503	18.16	0.373017	0.996692	0.001073	0.000001
0.4503	18.53	0.373017	0.999951	0.000312	0.000000
0.4503	18.90	0.373017	0.999951	0.000312	0.000000
0.4503	19.27	0.373017	0.997928	0.000309	0.000000
0.4503	19.63	0.373017	0.998023	0.000305	0.000000
0.4503	20.00	0.373017	0.999807	0.000594	0.000000
0.4978	2.00	0.415502	0.000000	0.000000	0.000000
0.4978	2.37	0.415502	0.000000	0.000000	0.000000
0.4978	2.73	0.415502	0.000000	0.000000	0.000000
0.4978	3.10	0.415502	0.000000	0.000000	0.000000
0.4978	3.47	0.415502	0.000000	0.000000	0.000000
0.4978	3.84	0.415502	0.000000	0.000000	0.000000
0.4978	4.20	0.415502	0.000000	0.000000	0.000000
0.4978	4.57	0.415502	0.000000	0.000000	0.000000
0.4978	4.94	0.415502	0.000000	0.000000	0.000000
0.4978	5.31	0.415502	0.000000	0.000000	0.000000
0.4978	5.67	0.415502	0.000000	0.000000	0.000000
0.4978	6.04	0.415502	0.000000	0.000000	0.000000
0.4978	6.41	0.415502	0.000000	0.000000	0.000000
0.4978	6.78	0.415502	0.000000	0.000000	0.000000
0.4978	7.14	0.415502	0.000000	0.000000	0.000000
0.4978	7.51	0.415502	0.000000	0.000000	0.000000
0.4978	7.88	0.415502	0.000000	0.000000	0.000000
0.4978	8.24	0.415502	0.000000	0.000000	0.000000
0.4978	8.61	0.415502	0.000000	0.000000	0.000000
0.4978	8.98	0.415502	0.102823	0.000000	0.000000
0.4978	9.35	0.415502	0.132056	0.011089	0.000931
0.4978	9.71	0.415502	0.669355	0.000000	0.000000
0.4978	10.08	0.415502	0.392742	0.249392	0.158365
0.4978	10.45	0.415502	0.534824	0.303817	0.172589
0.4978	10.82	0.415502	0.701411	0.338689	0.163542
0.4978	11.18	0.415502	0.885256	0.231542	0.060561
0.4978	11.55	0.415502	0.959173	0.150841	0.023721
0.4978	11.92	0.415502	0.992214	0.003696	0.000014
0.4978	12.29	0.415502	0.994267	0.001893	0.000004
0.4978	12.65	0.415502	0.997984	0.001672	0.000003
0.4978	13.02	0.415502	0.999170	0.001477	0.000002
0.4978	13.39	0.415502	0.999389	0.001051	0.000001
0.4978	13.76	0.415502	0.997869	0.001358	0.000002
0.4978	14.12	0.415502	0.998420	0.001062	0.000001
0.4978	14.49	0.415502	0.999576	0.000822	0.000001
0.4978	14.86	0.415502	0.999788	0.000619	0.000000
0.4978	15.22	0.415502	0.977470	0.140379	0.020160
0.4978	15.59	0.415502	1.000000	0.000000	0.000000
0.4978	15.96	0.415502	1.000000	0.000000	0.000000
0.4978	16.33	0.415502	0.998811	0.000992	0.000001
0.4978	16.69	0.415502	0.998727	0.000973	0.000001
0.4978	17.06	0.415502	0.999845	0.000537	0.000000
0.4978	17.43	0.415502	0.999698	0.000720	0.000001
0.4978	17.80	0.415502	1.000000	0.000000	0.000000
0.4978	18.16	0.415502	1.000000	0.000000	0.000000
0.4978	18.53	0.415502	1.000000	0.000000	0.000000
0.4978	18.90	0.415502	1.000000	0.000000	0.000000
0.4978	19.27	0.415502	1.000000	0.000000	0.000000
0.4978	19.63	0.415502	1.000000	0.000000	0.000000
0.4978	20.00	0.415502	1.000000	0.000000	0.000000
0.5314	2.00	0.317289	0.000000	0.000000	0.000000
0.5314	2.37	0.317289	0.000000	0.000000	0.000000
0.5314	2.73	0.317289	0.000000	0.000000	0.000000
0.5314	3.10	0.317289	0.000000	0.000000	0.000000
0.5314	3.47	0.317289	0.000000	0.000000	0.000000
0.5314	3.84	0.317289	0.000000	0.000000	0.000000
0.5314	4.20	0.317289	0.000000	0.000000	0.000000
0.5314	4.57	0.317289	0.000000	0.000000	0.000000
0.5314	4.94	0.317289	0.000000	0.000000	0.000000
0.5314	5.31	0.317289	0.000000	0.000000	0.000000
0.5314	5.67	0.317289	0.000000	0.000000	0.000000
0.5314	6.04	0.317289	0.000000	0.000000	0.000000
0.5314	6.41	0.317289	0.000000	0.000000	0.000000
0.5314	6.78	0.317289	0.000000	0.000000	0.000000
0.5314	7.14	0.317289	0.000000	0.000000	0.000000
0.5314	7.51	0.317289	0.000000	0.000000	0.000000
0.5314	7.88	0.317289	0.000000	0.000000	0.000000
0.5314	8.24	0.317289	0.000000	0.000000	0.000000
0.5314	8.61	0.317289	0.000000	0.000000	0.000000
0.5314	8.98	0.317289	0.000000	0.000000	0.000000
0.5314	9.35	0.317289	0.000000	0.000000	0.000000
0.5314	9.71	0.317289	0.000000	0.000000	0.000000
0.5314	10.08	0.317289	0.000000	0.000000	0.000000
0.5314	10.45	0.317289	0.000000	0.000000	0.000000
0.5314	10.82	0.317289	0.000000	0.000000	0.000000
0.5314	11.18	0.317289	0.110220	0.010020	0.000911
0.5314	11.55	0.317289	0.114228	0.018746	0.003076
0.5314	11.92	0.317289	0.155311	0.067264	0.029131
0.5314	12.29	0.317289	0.147915	0.086050	0.050060
0.5314	12.65	0.317289	0.211566	0.128815	0.078431
0.5314	13.02	0.317289	0.336370	0.218836	0.142371
0.5314	13.39	0.317289	0.422142	0.274402	0.178368
0.5314	13.76	0.317289	0.509507	0.310555	0.189290
0.5314	14.12	0.317289	0.703858	0.286764	0.116833
0.5314	14.49	0.317289	0.930361	0.146708	0.023134
0.5314	14.86	0.317289	0.976723	0.023063	0.000545
0.5314	15.22	0.317289	0.990956	0.012377	0.000155
0.5314	15.59	0.317289	0.992836	0.007416	0.000055
0.5314	15.96	0.317289	0.994639	0.002952	0.000009
0.5314	16.33	0.317289	0.995942	0.001226	0.000002
0.5314	16.69	0.317289	0.999198	0.001079	0.000001
0.5314	17.06	0.317289	0.999098	0.000997	0.000001
0.5314	17.43	0.317289	0.998094	0.000432	0.000000
0.5314	17.80	0.317289	0.998282	0.000701	0.000000
0.5314	18.16	0.317289	0.998289	0.000708	0.000001
0.5314	18.53	0.317289	1.000000	0.000000	0.000000
0.5314	18.90	0.317289	1.000000	0.000000	0.000000
0.5314	19.27	0.317289	1.000000	0.000000	0.000000
0.5314	19.63	0.317289	1.000000	0.000000	0.000000
0.5314	20.00	0.317289	0.999954	0.000299	0.000000
