base_sigma	MAX_EXC_WEIGHT	Gini	mean_peaks_height	std_peaks_height	fano_factor
0.0300	5.00	0.926377	0.000000	0.000000	0.000000
0.0300	5.51	0.926377	0.000000	0.000000	0.000000
0.0300	6.02	0.926377	0.141287	0.000000	0.000000
0.0300	6.53	0.926377	0.320027	0.070867	0.015693
0.0300	7.04	0.926377	0.323685	0.092667	0.026529
0.0300	7.55	0.926377	0.397337	0.085208	0.018273
0.0300	8.06	0.926377	0.402850	0.097325	0.023513
0.0300	8.57	0.926377	0.427035	0.092592	0.020076
0.0300	9.08	0.926377	0.523221	0.147940	0.041830
0.0300	9.59	0.926377	0.491601	0.127339	0.032984
0.0300	10.10	0.926377	0.455307	0.126623	0.035215
0.0300	10.61	0.926377	0.511277	0.172739	0.058361
0.0300	11.12	0.926377	0.535615	0.186633	0.065032
0.0300	11.63	0.926377	0.503822	0.120835	0.028981
0.0300	12.14	0.926377	0.592127	0.251210	0.106576
0.0300	12.65	0.926377	0.565149	0.194433	0.066892
0.0300	13.16	0.926377	0.567677	0.184488	0.059956
0.0300	13.67	0.926377	0.568688	0.164077	0.047339
0.0300	14.18	0.926377	0.483651	0.179924	0.066934
0.0300	14.69	0.926377	0.558399	0.212385	0.080780
0.0300	15.20	0.926377	0.585877	0.163485	0.045619
0.0300	15.71	0.926377	0.739618	0.219047	0.064873
0.0300	16.22	0.926377	0.570013	0.135945	0.032422
0.0300	16.73	0.926377	0.552745	0.131196	0.031140
0.0300	17.24	0.926377	0.529223	0.187264	0.066263
0.0300	17.76	0.926377	0.567532	0.180115	0.057162
0.0300	18.27	0.926377	0.600558	0.182882	0.055691
0.0300	18.78	0.926377	0.561197	0.195692	0.068238
0.0300	19.29	0.926377	0.609123	0.209897	0.072328
0.0300	19.80	0.926377	0.687854	0.194726	0.055125
0.0300	20.31	0.926377	0.674062	0.207751	0.064030
0.0300	20.82	0.926377	0.719075	0.194721	0.052729
0.0300	21.33	0.926377	0.749615	0.179130	0.042805
0.0300	21.84	0.926377	0.745579	0.169784	0.038663
0.0300	22.35	0.926377	0.758570	0.158137	0.032966
0.0300	22.86	0.926377	0.764666	0.146635	0.028119
0.0300	23.37	0.926377	0.773624	0.160687	0.033376
0.0300	23.88	0.926377	0.721371	0.174409	0.042168
0.0300	24.39	0.926377	0.744654	0.162519	0.035469
0.0300	24.90	0.926377	0.775629	0.159215	0.032683
0.0300	25.41	0.926377	0.847341	0.153253	0.027718
0.0300	25.92	0.926377	0.878877	0.109733	0.013701
0.0300	26.43	0.926377	0.815417	0.145581	0.025991
0.0300	26.94	0.926377	0.832269	0.165883	0.033063
0.0300	27.45	0.926377	0.804654	0.169113	0.035542
0.0300	27.96	0.926377	0.828242	0.161493	0.031488
0.0300	28.47	0.926377	0.900439	0.112808	0.014133
0.0300	28.98	0.926377	0.830378	0.132947	0.021285
0.0300	29.49	0.926377	0.856015	0.127810	0.019083
0.0300	30.00	0.926377	0.836654	0.131647	0.020715
0.0437	5.00	0.922489	0.000000	0.000000	0.000000
0.0437	5.51	0.922489	0.000000	0.000000	0.000000
0.0437	6.02	0.922489	0.404389	0.000000	0.000000
0.0437	6.53	0.922489	0.329154	0.124237	0.046893
0.0437	7.04	0.922489	0.387670	0.068025	0.011936
0.0437	7.55	0.922489	0.338762	0.135960	0.054567
0.0437	8.06	0.922489	0.431857	0.134099	0.041640
0.0437	8.57	0.922489	0.463283	0.157695	0.053677
0.0437	9.08	0.922489	0.549293	0.174002	0.055120
0.0437	9.59	0.922489	0.636036	0.190316	0.056947
0.0437	10.10	0.922489	0.719108	0.186478	0.048357
0.0437	10.61	0.922489	0.782976	0.203603	0.052944
0.0437	11.12	0.922489	0.888758	0.148307	0.024748
0.0437	11.63	0.922489	0.908195	0.148618	0.024320
0.0437	12.14	0.922489	0.912182	0.139028	0.021190
0.0437	12.65	0.922489	0.643875	0.205191	0.065391
0.0437	13.16	0.922489	0.664095	0.207340	0.064735
0.0437	13.67	0.922489	0.982149	0.057616	0.003380
0.0437	14.18	0.922489	1.000000	0.000000	0.000000
0.0437	14.69	0.922489	0.999015	0.005745	0.000033
0.0437	15.20	0.922489	0.999149	0.003936	0.000016
0.0437	15.71	0.922489	0.999866	0.000577	0.000000
0.0437	16.22	0.922489	1.000000	0.000000	0.000000
0.0437	16.73	0.922489	1.000000	0.000000	0.000000
0.0437	17.24	0.922489	0.999910	0.000364	0.000000
0.0437	17.76	0.922489	1.000000	0.000000	0.000000
0.0437	18.27	0.922489	0.796238	0.251939	0.079716
0.0437	18.78	0.922489	0.760333	0.269498	0.095523
0.0437	19.29	0.922489	0.713427	0.294023	0.121175
0.0437	19.80	0.922489	0.741336	0.287961	0.111854
0.0437	20.31	0.922489	0.669441	0.291110	0.126591
0.0437	20.82	0.922489	0.714253	0.292284	0.119608
0.0437	21.33	0.922489	0.714275	0.292758	0.119992
0.0437	21.84	0.922489	0.684077	0.292947	0.125451
0.0437	22.35	0.922489	0.693238	0.288281	0.119881
0.0437	22.86	0.922489	0.781071	0.227644	0.066347
0.0437	23.37	0.922489	0.689081	0.293966	0.125408
0.0437	23.88	0.922489	0.841382	0.150338	0.026862
0.0437	24.39	0.922489	0.794223	0.173246	0.037790
0.0437	24.90	0.922489	0.837739	0.182297	0.039669
0.0437	25.41	0.922489	0.867490	0.169990	0.033311
0.0437	25.92	0.922489	0.801818	0.166521	0.034583
0.0437	26.43	0.922489	0.795108	0.169527	0.036145
0.0437	26.94	0.922489	0.836252	0.165058	0.032579
0.0437	27.45	0.922489	0.830976	0.166205	0.033243
0.0437	27.96	0.922489	0.800907	0.193436	0.046719
0.0437	28.47	0.922489	0.858483	0.170466	0.033849
0.0437	28.98	0.922489	0.905711	0.148164	0.024238
0.0437	29.49	0.922489	0.864142	0.142910	0.023634
0.0437	30.00	0.922489	0.909255	0.123696	0.016828
0.0573	5.00	0.907438	0.000000	0.000000	0.000000
0.0573	5.51	0.907438	0.000000	0.000000	0.000000
0.0573	6.02	0.907438	0.000000	0.000000	0.000000
0.0573	6.53	0.907438	0.000000	0.000000	0.000000
0.0573	7.04	0.907438	0.127760	0.000000	0.000000
0.0573	7.55	0.907438	0.428628	0.154584	0.055750
0.0573	8.06	0.907438	0.396215	0.252189	0.160518
0.0573	8.57	0.907438	0.624181	0.245801	0.096796
0.0573	9.08	0.907438	0.744637	0.256985	0.088689
0.0573	9.59	0.907438	0.863641	0.152142	0.026802
0.0573	10.10	0.907438	0.931464	0.051663	0.002865
0.0573	10.61	0.907438	0.969697	0.041038	0.001737
0.0573	11.12	0.907438	0.990632	0.012273	0.000152
0.0573	11.63	0.907438	0.998005	0.002871	0.000008
0.0573	12.14	0.907438	0.999594	0.001152	0.000001
0.0573	12.65	0.907438	0.999234	0.001429	0.000002
0.0573	13.16	0.907438	0.999820	0.000628	0.000000
0.0573	13.67	0.907438	1.000000	0.000000	0.000000
0.0573	14.18	0.907438	0.999915	0.000357	0.000000
0.0573	14.69	0.907438	1.000000	0.000000	0.000000
0.0573	15.20	0.907438	1.000000	0.000000	0.000000
0.0573	15.71	0.907438	1.000000	0.000000	0.000000
0.0573	16.22	0.907438	1.000000	0.000000	0.000000
0.0573	16.73	0.907438	1.000000	0.000000	0.000000
0.0573	17.24	0.907438	1.000000	0.000000	0.000000
0.0573	17.76	0.907438	1.000000	0.000000	0.000000
0.0573	18.27	0.907438	1.000000	0.000000	0.000000
0.0573	18.78	0.907438	1.000000	0.000000	0.000000
0.0573	19.29	0.907438	1.000000	0.000000	0.000000
0.0573	19.80	0.907438	1.000000	0.000000	0.000000
0.0573	20.31	0.907438	1.000000	0.000000	0.000000
0.0573	20.82	0.907438	1.000000	0.000000	0.000000
0.0573	21.33	0.907438	1.000000	0.000000	0.000000
0.0573	21.84	0.907438	1.000000	0.000000	0.000000
0.0573	22.35	0.907438	1.000000	0.000000	0.000000
0.0573	22.86	0.907438	0.999700	0.000619	0.000000
0.0573	23.37	0.907438	0.999980	0.000179	0.000000
0.0573	23.88	0.907438	0.971763	0.042117	0.001825
0.0573	24.39	0.907438	1.000000	0.000000	0.000000
0.0573	24.90	0.907438	1.000000	0.000000	0.000000
0.0573	25.41	0.907438	0.915383	0.115133	0.014481
0.0573	25.92	0.907438	0.972048	0.041296	0.001754
0.0573	26.43	0.907438	0.973994	0.039012	0.001563
0.0573	26.94	0.907438	0.938671	0.107091	0.012218
0.0573	27.45	0.907438	0.914569	0.143389	0.022481
0.0573	27.96	0.907438	0.898378	0.139201	0.021569
0.0573	28.47	0.907438	0.826072	0.144835	0.025394
0.0573	28.98	0.907438	0.875176	0.143704	0.023596
0.0573	29.49	0.907438	0.880797	0.140987	0.022567
0.0573	30.00	0.907438	0.876801	0.146274	0.024403
0.0710	5.00	0.909100	0.000000	0.000000	0.000000
0.0710	5.51	0.909100	0.382911	0.000000	0.000000
0.0710	6.02	0.909100	0.386076	0.001119	0.000003
0.0710	6.53	0.909100	0.389735	0.004569	0.000054
0.0710	7.04	0.909100	0.380080	0.058857	0.009114
0.0710	7.55	0.909100	0.411744	0.082914	0.016697
0.0710	8.06	0.909100	0.459838	0.118000	0.030280
0.0710	8.57	0.909100	0.554061	0.192928	0.067179
0.0710	9.08	0.909100	0.515957	0.118993	0.027443
0.0710	9.59	0.909100	0.578035	0.184146	0.058664
0.0710	10.10	0.909100	0.504691	0.098727	0.019313
0.0710	10.61	0.909100	0.564903	0.174042	0.053621
0.0710	11.12	0.909100	0.559460	0.175802	0.055243
0.0710	11.63	0.909100	0.546159	0.150762	0.041616
0.0710	12.14	0.909100	0.583170	0.190821	0.062439
0.0710	12.65	0.909100	0.561737	0.167559	0.049981
0.0710	13.16	0.909100	0.601623	0.222361	0.082185
0.0710	13.67	0.909100	0.565419	0.173799	0.053422
0.0710	14.18	0.909100	0.592464	0.245321	0.101579
0.0710	14.69	0.909100	0.525162	0.186018	0.065890
0.0710	15.20	0.909100	0.615958	0.259287	0.109146
0.0710	15.71	0.909100	0.577997	0.227014	0.089162
0.0710	16.22	0.909100	0.586642	0.253113	0.109208
0.0710	16.73	0.909100	0.611483	0.273140	0.122007
0.0710	17.24	0.909100	0.612825	0.270812	0.119673
0.0710	17.76	0.909100	0.609841	0.269239	0.118866
0.0710	18.27	0.909100	0.613068	0.274087	0.122537
0.0710	18.78	0.909100	0.611698	0.272615	0.121496
0.0710	19.29	0.909100	0.607035	0.270086	0.120168
0.0710	19.80	0.909100	0.623955	0.268734	0.115742
0.0710	20.31	0.909100	0.621785	0.266991	0.114645
0.0710	20.82	0.909100	0.747084	0.271765	0.098859
0.0710	21.33	0.909100	0.859821	0.228072	0.060497
0.0710	21.84	0.909100	0.873312	0.206805	0.048973
0.0710	22.35	0.909100	0.881712	0.202140	0.046342
0.0710	22.86	0.909100	0.953723	0.074889	0.005881
0.0710	23.37	0.909100	0.896488	0.179482	0.035933
0.0710	23.88	0.909100	0.952424	0.077636	0.006328
0.0710	24.39	0.909100	0.944404	0.090763	0.008723
0.0710	24.90	0.909100	0.952991	0.073547	0.005676
0.0710	25.41	0.909100	0.955547	0.082252	0.007080
0.0710	25.92	0.909100	0.965896	0.058188	0.003505
0.0710	26.43	0.909100	0.956099	0.072462	0.005492
0.0710	26.94	0.909100	0.959587	0.067980	0.004816
0.0710	27.45	0.909100	0.967071	0.059610	0.003674
0.0710	27.96	0.909100	0.939635	0.098393	0.010303
0.0710	28.47	0.909100	0.965088	0.074619	0.005769
0.0710	28.98	0.909100	0.974087	0.071979	0.005319
0.0710	29.49	0.909100	0.988633	0.025000	0.000632
0.0710	30.00	0.909100	0.991935	0.001314	0.000002
0.0847	5.00	0.888081	0.000000	0.000000	0.000000
0.0847	5.51	0.888081	0.000000	0.000000	0.000000
0.0847	6.02	0.888081	0.000000	0.000000	0.000000
0.0847	6.53	0.888081	0.000000	0.000000	0.000000
0.0847	7.04	0.888081	0.214626	0.000000	0.000000
0.0847	7.55	0.888081	0.200318	0.036566	0.006675
0.0847	8.06	0.888081	0.253100	0.011613	0.000533
0.0847	8.57	0.888081	0.307949	0.090511	0.026603
0.0847	9.08	0.888081	0.487105	0.229118	0.107770
0.0847	9.59	0.888081	0.557734	0.323099	0.187174
0.0847	10.10	0.888081	0.716590	0.299974	0.125573
0.0847	10.61	0.888081	0.837982	0.211340	0.053300
0.0847	11.12	0.888081	0.802498	0.227326	0.064396
0.0847	11.63	0.888081	0.813514	0.206055	0.052191
0.0847	12.14	0.888081	0.903107	0.153118	0.025961
0.0847	12.65	0.888081	0.993862	0.016696	0.000280
0.0847	13.16	0.888081	0.999956	0.000261	0.000000
0.0847	13.67	0.888081	1.000000	0.000000	0.000000
0.0847	14.18	0.888081	1.000000	0.000000	0.000000
0.0847	14.69	0.888081	0.999959	0.000251	0.000000
0.0847	15.20	0.888081	1.000000	0.000000	0.000000
0.0847	15.71	0.888081	1.000000	0.000000	0.000000
0.0847	16.22	0.888081	1.000000	0.000000	0.000000
0.0847	16.73	0.888081	1.000000	0.000000	0.000000
0.0847	17.24	0.888081	1.000000	0.000000	0.000000
0.0847	17.76	0.888081	1.000000	0.000000	0.000000
0.0847	18.27	0.888081	1.000000	0.000000	0.000000
0.0847	18.78	0.888081	1.000000	0.000000	0.000000
0.0847	19.29	0.888081	1.000000	0.000000	0.000000
0.0847	19.80	0.888081	1.000000	0.000000	0.000000
0.0847	20.31	0.888081	1.000000	0.000000	0.000000
0.0847	20.82	0.888081	1.000000	0.000000	0.000000
0.0847	21.33	0.888081	1.000000	0.000000	0.000000
0.0847	21.84	0.888081	1.000000	0.000000	0.000000
0.0847	22.35	0.888081	1.000000	0.000000	0.000000
0.0847	22.86	0.888081	1.000000	0.000000	0.000000
0.0847	23.37	0.888081	1.000000	0.000000	0.000000
0.0847	23.88	0.888081	1.000000	0.000000	0.000000
0.0847	24.39	0.888081	1.000000	0.000000	0.000000
0.0847	24.90	0.888081	1.000000	0.000000	0.000000
0.0847	25.41	0.888081	1.000000	0.000000	0.000000
0.0847	25.92	0.888081	0.996698	0.028794	0.000832
0.0847	26.43	0.888081	1.000000	0.000000	0.000000
0.0847	26.94	0.888081	0.990938	0.046078	0.002143
0.0847	27.45	0.888081	0.994095	0.036962	0.001374
0.0847	27.96	0.888081	0.896058	0.188383	0.039605
0.0847	28.47	0.888081	0.952411	0.103941	0.011344
0.0847	28.98	0.888081	0.959955	0.131663	0.018058
0.0847	29.49	0.888081	0.899692	0.221400	0.054483
0.0847	30.00	0.888081	0.881333	0.271606	0.083702
0.0984	5.00	0.852748	0.000000	0.000000	0.000000
0.0984	5.51	0.852748	0.000000	0.000000	0.000000
0.0984	6.02	0.852748	0.000000	0.000000	0.000000
0.0984	6.53	0.852748	0.000000	0.000000	0.000000
0.0984	7.04	0.852748	0.000000	0.000000	0.000000
0.0984	7.55	0.852748	0.000000	0.000000	0.000000
0.0984	8.06	0.852748	0.000000	0.000000	0.000000
0.0984	8.57	0.852748	0.192000	0.038400	0.007680
0.0984	9.08	0.852748	0.403200	0.283676	0.199583
0.0984	9.59	0.852748	0.663680	0.325359	0.159503
0.0984	10.10	0.852748	0.869486	0.192420	0.042583
0.0984	10.61	0.852748	0.977876	0.016452	0.000277
0.0984	11.12	0.852748	0.984000	0.022367	0.000508
0.0984	11.63	0.852748	0.991030	0.010736	0.000116
0.0984	12.14	0.852748	0.993783	0.004203	0.000018
0.0984	12.65	0.852748	0.991911	0.002098	0.000004
0.0984	13.16	0.852748	0.995200	0.000754	0.000001
0.0984	13.67	0.852748	0.995892	0.001021	0.000001
0.0984	14.18	0.852748	0.998141	0.001262	0.000002
0.0984	14.69	0.852748	0.998063	0.000834	0.000001
0.0984	15.20	0.852748	0.998189	0.000654	0.000000
0.0984	15.71	0.852748	0.998359	0.000253	0.000000
0.0984	16.22	0.852748	0.998147	0.000583	0.000000
0.0984	16.73	0.852748	0.996595	0.000535	0.000000
0.0984	17.24	0.852748	0.998195	0.001036	0.000001
0.0984	17.76	0.852748	0.998318	0.001252	0.000002
0.0984	18.27	0.852748	0.998400	0.000000	0.000000
0.0984	18.78	0.852748	0.998063	0.000652	0.000000
0.0984	19.29	0.852748	0.998728	0.000646	0.000000
0.0984	19.80	0.852748	1.000000	0.000000	0.000000
0.0984	20.31	0.852748	0.998646	0.000577	0.000000
0.0984	20.82	0.852748	0.999222	0.000800	0.000001
0.0984	21.33	0.852748	0.998523	0.000560	0.000000
0.0984	21.84	0.852748	0.998737	0.000748	0.000001
0.0984	22.35	0.852748	0.998400	0.000000	0.000000
0.0984	22.86	0.852748	0.998905	0.000744	0.000001
0.0984	23.37	0.852748	0.999959	0.000253	0.000000
0.0984	23.88	0.852748	1.000000	0.000000	0.000000
0.0984	24.39	0.852748	1.000000	0.000000	0.000000
0.0984	24.90	0.852748	1.000000	0.000000	0.000000
0.0984	25.41	0.852748	0.999914	0.000362	0.000000
0.0984	25.92	0.852748	1.000000	0.000000	0.000000
0.0984	26.43	0.852748	1.000000	0.000000	0.000000
0.0984	26.94	0.852748	1.000000	0.000000	0.000000
0.0984	27.45	0.852748	1.000000	0.000000	0.000000
0.0984	27.96	0.852748	1.000000	0.000000	0.000000
0.0984	28.47	0.852748	1.000000	0.000000	0.000000
0.0984	28.98	0.852748	1.000000	0.000000	0.000000
0.0984	29.49	0.852748	1.000000	0.000000	0.000000
0.0984	30.00	0.852748	1.000000	0.000000	0.000000
0.1120	5.00	0.832411	0.000000	0.000000	0.000000
0.1120	5.51	0.832411	0.000000	0.000000	0.000000
0.1120	6.02	0.832411	0.000000	0.000000	0.000000
0.1120	6.53	0.832411	0.000000	0.000000	0.000000
0.1120	7.04	0.832411	0.000000	0.000000	0.000000
0.1120	7.55	0.832411	0.000000	0.000000	0.000000
0.1120	8.06	0.832411	0.000000	0.000000	0.000000
0.1120	8.57	0.832411	0.000000	0.000000	0.000000
0.1120	9.08	0.832411	0.137876	0.037982	0.010463
0.1120	9.59	0.832411	0.151913	0.052091	0.017862
0.1120	10.10	0.832411	0.257594	0.149307	0.086542
0.1120	10.61	0.832411	0.337857	0.183094	0.099224
0.1120	11.12	0.832411	0.436873	0.229979	0.121066
0.1120	11.63	0.832411	0.715484	0.229468	0.073594
0.1120	12.14	0.832411	0.831340	0.154296	0.028637
0.1120	12.65	0.832411	0.866749	0.169659	0.033209
0.1120	13.16	0.832411	0.875803	0.230197	0.060505
0.1120	13.67	0.832411	0.947494	0.143542	0.021746
0.1120	14.18	0.832411	0.979955	0.024461	0.000611
0.1120	14.69	0.832411	0.983705	0.023047	0.000540
0.1120	15.20	0.832411	0.996587	0.004359	0.000019
0.1120	15.71	0.832411	0.997643	0.001337	0.000002
0.1120	16.22	0.832411	0.994666	0.004312	0.000019
0.1120	16.73	0.832411	0.994589	0.011709	0.000138
0.1120	17.24	0.832411	0.996157	0.001367	0.000002
0.1120	17.76	0.832411	0.996405	0.001311	0.000002
0.1120	18.27	0.832411	0.997821	0.003502	0.000012
0.1120	18.78	0.832411	0.998840	0.000928	0.000001
0.1120	19.29	0.832411	0.999881	0.000417	0.000000
0.1120	19.80	0.832411	0.998377	0.001464	0.000002
0.1120	20.31	0.832411	0.998724	0.001410	0.000002
0.1120	20.82	0.832411	0.998493	0.000341	0.000000
0.1120	21.33	0.832411	0.999837	0.000481	0.000000
0.1120	21.84	0.832411	0.999604	0.000686	0.000000
0.1120	22.35	0.832411	0.998415	0.000354	0.000000
0.1120	22.86	0.832411	1.000000	0.000000	0.000000
0.1120	23.37	0.832411	0.999089	0.000783	0.000001
0.1120	23.88	0.832411	1.000000	0.000000	0.000000
0.1120	24.39	0.832411	1.000000	0.000000	0.000000
0.1120	24.90	0.832411	0.998693	0.000602	0.000000
0.1120	25.41	0.832411	1.000000	0.000000	0.000000
0.1120	25.92	0.832411	0.998415	0.001015	0.000001
0.1120	26.43	0.832411	0.997410	0.000840	0.000001
0.1120	26.94	0.832411	1.000000	0.000000	0.000000
0.1120	27.45	0.832411	0.999756	0.000572	0.000000
0.1120	27.96	0.832411	1.000000	0.000000	0.000000
0.1120	28.47	0.832411	0.999878	0.000422	0.000000
0.1120	28.98	0.832411	0.998665	0.000578	0.000000
0.1120	29.49	0.832411	0.999875	0.000427	0.000000
0.1120	30.00	0.832411	0.998456	0.000670	0.000000
0.1257	5.00	0.814313	0.000000	0.000000	0.000000
0.1257	5.51	0.814313	0.000000	0.000000	0.000000
0.1257	6.02	0.814313	0.000000	0.000000	0.000000
0.1257	6.53	0.814313	0.000000	0.000000	0.000000
0.1257	7.04	0.814313	0.000000	0.000000	0.000000
0.1257	7.55	0.814313	0.108943	0.000000	0.000000
0.1257	8.06	0.814313	0.515989	0.287826	0.160553
0.1257	8.57	0.814313	0.664499	0.182681	0.050222
0.1257	9.08	0.814313	0.737184	0.007082	0.000068
0.1257	9.59	0.814313	0.747252	0.008112	0.000088
0.1257	10.10	0.814313	0.752453	0.010465	0.000146
0.1257	10.61	0.814313	0.769050	0.018354	0.000438
0.1257	11.12	0.814313	0.767022	0.018854	0.000463
0.1257	11.63	0.814313	0.791131	0.021907	0.000607
0.1257	12.14	0.814313	0.750337	0.108319	0.015637
0.1257	12.65	0.814313	0.756933	0.111036	0.016288
0.1257	13.16	0.814313	0.834983	0.037658	0.001698
0.1257	13.67	0.814313	0.807922	0.194830	0.046983
0.1257	14.18	0.814313	0.870490	0.042804	0.002105
0.1257	14.69	0.814313	0.825516	0.164454	0.032761
0.1257	15.20	0.814313	0.783508	0.241772	0.074605
0.1257	15.71	0.814313	0.814837	0.222112	0.060544
0.1257	16.22	0.814313	0.821990	0.235838	0.067664
0.1257	16.73	0.814313	0.777500	0.264886	0.090244
0.1257	17.24	0.814313	0.810853	0.247103	0.075303
0.1257	17.76	0.814313	0.829268	0.232750	0.065326
0.1257	18.27	0.814313	0.900688	0.156356	0.027143
0.1257	18.78	0.814313	0.813473	0.242757	0.072444
0.1257	19.29	0.814313	0.813267	0.251859	0.077998
0.1257	19.80	0.814313	0.919366	0.116571	0.014781
0.1257	20.31	0.814313	0.860356	0.208726	0.050638
0.1257	20.82	0.814313	0.829306	0.243237	0.071342
0.1257	21.33	0.814313	0.917967	0.153906	0.025804
0.1257	21.84	0.814313	0.871465	0.207481	0.049397
0.1257	22.35	0.814313	0.920569	0.153041	0.025442
0.1257	22.86	0.814313	0.914405	0.154584	0.026133
0.1257	23.37	0.814313	0.956098	0.002352	0.000006
0.1257	23.88	0.814313	0.958124	0.003708	0.000014
0.1257	24.39	0.814313	0.955772	0.002675	0.000007
0.1257	24.90	0.814313	0.957963	0.002287	0.000005
0.1257	25.41	0.814313	0.959892	0.002442	0.000006
0.1257	25.92	0.814313	0.891593	0.150215	0.025308
0.1257	26.43	0.814313	0.961639	0.002194	0.000005
0.1257	26.94	0.814313	0.956220	0.002555	0.000007
0.1257	27.45	0.814313	0.951082	0.039843	0.001669
0.1257	27.96	0.814313	0.964127	0.002534	0.000007
0.1257	28.47	0.814313	0.961618	0.002486	0.000006
0.1257	28.98	0.814313	0.913250	0.076419	0.006395
0.1257	29.49	0.814313	0.955454	0.002311	0.000006
0.1257	30.00	0.814313	0.961445	0.002625	0.000007
0.1394	5.00	0.793405	0.000000	0.000000	0.000000
0.1394	5.51	0.793405	0.000000	0.000000	0.000000
0.1394	6.02	0.793405	0.000000	0.000000	0.000000
0.1394	6.53	0.793405	0.000000	0.000000	0.000000
0.1394	7.04	0.793405	0.000000	0.000000	0.000000
0.1394	7.55	0.793405	0.000000	0.000000	0.000000
0.1394	8.06	0.793405	0.163705	0.056586	0.019560
0.1394	8.57	0.793405	0.220355	0.097449	0.043096
0.1394	9.08	0.793405	0.376875	0.038227	0.003877
0.1394	9.59	0.793405	0.458900	0.065469	0.009340
0.1394	10.10	0.793405	0.462222	0.143679	0.044662
0.1394	10.61	0.793405	0.573133	0.167463	0.048931
0.1394	11.12	0.793405	0.828287	0.142627	0.024560
0.1394	11.63	0.793405	0.933973	0.044751	0.002144
0.1394	12.14	0.793405	0.926910	0.135591	0.019835
0.1394	12.65	0.793405	0.909855	0.180896	0.035966
0.1394	13.16	0.793405	0.975260	0.038879	0.001550
0.1394	13.67	0.793405	0.955080	0.068579	0.004924
0.1394	14.18	0.793405	0.982579	0.007541	0.000058
0.1394	14.69	0.793405	0.959230	0.060514	0.003818
0.1394	15.20	0.793405	0.980034	0.023988	0.000587
0.1394	15.71	0.793405	0.978148	0.034213	0.001197
0.1394	16.22	0.793405	0.981058	0.020019	0.000408
0.1394	16.73	0.793405	0.984047	0.035083	0.001251
0.1394	17.24	0.793405	0.988967	0.004250	0.000018
0.1394	17.76	0.793405	0.991155	0.004992	0.000025
0.1394	18.27	0.793405	0.992474	0.002488	0.000006
0.1394	18.78	0.793405	0.994669	0.000969	0.000001
0.1394	19.29	0.793405	0.997415	0.001009	0.000001
0.1394	19.80	0.793405	0.998263	0.000838	0.000001
0.1394	20.31	0.793405	0.996654	0.001021	0.000001
0.1394	20.82	0.793405	0.996731	0.001086	0.000001
0.1394	21.33	0.793405	0.996887	0.000552	0.000000
0.1394	21.84	0.793405	0.998154	0.000565	0.000000
0.1394	22.35	0.793405	0.997698	0.000799	0.000001
0.1394	22.86	0.793405	0.998384	0.000798	0.000001
0.1394	23.37	0.793405	0.997163	0.000780	0.000001
0.1394	23.88	0.793405	0.997415	0.000870	0.000001
0.1394	24.39	0.793405	0.997738	0.000791	0.000001
0.1394	24.90	0.793405	0.998384	0.000000	0.000000
0.1394	25.41	0.793405	0.997183	0.000795	0.000001
0.1394	25.92	0.793405	0.996405	0.001113	0.000001
0.1394	26.43	0.793405	0.997213	0.000721	0.000001
0.1394	26.94	0.793405	0.998384	0.000000	0.000000
0.1394	27.45	0.793405	0.998301	0.000699	0.000000
0.1394	27.96	0.793405	0.997788	0.000964	0.000001
0.1394	28.47	0.793405	0.998336	0.000275	0.000000
0.1394	28.98	0.793405	0.996127	0.001013	0.000001
0.1394	29.49	0.793405	0.996788	0.000175	0.000000
0.1394	30.00	0.793405	0.998708	0.000646	0.000000
0.1531	5.00	0.754852	0.000000	0.000000	0.000000
0.1531	5.51	0.754852	0.000000	0.000000	0.000000
0.1531	6.02	0.754852	0.000000	0.000000	0.000000
0.1531	6.53	0.754852	0.000000	0.000000	0.000000
0.1531	7.04	0.754852	0.000000	0.000000	0.000000
0.1531	7.55	0.754852	0.000000	0.000000	0.000000
0.1531	8.06	0.754852	0.000000	0.000000	0.000000
0.1531	8.57	0.754852	0.000000	0.000000	0.000000
0.1531	9.08	0.754852	0.125817	0.000000	0.000000
0.1531	9.59	0.754852	0.382966	0.220073	0.126466
0.1531	10.10	0.754852	0.502514	0.185557	0.068518
0.1531	10.61	0.754852	0.608232	0.198648	0.064878
0.1531	11.12	0.754852	0.678286	0.110632	0.018045
0.1531	11.63	0.754852	0.685866	0.097987	0.013999
0.1531	12.14	0.754852	0.670944	0.126887	0.023996
0.1531	12.65	0.754852	0.651058	0.172699	0.045810
0.1531	13.16	0.754852	0.603435	0.219791	0.080055
0.1531	13.67	0.754852	0.602524	0.231760	0.089146
0.1531	14.18	0.754852	0.546584	0.256821	0.120672
0.1531	14.69	0.754852	0.609157	0.244868	0.098432
0.1531	15.20	0.754852	0.554151	0.246443	0.109598
0.1531	15.71	0.754852	0.571252	0.237400	0.098658
0.1531	16.22	0.754852	0.577094	0.227856	0.089965
0.1531	16.73	0.754852	0.601894	0.243131	0.098211
0.1531	17.24	0.754852	0.576968	0.224119	0.087057
0.1531	17.76	0.754852	0.578383	0.230745	0.092056
0.1531	18.27	0.754852	0.603401	0.234606	0.091216
0.1531	18.78	0.754852	0.584894	0.229279	0.089878
0.1531	19.29	0.754852	0.565975	0.223104	0.087946
0.1531	19.80	0.754852	0.814713	0.238549	0.069847
0.1531	20.31	0.754852	0.621278	0.250353	0.100883
0.1531	20.82	0.754852	0.617979	0.247135	0.098831
0.1531	21.33	0.754852	0.663881	0.263584	0.104652
0.1531	21.84	0.754852	0.810850	0.248704	0.076283
0.1531	22.35	0.754852	0.704100	0.262618	0.097953
0.1531	22.86	0.754852	0.781110	0.260773	0.087059
0.1531	23.37	0.754852	0.669325	0.261540	0.102197
0.1531	23.88	0.754852	0.737412	0.246505	0.082403
0.1531	24.39	0.754852	0.962029	0.117537	0.014360
0.1531	24.90	0.754852	0.610320	0.242525	0.096373
0.1531	25.41	0.754852	0.685185	0.266370	0.103553
0.1531	25.92	0.754852	0.727548	0.263858	0.095693
0.1531	26.43	0.754852	0.614685	0.236657	0.091114
0.1531	26.94	0.754852	0.813147	0.251363	0.077702
0.1531	27.45	0.754852	0.861795	0.219033	0.055669
0.1531	27.96	0.754852	0.741739	0.263380	0.093522
0.1531	28.47	0.754852	0.858851	0.238536	0.066251
0.1531	28.98	0.754852	0.868748	0.227861	0.059765
0.1531	29.49	0.754852	0.870289	0.225752	0.058560
0.1531	30.00	0.754852	0.773810	0.260298	0.087560
0.1667	5.00	0.744447	0.000000	0.000000	0.000000
0.1667	5.51	0.744447	0.000000	0.000000	0.000000
0.1667	6.02	0.744447	0.000000	0.000000	0.000000
0.1667	6.53	0.744447	0.000000	0.000000	0.000000
0.1667	7.04	0.744447	0.000000	0.000000	0.000000
0.1667	7.55	0.744447	0.357843	0.000000	0.000000
0.1667	8.06	0.744447	0.458497	0.003365	0.000025
0.1667	8.57	0.744447	0.456699	0.010366	0.000235
0.1667	9.08	0.744447	0.470143	0.040746	0.003531
0.1667	9.59	0.744447	0.507716	0.021093	0.000876
0.1667	10.10	0.744447	0.571195	0.017341	0.000526
0.1667	10.61	0.744447	0.604261	0.023860	0.000942
0.1667	11.12	0.744447	0.594538	0.019322	0.000628
0.1667	11.63	0.744447	0.615750	0.017208	0.000481
0.1667	12.14	0.744447	0.688879	0.040714	0.002406
0.1667	12.65	0.744447	0.732719	0.044750	0.002733
0.1667	13.16	0.744447	0.602778	0.238027	0.093993
0.1667	13.67	0.744447	0.610465	0.258842	0.109751
0.1667	14.18	0.744447	0.619107	0.270982	0.118608
0.1667	14.69	0.744447	0.727718	0.246783	0.083689
0.1667	15.20	0.744447	0.762434	0.235988	0.073043
0.1667	15.71	0.744447	0.806087	0.149836	0.027851
0.1667	16.22	0.744447	0.830521	0.137005	0.022601
0.1667	16.73	0.744447	0.810160	0.185747	0.042587
0.1667	17.24	0.744447	0.784895	0.181882	0.042147
0.1667	17.76	0.744447	0.884314	0.137770	0.021463
0.1667	18.27	0.744447	0.844657	0.174044	0.035862
0.1667	18.78	0.744447	0.913877	0.040396	0.001786
0.1667	19.29	0.744447	0.926032	0.034870	0.001313
0.1667	19.80	0.744447	0.914138	0.048821	0.002607
0.1667	20.31	0.744447	0.939970	0.022795	0.000553
0.1667	20.82	0.744447	0.954567	0.007809	0.000064
0.1667	21.33	0.744447	0.956660	0.008242	0.000071
0.1667	21.84	0.744447	0.961290	0.006353	0.000042
0.1667	22.35	0.744447	0.953392	0.038804	0.001579
0.1667	22.86	0.744447	0.958712	0.003698	0.000014
0.1667	23.37	0.744447	0.961779	0.002743	0.000008
0.1667	23.88	0.744447	0.962929	0.004728	0.000023
0.1667	24.39	0.744447	0.968270	0.002317	0.000006
0.1667	24.90	0.744447	0.966620	0.002811	0.000008
0.1667	25.41	0.744447	0.968689	0.002605	0.000007
0.1667	25.92	0.744447	0.883987	0.140503	0.022332
0.1667	26.43	0.744447	0.947585	0.028504	0.000857
0.1667	26.94	0.744447	0.968453	0.002445	0.000006
0.1667	27.45	0.744447	0.966973	0.004811	0.000024
0.1667	27.96	0.744447	0.968026	0.002643	0.000007
0.1667	28.47	0.744447	0.967342	0.002365	0.000006
0.1667	28.98	0.744447	0.885116	0.093791	0.009938
0.1667	29.49	0.744447	0.892376	0.087003	0.008482
0.1667	30.00	0.744447	0.917370	0.090106	0.008850
0.1804	5.00	0.713245	0.000000	0.000000	0.000000
0.1804	5.51	0.713245	0.000000	0.000000	0.000000
0.1804	6.02	0.713245	0.000000	0.000000	0.000000
0.1804	6.53	0.713245	0.000000	0.000000	0.000000
0.1804	7.04	0.713245	0.000000	0.000000	0.000000
0.1804	7.55	0.713245	0.000000	0.000000	0.000000
0.1804	8.06	0.713245	0.104596	0.000000	0.000000
0.1804	8.57	0.713245	0.000000	0.000000	0.000000
0.1804	9.08	0.713245	0.408422	0.173335	0.073564
0.1804	9.59	0.713245	0.643423	0.050076	0.003897
0.1804	10.10	0.713245	0.681375	0.020602	0.000623
0.1804	10.61	0.713245	0.693138	0.012650	0.000231
0.1804	11.12	0.713245	0.732488	0.021460	0.000629
0.1804	11.63	0.713245	0.799577	0.046415	0.002694
0.1804	12.14	0.713245	0.835975	0.039259	0.001844
0.1804	12.65	0.713245	0.844225	0.026924	0.000859
0.1804	13.16	0.713245	0.843590	0.126598	0.018999
0.1804	13.67	0.713245	0.913425	0.128319	0.018026
0.1804	14.18	0.713245	0.891015	0.191028	0.040955
0.1804	14.69	0.713245	0.904547	0.184895	0.037794
0.1804	15.20	0.713245	0.926585	0.180655	0.035222
0.1804	15.71	0.713245	0.923336	0.174641	0.033032
0.1804	16.22	0.713245	0.933994	0.057494	0.003539
0.1804	16.73	0.713245	0.894225	0.176276	0.034749
0.1804	17.24	0.713245	0.979754	0.019317	0.000381
0.1804	17.76	0.713245	0.939325	0.129958	0.017980
0.1804	18.27	0.713245	0.948255	0.120458	0.015302
0.1804	18.78	0.713245	0.984303	0.023136	0.000544
0.1804	19.29	0.713245	0.981523	0.022343	0.000509
0.1804	19.80	0.713245	0.994125	0.003036	0.000009
0.1804	20.31	0.713245	0.995207	0.002387	0.000006
0.1804	20.82	0.713245	0.996683	0.002643	0.000007
0.1804	21.33	0.713245	0.995132	0.001673	0.000003
0.1804	21.84	0.713245	0.996536	0.001460	0.000002
0.1804	22.35	0.713245	0.997088	0.001564	0.000002
0.1804	22.86	0.713245	0.996491	0.000814	0.000001
0.1804	23.37	0.713245	0.995135	0.001581	0.000003
0.1804	23.88	0.713245	0.996227	0.001245	0.000002
0.1804	24.39	0.713245	0.996669	0.000632	0.000000
0.1804	24.90	0.713245	0.991767	0.001003	0.000001
0.1804	25.41	0.713245	0.999208	0.000792	0.000001
0.1804	25.92	0.713245	0.992899	0.000957	0.000001
0.1804	26.43	0.713245	0.996753	0.000341	0.000000
0.1804	26.94	0.713245	0.995023	0.000692	0.000000
0.1804	27.45	0.713245	0.996830	0.000000	0.000000
0.1804	27.96	0.713245	0.997143	0.001009	0.000001
0.1804	28.47	0.713245	0.997065	0.000563	0.000000
0.1804	28.98	0.713245	0.995147	0.001158	0.000001
0.1804	29.49	0.713245	0.998530	0.001148	0.000001
0.1804	30.00	0.713245	0.982982	0.094684	0.009120
0.1941	5.00	0.692199	0.000000	0.000000	0.000000
0.1941	5.51	0.692199	0.000000	0.000000	0.000000
0.1941	6.02	0.692199	0.000000	0.000000	0.000000
0.1941	6.53	0.692199	0.000000	0.000000	0.000000
0.1941	7.04	0.692199	0.000000	0.000000	0.000000
0.1941	7.55	0.692199	0.000000	0.000000	0.000000
0.1941	8.06	0.692199	0.000000	0.000000	0.000000
0.1941	8.57	0.692199	0.000000	0.000000	0.000000
0.1941	9.08	0.692199	0.000000	0.000000	0.000000
0.1941	9.59	0.692199	0.157767	0.047735	0.014443
0.1941	10.10	0.692199	0.261327	0.013754	0.000724
0.1941	10.61	0.692199	0.235321	0.099424	0.042007
0.1941	11.12	0.692199	0.438815	0.160332	0.058582
0.1941	11.63	0.692199	0.624955	0.196997	0.062097
0.1941	12.14	0.692199	0.730005	0.190235	0.049574
0.1941	12.65	0.692199	0.851655	0.076535	0.006878
0.1941	13.16	0.692199	0.810635	0.198246	0.048483
0.1941	13.67	0.692199	0.903930	0.052070	0.002999
0.1941	14.18	0.692199	0.923858	0.042523	0.001957
0.1941	14.69	0.692199	0.935999	0.141794	0.021480
0.1941	15.20	0.692199	0.971640	0.021214	0.000463
0.1941	15.71	0.692199	0.978155	0.015825	0.000256
0.1941	16.22	0.692199	0.983414	0.018431	0.000345
0.1941	16.73	0.692199	0.990568	0.007975	0.000064
0.1941	17.24	0.692199	0.992834	0.010517	0.000111
0.1941	17.76	0.692199	0.971683	0.134683	0.018668
0.1941	18.27	0.692199	0.995619	0.005528	0.000031
0.1941	18.78	0.692199	0.992963	0.008590	0.000074
0.1941	19.29	0.692199	0.996952	0.001787	0.000003
0.1941	19.80	0.692199	0.990407	0.018676	0.000352
0.1941	20.31	0.692199	0.996448	0.004877	0.000024
0.1941	20.82	0.692199	0.997178	0.003792	0.000014
0.1941	21.33	0.692199	0.998151	0.000833	0.000001
0.1941	21.84	0.692199	0.998645	0.002092	0.000004
0.1941	22.35	0.692199	0.998921	0.002386	0.000006
0.1941	22.86	0.692199	0.998883	0.002274	0.000005
0.1941	23.37	0.692199	0.999044	0.001666	0.000003
0.1941	23.88	0.692199	0.998860	0.001317	0.000002
0.1941	24.39	0.692199	0.999816	0.000989	0.000001
0.1941	24.90	0.692199	0.999925	0.000341	0.000000
0.1941	25.41	0.692199	0.999923	0.000345	0.000000
0.1941	25.92	0.692199	0.998777	0.000695	0.000000
0.1941	26.43	0.692199	0.998497	0.000417	0.000000
0.1941	26.94	0.692199	1.000000	0.000000	0.000000
0.1941	27.45	0.692199	0.999092	0.001014	0.000001
0.1941	27.96	0.692199	0.999961	0.000247	0.000000
0.1941	28.47	0.692199	1.000000	0.000000	0.000000
0.1941	28.98	0.692199	1.000000	0.000000	0.000000
0.1941	29.49	0.692199	0.999923	0.000345	0.000000
0.1941	30.00	0.692199	0.999884	0.000417	0.000000
0.2078	5.00	0.704621	0.000000	0.000000	0.000000
0.2078	5.51	0.704621	0.000000	0.000000	0.000000
0.2078	6.02	0.704621	0.000000	0.000000	0.000000
0.2078	6.53	0.704621	0.000000	0.000000	0.000000
0.2078	7.04	0.704621	0.000000	0.000000	0.000000
0.2078	7.55	0.704621	0.000000	0.000000	0.000000
0.2078	8.06	0.704621	0.000000	0.000000	0.000000
0.2078	8.57	0.704621	0.000000	0.000000	0.000000
0.2078	9.08	0.704621	0.000000	0.000000	0.000000
0.2078	9.59	0.704621	0.000000	0.000000	0.000000
0.2078	10.10	0.704621	0.151810	0.022549	0.003349
0.2078	10.61	0.704621	0.240951	0.103967	0.044860
0.2078	11.12	0.704621	0.222853	0.138638	0.086247
0.2078	11.63	0.704621	0.359806	0.181628	0.091685
0.2078	12.14	0.704621	0.449831	0.198564	0.087650
0.2078	12.65	0.704621	0.610579	0.225381	0.083194
0.2078	13.16	0.704621	0.784127	0.032834	0.001375
0.2078	13.67	0.704621	0.815576	0.170544	0.035662
0.2078	14.18	0.704621	0.900127	0.048359	0.002598
0.2078	14.69	0.704621	0.832600	0.210851	0.053397
0.2078	15.20	0.704621	0.915015	0.146621	0.023495
0.2078	15.71	0.704621	0.914448	0.174007	0.033111
0.2078	16.22	0.704621	0.946553	0.120137	0.015248
0.2078	16.73	0.704621	0.952508	0.121683	0.015545
0.2078	17.24	0.704621	0.976268	0.028874	0.000854
0.2078	17.76	0.704621	0.978194	0.037211	0.001415
0.2078	18.27	0.704621	0.972711	0.123353	0.015643
0.2078	18.78	0.704621	0.995215	0.006415	0.000041
0.2078	19.29	0.704621	0.996951	0.006731	0.000045
0.2078	19.80	0.704621	0.998945	0.001042	0.000001
0.2078	20.31	0.704621	0.998269	0.004589	0.000021
0.2078	20.82	0.704621	0.995243	0.001863	0.000003
0.2078	21.33	0.704621	0.999962	0.000244	0.000000
0.2078	21.84	0.704621	0.998195	0.000990	0.000001
0.2078	22.35	0.704621	0.998304	0.000853	0.000001
0.2078	22.86	0.704621	0.999962	0.000244	0.000000
0.2078	23.37	0.704621	1.000000	0.000000	0.000000
0.2078	23.88	0.704621	0.999853	0.000466	0.000000
0.2078	24.39	0.704621	0.999595	0.000782	0.000001
0.2078	24.90	0.704621	0.999484	0.000755	0.000001
0.2078	25.41	0.704621	1.000000	0.000000	0.000000
0.2078	25.92	0.704621	0.998379	0.000346	0.000000
0.2078	26.43	0.704621	1.000000	0.000000	0.000000
0.2078	26.94	0.704621	1.000000	0.000000	0.000000
0.2078	27.45	0.704621	1.000000	0.000000	0.000000
0.2078	27.96	0.704621	1.000000	0.000000	0.000000
0.2078	28.47	0.704621	1.000000	0.000000	0.000000
0.2078	28.98	0.704621	1.000000	0.000000	0.000000
0.2078	29.49	0.704621	1.000000	0.000000	0.000000
0.2078	30.00	0.704621	0.999846	0.000476	0.000000
0.2214	5.00	0.647615	0.000000	0.000000	0.000000
0.2214	5.51	0.647615	0.000000	0.000000	0.000000
0.2214	6.02	0.647615	0.000000	0.000000	0.000000
0.2214	6.53	0.647615	0.000000	0.000000	0.000000
0.2214	7.04	0.647615	0.000000	0.000000	0.000000
0.2214	7.55	0.647615	0.000000	0.000000	0.000000
0.2214	8.06	0.647615	0.000000	0.000000	0.000000
0.2214	8.57	0.647615	0.000000	0.000000	0.000000
0.2214	9.08	0.647615	0.000000	0.000000	0.000000
0.2214	9.59	0.647615	0.000000	0.000000	0.000000
0.2214	10.10	0.647615	0.144481	0.000000	0.000000
0.2214	10.61	0.647615	0.122835	0.030235	0.007442
0.2214	11.12	0.647615	0.377638	0.234276	0.145338
0.2214	11.63	0.647615	0.529959	0.281875	0.149924
0.2214	12.14	0.647615	0.761724	0.222758	0.065143
0.2214	12.65	0.647615	0.816663	0.155588	0.029642
0.2214	13.16	0.647615	0.839147	0.257329	0.078912
0.2214	13.67	0.647615	0.960111	0.042876	0.001915
0.2214	14.18	0.647615	0.959370	0.047389	0.002341
0.2214	14.69	0.647615	0.969882	0.022872	0.000539
0.2214	15.20	0.647615	0.971154	0.025756	0.000683
0.2214	15.71	0.647615	0.972890	0.008974	0.000083
0.2214	16.22	0.647615	0.981534	0.003261	0.000011
0.2214	16.73	0.647615	0.983523	0.002477	0.000006
0.2214	17.24	0.647615	0.986142	0.001901	0.000004
0.2214	17.76	0.647615	0.987419	0.002230	0.000005
0.2214	18.27	0.647615	0.988082	0.001814	0.000003
0.2214	18.78	0.647615	0.985805	0.002074	0.000004
0.2214	19.29	0.647615	0.986820	0.002072	0.000004
0.2214	19.80	0.647615	0.986775	0.001703	0.000003
0.2214	20.31	0.647615	0.993313	0.001132	0.000001
0.2214	20.82	0.647615	0.983418	0.001958	0.000004
0.2214	21.33	0.647615	0.983766	0.001940	0.000004
0.2214	21.84	0.647615	0.990569	0.001980	0.000004
0.2214	22.35	0.647615	0.985003	0.001316	0.000002
0.2214	22.86	0.647615	0.985746	0.001412	0.000002
0.2214	23.37	0.647615	0.995169	0.000750	0.000001
0.2214	23.88	0.647615	0.991764	0.001538	0.000002
0.2214	24.39	0.647615	0.991767	0.001142	0.000001
0.2214	24.90	0.647615	0.992231	0.001644	0.000003
0.2214	25.41	0.647615	0.992347	0.001385	0.000002
0.2214	25.92	0.647615	0.990418	0.001179	0.000001
0.2214	26.43	0.647615	0.994774	0.000983	0.000001
0.2214	26.94	0.647615	0.993586	0.001131	0.000001
0.2214	27.45	0.647615	0.993994	0.001159	0.000001
0.2214	27.96	0.647615	0.994241	0.001186	0.000001
0.2214	28.47	0.647615	0.991646	0.001459	0.000002
0.2214	28.98	0.647615	0.994399	0.000885	0.000001
0.2214	29.49	0.647615	0.993007	0.001171	0.000001
0.2214	30.00	0.647615	0.992466	0.001006	0.000001
0.2351	5.00	0.674824	0.000000	0.000000	0.000000
0.2351	5.51	0.674824	0.000000	0.000000	0.000000
0.2351	6.02	0.674824	0.000000	0.000000	0.000000
0.2351	6.53	0.674824	0.000000	0.000000	0.000000
0.2351	7.04	0.674824	0.000000	0.000000	0.000000
0.2351	7.55	0.674824	0.000000	0.000000	0.000000
0.2351	8.06	0.674824	0.000000	0.000000	0.000000
0.2351	8.57	0.674824	0.000000	0.000000	0.000000
0.2351	9.08	0.674824	0.000000	0.000000	0.000000
0.2351	9.59	0.674824	0.000000	0.000000	0.000000
0.2351	10.10	0.674824	0.000000	0.000000	0.000000
0.2351	10.61	0.674824	0.000000	0.000000	0.000000
0.2351	11.12	0.674824	0.157781	0.034024	0.007337
0.2351	11.63	0.674824	0.188784	0.073787	0.028840
0.2351	12.14	0.674824	0.203944	0.080992	0.032164
0.2351	12.65	0.674824	0.290667	0.124988	0.053745
0.2351	13.16	0.674824	0.297019	0.112479	0.042595
0.2351	13.67	0.674824	0.399534	0.124512	0.038803
0.2351	14.18	0.674824	0.499165	0.128593	0.033128
0.2351	14.69	0.674824	0.625842	0.188127	0.056551
0.2351	15.20	0.674824	0.735127	0.197335	0.052972
0.2351	15.71	0.674824	0.894361	0.130004	0.018897
0.2351	16.22	0.674824	0.932512	0.094167	0.009509
0.2351	16.73	0.674824	0.974664	0.036646	0.001378
0.2351	17.24	0.674824	0.987197	0.012118	0.000149
0.2351	17.76	0.674824	0.986564	0.018030	0.000330
0.2351	18.27	0.674824	0.986209	0.028073	0.000799
0.2351	18.78	0.674824	0.995792	0.002392	0.000006
0.2351	19.29	0.674824	0.996243	0.001586	0.000003
0.2351	19.80	0.674824	0.996619	0.001146	0.000001
0.2351	20.31	0.674824	0.998384	0.000348	0.000000
0.2351	20.82	0.674824	0.997971	0.000991	0.000001
0.2351	21.33	0.674824	0.998460	0.001347	0.000002
0.2351	21.84	0.674824	0.998986	0.001157	0.000001
0.2351	22.35	0.674824	0.999737	0.000691	0.000000
0.2351	22.86	0.674824	0.998046	0.001691	0.000003
0.2351	23.37	0.674824	0.998422	0.001498	0.000002
0.2351	23.88	0.674824	0.998458	0.000592	0.000000
0.2351	24.39	0.674824	0.997896	0.000742	0.000001
0.2351	24.90	0.674824	0.998458	0.000482	0.000000
0.2351	25.41	0.674824	0.998460	0.000340	0.000000
0.2351	25.92	0.674824	0.998460	0.000340	0.000000
0.2351	26.43	0.674824	0.998463	0.000348	0.000000
0.2351	26.94	0.674824	1.000000	0.000000	0.000000
0.2351	27.45	0.674824	0.998461	0.000344	0.000000
0.2351	27.96	0.674824	0.999812	0.000518	0.000000
0.2351	28.47	0.674824	0.999923	0.000344	0.000000
0.2351	28.98	0.674824	0.999850	0.000469	0.000000
0.2351	29.49	0.674824	0.999887	0.000412	0.000000
0.2351	30.00	0.674824	1.000000	0.000000	0.000000
0.2488	5.00	0.682120	0.000000	0.000000	0.000000
0.2488	5.51	0.682120	0.000000	0.000000	0.000000
0.2488	6.02	0.682120	0.000000	0.000000	0.000000
0.2488	6.53	0.682120	0.000000	0.000000	0.000000
0.2488	7.04	0.682120	0.000000	0.000000	0.000000
0.2488	7.55	0.682120	0.000000	0.000000	0.000000
0.2488	8.06	0.682120	0.000000	0.000000	0.000000
0.2488	8.57	0.682120	0.000000	0.000000	0.000000
0.2488	9.08	0.682120	0.000000	0.000000	0.000000
0.2488	9.59	0.682120	0.109855	0.000000	0.000000
0.2488	10.10	0.682120	0.240172	0.121004	0.060964
0.2488	10.61	0.682120	0.278406	0.195075	0.136686
0.2488	11.12	0.682120	0.391312	0.276986	0.196061
0.2488	11.63	0.682120	0.595777	0.291997	0.143111
0.2488	12.14	0.682120	0.825577	0.183032	0.040579
0.2488	12.65	0.682120	0.885991	0.016390	0.000303
0.2488	13.16	0.682120	0.891124	0.013493	0.000204
0.2488	13.67	0.682120	0.891998	0.022372	0.000561
0.2488	14.18	0.682120	0.894453	0.020442	0.000467
0.2488	14.69	0.682120	0.902134	0.009351	0.000097
0.2488	15.20	0.682120	0.903240	0.004222	0.000020
0.2488	15.71	0.682120	0.905574	0.005979	0.000039
0.2488	16.22	0.682120	0.905141	0.008772	0.000085
0.2488	16.73	0.682120	0.904882	0.011491	0.000146
0.2488	17.24	0.682120	0.926475	0.014682	0.000233
0.2488	17.76	0.682120	0.911228	0.010287	0.000116
0.2488	18.27	0.682120	0.916506	0.015261	0.000254
0.2488	18.78	0.682120	0.919697	0.019370	0.000408
0.2488	19.29	0.682120	0.926908	0.022000	0.000522
0.2488	19.80	0.682120	0.908070	0.128709	0.018243
0.2488	20.31	0.682120	0.914488	0.221476	0.053638
0.2488	20.82	0.682120	0.909682	0.181681	0.036285
0.2488	21.33	0.682120	0.891905	0.211256	0.050038
0.2488	21.84	0.682120	0.918894	0.178747	0.034771
0.2488	22.35	0.682120	0.912873	0.219964	0.053002
0.2488	22.86	0.682120	0.950182	0.134776	0.019117
0.2488	23.37	0.682120	0.812698	0.329714	0.133766
0.2488	23.88	0.682120	0.832537	0.278017	0.092841
0.2488	24.39	0.682120	0.807661	0.338050	0.141492
0.2488	24.90	0.682120	0.959763	0.134588	0.018873
0.2488	25.41	0.682120	0.958574	0.133963	0.018722
0.2488	25.92	0.682120	0.815125	0.314067	0.121010
0.2488	26.43	0.682120	0.894515	0.247256	0.068345
0.2488	26.94	0.682120	0.965964	0.130958	0.017754
0.2488	27.45	0.682120	0.850706	0.311071	0.113747
0.2488	27.96	0.682120	0.889068	0.271448	0.082878
0.2488	28.47	0.682120	0.933097	0.218634	0.051228
0.2488	28.98	0.682120	0.802262	0.342477	0.146200
0.2488	29.49	0.682120	0.918417	0.246519	0.066170
0.2488	30.00	0.682120	0.841783	0.326515	0.126650
0.2624	5.00	0.578076	0.000000	0.000000	0.000000
0.2624	5.51	0.578076	0.000000	0.000000	0.000000
0.2624	6.02	0.578076	0.000000	0.000000	0.000000
0.2624	6.53	0.578076	0.000000	0.000000	0.000000
0.2624	7.04	0.578076	0.000000	0.000000	0.000000
0.2624	7.55	0.578076	0.000000	0.000000	0.000000
0.2624	8.06	0.578076	0.000000	0.000000	0.000000
0.2624	8.57	0.578076	0.000000	0.000000	0.000000
0.2624	9.08	0.578076	0.000000	0.000000	0.000000
0.2624	9.59	0.578076	0.000000	0.000000	0.000000
0.2624	10.10	0.578076	0.000000	0.000000	0.000000
0.2624	10.61	0.578076	0.124194	0.000000	0.000000
0.2624	11.12	0.578076	0.133871	0.000000	0.000000
0.2624	11.63	0.578076	0.182616	0.056866	0.017708
0.2624	12.14	0.578076	0.165591	0.066485	0.026694
0.2624	12.65	0.578076	0.258280	0.100712	0.039271
0.2624	13.16	0.578076	0.395358	0.161652	0.066095
0.2624	13.67	0.578076	0.533832	0.212259	0.084397
0.2624	14.18	0.578076	0.660561	0.169697	0.043595
0.2624	14.69	0.578076	0.772333	0.090719	0.010656
0.2624	15.20	0.578076	0.848306	0.031875	0.001198
0.2624	15.71	0.578076	0.861133	0.021773	0.000551
0.2624	16.22	0.578076	0.874390	0.013939	0.000222
0.2624	16.73	0.578076	0.881275	0.011932	0.000162
0.2624	17.24	0.578076	0.892011	0.007077	0.000056
0.2624	17.76	0.578076	0.895236	0.007162	0.000057
0.2624	18.27	0.578076	0.894470	0.004618	0.000024
0.2624	18.78	0.578076	0.896851	0.004520	0.000023
0.2624	19.29	0.578076	0.903299	0.006641	0.000049
0.2624	19.80	0.578076	0.910203	0.005144	0.000029
0.2624	20.31	0.578076	0.912720	0.004298	0.000020
0.2624	20.82	0.578076	0.915878	0.003331	0.000012
0.2624	21.33	0.578076	0.917412	0.002827	0.000009
0.2624	21.84	0.578076	0.914910	0.003680	0.000015
0.2624	22.35	0.578076	0.918961	0.004487	0.000022
0.2624	22.86	0.578076	0.920418	0.003573	0.000014
0.2624	23.37	0.578076	0.917634	0.002161	0.000005
0.2624	23.88	0.578076	0.918365	0.003460	0.000013
0.2624	24.39	0.578076	0.921943	0.002488	0.000007
0.2624	24.90	0.578076	0.922543	0.002815	0.000009
0.2624	25.41	0.578076	0.922801	0.002990	0.000010
0.2624	25.92	0.578076	0.914553	0.003943	0.000017
0.2624	26.43	0.578076	0.915726	0.003800	0.000016
0.2624	26.94	0.578076	0.922401	0.002988	0.000010
0.2624	27.45	0.578076	0.913878	0.003463	0.000013
0.2624	27.96	0.578076	0.924002	0.004197	0.000019
0.2624	28.47	0.578076	0.924616	0.004453	0.000021
0.2624	28.98	0.578076	0.916679	0.002033	0.000005
0.2624	29.49	0.578076	0.924156	0.002683	0.000008
0.2624	30.00	0.578076	0.920630	0.002424	0.000006
0.2761	5.00	0.650015	0.000000	0.000000	0.000000
0.2761	5.51	0.650015	0.000000	0.000000	0.000000
0.2761	6.02	0.650015	0.000000	0.000000	0.000000
0.2761	6.53	0.650015	0.000000	0.000000	0.000000
0.2761	7.04	0.650015	0.000000	0.000000	0.000000
0.2761	7.55	0.650015	0.000000	0.000000	0.000000
0.2761	8.06	0.650015	0.000000	0.000000	0.000000
0.2761	8.57	0.650015	0.000000	0.000000	0.000000
0.2761	9.08	0.650015	0.000000	0.000000	0.000000
0.2761	9.59	0.650015	0.000000	0.000000	0.000000
0.2761	10.10	0.650015	0.132045	0.015941	0.001925
0.2761	10.61	0.650015	0.190476	0.065336	0.022411
0.2761	11.12	0.650015	0.180086	0.062248	0.021517
0.2761	11.63	0.650015	0.240351	0.094557	0.037200
0.2761	12.14	0.650015	0.387739	0.153446	0.060725
0.2761	12.65	0.650015	0.541971	0.171789	0.054452
0.2761	13.16	0.650015	0.681077	0.182824	0.049076
0.2761	13.67	0.650015	0.801805	0.143324	0.025619
0.2761	14.18	0.650015	0.904440	0.049392	0.002697
0.2761	14.69	0.650015	0.919963	0.037943	0.001565
0.2761	15.20	0.650015	0.946690	0.026645	0.000750
0.2761	15.71	0.650015	0.956522	0.017678	0.000327
0.2761	16.22	0.650015	0.969163	0.008706	0.000078
0.2761	16.73	0.650015	0.974356	0.005833	0.000035
0.2761	17.24	0.650015	0.982994	0.005441	0.000030
0.2761	17.76	0.650015	0.985232	0.004054	0.000017
0.2761	18.27	0.650015	0.983322	0.005993	0.000037
0.2761	18.78	0.650015	0.988728	0.005589	0.000032
0.2761	19.29	0.650015	0.983223	0.006930	0.000049
0.2761	19.80	0.650015	0.987309	0.004131	0.000017
0.2761	20.31	0.650015	0.989763	0.005793	0.000034
0.2761	20.82	0.650015	0.987999	0.006347	0.000041
0.2761	21.33	0.650015	0.990713	0.004223	0.000018
0.2761	21.84	0.650015	0.990837	0.003452	0.000012
0.2761	22.35	0.650015	0.987829	0.003761	0.000014
0.2761	22.86	0.650015	0.993087	0.003631	0.000013
0.2761	23.37	0.650015	0.993009	0.004033	0.000016
0.2761	23.88	0.650015	0.991462	0.003534	0.000013
0.2761	24.39	0.650015	0.997354	0.000983	0.000001
0.2761	24.90	0.650015	0.997124	0.001472	0.000002
0.2761	25.41	0.650015	0.995322	0.001785	0.000003
0.2761	25.92	0.650015	0.995876	0.001285	0.000002
0.2761	26.43	0.650015	0.996166	0.001447	0.000002
0.2761	26.94	0.650015	0.995431	0.002478	0.000006
0.2761	27.45	0.650015	0.995131	0.002733	0.000008
0.2761	27.96	0.650015	0.998154	0.000569	0.000000
0.2761	28.47	0.650015	0.998272	0.000419	0.000000
0.2761	28.98	0.650015	0.992341	0.002353	0.000006
0.2761	29.49	0.650015	0.996741	0.001291	0.000002
0.2761	30.00	0.650015	0.996013	0.001459	0.000002
0.2898	5.00	0.591680	0.000000	0.000000	0.000000
0.2898	5.51	0.591680	0.000000	0.000000	0.000000
0.2898	6.02	0.591680	0.000000	0.000000	0.000000
0.2898	6.53	0.591680	0.000000	0.000000	0.000000
0.2898	7.04	0.591680	0.000000	0.000000	0.000000
0.2898	7.55	0.591680	0.000000	0.000000	0.000000
0.2898	8.06	0.591680	0.000000	0.000000	0.000000
0.2898	8.57	0.591680	0.000000	0.000000	0.000000
0.2898	9.08	0.591680	0.193861	0.000000	0.000000
0.2898	9.59	0.591680	0.350565	0.000000	0.000000
0.2898	10.10	0.591680	0.109316	0.004632	0.000196
0.2898	10.61	0.591680	0.257270	0.127837	0.063522
0.2898	11.12	0.591680	0.152005	0.070729	0.032911
0.2898	11.63	0.591680	0.299642	0.196706	0.129132
0.2898	12.14	0.591680	0.557235	0.236898	0.100713
0.2898	12.65	0.591680	0.704362	0.229992	0.075098
0.2898	13.16	0.591680	0.869901	0.033422	0.001284
0.2898	13.67	0.591680	0.901692	0.011166	0.000138
0.2898	14.18	0.591680	0.916547	0.013383	0.000195
0.2898	14.69	0.591680	0.934288	0.014019	0.000210
0.2898	15.20	0.591680	0.949629	0.011132	0.000130
0.2898	15.71	0.591680	0.951212	0.009261	0.000090
0.2898	16.22	0.591680	0.956947	0.009750	0.000099
0.2898	16.73	0.591680	0.967536	0.008931	0.000082
0.2898	17.24	0.591680	0.973206	0.011855	0.000144
0.2898	17.76	0.591680	0.972261	0.007849	0.000063
0.2898	18.27	0.591680	0.976218	0.006493	0.000043
0.2898	18.78	0.591680	0.979111	0.004273	0.000019
0.2898	19.29	0.591680	0.980806	0.006792	0.000047
0.2898	19.80	0.591680	0.979421	0.005910	0.000036
0.2898	20.31	0.591680	0.978614	0.005627	0.000032
0.2898	20.82	0.591680	0.977814	0.011597	0.000138
0.2898	21.33	0.591680	0.983074	0.006327	0.000041
0.2898	21.84	0.591680	0.983514	0.005942	0.000036
0.2898	22.35	0.591680	0.990163	0.005788	0.000034
0.2898	22.86	0.591680	0.984333	0.003352	0.000011
0.2898	23.37	0.591680	0.991169	0.003832	0.000015
0.2898	23.88	0.591680	0.992524	0.002489	0.000006
0.2898	24.39	0.591680	0.993125	0.002178	0.000005
0.2898	24.90	0.591680	0.992066	0.003228	0.000011
0.2898	25.41	0.591680	0.992892	0.002580	0.000007
0.2898	25.92	0.591680	0.990495	0.002681	0.000007
0.2898	26.43	0.591680	0.982042	0.002856	0.000008
0.2898	26.94	0.591680	0.995153	0.002386	0.000006
0.2898	27.45	0.591680	0.997834	0.001499	0.000002
0.2898	27.96	0.591680	0.997099	0.005549	0.000031
0.2898	28.47	0.591680	0.972249	0.125643	0.016237
0.2898	28.98	0.591680	0.993861	0.003966	0.000016
0.2898	29.49	0.591680	0.995980	0.002158	0.000005
0.2898	30.00	0.591680	0.993012	0.002168	0.000005
0.3035	5.00	0.488164	0.000000	0.000000	0.000000
0.3035	5.51	0.488164	0.000000	0.000000	0.000000
0.3035	6.02	0.488164	0.000000	0.000000	0.000000
0.3035	6.53	0.488164	0.000000	0.000000	0.000000
0.3035	7.04	0.488164	0.000000	0.000000	0.000000
0.3035	7.55	0.488164	0.000000	0.000000	0.000000
0.3035	8.06	0.488164	0.000000	0.000000	0.000000
0.3035	8.57	0.488164	0.000000	0.000000	0.000000
0.3035	9.08	0.488164	0.000000	0.000000	0.000000
0.3035	9.59	0.488164	0.000000	0.000000	0.000000
0.3035	10.10	0.488164	0.000000	0.000000	0.000000
0.3035	10.61	0.488164	0.000000	0.000000	0.000000
0.3035	11.12	0.488164	0.000000	0.000000	0.000000
0.3035	11.63	0.488164	0.000000	0.000000	0.000000
0.3035	12.14	0.488164	0.118971	0.000000	0.000000
0.3035	12.65	0.488164	0.114684	0.011164	0.001087
0.3035	13.16	0.488164	0.159456	0.065964	0.027288
0.3035	13.67	0.488164	0.174084	0.072386	0.030099
0.3035	14.18	0.488164	0.214403	0.095732	0.042744
0.3035	14.69	0.488164	0.465372	0.188582	0.076419
0.3035	15.20	0.488164	0.634899	0.168393	0.044662
0.3035	15.71	0.488164	0.715511	0.158105	0.034936
0.3035	16.22	0.488164	0.811495	0.086857	0.009297
0.3035	16.73	0.488164	0.834262	0.114344	0.015672
0.3035	17.24	0.488164	0.882565	0.052518	0.003125
0.3035	17.76	0.488164	0.902453	0.016435	0.000299
0.3035	18.27	0.488164	0.931940	0.010713	0.000123
0.3035	18.78	0.488164	0.937656	0.006156	0.000040
0.3035	19.29	0.488164	0.927760	0.007359	0.000058
0.3035	19.80	0.488164	0.934608	0.005855	0.000037
0.3035	20.31	0.488164	0.937649	0.005310	0.000030
0.3035	20.82	0.488164	0.940193	0.003024	0.000010
0.3035	21.33	0.488164	0.940264	0.003355	0.000012
0.3035	21.84	0.488164	0.935656	0.003153	0.000011
0.3035	22.35	0.488164	0.936915	0.004053	0.000018
0.3035	22.86	0.488164	0.938907	0.004947	0.000026
0.3035	23.37	0.488164	0.946195	0.003348	0.000012
0.3035	23.88	0.488164	0.942996	0.002266	0.000005
0.3035	24.39	0.488164	0.944044	0.002214	0.000005
0.3035	24.90	0.488164	0.940724	0.003209	0.000011
0.3035	25.41	0.488164	0.939979	0.002716	0.000008
0.3035	25.92	0.488164	0.941361	0.002890	0.000009
0.3035	26.43	0.488164	0.941658	0.002160	0.000005
0.3035	26.94	0.488164	0.944337	0.002013	0.000004
0.3035	27.45	0.488164	0.945932	0.001816	0.000003
0.3035	27.96	0.488164	0.945552	0.001715	0.000003
0.3035	28.47	0.488164	0.946908	0.002719	0.000008
0.3035	28.98	0.488164	0.948297	0.001937	0.000004
0.3035	29.49	0.488164	0.949232	0.001961	0.000004
0.3035	30.00	0.488164	0.944205	0.002045	0.000004
0.3171	5.00	0.580733	0.000000	0.000000	0.000000
0.3171	5.51	0.580733	0.000000	0.000000	0.000000
0.3171	6.02	0.580733	0.000000	0.000000	0.000000
0.3171	6.53	0.580733	0.000000	0.000000	0.000000
0.3171	7.04	0.580733	0.000000	0.000000	0.000000
0.3171	7.55	0.580733	0.000000	0.000000	0.000000
0.3171	8.06	0.580733	0.000000	0.000000	0.000000
0.3171	8.57	0.580733	0.000000	0.000000	0.000000
0.3171	9.08	0.580733	0.119163	0.000000	0.000000
0.3171	9.59	0.580733	0.101449	0.000000	0.000000
0.3171	10.10	0.580733	0.225121	0.071541	0.022735
0.3171	10.61	0.580733	0.293237	0.118233	0.047672
0.3171	11.12	0.580733	0.385337	0.141069	0.051644
0.3171	11.63	0.580733	0.566828	0.109813	0.021274
0.3171	12.14	0.580733	0.664446	0.030970	0.001444
0.3171	12.65	0.580733	0.704119	0.025484	0.000922
0.3171	13.16	0.580733	0.649801	0.208915	0.067167
0.3171	13.67	0.580733	0.658987	0.230357	0.080524
0.3171	14.18	0.580733	0.754115	0.111159	0.016385
0.3171	14.69	0.580733	0.729626	0.200516	0.055106
0.3171	15.20	0.580733	0.631079	0.298058	0.140773
0.3171	15.71	0.580733	0.602020	0.312670	0.162391
0.3171	16.22	0.580733	0.614261	0.320856	0.167597
0.3171	16.73	0.580733	0.633378	0.326686	0.168499
0.3171	17.24	0.580733	0.652145	0.318778	0.155823
0.3171	17.76	0.580733	0.712344	0.280389	0.110365
0.3171	18.27	0.580733	0.746014	0.280477	0.105450
0.3171	18.78	0.580733	0.691817	0.300253	0.130312
0.3171	19.29	0.580733	0.726400	0.268085	0.098939
0.3171	19.80	0.580733	0.893505	0.121138	0.016424
0.3171	20.31	0.580733	0.926877	0.048368	0.002524
0.3171	20.82	0.580733	0.827106	0.230170	0.064053
0.3171	21.33	0.580733	0.899544	0.152891	0.025986
0.3171	21.84	0.580733	0.933190	0.111157	0.013241
0.3171	22.35	0.580733	0.968489	0.018397	0.000349
0.3171	22.86	0.580733	0.973305	0.014796	0.000225
0.3171	23.37	0.580733	0.975708	0.011559	0.000137
0.3171	23.88	0.580733	0.981142	0.007435	0.000056
0.3171	24.39	0.580733	0.984720	0.006393	0.000042
0.3171	24.90	0.580733	0.983652	0.008833	0.000079
0.3171	25.41	0.580733	0.976633	0.026215	0.000704
0.3171	25.92	0.580733	0.987494	0.004484	0.000020
0.3171	26.43	0.580733	0.984527	0.004461	0.000020
0.3171	26.94	0.580733	0.989694	0.004079	0.000017
0.3171	27.45	0.580733	0.990088	0.003255	0.000011
0.3171	27.96	0.580733	0.992334	0.005670	0.000032
0.3171	28.47	0.580733	0.988694	0.006156	0.000038
0.3171	28.98	0.580733	0.994084	0.002750	0.000008
0.3171	29.49	0.580733	0.992299	0.008037	0.000065
0.3171	30.00	0.580733	0.994574	0.002025	0.000004
0.3308	5.00	0.588119	0.000000	0.000000	0.000000
0.3308	5.51	0.588119	0.000000	0.000000	0.000000
0.3308	6.02	0.588119	0.000000	0.000000	0.000000
0.3308	6.53	0.588119	0.000000	0.000000	0.000000
0.3308	7.04	0.588119	0.000000	0.000000	0.000000
0.3308	7.55	0.588119	0.000000	0.000000	0.000000
0.3308	8.06	0.588119	0.000000	0.000000	0.000000
0.3308	8.57	0.588119	0.000000	0.000000	0.000000
0.3308	9.08	0.588119	0.000000	0.000000	0.000000
0.3308	9.59	0.588119	0.000000	0.000000	0.000000
0.3308	10.10	0.588119	0.102894	0.000000	0.000000
0.3308	10.61	0.588119	0.112540	0.003473	0.000107
0.3308	11.12	0.588119	0.127331	0.012005	0.001132
0.3308	11.63	0.588119	0.214860	0.135216	0.085094
0.3308	12.14	0.588119	0.270096	0.187547	0.130227
0.3308	12.65	0.588119	0.449790	0.251287	0.140389
0.3308	13.16	0.588119	0.728296	0.167380	0.038468
0.3308	13.67	0.588119	0.844430	0.021200	0.000532
0.3308	14.18	0.588119	0.873928	0.014002	0.000224
0.3308	14.69	0.588119	0.907979	0.012412	0.000170
0.3308	15.20	0.588119	0.920545	0.012646	0.000174
0.3308	15.71	0.588119	0.931884	0.013669	0.000200
0.3308	16.22	0.588119	0.941022	0.009946	0.000105
0.3308	16.73	0.588119	0.950903	0.008498	0.000076
0.3308	17.24	0.588119	0.944293	0.008043	0.000069
0.3308	17.76	0.588119	0.949357	0.008980	0.000085
0.3308	18.27	0.588119	0.960474	0.008081	0.000068
0.3308	18.78	0.588119	0.968003	0.006679	0.000046
0.3308	19.29	0.588119	0.970985	0.006177	0.000039
0.3308	19.80	0.588119	0.974315	0.004375	0.000020
0.3308	20.31	0.588119	0.975510	0.005674	0.000033
0.3308	20.82	0.588119	0.977569	0.007899	0.000064
0.3308	21.33	0.588119	0.976879	0.007654	0.000060
0.3308	21.84	0.588119	0.980248	0.006220	0.000039
0.3308	22.35	0.588119	0.983578	0.006559	0.000044
0.3308	22.86	0.588119	0.981605	0.007748	0.000061
0.3308	23.37	0.588119	0.983998	0.006260	0.000040
0.3308	23.88	0.588119	0.992536	0.004178	0.000018
0.3308	24.39	0.588119	0.987827	0.002959	0.000009
0.3308	24.90	0.588119	0.986602	0.003948	0.000016
0.3308	25.41	0.588119	0.992911	0.001949	0.000004
0.3308	25.92	0.588119	0.993494	0.001833	0.000003
0.3308	26.43	0.588119	0.989269	0.004557	0.000021
0.3308	26.94	0.588119	0.971536	0.131766	0.017871
0.3308	27.45	0.588119	0.993033	0.001777	0.000003
0.3308	27.96	0.588119	0.990690	0.002416	0.000006
0.3308	28.47	0.588119	0.991812	0.003136	0.000010
0.3308	28.98	0.588119	0.993715	0.002217	0.000005
0.3308	29.49	0.588119	0.995626	0.002229	0.000005
0.3308	30.00	0.588119	0.993046	0.003514	0.000012
0.3445	5.00	0.494563	0.000000	0.000000	0.000000
0.3445	5.51	0.494563	0.000000	0.000000	0.000000
0.3445	6.02	0.494563	0.000000	0.000000	0.000000
0.3445	6.53	0.494563	0.000000	0.000000	0.000000
0.3445	7.04	0.494563	0.000000	0.000000	0.000000
0.3445	7.55	0.494563	0.000000	0.000000	0.000000
0.3445	8.06	0.494563	0.000000	0.000000	0.000000
0.3445	8.57	0.494563	0.000000	0.000000	0.000000
0.3445	9.08	0.494563	0.000000	0.000000	0.000000
0.3445	9.59	0.494563	0.000000	0.000000	0.000000
0.3445	10.10	0.494563	0.000000	0.000000	0.000000
0.3445	10.61	0.494563	0.000000	0.000000	0.000000
0.3445	11.12	0.494563	0.000000	0.000000	0.000000
0.3445	11.63	0.494563	0.130719	0.003268	0.000082
0.3445	12.14	0.494563	0.132026	0.017489	0.002317
0.3445	12.65	0.494563	0.149816	0.045546	0.013846
0.3445	13.16	0.494563	0.171961	0.062500	0.022716
0.3445	13.67	0.494563	0.176225	0.064018	0.023256
0.3445	14.18	0.494563	0.283980	0.122569	0.052902
0.3445	14.69	0.494563	0.370291	0.164898	0.073433
0.3445	15.20	0.494563	0.535131	0.201251	0.075686
0.3445	15.71	0.494563	0.692734	0.158394	0.036217
0.3445	16.22	0.494563	0.631680	0.204250	0.066043
0.3445	16.73	0.494563	0.806316	0.114050	0.016132
0.3445	17.24	0.494563	0.777267	0.172196	0.038148
0.3445	17.76	0.494563	0.893052	0.044472	0.002215
0.3445	18.27	0.494563	0.944667	0.012061	0.000154
0.3445	18.78	0.494563	0.950514	0.009845	0.000102
0.3445	19.29	0.494563	0.947640	0.010253	0.000111
0.3445	19.80	0.494563	0.952977	0.007184	0.000054
0.3445	20.31	0.494563	0.954583	0.005019	0.000026
0.3445	20.82	0.494563	0.956959	0.004876	0.000025
0.3445	21.33	0.494563	0.965868	0.006116	0.000039
0.3445	21.84	0.494563	0.955705	0.005056	0.000027
0.3445	22.35	0.494563	0.958424	0.003420	0.000012
0.3445	22.86	0.494563	0.959648	0.004658	0.000023
0.3445	23.37	0.494563	0.958315	0.003768	0.000015
0.3445	23.88	0.494563	0.959550	0.003045	0.000010
0.3445	24.39	0.494563	0.979612	0.002641	0.000007
0.3445	24.90	0.494563	0.968421	0.002790	0.000008
0.3445	25.41	0.494563	0.968635	0.003153	0.000010
0.3445	25.92	0.494563	0.973602	0.002667	0.000007
0.3445	26.43	0.494563	0.975135	0.002407	0.000006
0.3445	26.94	0.494563	0.975206	0.002368	0.000006
0.3445	27.45	0.494563	0.971405	0.002105	0.000005
0.3445	27.96	0.494563	0.977941	0.002595	0.000007
0.3445	28.47	0.494563	0.978286	0.002592	0.000007
0.3445	28.98	0.494563	0.974190	0.002273	0.000005
0.3445	29.49	0.494563	0.975414	0.001929	0.000004
0.3445	30.00	0.494563	0.975962	0.002427	0.000006
0.3582	5.00	0.556702	0.000000	0.000000	0.000000
0.3582	5.51	0.556702	0.000000	0.000000	0.000000
0.3582	6.02	0.556702	0.000000	0.000000	0.000000
0.3582	6.53	0.556702	0.000000	0.000000	0.000000
0.3582	7.04	0.556702	0.000000	0.000000	0.000000
0.3582	7.55	0.556702	0.000000	0.000000	0.000000
0.3582	8.06	0.556702	0.000000	0.000000	0.000000
0.3582	8.57	0.556702	0.000000	0.000000	0.000000
0.3582	9.08	0.556702	0.000000	0.000000	0.000000
0.3582	9.59	0.556702	0.000000	0.000000	0.000000
0.3582	10.10	0.556702	0.188808	0.127836	0.086554
0.3582	10.61	0.556702	0.320853	0.195695	0.119358
0.3582	11.12	0.556702	0.396365	0.227009	0.130014
0.3582	11.63	0.556702	0.664887	0.136889	0.028183
0.3582	12.14	0.556702	0.805728	0.024948	0.000772
0.3582	12.65	0.556702	0.811544	0.128096	0.020219
0.3582	13.16	0.556702	0.861798	0.011015	0.000141
0.3582	13.67	0.556702	0.866568	0.010485	0.000127
0.3582	14.18	0.556702	0.886404	0.011139	0.000140
0.3582	14.69	0.556702	0.872220	0.128994	0.019077
0.3582	15.20	0.556702	0.892327	0.008289	0.000077
0.3582	15.71	0.556702	0.900904	0.008330	0.000077
0.3582	16.22	0.556702	0.905958	0.010903	0.000131
0.3582	16.73	0.556702	0.914418	0.012090	0.000160
0.3582	17.24	0.556702	0.925690	0.014126	0.000216
0.3582	17.76	0.556702	0.936648	0.016463	0.000289
0.3582	18.27	0.556702	0.941086	0.018239	0.000353
0.3582	18.78	0.556702	0.944700	0.016339	0.000283
0.3582	19.29	0.556702	0.960087	0.020716	0.000447
0.3582	19.80	0.556702	0.951921	0.023337	0.000572
0.3582	20.31	0.556702	0.957383	0.022702	0.000538
0.3582	20.82	0.556702	0.960471	0.010990	0.000126
0.3582	21.33	0.556702	0.971739	0.012061	0.000150
0.3582	21.84	0.556702	0.962011	0.016704	0.000290
0.3582	22.35	0.556702	0.969990	0.013146	0.000178
0.3582	22.86	0.556702	0.962853	0.022561	0.000529
0.3582	23.37	0.556702	0.977680	0.008933	0.000082
0.3582	23.88	0.556702	0.917326	0.198664	0.043024
0.3582	24.39	0.556702	0.975130	0.016180	0.000268
0.3582	24.90	0.556702	0.944873	0.164887	0.028774
0.3582	25.41	0.556702	0.982067	0.010383	0.000110
0.3582	25.92	0.556702	0.967150	0.119781	0.014835
0.3582	26.43	0.556702	0.985769	0.006980	0.000049
0.3582	26.94	0.556702	0.961633	0.116277	0.014060
0.3582	27.45	0.556702	0.947140	0.164378	0.028528
0.3582	27.96	0.556702	0.987227	0.005677	0.000033
0.3582	28.47	0.556702	0.989658	0.004484	0.000020
0.3582	28.98	0.556702	0.969404	0.112045	0.012950
0.3582	29.49	0.556702	0.989121	0.008324	0.000070
0.3582	30.00	0.556702	0.988012	0.005934	0.000036
0.3718	5.00	0.501094	0.000000	0.000000	0.000000
0.3718	5.51	0.501094	0.000000	0.000000	0.000000
0.3718	6.02	0.501094	0.000000	0.000000	0.000000
0.3718	6.53	0.501094	0.000000	0.000000	0.000000
0.3718	7.04	0.501094	0.000000	0.000000	0.000000
0.3718	7.55	0.501094	0.000000	0.000000	0.000000
0.3718	8.06	0.501094	0.000000	0.000000	0.000000
0.3718	8.57	0.501094	0.000000	0.000000	0.000000
0.3718	9.08	0.501094	0.000000	0.000000	0.000000
0.3718	9.59	0.501094	0.000000	0.000000	0.000000
0.3718	10.10	0.501094	0.000000	0.000000	0.000000
0.3718	10.61	0.501094	0.000000	0.000000	0.000000
0.3718	11.12	0.501094	0.000000	0.000000	0.000000
0.3718	11.63	0.501094	0.000000	0.000000	0.000000
0.3718	12.14	0.501094	0.129274	0.026954	0.005620
0.3718	12.65	0.501094	0.149038	0.056256	0.021235
0.3718	13.16	0.501094	0.202429	0.097077	0.046555
0.3718	13.67	0.501094	0.185265	0.072181	0.028123
0.3718	14.18	0.501094	0.346117	0.154509	0.068974
0.3718	14.69	0.501094	0.477308	0.239961	0.120637
0.3718	15.20	0.501094	0.601256	0.254925	0.108085
0.3718	15.71	0.501094	0.687591	0.241960	0.085145
0.3718	16.22	0.501094	0.842699	0.199276	0.047123
0.3718	16.73	0.501094	0.926580	0.067410	0.004904
0.3718	17.24	0.501094	0.927586	0.090647	0.008858
0.3718	17.76	0.501094	0.982372	0.010551	0.000113
0.3718	18.27	0.501094	0.986633	0.007359	0.000055
0.3718	18.78	0.501094	0.970050	0.028248	0.000823
0.3718	19.29	0.501094	0.985103	0.013665	0.000190
0.3718	19.80	0.501094	0.988711	0.003822	0.000015
0.3718	20.31	0.501094	0.990207	0.002749	0.000008
0.3718	20.82	0.501094	0.992024	0.001887	0.000004
0.3718	21.33	0.501094	0.993447	0.002237	0.000005
0.3718	21.84	0.501094	0.994147	0.001955	0.000004
0.3718	22.35	0.501094	0.994587	0.001522	0.000002
0.3718	22.86	0.501094	0.994983	0.001589	0.000003
0.3718	23.37	0.501094	0.995050	0.000661	0.000000
0.3718	23.88	0.501094	0.995739	0.001487	0.000002
0.3718	24.39	0.501094	0.993056	0.001548	0.000002
0.3718	24.90	0.501094	0.993625	0.001585	0.000003
0.3718	25.41	0.501094	0.996261	0.001264	0.000002
0.3718	25.92	0.501094	0.995050	0.001426	0.000002
0.3718	26.43	0.501094	0.995366	0.001346	0.000002
0.3718	26.94	0.501094	0.995477	0.000613	0.000000
0.3718	27.45	0.501094	0.994587	0.001184	0.000001
0.3718	27.96	0.501094	0.996831	0.000935	0.000001
0.3718	28.47	0.501094	0.997232	0.000862	0.000001
0.3718	28.98	0.501094	0.995739	0.000963	0.000001
0.3718	29.49	0.501094	0.996758	0.001107	0.000001
0.3718	30.00	0.501094	0.997450	0.001293	0.000002
0.3855	5.00	0.485097	0.000000	0.000000	0.000000
0.3855	5.51	0.485097	0.000000	0.000000	0.000000
0.3855	6.02	0.485097	0.000000	0.000000	0.000000
0.3855	6.53	0.485097	0.000000	0.000000	0.000000
0.3855	7.04	0.485097	0.000000	0.000000	0.000000
0.3855	7.55	0.485097	0.000000	0.000000	0.000000
0.3855	8.06	0.485097	0.000000	0.000000	0.000000
0.3855	8.57	0.485097	0.000000	0.000000	0.000000
0.3855	9.08	0.485097	0.000000	0.000000	0.000000
0.3855	9.59	0.485097	0.000000	0.000000	0.000000
0.3855	10.10	0.485097	0.000000	0.000000	0.000000
0.3855	10.61	0.485097	0.110569	0.000000	0.000000
0.3855	11.12	0.485097	0.000000	0.000000	0.000000
0.3855	11.63	0.485097	0.161382	0.036978	0.008473
0.3855	12.14	0.485097	0.164460	0.056601	0.019480
0.3855	12.65	0.485097	0.283984	0.124791	0.054837
0.3855	13.16	0.485097	0.318324	0.163327	0.083801
0.3855	13.67	0.485097	0.295299	0.129484	0.056777
0.3855	14.18	0.485097	0.424203	0.190370	0.085433
0.3855	14.69	0.485097	0.569106	0.215492	0.081596
0.3855	15.20	0.485097	0.781131	0.184128	0.043403
0.3855	15.71	0.485097	0.875511	0.121355	0.016821
0.3855	16.22	0.485097	0.956748	0.046217	0.002233
0.3855	16.73	0.485097	0.966534	0.045169	0.002111
0.3855	17.24	0.485097	0.982947	0.010678	0.000116
0.3855	17.76	0.485097	0.993806	0.003314	0.000011
0.3855	18.27	0.485097	0.995587	0.002078	0.000004
0.3855	18.78	0.485097	0.989579	0.002555	0.000007
0.3855	19.29	0.485097	0.990687	0.002175	0.000005
0.3855	19.80	0.485097	0.996231	0.001502	0.000002
0.3855	20.31	0.485097	0.994517	0.001823	0.000003
0.3855	20.82	0.485097	0.994593	0.001846	0.000003
0.3855	21.33	0.485097	0.996603	0.001934	0.000004
0.3855	21.84	0.485097	0.997302	0.001198	0.000001
0.3855	22.35	0.485097	0.997413	0.001058	0.000001
0.3855	22.86	0.485097	0.997302	0.001340	0.000002
0.3855	23.37	0.485097	0.996294	0.001501	0.000002
0.3855	23.88	0.485097	0.996672	0.001212	0.000001
0.3855	24.39	0.485097	0.997007	0.000771	0.000001
0.3855	24.90	0.485097	0.996970	0.002209	0.000005
0.3855	25.41	0.485097	0.997731	0.001319	0.000002
0.3855	25.92	0.485097	0.999039	0.000938	0.000001
0.3855	26.43	0.485097	0.999224	0.000883	0.000001
0.3855	26.94	0.485097	0.998189	0.000712	0.000001
0.3855	27.45	0.485097	0.993651	0.000778	0.000001
0.3855	27.96	0.485097	0.998412	0.000245	0.000000
0.3855	28.47	0.485097	0.997339	0.000986	0.000001
0.3855	28.98	0.485097	0.999168	0.001074	0.000001
0.3855	29.49	0.485097	0.997135	0.000693	0.000000
0.3855	30.00	0.485097	0.995935	0.001019	0.000001
0.3992	5.00	0.565146	0.000000	0.000000	0.000000
0.3992	5.51	0.565146	0.000000	0.000000	0.000000
0.3992	6.02	0.565146	0.000000	0.000000	0.000000
0.3992	6.53	0.565146	0.000000	0.000000	0.000000
0.3992	7.04	0.565146	0.000000	0.000000	0.000000
0.3992	7.55	0.565146	0.000000	0.000000	0.000000
0.3992	8.06	0.565146	0.000000	0.000000	0.000000
0.3992	8.57	0.565146	0.109677	0.000000	0.000000
0.3992	9.08	0.565146	0.148387	0.000000	0.000000
0.3992	9.59	0.565146	0.244758	0.112923	0.052099
0.3992	10.10	0.565146	0.448522	0.042196	0.003970
0.3992	10.61	0.565146	0.475142	0.104964	0.023187
0.3992	11.12	0.565146	0.540015	0.090787	0.015263
0.3992	11.63	0.565146	0.617473	0.057736	0.005399
0.3992	12.14	0.565146	0.723248	0.037841	0.001980
0.3992	12.65	0.565146	0.772385	0.042848	0.002377
0.3992	13.16	0.565146	0.828894	0.034714	0.001454
0.3992	13.67	0.565146	0.858341	0.040638	0.001924
0.3992	14.18	0.565146	0.850849	0.177147	0.036882
0.3992	14.69	0.565146	0.916173	0.032789	0.001173
0.3992	15.20	0.565146	0.925588	0.036002	0.001400
0.3992	15.71	0.565146	0.925894	0.061190	0.004044
0.3992	16.22	0.565146	0.915219	0.134429	0.019745
0.3992	16.73	0.565146	0.896976	0.128552	0.018424
0.3992	17.24	0.565146	0.922002	0.050945	0.002815
0.3992	17.76	0.565146	0.928324	0.045773	0.002257
0.3992	18.27	0.565146	0.907066	0.097325	0.010443
0.3992	18.78	0.565146	0.942358	0.035218	0.001316
0.3992	19.29	0.565146	0.946999	0.026470	0.000740
0.3992	19.80	0.565146	0.950990	0.080607	0.006832
0.3992	20.31	0.565146	0.960906	0.014798	0.000228
0.3992	20.82	0.565146	0.966279	0.010544	0.000115
0.3992	21.33	0.565146	0.976482	0.004934	0.000025
0.3992	21.84	0.565146	0.970737	0.006938	0.000050
0.3992	22.35	0.565146	0.973047	0.007891	0.000064
0.3992	22.86	0.565146	0.976760	0.004781	0.000023
0.3992	23.37	0.565146	0.979069	0.004003	0.000016
0.3992	23.88	0.565146	0.982483	0.001019	0.000001
0.3992	24.39	0.565146	0.974552	0.002675	0.000007
0.3992	24.90	0.565146	0.976332	0.002526	0.000007
0.3992	25.41	0.565146	0.976482	0.002538	0.000007
0.3992	25.92	0.565146	0.980425	0.001740	0.000003
0.3992	26.43	0.565146	0.979875	0.001702	0.000003
0.3992	26.94	0.565146	0.976819	0.002145	0.000005
0.3992	27.45	0.565146	0.979802	0.002491	0.000006
0.3992	27.96	0.565146	0.980036	0.002158	0.000005
0.3992	28.47	0.565146	0.978845	0.001912	0.000004
0.3992	28.98	0.565146	0.979032	0.002012	0.000004
0.3992	29.49	0.565146	0.981358	0.002037	0.000004
0.3992	30.00	0.565146	0.978812	0.001806	0.000003
0.4129	5.00	0.554692	0.000000	0.000000	0.000000
0.4129	5.51	0.554692	0.000000	0.000000	0.000000
0.4129	6.02	0.554692	0.000000	0.000000	0.000000
0.4129	6.53	0.554692	0.000000	0.000000	0.000000
0.4129	7.04	0.554692	0.000000	0.000000	0.000000
0.4129	7.55	0.554692	0.000000	0.000000	0.000000
0.4129	8.06	0.554692	0.000000	0.000000	0.000000
0.4129	8.57	0.554692	0.000000	0.000000	0.000000
0.4129	9.08	0.554692	0.392569	0.269790	0.185411
0.4129	9.59	0.554692	0.618299	0.182535	0.053888
0.4129	10.10	0.554692	0.721486	0.024141	0.000808
0.4129	10.61	0.554692	0.733808	0.006783	0.000063
0.4129	11.12	0.554692	0.739557	0.006900	0.000064
0.4129	11.63	0.554692	0.741721	0.006267	0.000053
0.4129	12.14	0.554692	0.746659	0.008048	0.000087
0.4129	12.65	0.554692	0.761665	0.006571	0.000057
0.4129	13.16	0.554692	0.763720	0.007502	0.000074
0.4129	13.67	0.554692	0.776521	0.014409	0.000267
0.4129	14.18	0.554692	0.784919	0.016394	0.000342
0.4129	14.69	0.554692	0.766469	0.005679	0.000042
0.4129	15.20	0.554692	0.770130	0.007720	0.000077
0.4129	15.71	0.554692	0.787830	0.009682	0.000119
0.4129	16.22	0.554692	0.764863	0.007764	0.000079
0.4129	16.73	0.554692	0.768578	0.008795	0.000101
0.4129	17.24	0.554692	0.792594	0.014053	0.000249
0.4129	17.76	0.554692	0.799180	0.012920	0.000209
0.4129	18.27	0.554692	0.807472	0.012663	0.000199
0.4129	18.78	0.554692	0.837318	0.015655	0.000293
0.4129	19.29	0.554692	0.829039	0.013099	0.000207
0.4129	19.80	0.554692	0.836632	0.014904	0.000265
0.4129	20.31	0.554692	0.873990	0.016820	0.000324
0.4129	20.82	0.554692	0.836187	0.022460	0.000603
0.4129	21.33	0.554692	0.860515	0.009003	0.000094
0.4129	21.84	0.554692	0.860790	0.012518	0.000182
0.4129	22.35	0.554692	0.847039	0.119636	0.016897
0.4129	22.86	0.554692	0.896525	0.007905	0.000070
0.4129	23.37	0.554692	0.897577	0.015223	0.000258
0.4129	23.88	0.554692	0.886834	0.014144	0.000226
0.4129	24.39	0.554692	0.869475	0.013640	0.000214
0.4129	24.90	0.554692	0.878029	0.013944	0.000221
0.4129	25.41	0.554692	0.869144	0.124116	0.017724
0.4129	25.92	0.554692	0.874375	0.119910	0.016444
0.4129	26.43	0.554692	0.889830	0.013607	0.000208
0.4129	26.94	0.554692	0.854835	0.162272	0.030804
0.4129	27.45	0.554692	0.875566	0.121910	0.016974
0.4129	27.96	0.554692	0.894440	0.125034	0.017479
0.4129	28.47	0.554692	0.919994	0.010465	0.000119
0.4129	28.98	0.554692	0.845880	0.196545	0.045668
0.4129	29.49	0.554692	0.921756	0.003940	0.000017
0.4129	30.00	0.554692	0.895500	0.012100	0.000164
0.4265	5.00	0.450501	0.000000	0.000000	0.000000
0.4265	5.51	0.450501	0.000000	0.000000	0.000000
0.4265	6.02	0.450501	0.000000	0.000000	0.000000
0.4265	6.53	0.450501	0.000000	0.000000	0.000000
0.4265	7.04	0.450501	0.000000	0.000000	0.000000
0.4265	7.55	0.450501	0.000000	0.000000	0.000000
0.4265	8.06	0.450501	0.000000	0.000000	0.000000
0.4265	8.57	0.450501	0.000000	0.000000	0.000000
0.4265	9.08	0.450501	0.000000	0.000000	0.000000
0.4265	9.59	0.450501	0.000000	0.000000	0.000000
0.4265	10.10	0.450501	0.000000	0.000000	0.000000
0.4265	10.61	0.450501	0.000000	0.000000	0.000000
0.4265	11.12	0.450501	0.000000	0.000000	0.000000
0.4265	11.63	0.450501	0.000000	0.000000	0.000000
0.4265	12.14	0.450501	0.147970	0.046379	0.014537
0.4265	12.65	0.450501	0.119191	0.012944	0.001406
0.4265	13.16	0.450501	0.151661	0.045724	0.013785
0.4265	13.67	0.450501	0.194088	0.070594	0.025677
0.4265	14.18	0.450501	0.257265	0.101364	0.039938
0.4265	14.69	0.450501	0.268184	0.123890	0.057232
0.4265	15.20	0.450501	0.336621	0.144999	0.062458
0.4265	15.71	0.450501	0.422115	0.161076	0.061465
0.4265	16.22	0.450501	0.554985	0.193516	0.067476
0.4265	16.73	0.450501	0.565180	0.217408	0.083631
0.4265	17.24	0.450501	0.718333	0.219148	0.066857
0.4265	17.76	0.450501	0.829452	0.162514	0.031841
0.4265	18.27	0.450501	0.923002	0.081819	0.007253
0.4265	18.78	0.450501	0.958594	0.049854	0.002593
0.4265	19.29	0.450501	0.970483	0.029716	0.000910
0.4265	19.80	0.450501	0.977236	0.015506	0.000246
0.4265	20.31	0.450501	0.984411	0.006285	0.000040
0.4265	20.82	0.450501	0.989693	0.004849	0.000024
0.4265	21.33	0.450501	0.988050	0.005638	0.000032
0.4265	21.84	0.450501	0.988782	0.004253	0.000018
0.4265	22.35	0.450501	0.989459	0.003160	0.000010
0.4265	22.86	0.450501	0.989165	0.003345	0.000011
0.4265	23.37	0.450501	0.993868	0.002552	0.000007
0.4265	23.88	0.450501	0.995329	0.001712	0.000003
0.4265	24.39	0.450501	0.996147	0.000915	0.000001
0.4265	24.90	0.450501	0.996439	0.001429	0.000002
0.4265	25.41	0.450501	0.992533	0.001878	0.000004
0.4265	25.92	0.450501	0.992874	0.001712	0.000003
0.4265	26.43	0.450501	0.994694	0.001003	0.000001
0.4265	26.94	0.450501	0.994705	0.000937	0.000001
0.4265	27.45	0.450501	0.994705	0.000876	0.000001
0.4265	27.96	0.450501	0.995848	0.001149	0.000001
0.4265	28.47	0.450501	0.996649	0.000574	0.000000
0.4265	28.98	0.450501	0.995123	0.001292	0.000002
0.4265	29.49	0.450501	0.995584	0.001271	0.000002
0.4265	30.00	0.450501	0.998252	0.000461	0.000000
0.4402	5.00	0.439804	0.000000	0.000000	0.000000
0.4402	5.51	0.439804	0.000000	0.000000	0.000000
0.4402	6.02	0.439804	0.000000	0.000000	0.000000
0.4402	6.53	0.439804	0.000000	0.000000	0.000000
0.4402	7.04	0.439804	0.000000	0.000000	0.000000
0.4402	7.55	0.439804	0.000000	0.000000	0.000000
0.4402	8.06	0.439804	0.000000	0.000000	0.000000
0.4402	8.57	0.439804	0.000000	0.000000	0.000000
0.4402	9.08	0.439804	0.000000	0.000000	0.000000
0.4402	9.59	0.439804	0.000000	0.000000	0.000000
0.4402	10.10	0.439804	0.000000	0.000000	0.000000
0.4402	10.61	0.439804	0.000000	0.000000	0.000000
0.4402	11.12	0.439804	0.000000	0.000000	0.000000
0.4402	11.63	0.439804	0.139423	0.047666	0.016296
0.4402	12.14	0.439804	0.119734	0.016889	0.002382
0.4402	12.65	0.439804	0.257675	0.152167	0.089861
0.4402	13.16	0.439804	0.461755	0.184653	0.073841
0.4402	13.67	0.439804	0.658654	0.136364	0.028232
0.4402	14.18	0.439804	0.788251	0.095088	0.011471
0.4402	14.69	0.439804	0.810445	0.092662	0.010594
0.4402	15.20	0.439804	0.890104	0.025591	0.000736
0.4402	15.71	0.439804	0.911859	0.015350	0.000258
0.4402	16.22	0.439804	0.926402	0.011558	0.000144
0.4402	16.73	0.439804	0.927961	0.011693	0.000147
0.4402	17.24	0.439804	0.938149	0.007501	0.000060
0.4402	17.76	0.439804	0.940934	0.006377	0.000043
0.4402	18.27	0.439804	0.944597	0.005843	0.000036
0.4402	18.78	0.439804	0.946933	0.005861	0.000036
0.4402	19.29	0.439804	0.949592	0.004355	0.000020
0.4402	19.80	0.439804	0.952035	0.004642	0.000023
0.4402	20.31	0.439804	0.953489	0.003750	0.000015
0.4402	20.82	0.439804	0.954691	0.003120	0.000010
0.4402	21.33	0.439804	0.953811	0.003944	0.000016
0.4402	21.84	0.439804	0.957372	0.003469	0.000013
0.4402	22.35	0.439804	0.965491	0.003251	0.000011
0.4402	22.86	0.439804	0.966570	0.003064	0.000010
0.4402	23.37	0.439804	0.960043	0.004252	0.000019
0.4402	23.88	0.439804	0.961260	0.003245	0.000011
0.4402	24.39	0.439804	0.965909	0.002171	0.000005
0.4402	24.90	0.439804	0.966200	0.002073	0.000004
0.4402	25.41	0.439804	0.967330	0.003958	0.000016
0.4402	25.92	0.439804	0.964637	0.002200	0.000005
0.4402	26.43	0.439804	0.967912	0.004577	0.000022
0.4402	26.94	0.439804	0.969187	0.003787	0.000015
0.4402	27.45	0.439804	0.969369	0.002056	0.000004
0.4402	27.96	0.439804	0.968875	0.002628	0.000007
0.4402	28.47	0.439804	0.971955	0.002476	0.000006
0.4402	28.98	0.439804	0.973502	0.002327	0.000006
0.4402	29.49	0.439804	0.972465	0.002248	0.000005
0.4402	30.00	0.439804	0.972272	0.002358	0.000006
0.4539	5.00	0.408964	0.000000	0.000000	0.000000
0.4539	5.51	0.408964	0.000000	0.000000	0.000000
0.4539	6.02	0.408964	0.000000	0.000000	0.000000
0.4539	6.53	0.408964	0.000000	0.000000	0.000000
0.4539	7.04	0.408964	0.000000	0.000000	0.000000
0.4539	7.55	0.408964	0.000000	0.000000	0.000000
0.4539	8.06	0.408964	0.000000	0.000000	0.000000
0.4539	8.57	0.408964	0.000000	0.000000	0.000000
0.4539	9.08	0.408964	0.000000	0.000000	0.000000
0.4539	9.59	0.408964	0.000000	0.000000	0.000000
0.4539	10.10	0.408964	0.000000	0.000000	0.000000
0.4539	10.61	0.408964	0.000000	0.000000	0.000000
0.4539	11.12	0.408964	0.000000	0.000000	0.000000
0.4539	11.63	0.408964	0.000000	0.000000	0.000000
0.4539	12.14	0.408964	0.000000	0.000000	0.000000
0.4539	12.65	0.408964	0.102894	0.000000	0.000000
0.4539	13.16	0.408964	0.112004	0.006475	0.000374
0.4539	13.67	0.408964	0.128439	0.023242	0.004206
0.4539	14.18	0.408964	0.138124	0.034108	0.008422
0.4539	14.69	0.408964	0.169403	0.047622	0.013387
0.4539	15.20	0.408964	0.203283	0.068438	0.023040
0.4539	15.71	0.408964	0.243019	0.096439	0.038271
0.4539	16.22	0.408964	0.252364	0.107904	0.046137
0.4539	16.73	0.408964	0.373955	0.154575	0.063894
0.4539	17.24	0.408964	0.469538	0.169949	0.061513
0.4539	17.76	0.408964	0.581009	0.153300	0.040449
0.4539	18.27	0.408964	0.696765	0.151717	0.033036
0.4539	18.78	0.408964	0.719962	0.098848	0.013571
0.4539	19.29	0.408964	0.813866	0.063323	0.004927
0.4539	19.80	0.408964	0.870661	0.059823	0.004110
0.4539	20.31	0.408964	0.891660	0.060833	0.004150
0.4539	20.82	0.408964	0.940482	0.027769	0.000820
0.4539	21.33	0.408964	0.952753	0.027641	0.000802
0.4539	21.84	0.408964	0.954334	0.018839	0.000372
0.4539	22.35	0.408964	0.968325	0.012823	0.000170
0.4539	22.86	0.408964	0.968035	0.030292	0.000948
0.4539	23.37	0.408964	0.983267	0.009580	0.000093
0.4539	23.88	0.408964	0.982701	0.004786	0.000023
0.4539	24.39	0.408964	0.986796	0.006591	0.000044
0.4539	24.90	0.408964	0.986974	0.007479	0.000057
0.4539	25.41	0.408964	0.987071	0.005372	0.000029
0.4539	25.92	0.408964	0.995411	0.003580	0.000013
0.4539	26.43	0.408964	0.996032	0.002888	0.000008
0.4539	26.94	0.408964	0.987540	0.003190	0.000010
0.4539	27.45	0.408964	0.993033	0.002160	0.000005
0.4539	27.96	0.408964	0.993871	0.002143	0.000005
0.4539	28.47	0.408964	0.995612	0.001632	0.000003
0.4539	28.98	0.408964	0.993536	0.001411	0.000002
0.4539	29.49	0.408964	0.993911	0.002043	0.000004
0.4539	30.00	0.408964	0.994493	0.001650	0.000003
0.4676	5.00	0.478580	0.000000	0.000000	0.000000
0.4676	5.51	0.478580	0.000000	0.000000	0.000000
0.4676	6.02	0.478580	0.000000	0.000000	0.000000
0.4676	6.53	0.478580	0.000000	0.000000	0.000000
0.4676	7.04	0.478580	0.000000	0.000000	0.000000
0.4676	7.55	0.478580	0.000000	0.000000	0.000000
0.4676	8.06	0.478580	0.000000	0.000000	0.000000
0.4676	8.57	0.478580	0.000000	0.000000	0.000000
0.4676	9.08	0.478580	0.000000	0.000000	0.000000
0.4676	9.59	0.478580	0.000000	0.000000	0.000000
0.4676	10.10	0.478580	0.000000	0.000000	0.000000
0.4676	10.61	0.478580	0.000000	0.000000	0.000000
0.4676	11.12	0.478580	0.121406	0.017608	0.002554
0.4676	11.63	0.478580	0.141374	0.039944	0.011286
0.4676	12.14	0.478580	0.211395	0.065662	0.020395
0.4676	12.65	0.478580	0.211723	0.108775	0.055885
0.4676	13.16	0.478580	0.318490	0.122014	0.046744
0.4676	13.67	0.478580	0.401062	0.176619	0.077779
0.4676	14.18	0.478580	0.504540	0.213605	0.090433
0.4676	14.69	0.478580	0.583387	0.170791	0.050000
0.4676	15.20	0.478580	0.687433	0.167386	0.040757
0.4676	15.71	0.478580	0.752516	0.136849	0.024887
0.4676	16.22	0.478580	0.838099	0.059510	0.004226
0.4676	16.73	0.478580	0.845352	0.117343	0.016288
0.4676	17.24	0.478580	0.876477	0.125708	0.018030
0.4676	17.76	0.478580	0.898889	0.068115	0.005162
0.4676	18.27	0.478580	0.910579	0.062336	0.004267
0.4676	18.78	0.478580	0.944997	0.036986	0.001448
0.4676	19.29	0.478580	0.950225	0.035112	0.001297
0.4676	19.80	0.478580	0.955272	0.022354	0.000523
0.4676	20.31	0.478580	0.975800	0.023013	0.000543
0.4676	20.82	0.478580	0.979997	0.016395	0.000274
0.4676	21.33	0.478580	0.980151	0.019472	0.000387
0.4676	21.84	0.478580	0.980525	0.019298	0.000380
0.4676	22.35	0.478580	0.982694	0.011274	0.000129
0.4676	22.86	0.478580	0.986643	0.012402	0.000156
0.4676	23.37	0.478580	0.991909	0.005962	0.000036
0.4676	23.88	0.478580	0.991284	0.006684	0.000045
0.4676	24.39	0.478580	0.996415	0.001267	0.000002
0.4676	24.90	0.478580	0.995751	0.002821	0.000008
0.4676	25.41	0.478580	0.991911	0.008041	0.000065
0.4676	25.92	0.478580	0.993402	0.002593	0.000007
0.4676	26.43	0.478580	0.994201	0.003960	0.000016
0.4676	26.94	0.478580	0.993576	0.004689	0.000022
0.4676	27.45	0.478580	0.993957	0.003539	0.000013
0.4676	27.96	0.478580	0.994965	0.002705	0.000007
0.4676	28.47	0.478580	0.996771	0.002018	0.000004
0.4676	28.98	0.478580	0.999340	0.001031	0.000001
0.4676	29.49	0.478580	0.995729	0.001599	0.000003
0.4676	30.00	0.478580	0.997111	0.001460	0.000002
0.4812	5.00	0.430964	0.000000	0.000000	0.000000
0.4812	5.51	0.430964	0.000000	0.000000	0.000000
0.4812	6.02	0.430964	0.000000	0.000000	0.000000
0.4812	6.53	0.430964	0.000000	0.000000	0.000000
0.4812	7.04	0.430964	0.000000	0.000000	0.000000
0.4812	7.55	0.430964	0.000000	0.000000	0.000000
0.4812	8.06	0.430964	0.000000	0.000000	0.000000
0.4812	8.57	0.430964	0.000000	0.000000	0.000000
0.4812	9.08	0.430964	0.000000	0.000000	0.000000
0.4812	9.59	0.430964	0.000000	0.000000	0.000000
0.4812	10.10	0.430964	0.000000	0.000000	0.000000
0.4812	10.61	0.430964	0.000000	0.000000	0.000000
0.4812	11.12	0.430964	0.117204	0.011877	0.001204
0.4812	11.63	0.430964	0.134476	0.023511	0.004111
0.4812	12.14	0.430964	0.146290	0.030433	0.006331
0.4812	12.65	0.430964	0.128802	0.027500	0.005871
0.4812	13.16	0.430964	0.145699	0.039021	0.010450
0.4812	13.67	0.430964	0.256886	0.067876	0.017934
0.4812	14.18	0.430964	0.307283	0.104101	0.035267
0.4812	14.69	0.430964	0.378438	0.112641	0.033527
0.4812	15.20	0.430964	0.383804	0.161163	0.067674
0.4812	15.71	0.430964	0.383984	0.193612	0.097623
0.4812	16.22	0.430964	0.442694	0.181646	0.074533
0.4812	16.73	0.430964	0.523610	0.210123	0.084322
0.4812	17.24	0.430964	0.562962	0.184500	0.060466
0.4812	17.76	0.430964	0.622991	0.196250	0.061821
0.4812	18.27	0.430964	0.708905	0.178807	0.045101
0.4812	18.78	0.430964	0.764042	0.196099	0.050331
0.4812	19.29	0.430964	0.856720	0.148200	0.025636
0.4812	19.80	0.430964	0.934610	0.042058	0.001893
0.4812	20.31	0.430964	0.951367	0.047326	0.002354
0.4812	20.82	0.430964	0.955880	0.028593	0.000855
0.4812	21.33	0.430964	0.959879	0.039948	0.001663
0.4812	21.84	0.430964	0.973502	0.014252	0.000209
0.4812	22.35	0.430964	0.978901	0.013316	0.000181
0.4812	22.86	0.430964	0.988641	0.006071	0.000037
0.4812	23.37	0.430964	0.993411	0.003100	0.000010
0.4812	23.88	0.430964	0.993720	0.003090	0.000010
0.4812	24.39	0.430964	0.995264	0.004134	0.000017
0.4812	24.90	0.430964	0.996472	0.003541	0.000013
0.4812	25.41	0.430964	0.997177	0.002540	0.000006
0.4812	25.92	0.430964	0.990356	0.005304	0.000028
0.4812	26.43	0.430964	0.991398	0.003701	0.000014
0.4812	26.94	0.430964	0.998065	0.001754	0.000003
0.4812	27.45	0.430964	0.994852	0.002913	0.000009
0.4812	27.96	0.430964	0.998421	0.001680	0.000003
0.4812	28.47	0.430964	0.999059	0.001084	0.000001
0.4812	28.98	0.430964	0.996568	0.001084	0.000001
0.4812	29.49	0.430964	0.997370	0.001590	0.000003
0.4812	30.00	0.430964	0.997335	0.001435	0.000002
0.4949	5.00	0.449096	0.000000	0.000000	0.000000
0.4949	5.51	0.449096	0.000000	0.000000	0.000000
0.4949	6.02	0.449096	0.000000	0.000000	0.000000
0.4949	6.53	0.449096	0.000000	0.000000	0.000000
0.4949	7.04	0.449096	0.000000	0.000000	0.000000
0.4949	7.55	0.449096	0.000000	0.000000	0.000000
0.4949	8.06	0.449096	0.000000	0.000000	0.000000
0.4949	8.57	0.449096	0.000000	0.000000	0.000000
0.4949	9.08	0.449096	0.000000	0.000000	0.000000
0.4949	9.59	0.449096	0.000000	0.000000	0.000000
0.4949	10.10	0.449096	0.000000	0.000000	0.000000
0.4949	10.61	0.449096	0.000000	0.000000	0.000000
0.4949	11.12	0.449096	0.000000	0.000000	0.000000
0.4949	11.63	0.449096	0.000000	0.000000	0.000000
0.4949	12.14	0.449096	0.106688	0.000000	0.000000
0.4949	12.65	0.449096	0.105096	0.002252	0.000048
0.4949	13.16	0.449096	0.133559	0.043327	0.014056
0.4949	13.67	0.449096	0.128232	0.044055	0.015135
0.4949	14.18	0.449096	0.190571	0.093297	0.045675
0.4949	14.69	0.449096	0.204140	0.121220	0.071982
0.4949	15.20	0.449096	0.269449	0.122503	0.055695
0.4949	15.71	0.449096	0.392210	0.192421	0.094403
0.4949	16.22	0.449096	0.478644	0.196298	0.080505
0.4949	16.73	0.449096	0.632789	0.170156	0.045755
0.4949	17.24	0.449096	0.731030	0.094835	0.012303
0.4949	17.76	0.449096	0.720299	0.173754	0.041914
0.4949	18.27	0.449096	0.828926	0.108852	0.014294
0.4949	18.78	0.449096	0.871561	0.083639	0.008026
0.4949	19.29	0.449096	0.869493	0.141388	0.022991
0.4949	19.80	0.449096	0.923532	0.041085	0.001828
0.4949	20.31	0.449096	0.938847	0.030355	0.000981
0.4949	20.82	0.449096	0.958897	0.020057	0.000420
0.4949	21.33	0.449096	0.960257	0.016368	0.000279
0.4949	21.84	0.449096	0.957422	0.015508	0.000251
0.4949	22.35	0.449096	0.968219	0.024029	0.000596
0.4949	22.86	0.449096	0.959054	0.118201	0.014568
0.4949	23.37	0.449096	0.968424	0.016818	0.000292
0.4949	23.88	0.449096	0.970342	0.012191	0.000153
0.4949	24.39	0.449096	0.968816	0.019091	0.000376
0.4949	24.90	0.449096	0.972995	0.013233	0.000180
0.4949	25.41	0.449096	0.981223	0.012000	0.000147
0.4949	25.92	0.449096	0.981840	0.009863	0.000099
0.4949	26.43	0.449096	0.984707	0.008247	0.000069
0.4949	26.94	0.449096	0.980228	0.009442	0.000091
0.4949	27.45	0.449096	0.981704	0.008530	0.000074
0.4949	27.96	0.449096	0.985569	0.004987	0.000025
0.4949	28.47	0.449096	0.983778	0.009744	0.000097
0.4949	28.98	0.449096	0.985262	0.006176	0.000039
0.4949	29.49	0.449096	0.991242	0.002733	0.000008
0.4949	30.00	0.449096	0.989882	0.004244	0.000018
0.5086	5.00	0.415488	0.000000	0.000000	0.000000
0.5086	5.51	0.415488	0.000000	0.000000	0.000000
0.5086	6.02	0.415488	0.000000	0.000000	0.000000
0.5086	6.53	0.415488	0.000000	0.000000	0.000000
0.5086	7.04	0.415488	0.000000	0.000000	0.000000
0.5086	7.55	0.415488	0.000000	0.000000	0.000000
0.5086	8.06	0.415488	0.000000	0.000000	0.000000
0.5086	8.57	0.415488	0.000000	0.000000	0.000000
0.5086	9.08	0.415488	0.000000	0.000000	0.000000
0.5086	9.59	0.415488	0.000000	0.000000	0.000000
0.5086	10.10	0.415488	0.000000	0.000000	0.000000
0.5086	10.61	0.415488	0.000000	0.000000	0.000000
0.5086	11.12	0.415488	0.000000	0.000000	0.000000
0.5086	11.63	0.415488	0.000000	0.000000	0.000000
0.5086	12.14	0.415488	0.121651	0.017481	0.002512
0.5086	12.65	0.415488	0.150322	0.054328	0.019635
0.5086	13.16	0.415488	0.155627	0.031015	0.006181
0.5086	13.67	0.415488	0.176360	0.062742	0.022321
0.5086	14.18	0.415488	0.235645	0.109690	0.051060
0.5086	14.69	0.415488	0.372454	0.151098	0.061298
0.5086	15.20	0.415488	0.515624	0.157926	0.048370
0.5086	15.71	0.415488	0.628019	0.166327	0.044051
0.5086	16.22	0.415488	0.671149	0.113964	0.019352
0.5086	16.73	0.415488	0.778028	0.071300	0.006534
0.5086	17.24	0.415488	0.803787	0.118516	0.017475
0.5086	17.76	0.415488	0.875767	0.038900	0.001728
0.5086	18.27	0.415488	0.927945	0.028697	0.000887
0.5086	18.78	0.415488	0.940003	0.024384	0.000633
0.5086	19.29	0.415488	0.954634	0.025666	0.000690
0.5086	19.80	0.415488	0.956871	0.029868	0.000932
0.5086	20.31	0.415488	0.963687	0.020310	0.000428
0.5086	20.82	0.415488	0.966702	0.024154	0.000604
0.5086	21.33	0.415488	0.941917	0.118302	0.014858
0.5086	21.84	0.415488	0.965535	0.033155	0.001139
0.5086	22.35	0.415488	0.972156	0.018214	0.000341
0.5086	22.86	0.415488	0.977191	0.017302	0.000306
0.5086	23.37	0.415488	0.979938	0.018452	0.000347
0.5086	23.88	0.415488	0.984517	0.009072	0.000084
0.5086	24.39	0.415488	0.970831	0.122669	0.015500
0.5086	24.90	0.415488	0.988746	0.003478	0.000012
0.5086	25.41	0.415488	0.989909	0.002192	0.000005
0.5086	25.92	0.415488	0.989270	0.003216	0.000010
0.5086	26.43	0.415488	0.989095	0.001833	0.000003
0.5086	26.94	0.415488	0.989533	0.001782	0.000003
0.5086	27.45	0.415488	0.990696	0.003299	0.000011
0.5086	27.96	0.415488	0.989620	0.002434	0.000006
0.5086	28.47	0.415488	0.989864	0.001293	0.000002
0.5086	28.98	0.415488	0.989829	0.001009	0.000001
0.5086	29.49	0.415488	0.994688	0.001638	0.000003
0.5086	30.00	0.415488	0.993069	0.001214	0.000001
0.5222	5.00	0.422395	0.000000	0.000000	0.000000
0.5222	5.51	0.422395	0.000000	0.000000	0.000000
0.5222	6.02	0.422395	0.000000	0.000000	0.000000
0.5222	6.53	0.422395	0.000000	0.000000	0.000000
0.5222	7.04	0.422395	0.000000	0.000000	0.000000
0.5222	7.55	0.422395	0.000000	0.000000	0.000000
0.5222	8.06	0.422395	0.000000	0.000000	0.000000
0.5222	8.57	0.422395	0.000000	0.000000	0.000000
0.5222	9.08	0.422395	0.000000	0.000000	0.000000
0.5222	9.59	0.422395	0.000000	0.000000	0.000000
0.5222	10.10	0.422395	0.000000	0.000000	0.000000
0.5222	10.61	0.422395	0.000000	0.000000	0.000000
0.5222	11.12	0.422395	0.000000	0.000000	0.000000
0.5222	11.63	0.422395	0.000000	0.000000	0.000000
0.5222	12.14	0.422395	0.142173	0.000000	0.000000
0.5222	12.65	0.422395	0.222045	0.000000	0.000000
0.5222	13.16	0.422395	0.148722	0.057292	0.022071
0.5222	13.67	0.422395	0.230607	0.098130	0.041757
0.5222	14.18	0.422395	0.259456	0.112802	0.049042
0.5222	14.69	0.422395	0.322684	0.134380	0.055962
0.5222	15.20	0.422395	0.424987	0.193473	0.088077
0.5222	15.71	0.422395	0.553461	0.208509	0.078553
0.5222	16.22	0.422395	0.557316	0.190669	0.065232
0.5222	16.73	0.422395	0.678030	0.214820	0.068062
0.5222	17.24	0.422395	0.774686	0.171711	0.038060
0.5222	17.76	0.422395	0.748614	0.187491	0.046957
0.5222	18.27	0.422395	0.841711	0.100144	0.011915
0.5222	18.78	0.422395	0.827476	0.151132	0.027603
0.5222	19.29	0.422395	0.862154	0.114361	0.015169
0.5222	19.80	0.422395	0.873073	0.128531	0.018922
0.5222	20.31	0.422395	0.916065	0.056733	0.003514
0.5222	20.82	0.422395	0.965377	0.021059	0.000459
0.5222	21.33	0.422395	0.974101	0.010016	0.000103
0.5222	21.84	0.422395	0.976140	0.007525	0.000058
0.5222	22.35	0.422395	0.968850	0.030185	0.000940
0.5222	22.86	0.422395	0.978712	0.013257	0.000180
0.5222	23.37	0.422395	0.985045	0.005287	0.000028
0.5222	23.88	0.422395	0.986235	0.003588	0.000013
0.5222	24.39	0.422395	0.981282	0.003908	0.000016
0.5222	24.90	0.422395	0.986526	0.004313	0.000019
0.5222	25.41	0.422395	0.986734	0.003491	0.000012
0.5222	25.92	0.422395	0.992146	0.002840	0.000008
0.5222	26.43	0.422395	0.986201	0.003081	0.000010
0.5222	26.94	0.422395	0.986755	0.003404	0.000012
0.5222	27.45	0.422395	0.991265	0.002132	0.000005
0.5222	27.96	0.422395	0.989269	0.001844	0.000003
0.5222	28.47	0.422395	0.989200	0.002189	0.000005
0.5222	28.98	0.422395	0.991006	0.001388	0.000002
0.5222	29.49	0.422395	0.990415	0.002080	0.000004
0.5222	30.00	0.422395	0.994965	0.002183	0.000005
0.5359	5.00	0.457053	0.000000	0.000000	0.000000
0.5359	5.51	0.457053	0.000000	0.000000	0.000000
0.5359	6.02	0.457053	0.000000	0.000000	0.000000
0.5359	6.53	0.457053	0.000000	0.000000	0.000000
0.5359	7.04	0.457053	0.000000	0.000000	0.000000
0.5359	7.55	0.457053	0.000000	0.000000	0.000000
0.5359	8.06	0.457053	0.000000	0.000000	0.000000
0.5359	8.57	0.457053	0.000000	0.000000	0.000000
0.5359	9.08	0.457053	0.000000	0.000000	0.000000
0.5359	9.59	0.457053	0.000000	0.000000	0.000000
0.5359	10.10	0.457053	0.000000	0.000000	0.000000
0.5359	10.61	0.457053	0.000000	0.000000	0.000000
0.5359	11.12	0.457053	0.000000	0.000000	0.000000
0.5359	11.63	0.457053	0.150160	0.009585	0.000612
0.5359	12.14	0.457053	0.176118	0.063832	0.023135
0.5359	12.65	0.457053	0.278044	0.134935	0.065484
0.5359	13.16	0.457053	0.339970	0.173927	0.088980
0.5359	13.67	0.457053	0.525269	0.134434	0.034406
0.5359	14.18	0.457053	0.614239	0.156068	0.039654
0.5359	14.69	0.457053	0.828469	0.060209	0.004376
0.5359	15.20	0.457053	0.877627	0.031326	0.001118
0.5359	15.71	0.457053	0.882437	0.027006	0.000827
0.5359	16.22	0.457053	0.903621	0.024458	0.000662
0.5359	16.73	0.457053	0.922816	0.011019	0.000132
0.5359	17.24	0.457053	0.927102	0.019439	0.000408
0.5359	17.76	0.457053	0.923285	0.023592	0.000603
0.5359	18.27	0.457053	0.934287	0.121995	0.015929
0.5359	18.78	0.457053	0.955054	0.013038	0.000178
0.5359	19.29	0.457053	0.944907	0.014755	0.000230
0.5359	19.80	0.457053	0.951297	0.016083	0.000272
0.5359	20.31	0.457053	0.932508	0.122813	0.016175
0.5359	20.82	0.457053	0.922755	0.165516	0.029689
0.5359	21.33	0.457053	0.942776	0.120147	0.015312
0.5359	21.84	0.457053	0.943770	0.125145	0.016594
0.5359	22.35	0.457053	0.966596	0.018979	0.000373
0.5359	22.86	0.457053	0.966809	0.022209	0.000510
0.5359	23.37	0.457053	0.961697	0.013830	0.000199
0.5359	23.88	0.457053	0.965247	0.017422	0.000314
0.5359	24.39	0.457053	0.971428	0.010685	0.000118
0.5359	24.90	0.457053	0.974654	0.009988	0.000102
0.5359	25.41	0.457053	0.972453	0.007849	0.000063
0.5359	25.92	0.457053	0.972913	0.007198	0.000053
0.5359	26.43	0.457053	0.953238	0.127441	0.017038
0.5359	26.94	0.457053	0.976109	0.002756	0.000008
0.5359	27.45	0.457053	0.973873	0.007121	0.000052
0.5359	27.96	0.457053	0.971282	0.004145	0.000018
0.5359	28.47	0.457053	0.970919	0.005735	0.000034
0.5359	28.98	0.457053	0.979493	0.003444	0.000012
0.5359	29.49	0.457053	0.980088	0.003088	0.000010
0.5359	30.00	0.457053	0.975312	0.001910	0.000004
0.5496	5.00	0.416240	0.000000	0.000000	0.000000
0.5496	5.51	0.416240	0.000000	0.000000	0.000000
0.5496	6.02	0.416240	0.000000	0.000000	0.000000
0.5496	6.53	0.416240	0.000000	0.000000	0.000000
0.5496	7.04	0.416240	0.000000	0.000000	0.000000
0.5496	7.55	0.416240	0.000000	0.000000	0.000000
0.5496	8.06	0.416240	0.000000	0.000000	0.000000
0.5496	8.57	0.416240	0.000000	0.000000	0.000000
0.5496	9.08	0.416240	0.000000	0.000000	0.000000
0.5496	9.59	0.416240	0.000000	0.000000	0.000000
0.5496	10.10	0.416240	0.000000	0.000000	0.000000
0.5496	10.61	0.416240	0.000000	0.000000	0.000000
0.5496	11.12	0.416240	0.000000	0.000000	0.000000
0.5496	11.63	0.416240	0.000000	0.000000	0.000000
0.5496	12.14	0.416240	0.000000	0.000000	0.000000
0.5496	12.65	0.416240	0.000000	0.000000	0.000000
0.5496	13.16	0.416240	0.130435	0.000000	0.000000
0.5496	13.67	0.416240	0.132940	0.028787	0.006234
0.5496	14.18	0.416240	0.137440	0.032320	0.007600
0.5496	14.69	0.416240	0.170156	0.056174	0.018545
0.5496	15.20	0.416240	0.217217	0.080308	0.029691
0.5496	15.71	0.416240	0.307043	0.124296	0.050317
0.5496	16.22	0.416240	0.384007	0.141524	0.052158
0.5496	16.73	0.416240	0.495659	0.122422	0.030237
0.5496	17.24	0.416240	0.561829	0.152456	0.041370
0.5496	17.76	0.416240	0.619442	0.146519	0.034657
0.5496	18.27	0.416240	0.744681	0.070287	0.006634
0.5496	18.78	0.416240	0.760033	0.135990	0.024332
0.5496	19.29	0.416240	0.818167	0.071552	0.006258
0.5496	19.80	0.416240	0.851096	0.033144	0.001291
0.5496	20.31	0.416240	0.872081	0.028563	0.000936
0.5496	20.82	0.416240	0.900060	0.016613	0.000307
0.5496	21.33	0.416240	0.903034	0.029380	0.000956
0.5496	21.84	0.416240	0.908718	0.023860	0.000626
0.5496	22.35	0.416240	0.919614	0.019991	0.000435
0.5496	22.86	0.416240	0.923147	0.025873	0.000725
0.5496	23.37	0.416240	0.931531	0.015415	0.000255
0.5496	23.88	0.416240	0.948470	0.018199	0.000349
0.5496	24.39	0.416240	0.920811	0.019527	0.000414
0.5496	24.90	0.416240	0.926345	0.019377	0.000405
0.5496	25.41	0.416240	0.949785	0.013771	0.000200
0.5496	25.92	0.416240	0.974557	0.010945	0.000123
0.5496	26.43	0.416240	0.976897	0.008240	0.000070
0.5496	26.94	0.416240	0.959521	0.015478	0.000250
0.5496	27.45	0.416240	0.964140	0.015882	0.000262
0.5496	27.96	0.416240	0.971417	0.015698	0.000254
0.5496	28.47	0.416240	0.975656	0.008165	0.000068
0.5496	28.98	0.416240	0.977424	0.006516	0.000043
0.5496	29.49	0.416240	0.980612	0.008761	0.000078
0.5496	30.00	0.416240	0.983226	0.005206	0.000028
0.5633	5.00	0.459557	0.000000	0.000000	0.000000
0.5633	5.51	0.459557	0.000000	0.000000	0.000000
0.5633	6.02	0.459557	0.000000	0.000000	0.000000
0.5633	6.53	0.459557	0.000000	0.000000	0.000000
0.5633	7.04	0.459557	0.000000	0.000000	0.000000
0.5633	7.55	0.459557	0.000000	0.000000	0.000000
0.5633	8.06	0.459557	0.000000	0.000000	0.000000
0.5633	8.57	0.459557	0.000000	0.000000	0.000000
0.5633	9.08	0.459557	0.000000	0.000000	0.000000
0.5633	9.59	0.459557	0.000000	0.000000	0.000000
0.5633	10.10	0.459557	0.000000	0.000000	0.000000
0.5633	10.61	0.459557	0.000000	0.000000	0.000000
0.5633	11.12	0.459557	0.000000	0.000000	0.000000
0.5633	11.63	0.459557	0.112179	0.011218	0.001122
0.5633	12.14	0.459557	0.116987	0.014423	0.001778
0.5633	12.65	0.459557	0.217147	0.089759	0.037102
0.5633	13.16	0.459557	0.212093	0.124218	0.072752
0.5633	13.67	0.459557	0.256677	0.144951	0.081857
0.5633	14.18	0.459557	0.410339	0.207757	0.105188
0.5633	14.69	0.459557	0.664463	0.157718	0.037436
0.5633	15.20	0.459557	0.754534	0.127035	0.021388
0.5633	15.71	0.459557	0.844264	0.051961	0.003198
0.5633	16.22	0.459557	0.892706	0.032277	0.001167
0.5633	16.73	0.459557	0.903377	0.024082	0.000642
0.5633	17.24	0.459557	0.930792	0.019846	0.000423
0.5633	17.76	0.459557	0.968359	0.016048	0.000266
0.5633	18.27	0.459557	0.960639	0.016034	0.000268
0.5633	18.78	0.459557	0.969246	0.011435	0.000135
0.5633	19.29	0.459557	0.975552	0.007101	0.000052
0.5633	19.80	0.459557	0.974468	0.012273	0.000155
0.5633	20.31	0.459557	0.972756	0.016842	0.000292
0.5633	20.82	0.459557	0.977285	0.013694	0.000192
0.5633	21.33	0.459557	0.964465	0.125894	0.016433
0.5633	21.84	0.459557	0.985256	0.013415	0.000183
0.5633	22.35	0.459557	0.989886	0.009077	0.000083
0.5633	22.86	0.459557	0.992024	0.008421	0.000071
0.5633	23.37	0.459557	0.974777	0.129374	0.017171
0.5633	23.88	0.459557	0.993661	0.009053	0.000082
0.5633	24.39	0.459557	0.991569	0.008463	0.000072
0.5633	24.90	0.459557	0.994409	0.005075	0.000026
0.5633	25.41	0.459557	0.989583	0.004263	0.000018
0.5633	25.92	0.459557	0.989270	0.010212	0.000105
0.5633	26.43	0.459557	0.976362	0.117001	0.014021
0.5633	26.94	0.459557	0.994885	0.007156	0.000051
0.5633	27.45	0.459557	0.992379	0.001855	0.000003
0.5633	27.96	0.459557	0.992486	0.003849	0.000015
0.5633	28.47	0.459557	0.994245	0.001578	0.000003
0.5633	28.98	0.459557	0.993981	0.002850	0.000008
0.5633	29.49	0.459557	0.996431	0.003184	0.000010
0.5633	30.00	0.459557	0.999891	0.000404	0.000000
0.5769	5.00	0.419376	0.000000	0.000000	0.000000
0.5769	5.51	0.419376	0.000000	0.000000	0.000000
0.5769	6.02	0.419376	0.000000	0.000000	0.000000
0.5769	6.53	0.419376	0.000000	0.000000	0.000000
0.5769	7.04	0.419376	0.000000	0.000000	0.000000
0.5769	7.55	0.419376	0.000000	0.000000	0.000000
0.5769	8.06	0.419376	0.000000	0.000000	0.000000
0.5769	8.57	0.419376	0.000000	0.000000	0.000000
0.5769	9.08	0.419376	0.000000	0.000000	0.000000
0.5769	9.59	0.419376	0.000000	0.000000	0.000000
0.5769	10.10	0.419376	0.000000	0.000000	0.000000
0.5769	10.61	0.419376	0.000000	0.000000	0.000000
0.5769	11.12	0.419376	0.000000	0.000000	0.000000
0.5769	11.63	0.419376	0.000000	0.000000	0.000000
0.5769	12.14	0.419376	0.000000	0.000000	0.000000
0.5769	12.65	0.419376	0.105939	0.000000	0.000000
0.5769	13.16	0.419376	0.130819	0.017784	0.002418
0.5769	13.67	0.419376	0.152845	0.055463	0.020126
0.5769	14.18	0.419376	0.156982	0.075535	0.036345
0.5769	14.69	0.419376	0.164897	0.048040	0.013996
0.5769	15.20	0.419376	0.212699	0.089837	0.037944
0.5769	15.71	0.419376	0.278508	0.134223	0.064687
0.5769	16.22	0.419376	0.434457	0.149961	0.051762
0.5769	16.73	0.419376	0.537400	0.114348	0.024331
0.5769	17.24	0.419376	0.576533	0.145739	0.036840
0.5769	17.76	0.419376	0.676799	0.121171	0.021694
0.5769	18.27	0.419376	0.735721	0.114404	0.017790
0.5769	18.78	0.419376	0.771204	0.150860	0.029511
0.5769	19.29	0.419376	0.859049	0.064971	0.004914
0.5769	19.80	0.419376	0.852873	0.119902	0.016857
0.5769	20.31	0.419376	0.879381	0.116153	0.015342
0.5769	20.82	0.419376	0.909949	0.055162	0.003344
0.5769	21.33	0.419376	0.900842	0.115541	0.014819
0.5769	21.84	0.419376	0.936565	0.050728	0.002748
0.5769	22.35	0.419376	0.968332	0.032277	0.001076
0.5769	22.86	0.419376	0.954303	0.125571	0.016523
0.5769	23.37	0.419376	0.963884	0.033903	0.001193
0.5769	23.88	0.419376	0.984149	0.024329	0.000601
0.5769	24.39	0.419376	0.987661	0.013123	0.000174
0.5769	24.90	0.419376	0.979100	0.013791	0.000194
0.5769	25.41	0.419376	0.979711	0.011899	0.000145
0.5769	25.92	0.419376	0.987030	0.013833	0.000194
0.5769	26.43	0.419376	0.988273	0.007495	0.000057
0.5769	26.94	0.419376	0.988338	0.007286	0.000054
0.5769	27.45	0.419376	0.985488	0.015238	0.000236
0.5769	27.96	0.419376	0.988862	0.006782	0.000047
0.5769	28.47	0.419376	0.997576	0.003742	0.000014
0.5769	28.98	0.419376	0.992040	0.004386	0.000019
0.5769	29.49	0.419376	0.993245	0.003193	0.000010
0.5769	30.00	0.419376	0.993880	0.002262	0.000005
0.5906	5.00	0.426645	0.000000	0.000000	0.000000
0.5906	5.51	0.426645	0.000000	0.000000	0.000000
0.5906	6.02	0.426645	0.000000	0.000000	0.000000
0.5906	6.53	0.426645	0.000000	0.000000	0.000000
0.5906	7.04	0.426645	0.000000	0.000000	0.000000
0.5906	7.55	0.426645	0.000000	0.000000	0.000000
0.5906	8.06	0.426645	0.000000	0.000000	0.000000
0.5906	8.57	0.426645	0.000000	0.000000	0.000000
0.5906	9.08	0.426645	0.000000	0.000000	0.000000
0.5906	9.59	0.426645	0.000000	0.000000	0.000000
0.5906	10.10	0.426645	0.000000	0.000000	0.000000
0.5906	10.61	0.426645	0.000000	0.000000	0.000000
0.5906	11.12	0.426645	0.128824	0.000000	0.000000
0.5906	11.63	0.426645	0.106280	0.001610	0.000024
0.5906	12.14	0.426645	0.166782	0.068476	0.028114
0.5906	12.65	0.426645	0.172533	0.082674	0.039615
0.5906	13.16	0.426645	0.243071	0.102786	0.043464
0.5906	13.67	0.426645	0.295413	0.143914	0.070110
0.5906	14.18	0.426645	0.436393	0.117884	0.031844
0.5906	14.69	0.426645	0.494786	0.127059	0.032628
0.5906	15.20	0.426645	0.573937	0.108379	0.020466
0.5906	15.71	0.426645	0.604780	0.156024	0.040252
0.5906	16.22	0.426645	0.565788	0.203036	0.072861
0.5906	16.73	0.426645	0.615170	0.185694	0.056053
0.5906	17.24	0.426645	0.614063	0.223485	0.081336
0.5906	17.76	0.426645	0.615441	0.244059	0.096784
0.5906	18.27	0.426645	0.634000	0.243856	0.093794
0.5906	18.78	0.426645	0.694619	0.227044	0.074212
0.5906	19.29	0.426645	0.784055	0.215534	0.059249
0.5906	19.80	0.426645	0.779799	0.206257	0.054555
0.5906	20.31	0.426645	0.795360	0.159990	0.032183
0.5906	20.82	0.426645	0.734603	0.237496	0.076782
0.5906	21.33	0.426645	0.911673	0.109852	0.013237
0.5906	21.84	0.426645	0.948295	0.025293	0.000675
0.5906	22.35	0.426645	0.958692	0.017857	0.000333
0.5906	22.86	0.426645	0.955752	0.017537	0.000322
0.5906	23.37	0.426645	0.957378	0.038791	0.001572
0.5906	23.88	0.426645	0.971719	0.013003	0.000174
0.5906	24.39	0.426645	0.958526	0.042286	0.001865
0.5906	24.90	0.426645	0.972395	0.017215	0.000305
0.5906	25.41	0.426645	0.976736	0.009047	0.000084
0.5906	25.92	0.426645	0.989584	0.004625	0.000022
0.5906	26.43	0.426645	0.983757	0.004258	0.000018
0.5906	26.94	0.426645	0.976770	0.009517	0.000093
0.5906	27.45	0.426645	0.979717	0.006715	0.000046
0.5906	27.96	0.426645	0.991640	0.003001	0.000009
0.5906	28.47	0.426645	0.985850	0.004343	0.000019
0.5906	28.98	0.426645	0.988028	0.002366	0.000006
0.5906	29.49	0.426645	0.991563	0.001905	0.000004
0.5906	30.00	0.426645	0.995546	0.001826	0.000003
0.6043	5.00	0.394511	0.000000	0.000000	0.000000
0.6043	5.51	0.394511	0.000000	0.000000	0.000000
0.6043	6.02	0.394511	0.000000	0.000000	0.000000
0.6043	6.53	0.394511	0.000000	0.000000	0.000000
0.6043	7.04	0.394511	0.000000	0.000000	0.000000
0.6043	7.55	0.394511	0.000000	0.000000	0.000000
0.6043	8.06	0.394511	0.000000	0.000000	0.000000
0.6043	8.57	0.394511	0.000000	0.000000	0.000000
0.6043	9.08	0.394511	0.000000	0.000000	0.000000
0.6043	9.59	0.394511	0.000000	0.000000	0.000000
0.6043	10.10	0.394511	0.000000	0.000000	0.000000
0.6043	10.61	0.394511	0.000000	0.000000	0.000000
0.6043	11.12	0.394511	0.000000	0.000000	0.000000
0.6043	11.63	0.394511	0.000000	0.000000	0.000000
0.6043	12.14	0.394511	0.000000	0.000000	0.000000
0.6043	12.65	0.394511	0.125000	0.013971	0.001561
0.6043	13.16	0.394511	0.142308	0.024481	0.004211
0.6043	13.67	0.394511	0.162460	0.025802	0.004098
0.6043	14.18	0.394511	0.141827	0.044336	0.013859
0.6043	14.69	0.394511	0.187737	0.054247	0.015675
0.6043	15.20	0.394511	0.242573	0.074895	0.023124
0.6043	15.71	0.394511	0.244723	0.099609	0.040543
0.6043	16.22	0.394511	0.316049	0.103129	0.033652
0.6043	16.73	0.394511	0.304875	0.121502	0.048422
0.6043	17.24	0.394511	0.367829	0.153892	0.064385
0.6043	17.76	0.394511	0.580317	0.163085	0.045832
0.6043	18.27	0.394511	0.678408	0.135878	0.027215
0.6043	18.78	0.394511	0.676020	0.170206	0.042854
0.6043	19.29	0.394511	0.726218	0.172448	0.040949
0.6043	19.80	0.394511	0.806122	0.133192	0.022007
0.6043	20.31	0.394511	0.841026	0.074800	0.006653
0.6043	20.82	0.394511	0.863269	0.073911	0.006328
0.6043	21.33	0.394511	0.918429	0.051317	0.002867
0.6043	21.84	0.394511	0.933397	0.021613	0.000500
0.6043	22.35	0.394511	0.929420	0.030173	0.000980
0.6043	22.86	0.394511	0.928010	0.036545	0.001439
0.6043	23.37	0.394511	0.946571	0.023449	0.000581
0.6043	23.88	0.394511	0.942051	0.035415	0.001331
0.6043	24.39	0.394511	0.954872	0.012506	0.000164
0.6043	24.90	0.394511	0.959443	0.012089	0.000152
0.6043	25.41	0.394511	0.964713	0.010665	0.000118
0.6043	25.92	0.394511	0.976410	0.007407	0.000056
0.6043	26.43	0.394511	0.982405	0.007848	0.000063
0.6043	26.94	0.394511	0.983686	0.007349	0.000055
0.6043	27.45	0.394511	0.977885	0.009732	0.000097
0.6043	27.96	0.394511	0.978718	0.005058	0.000026
0.6043	28.47	0.394511	0.980224	0.004437	0.000020
0.6043	28.98	0.394511	0.972340	0.005759	0.000034
0.6043	29.49	0.394511	0.986282	0.005288	0.000028
0.6043	30.00	0.394511	0.986166	0.004711	0.000023
0.6180	5.00	0.490063	0.000000	0.000000	0.000000
0.6180	5.51	0.490063	0.000000	0.000000	0.000000
0.6180	6.02	0.490063	0.000000	0.000000	0.000000
0.6180	6.53	0.490063	0.000000	0.000000	0.000000
0.6180	7.04	0.490063	0.000000	0.000000	0.000000
0.6180	7.55	0.490063	0.000000	0.000000	0.000000
0.6180	8.06	0.490063	0.000000	0.000000	0.000000
0.6180	8.57	0.490063	0.000000	0.000000	0.000000
0.6180	9.08	0.490063	0.000000	0.000000	0.000000
0.6180	9.59	0.490063	0.000000	0.000000	0.000000
0.6180	10.10	0.490063	0.000000	0.000000	0.000000
0.6180	10.61	0.490063	0.000000	0.000000	0.000000
0.6180	11.12	0.490063	0.127832	0.000000	0.000000
0.6180	11.63	0.490063	0.163430	0.074302	0.033780
0.6180	12.14	0.490063	0.173139	0.121480	0.085234
0.6180	12.65	0.490063	0.249268	0.141459	0.080277
0.6180	13.16	0.490063	0.490196	0.233689	0.111405
0.6180	13.67	0.490063	0.752202	0.171684	0.039186
0.6180	14.18	0.490063	0.839937	0.193952	0.044786
0.6180	14.69	0.490063	0.931541	0.033285	0.001189
0.6180	15.20	0.490063	0.936229	0.133507	0.019038
0.6180	15.71	0.490063	0.976111	0.005898	0.000036
0.6180	16.22	0.490063	0.980043	0.005289	0.000029
0.6180	16.73	0.490063	0.982951	0.003297	0.000011
0.6180	17.24	0.490063	0.986901	0.004008	0.000016
0.6180	17.76	0.490063	0.989305	0.002672	0.000007
0.6180	18.27	0.490063	0.990522	0.003304	0.000011
0.6180	18.78	0.490063	0.992141	0.002511	0.000006
0.6180	19.29	0.490063	0.988974	0.002373	0.000006
0.6180	19.80	0.490063	0.995409	0.001436	0.000002
0.6180	20.31	0.490063	0.995635	0.001502	0.000002
0.6180	20.82	0.490063	0.988342	0.001317	0.000002
0.6180	21.33	0.490063	0.989740	0.002462	0.000006
0.6180	21.84	0.490063	0.991137	0.002055	0.000004
0.6180	22.35	0.490063	0.990880	0.001762	0.000003
0.6180	22.86	0.490063	0.989087	0.001748	0.000003
0.6180	23.37	0.490063	0.989501	0.001792	0.000003
0.6180	23.88	0.490063	0.993417	0.001806	0.000003
0.6180	24.39	0.490063	0.993904	0.001344	0.000002
0.6180	24.90	0.490063	0.993716	0.001448	0.000002
0.6180	25.41	0.490063	0.993753	0.001286	0.000002
0.6180	25.92	0.490063	0.997977	0.000781	0.000001
0.6180	26.43	0.490063	0.995748	0.000925	0.000001
0.6180	26.94	0.490063	0.998382	0.000999	0.000001
0.6180	27.45	0.490063	0.994845	0.001363	0.000002
0.6180	27.96	0.490063	0.996032	0.000879	0.000001
0.6180	28.47	0.490063	0.995881	0.001115	0.000001
0.6180	28.98	0.490063	0.991755	0.001213	0.000001
0.6180	29.49	0.490063	0.994337	0.001423	0.000002
0.6180	30.00	0.490063	0.997457	0.000801	0.000001
0.6316	5.00	0.363205	0.000000	0.000000	0.000000
0.6316	5.51	0.363205	0.000000	0.000000	0.000000
0.6316	6.02	0.363205	0.000000	0.000000	0.000000
0.6316	6.53	0.363205	0.000000	0.000000	0.000000
0.6316	7.04	0.363205	0.000000	0.000000	0.000000
0.6316	7.55	0.363205	0.000000	0.000000	0.000000
0.6316	8.06	0.363205	0.000000	0.000000	0.000000
0.6316	8.57	0.363205	0.000000	0.000000	0.000000
0.6316	9.08	0.363205	0.000000	0.000000	0.000000
0.6316	9.59	0.363205	0.000000	0.000000	0.000000
0.6316	10.10	0.363205	0.000000	0.000000	0.000000
0.6316	10.61	0.363205	0.000000	0.000000	0.000000
0.6316	11.12	0.363205	0.000000	0.000000	0.000000
0.6316	11.63	0.363205	0.000000	0.000000	0.000000
0.6316	12.14	0.363205	0.119808	0.000000	0.000000
0.6316	12.65	0.363205	0.162939	0.064755	0.025735
0.6316	13.16	0.363205	0.192606	0.087952	0.040163
0.6316	13.67	0.363205	0.234974	0.106171	0.047972
0.6316	14.18	0.363205	0.344249	0.130610	0.049554
0.6316	14.69	0.363205	0.344072	0.129844	0.049000
0.6316	15.20	0.363205	0.463341	0.091007	0.017875
0.6316	15.71	0.363205	0.578721	0.068128	0.008020
0.6316	16.22	0.363205	0.660190	0.068767	0.007163
0.6316	16.73	0.363205	0.734676	0.061270	0.005110
0.6316	17.24	0.363205	0.765992	0.034837	0.001584
0.6316	17.76	0.363205	0.808946	0.038252	0.001809
0.6316	18.27	0.363205	0.874673	0.121934	0.016998
0.6316	18.78	0.363205	0.910071	0.026164	0.000752
0.6316	19.29	0.363205	0.908800	0.027653	0.000841
0.6316	19.80	0.363205	0.923795	0.027126	0.000797
0.6316	20.31	0.363205	0.927015	0.030747	0.001020
0.6316	20.82	0.363205	0.946798	0.019610	0.000406
0.6316	21.33	0.363205	0.943158	0.027254	0.000788
0.6316	21.84	0.363205	0.945188	0.030044	0.000955
0.6316	22.35	0.363205	0.942858	0.032331	0.001109
0.6316	22.86	0.363205	0.938176	0.120127	0.015381
0.6316	23.37	0.363205	0.941860	0.029334	0.000914
0.6316	23.88	0.363205	0.950879	0.026177	0.000721
0.6316	24.39	0.363205	0.937034	0.032537	0.001130
0.6316	24.90	0.363205	0.968799	0.015909	0.000261
0.6316	25.41	0.363205	0.970940	0.014532	0.000217
0.6316	25.92	0.363205	0.972470	0.010689	0.000117
0.6316	26.43	0.363205	0.975359	0.010878	0.000121
0.6316	26.94	0.363205	0.976305	0.011987	0.000147
0.6316	27.45	0.363205	0.975572	0.003732	0.000014
0.6316	27.96	0.363205	0.972392	0.006507	0.000044
0.6316	28.47	0.363205	0.972334	0.006068	0.000038
0.6316	28.98	0.363205	0.973965	0.004358	0.000020
0.6316	29.49	0.363205	0.982362	0.007744	0.000061
0.6316	30.00	0.363205	0.979267	0.005212	0.000028
0.6453	5.00	0.406780	0.000000	0.000000	0.000000
0.6453	5.51	0.406780	0.000000	0.000000	0.000000
0.6453	6.02	0.406780	0.000000	0.000000	0.000000
0.6453	6.53	0.406780	0.000000	0.000000	0.000000
0.6453	7.04	0.406780	0.000000	0.000000	0.000000
0.6453	7.55	0.406780	0.000000	0.000000	0.000000
0.6453	8.06	0.406780	0.000000	0.000000	0.000000
0.6453	8.57	0.406780	0.000000	0.000000	0.000000
0.6453	9.08	0.406780	0.000000	0.000000	0.000000
0.6453	9.59	0.406780	0.000000	0.000000	0.000000
0.6453	10.10	0.406780	0.000000	0.000000	0.000000
0.6453	10.61	0.406780	0.000000	0.000000	0.000000
0.6453	11.12	0.406780	0.000000	0.000000	0.000000
0.6453	11.63	0.406780	0.117363	0.000000	0.000000
0.6453	12.14	0.406780	0.120579	0.000000	0.000000
0.6453	12.65	0.406780	0.126206	0.012058	0.001152
0.6453	13.16	0.406780	0.132271	0.023560	0.004196
0.6453	13.67	0.406780	0.189372	0.076786	0.031135
0.6453	14.18	0.406780	0.187438	0.072184	0.027799
0.6453	14.69	0.406780	0.253000	0.126603	0.063353
0.6453	15.20	0.406780	0.332322	0.148779	0.066608
0.6453	15.71	0.406780	0.545951	0.140332	0.036071
0.6453	16.22	0.406780	0.673212	0.096378	0.013797
0.6453	16.73	0.406780	0.762245	0.075216	0.007422
0.6453	17.24	0.406780	0.776842	0.151944	0.029719
0.6453	17.76	0.406780	0.870140	0.123378	0.017494
0.6453	18.27	0.406780	0.884357	0.077364	0.006768
0.6453	18.78	0.406780	0.886707	0.119621	0.016137
0.6453	19.29	0.406780	0.922445	0.052875	0.003031
0.6453	19.80	0.406780	0.961561	0.033310	0.001154
0.6453	20.31	0.406780	0.933839	0.125292	0.016810
0.6453	20.82	0.406780	0.950965	0.035895	0.001355
0.6453	21.33	0.406780	0.958794	0.027128	0.000768
0.6453	21.84	0.406780	0.969279	0.015621	0.000252
0.6453	22.35	0.406780	0.952261	0.041767	0.001832
0.6453	22.86	0.406780	0.963955	0.036612	0.001391
0.6453	23.37	0.406780	0.974712	0.008761	0.000079
0.6453	23.88	0.406780	0.964027	0.093490	0.009066
0.6453	24.39	0.406780	0.978723	0.005161	0.000027
0.6453	24.90	0.406780	0.974913	0.005905	0.000036
0.6453	25.41	0.406780	0.985095	0.002837	0.000008
0.6453	25.92	0.406780	0.985497	0.003173	0.000010
0.6453	26.43	0.406780	0.982999	0.002980	0.000009
0.6453	26.94	0.406780	0.987033	0.003291	0.000011
0.6453	27.45	0.406780	0.987453	0.003542	0.000013
0.6453	27.96	0.406780	0.986125	0.001436	0.000002
0.6453	28.47	0.406780	0.991262	0.001560	0.000002
0.6453	28.98	0.406780	0.984470	0.002740	0.000008
0.6453	29.49	0.406780	0.984812	0.002293	0.000005
0.6453	30.00	0.406780	0.987924	0.001994	0.000004
0.6590	5.00	0.321223	0.000000	0.000000	0.000000
0.6590	5.51	0.321223	0.000000	0.000000	0.000000
0.6590	6.02	0.321223	0.000000	0.000000	0.000000
0.6590	6.53	0.321223	0.000000	0.000000	0.000000
0.6590	7.04	0.321223	0.000000	0.000000	0.000000
0.6590	7.55	0.321223	0.000000	0.000000	0.000000
0.6590	8.06	0.321223	0.000000	0.000000	0.000000
0.6590	8.57	0.321223	0.000000	0.000000	0.000000
0.6590	9.08	0.321223	0.000000	0.000000	0.000000
0.6590	9.59	0.321223	0.000000	0.000000	0.000000
0.6590	10.10	0.321223	0.000000	0.000000	0.000000
0.6590	10.61	0.321223	0.000000	0.000000	0.000000
0.6590	11.12	0.321223	0.000000	0.000000	0.000000
0.6590	11.63	0.321223	0.000000	0.000000	0.000000
0.6590	12.14	0.321223	0.000000	0.000000	0.000000
0.6590	12.65	0.321223	0.112776	0.007098	0.000447
0.6590	13.16	0.321223	0.141956	0.019350	0.002638
0.6590	13.67	0.321223	0.117245	0.014360	0.001759
0.6590	14.18	0.321223	0.135083	0.035106	0.009123
0.6590	14.69	0.321223	0.143053	0.046731	0.015265
0.6590	15.20	0.321223	0.191350	0.072987	0.027840
0.6590	15.71	0.321223	0.229665	0.116027	0.058617
0.6590	16.22	0.321223	0.341262	0.158875	0.073964
0.6590	16.73	0.321223	0.482616	0.140650	0.040990
0.6590	17.24	0.321223	0.575841	0.151704	0.039966
0.6590	17.76	0.321223	0.634037	0.136432	0.029357
0.6590	18.27	0.321223	0.715584	0.115001	0.018482
0.6590	18.78	0.321223	0.864655	0.069213	0.005540
0.6590	19.29	0.321223	0.896885	0.044281	0.002186
0.6590	19.80	0.321223	0.929384	0.042791	0.001970
0.6590	20.31	0.321223	0.930986	0.032274	0.001119
0.6590	20.82	0.321223	0.964018	0.017695	0.000325
0.6590	21.33	0.321223	0.971770	0.009987	0.000103
0.6590	21.84	0.321223	0.957413	0.018862	0.000372
0.6590	22.35	0.321223	0.966910	0.009256	0.000089
0.6590	22.86	0.321223	0.975665	0.006722	0.000046
0.6590	23.37	0.321223	0.981434	0.003674	0.000014
0.6590	23.88	0.321223	0.962581	0.126398	0.016597
0.6590	24.39	0.321223	0.983388	0.005305	0.000029
0.6590	24.90	0.321223	0.981008	0.005788	0.000034
0.6590	25.41	0.321223	0.982875	0.005018	0.000026
0.6590	25.92	0.321223	0.982839	0.003101	0.000010
0.6590	26.43	0.321223	0.984195	0.002499	0.000006
0.6590	26.94	0.321223	0.986330	0.003546	0.000013
0.6590	27.45	0.321223	0.988630	0.002206	0.000005
0.6590	27.96	0.321223	0.990440	0.001975	0.000004
0.6590	28.47	0.321223	0.990503	0.001493	0.000002
0.6590	28.98	0.321223	0.990671	0.002870	0.000008
0.6590	29.49	0.321223	0.988499	0.001733	0.000003
0.6590	30.00	0.321223	0.988992	0.001625	0.000003
0.6727	5.00	0.392306	0.000000	0.000000	0.000000
0.6727	5.51	0.392306	0.000000	0.000000	0.000000
0.6727	6.02	0.392306	0.000000	0.000000	0.000000
0.6727	6.53	0.392306	0.000000	0.000000	0.000000
0.6727	7.04	0.392306	0.000000	0.000000	0.000000
0.6727	7.55	0.392306	0.000000	0.000000	0.000000
0.6727	8.06	0.392306	0.000000	0.000000	0.000000
0.6727	8.57	0.392306	0.000000	0.000000	0.000000
0.6727	9.08	0.392306	0.000000	0.000000	0.000000
0.6727	9.59	0.392306	0.000000	0.000000	0.000000
0.6727	10.10	0.392306	0.000000	0.000000	0.000000
0.6727	10.61	0.392306	0.000000	0.000000	0.000000
0.6727	11.12	0.392306	0.000000	0.000000	0.000000
0.6727	11.63	0.392306	0.000000	0.000000	0.000000
0.6727	12.14	0.392306	0.000000	0.000000	0.000000
0.6727	12.65	0.392306	0.000000	0.000000	0.000000
0.6727	13.16	0.392306	0.118245	0.002002	0.000034
0.6727	13.67	0.392306	0.130933	0.021872	0.003654
0.6727	14.18	0.392306	0.139968	0.037135	0.009852
0.6727	14.69	0.392306	0.140784	0.031748	0.007159
0.6727	15.20	0.392306	0.178331	0.065238	0.023866
0.6727	15.71	0.392306	0.224184	0.086995	0.033758
0.6727	16.22	0.392306	0.293740	0.125551	0.053663
0.6727	16.73	0.392306	0.360840	0.168005	0.078222
0.6727	17.24	0.392306	0.576148	0.170399	0.050396
0.6727	17.76	0.392306	0.656075	0.161424	0.039718
0.6727	18.27	0.392306	0.763193	0.077040	0.007777
0.6727	18.78	0.392306	0.807769	0.086208	0.009200
0.6727	19.29	0.392306	0.766226	0.110413	0.015911
0.6727	19.80	0.392306	0.851268	0.085958	0.008680
0.6727	20.31	0.392306	0.923936	0.049382	0.002639
0.6727	20.82	0.392306	0.939431	0.031333	0.001045
0.6727	21.33	0.392306	0.940257	0.038863	0.001606
0.6727	21.84	0.392306	0.942739	0.048453	0.002490
0.6727	22.35	0.392306	0.968716	0.010358	0.000111
0.6727	22.86	0.392306	0.973171	0.010858	0.000121
0.6727	23.37	0.392306	0.978395	0.009138	0.000085
0.6727	23.88	0.392306	0.980345	0.008188	0.000068
0.6727	24.39	0.392306	0.982507	0.008307	0.000070
0.6727	24.90	0.392306	0.984604	0.005377	0.000029
0.6727	25.41	0.392306	0.986089	0.004149	0.000017
0.6727	25.92	0.392306	0.988731	0.002684	0.000007
0.6727	26.43	0.392306	0.989098	0.001992	0.000004
0.6727	26.94	0.392306	0.990589	0.003394	0.000012
0.6727	27.45	0.392306	0.992418	0.001393	0.000002
0.6727	27.96	0.392306	0.992707	0.001145	0.000001
0.6727	28.47	0.392306	0.992844	0.002147	0.000005
0.6727	28.98	0.392306	0.994650	0.001477	0.000002
0.6727	29.49	0.392306	0.991071	0.001908	0.000004
0.6727	30.00	0.392306	0.992008	0.001868	0.000004
0.6863	5.00	0.450814	0.000000	0.000000	0.000000
0.6863	5.51	0.450814	0.000000	0.000000	0.000000
0.6863	6.02	0.450814	0.000000	0.000000	0.000000
0.6863	6.53	0.450814	0.000000	0.000000	0.000000
0.6863	7.04	0.450814	0.000000	0.000000	0.000000
0.6863	7.55	0.450814	0.000000	0.000000	0.000000
0.6863	8.06	0.450814	0.000000	0.000000	0.000000
0.6863	8.57	0.450814	0.000000	0.000000	0.000000
0.6863	9.08	0.450814	0.000000	0.000000	0.000000
0.6863	9.59	0.450814	0.000000	0.000000	0.000000
0.6863	10.10	0.450814	0.000000	0.000000	0.000000
0.6863	10.61	0.450814	0.000000	0.000000	0.000000
0.6863	11.12	0.450814	0.000000	0.000000	0.000000
0.6863	11.63	0.450814	0.114148	0.000000	0.000000
0.6863	12.14	0.450814	0.127814	0.013666	0.001461
0.6863	12.65	0.450814	0.152274	0.054856	0.019762
0.6863	13.16	0.450814	0.179904	0.102480	0.058376
0.6863	13.67	0.450814	0.294510	0.128053	0.055678
0.6863	14.18	0.450814	0.336405	0.177342	0.093489
0.6863	14.69	0.450814	0.532722	0.141409	0.037537
0.6863	15.20	0.450814	0.661294	0.164435	0.040888
0.6863	15.71	0.450814	0.740555	0.092822	0.011634
0.6863	16.22	0.450814	0.830845	0.063993	0.004929
0.6863	16.73	0.450814	0.883646	0.040291	0.001837
0.6863	17.24	0.450814	0.943309	0.021085	0.000471
0.6863	17.76	0.450814	0.956898	0.012002	0.000151
0.6863	18.27	0.450814	0.937605	0.017004	0.000308
0.6863	18.78	0.450814	0.945155	0.013526	0.000194
0.6863	19.29	0.450814	0.959442	0.009203	0.000088
0.6863	19.80	0.450814	0.961196	0.008607	0.000077
0.6863	20.31	0.450814	0.980561	0.007845	0.000063
0.6863	20.82	0.450814	0.983325	0.004691	0.000022
0.6863	21.33	0.450814	0.973997	0.006468	0.000043
0.6863	21.84	0.450814	0.990983	0.002607	0.000007
0.6863	22.35	0.450814	0.990913	0.002984	0.000009
0.6863	22.86	0.450814	0.982212	0.004576	0.000021
0.6863	23.37	0.450814	0.984622	0.005157	0.000027
0.6863	23.88	0.450814	0.985565	0.004318	0.000019
0.6863	24.39	0.450814	0.987033	0.003359	0.000011
0.6863	24.90	0.450814	0.987383	0.003483	0.000012
0.6863	25.41	0.450814	0.987889	0.003043	0.000009
0.6863	25.92	0.450814	0.986824	0.002953	0.000009
0.6863	26.43	0.450814	0.987907	0.002956	0.000009
0.6863	26.94	0.450814	0.988527	0.002486	0.000006
0.6863	27.45	0.450814	0.988139	0.002801	0.000008
0.6863	27.96	0.450814	0.994014	0.001982	0.000004
0.6863	28.47	0.450814	0.994792	0.001682	0.000003
0.6863	28.98	0.450814	0.996070	0.001048	0.000001
0.6863	29.49	0.450814	0.991297	0.002312	0.000005
0.6863	30.00	0.450814	0.990792	0.002257	0.000005
0.7000	5.00	0.358253	0.000000	0.000000	0.000000
0.7000	5.51	0.358253	0.000000	0.000000	0.000000
0.7000	6.02	0.358253	0.000000	0.000000	0.000000
0.7000	6.53	0.358253	0.000000	0.000000	0.000000
0.7000	7.04	0.358253	0.000000	0.000000	0.000000
0.7000	7.55	0.358253	0.000000	0.000000	0.000000
0.7000	8.06	0.358253	0.000000	0.000000	0.000000
0.7000	8.57	0.358253	0.000000	0.000000	0.000000
0.7000	9.08	0.358253	0.000000	0.000000	0.000000
0.7000	9.59	0.358253	0.000000	0.000000	0.000000
0.7000	10.10	0.358253	0.000000	0.000000	0.000000
0.7000	10.61	0.358253	0.000000	0.000000	0.000000
0.7000	11.12	0.358253	0.000000	0.000000	0.000000
0.7000	11.63	0.358253	0.000000	0.000000	0.000000
0.7000	12.14	0.358253	0.000000	0.000000	0.000000
0.7000	12.65	0.358253	0.106688	0.000000	0.000000
0.7000	13.16	0.358253	0.184713	0.000000	0.000000
0.7000	13.67	0.358253	0.129618	0.033243	0.008526
0.7000	14.18	0.358253	0.149682	0.059804	0.023894
0.7000	14.69	0.358253	0.126035	0.022306	0.003948
0.7000	15.20	0.358253	0.139278	0.031708	0.007219
0.7000	15.71	0.358253	0.187178	0.079259	0.033562
0.7000	16.22	0.358253	0.205204	0.098380	0.047165
0.7000	16.73	0.358253	0.327376	0.121082	0.044783
0.7000	17.24	0.358253	0.471088	0.166419	0.058790
0.7000	17.76	0.358253	0.596460	0.170155	0.048541
0.7000	18.27	0.358253	0.625637	0.175892	0.049450
0.7000	18.78	0.358253	0.621929	0.190499	0.058350
0.7000	19.29	0.358253	0.856460	0.053490	0.003341
0.7000	19.80	0.358253	0.883227	0.120065	0.016322
0.7000	20.31	0.358253	0.867741	0.073888	0.006292
0.7000	20.82	0.358253	0.913607	0.052231	0.002986
0.7000	21.33	0.358253	0.942611	0.028342	0.000852
0.7000	21.84	0.358253	0.963694	0.019429	0.000392
0.7000	22.35	0.358253	0.958349	0.030637	0.000979
0.7000	22.86	0.358253	0.969108	0.020600	0.000438
0.7000	23.37	0.358253	0.984841	0.008919	0.000081
0.7000	23.88	0.358253	0.988431	0.004467	0.000020
0.7000	24.39	0.358253	0.982777	0.004014	0.000016
0.7000	24.90	0.358253	0.984726	0.003034	0.000009
0.7000	25.41	0.358253	0.989782	0.003081	0.000010
0.7000	25.92	0.358253	0.984140	0.009800	0.000098
0.7000	26.43	0.358253	0.986656	0.003964	0.000016
0.7000	26.94	0.358253	0.990015	0.001712	0.000003
0.7000	27.45	0.358253	0.992735	0.001375	0.000002
0.7000	27.96	0.358253	0.993143	0.001212	0.000001
0.7000	28.47	0.358253	0.991063	0.001279	0.000002
0.7000	28.98	0.358253	0.994758	0.000793	0.000001
0.7000	29.49	0.358253	0.994924	0.000773	0.000001
0.7000	30.00	0.358253	0.990446	0.001314	0.000002
