base_sigma	MAX_EXC_WEIGHT	Gini	mean_peaks_height	std_peaks_height	fano_factor
0.0446	2.00	0.885218	0.000000	0.000000	0.000000
0.0446	2.37	0.885218	0.000000	0.000000	0.000000
0.0446	2.73	0.885218	0.000000	0.000000	0.000000
0.0446	3.10	0.885218	0.000000	0.000000	0.000000
0.0446	3.47	0.885218	0.000000	0.000000	0.000000
0.0446	3.84	0.885218	0.000000	0.000000	0.000000
0.0446	4.20	0.885218	0.000000	0.000000	0.000000
0.0446	4.57	0.885218	0.000000	0.000000	0.000000
0.0446	4.94	0.885218	0.000000	0.000000	0.000000
0.0446	5.31	0.885218	0.000000	0.000000	0.000000
0.0446	5.67	0.885218	0.000000	0.000000	0.000000
0.0446	6.04	0.885218	0.867000	0.005000	0.000029
0.0446	6.41	0.885218	0.728800	0.316447	0.137402
0.0446	6.78	0.885218	0.821833	0.223712	0.060897
0.0446	7.14	0.885218	0.776857	0.264982	0.090384
0.0446	7.51	0.885218	0.888000	0.003082	0.000011
0.0446	7.88	0.885218	0.887478	0.005904	0.000039
0.0446	8.24	0.885218	0.833846	0.206668	0.051222
0.0446	8.61	0.885218	0.894154	0.003919	0.000017
0.0446	8.98	0.885218	0.869467	0.145165	0.024236
0.0446	9.35	0.885218	0.897032	0.005834	0.000038
0.0446	9.71	0.885218	0.896875	0.004768	0.000025
0.0446	10.08	0.885218	0.898364	0.002626	0.000008
0.0446	10.45	0.885218	0.899750	0.002385	0.000006
0.0446	10.82	0.885218	0.902471	0.004031	0.000018
0.0446	11.18	0.885218	0.898176	0.002844	0.000009
0.0446	11.55	0.885218	0.898857	0.003109	0.000011
0.0446	11.92	0.885218	0.899647	0.003342	0.000012
0.0446	12.29	0.885218	0.899600	0.003340	0.000012
0.0446	12.65	0.885218	0.900611	0.003226	0.000012
0.0446	13.02	0.885218	0.906914	0.002882	0.000009
0.0446	13.39	0.885218	0.908491	0.002683	0.000008
0.0446	13.76	0.885218	0.904865	0.002924	0.000009
0.0446	14.12	0.885218	0.905028	0.002867	0.000009
0.0446	14.49	0.885218	0.905568	0.002422	0.000006
0.0446	14.86	0.885218	0.905086	0.003862	0.000016
0.0446	15.22	0.885218	0.905200	0.002249	0.000006
0.0446	15.59	0.885218	0.908253	0.002553	0.000007
0.0446	15.96	0.885218	0.910541	0.002355	0.000006
0.0446	16.33	0.885218	0.910217	0.002344	0.000006
0.0446	16.69	0.885218	0.910463	0.002031	0.000005
0.0446	17.06	0.885218	0.912968	0.002736	0.000008
0.0446	17.43	0.885218	0.908697	0.002615	0.000008
0.0446	17.80	0.885218	0.909624	0.002193	0.000005
0.0446	18.16	0.885218	0.910509	0.002607	0.000007
0.0446	18.53	0.885218	0.909981	0.002113	0.000005
0.0446	18.90	0.885218	0.910185	0.002122	0.000005
0.0446	19.27	0.885218	0.907304	0.002285	0.000006
0.0446	19.63	0.885218	0.911029	0.002459	0.000007
0.0446	20.00	0.885218	0.907818	0.002124	0.000005
0.0513	2.00	0.870934	0.000000	0.000000	0.000000
0.0513	2.37	0.870934	0.000000	0.000000	0.000000
0.0513	2.73	0.870934	0.000000	0.000000	0.000000
0.0513	3.10	0.870934	0.000000	0.000000	0.000000
0.0513	3.47	0.870934	0.000000	0.000000	0.000000
0.0513	3.84	0.870934	0.000000	0.000000	0.000000
0.0513	4.20	0.870934	0.000000	0.000000	0.000000
0.0513	4.57	0.870934	0.000000	0.000000	0.000000
0.0513	4.94	0.870934	0.000000	0.000000	0.000000
0.0513	5.31	0.870934	0.000000	0.000000	0.000000
0.0513	5.67	0.870934	0.000000	0.000000	0.000000
0.0513	6.04	0.870934	0.000000	0.000000	0.000000
0.0513	6.41	0.870934	0.100402	0.000000	0.000000
0.0513	6.78	0.870934	0.134538	0.000000	0.000000
0.0513	7.14	0.870934	0.086345	0.000000	0.000000
0.0513	7.51	0.870934	0.210843	0.118474	0.066571
0.0513	7.88	0.870934	0.321954	0.005640	0.000099
0.0513	8.24	0.870934	0.253548	0.094900	0.035520
0.0513	8.61	0.870934	0.314508	0.127357	0.051572
0.0513	8.98	0.870934	0.454789	0.140992	0.043710
0.0513	9.35	0.870934	0.511636	0.184337	0.066415
0.0513	9.71	0.870934	0.568432	0.193891	0.066136
0.0513	10.08	0.870934	0.553943	0.191493	0.066197
0.0513	10.45	0.870934	0.683066	0.178406	0.046597
0.0513	10.82	0.870934	0.720341	0.162564	0.036687
0.0513	11.18	0.870934	0.757398	0.181413	0.043452
0.0513	11.55	0.870934	0.879872	0.035494	0.001432
0.0513	11.92	0.870934	0.855020	0.107406	0.013492
0.0513	12.29	0.870934	0.888239	0.005169	0.000030
0.0513	12.65	0.870934	0.891064	0.004082	0.000019
0.0513	13.02	0.870934	0.893303	0.004765	0.000025
0.0513	13.39	0.870934	0.894660	0.004086	0.000019
0.0513	13.76	0.870934	0.895799	0.003758	0.000016
0.0513	14.12	0.870934	0.897436	0.002995	0.000010
0.0513	14.49	0.870934	0.896722	0.002783	0.000009
0.0513	14.86	0.870934	0.898187	0.003230	0.000012
0.0513	15.22	0.870934	0.897590	0.003090	0.000011
0.0513	15.59	0.870934	0.896956	0.002768	0.000009
0.0513	15.96	0.870934	0.896534	0.002595	0.000008
0.0513	16.33	0.870934	0.895582	0.002274	0.000006
0.0513	16.69	0.870934	0.896870	0.002511	0.000007
0.0513	17.06	0.870934	0.899804	0.003209	0.000011
0.0513	17.43	0.870934	0.899495	0.003181	0.000011
0.0513	17.80	0.870934	0.899598	0.002766	0.000009
0.0513	18.16	0.870934	0.901349	0.003439	0.000013
0.0513	18.53	0.870934	0.900972	0.002881	0.000009
0.0513	18.90	0.870934	0.900867	0.002703	0.000008
0.0513	19.27	0.870934	0.901078	0.002938	0.000010
0.0513	19.63	0.870934	0.897848	0.002735	0.000008
0.0513	20.00	0.870934	0.898157	0.003015	0.000010
0.0571	2.00	0.869857	0.000000	0.000000	0.000000
0.0571	2.37	0.869857	0.000000	0.000000	0.000000
0.0571	2.73	0.869857	0.000000	0.000000	0.000000
0.0571	3.10	0.869857	0.000000	0.000000	0.000000
0.0571	3.47	0.869857	0.000000	0.000000	0.000000
0.0571	3.84	0.869857	0.000000	0.000000	0.000000
0.0571	4.20	0.869857	0.000000	0.000000	0.000000
0.0571	4.57	0.869857	0.000000	0.000000	0.000000
0.0571	4.94	0.869857	0.000000	0.000000	0.000000
0.0571	5.31	0.869857	0.000000	0.000000	0.000000
0.0571	5.67	0.869857	0.000000	0.000000	0.000000
0.0571	6.04	0.869857	0.000000	0.000000	0.000000
0.0571	6.41	0.869857	0.000000	0.000000	0.000000
0.0571	6.78	0.869857	0.562500	0.000000	0.000000
0.0571	7.14	0.869857	0.554435	0.108871	0.021378
0.0571	7.51	0.869857	0.562097	0.227997	0.092480
0.0571	7.88	0.869857	0.575993	0.200347	0.069687
0.0571	8.24	0.869857	0.650672	0.174278	0.046679
0.0571	8.61	0.869857	0.716734	0.038788	0.002099
0.0571	8.98	0.869857	0.748510	0.039446	0.002079
0.0571	9.35	0.869857	0.781095	0.033491	0.001436
0.0571	9.71	0.869857	0.804839	0.026207	0.000853
0.0571	10.08	0.869857	0.833117	0.040877	0.002006
0.0571	10.45	0.869857	0.847229	0.017774	0.000373
0.0571	10.82	0.869857	0.829103	0.129876	0.020345
0.0571	11.18	0.869857	0.852823	0.018729	0.000411
0.0571	11.55	0.869857	0.857776	0.010079	0.000118
0.0571	11.92	0.869857	0.860369	0.006141	0.000044
0.0571	12.29	0.869857	0.861055	0.005082	0.000030
0.0571	12.65	0.869857	0.863127	0.004699	0.000026
0.0571	13.02	0.869857	0.863967	0.004368	0.000022
0.0571	13.39	0.869857	0.865821	0.004103	0.000019
0.0571	13.76	0.869857	0.867254	0.003884	0.000017
0.0571	14.12	0.869857	0.871657	0.004066	0.000019
0.0571	14.49	0.869857	0.872878	0.003640	0.000015
0.0571	14.86	0.869857	0.870761	0.003618	0.000015
0.0571	15.22	0.869857	0.872506	0.003596	0.000015
0.0571	15.59	0.869857	0.871847	0.003286	0.000012
0.0571	15.96	0.869857	0.873087	0.003322	0.000013
0.0571	16.33	0.869857	0.873886	0.002434	0.000007
0.0571	16.69	0.869857	0.874576	0.003340	0.000013
0.0571	17.06	0.869857	0.875212	0.002649	0.000008
0.0571	17.43	0.869857	0.877843	0.003019	0.000010
0.0571	17.80	0.869857	0.878257	0.002837	0.000009
0.0571	18.16	0.869857	0.878567	0.003275	0.000012
0.0571	18.53	0.869857	0.876189	0.003701	0.000016
0.0571	18.90	0.869857	0.876396	0.003685	0.000015
0.0571	19.27	0.869857	0.874690	0.003552	0.000014
0.0571	19.63	0.869857	0.874788	0.003264	0.000012
0.0571	20.00	0.869857	0.875599	0.003866	0.000017
0.0622	2.00	0.847266	0.000000	0.000000	0.000000
0.0622	2.37	0.847266	0.000000	0.000000	0.000000
0.0622	2.73	0.847266	0.000000	0.000000	0.000000
0.0622	3.10	0.847266	0.000000	0.000000	0.000000
0.0622	3.47	0.847266	0.000000	0.000000	0.000000
0.0622	3.84	0.847266	0.000000	0.000000	0.000000
0.0622	4.20	0.847266	0.000000	0.000000	0.000000
0.0622	4.57	0.847266	0.000000	0.000000	0.000000
0.0622	4.94	0.847266	0.000000	0.000000	0.000000
0.0622	5.31	0.847266	0.000000	0.000000	0.000000
0.0622	5.67	0.847266	0.000000	0.000000	0.000000
0.0622	6.04	0.847266	0.000000	0.000000	0.000000
0.0622	6.41	0.847266	0.000000	0.000000	0.000000
0.0622	6.78	0.847266	0.000000	0.000000	0.000000
0.0622	7.14	0.847266	0.000000	0.000000	0.000000
0.0622	7.51	0.847266	0.227789	0.056025	0.013779
0.0622	7.88	0.847266	0.287776	0.161854	0.091032
0.0622	8.24	0.847266	0.304810	0.178085	0.104046
0.0622	8.61	0.847266	0.380094	0.143713	0.054338
0.0622	8.98	0.847266	0.341984	0.194933	0.111113
0.0622	9.35	0.847266	0.452047	0.182657	0.073805
0.0622	9.71	0.847266	0.398282	0.164851	0.068233
0.0622	10.08	0.847266	0.495825	0.193245	0.075316
0.0622	10.45	0.847266	0.531313	0.202382	0.077089
0.0622	10.82	0.847266	0.613385	0.195405	0.062250
0.0622	11.18	0.847266	0.658445	0.216132	0.070944
0.0622	11.55	0.847266	0.677405	0.219549	0.071156
0.0622	11.92	0.847266	0.715893	0.204157	0.058221
0.0622	12.29	0.847266	0.778663	0.111239	0.015891
0.0622	12.65	0.847266	0.700444	0.228442	0.074504
0.0622	13.02	0.847266	0.705366	0.231852	0.076209
0.0622	13.39	0.847266	0.808335	0.111484	0.015376
0.0622	13.76	0.847266	0.829870	0.085138	0.008734
0.0622	14.12	0.847266	0.840840	0.035525	0.001501
0.0622	14.49	0.847266	0.885139	0.011309	0.000144
0.0622	14.86	0.847266	0.890412	0.007386	0.000061
0.0622	15.22	0.847266	0.892195	0.006159	0.000043
0.0622	15.59	0.847266	0.889279	0.005045	0.000029
0.0622	15.96	0.847266	0.890030	0.005399	0.000033
0.0622	16.33	0.847266	0.880661	0.008065	0.000074
0.0622	16.69	0.847266	0.885621	0.006438	0.000047
0.0622	17.06	0.847266	0.894790	0.003768	0.000016
0.0622	17.43	0.847266	0.895645	0.003740	0.000016
0.0622	17.80	0.847266	0.896085	0.018042	0.000363
0.0622	18.16	0.847266	0.899360	0.007544	0.000063
0.0622	18.53	0.847266	0.895341	0.005060	0.000029
0.0622	18.90	0.847266	0.896623	0.004470	0.000022
0.0622	19.27	0.847266	0.897462	0.004809	0.000026
0.0622	19.63	0.847266	0.771303	0.169459	0.037231
0.0622	20.00	0.847266	0.809236	0.142968	0.025258
0.0671	2.00	0.828568	0.000000	0.000000	0.000000
0.0671	2.37	0.828568	0.000000	0.000000	0.000000
0.0671	2.73	0.828568	0.000000	0.000000	0.000000
0.0671	3.10	0.828568	0.000000	0.000000	0.000000
0.0671	3.47	0.828568	0.000000	0.000000	0.000000
0.0671	3.84	0.828568	0.000000	0.000000	0.000000
0.0671	4.20	0.828568	0.000000	0.000000	0.000000
0.0671	4.57	0.828568	0.000000	0.000000	0.000000
0.0671	4.94	0.828568	0.000000	0.000000	0.000000
0.0671	5.31	0.828568	0.000000	0.000000	0.000000
0.0671	5.67	0.828568	0.000000	0.000000	0.000000
0.0671	6.04	0.828568	0.000000	0.000000	0.000000
0.0671	6.41	0.828568	0.000000	0.000000	0.000000
0.0671	6.78	0.828568	0.243641	0.191325	0.150242
0.0671	7.14	0.828568	0.579518	0.036046	0.002242
0.0671	7.51	0.828568	0.675368	0.022470	0.000748
0.0671	7.88	0.828568	0.650889	0.217065	0.072389
0.0671	8.24	0.828568	0.756024	0.020552	0.000559
0.0671	8.61	0.828568	0.712640	0.210371	0.062102
0.0671	8.98	0.828568	0.744478	0.200281	0.053880
0.0671	9.35	0.828568	0.783441	0.151447	0.029276
0.0671	9.71	0.828568	0.863705	0.014273	0.000236
0.0671	10.08	0.828568	0.870309	0.014976	0.000258
0.0671	10.45	0.828568	0.875574	0.023506	0.000631
0.0671	10.82	0.828568	0.847094	0.177561	0.037219
0.0671	11.18	0.828568	0.893230	0.014444	0.000234
0.0671	11.55	0.828568	0.876801	0.134067	0.020500
0.0671	11.92	0.828568	0.912565	0.004808	0.000025
0.0671	12.29	0.828568	0.911647	0.012849	0.000181
0.0671	12.65	0.828568	0.917503	0.003999	0.000017
0.0671	13.02	0.828568	0.907522	0.007783	0.000067
0.0671	13.39	0.828568	0.910127	0.004439	0.000022
0.0671	13.76	0.828568	0.917074	0.004172	0.000019
0.0671	14.12	0.828568	0.919370	0.004421	0.000021
0.0671	14.49	0.828568	0.921120	0.003937	0.000017
0.0671	14.86	0.828568	0.913002	0.003187	0.000011
0.0671	15.22	0.828568	0.913604	0.002961	0.000010
0.0671	15.59	0.828568	0.924699	0.003175	0.000011
0.0671	15.96	0.828568	0.926606	0.003205	0.000011
0.0671	16.33	0.828568	0.924576	0.003465	0.000013
0.0671	16.69	0.828568	0.925507	0.003343	0.000012
0.0671	17.06	0.828568	0.925213	0.002832	0.000009
0.0671	17.43	0.828568	0.926878	0.003318	0.000012
0.0671	17.80	0.828568	0.923352	0.003037	0.000010
0.0671	18.16	0.828568	0.923838	0.003017	0.000010
0.0671	18.53	0.828568	0.933886	0.001761	0.000003
0.0671	18.90	0.828568	0.925654	0.003274	0.000012
0.0671	19.27	0.828568	0.925556	0.002888	0.000009
0.0671	19.63	0.828568	0.929692	0.002753	0.000008
0.0671	20.00	0.828568	0.929825	0.002457	0.000006
0.0718	2.00	0.849207	0.000000	0.000000	0.000000
0.0718	2.37	0.849207	0.000000	0.000000	0.000000
0.0718	2.73	0.849207	0.000000	0.000000	0.000000
0.0718	3.10	0.849207	0.000000	0.000000	0.000000
0.0718	3.47	0.849207	0.000000	0.000000	0.000000
0.0718	3.84	0.849207	0.000000	0.000000	0.000000
0.0718	4.20	0.849207	0.000000	0.000000	0.000000
0.0718	4.57	0.849207	0.000000	0.000000	0.000000
0.0718	4.94	0.849207	0.000000	0.000000	0.000000
0.0718	5.31	0.849207	0.000000	0.000000	0.000000
0.0718	5.67	0.849207	0.000000	0.000000	0.000000
0.0718	6.04	0.849207	0.000000	0.000000	0.000000
0.0718	6.41	0.849207	0.000000	0.000000	0.000000
0.0718	6.78	0.849207	0.000000	0.000000	0.000000
0.0718	7.14	0.849207	0.000000	0.000000	0.000000
0.0718	7.51	0.849207	0.000000	0.000000	0.000000
0.0718	7.88	0.849207	0.113360	0.028340	0.007085
0.0718	8.24	0.849207	0.207827	0.057072	0.015673
0.0718	8.61	0.849207	0.184464	0.065972	0.023594
0.0718	8.98	0.849207	0.313042	0.125936	0.050664
0.0718	9.35	0.849207	0.366573	0.181010	0.089381
0.0718	9.71	0.849207	0.438259	0.192748	0.084771
0.0718	10.08	0.849207	0.701354	0.291348	0.121028
0.0718	10.45	0.849207	0.808772	0.244727	0.074052
0.0718	10.82	0.849207	0.852882	0.236917	0.065812
0.0718	11.18	0.849207	0.870677	0.231523	0.061565
0.0718	11.55	0.849207	0.929993	0.139840	0.021027
0.0718	11.92	0.849207	0.957779	0.044711	0.002087
0.0718	12.29	0.849207	0.972841	0.002797	0.000008
0.0718	12.65	0.849207	0.973965	0.003345	0.000011
0.0718	13.02	0.849207	0.974943	0.003470	0.000012
0.0718	13.39	0.849207	0.974057	0.004071	0.000017
0.0718	13.76	0.849207	0.975599	0.004586	0.000022
0.0718	14.12	0.849207	0.977893	0.003784	0.000015
0.0718	14.49	0.849207	0.976591	0.003362	0.000012
0.0718	14.86	0.849207	0.978319	0.003281	0.000011
0.0718	15.22	0.849207	0.982560	0.003388	0.000012
0.0718	15.59	0.849207	0.984008	0.002891	0.000008
0.0718	15.96	0.849207	0.984666	0.002303	0.000005
0.0718	16.33	0.849207	0.980172	0.002110	0.000005
0.0718	16.69	0.849207	0.980484	0.002222	0.000005
0.0718	17.06	0.849207	0.982844	0.001866	0.000004
0.0718	17.43	0.849207	0.983114	0.001876	0.000004
0.0718	17.80	0.849207	0.986867	0.001422	0.000002
0.0718	18.16	0.849207	0.986437	0.001877	0.000004
0.0718	18.53	0.849207	0.984625	0.001770	0.000003
0.0718	18.90	0.849207	0.984818	0.001608	0.000003
0.0718	19.27	0.849207	0.987706	0.002019	0.000004
0.0718	19.63	0.849207	0.988496	0.001699	0.000003
0.0718	20.00	0.849207	0.991397	0.001413	0.000002
0.0764	2.00	0.826153	0.000000	0.000000	0.000000
0.0764	2.37	0.826153	0.000000	0.000000	0.000000
0.0764	2.73	0.826153	0.000000	0.000000	0.000000
0.0764	3.10	0.826153	0.000000	0.000000	0.000000
0.0764	3.47	0.826153	0.000000	0.000000	0.000000
0.0764	3.84	0.826153	0.000000	0.000000	0.000000
0.0764	4.20	0.826153	0.000000	0.000000	0.000000
0.0764	4.57	0.826153	0.000000	0.000000	0.000000
0.0764	4.94	0.826153	0.000000	0.000000	0.000000
0.0764	5.31	0.826153	0.000000	0.000000	0.000000
0.0764	5.67	0.826153	0.000000	0.000000	0.000000
0.0764	6.04	0.826153	0.000000	0.000000	0.000000
0.0764	6.41	0.826153	0.000000	0.000000	0.000000
0.0764	6.78	0.826153	0.000000	0.000000	0.000000
0.0764	7.14	0.826153	0.000000	0.000000	0.000000
0.0764	7.51	0.826153	0.000000	0.000000	0.000000
0.0764	7.88	0.826153	0.095960	0.011111	0.001287
0.0764	8.24	0.826153	0.120202	0.023232	0.004490
0.0764	8.61	0.826153	0.144012	0.056429	0.022111
0.0764	8.98	0.826153	0.154040	0.069122	0.031017
0.0764	9.35	0.826153	0.268939	0.176930	0.116399
0.0764	9.71	0.826153	0.439701	0.296339	0.199719
0.0764	10.08	0.826153	0.698912	0.249305	0.088928
0.0764	10.45	0.826153	0.789769	0.229986	0.066974
0.0764	10.82	0.826153	0.846139	0.142026	0.023839
0.0764	11.18	0.826153	0.918308	0.013858	0.000209
0.0764	11.55	0.826153	0.925694	0.011744	0.000149
0.0764	11.92	0.826153	0.933452	0.007884	0.000067
0.0764	12.29	0.826153	0.926696	0.024269	0.000636
0.0764	12.65	0.826153	0.938496	0.010106	0.000109
0.0764	13.02	0.826153	0.939449	0.010859	0.000126
0.0764	13.39	0.826153	0.950096	0.003926	0.000016
0.0764	13.76	0.826153	0.950824	0.004595	0.000022
0.0764	14.12	0.826153	0.948977	0.004522	0.000022
0.0764	14.49	0.826153	0.949444	0.003513	0.000013
0.0764	14.86	0.826153	0.951412	0.003297	0.000011
0.0764	15.22	0.826153	0.951970	0.002494	0.000007
0.0764	15.59	0.826153	0.952525	0.002710	0.000008
0.0764	15.96	0.826153	0.950556	0.002474	0.000006
0.0764	16.33	0.826153	0.951263	0.002267	0.000005
0.0764	16.69	0.826153	0.953486	0.002296	0.000006
0.0764	17.06	0.826153	0.953486	0.002253	0.000005
0.0764	17.43	0.826153	0.953683	0.002248	0.000005
0.0764	17.80	0.826153	0.957921	0.002673	0.000007
0.0764	18.16	0.826153	0.958413	0.002230	0.000005
0.0764	18.53	0.826153	0.959842	0.002532	0.000007
0.0764	18.90	0.826153	0.960039	0.002254	0.000005
0.0764	19.27	0.826153	0.960483	0.002446	0.000006
0.0764	19.63	0.826153	0.959941	0.002923	0.000009
0.0764	20.00	0.826153	0.956662	0.002213	0.000005
0.0811	2.00	0.781384	0.000000	0.000000	0.000000
0.0811	2.37	0.781384	0.000000	0.000000	0.000000
0.0811	2.73	0.781384	0.000000	0.000000	0.000000
0.0811	3.10	0.781384	0.000000	0.000000	0.000000
0.0811	3.47	0.781384	0.000000	0.000000	0.000000
0.0811	3.84	0.781384	0.000000	0.000000	0.000000
0.0811	4.20	0.781384	0.000000	0.000000	0.000000
0.0811	4.57	0.781384	0.000000	0.000000	0.000000
0.0811	4.94	0.781384	0.000000	0.000000	0.000000
0.0811	5.31	0.781384	0.000000	0.000000	0.000000
0.0811	5.67	0.781384	0.000000	0.000000	0.000000
0.0811	6.04	0.781384	0.000000	0.000000	0.000000
0.0811	6.41	0.781384	0.000000	0.000000	0.000000
0.0811	6.78	0.781384	0.000000	0.000000	0.000000
0.0811	7.14	0.781384	0.000000	0.000000	0.000000
0.0811	7.51	0.781384	0.000000	0.000000	0.000000
0.0811	7.88	0.781384	0.000000	0.000000	0.000000
0.0811	8.24	0.781384	0.000000	0.000000	0.000000
0.0811	8.61	0.781384	0.093197	0.013469	0.001946
0.0811	8.98	0.781384	0.161633	0.051909	0.016671
0.0811	9.35	0.781384	0.162974	0.116910	0.083866
0.0811	9.71	0.781384	0.219515	0.181077	0.149370
0.0811	10.08	0.781384	0.385626	0.283792	0.208849
0.0811	10.45	0.781384	0.709146	0.208415	0.061252
0.0811	10.82	0.781384	0.721429	0.253467	0.089053
0.0811	11.18	0.781384	0.810204	0.175114	0.037848
0.0811	11.55	0.781384	0.819208	0.182398	0.040611
0.0811	11.92	0.781384	0.906061	0.025088	0.000695
0.0811	12.29	0.781384	0.870160	0.178801	0.036740
0.0811	12.65	0.781384	0.923639	0.016811	0.000306
0.0811	13.02	0.781384	0.924376	0.010947	0.000130
0.0811	13.39	0.781384	0.924320	0.015590	0.000263
0.0811	13.76	0.781384	0.928357	0.010436	0.000117
0.0811	14.12	0.781384	0.928034	0.011243	0.000136
0.0811	14.49	0.781384	0.926531	0.023212	0.000582
0.0811	14.86	0.781384	0.933351	0.014134	0.000214
0.0811	15.22	0.781384	0.950816	0.013466	0.000191
0.0811	15.59	0.781384	0.950871	0.013734	0.000198
0.0811	15.96	0.781384	0.947857	0.009851	0.000102
0.0811	16.33	0.781384	0.948930	0.011663	0.000143
0.0811	16.69	0.781384	0.952364	0.005922	0.000037
0.0811	17.06	0.781384	0.955251	0.003037	0.000010
0.0811	17.43	0.781384	0.955296	0.003954	0.000016
0.0811	17.80	0.781384	0.957380	0.003892	0.000016
0.0811	18.16	0.781384	0.953158	0.004032	0.000017
0.0811	18.53	0.781384	0.954422	0.004098	0.000018
0.0811	18.90	0.781384	0.960836	0.004547	0.000022
0.0811	19.27	0.781384	0.963265	0.004272	0.000019
0.0811	19.63	0.781384	0.956431	0.004421	0.000020
0.0811	20.00	0.781384	0.957950	0.004155	0.000018
0.0858	2.00	0.835420	0.000000	0.000000	0.000000
0.0858	2.37	0.835420	0.000000	0.000000	0.000000
0.0858	2.73	0.835420	0.000000	0.000000	0.000000
0.0858	3.10	0.835420	0.000000	0.000000	0.000000
0.0858	3.47	0.835420	0.000000	0.000000	0.000000
0.0858	3.84	0.835420	0.000000	0.000000	0.000000
0.0858	4.20	0.835420	0.000000	0.000000	0.000000
0.0858	4.57	0.835420	0.000000	0.000000	0.000000
0.0858	4.94	0.835420	0.000000	0.000000	0.000000
0.0858	5.31	0.835420	0.000000	0.000000	0.000000
0.0858	5.67	0.835420	0.000000	0.000000	0.000000
0.0858	6.04	0.835420	0.080899	0.000000	0.000000
0.0858	6.41	0.835420	0.440449	0.323596	0.237744
0.0858	6.78	0.835420	0.545169	0.316363	0.183586
0.0858	7.14	0.835420	0.792616	0.135049	0.023010
0.0858	7.51	0.835420	0.811927	0.211262	0.054970
0.0858	7.88	0.835420	0.834898	0.188085	0.042372
0.0858	8.24	0.835420	0.855567	0.168156	0.033050
0.0858	8.61	0.835420	0.899438	0.007600	0.000064
0.0858	8.98	0.835420	0.902831	0.004277	0.000020
0.0858	9.35	0.835420	0.903933	0.004519	0.000023
0.0858	9.71	0.835420	0.898277	0.005771	0.000037
0.0858	10.08	0.835420	0.900689	0.004133	0.000019
0.0858	10.45	0.835420	0.902879	0.004921	0.000027
0.0858	10.82	0.835420	0.910641	0.003932	0.000017
0.0858	11.18	0.835420	0.913285	0.004432	0.000022
0.0858	11.55	0.835420	0.915400	0.004779	0.000025
0.0858	11.92	0.835420	0.894960	0.003849	0.000017
0.0858	12.29	0.835420	0.896116	0.003802	0.000016
0.0858	12.65	0.835420	0.900874	0.005129	0.000029
0.0858	13.02	0.835420	0.902871	0.005732	0.000036
0.0858	13.39	0.835420	0.912420	0.004355	0.000021
0.0858	13.76	0.835420	0.912663	0.004878	0.000026
0.0858	14.12	0.835420	0.913817	0.004471	0.000022
0.0858	14.49	0.835420	0.910290	0.004982	0.000027
0.0858	14.86	0.835420	0.912475	0.004493	0.000022
0.0858	15.22	0.835420	0.906150	0.003625	0.000014
0.0858	15.59	0.835420	0.906978	0.004299	0.000020
0.0858	15.96	0.835420	0.909403	0.005235	0.000030
0.0858	16.33	0.835420	0.914817	0.003825	0.000016
0.0858	16.69	0.835420	0.915213	0.004165	0.000019
0.0858	17.06	0.835420	0.904810	0.095269	0.010031
0.0858	17.43	0.835420	0.923471	0.005426	0.000032
0.0858	17.80	0.835420	0.922360	0.005880	0.000037
0.0858	18.16	0.835420	0.915068	0.005714	0.000036
0.0858	18.53	0.835420	0.925670	0.004918	0.000026
0.0858	18.90	0.835420	0.926304	0.005438	0.000032
0.0858	19.27	0.835420	0.919824	0.005071	0.000028
0.0858	19.63	0.835420	0.928204	0.006284	0.000043
0.0858	20.00	0.835420	0.919859	0.005041	0.000028
0.0904	2.00	0.778153	0.000000	0.000000	0.000000
0.0904	2.37	0.778153	0.000000	0.000000	0.000000
0.0904	2.73	0.778153	0.000000	0.000000	0.000000
0.0904	3.10	0.778153	0.000000	0.000000	0.000000
0.0904	3.47	0.778153	0.000000	0.000000	0.000000
0.0904	3.84	0.778153	0.000000	0.000000	0.000000
0.0904	4.20	0.778153	0.000000	0.000000	0.000000
0.0904	4.57	0.778153	0.000000	0.000000	0.000000
0.0904	4.94	0.778153	0.000000	0.000000	0.000000
0.0904	5.31	0.778153	0.000000	0.000000	0.000000
0.0904	5.67	0.778153	0.000000	0.000000	0.000000
0.0904	6.04	0.778153	0.000000	0.000000	0.000000
0.0904	6.41	0.778153	0.000000	0.000000	0.000000
0.0904	6.78	0.778153	0.000000	0.000000	0.000000
0.0904	7.14	0.778153	0.000000	0.000000	0.000000
0.0904	7.51	0.778153	0.000000	0.000000	0.000000
0.0904	7.88	0.778153	0.093023	0.000000	0.000000
0.0904	8.24	0.778153	0.139535	0.047292	0.016029
0.0904	8.61	0.778153	0.127907	0.040301	0.012698
0.0904	8.98	0.778153	0.146479	0.069099	0.032596
0.0904	9.35	0.778153	0.242248	0.167650	0.116023
0.0904	9.71	0.778153	0.325270	0.215785	0.143152
0.0904	10.08	0.778153	0.489126	0.276410	0.156202
0.0904	10.45	0.778153	0.652885	0.258623	0.102446
0.0904	10.82	0.778153	0.698203	0.285183	0.116484
0.0904	11.18	0.778153	0.842842	0.194653	0.044955
0.0904	11.55	0.778153	0.885218	0.131245	0.019459
0.0904	11.92	0.778153	0.847640	0.232241	0.063630
0.0904	12.29	0.778153	0.906712	0.146843	0.023781
0.0904	12.65	0.778153	0.940803	0.016269	0.000281
0.0904	13.02	0.778153	0.947109	0.006880	0.000050
0.0904	13.39	0.778153	0.952388	0.012134	0.000155
0.0904	13.76	0.778153	0.954745	0.006214	0.000040
0.0904	14.12	0.778153	0.957888	0.005680	0.000034
0.0904	14.49	0.778153	0.961659	0.005272	0.000029
0.0904	14.86	0.778153	0.964810	0.005491	0.000031
0.0904	15.22	0.778153	0.967352	0.006598	0.000045
0.0904	15.59	0.778153	0.969887	0.004488	0.000021
0.0904	15.96	0.778153	0.971389	0.003369	0.000012
0.0904	16.33	0.778153	0.972197	0.003653	0.000014
0.0904	16.69	0.778153	0.980015	0.004741	0.000023
0.0904	17.06	0.778153	0.981105	0.004213	0.000018
0.0904	17.43	0.778153	0.983338	0.004356	0.000019
0.0904	17.80	0.778153	0.972272	0.004457	0.000020
0.0904	18.16	0.778153	0.971584	0.003648	0.000014
0.0904	18.53	0.778153	0.973539	0.003770	0.000015
0.0904	18.90	0.778153	0.975326	0.003524	0.000013
0.0904	19.27	0.778153	0.975568	0.003702	0.000014
0.0904	19.63	0.778153	0.977028	0.003842	0.000015
0.0904	20.00	0.778153	0.977758	0.002499	0.000006
0.0949	2.00	0.749467	0.000000	0.000000	0.000000
0.0949	2.37	0.749467	0.000000	0.000000	0.000000
0.0949	2.73	0.749467	0.000000	0.000000	0.000000
0.0949	3.10	0.749467	0.000000	0.000000	0.000000
0.0949	3.47	0.749467	0.000000	0.000000	0.000000
0.0949	3.84	0.749467	0.000000	0.000000	0.000000
0.0949	4.20	0.749467	0.000000	0.000000	0.000000
0.0949	4.57	0.749467	0.000000	0.000000	0.000000
0.0949	4.94	0.749467	0.000000	0.000000	0.000000
0.0949	5.31	0.749467	0.000000	0.000000	0.000000
0.0949	5.67	0.749467	0.000000	0.000000	0.000000
0.0949	6.04	0.749467	0.000000	0.000000	0.000000
0.0949	6.41	0.749467	0.000000	0.000000	0.000000
0.0949	6.78	0.749467	0.000000	0.000000	0.000000
0.0949	7.14	0.749467	0.000000	0.000000	0.000000
0.0949	7.51	0.749467	0.000000	0.000000	0.000000
0.0949	7.88	0.749467	0.000000	0.000000	0.000000
0.0949	8.24	0.749467	0.000000	0.000000	0.000000
0.0949	8.61	0.749467	0.000000	0.000000	0.000000
0.0949	8.98	0.749467	0.000000	0.000000	0.000000
0.0949	9.35	0.749467	0.085890	0.000000	0.000000
0.0949	9.71	0.749467	0.104294	0.014460	0.002005
0.0949	10.08	0.749467	0.154676	0.077309	0.038640
0.0949	10.45	0.749467	0.183845	0.089244	0.043322
0.0949	10.82	0.749467	0.199962	0.114612	0.065692
0.0949	11.18	0.749467	0.284197	0.142419	0.071370
0.0949	11.55	0.749467	0.326176	0.192358	0.113440
0.0949	11.92	0.749467	0.432701	0.191819	0.085035
0.0949	12.29	0.749467	0.649230	0.195787	0.059043
0.0949	12.65	0.749467	0.734151	0.178142	0.043226
0.0949	13.02	0.749467	0.757973	0.153162	0.030949
0.0949	13.39	0.749467	0.792229	0.135286	0.023102
0.0949	13.76	0.749467	0.808896	0.124591	0.019190
0.0949	14.12	0.749467	0.842169	0.050723	0.003055
0.0949	14.49	0.749467	0.849693	0.032729	0.001261
0.0949	14.86	0.749467	0.856484	0.018930	0.000418
0.0949	15.22	0.749467	0.852352	0.034110	0.001365
0.0949	15.59	0.749467	0.843882	0.108720	0.014007
0.0949	15.96	0.749467	0.864532	0.025333	0.000742
0.0949	16.33	0.749467	0.867563	0.022423	0.000580
0.0949	16.69	0.749467	0.849669	0.110001	0.014241
0.0949	17.06	0.749467	0.869818	0.009134	0.000096
0.0949	17.43	0.749467	0.872450	0.007778	0.000069
0.0949	17.80	0.749467	0.886698	0.007000	0.000055
0.0949	18.16	0.749467	0.881961	0.037273	0.001575
0.0949	18.53	0.749467	0.887247	0.003689	0.000015
0.0949	18.90	0.749467	0.887851	0.003874	0.000017
0.0949	19.27	0.749467	0.882553	0.003126	0.000011
0.0949	19.63	0.749467	0.883668	0.003383	0.000013
0.0949	20.00	0.749467	0.883668	0.003467	0.000014
0.0992	2.00	0.797254	0.000000	0.000000	0.000000
0.0992	2.37	0.797254	0.000000	0.000000	0.000000
0.0992	2.73	0.797254	0.000000	0.000000	0.000000
0.0992	3.10	0.797254	0.000000	0.000000	0.000000
0.0992	3.47	0.797254	0.000000	0.000000	0.000000
0.0992	3.84	0.797254	0.000000	0.000000	0.000000
0.0992	4.20	0.797254	0.000000	0.000000	0.000000
0.0992	4.57	0.797254	0.000000	0.000000	0.000000
0.0992	4.94	0.797254	0.000000	0.000000	0.000000
0.0992	5.31	0.797254	0.000000	0.000000	0.000000
0.0992	5.67	0.797254	0.000000	0.000000	0.000000
0.0992	6.04	0.797254	0.000000	0.000000	0.000000
0.0992	6.41	0.797254	0.000000	0.000000	0.000000
0.0992	6.78	0.797254	0.000000	0.000000	0.000000
0.0992	7.14	0.797254	0.000000	0.000000	0.000000
0.0992	7.51	0.797254	0.345528	0.000000	0.000000
0.0992	7.88	0.797254	0.388211	0.000000	0.000000
0.0992	8.24	0.797254	0.286005	0.125860	0.055387
0.0992	8.61	0.797254	0.326681	0.134836	0.055653
0.0992	8.98	0.797254	0.361077	0.149663	0.062034
0.0992	9.35	0.797254	0.391373	0.173176	0.076628
0.0992	9.71	0.797254	0.579022	0.172199	0.051211
0.0992	10.08	0.797254	0.680501	0.173468	0.044219
0.0992	10.45	0.797254	0.743575	0.153080	0.031515
0.0992	10.82	0.797254	0.809769	0.043429	0.002329
0.0992	11.18	0.797254	0.827113	0.030572	0.001130
0.0992	11.55	0.797254	0.868995	0.010145	0.000118
0.0992	11.92	0.797254	0.876365	0.019236	0.000422
0.0992	12.29	0.797254	0.884711	0.020329	0.000467
0.0992	12.65	0.797254	0.908097	0.013029	0.000187
0.0992	13.02	0.797254	0.912272	0.010228	0.000115
0.0992	13.39	0.797254	0.914313	0.018532	0.000376
0.0992	13.76	0.797254	0.900352	0.013830	0.000212
0.0992	14.12	0.797254	0.905462	0.006275	0.000043
0.0992	14.49	0.797254	0.905149	0.005355	0.000032
0.0992	14.86	0.797254	0.907807	0.005867	0.000038
0.0992	15.22	0.797254	0.911090	0.004951	0.000027
0.0992	15.59	0.797254	0.911114	0.006023	0.000040
0.0992	15.96	0.797254	0.912043	0.005640	0.000035
0.0992	16.33	0.797254	0.916915	0.008219	0.000074
0.0992	16.69	0.797254	0.918798	0.013726	0.000205
0.0992	17.06	0.797254	0.922516	0.007487	0.000061
0.0992	17.43	0.797254	0.924598	0.006377	0.000044
0.0992	17.80	0.797254	0.927797	0.006803	0.000050
0.0992	18.16	0.797254	0.918055	0.004051	0.000018
0.0992	18.53	0.797254	0.920484	0.005770	0.000036
0.0992	18.90	0.797254	0.932501	0.005343	0.000031
0.0992	19.27	0.797254	0.934061	0.004025	0.000017
0.0992	19.63	0.797254	0.938298	0.003487	0.000013
0.0992	20.00	0.797254	0.939460	0.003672	0.000014
0.1031	2.00	0.795881	0.000000	0.000000	0.000000
0.1031	2.37	0.795881	0.000000	0.000000	0.000000
0.1031	2.73	0.795881	0.000000	0.000000	0.000000
0.1031	3.10	0.795881	0.000000	0.000000	0.000000
0.1031	3.47	0.795881	0.000000	0.000000	0.000000
0.1031	3.84	0.795881	0.000000	0.000000	0.000000
0.1031	4.20	0.795881	0.000000	0.000000	0.000000
0.1031	4.57	0.795881	0.000000	0.000000	0.000000
0.1031	4.94	0.795881	0.000000	0.000000	0.000000
0.1031	5.31	0.795881	0.000000	0.000000	0.000000
0.1031	5.67	0.795881	0.000000	0.000000	0.000000
0.1031	6.04	0.795881	0.000000	0.000000	0.000000
0.1031	6.41	0.795881	0.000000	0.000000	0.000000
0.1031	6.78	0.795881	0.000000	0.000000	0.000000
0.1031	7.14	0.795881	0.000000	0.000000	0.000000
0.1031	7.51	0.795881	0.089249	0.000000	0.000000
0.1031	7.88	0.795881	0.226166	0.067951	0.020416
0.1031	8.24	0.795881	0.228340	0.101390	0.045020
0.1031	8.61	0.795881	0.297972	0.138845	0.064697
0.1031	8.98	0.795881	0.407708	0.106118	0.027621
0.1031	9.35	0.795881	0.478468	0.159168	0.052949
0.1031	9.71	0.795881	0.636271	0.071564	0.008049
0.1031	10.08	0.795881	0.665822	0.102478	0.015773
0.1031	10.45	0.795881	0.611787	0.224016	0.082027
0.1031	10.82	0.795881	0.674289	0.169419	0.042568
0.1031	11.18	0.795881	0.677992	0.198731	0.058251
0.1031	11.55	0.795881	0.689546	0.206187	0.061654
0.1031	11.92	0.795881	0.697385	0.210455	0.063511
0.1031	12.29	0.795881	0.706047	0.215094	0.065527
0.1031	12.65	0.795881	0.760009	0.157830	0.032776
0.1031	13.02	0.795881	0.805548	0.122058	0.018494
0.1031	13.39	0.795881	0.784210	0.195743	0.048859
0.1031	13.76	0.795881	0.884820	0.025606	0.000741
0.1031	14.12	0.795881	0.891727	0.019481	0.000426
0.1031	14.49	0.795881	0.898216	0.009623	0.000103
0.1031	14.86	0.795881	0.867698	0.123392	0.017547
0.1031	15.22	0.795881	0.896136	0.020844	0.000485
0.1031	15.59	0.795881	0.904158	0.008409	0.000078
0.1031	15.96	0.795881	0.908976	0.008560	0.000081
0.1031	16.33	0.795881	0.911866	0.008164	0.000073
0.1031	16.69	0.795881	0.903702	0.011634	0.000150
0.1031	17.06	0.795881	0.913917	0.010668	0.000125
0.1031	17.43	0.795881	0.917627	0.006350	0.000044
0.1031	17.80	0.795881	0.913407	0.005572	0.000034
0.1031	18.16	0.795881	0.914477	0.004890	0.000026
0.1031	18.53	0.795881	0.921140	0.010079	0.000110
0.1031	18.90	0.795881	0.922968	0.010800	0.000126
0.1031	19.27	0.795881	0.918567	0.007780	0.000066
0.1031	19.63	0.795881	0.921090	0.008545	0.000079
0.1031	20.00	0.795881	0.917213	0.006767	0.000050
0.1070	2.00	0.764899	0.000000	0.000000	0.000000
0.1070	2.37	0.764899	0.000000	0.000000	0.000000
0.1070	2.73	0.764899	0.000000	0.000000	0.000000
0.1070	3.10	0.764899	0.000000	0.000000	0.000000
0.1070	3.47	0.764899	0.000000	0.000000	0.000000
0.1070	3.84	0.764899	0.000000	0.000000	0.000000
0.1070	4.20	0.764899	0.000000	0.000000	0.000000
0.1070	4.57	0.764899	0.000000	0.000000	0.000000
0.1070	4.94	0.764899	0.000000	0.000000	0.000000
0.1070	5.31	0.764899	0.000000	0.000000	0.000000
0.1070	5.67	0.764899	0.000000	0.000000	0.000000
0.1070	6.04	0.764899	0.000000	0.000000	0.000000
0.1070	6.41	0.764899	0.000000	0.000000	0.000000
0.1070	6.78	0.764899	0.000000	0.000000	0.000000
0.1070	7.14	0.764899	0.406122	0.000000	0.000000
0.1070	7.51	0.764899	0.384694	0.107691	0.030147
0.1070	7.88	0.764899	0.431633	0.007650	0.000136
0.1070	8.24	0.764899	0.438520	0.009890	0.000223
0.1070	8.61	0.764899	0.460687	0.011504	0.000287
0.1070	8.98	0.764899	0.467702	0.012604	0.000340
0.1070	9.35	0.764899	0.484184	0.015590	0.000502
0.1070	9.71	0.764899	0.498367	0.020029	0.000805
0.1070	10.08	0.764899	0.514650	0.085464	0.014192
0.1070	10.45	0.764899	0.521831	0.110781	0.023518
0.1070	10.82	0.764899	0.564911	0.033181	0.001949
0.1070	11.18	0.764899	0.606452	0.030164	0.001500
0.1070	11.55	0.764899	0.590996	0.132054	0.029507
0.1070	11.92	0.764899	0.615193	0.158066	0.040613
0.1070	12.29	0.764899	0.631054	0.162298	0.041741
0.1070	12.65	0.764899	0.584439	0.188661	0.060901
0.1070	13.02	0.764899	0.574561	0.221847	0.085659
0.1070	13.39	0.764899	0.594991	0.216774	0.078978
0.1070	13.76	0.764899	0.594295	0.212967	0.076317
0.1070	14.12	0.764899	0.567517	0.234456	0.096860
0.1070	14.49	0.764899	0.635065	0.208197	0.068255
0.1070	14.86	0.764899	0.720408	0.190280	0.050258
0.1070	15.22	0.764899	0.690754	0.214116	0.066371
0.1070	15.59	0.764899	0.736508	0.186222	0.047085
0.1070	15.96	0.764899	0.749297	0.190428	0.048396
0.1070	16.33	0.764899	0.826968	0.126825	0.019450
0.1070	16.69	0.764899	0.742357	0.190015	0.048637
0.1070	17.06	0.764899	0.810622	0.124893	0.019242
0.1070	17.43	0.764899	0.812517	0.135068	0.022453
0.1070	17.80	0.764899	0.890185	0.035684	0.001430
0.1070	18.16	0.764899	0.823554	0.171149	0.035568
0.1070	18.53	0.764899	0.906676	0.104635	0.012075
0.1070	18.90	0.764899	0.923153	0.005999	0.000039
0.1070	19.27	0.764899	0.918124	0.008487	0.000078
0.1070	19.63	0.764899	0.920835	0.006371	0.000044
0.1070	20.00	0.764899	0.906803	0.104767	0.012104
0.1109	2.00	0.671929	0.000000	0.000000	0.000000
0.1109	2.37	0.671929	0.000000	0.000000	0.000000
0.1109	2.73	0.671929	0.000000	0.000000	0.000000
0.1109	3.10	0.671929	0.000000	0.000000	0.000000
0.1109	3.47	0.671929	0.000000	0.000000	0.000000
0.1109	3.84	0.671929	0.000000	0.000000	0.000000
0.1109	4.20	0.671929	0.000000	0.000000	0.000000
0.1109	4.57	0.671929	0.000000	0.000000	0.000000
0.1109	4.94	0.671929	0.000000	0.000000	0.000000
0.1109	5.31	0.671929	0.000000	0.000000	0.000000
0.1109	5.67	0.671929	0.000000	0.000000	0.000000
0.1109	6.04	0.671929	0.000000	0.000000	0.000000
0.1109	6.41	0.671929	0.000000	0.000000	0.000000
0.1109	6.78	0.671929	0.000000	0.000000	0.000000
0.1109	7.14	0.671929	0.000000	0.000000	0.000000
0.1109	7.51	0.671929	0.000000	0.000000	0.000000
0.1109	7.88	0.671929	0.000000	0.000000	0.000000
0.1109	8.24	0.671929	0.000000	0.000000	0.000000
0.1109	8.61	0.671929	0.435832	0.157659	0.057032
0.1109	8.98	0.671929	0.502053	0.187123	0.069744
0.1109	9.35	0.671929	0.391786	0.285505	0.208055
0.1109	9.71	0.671929	0.476297	0.273419	0.156956
0.1109	10.08	0.671929	0.657671	0.232543	0.082224
0.1109	10.45	0.671929	0.737166	0.131092	0.023312
0.1109	10.82	0.671929	0.757554	0.064457	0.005484
0.1109	11.18	0.671929	0.793852	0.010185	0.000131
0.1109	11.55	0.671929	0.788567	0.012446	0.000196
0.1109	11.92	0.671929	0.802501	0.010669	0.000142
0.1109	12.29	0.671929	0.810968	0.007267	0.000065
0.1109	12.65	0.671929	0.814843	0.008073	0.000080
0.1109	13.02	0.671929	0.816678	0.008840	0.000096
0.1109	13.39	0.671929	0.818903	0.008736	0.000093
0.1109	13.76	0.671929	0.820653	0.006782	0.000056
0.1109	14.12	0.671929	0.824976	0.014431	0.000252
0.1109	14.49	0.671929	0.830487	0.007949	0.000076
0.1109	14.86	0.671929	0.812423	0.111490	0.015300
0.1109	15.22	0.671929	0.840554	0.008473	0.000085
0.1109	15.59	0.671929	0.843994	0.006646	0.000052
0.1109	15.96	0.671929	0.834292	0.008531	0.000087
0.1109	16.33	0.671929	0.833475	0.010159	0.000124
0.1109	16.69	0.671929	0.837115	0.004758	0.000027
0.1109	17.06	0.671929	0.843014	0.003673	0.000016
0.1109	17.43	0.671929	0.843792	0.004521	0.000024
0.1109	17.80	0.671929	0.842540	0.003965	0.000019
0.1109	18.16	0.671929	0.842240	0.003951	0.000019
0.1109	18.53	0.671929	0.847707	0.003321	0.000013
0.1109	18.90	0.671929	0.847489	0.003198	0.000012
0.1109	19.27	0.671929	0.848431	0.003409	0.000014
0.1109	19.63	0.671929	0.850389	0.004397	0.000023
0.1109	20.00	0.671929	0.850298	0.003579	0.000015
0.1146	2.00	0.669585	0.000000	0.000000	0.000000
0.1146	2.37	0.669585	0.000000	0.000000	0.000000
0.1146	2.73	0.669585	0.000000	0.000000	0.000000
0.1146	3.10	0.669585	0.000000	0.000000	0.000000
0.1146	3.47	0.669585	0.000000	0.000000	0.000000
0.1146	3.84	0.669585	0.000000	0.000000	0.000000
0.1146	4.20	0.669585	0.000000	0.000000	0.000000
0.1146	4.57	0.669585	0.000000	0.000000	0.000000
0.1146	4.94	0.669585	0.000000	0.000000	0.000000
0.1146	5.31	0.669585	0.000000	0.000000	0.000000
0.1146	5.67	0.669585	0.000000	0.000000	0.000000
0.1146	6.04	0.669585	0.000000	0.000000	0.000000
0.1146	6.41	0.669585	0.000000	0.000000	0.000000
0.1146	6.78	0.669585	0.000000	0.000000	0.000000
0.1146	7.14	0.669585	0.000000	0.000000	0.000000
0.1146	7.51	0.669585	0.097959	0.004082	0.000170
0.1146	7.88	0.669585	0.108163	0.018367	0.003119
0.1146	8.24	0.669585	0.167347	0.027908	0.004654
0.1146	8.61	0.669585	0.172449	0.011224	0.000731
0.1146	8.98	0.669585	0.211020	0.051169	0.012408
0.1146	9.35	0.669585	0.224198	0.065164	0.018940
0.1146	9.71	0.669585	0.278664	0.075238	0.020314
0.1146	10.08	0.669585	0.317493	0.113938	0.040889
0.1146	10.45	0.669585	0.395918	0.144245	0.052553
0.1146	10.82	0.669585	0.474927	0.116113	0.028388
0.1146	11.18	0.669585	0.508399	0.157996	0.049101
0.1146	11.55	0.669585	0.533519	0.154920	0.044985
0.1146	11.92	0.669585	0.662936	0.079977	0.009648
0.1146	12.29	0.669585	0.681983	0.151049	0.033455
0.1146	12.65	0.669585	0.731633	0.117207	0.018776
0.1146	13.02	0.669585	0.751927	0.049298	0.003232
0.1146	13.39	0.669585	0.728968	0.112599	0.017392
0.1146	13.76	0.669585	0.755654	0.035563	0.001674
0.1146	14.12	0.669585	0.772718	0.033983	0.001495
0.1146	14.49	0.669585	0.809023	0.027855	0.000959
0.1146	14.86	0.669585	0.790194	0.115756	0.016957
0.1146	15.22	0.669585	0.820707	0.022750	0.000631
0.1146	15.59	0.669585	0.846677	0.016645	0.000327
0.1146	15.96	0.669585	0.848827	0.014874	0.000261
0.1146	16.33	0.669585	0.851419	0.017124	0.000344
0.1146	16.69	0.669585	0.832985	0.011468	0.000158
0.1146	17.06	0.669585	0.833813	0.020354	0.000497
0.1146	17.43	0.669585	0.861224	0.008304	0.000080
0.1146	17.80	0.669585	0.863455	0.017560	0.000357
0.1146	18.16	0.669585	0.867489	0.007903	0.000072
0.1146	18.53	0.669585	0.857665	0.006036	0.000042
0.1146	18.90	0.669585	0.859508	0.005092	0.000030
0.1146	19.27	0.669585	0.860454	0.005888	0.000040
0.1146	19.63	0.669585	0.862812	0.005897	0.000040
0.1146	20.00	0.669585	0.864796	0.005437	0.000034
0.1184	2.00	0.671479	0.000000	0.000000	0.000000
0.1184	2.37	0.671479	0.000000	0.000000	0.000000
0.1184	2.73	0.671479	0.000000	0.000000	0.000000
0.1184	3.10	0.671479	0.000000	0.000000	0.000000
0.1184	3.47	0.671479	0.000000	0.000000	0.000000
0.1184	3.84	0.671479	0.000000	0.000000	0.000000
0.1184	4.20	0.671479	0.000000	0.000000	0.000000
0.1184	4.57	0.671479	0.000000	0.000000	0.000000
0.1184	4.94	0.671479	0.000000	0.000000	0.000000
0.1184	5.31	0.671479	0.000000	0.000000	0.000000
0.1184	5.67	0.671479	0.000000	0.000000	0.000000
0.1184	6.04	0.671479	0.000000	0.000000	0.000000
0.1184	6.41	0.671479	0.000000	0.000000	0.000000
0.1184	6.78	0.671479	0.000000	0.000000	0.000000
0.1184	7.14	0.671479	0.000000	0.000000	0.000000
0.1184	7.51	0.671479	0.000000	0.000000	0.000000
0.1184	7.88	0.671479	0.000000	0.000000	0.000000
0.1184	8.24	0.671479	0.000000	0.000000	0.000000
0.1184	8.61	0.671479	0.093561	0.009054	0.000876
0.1184	8.98	0.671479	0.275079	0.165856	0.100001
0.1184	9.35	0.671479	0.279129	0.208897	0.156335
0.1184	9.71	0.671479	0.525151	0.173243	0.057151
0.1184	10.08	0.671479	0.554509	0.250584	0.113239
0.1184	10.45	0.671479	0.694165	0.183288	0.048396
0.1184	10.82	0.671479	0.738207	0.131207	0.023320
0.1184	11.18	0.671479	0.784569	0.015922	0.000323
0.1184	11.55	0.671479	0.804440	0.015164	0.000286
0.1184	11.92	0.671479	0.818159	0.010157	0.000126
0.1184	12.29	0.671479	0.824340	0.012349	0.000185
0.1184	12.65	0.671479	0.808163	0.119747	0.017743
0.1184	13.02	0.671479	0.835527	0.009779	0.000114
0.1184	13.39	0.671479	0.841941	0.009371	0.000104
0.1184	13.76	0.671479	0.839850	0.008644	0.000089
0.1184	14.12	0.671479	0.847506	0.007124	0.000060
0.1184	14.49	0.671479	0.831038	0.114579	0.015798
0.1184	14.86	0.671479	0.853383	0.008712	0.000089
0.1184	15.22	0.671479	0.845121	0.112930	0.015090
0.1184	15.59	0.671479	0.864135	0.006627	0.000051
0.1184	15.96	0.671479	0.866247	0.008584	0.000085
0.1184	16.33	0.671479	0.843402	0.115662	0.015862
0.1184	16.69	0.671479	0.862173	0.006457	0.000048
0.1184	17.06	0.671479	0.872798	0.004608	0.000024
0.1184	17.43	0.671479	0.872749	0.004656	0.000025
0.1184	17.80	0.671479	0.872749	0.003969	0.000018
0.1184	18.16	0.671479	0.863600	0.011600	0.000156
0.1184	18.53	0.671479	0.850704	0.107354	0.013547
0.1184	18.90	0.671479	0.850421	0.107330	0.013546
0.1184	19.27	0.671479	0.849643	0.109265	0.014052
0.1184	19.63	0.671479	0.835278	0.156495	0.029321
0.1184	20.00	0.671479	0.874316	0.004147	0.000020
0.1222	2.00	0.641798	0.000000	0.000000	0.000000
0.1222	2.37	0.641798	0.000000	0.000000	0.000000
0.1222	2.73	0.641798	0.000000	0.000000	0.000000
0.1222	3.10	0.641798	0.000000	0.000000	0.000000
0.1222	3.47	0.641798	0.000000	0.000000	0.000000
0.1222	3.84	0.641798	0.000000	0.000000	0.000000
0.1222	4.20	0.641798	0.000000	0.000000	0.000000
0.1222	4.57	0.641798	0.000000	0.000000	0.000000
0.1222	4.94	0.641798	0.000000	0.000000	0.000000
0.1222	5.31	0.641798	0.000000	0.000000	0.000000
0.1222	5.67	0.641798	0.000000	0.000000	0.000000
0.1222	6.04	0.641798	0.000000	0.000000	0.000000
0.1222	6.41	0.641798	0.000000	0.000000	0.000000
0.1222	6.78	0.641798	0.000000	0.000000	0.000000
0.1222	7.14	0.641798	0.000000	0.000000	0.000000
0.1222	7.51	0.641798	0.000000	0.000000	0.000000
0.1222	7.88	0.641798	0.000000	0.000000	0.000000
0.1222	8.24	0.641798	0.000000	0.000000	0.000000
0.1222	8.61	0.641798	0.000000	0.000000	0.000000
0.1222	8.98	0.641798	0.000000	0.000000	0.000000
0.1222	9.35	0.641798	0.000000	0.000000	0.000000
0.1222	9.71	0.641798	0.082653	0.001020	0.000013
0.1222	10.08	0.641798	0.103265	0.012286	0.001462
0.1222	10.45	0.641798	0.110204	0.024931	0.005640
0.1222	10.82	0.641798	0.127296	0.043561	0.014907
0.1222	11.18	0.641798	0.200595	0.108134	0.058291
0.1222	11.55	0.641798	0.318686	0.157670	0.078008
0.1222	11.92	0.641798	0.400628	0.216953	0.117487
0.1222	12.29	0.641798	0.548765	0.228814	0.095407
0.1222	12.65	0.641798	0.549726	0.212132	0.081859
0.1222	13.02	0.641798	0.653724	0.226355	0.078377
0.1222	13.39	0.641798	0.806067	0.043792	0.002379
0.1222	13.76	0.641798	0.841407	0.016605	0.000328
0.1222	14.12	0.641798	0.851684	0.010764	0.000136
0.1222	14.49	0.641798	0.859602	0.007554	0.000066
0.1222	14.86	0.641798	0.878418	0.007593	0.000066
0.1222	15.22	0.641798	0.879696	0.007174	0.000059
0.1222	15.59	0.641798	0.883367	0.007436	0.000063
0.1222	15.96	0.641798	0.893878	0.009761	0.000107
0.1222	16.33	0.641798	0.899466	0.007359	0.000060
0.1222	16.69	0.641798	0.902753	0.005903	0.000039
0.1222	17.06	0.641798	0.899336	0.006494	0.000047
0.1222	17.43	0.641798	0.903939	0.005960	0.000039
0.1222	17.80	0.641798	0.904824	0.006093	0.000041
0.1222	18.16	0.641798	0.900854	0.005099	0.000029
0.1222	18.53	0.641798	0.902690	0.004661	0.000024
0.1222	18.90	0.641798	0.905056	0.003999	0.000018
0.1222	19.27	0.641798	0.907451	0.004287	0.000020
0.1222	19.63	0.641798	0.907879	0.004189	0.000019
0.1222	20.00	0.641798	0.905844	0.007197	0.000057
0.1265	2.00	0.675467	0.000000	0.000000	0.000000
0.1265	2.37	0.675467	0.000000	0.000000	0.000000
0.1265	2.73	0.675467	0.000000	0.000000	0.000000
0.1265	3.10	0.675467	0.000000	0.000000	0.000000
0.1265	3.47	0.675467	0.000000	0.000000	0.000000
0.1265	3.84	0.675467	0.000000	0.000000	0.000000
0.1265	4.20	0.675467	0.000000	0.000000	0.000000
0.1265	4.57	0.675467	0.000000	0.000000	0.000000
0.1265	4.94	0.675467	0.000000	0.000000	0.000000
0.1265	5.31	0.675467	0.000000	0.000000	0.000000
0.1265	5.67	0.675467	0.000000	0.000000	0.000000
0.1265	6.04	0.675467	0.000000	0.000000	0.000000
0.1265	6.41	0.675467	0.000000	0.000000	0.000000
0.1265	6.78	0.675467	0.000000	0.000000	0.000000
0.1265	7.14	0.675467	0.000000	0.000000	0.000000
0.1265	7.51	0.675467	0.000000	0.000000	0.000000
0.1265	7.88	0.675467	0.000000	0.000000	0.000000
0.1265	8.24	0.675467	0.000000	0.000000	0.000000
0.1265	8.61	0.675467	0.000000	0.000000	0.000000
0.1265	8.98	0.675467	0.306122	0.000000	0.000000
0.1265	9.35	0.675467	0.259184	0.120408	0.055938
0.1265	9.71	0.675467	0.216883	0.096444	0.042887
0.1265	10.08	0.675467	0.264541	0.148742	0.083632
0.1265	10.45	0.675467	0.330612	0.133652	0.054030
0.1265	10.82	0.675467	0.452296	0.122848	0.033367
0.1265	11.18	0.675467	0.517128	0.076447	0.011301
0.1265	11.55	0.675467	0.535782	0.103510	0.019998
0.1265	11.92	0.675467	0.610384	0.165184	0.044703
0.1265	12.29	0.675467	0.699362	0.049209	0.003462
0.1265	12.65	0.675467	0.713832	0.106822	0.015986
0.1265	13.02	0.675467	0.690440	0.171611	0.042655
0.1265	13.39	0.675467	0.693179	0.112866	0.018377
0.1265	13.76	0.675467	0.723286	0.065355	0.005905
0.1265	14.12	0.675467	0.764050	0.029279	0.001122
0.1265	14.49	0.675467	0.742711	0.153373	0.031672
0.1265	14.86	0.675467	0.790282	0.057490	0.004182
0.1265	15.22	0.675467	0.792832	0.049980	0.003151
0.1265	15.59	0.675467	0.825635	0.028625	0.000992
0.1265	15.96	0.675467	0.838128	0.020712	0.000512
0.1265	16.33	0.675467	0.842810	0.017492	0.000363
0.1265	16.69	0.675467	0.844759	0.017116	0.000347
0.1265	17.06	0.675467	0.857914	0.012141	0.000172
0.1265	17.43	0.675467	0.863598	0.009521	0.000105
0.1265	17.80	0.675467	0.843553	0.010176	0.000123
0.1265	18.16	0.675467	0.848191	0.011925	0.000168
0.1265	18.53	0.675467	0.868460	0.008453	0.000082
0.1265	18.90	0.675467	0.869342	0.008706	0.000087
0.1265	19.27	0.675467	0.873980	0.009211	0.000097
0.1265	19.63	0.675467	0.869751	0.009390	0.000101
0.1265	20.00	0.675467	0.872005	0.006949	0.000055
0.1310	2.00	0.665798	0.000000	0.000000	0.000000
0.1310	2.37	0.665798	0.000000	0.000000	0.000000
0.1310	2.73	0.665798	0.000000	0.000000	0.000000
0.1310	3.10	0.665798	0.000000	0.000000	0.000000
0.1310	3.47	0.665798	0.000000	0.000000	0.000000
0.1310	3.84	0.665798	0.000000	0.000000	0.000000
0.1310	4.20	0.665798	0.000000	0.000000	0.000000
0.1310	4.57	0.665798	0.000000	0.000000	0.000000
0.1310	4.94	0.665798	0.000000	0.000000	0.000000
0.1310	5.31	0.665798	0.000000	0.000000	0.000000
0.1310	5.67	0.665798	0.000000	0.000000	0.000000
0.1310	6.04	0.665798	0.000000	0.000000	0.000000
0.1310	6.41	0.665798	0.000000	0.000000	0.000000
0.1310	6.78	0.665798	0.000000	0.000000	0.000000
0.1310	7.14	0.665798	0.000000	0.000000	0.000000
0.1310	7.51	0.665798	0.000000	0.000000	0.000000
0.1310	7.88	0.665798	0.000000	0.000000	0.000000
0.1310	8.24	0.665798	0.080808	0.000000	0.000000
0.1310	8.61	0.665798	0.000000	0.000000	0.000000
0.1310	8.98	0.665798	0.096970	0.016162	0.002694
0.1310	9.35	0.665798	0.234949	0.102991	0.045146
0.1310	9.71	0.665798	0.356643	0.162996	0.074494
0.1310	10.08	0.665798	0.363973	0.229220	0.144356
0.1310	10.45	0.665798	0.606263	0.127189	0.026683
0.1310	10.82	0.665798	0.669529	0.125851	0.023656
0.1310	11.18	0.665798	0.718983	0.112949	0.017744
0.1310	11.55	0.665798	0.764836	0.062762	0.005150
0.1310	11.92	0.665798	0.773381	0.127496	0.021018
0.1310	12.29	0.665798	0.779293	0.058054	0.004325
0.1310	12.65	0.665798	0.764733	0.122719	0.019693
0.1310	13.02	0.665798	0.809764	0.034067	0.001433
0.1310	13.39	0.665798	0.819641	0.035071	0.001501
0.1310	13.76	0.665798	0.834131	0.012304	0.000181
0.1310	14.12	0.665798	0.839161	0.007786	0.000072
0.1310	14.49	0.665798	0.838539	0.022391	0.000598
0.1310	14.86	0.665798	0.850039	0.006900	0.000056
0.1310	15.22	0.665798	0.852071	0.008517	0.000085
0.1310	15.59	0.665798	0.851955	0.006051	0.000043
0.1310	15.96	0.665798	0.853788	0.005762	0.000039
0.1310	16.33	0.665798	0.873466	0.007080	0.000057
0.1310	16.69	0.665798	0.877507	0.007815	0.000070
0.1310	17.06	0.665798	0.877942	0.005358	0.000033
0.1310	17.43	0.665798	0.878884	0.005947	0.000040
0.1310	17.80	0.665798	0.882540	0.005707	0.000037
0.1310	18.16	0.665798	0.870331	0.005481	0.000035
0.1310	18.53	0.665798	0.872865	0.005176	0.000031
0.1310	18.90	0.665798	0.875298	0.006788	0.000053
0.1310	19.27	0.665798	0.876956	0.005133	0.000030
0.1310	19.63	0.665798	0.876354	0.004405	0.000022
0.1310	20.00	0.665798	0.878878	0.005020	0.000029
0.1358	2.00	0.696035	0.000000	0.000000	0.000000
0.1358	2.37	0.696035	0.000000	0.000000	0.000000
0.1358	2.73	0.696035	0.000000	0.000000	0.000000
0.1358	3.10	0.696035	0.000000	0.000000	0.000000
0.1358	3.47	0.696035	0.000000	0.000000	0.000000
0.1358	3.84	0.696035	0.000000	0.000000	0.000000
0.1358	4.20	0.696035	0.000000	0.000000	0.000000
0.1358	4.57	0.696035	0.000000	0.000000	0.000000
0.1358	4.94	0.696035	0.000000	0.000000	0.000000
0.1358	5.31	0.696035	0.000000	0.000000	0.000000
0.1358	5.67	0.696035	0.000000	0.000000	0.000000
0.1358	6.04	0.696035	0.000000	0.000000	0.000000
0.1358	6.41	0.696035	0.000000	0.000000	0.000000
0.1358	6.78	0.696035	0.000000	0.000000	0.000000
0.1358	7.14	0.696035	0.000000	0.000000	0.000000
0.1358	7.51	0.696035	0.000000	0.000000	0.000000
0.1358	7.88	0.696035	0.000000	0.000000	0.000000
0.1358	8.24	0.696035	0.000000	0.000000	0.000000
0.1358	8.61	0.696035	0.000000	0.000000	0.000000
0.1358	8.98	0.696035	0.126531	0.028571	0.006452
0.1358	9.35	0.696035	0.090306	0.005840	0.000378
0.1358	9.71	0.696035	0.164796	0.092400	0.051809
0.1358	10.08	0.696035	0.231701	0.229881	0.228075
0.1358	10.45	0.696035	0.505321	0.277858	0.152784
0.1358	10.82	0.696035	0.645055	0.282719	0.123912
0.1358	11.18	0.696035	0.792215	0.159860	0.032258
0.1358	11.55	0.696035	0.814286	0.136604	0.022917
0.1358	11.92	0.696035	0.875819	0.010050	0.000115
0.1358	12.29	0.696035	0.858192	0.130851	0.019951
0.1358	12.65	0.696035	0.893703	0.011340	0.000144
0.1358	13.02	0.696035	0.888605	0.013498	0.000205
0.1358	13.39	0.696035	0.899263	0.010319	0.000118
0.1358	13.76	0.696035	0.906453	0.009268	0.000095
0.1358	14.12	0.696035	0.915306	0.011107	0.000135
0.1358	14.49	0.696035	0.923201	0.011425	0.000141
0.1358	14.86	0.696035	0.929409	0.010122	0.000110
0.1358	15.22	0.696035	0.918418	0.013277	0.000192
0.1358	15.59	0.696035	0.903036	0.130458	0.018847
0.1358	15.96	0.696035	0.929738	0.013907	0.000208
0.1358	16.33	0.696035	0.948034	0.012622	0.000168
0.1358	16.69	0.696035	0.948830	0.012902	0.000175
0.1358	17.06	0.696035	0.928328	0.131728	0.018692
0.1358	17.43	0.696035	0.951215	0.009340	0.000092
0.1358	17.80	0.696035	0.949271	0.015073	0.000239
0.1358	18.16	0.696035	0.950124	0.019277	0.000391
0.1358	18.53	0.696035	0.934029	0.132593	0.018823
0.1358	18.90	0.696035	0.956997	0.014121	0.000208
0.1358	19.27	0.696035	0.936874	0.130418	0.018155
0.1358	19.63	0.696035	0.954817	0.013448	0.000189
0.1358	20.00	0.696035	0.957931	0.019185	0.000384
0.1408	2.00	0.650414	0.000000	0.000000	0.000000
0.1408	2.37	0.650414	0.000000	0.000000	0.000000
0.1408	2.73	0.650414	0.000000	0.000000	0.000000
0.1408	3.10	0.650414	0.000000	0.000000	0.000000
0.1408	3.47	0.650414	0.000000	0.000000	0.000000
0.1408	3.84	0.650414	0.000000	0.000000	0.000000
0.1408	4.20	0.650414	0.000000	0.000000	0.000000
0.1408	4.57	0.650414	0.000000	0.000000	0.000000
0.1408	4.94	0.650414	0.000000	0.000000	0.000000
0.1408	5.31	0.650414	0.000000	0.000000	0.000000
0.1408	5.67	0.650414	0.000000	0.000000	0.000000
0.1408	6.04	0.650414	0.000000	0.000000	0.000000
0.1408	6.41	0.650414	0.000000	0.000000	0.000000
0.1408	6.78	0.650414	0.000000	0.000000	0.000000
0.1408	7.14	0.650414	0.000000	0.000000	0.000000
0.1408	7.51	0.650414	0.000000	0.000000	0.000000
0.1408	7.88	0.650414	0.000000	0.000000	0.000000
0.1408	8.24	0.650414	0.000000	0.000000	0.000000
0.1408	8.61	0.650414	0.000000	0.000000	0.000000
0.1408	8.98	0.650414	0.147541	0.000000	0.000000
0.1408	9.35	0.650414	0.160861	0.099237	0.061221
0.1408	9.71	0.650414	0.255055	0.106806	0.044726
0.1408	10.08	0.650414	0.373087	0.136422	0.049883
0.1408	10.45	0.650414	0.367059	0.184371	0.092608
0.1408	10.82	0.650414	0.523492	0.208806	0.083287
0.1408	11.18	0.650414	0.410605	0.188335	0.086385
0.1408	11.55	0.650414	0.549180	0.213539	0.083031
0.1408	11.92	0.650414	0.646773	0.141610	0.031005
0.1408	12.29	0.650414	0.739549	0.084681	0.009696
0.1408	12.65	0.650414	0.826965	0.035615	0.001534
0.1408	13.02	0.650414	0.855817	0.042805	0.002141
0.1408	13.39	0.650414	0.855425	0.127736	0.019074
0.1408	13.76	0.650414	0.895549	0.029484	0.000971
0.1408	14.12	0.650414	0.902858	0.038642	0.001654
0.1408	14.49	0.650414	0.922394	0.027174	0.000801
0.1408	14.86	0.650414	0.902766	0.023628	0.000618
0.1408	15.22	0.650414	0.914498	0.014748	0.000238
0.1408	15.59	0.650414	0.920782	0.014621	0.000232
0.1408	15.96	0.650414	0.945543	0.015912	0.000268
0.1408	16.33	0.650414	0.951220	0.013995	0.000206
0.1408	16.69	0.650414	0.953942	0.010316	0.000112
0.1408	17.06	0.650414	0.950088	0.013384	0.000189
0.1408	17.43	0.650414	0.957406	0.010848	0.000123
0.1408	17.80	0.650414	0.959065	0.011648	0.000141
0.1408	18.16	0.650414	0.960968	0.007770	0.000063
0.1408	18.53	0.650414	0.963591	0.008925	0.000083
0.1408	18.90	0.650414	0.944532	0.128384	0.017450
0.1408	19.27	0.650414	0.968023	0.007210	0.000054
0.1408	19.63	0.650414	0.969548	0.006149	0.000039
0.1408	20.00	0.650414	0.939709	0.129462	0.017836
0.1458	2.00	0.634035	0.000000	0.000000	0.000000
0.1458	2.37	0.634035	0.000000	0.000000	0.000000
0.1458	2.73	0.634035	0.000000	0.000000	0.000000
0.1458	3.10	0.634035	0.000000	0.000000	0.000000
0.1458	3.47	0.634035	0.000000	0.000000	0.000000
0.1458	3.84	0.634035	0.000000	0.000000	0.000000
0.1458	4.20	0.634035	0.000000	0.000000	0.000000
0.1458	4.57	0.634035	0.000000	0.000000	0.000000
0.1458	4.94	0.634035	0.000000	0.000000	0.000000
0.1458	5.31	0.634035	0.000000	0.000000	0.000000
0.1458	5.67	0.634035	0.000000	0.000000	0.000000
0.1458	6.04	0.634035	0.000000	0.000000	0.000000
0.1458	6.41	0.634035	0.000000	0.000000	0.000000
0.1458	6.78	0.634035	0.000000	0.000000	0.000000
0.1458	7.14	0.634035	0.000000	0.000000	0.000000
0.1458	7.51	0.634035	0.000000	0.000000	0.000000
0.1458	7.88	0.634035	0.000000	0.000000	0.000000
0.1458	8.24	0.634035	0.000000	0.000000	0.000000
0.1458	8.61	0.634035	0.000000	0.000000	0.000000
0.1458	8.98	0.634035	0.175758	0.000000	0.000000
0.1458	9.35	0.634035	0.112121	0.031313	0.008745
0.1458	9.71	0.634035	0.121212	0.040666	0.013643
0.1458	10.08	0.634035	0.197531	0.099078	0.049696
0.1458	10.45	0.634035	0.249554	0.124422	0.062034
0.1458	10.82	0.634035	0.310800	0.171874	0.095047
0.1458	11.18	0.634035	0.223615	0.142193	0.090418
0.1458	11.55	0.634035	0.314439	0.209046	0.138979
0.1458	11.92	0.634035	0.436364	0.248212	0.141188
0.1458	12.29	0.634035	0.535411	0.254514	0.120986
0.1458	12.65	0.634035	0.725371	0.153630	0.032538
0.1458	13.02	0.634035	0.711560	0.159816	0.035895
0.1458	13.39	0.634035	0.789226	0.112389	0.016005
0.1458	13.76	0.634035	0.838329	0.044789	0.002393
0.1458	14.12	0.634035	0.835859	0.114638	0.015723
0.1458	14.49	0.634035	0.880135	0.016092	0.000294
0.1458	14.86	0.634035	0.895623	0.009567	0.000102
0.1458	15.22	0.634035	0.900354	0.014202	0.000224
0.1458	15.59	0.634035	0.904646	0.009638	0.000103
0.1458	15.96	0.634035	0.903535	0.004420	0.000022
0.1458	16.33	0.634035	0.905198	0.003874	0.000017
0.1458	16.69	0.634035	0.905532	0.003787	0.000016
0.1458	17.06	0.634035	0.915527	0.004554	0.000023
0.1458	17.43	0.634035	0.917970	0.005616	0.000034
0.1458	17.80	0.634035	0.918675	0.004892	0.000026
0.1458	18.16	0.634035	0.898379	0.003886	0.000017
0.1458	18.53	0.634035	0.899319	0.004062	0.000018
0.1458	18.90	0.634035	0.901527	0.004337	0.000021
0.1458	19.27	0.634035	0.920038	0.003878	0.000016
0.1458	19.63	0.634035	0.921118	0.003429	0.000013
0.1458	20.00	0.634035	0.915058	0.004246	0.000020
0.1506	2.00	0.623597	0.000000	0.000000	0.000000
0.1506	2.37	0.623597	0.000000	0.000000	0.000000
0.1506	2.73	0.623597	0.000000	0.000000	0.000000
0.1506	3.10	0.623597	0.000000	0.000000	0.000000
0.1506	3.47	0.623597	0.000000	0.000000	0.000000
0.1506	3.84	0.623597	0.000000	0.000000	0.000000
0.1506	4.20	0.623597	0.000000	0.000000	0.000000
0.1506	4.57	0.623597	0.000000	0.000000	0.000000
0.1506	4.94	0.623597	0.000000	0.000000	0.000000
0.1506	5.31	0.623597	0.000000	0.000000	0.000000
0.1506	5.67	0.623597	0.000000	0.000000	0.000000
0.1506	6.04	0.623597	0.000000	0.000000	0.000000
0.1506	6.41	0.623597	0.000000	0.000000	0.000000
0.1506	6.78	0.623597	0.000000	0.000000	0.000000
0.1506	7.14	0.623597	0.000000	0.000000	0.000000
0.1506	7.51	0.623597	0.000000	0.000000	0.000000
0.1506	7.88	0.623597	0.000000	0.000000	0.000000
0.1506	8.24	0.623597	0.000000	0.000000	0.000000
0.1506	8.61	0.623597	0.105906	0.000000	0.000000
0.1506	8.98	0.623597	0.181263	0.000000	0.000000
0.1506	9.35	0.623597	0.095723	0.000000	0.000000
0.1506	9.71	0.623597	0.154786	0.109898	0.078027
0.1506	10.08	0.623597	0.185743	0.113633	0.069518
0.1506	10.45	0.623597	0.133123	0.082699	0.051374
0.1506	10.82	0.623597	0.163951	0.088559	0.047835
0.1506	11.18	0.623597	0.194705	0.105475	0.057137
0.1506	11.55	0.623597	0.354519	0.198990	0.111693
0.1506	11.92	0.623597	0.446094	0.257321	0.148431
0.1506	12.29	0.623597	0.595054	0.244495	0.100458
0.1506	12.65	0.623597	0.666861	0.246626	0.091210
0.1506	13.02	0.623597	0.834012	0.124876	0.018698
0.1506	13.39	0.623597	0.867900	0.034743	0.001391
0.1506	13.76	0.623597	0.888380	0.020315	0.000465
0.1506	14.12	0.623597	0.817495	0.204707	0.051260
0.1506	14.49	0.623597	0.888198	0.021684	0.000529
0.1506	14.86	0.623597	0.876884	0.125776	0.018041
0.1506	15.22	0.623597	0.888558	0.027715	0.000864
0.1506	15.59	0.623597	0.898320	0.028112	0.000880
0.1506	15.96	0.623597	0.906910	0.013139	0.000190
0.1506	16.33	0.623597	0.917564	0.011668	0.000148
0.1506	16.69	0.623597	0.921492	0.009596	0.000100
0.1506	17.06	0.623597	0.925856	0.006623	0.000047
0.1506	17.43	0.623597	0.925106	0.006540	0.000046
0.1506	17.80	0.623597	0.927976	0.004301	0.000020
0.1506	18.16	0.623597	0.928578	0.004583	0.000023
0.1506	18.53	0.623597	0.936058	0.005418	0.000031
0.1506	18.90	0.623597	0.936493	0.005926	0.000038
0.1506	19.27	0.623597	0.939353	0.004779	0.000024
0.1506	19.63	0.623597	0.935053	0.004212	0.000019
0.1506	20.00	0.623597	0.938131	0.004509	0.000022
0.1557	2.00	0.611479	0.000000	0.000000	0.000000
0.1557	2.37	0.611479	0.000000	0.000000	0.000000
0.1557	2.73	0.611479	0.000000	0.000000	0.000000
0.1557	3.10	0.611479	0.000000	0.000000	0.000000
0.1557	3.47	0.611479	0.000000	0.000000	0.000000
0.1557	3.84	0.611479	0.000000	0.000000	0.000000
0.1557	4.20	0.611479	0.000000	0.000000	0.000000
0.1557	4.57	0.611479	0.000000	0.000000	0.000000
0.1557	4.94	0.611479	0.000000	0.000000	0.000000
0.1557	5.31	0.611479	0.000000	0.000000	0.000000
0.1557	5.67	0.611479	0.000000	0.000000	0.000000
0.1557	6.04	0.611479	0.000000	0.000000	0.000000
0.1557	6.41	0.611479	0.000000	0.000000	0.000000
0.1557	6.78	0.611479	0.000000	0.000000	0.000000
0.1557	7.14	0.611479	0.000000	0.000000	0.000000
0.1557	7.51	0.611479	0.000000	0.000000	0.000000
0.1557	7.88	0.611479	0.000000	0.000000	0.000000
0.1557	8.24	0.611479	0.000000	0.000000	0.000000
0.1557	8.61	0.611479	0.095335	0.000000	0.000000
0.1557	8.98	0.611479	0.107505	0.000000	0.000000
0.1557	9.35	0.611479	0.167343	0.086207	0.044410
0.1557	9.71	0.611479	0.128465	0.065505	0.033401
0.1557	10.08	0.611479	0.214757	0.086126	0.034540
0.1557	10.45	0.611479	0.222571	0.150689	0.102022
0.1557	10.82	0.611479	0.191582	0.111347	0.064714
0.1557	11.18	0.611479	0.318215	0.145922	0.066915
0.1557	11.55	0.611479	0.342869	0.197177	0.113393
0.1557	11.92	0.611479	0.508531	0.192608	0.072951
0.1557	12.29	0.611479	0.625999	0.145538	0.033836
0.1557	12.65	0.611479	0.666567	0.147555	0.032664
0.1557	13.02	0.611479	0.689204	0.149084	0.032249
0.1557	13.39	0.611479	0.728542	0.024227	0.000806
0.1557	13.76	0.611479	0.722219	0.106437	0.015686
0.1557	14.12	0.611479	0.717221	0.145498	0.029516
0.1557	14.49	0.611479	0.769884	0.112312	0.016384
0.1557	14.86	0.611479	0.792623	0.013426	0.000227
0.1557	15.22	0.611479	0.807708	0.021439	0.000569
0.1557	15.59	0.611479	0.811411	0.015782	0.000307
0.1557	15.96	0.611479	0.812373	0.111417	0.015281
0.1557	16.33	0.611479	0.839851	0.022016	0.000577
0.1557	16.69	0.611479	0.814755	0.112179	0.015445
0.1557	17.06	0.611479	0.816107	0.111631	0.015269
0.1557	17.43	0.611479	0.846948	0.024126	0.000687
0.1557	17.80	0.611479	0.816993	0.193134	0.045656
0.1557	18.16	0.611479	0.855753	0.119570	0.016707
0.1557	18.53	0.611479	0.876590	0.025316	0.000731
0.1557	18.90	0.611479	0.857877	0.115921	0.015664
0.1557	19.27	0.611479	0.864368	0.116412	0.015678
0.1557	19.63	0.611479	0.897498	0.008548	0.000081
0.1557	20.00	0.611479	0.901300	0.008351	0.000077
0.1612	2.00	0.570923	0.000000	0.000000	0.000000
0.1612	2.37	0.570923	0.000000	0.000000	0.000000
0.1612	2.73	0.570923	0.000000	0.000000	0.000000
0.1612	3.10	0.570923	0.000000	0.000000	0.000000
0.1612	3.47	0.570923	0.000000	0.000000	0.000000
0.1612	3.84	0.570923	0.000000	0.000000	0.000000
0.1612	4.20	0.570923	0.000000	0.000000	0.000000
0.1612	4.57	0.570923	0.000000	0.000000	0.000000
0.1612	4.94	0.570923	0.000000	0.000000	0.000000
0.1612	5.31	0.570923	0.000000	0.000000	0.000000
0.1612	5.67	0.570923	0.000000	0.000000	0.000000
0.1612	6.04	0.570923	0.000000	0.000000	0.000000
0.1612	6.41	0.570923	0.000000	0.000000	0.000000
0.1612	6.78	0.570923	0.000000	0.000000	0.000000
0.1612	7.14	0.570923	0.000000	0.000000	0.000000
0.1612	7.51	0.570923	0.000000	0.000000	0.000000
0.1612	7.88	0.570923	0.095335	0.000000	0.000000
0.1612	8.24	0.570923	0.095335	0.000000	0.000000
0.1612	8.61	0.570923	0.122573	0.060899	0.030257
0.1612	8.98	0.570923	0.233491	0.125471	0.067424
0.1612	9.35	0.570923	0.331643	0.105735	0.033710
0.1612	9.71	0.570923	0.393509	0.128571	0.042008
0.1612	10.08	0.570923	0.419772	0.136222	0.044206
0.1612	10.45	0.570923	0.509128	0.015762	0.000488
0.1612	10.82	0.570923	0.536227	0.016175	0.000488
0.1612	11.18	0.570923	0.549066	0.021248	0.000822
0.1612	11.55	0.570923	0.573251	0.019899	0.000691
0.1612	11.92	0.570923	0.594828	0.020398	0.000699
0.1612	12.29	0.570923	0.586326	0.024326	0.001009
0.1612	12.65	0.570923	0.573515	0.123119	0.026430
0.1612	13.02	0.570923	0.568357	0.161179	0.045709
0.1612	13.39	0.570923	0.649087	0.020368	0.000639
0.1612	13.76	0.570923	0.614706	0.174028	0.049269
0.1612	14.12	0.570923	0.592937	0.206709	0.072062
0.1612	14.49	0.570923	0.624103	0.148895	0.035522
0.1612	14.86	0.570923	0.593825	0.199490	0.067017
0.1612	15.22	0.570923	0.619112	0.200436	0.064891
0.1612	15.59	0.570923	0.724911	0.174757	0.042129
0.1612	15.96	0.570923	0.774106	0.118591	0.018168
0.1612	16.33	0.570923	0.772082	0.175550	0.039915
0.1612	16.69	0.570923	0.807868	0.056781	0.003991
0.1612	17.06	0.570923	0.830532	0.041417	0.002065
0.1612	17.43	0.570923	0.801893	0.173300	0.037452
0.1612	17.80	0.570923	0.762346	0.186894	0.045818
0.1612	18.16	0.570923	0.848625	0.043366	0.002216
0.1612	18.53	0.570923	0.887569	0.020222	0.000461
0.1612	18.90	0.570923	0.893769	0.014410	0.000232
0.1612	19.27	0.570923	0.891363	0.019210	0.000414
0.1612	19.63	0.570923	0.890042	0.016313	0.000299
0.1612	20.00	0.570923	0.889926	0.019876	0.000444
0.1675	2.00	0.603775	0.000000	0.000000	0.000000
0.1675	2.37	0.603775	0.000000	0.000000	0.000000
0.1675	2.73	0.603775	0.000000	0.000000	0.000000
0.1675	3.10	0.603775	0.000000	0.000000	0.000000
0.1675	3.47	0.603775	0.000000	0.000000	0.000000
0.1675	3.84	0.603775	0.000000	0.000000	0.000000
0.1675	4.20	0.603775	0.000000	0.000000	0.000000
0.1675	4.57	0.603775	0.000000	0.000000	0.000000
0.1675	4.94	0.603775	0.000000	0.000000	0.000000
0.1675	5.31	0.603775	0.000000	0.000000	0.000000
0.1675	5.67	0.603775	0.000000	0.000000	0.000000
0.1675	6.04	0.603775	0.000000	0.000000	0.000000
0.1675	6.41	0.603775	0.000000	0.000000	0.000000
0.1675	6.78	0.603775	0.000000	0.000000	0.000000
0.1675	7.14	0.603775	0.000000	0.000000	0.000000
0.1675	7.51	0.603775	0.000000	0.000000	0.000000
0.1675	7.88	0.603775	0.000000	0.000000	0.000000
0.1675	8.24	0.603775	0.000000	0.000000	0.000000
0.1675	8.61	0.603775	0.000000	0.000000	0.000000
0.1675	8.98	0.603775	0.312755	0.232095	0.172237
0.1675	9.35	0.603775	0.218950	0.208174	0.197928
0.1675	9.71	0.603775	0.504592	0.197347	0.077183
0.1675	10.08	0.603775	0.607304	0.185351	0.056570
0.1675	10.45	0.603775	0.650850	0.163647	0.041147
0.1675	10.82	0.603775	0.676566	0.102994	0.015679
0.1675	11.18	0.603775	0.709430	0.011324	0.000181
0.1675	11.55	0.603775	0.702487	0.110440	0.017362
0.1675	11.92	0.603775	0.721849	0.109803	0.016702
0.1675	12.29	0.603775	0.749940	0.011115	0.000165
0.1675	12.65	0.603775	0.762812	0.020054	0.000527
0.1675	13.02	0.603775	0.767971	0.018417	0.000442
0.1675	13.39	0.603775	0.772732	0.020869	0.000564
0.1675	13.76	0.603775	0.785714	0.019496	0.000484
0.1675	14.12	0.603775	0.791998	0.022991	0.000667
0.1675	14.49	0.603775	0.797070	0.020249	0.000514
0.1675	14.86	0.603775	0.803611	0.022166	0.000611
0.1675	15.22	0.603775	0.806070	0.024509	0.000745
0.1675	15.59	0.603775	0.808014	0.027211	0.000916
0.1675	15.96	0.603775	0.820806	0.019204	0.000449
0.1675	16.33	0.603775	0.773191	0.148168	0.028394
0.1675	16.69	0.603775	0.775649	0.151584	0.029624
0.1675	17.06	0.603775	0.835423	0.020035	0.000480
0.1675	17.43	0.603775	0.845147	0.012622	0.000189
0.1675	17.80	0.603775	0.846889	0.010832	0.000139
0.1675	18.16	0.603775	0.836640	0.017165	0.000352
0.1675	18.53	0.603775	0.842718	0.014401	0.000246
0.1675	18.90	0.603775	0.844944	0.016155	0.000309
0.1675	19.27	0.603775	0.850788	0.017487	0.000359
0.1675	19.63	0.603775	0.854010	0.010174	0.000121
0.1675	20.00	0.603775	0.863868	0.006223	0.000045
0.1741	2.00	0.612485	0.000000	0.000000	0.000000
0.1741	2.37	0.612485	0.000000	0.000000	0.000000
0.1741	2.73	0.612485	0.000000	0.000000	0.000000
0.1741	3.10	0.612485	0.000000	0.000000	0.000000
0.1741	3.47	0.612485	0.000000	0.000000	0.000000
0.1741	3.84	0.612485	0.000000	0.000000	0.000000
0.1741	4.20	0.612485	0.000000	0.000000	0.000000
0.1741	4.57	0.612485	0.000000	0.000000	0.000000
0.1741	4.94	0.612485	0.000000	0.000000	0.000000
0.1741	5.31	0.612485	0.000000	0.000000	0.000000
0.1741	5.67	0.612485	0.000000	0.000000	0.000000
0.1741	6.04	0.612485	0.000000	0.000000	0.000000
0.1741	6.41	0.612485	0.000000	0.000000	0.000000
0.1741	6.78	0.612485	0.000000	0.000000	0.000000
0.1741	7.14	0.612485	0.000000	0.000000	0.000000
0.1741	7.51	0.612485	0.000000	0.000000	0.000000
0.1741	7.88	0.612485	0.000000	0.000000	0.000000
0.1741	8.24	0.612485	0.000000	0.000000	0.000000
0.1741	8.61	0.612485	0.000000	0.000000	0.000000
0.1741	8.98	0.612485	0.127789	0.000000	0.000000
0.1741	9.35	0.612485	0.087221	0.000000	0.000000
0.1741	9.71	0.612485	0.095335	0.000000	0.000000
0.1741	10.08	0.612485	0.112576	0.032152	0.009183
0.1741	10.45	0.612485	0.118516	0.039120	0.012913
0.1741	10.82	0.612485	0.124949	0.028903	0.006686
0.1741	11.18	0.612485	0.166882	0.051867	0.016120
0.1741	11.55	0.612485	0.174925	0.094924	0.051511
0.1741	11.92	0.612485	0.200811	0.094989	0.044933
0.1741	12.29	0.612485	0.292089	0.143776	0.070772
0.1741	12.65	0.612485	0.367932	0.169678	0.078250
0.1741	13.02	0.612485	0.484229	0.200971	0.083409
0.1741	13.39	0.612485	0.547861	0.208440	0.079303
0.1741	13.76	0.612485	0.724086	0.164447	0.037347
0.1741	14.12	0.612485	0.819953	0.081631	0.008127
0.1741	14.49	0.612485	0.814377	0.168344	0.034799
0.1741	14.86	0.612485	0.850862	0.132051	0.020494
0.1741	15.22	0.612485	0.906947	0.018762	0.000388
0.1741	15.59	0.612485	0.915352	0.020090	0.000441
0.1741	15.96	0.612485	0.925722	0.018627	0.000375
0.1741	16.33	0.612485	0.937409	0.016910	0.000305
0.1741	16.69	0.612485	0.944620	0.013003	0.000179
0.1741	17.06	0.612485	0.951826	0.007762	0.000063
0.1741	17.43	0.612485	0.952609	0.008821	0.000082
0.1741	17.80	0.612485	0.955698	0.009081	0.000086
0.1741	18.16	0.612485	0.959612	0.005146	0.000028
0.1741	18.53	0.612485	0.966485	0.006565	0.000045
0.1741	18.90	0.612485	0.968913	0.006539	0.000044
0.1741	19.27	0.612485	0.973676	0.004733	0.000023
0.1741	19.63	0.612485	0.975524	0.005631	0.000033
0.1741	20.00	0.612485	0.976585	0.004999	0.000026
0.1802	2.00	0.662840	0.000000	0.000000	0.000000
0.1802	2.37	0.662840	0.000000	0.000000	0.000000
0.1802	2.73	0.662840	0.000000	0.000000	0.000000
0.1802	3.10	0.662840	0.000000	0.000000	0.000000
0.1802	3.47	0.662840	0.000000	0.000000	0.000000
0.1802	3.84	0.662840	0.000000	0.000000	0.000000
0.1802	4.20	0.662840	0.000000	0.000000	0.000000
0.1802	4.57	0.662840	0.000000	0.000000	0.000000
0.1802	4.94	0.662840	0.000000	0.000000	0.000000
0.1802	5.31	0.662840	0.000000	0.000000	0.000000
0.1802	5.67	0.662840	0.000000	0.000000	0.000000
0.1802	6.04	0.662840	0.000000	0.000000	0.000000
0.1802	6.41	0.662840	0.000000	0.000000	0.000000
0.1802	6.78	0.662840	0.000000	0.000000	0.000000
0.1802	7.14	0.662840	0.000000	0.000000	0.000000
0.1802	7.51	0.662840	0.092784	0.000000	0.000000
0.1802	7.88	0.662840	0.000000	0.000000	0.000000
0.1802	8.24	0.662840	0.000000	0.000000	0.000000
0.1802	8.61	0.662840	0.088660	0.000000	0.000000
0.1802	8.98	0.662840	0.148454	0.000000	0.000000
0.1802	9.35	0.662840	0.082474	0.001683	0.000034
0.1802	9.71	0.662840	0.261649	0.176460	0.119007
0.1802	10.08	0.662840	0.275876	0.171278	0.106338
0.1802	10.45	0.662840	0.395773	0.225372	0.128337
0.1802	10.82	0.662840	0.550890	0.306181	0.170173
0.1802	11.18	0.662840	0.661932	0.271544	0.111395
0.1802	11.55	0.662840	0.757554	0.270796	0.096799
0.1802	11.92	0.662840	0.901497	0.027815	0.000858
0.1802	12.29	0.662840	0.918041	0.019086	0.000397
0.1802	12.65	0.662840	0.888012	0.138208	0.021510
0.1802	13.02	0.662840	0.882251	0.185878	0.039162
0.1802	13.39	0.662840	0.933391	0.024157	0.000625
0.1802	13.76	0.662840	0.953228	0.011808	0.000146
0.1802	14.12	0.662840	0.959042	0.004962	0.000026
0.1802	14.49	0.662840	0.961150	0.008639	0.000078
0.1802	14.86	0.662840	0.950251	0.014722	0.000228
0.1802	15.22	0.662840	0.956598	0.006219	0.000040
0.1802	15.59	0.662840	0.959115	0.007591	0.000060
0.1802	15.96	0.662840	0.971838	0.006187	0.000039
0.1802	16.33	0.662840	0.972995	0.005404	0.000030
0.1802	16.69	0.662840	0.974151	0.005273	0.000029
0.1802	17.06	0.662840	0.967452	0.004328	0.000019
0.1802	17.43	0.662840	0.969552	0.005144	0.000027
0.1802	17.80	0.662840	0.970846	0.003891	0.000016
0.1802	18.16	0.662840	0.975641	0.003365	0.000012
0.1802	18.53	0.662840	0.975679	0.003921	0.000016
0.1802	18.90	0.662840	0.985174	0.003059	0.000010
0.1802	19.27	0.662840	0.986382	0.002185	0.000005
0.1802	19.63	0.662840	0.979288	0.002980	0.000009
0.1802	20.00	0.662840	0.980037	0.002941	0.000009
0.1858	2.00	0.627633	0.000000	0.000000	0.000000
0.1858	2.37	0.627633	0.000000	0.000000	0.000000
0.1858	2.73	0.627633	0.000000	0.000000	0.000000
0.1858	3.10	0.627633	0.000000	0.000000	0.000000
0.1858	3.47	0.627633	0.000000	0.000000	0.000000
0.1858	3.84	0.627633	0.000000	0.000000	0.000000
0.1858	4.20	0.627633	0.000000	0.000000	0.000000
0.1858	4.57	0.627633	0.000000	0.000000	0.000000
0.1858	4.94	0.627633	0.000000	0.000000	0.000000
0.1858	5.31	0.627633	0.000000	0.000000	0.000000
0.1858	5.67	0.627633	0.000000	0.000000	0.000000
0.1858	6.04	0.627633	0.000000	0.000000	0.000000
0.1858	6.41	0.627633	0.000000	0.000000	0.000000
0.1858	6.78	0.627633	0.000000	0.000000	0.000000
0.1858	7.14	0.627633	0.000000	0.000000	0.000000
0.1858	7.51	0.627633	0.000000	0.000000	0.000000
0.1858	7.88	0.627633	0.000000	0.000000	0.000000
0.1858	8.24	0.627633	0.155031	0.035934	0.008329
0.1858	8.61	0.627633	0.229295	0.106583	0.049543
0.1858	8.98	0.627633	0.291288	0.130420	0.058394
0.1858	9.35	0.627633	0.417454	0.168886	0.068324
0.1858	9.71	0.627633	0.510346	0.148353	0.043125
0.1858	10.08	0.627633	0.558254	0.139398	0.034808
0.1858	10.45	0.627633	0.625967	0.015352	0.000377
0.1858	10.82	0.627633	0.641011	0.015796	0.000389
0.1858	11.18	0.627633	0.660270	0.015362	0.000357
0.1858	11.55	0.627633	0.665554	0.014205	0.000303
0.1858	11.92	0.627633	0.676350	0.016336	0.000395
0.1858	12.29	0.627633	0.691690	0.014122	0.000288
0.1858	12.65	0.627633	0.724025	0.105903	0.015490
0.1858	13.02	0.627633	0.750308	0.012564	0.000210
0.1858	13.39	0.627633	0.752185	0.010387	0.000143
0.1858	13.76	0.627633	0.750597	0.013508	0.000243
0.1858	14.12	0.627633	0.758943	0.017836	0.000419
0.1858	14.49	0.627633	0.727259	0.146643	0.029569
0.1858	14.86	0.627633	0.698252	0.203102	0.059077
0.1858	15.22	0.627633	0.707846	0.199297	0.056113
0.1858	15.59	0.627633	0.738046	0.146739	0.029175
0.1858	15.96	0.627633	0.741713	0.146682	0.029008
0.1858	16.33	0.627633	0.729526	0.174478	0.041729
0.1858	16.69	0.627633	0.744856	0.189722	0.048324
0.1858	17.06	0.627633	0.736854	0.226441	0.069587
0.1858	17.43	0.627633	0.798052	0.114062	0.016302
0.1858	17.80	0.627633	0.801825	0.149861	0.028009
0.1858	18.16	0.627633	0.791330	0.154649	0.030223
0.1858	18.53	0.627633	0.752152	0.225995	0.067904
0.1858	18.90	0.627633	0.714415	0.262173	0.096212
0.1858	19.27	0.627633	0.713552	0.258121	0.093373
0.1858	19.63	0.627633	0.777857	0.201305	0.052097
0.1858	20.00	0.627633	0.806676	0.155686	0.030047
0.1912	2.00	0.513159	0.000000	0.000000	0.000000
0.1912	2.37	0.513159	0.000000	0.000000	0.000000
0.1912	2.73	0.513159	0.000000	0.000000	0.000000
0.1912	3.10	0.513159	0.000000	0.000000	0.000000
0.1912	3.47	0.513159	0.000000	0.000000	0.000000
0.1912	3.84	0.513159	0.000000	0.000000	0.000000
0.1912	4.20	0.513159	0.000000	0.000000	0.000000
0.1912	4.57	0.513159	0.000000	0.000000	0.000000
0.1912	4.94	0.513159	0.000000	0.000000	0.000000
0.1912	5.31	0.513159	0.000000	0.000000	0.000000
0.1912	5.67	0.513159	0.000000	0.000000	0.000000
0.1912	6.04	0.513159	0.000000	0.000000	0.000000
0.1912	6.41	0.513159	0.000000	0.000000	0.000000
0.1912	6.78	0.513159	0.000000	0.000000	0.000000
0.1912	7.14	0.513159	0.000000	0.000000	0.000000
0.1912	7.51	0.513159	0.000000	0.000000	0.000000
0.1912	7.88	0.513159	0.000000	0.000000	0.000000
0.1912	8.24	0.513159	0.000000	0.000000	0.000000
0.1912	8.61	0.513159	0.000000	0.000000	0.000000
0.1912	8.98	0.513159	0.000000	0.000000	0.000000
0.1912	9.35	0.513159	0.000000	0.000000	0.000000
0.1912	9.71	0.513159	0.000000	0.000000	0.000000
0.1912	10.08	0.513159	0.000000	0.000000	0.000000
0.1912	10.45	0.513159	0.081481	0.000952	0.000011
0.1912	10.82	0.513159	0.113636	0.034621	0.010548
0.1912	11.18	0.513159	0.115556	0.029647	0.007606
0.1912	11.55	0.513159	0.143838	0.044827	0.013970
0.1912	11.92	0.513159	0.134343	0.060929	0.027633
0.1912	12.29	0.513159	0.153605	0.081818	0.043580
0.1912	12.65	0.513159	0.213897	0.103950	0.050517
0.1912	13.02	0.513159	0.243114	0.140032	0.080657
0.1912	13.39	0.513159	0.387879	0.143885	0.053375
0.1912	13.76	0.513159	0.415741	0.203867	0.099970
0.1912	14.12	0.513159	0.581578	0.134321	0.031023
0.1912	14.49	0.513159	0.618092	0.166377	0.044785
0.1912	14.86	0.513159	0.713378	0.053923	0.004076
0.1912	15.22	0.513159	0.744913	0.030478	0.001247
0.1912	15.59	0.513159	0.769601	0.025815	0.000866
0.1912	15.96	0.513159	0.775325	0.050009	0.003226
0.1912	16.33	0.513159	0.759012	0.102463	0.013832
0.1912	16.69	0.513159	0.794444	0.025159	0.000797
0.1912	17.06	0.513159	0.776703	0.143672	0.026576
0.1912	17.43	0.513159	0.824289	0.013045	0.000206
0.1912	17.80	0.513159	0.794993	0.152223	0.029147
0.1912	18.16	0.513159	0.831919	0.017748	0.000379
0.1912	18.53	0.513159	0.835152	0.020387	0.000498
0.1912	18.90	0.513159	0.845806	0.010319	0.000126
0.1912	19.27	0.513159	0.851998	0.012248	0.000176
0.1912	19.63	0.513159	0.854631	0.014921	0.000261
0.1912	20.00	0.513159	0.871761	0.012178	0.000170
0.1971	2.00	0.488130	0.000000	0.000000	0.000000
0.1971	2.37	0.488130	0.000000	0.000000	0.000000
0.1971	2.73	0.488130	0.000000	0.000000	0.000000
0.1971	3.10	0.488130	0.000000	0.000000	0.000000
0.1971	3.47	0.488130	0.000000	0.000000	0.000000
0.1971	3.84	0.488130	0.000000	0.000000	0.000000
0.1971	4.20	0.488130	0.000000	0.000000	0.000000
0.1971	4.57	0.488130	0.000000	0.000000	0.000000
0.1971	4.94	0.488130	0.000000	0.000000	0.000000
0.1971	5.31	0.488130	0.000000	0.000000	0.000000
0.1971	5.67	0.488130	0.000000	0.000000	0.000000
0.1971	6.04	0.488130	0.000000	0.000000	0.000000
0.1971	6.41	0.488130	0.000000	0.000000	0.000000
0.1971	6.78	0.488130	0.000000	0.000000	0.000000
0.1971	7.14	0.488130	0.000000	0.000000	0.000000
0.1971	7.51	0.488130	0.000000	0.000000	0.000000
0.1971	7.88	0.488130	0.000000	0.000000	0.000000
0.1971	8.24	0.488130	0.000000	0.000000	0.000000
0.1971	8.61	0.488130	0.000000	0.000000	0.000000
0.1971	8.98	0.488130	0.000000	0.000000	0.000000
0.1971	9.35	0.488130	0.000000	0.000000	0.000000
0.1971	9.71	0.488130	0.080412	0.000000	0.000000
0.1971	10.08	0.488130	0.000000	0.000000	0.000000
0.1971	10.45	0.488130	0.118557	0.027835	0.006535
0.1971	10.82	0.488130	0.134904	0.043248	0.013864
0.1971	11.18	0.488130	0.139656	0.062912	0.028340
0.1971	11.55	0.488130	0.163824	0.069036	0.029092
0.1971	11.92	0.488130	0.139708	0.049025	0.017203
0.1971	12.29	0.488130	0.165825	0.062619	0.023646
0.1971	12.65	0.488130	0.197509	0.106853	0.057808
0.1971	13.02	0.488130	0.255971	0.129945	0.065968
0.1971	13.39	0.488130	0.353081	0.161088	0.073494
0.1971	13.76	0.488130	0.410395	0.169411	0.069933
0.1971	14.12	0.488130	0.542759	0.142345	0.037332
0.1971	14.49	0.488130	0.573644	0.172725	0.052007
0.1971	14.86	0.488130	0.583012	0.142150	0.034659
0.1971	15.22	0.488130	0.681350	0.124308	0.022679
0.1971	15.59	0.488130	0.727884	0.097087	0.012950
0.1971	15.96	0.488130	0.798082	0.052334	0.003432
0.1971	16.33	0.488130	0.834901	0.020811	0.000519
0.1971	16.69	0.488130	0.839771	0.025608	0.000781
0.1971	17.06	0.488130	0.854050	0.036482	0.001558
0.1971	17.43	0.488130	0.865881	0.025579	0.000756
0.1971	17.80	0.488130	0.875090	0.017349	0.000344
0.1971	18.16	0.488130	0.898032	0.012977	0.000188
0.1971	18.53	0.488130	0.901489	0.013565	0.000204
0.1971	18.90	0.488130	0.906634	0.011348	0.000142
0.1971	19.27	0.488130	0.905603	0.018301	0.000370
0.1971	19.63	0.488130	0.907620	0.020332	0.000455
0.1971	20.00	0.488130	0.916334	0.017520	0.000335
0.2047	2.00	0.524000	0.000000	0.000000	0.000000
0.2047	2.37	0.524000	0.000000	0.000000	0.000000
0.2047	2.73	0.524000	0.000000	0.000000	0.000000
0.2047	3.10	0.524000	0.000000	0.000000	0.000000
0.2047	3.47	0.524000	0.000000	0.000000	0.000000
0.2047	3.84	0.524000	0.000000	0.000000	0.000000
0.2047	4.20	0.524000	0.000000	0.000000	0.000000
0.2047	4.57	0.524000	0.000000	0.000000	0.000000
0.2047	4.94	0.524000	0.000000	0.000000	0.000000
0.2047	5.31	0.524000	0.000000	0.000000	0.000000
0.2047	5.67	0.524000	0.000000	0.000000	0.000000
0.2047	6.04	0.524000	0.000000	0.000000	0.000000
0.2047	6.41	0.524000	0.000000	0.000000	0.000000
0.2047	6.78	0.524000	0.000000	0.000000	0.000000
0.2047	7.14	0.524000	0.000000	0.000000	0.000000
0.2047	7.51	0.524000	0.000000	0.000000	0.000000
0.2047	7.88	0.524000	0.000000	0.000000	0.000000
0.2047	8.24	0.524000	0.000000	0.000000	0.000000
0.2047	8.61	0.524000	0.000000	0.000000	0.000000
0.2047	8.98	0.524000	0.110883	0.000000	0.000000
0.2047	9.35	0.524000	0.100616	0.000000	0.000000
0.2047	9.71	0.524000	0.188912	0.077396	0.031708
0.2047	10.08	0.524000	0.166735	0.068700	0.028306
0.2047	10.45	0.524000	0.196099	0.098858	0.049837
0.2047	10.82	0.524000	0.237020	0.091012	0.034948
0.2047	11.18	0.524000	0.347251	0.144554	0.060175
0.2047	11.55	0.524000	0.413799	0.146198	0.051653
0.2047	11.92	0.524000	0.545816	0.147169	0.039681
0.2047	12.29	0.524000	0.619982	0.086604	0.012098
0.2047	12.65	0.524000	0.640595	0.101943	0.016223
0.2047	13.02	0.524000	0.657847	0.107318	0.017507
0.2047	13.39	0.524000	0.663714	0.139796	0.029445
0.2047	13.76	0.524000	0.678212	0.172955	0.044107
0.2047	14.12	0.524000	0.745665	0.031638	0.001342
0.2047	14.49	0.524000	0.754962	0.043679	0.002527
0.2047	14.86	0.524000	0.773871	0.103295	0.013788
0.2047	15.22	0.524000	0.778935	0.112737	0.016317
0.2047	15.59	0.524000	0.804877	0.043027	0.002300
0.2047	15.96	0.524000	0.815646	0.050499	0.003126
0.2047	16.33	0.524000	0.774584	0.175736	0.039871
0.2047	16.69	0.524000	0.852777	0.046085	0.002490
0.2047	17.06	0.524000	0.864715	0.040090	0.001859
0.2047	17.43	0.524000	0.853369	0.102601	0.012336
0.2047	17.80	0.524000	0.884404	0.031562	0.001126
0.2047	18.16	0.524000	0.882490	0.036813	0.001536
0.2047	18.53	0.524000	0.885457	0.098155	0.010881
0.2047	18.90	0.524000	0.870865	0.031626	0.001148
0.2047	19.27	0.524000	0.873226	0.045200	0.002340
0.2047	19.63	0.524000	0.883044	0.027211	0.000839
0.2047	20.00	0.524000	0.915505	0.036166	0.001429
0.2173	2.00	0.549017	0.000000	0.000000	0.000000
0.2173	2.37	0.549017	0.000000	0.000000	0.000000
0.2173	2.73	0.549017	0.000000	0.000000	0.000000
0.2173	3.10	0.549017	0.000000	0.000000	0.000000
0.2173	3.47	0.549017	0.000000	0.000000	0.000000
0.2173	3.84	0.549017	0.000000	0.000000	0.000000
0.2173	4.20	0.549017	0.000000	0.000000	0.000000
0.2173	4.57	0.549017	0.000000	0.000000	0.000000
0.2173	4.94	0.549017	0.000000	0.000000	0.000000
0.2173	5.31	0.549017	0.000000	0.000000	0.000000
0.2173	5.67	0.549017	0.000000	0.000000	0.000000
0.2173	6.04	0.549017	0.000000	0.000000	0.000000
0.2173	6.41	0.549017	0.000000	0.000000	0.000000
0.2173	6.78	0.549017	0.000000	0.000000	0.000000
0.2173	7.14	0.549017	0.000000	0.000000	0.000000
0.2173	7.51	0.549017	0.000000	0.000000	0.000000
0.2173	7.88	0.549017	0.000000	0.000000	0.000000
0.2173	8.24	0.549017	0.000000	0.000000	0.000000
0.2173	8.61	0.549017	0.000000	0.000000	0.000000
0.2173	8.98	0.549017	0.000000	0.000000	0.000000
0.2173	9.35	0.549017	0.000000	0.000000	0.000000
0.2173	9.71	0.549017	0.091093	0.010121	0.001125
0.2173	10.08	0.549017	0.105263	0.016194	0.002491
0.2173	10.45	0.549017	0.114170	0.035239	0.010877
0.2173	10.82	0.549017	0.140766	0.052069	0.019260
0.2173	11.18	0.549017	0.152417	0.090264	0.053456
0.2173	11.55	0.549017	0.174475	0.119054	0.081237
0.2173	11.92	0.549017	0.215142	0.151261	0.106347
0.2173	12.29	0.549017	0.307871	0.162537	0.085810
0.2173	12.65	0.549017	0.359205	0.201572	0.113114
0.2173	13.02	0.549017	0.631281	0.146403	0.033953
0.2173	13.39	0.549017	0.715495	0.035020	0.001714
0.2173	13.76	0.549017	0.729542	0.030817	0.001302
0.2173	14.12	0.549017	0.722727	0.154136	0.032873
0.2173	14.49	0.549017	0.712291	0.146750	0.030234
0.2173	14.86	0.549017	0.736842	0.150750	0.030842
0.2173	15.22	0.549017	0.766144	0.101879	0.013548
0.2173	15.59	0.549017	0.718294	0.193461	0.052105
0.2173	15.96	0.549017	0.695850	0.245387	0.086534
0.2173	16.33	0.549017	0.724739	0.237574	0.077878
0.2173	16.69	0.549017	0.812017	0.189729	0.044330
0.2173	17.06	0.549017	0.837183	0.159159	0.030258
0.2173	17.43	0.549017	0.791161	0.235059	0.069837
0.2173	17.80	0.549017	0.864548	0.170523	0.033634
0.2173	18.16	0.549017	0.859180	0.195151	0.044326
0.2173	18.53	0.549017	0.911207	0.038288	0.001609
0.2173	18.90	0.549017	0.825489	0.209198	0.053015
0.2173	19.27	0.549017	0.842312	0.207489	0.051111
0.2173	19.63	0.549017	0.904453	0.118366	0.015491
0.2173	20.00	0.549017	0.920783	0.043514	0.002056
0.2293	2.00	0.519242	0.000000	0.000000	0.000000
0.2293	2.37	0.519242	0.000000	0.000000	0.000000
0.2293	2.73	0.519242	0.000000	0.000000	0.000000
0.2293	3.10	0.519242	0.000000	0.000000	0.000000
0.2293	3.47	0.519242	0.000000	0.000000	0.000000
0.2293	3.84	0.519242	0.000000	0.000000	0.000000
0.2293	4.20	0.519242	0.000000	0.000000	0.000000
0.2293	4.57	0.519242	0.000000	0.000000	0.000000
0.2293	4.94	0.519242	0.000000	0.000000	0.000000
0.2293	5.31	0.519242	0.000000	0.000000	0.000000
0.2293	5.67	0.519242	0.000000	0.000000	0.000000
0.2293	6.04	0.519242	0.000000	0.000000	0.000000
0.2293	6.41	0.519242	0.000000	0.000000	0.000000
0.2293	6.78	0.519242	0.000000	0.000000	0.000000
0.2293	7.14	0.519242	0.000000	0.000000	0.000000
0.2293	7.51	0.519242	0.000000	0.000000	0.000000
0.2293	7.88	0.519242	0.000000	0.000000	0.000000
0.2293	8.24	0.519242	0.000000	0.000000	0.000000
0.2293	8.61	0.519242	0.000000	0.000000	0.000000
0.2293	8.98	0.519242	0.000000	0.000000	0.000000
0.2293	9.35	0.519242	0.000000	0.000000	0.000000
0.2293	9.71	0.519242	0.000000	0.000000	0.000000
0.2293	10.08	0.519242	0.101240	0.010331	0.001054
0.2293	10.45	0.519242	0.090083	0.010003	0.001111
0.2293	10.82	0.519242	0.109504	0.016529	0.002495
0.2293	11.18	0.519242	0.093270	0.011286	0.001366
0.2293	11.55	0.519242	0.100146	0.015018	0.002252
0.2293	11.92	0.519242	0.118974	0.043548	0.015940
0.2293	12.29	0.519242	0.145880	0.072793	0.036323
0.2293	12.65	0.519242	0.200118	0.139947	0.097868
0.2293	13.02	0.519242	0.247480	0.143745	0.083492
0.2293	13.39	0.519242	0.269697	0.162999	0.098513
0.2293	13.76	0.519242	0.417086	0.233207	0.130394
0.2293	14.12	0.519242	0.707952	0.122302	0.021128
0.2293	14.49	0.519242	0.736880	0.174130	0.041148
0.2293	14.86	0.519242	0.832851	0.065840	0.005205
0.2293	15.22	0.519242	0.868595	0.031395	0.001135
0.2293	15.59	0.519242	0.888783	0.027444	0.000847
0.2293	15.96	0.519242	0.904467	0.018806	0.000391
0.2293	16.33	0.519242	0.922029	0.010001	0.000108
0.2293	16.69	0.519242	0.928670	0.011785	0.000150
0.2293	17.06	0.519242	0.932971	0.011354	0.000138
0.2293	17.43	0.519242	0.939362	0.006858	0.000050
0.2293	17.80	0.519242	0.936047	0.010722	0.000123
0.2293	18.16	0.519242	0.942759	0.007775	0.000064
0.2293	18.53	0.519242	0.939633	0.010578	0.000119
0.2293	18.90	0.519242	0.943092	0.009126	0.000088
0.2293	19.27	0.519242	0.947943	0.008158	0.000070
0.2293	19.63	0.519242	0.947658	0.009942	0.000104
0.2293	20.00	0.519242	0.951837	0.007850	0.000065
0.2374	2.00	0.503349	0.000000	0.000000	0.000000
0.2374	2.37	0.503349	0.000000	0.000000	0.000000
0.2374	2.73	0.503349	0.000000	0.000000	0.000000
0.2374	3.10	0.503349	0.000000	0.000000	0.000000
0.2374	3.47	0.503349	0.000000	0.000000	0.000000
0.2374	3.84	0.503349	0.000000	0.000000	0.000000
0.2374	4.20	0.503349	0.000000	0.000000	0.000000
0.2374	4.57	0.503349	0.000000	0.000000	0.000000
0.2374	4.94	0.503349	0.000000	0.000000	0.000000
0.2374	5.31	0.503349	0.000000	0.000000	0.000000
0.2374	5.67	0.503349	0.000000	0.000000	0.000000
0.2374	6.04	0.503349	0.000000	0.000000	0.000000
0.2374	6.41	0.503349	0.000000	0.000000	0.000000
0.2374	6.78	0.503349	0.000000	0.000000	0.000000
0.2374	7.14	0.503349	0.000000	0.000000	0.000000
0.2374	7.51	0.503349	0.000000	0.000000	0.000000
0.2374	7.88	0.503349	0.000000	0.000000	0.000000
0.2374	8.24	0.503349	0.000000	0.000000	0.000000
0.2374	8.61	0.503349	0.000000	0.000000	0.000000
0.2374	8.98	0.503349	0.000000	0.000000	0.000000
0.2374	9.35	0.503349	0.000000	0.000000	0.000000
0.2374	9.71	0.503349	0.000000	0.000000	0.000000
0.2374	10.08	0.503349	0.000000	0.000000	0.000000
0.2374	10.45	0.503349	0.091463	0.004979	0.000271
0.2374	10.82	0.503349	0.094715	0.011541	0.001406
0.2374	11.18	0.503349	0.154472	0.062597	0.025366
0.2374	11.55	0.503349	0.123245	0.046650	0.017657
0.2374	11.92	0.503349	0.128049	0.053670	0.022495
0.2374	12.29	0.503349	0.146538	0.058347	0.023232
0.2374	12.65	0.503349	0.227981	0.100943	0.044695
0.2374	13.02	0.503349	0.236335	0.131430	0.073091
0.2374	13.39	0.503349	0.286468	0.142392	0.070778
0.2374	13.76	0.503349	0.360523	0.173079	0.083092
0.2374	14.12	0.503349	0.560153	0.154424	0.042572
0.2374	14.49	0.503349	0.627904	0.152528	0.037052
0.2374	14.86	0.503349	0.674990	0.154644	0.035430
0.2374	15.22	0.503349	0.724617	0.136510	0.025717
0.2374	15.59	0.503349	0.691316	0.186442	0.050282
0.2374	15.96	0.503349	0.775165	0.110494	0.015750
0.2374	16.33	0.503349	0.765818	0.152714	0.030453
0.2374	16.69	0.503349	0.813434	0.063154	0.004903
0.2374	17.06	0.503349	0.838276	0.047115	0.002648
0.2374	17.43	0.503349	0.863963	0.035306	0.001443
0.2374	17.80	0.503349	0.836966	0.148861	0.026476
0.2374	18.16	0.503349	0.872403	0.072781	0.006072
0.2374	18.53	0.503349	0.903178	0.014062	0.000219
0.2374	18.90	0.503349	0.903279	0.017798	0.000351
0.2374	19.27	0.503349	0.908404	0.019451	0.000416
0.2374	19.63	0.503349	0.907474	0.015305	0.000258
0.2374	20.00	0.503349	0.916350	0.014467	0.000228
0.2451	2.00	0.569218	0.000000	0.000000	0.000000
0.2451	2.37	0.569218	0.000000	0.000000	0.000000
0.2451	2.73	0.569218	0.000000	0.000000	0.000000
0.2451	3.10	0.569218	0.000000	0.000000	0.000000
0.2451	3.47	0.569218	0.000000	0.000000	0.000000
0.2451	3.84	0.569218	0.000000	0.000000	0.000000
0.2451	4.20	0.569218	0.000000	0.000000	0.000000
0.2451	4.57	0.569218	0.000000	0.000000	0.000000
0.2451	4.94	0.569218	0.000000	0.000000	0.000000
0.2451	5.31	0.569218	0.000000	0.000000	0.000000
0.2451	5.67	0.569218	0.000000	0.000000	0.000000
0.2451	6.04	0.569218	0.000000	0.000000	0.000000
0.2451	6.41	0.569218	0.000000	0.000000	0.000000
0.2451	6.78	0.569218	0.000000	0.000000	0.000000
0.2451	7.14	0.569218	0.000000	0.000000	0.000000
0.2451	7.51	0.569218	0.000000	0.000000	0.000000
0.2451	7.88	0.569218	0.000000	0.000000	0.000000
0.2451	8.24	0.569218	0.000000	0.000000	0.000000
0.2451	8.61	0.569218	0.000000	0.000000	0.000000
0.2451	8.98	0.569218	0.107461	0.014259	0.001892
0.2451	9.35	0.569218	0.093224	0.010110	0.001096
0.2451	9.71	0.569218	0.156351	0.070386	0.031686
0.2451	10.08	0.569218	0.225873	0.162879	0.117454
0.2451	10.45	0.569218	0.385113	0.154916	0.062317
0.2451	10.82	0.569218	0.443860	0.158756	0.056783
0.2451	11.18	0.569218	0.503887	0.109062	0.023606
0.2451	11.55	0.569218	0.550992	0.083912	0.012779
0.2451	11.92	0.569218	0.568524	0.090970	0.014556
0.2451	12.29	0.569218	0.585465	0.090896	0.014112
0.2451	12.65	0.569218	0.571265	0.132546	0.030754
0.2451	13.02	0.569218	0.604341	0.118426	0.023207
0.2451	13.39	0.569218	0.610727	0.155457	0.039571
0.2451	13.76	0.569218	0.543493	0.203766	0.076396
0.2451	14.12	0.569218	0.562243	0.221264	0.087076
0.2451	14.49	0.569218	0.640800	0.165567	0.042778
0.2451	14.86	0.569218	0.719784	0.208886	0.060620
0.2451	15.22	0.569218	0.671757	0.269655	0.108244
0.2451	15.59	0.569218	0.746201	0.233497	0.073065
0.2451	15.96	0.569218	0.717146	0.236067	0.077708
0.2451	16.33	0.569218	0.692636	0.248021	0.088812
0.2451	16.69	0.569218	0.795781	0.172816	0.037529
0.2451	17.06	0.569218	0.809035	0.166392	0.034221
0.2451	17.43	0.569218	0.870446	0.138628	0.022078
0.2451	17.80	0.569218	0.883788	0.111564	0.014083
0.2451	18.16	0.569218	0.883185	0.130282	0.019218
0.2451	18.53	0.569218	0.904221	0.035147	0.001366
0.2451	18.90	0.569218	0.915811	0.024030	0.000631
0.2451	19.27	0.569218	0.886234	0.134755	0.020490
0.2451	19.63	0.569218	0.883894	0.138038	0.021557
0.2451	20.00	0.569218	0.922108	0.098825	0.010591
0.2543	2.00	0.466023	0.000000	0.000000	0.000000
0.2543	2.37	0.466023	0.000000	0.000000	0.000000
0.2543	2.73	0.466023	0.000000	0.000000	0.000000
0.2543	3.10	0.466023	0.000000	0.000000	0.000000
0.2543	3.47	0.466023	0.000000	0.000000	0.000000
0.2543	3.84	0.466023	0.000000	0.000000	0.000000
0.2543	4.20	0.466023	0.000000	0.000000	0.000000
0.2543	4.57	0.466023	0.000000	0.000000	0.000000
0.2543	4.94	0.466023	0.000000	0.000000	0.000000
0.2543	5.31	0.466023	0.000000	0.000000	0.000000
0.2543	5.67	0.466023	0.000000	0.000000	0.000000
0.2543	6.04	0.466023	0.000000	0.000000	0.000000
0.2543	6.41	0.466023	0.000000	0.000000	0.000000
0.2543	6.78	0.466023	0.000000	0.000000	0.000000
0.2543	7.14	0.466023	0.000000	0.000000	0.000000
0.2543	7.51	0.466023	0.000000	0.000000	0.000000
0.2543	7.88	0.466023	0.000000	0.000000	0.000000
0.2543	8.24	0.466023	0.000000	0.000000	0.000000
0.2543	8.61	0.466023	0.000000	0.000000	0.000000
0.2543	8.98	0.466023	0.000000	0.000000	0.000000
0.2543	9.35	0.466023	0.094512	0.005081	0.000273
0.2543	9.71	0.466023	0.138211	0.000000	0.000000
0.2543	10.08	0.466023	0.143496	0.053538	0.019975
0.2543	10.45	0.466023	0.201728	0.091326	0.041345
0.2543	10.82	0.466023	0.153891	0.056491	0.020737
0.2543	11.18	0.466023	0.200542	0.068022	0.023073
0.2543	11.55	0.466023	0.219187	0.091520	0.038213
0.2543	11.92	0.466023	0.269611	0.104939	0.040844
0.2543	12.29	0.466023	0.376850	0.150719	0.060279
0.2543	12.65	0.466023	0.506098	0.169986	0.057094
0.2543	13.02	0.466023	0.601834	0.178459	0.052918
0.2543	13.39	0.466023	0.706244	0.117037	0.019395
0.2543	13.76	0.466023	0.754065	0.081632	0.008837
0.2543	14.12	0.466023	0.786746	0.039773	0.002011
0.2543	14.49	0.466023	0.798616	0.034588	0.001498
0.2543	14.86	0.466023	0.802793	0.041023	0.002096
0.2543	15.22	0.466023	0.810315	0.033630	0.001396
0.2543	15.59	0.466023	0.820246	0.023326	0.000663
0.2543	15.96	0.466023	0.842306	0.012529	0.000186
0.2543	16.33	0.466023	0.848093	0.012082	0.000172
0.2543	16.69	0.466023	0.852207	0.008807	0.000091
0.2543	17.06	0.466023	0.866043	0.014418	0.000240
0.2543	17.43	0.466023	0.873753	0.011581	0.000153
0.2543	17.80	0.466023	0.877587	0.012324	0.000173
0.2543	18.16	0.466023	0.877812	0.008227	0.000077
0.2543	18.53	0.466023	0.882668	0.006925	0.000054
0.2543	18.90	0.466023	0.880451	0.006040	0.000041
0.2543	19.27	0.466023	0.882340	0.005199	0.000031
0.2543	19.63	0.466023	0.891825	0.007759	0.000068
0.2543	20.00	0.466023	0.895483	0.006589	0.000048
0.2659	2.00	0.508745	0.000000	0.000000	0.000000
0.2659	2.37	0.508745	0.000000	0.000000	0.000000
0.2659	2.73	0.508745	0.000000	0.000000	0.000000
0.2659	3.10	0.508745	0.000000	0.000000	0.000000
0.2659	3.47	0.508745	0.000000	0.000000	0.000000
0.2659	3.84	0.508745	0.000000	0.000000	0.000000
0.2659	4.20	0.508745	0.000000	0.000000	0.000000
0.2659	4.57	0.508745	0.000000	0.000000	0.000000
0.2659	4.94	0.508745	0.000000	0.000000	0.000000
0.2659	5.31	0.508745	0.000000	0.000000	0.000000
0.2659	5.67	0.508745	0.000000	0.000000	0.000000
0.2659	6.04	0.508745	0.000000	0.000000	0.000000
0.2659	6.41	0.508745	0.000000	0.000000	0.000000
0.2659	6.78	0.508745	0.000000	0.000000	0.000000
0.2659	7.14	0.508745	0.000000	0.000000	0.000000
0.2659	7.51	0.508745	0.000000	0.000000	0.000000
0.2659	7.88	0.508745	0.000000	0.000000	0.000000
0.2659	8.24	0.508745	0.000000	0.000000	0.000000
0.2659	8.61	0.508745	0.000000	0.000000	0.000000
0.2659	8.98	0.508745	0.000000	0.000000	0.000000
0.2659	9.35	0.508745	0.000000	0.000000	0.000000
0.2659	9.71	0.508745	0.091598	0.003512	0.000135
0.2659	10.08	0.508745	0.119835	0.035124	0.010295
0.2659	10.45	0.508745	0.151745	0.104180	0.071524
0.2659	10.82	0.508745	0.212015	0.118170	0.065863
0.2659	11.18	0.508745	0.263282	0.154390	0.090535
0.2659	11.55	0.508745	0.300584	0.184639	0.113417
0.2659	11.92	0.508745	0.441598	0.218940	0.108548
0.2659	12.29	0.508745	0.487898	0.237069	0.115192
0.2659	12.65	0.508745	0.607615	0.255006	0.107021
0.2659	13.02	0.508745	0.819100	0.056285	0.003868
0.2659	13.39	0.508745	0.848615	0.022090	0.000575
0.2659	13.76	0.508745	0.857661	0.013534	0.000214
0.2659	14.12	0.508745	0.854067	0.126865	0.018845
0.2659	14.49	0.508745	0.882125	0.009132	0.000095
0.2659	14.86	0.508745	0.884880	0.008589	0.000083
0.2659	15.22	0.508745	0.891839	0.006799	0.000052
0.2659	15.59	0.508745	0.895919	0.006658	0.000049
0.2659	15.96	0.508745	0.898710	0.007778	0.000067
0.2659	16.33	0.508745	0.900679	0.005971	0.000040
0.2659	16.69	0.508745	0.904122	0.008003	0.000071
0.2659	17.06	0.508745	0.908747	0.007834	0.000068
0.2659	17.43	0.508745	0.910124	0.008341	0.000076
0.2659	17.80	0.508745	0.915962	0.007277	0.000058
0.2659	18.16	0.508745	0.916442	0.006322	0.000044
0.2659	18.53	0.508745	0.919710	0.006588	0.000047
0.2659	18.90	0.508745	0.913223	0.005962	0.000039
0.2659	19.27	0.508745	0.915336	0.005313	0.000031
0.2659	19.63	0.508745	0.921212	0.006499	0.000046
0.2659	20.00	0.508745	0.922498	0.007527	0.000061
0.2892	2.00	0.415159	0.000000	0.000000	0.000000
0.2892	2.37	0.415159	0.000000	0.000000	0.000000
0.2892	2.73	0.415159	0.000000	0.000000	0.000000
0.2892	3.10	0.415159	0.000000	0.000000	0.000000
0.2892	3.47	0.415159	0.000000	0.000000	0.000000
0.2892	3.84	0.415159	0.000000	0.000000	0.000000
0.2892	4.20	0.415159	0.000000	0.000000	0.000000
0.2892	4.57	0.415159	0.000000	0.000000	0.000000
0.2892	4.94	0.415159	0.000000	0.000000	0.000000
0.2892	5.31	0.415159	0.000000	0.000000	0.000000
0.2892	5.67	0.415159	0.000000	0.000000	0.000000
0.2892	6.04	0.415159	0.000000	0.000000	0.000000
0.2892	6.41	0.415159	0.000000	0.000000	0.000000
0.2892	6.78	0.415159	0.000000	0.000000	0.000000
0.2892	7.14	0.415159	0.000000	0.000000	0.000000
0.2892	7.51	0.415159	0.000000	0.000000	0.000000
0.2892	7.88	0.415159	0.000000	0.000000	0.000000
0.2892	8.24	0.415159	0.000000	0.000000	0.000000
0.2892	8.61	0.415159	0.000000	0.000000	0.000000
0.2892	8.98	0.415159	0.000000	0.000000	0.000000
0.2892	9.35	0.415159	0.000000	0.000000	0.000000
0.2892	9.71	0.415159	0.000000	0.000000	0.000000
0.2892	10.08	0.415159	0.000000	0.000000	0.000000
0.2892	10.45	0.415159	0.084189	0.000000	0.000000
0.2892	10.82	0.415159	0.126283	0.044905	0.015968
0.2892	11.18	0.415159	0.103080	0.025229	0.006175
0.2892	11.55	0.415159	0.132680	0.052330	0.020639
0.2892	11.92	0.415159	0.183616	0.088951	0.043092
0.2892	12.29	0.415159	0.233840	0.119972	0.061552
0.2892	12.65	0.415159	0.322051	0.132399	0.054430
0.2892	13.02	0.415159	0.361085	0.143865	0.057319
0.2892	13.39	0.415159	0.532473	0.069372	0.009038
0.2892	13.76	0.415159	0.560242	0.104664	0.019553
0.2892	14.12	0.415159	0.619124	0.045870	0.003398
0.2892	14.49	0.415159	0.652329	0.091400	0.012806
0.2892	14.86	0.415159	0.694713	0.039196	0.002211
0.2892	15.22	0.415159	0.706828	0.042482	0.002553
0.2892	15.59	0.415159	0.731958	0.041412	0.002343
0.2892	15.96	0.415159	0.759904	0.034525	0.001569
0.2892	16.33	0.415159	0.772318	0.022664	0.000665
0.2892	16.69	0.415159	0.781816	0.029803	0.001136
0.2892	17.06	0.415159	0.772172	0.040573	0.002132
0.2892	17.43	0.415159	0.747880	0.122851	0.020180
0.2892	17.80	0.415159	0.806608	0.048429	0.002908
0.2892	18.16	0.415159	0.802205	0.115155	0.016530
0.2892	18.53	0.415159	0.815775	0.049900	0.003052
0.2892	18.90	0.415159	0.820078	0.035206	0.001511
0.2892	19.27	0.415159	0.822605	0.038640	0.001815
0.2892	19.63	0.415159	0.802447	0.142090	0.025160
0.2892	20.00	0.415159	0.849119	0.029388	0.001017
0.3034	2.00	0.361041	0.000000	0.000000	0.000000
0.3034	2.37	0.361041	0.000000	0.000000	0.000000
0.3034	2.73	0.361041	0.000000	0.000000	0.000000
0.3034	3.10	0.361041	0.000000	0.000000	0.000000
0.3034	3.47	0.361041	0.000000	0.000000	0.000000
0.3034	3.84	0.361041	0.000000	0.000000	0.000000
0.3034	4.20	0.361041	0.000000	0.000000	0.000000
0.3034	4.57	0.361041	0.000000	0.000000	0.000000
0.3034	4.94	0.361041	0.000000	0.000000	0.000000
0.3034	5.31	0.361041	0.000000	0.000000	0.000000
0.3034	5.67	0.361041	0.000000	0.000000	0.000000
0.3034	6.04	0.361041	0.000000	0.000000	0.000000
0.3034	6.41	0.361041	0.000000	0.000000	0.000000
0.3034	6.78	0.361041	0.000000	0.000000	0.000000
0.3034	7.14	0.361041	0.000000	0.000000	0.000000
0.3034	7.51	0.361041	0.000000	0.000000	0.000000
0.3034	7.88	0.361041	0.000000	0.000000	0.000000
0.3034	8.24	0.361041	0.000000	0.000000	0.000000
0.3034	8.61	0.361041	0.000000	0.000000	0.000000
0.3034	8.98	0.361041	0.000000	0.000000	0.000000
0.3034	9.35	0.361041	0.000000	0.000000	0.000000
0.3034	9.71	0.361041	0.000000	0.000000	0.000000
0.3034	10.08	0.361041	0.000000	0.000000	0.000000
0.3034	10.45	0.361041	0.000000	0.000000	0.000000
0.3034	10.82	0.361041	0.000000	0.000000	0.000000
0.3034	11.18	0.361041	0.000000	0.000000	0.000000
0.3034	11.55	0.361041	0.112727	0.025978	0.005987
0.3034	11.92	0.361041	0.092256	0.006245	0.000423
0.3034	12.29	0.361041	0.112323	0.053983	0.025944
0.3034	12.65	0.361041	0.103341	0.018222	0.003213
0.3034	13.02	0.361041	0.120668	0.055908	0.025904
0.3034	13.39	0.361041	0.116253	0.037214	0.011913
0.3034	13.76	0.361041	0.141538	0.063426	0.028422
0.3034	14.12	0.361041	0.173660	0.089601	0.046231
0.3034	14.49	0.361041	0.237963	0.119626	0.060137
0.3034	14.86	0.361041	0.297920	0.164755	0.091112
0.3034	15.22	0.361041	0.426473	0.155841	0.056947
0.3034	15.59	0.361041	0.528056	0.151727	0.043596
0.3034	15.96	0.361041	0.500505	0.178237	0.063473
0.3034	16.33	0.361041	0.568955	0.164753	0.047708
0.3034	16.69	0.361041	0.678870	0.150435	0.033336
0.3034	17.06	0.361041	0.676562	0.109061	0.017580
0.3034	17.43	0.361041	0.710953	0.118403	0.019719
0.3034	17.80	0.361041	0.785570	0.051340	0.003355
0.3034	18.16	0.361041	0.847677	0.162580	0.031182
0.3034	18.53	0.361041	0.901225	0.023282	0.000601
0.3034	18.90	0.361041	0.912873	0.017416	0.000332
0.3034	19.27	0.361041	0.915624	0.018869	0.000389
0.3034	19.63	0.361041	0.919024	0.033233	0.001202
0.3034	20.00	0.361041	0.929125	0.012816	0.000177
0.3103	2.00	0.412934	0.000000	0.000000	0.000000
0.3103	2.37	0.412934	0.000000	0.000000	0.000000
0.3103	2.73	0.412934	0.000000	0.000000	0.000000
0.3103	3.10	0.412934	0.000000	0.000000	0.000000
0.3103	3.47	0.412934	0.000000	0.000000	0.000000
0.3103	3.84	0.412934	0.000000	0.000000	0.000000
0.3103	4.20	0.412934	0.000000	0.000000	0.000000
0.3103	4.57	0.412934	0.000000	0.000000	0.000000
0.3103	4.94	0.412934	0.000000	0.000000	0.000000
0.3103	5.31	0.412934	0.000000	0.000000	0.000000
0.3103	5.67	0.412934	0.000000	0.000000	0.000000
0.3103	6.04	0.412934	0.000000	0.000000	0.000000
0.3103	6.41	0.412934	0.000000	0.000000	0.000000
0.3103	6.78	0.412934	0.000000	0.000000	0.000000
0.3103	7.14	0.412934	0.000000	0.000000	0.000000
0.3103	7.51	0.412934	0.000000	0.000000	0.000000
0.3103	7.88	0.412934	0.000000	0.000000	0.000000
0.3103	8.24	0.412934	0.000000	0.000000	0.000000
0.3103	8.61	0.412934	0.000000	0.000000	0.000000
0.3103	8.98	0.412934	0.000000	0.000000	0.000000
0.3103	9.35	0.412934	0.083845	0.000000	0.000000
0.3103	9.71	0.412934	0.083845	0.000000	0.000000
0.3103	10.08	0.412934	0.098160	0.010225	0.001065
0.3103	10.45	0.412934	0.097137	0.005112	0.000269
0.3103	10.82	0.412934	0.143149	0.000000	0.000000
0.3103	11.18	0.412934	0.115542	0.029546	0.007556
0.3103	11.55	0.412934	0.122992	0.037188	0.011244
0.3103	11.92	0.412934	0.142331	0.065744	0.030368
0.3103	12.29	0.412934	0.157936	0.063454	0.025494
0.3103	12.65	0.412934	0.199210	0.095797	0.046068
0.3103	13.02	0.412934	0.234068	0.102140	0.044570
0.3103	13.39	0.412934	0.245067	0.125524	0.064294
0.3103	13.76	0.412934	0.307873	0.137073	0.061028
0.3103	14.12	0.412934	0.345603	0.140935	0.057472
0.3103	14.49	0.412934	0.375843	0.173206	0.079821
0.3103	14.86	0.412934	0.442718	0.172731	0.067393
0.3103	15.22	0.412934	0.499520	0.194916	0.076058
0.3103	15.59	0.412934	0.640082	0.116400	0.021168
0.3103	15.96	0.412934	0.633058	0.142318	0.031995
0.3103	16.33	0.412934	0.666275	0.166881	0.041798
0.3103	16.69	0.412934	0.667221	0.181121	0.049166
0.3103	17.06	0.412934	0.760236	0.119019	0.018633
0.3103	17.43	0.412934	0.758343	0.152790	0.030784
0.3103	17.80	0.412934	0.807015	0.110494	0.015128
0.3103	18.16	0.412934	0.805215	0.112855	0.015817
0.3103	18.53	0.412934	0.830850	0.052358	0.003299
0.3103	18.90	0.412934	0.846200	0.043385	0.002224
0.3103	19.27	0.412934	0.868865	0.032355	0.001205
0.3103	19.63	0.412934	0.850340	0.032617	0.001251
0.3103	20.00	0.412934	0.867118	0.025462	0.000748
0.3169	2.00	0.498887	0.000000	0.000000	0.000000
0.3169	2.37	0.498887	0.000000	0.000000	0.000000
0.3169	2.73	0.498887	0.000000	0.000000	0.000000
0.3169	3.10	0.498887	0.000000	0.000000	0.000000
0.3169	3.47	0.498887	0.000000	0.000000	0.000000
0.3169	3.84	0.498887	0.000000	0.000000	0.000000
0.3169	4.20	0.498887	0.000000	0.000000	0.000000
0.3169	4.57	0.498887	0.000000	0.000000	0.000000
0.3169	4.94	0.498887	0.000000	0.000000	0.000000
0.3169	5.31	0.498887	0.000000	0.000000	0.000000
0.3169	5.67	0.498887	0.000000	0.000000	0.000000
0.3169	6.04	0.498887	0.000000	0.000000	0.000000
0.3169	6.41	0.498887	0.000000	0.000000	0.000000
0.3169	6.78	0.498887	0.000000	0.000000	0.000000
0.3169	7.14	0.498887	0.000000	0.000000	0.000000
0.3169	7.51	0.498887	0.000000	0.000000	0.000000
0.3169	7.88	0.498887	0.000000	0.000000	0.000000
0.3169	8.24	0.498887	0.000000	0.000000	0.000000
0.3169	8.61	0.498887	0.000000	0.000000	0.000000
0.3169	8.98	0.498887	0.000000	0.000000	0.000000
0.3169	9.35	0.498887	0.000000	0.000000	0.000000
0.3169	9.71	0.498887	0.088595	0.005092	0.000293
0.3169	10.08	0.498887	0.122200	0.000000	0.000000
0.3169	10.45	0.498887	0.103191	0.017026	0.002809
0.3169	10.82	0.498887	0.131251	0.085449	0.055630
0.3169	11.18	0.498887	0.121763	0.057297	0.026962
0.3169	11.55	0.498887	0.152648	0.111058	0.080799
0.3169	11.92	0.498887	0.225977	0.170245	0.128258
0.3169	12.29	0.498887	0.282863	0.176246	0.109815
0.3169	12.65	0.498887	0.434431	0.246937	0.140363
0.3169	13.02	0.498887	0.455975	0.259811	0.148039
0.3169	13.39	0.498887	0.717131	0.169071	0.039860
0.3169	13.76	0.498887	0.723872	0.153424	0.032518
0.3169	14.12	0.498887	0.744970	0.173421	0.040371
0.3169	14.49	0.498887	0.764932	0.142823	0.026667
0.3169	14.86	0.498887	0.836819	0.063554	0.004827
0.3169	15.22	0.498887	0.845363	0.034365	0.001397
0.3169	15.59	0.498887	0.869751	0.020893	0.000502
0.3169	15.96	0.498887	0.877706	0.017722	0.000358
0.3169	16.33	0.498887	0.909320	0.012454	0.000171
0.3169	16.69	0.498887	0.915976	0.013681	0.000204
0.3169	17.06	0.498887	0.920618	0.011782	0.000151
0.3169	17.43	0.498887	0.926403	0.009983	0.000108
0.3169	17.80	0.498887	0.928243	0.008805	0.000084
0.3169	18.16	0.498887	0.927699	0.007713	0.000064
0.3169	18.53	0.498887	0.931494	0.007984	0.000068
0.3169	18.90	0.498887	0.935105	0.008268	0.000073
0.3169	19.27	0.498887	0.941435	0.007276	0.000056
0.3169	19.63	0.498887	0.945055	0.006876	0.000050
0.3169	20.00	0.498887	0.940007	0.007077	0.000053
0.3263	2.00	0.339100	0.000000	0.000000	0.000000
0.3263	2.37	0.339100	0.000000	0.000000	0.000000
0.3263	2.73	0.339100	0.000000	0.000000	0.000000
0.3263	3.10	0.339100	0.000000	0.000000	0.000000
0.3263	3.47	0.339100	0.000000	0.000000	0.000000
0.3263	3.84	0.339100	0.000000	0.000000	0.000000
0.3263	4.20	0.339100	0.000000	0.000000	0.000000
0.3263	4.57	0.339100	0.000000	0.000000	0.000000
0.3263	4.94	0.339100	0.000000	0.000000	0.000000
0.3263	5.31	0.339100	0.000000	0.000000	0.000000
0.3263	5.67	0.339100	0.000000	0.000000	0.000000
0.3263	6.04	0.339100	0.000000	0.000000	0.000000
0.3263	6.41	0.339100	0.000000	0.000000	0.000000
0.3263	6.78	0.339100	0.000000	0.000000	0.000000
0.3263	7.14	0.339100	0.000000	0.000000	0.000000
0.3263	7.51	0.339100	0.000000	0.000000	0.000000
0.3263	7.88	0.339100	0.000000	0.000000	0.000000
0.3263	8.24	0.339100	0.000000	0.000000	0.000000
0.3263	8.61	0.339100	0.000000	0.000000	0.000000
0.3263	8.98	0.339100	0.000000	0.000000	0.000000
0.3263	9.35	0.339100	0.000000	0.000000	0.000000
0.3263	9.71	0.339100	0.000000	0.000000	0.000000
0.3263	10.08	0.339100	0.000000	0.000000	0.000000
0.3263	10.45	0.339100	0.000000	0.000000	0.000000
0.3263	10.82	0.339100	0.000000	0.000000	0.000000
0.3263	11.18	0.339100	0.092742	0.000000	0.000000
0.3263	11.55	0.339100	0.088710	0.000000	0.000000
0.3263	11.92	0.339100	0.094182	0.012131	0.001563
0.3263	12.29	0.339100	0.098790	0.021472	0.004667
0.3263	12.65	0.339100	0.101310	0.022737	0.005103
0.3263	13.02	0.339100	0.122912	0.036396	0.010777
0.3263	13.39	0.339100	0.145609	0.057823	0.022962
0.3263	13.76	0.339100	0.149068	0.060686	0.024705
0.3263	14.12	0.339100	0.205771	0.102387	0.050946
0.3263	14.49	0.339100	0.272742	0.134233	0.066064
0.3263	14.86	0.339100	0.341712	0.161737	0.076553
0.3263	15.22	0.339100	0.517348	0.111936	0.024219
0.3263	15.59	0.339100	0.605389	0.110159	0.020045
0.3263	15.96	0.339100	0.663032	0.102951	0.015985
0.3263	16.33	0.339100	0.728763	0.078665	0.008491
0.3263	16.69	0.339100	0.796550	0.076796	0.007404
0.3263	17.06	0.339100	0.813946	0.057061	0.004000
0.3263	17.43	0.339100	0.860260	0.029382	0.001004
0.3263	17.80	0.339100	0.875269	0.024967	0.000712
0.3263	18.16	0.339100	0.890726	0.015804	0.000280
0.3263	18.53	0.339100	0.895249	0.018062	0.000364
0.3263	18.90	0.339100	0.908513	0.011689	0.000150
0.3263	19.27	0.339100	0.913217	0.011173	0.000137
0.3263	19.63	0.339100	0.921671	0.013508	0.000198
0.3263	20.00	0.339100	0.931200	0.010831	0.000126
0.3514	2.00	0.431254	0.000000	0.000000	0.000000
0.3514	2.37	0.431254	0.000000	0.000000	0.000000
0.3514	2.73	0.431254	0.000000	0.000000	0.000000
0.3514	3.10	0.431254	0.000000	0.000000	0.000000
0.3514	3.47	0.431254	0.000000	0.000000	0.000000
0.3514	3.84	0.431254	0.000000	0.000000	0.000000
0.3514	4.20	0.431254	0.000000	0.000000	0.000000
0.3514	4.57	0.431254	0.000000	0.000000	0.000000
0.3514	4.94	0.431254	0.000000	0.000000	0.000000
0.3514	5.31	0.431254	0.000000	0.000000	0.000000
0.3514	5.67	0.431254	0.000000	0.000000	0.000000
0.3514	6.04	0.431254	0.000000	0.000000	0.000000
0.3514	6.41	0.431254	0.000000	0.000000	0.000000
0.3514	6.78	0.431254	0.000000	0.000000	0.000000
0.3514	7.14	0.431254	0.000000	0.000000	0.000000
0.3514	7.51	0.431254	0.000000	0.000000	0.000000
0.3514	7.88	0.431254	0.000000	0.000000	0.000000
0.3514	8.24	0.431254	0.000000	0.000000	0.000000
0.3514	8.61	0.431254	0.000000	0.000000	0.000000
0.3514	8.98	0.431254	0.000000	0.000000	0.000000
0.3514	9.35	0.431254	0.000000	0.000000	0.000000
0.3514	9.71	0.431254	0.000000	0.000000	0.000000
0.3514	10.08	0.431254	0.000000	0.000000	0.000000
0.3514	10.45	0.431254	0.125000	0.023374	0.004371
0.3514	10.82	0.431254	0.163957	0.060245	0.022137
0.3514	11.18	0.431254	0.132520	0.065646	0.032519
0.3514	11.55	0.431254	0.205081	0.100411	0.049163
0.3514	11.92	0.431254	0.322311	0.122762	0.046758
0.3514	12.29	0.431254	0.455030	0.150387	0.049702
0.3514	12.65	0.431254	0.488567	0.142669	0.041662
0.3514	13.02	0.431254	0.601118	0.052976	0.004669
0.3514	13.39	0.431254	0.641617	0.029906	0.001394
0.3514	13.76	0.431254	0.668586	0.016574	0.000411
0.3514	14.12	0.431254	0.678203	0.018778	0.000520
0.3514	14.49	0.431254	0.690848	0.017550	0.000446
0.3514	14.86	0.431254	0.712826	0.016818	0.000397
0.3514	15.22	0.431254	0.729942	0.020433	0.000572
0.3514	15.59	0.431254	0.739380	0.017815	0.000429
0.3514	15.96	0.431254	0.737563	0.020705	0.000581
0.3514	16.33	0.431254	0.744483	0.018551	0.000462
0.3514	16.69	0.431254	0.751702	0.016331	0.000355
0.3514	17.06	0.431254	0.751113	0.019856	0.000525
0.3514	17.43	0.431254	0.767395	0.023615	0.000727
0.3514	17.80	0.431254	0.775268	0.020095	0.000521
0.3514	18.16	0.431254	0.783424	0.108116	0.014920
0.3514	18.53	0.431254	0.811969	0.020296	0.000507
0.3514	18.90	0.431254	0.828714	0.025116	0.000761
0.3514	19.27	0.431254	0.839973	0.020910	0.000521
0.3514	19.63	0.431254	0.812692	0.026341	0.000854
0.3514	20.00	0.431254	0.821996	0.022704	0.000627
0.3951	2.00	0.414449	0.000000	0.000000	0.000000
0.3951	2.37	0.414449	0.000000	0.000000	0.000000
0.3951	2.73	0.414449	0.000000	0.000000	0.000000
0.3951	3.10	0.414449	0.000000	0.000000	0.000000
0.3951	3.47	0.414449	0.000000	0.000000	0.000000
0.3951	3.84	0.414449	0.000000	0.000000	0.000000
0.3951	4.20	0.414449	0.000000	0.000000	0.000000
0.3951	4.57	0.414449	0.000000	0.000000	0.000000
0.3951	4.94	0.414449	0.000000	0.000000	0.000000
0.3951	5.31	0.414449	0.000000	0.000000	0.000000
0.3951	5.67	0.414449	0.000000	0.000000	0.000000
0.3951	6.04	0.414449	0.000000	0.000000	0.000000
0.3951	6.41	0.414449	0.000000	0.000000	0.000000
0.3951	6.78	0.414449	0.000000	0.000000	0.000000
0.3951	7.14	0.414449	0.000000	0.000000	0.000000
0.3951	7.51	0.414449	0.000000	0.000000	0.000000
0.3951	7.88	0.414449	0.000000	0.000000	0.000000
0.3951	8.24	0.414449	0.000000	0.000000	0.000000
0.3951	8.61	0.414449	0.000000	0.000000	0.000000
0.3951	8.98	0.414449	0.000000	0.000000	0.000000
0.3951	9.35	0.414449	0.000000	0.000000	0.000000
0.3951	9.71	0.414449	0.000000	0.000000	0.000000
0.3951	10.08	0.414449	0.000000	0.000000	0.000000
0.3951	10.45	0.414449	0.000000	0.000000	0.000000
0.3951	10.82	0.414449	0.105051	0.000000	0.000000
0.3951	11.18	0.414449	0.138721	0.053737	0.020817
0.3951	11.55	0.414449	0.119697	0.057200	0.027335
0.3951	11.92	0.414449	0.141667	0.060056	0.025459
0.3951	12.29	0.414449	0.164263	0.075554	0.034751
0.3951	12.65	0.414449	0.204040	0.099744	0.048759
0.3951	13.02	0.414449	0.181530	0.107580	0.063755
0.3951	13.39	0.414449	0.234386	0.126112	0.067854
0.3951	13.76	0.414449	0.287186	0.156267	0.085030
0.3951	14.12	0.414449	0.441532	0.184903	0.077433
0.3951	14.49	0.414449	0.534894	0.209984	0.082434
0.3951	14.86	0.414449	0.678403	0.162442	0.038896
0.3951	15.22	0.414449	0.797525	0.100489	0.012662
0.3951	15.59	0.414449	0.827249	0.054918	0.003646
0.3951	15.96	0.414449	0.867043	0.034569	0.001378
0.3951	16.33	0.414449	0.880494	0.088930	0.008982
0.3951	16.69	0.414449	0.904910	0.017576	0.000341
0.3951	17.06	0.414449	0.905580	0.008662	0.000083
0.3951	17.43	0.414449	0.909043	0.010946	0.000132
0.3951	17.80	0.414449	0.933051	0.006800	0.000050
0.3951	18.16	0.414449	0.935767	0.007304	0.000057
0.3951	18.53	0.414449	0.929201	0.017945	0.000347
0.3951	18.90	0.414449	0.936117	0.007914	0.000067
0.3951	19.27	0.414449	0.946772	0.005265	0.000029
0.3951	19.63	0.414449	0.949451	0.005814	0.000036
0.3951	20.00	0.414449	0.952613	0.005725	0.000034
0.4060	2.00	0.413112	0.000000	0.000000	0.000000
0.4060	2.37	0.413112	0.000000	0.000000	0.000000
0.4060	2.73	0.413112	0.000000	0.000000	0.000000
0.4060	3.10	0.413112	0.000000	0.000000	0.000000
0.4060	3.47	0.413112	0.000000	0.000000	0.000000
0.4060	3.84	0.413112	0.000000	0.000000	0.000000
0.4060	4.20	0.413112	0.000000	0.000000	0.000000
0.4060	4.57	0.413112	0.000000	0.000000	0.000000
0.4060	4.94	0.413112	0.000000	0.000000	0.000000
0.4060	5.31	0.413112	0.000000	0.000000	0.000000
0.4060	5.67	0.413112	0.000000	0.000000	0.000000
0.4060	6.04	0.413112	0.000000	0.000000	0.000000
0.4060	6.41	0.413112	0.000000	0.000000	0.000000
0.4060	6.78	0.413112	0.000000	0.000000	0.000000
0.4060	7.14	0.413112	0.000000	0.000000	0.000000
0.4060	7.51	0.413112	0.000000	0.000000	0.000000
0.4060	7.88	0.413112	0.000000	0.000000	0.000000
0.4060	8.24	0.413112	0.000000	0.000000	0.000000
0.4060	8.61	0.413112	0.000000	0.000000	0.000000
0.4060	8.98	0.413112	0.000000	0.000000	0.000000
0.4060	9.35	0.413112	0.000000	0.000000	0.000000
0.4060	9.71	0.413112	0.000000	0.000000	0.000000
0.4060	10.08	0.413112	0.000000	0.000000	0.000000
0.4060	10.45	0.413112	0.000000	0.000000	0.000000
0.4060	10.82	0.413112	0.093117	0.000000	0.000000
0.4060	11.18	0.413112	0.095142	0.011451	0.001378
0.4060	11.55	0.413112	0.119433	0.025765	0.005558
0.4060	11.92	0.413112	0.136929	0.082108	0.049235
0.4060	12.29	0.413112	0.146629	0.115453	0.090906
0.4060	12.65	0.413112	0.193737	0.116476	0.070026
0.4060	13.02	0.413112	0.257953	0.161023	0.100517
0.4060	13.39	0.413112	0.284519	0.189117	0.125704
0.4060	13.76	0.413112	0.441242	0.209290	0.099270
0.4060	14.12	0.413112	0.471707	0.231469	0.113583
0.4060	14.49	0.413112	0.554800	0.148691	0.039850
0.4060	14.86	0.413112	0.650680	0.141040	0.030571
0.4060	15.22	0.413112	0.715780	0.163631	0.037407
0.4060	15.59	0.413112	0.821284	0.124394	0.018841
0.4060	15.96	0.413112	0.831309	0.160963	0.031166
0.4060	16.33	0.413112	0.902834	0.030586	0.001036
0.4060	16.69	0.413112	0.898593	0.026844	0.000802
0.4060	17.06	0.413112	0.916905	0.017922	0.000350
0.4060	17.43	0.413112	0.919414	0.015475	0.000260
0.4060	17.80	0.413112	0.925453	0.017899	0.000346
0.4060	18.16	0.413112	0.927081	0.020686	0.000462
0.4060	18.53	0.413112	0.940375	0.014427	0.000221
0.4060	18.90	0.413112	0.946004	0.010645	0.000120
0.4060	19.27	0.413112	0.948777	0.012384	0.000162
0.4060	19.63	0.413112	0.963655	0.013372	0.000186
0.4060	20.00	0.413112	0.967791	0.011273	0.000131
0.4503	2.00	0.388201	0.000000	0.000000	0.000000
0.4503	2.37	0.388201	0.000000	0.000000	0.000000
0.4503	2.73	0.388201	0.000000	0.000000	0.000000
0.4503	3.10	0.388201	0.000000	0.000000	0.000000
0.4503	3.47	0.388201	0.000000	0.000000	0.000000
0.4503	3.84	0.388201	0.000000	0.000000	0.000000
0.4503	4.20	0.388201	0.000000	0.000000	0.000000
0.4503	4.57	0.388201	0.000000	0.000000	0.000000
0.4503	4.94	0.388201	0.000000	0.000000	0.000000
0.4503	5.31	0.388201	0.000000	0.000000	0.000000
0.4503	5.67	0.388201	0.000000	0.000000	0.000000
0.4503	6.04	0.388201	0.000000	0.000000	0.000000
0.4503	6.41	0.388201	0.000000	0.000000	0.000000
0.4503	6.78	0.388201	0.000000	0.000000	0.000000
0.4503	7.14	0.388201	0.000000	0.000000	0.000000
0.4503	7.51	0.388201	0.000000	0.000000	0.000000
0.4503	7.88	0.388201	0.000000	0.000000	0.000000
0.4503	8.24	0.388201	0.000000	0.000000	0.000000
0.4503	8.61	0.388201	0.000000	0.000000	0.000000
0.4503	8.98	0.388201	0.000000	0.000000	0.000000
0.4503	9.35	0.388201	0.000000	0.000000	0.000000
0.4503	9.71	0.388201	0.000000	0.000000	0.000000
0.4503	10.08	0.388201	0.000000	0.000000	0.000000
0.4503	10.45	0.388201	0.000000	0.000000	0.000000
0.4503	10.82	0.388201	0.081301	0.000000	0.000000
0.4503	11.18	0.388201	0.097561	0.000000	0.000000
0.4503	11.55	0.388201	0.099085	0.012311	0.001530
0.4503	11.92	0.388201	0.095528	0.010983	0.001263
0.4503	12.29	0.388201	0.111382	0.046560	0.019463
0.4503	12.65	0.388201	0.124492	0.043130	0.014942
0.4503	13.02	0.388201	0.130543	0.076230	0.044514
0.4503	13.39	0.388201	0.183676	0.097921	0.052203
0.4503	13.76	0.388201	0.217047	0.105392	0.051175
0.4503	14.12	0.388201	0.254553	0.144742	0.082302
0.4503	14.49	0.388201	0.268216	0.132067	0.065028
0.4503	14.86	0.388201	0.385827	0.167327	0.072567
0.4503	15.22	0.388201	0.472717	0.203720	0.087794
0.4503	15.59	0.388201	0.677245	0.140096	0.028981
0.4503	15.96	0.388201	0.748321	0.154078	0.031724
0.4503	16.33	0.388201	0.816242	0.044290	0.002403
0.4503	16.69	0.388201	0.834824	0.038904	0.001813
0.4503	17.06	0.388201	0.856265	0.058988	0.004064
0.4503	17.43	0.388201	0.899955	0.032714	0.001189
0.4503	17.80	0.388201	0.908490	0.015657	0.000270
0.4503	18.16	0.388201	0.920732	0.014588	0.000231
0.4503	18.53	0.388201	0.928049	0.011364	0.000139
0.4503	18.90	0.388201	0.906807	0.016179	0.000289
0.4503	19.27	0.388201	0.913380	0.013149	0.000189
0.4503	19.63	0.388201	0.948806	0.012758	0.000172
0.4503	20.00	0.388201	0.954480	0.009981	0.000104
0.4978	2.00	0.377396	0.000000	0.000000	0.000000
0.4978	2.37	0.377396	0.000000	0.000000	0.000000
0.4978	2.73	0.377396	0.000000	0.000000	0.000000
0.4978	3.10	0.377396	0.000000	0.000000	0.000000
0.4978	3.47	0.377396	0.000000	0.000000	0.000000
0.4978	3.84	0.377396	0.000000	0.000000	0.000000
0.4978	4.20	0.377396	0.000000	0.000000	0.000000
0.4978	4.57	0.377396	0.000000	0.000000	0.000000
0.4978	4.94	0.377396	0.000000	0.000000	0.000000
0.4978	5.31	0.377396	0.000000	0.000000	0.000000
0.4978	5.67	0.377396	0.000000	0.000000	0.000000
0.4978	6.04	0.377396	0.000000	0.000000	0.000000
0.4978	6.41	0.377396	0.000000	0.000000	0.000000
0.4978	6.78	0.377396	0.000000	0.000000	0.000000
0.4978	7.14	0.377396	0.000000	0.000000	0.000000
0.4978	7.51	0.377396	0.000000	0.000000	0.000000
0.4978	7.88	0.377396	0.000000	0.000000	0.000000
0.4978	8.24	0.377396	0.000000	0.000000	0.000000
0.4978	8.61	0.377396	0.000000	0.000000	0.000000
0.4978	8.98	0.377396	0.000000	0.000000	0.000000
0.4978	9.35	0.377396	0.000000	0.000000	0.000000
0.4978	9.71	0.377396	0.000000	0.000000	0.000000
0.4978	10.08	0.377396	0.000000	0.000000	0.000000
0.4978	10.45	0.377396	0.000000	0.000000	0.000000
0.4978	10.82	0.377396	0.094276	0.004151	0.000183
0.4978	11.18	0.377396	0.091919	0.012817	0.001787
0.4978	11.55	0.377396	0.091313	0.005911	0.000383
0.4978	11.92	0.377396	0.097172	0.015344	0.002423
0.4978	12.29	0.377396	0.102198	0.017448	0.002979
0.4978	12.65	0.377396	0.109989	0.028156	0.007208
0.4978	13.02	0.377396	0.152061	0.084256	0.046685
0.4978	13.39	0.377396	0.225782	0.147680	0.096595
0.4978	13.76	0.377396	0.305769	0.164068	0.088035
0.4978	14.12	0.377396	0.368350	0.195161	0.103401
0.4978	14.49	0.377396	0.384929	0.198122	0.101973
0.4978	14.86	0.377396	0.479568	0.170584	0.060677
0.4978	15.22	0.377396	0.605873	0.153017	0.038645
0.4978	15.59	0.377396	0.700433	0.084034	0.010082
0.4978	15.96	0.377396	0.768302	0.048156	0.003018
0.4978	16.33	0.377396	0.798966	0.043149	0.002330
0.4978	16.69	0.377396	0.829245	0.031940	0.001230
0.4978	17.06	0.377396	0.830617	0.041903	0.002114
0.4978	17.43	0.377396	0.855174	0.025429	0.000756
0.4978	17.80	0.377396	0.869764	0.024675	0.000700
0.4978	18.16	0.377396	0.875231	0.022861	0.000597
0.4978	18.53	0.377396	0.886342	0.024994	0.000705
0.4978	18.90	0.377396	0.926689	0.022125	0.000528
0.4978	19.27	0.377396	0.936041	0.027710	0.000820
0.4978	19.63	0.377396	0.920026	0.023441	0.000597
0.4978	20.00	0.377396	0.921591	0.027545	0.000823
0.5314	2.00	0.344615	0.000000	0.000000	0.000000
0.5314	2.37	0.344615	0.000000	0.000000	0.000000
0.5314	2.73	0.344615	0.000000	0.000000	0.000000
0.5314	3.10	0.344615	0.000000	0.000000	0.000000
0.5314	3.47	0.344615	0.000000	0.000000	0.000000
0.5314	3.84	0.344615	0.000000	0.000000	0.000000
0.5314	4.20	0.344615	0.000000	0.000000	0.000000
0.5314	4.57	0.344615	0.000000	0.000000	0.000000
0.5314	4.94	0.344615	0.000000	0.000000	0.000000
0.5314	5.31	0.344615	0.000000	0.000000	0.000000
0.5314	5.67	0.344615	0.000000	0.000000	0.000000
0.5314	6.04	0.344615	0.000000	0.000000	0.000000
0.5314	6.41	0.344615	0.000000	0.000000	0.000000
0.5314	6.78	0.344615	0.000000	0.000000	0.000000
0.5314	7.14	0.344615	0.000000	0.000000	0.000000
0.5314	7.51	0.344615	0.000000	0.000000	0.000000
0.5314	7.88	0.344615	0.000000	0.000000	0.000000
0.5314	8.24	0.344615	0.000000	0.000000	0.000000
0.5314	8.61	0.344615	0.000000	0.000000	0.000000
0.5314	8.98	0.344615	0.000000	0.000000	0.000000
0.5314	9.35	0.344615	0.000000	0.000000	0.000000
0.5314	9.71	0.344615	0.000000	0.000000	0.000000
0.5314	10.08	0.344615	0.000000	0.000000	0.000000
0.5314	10.45	0.344615	0.000000	0.000000	0.000000
0.5314	10.82	0.344615	0.089202	0.005770	0.000373
0.5314	11.18	0.344615	0.099262	0.005281	0.000281
0.5314	11.55	0.344615	0.114688	0.017073	0.002542
0.5314	11.92	0.344615	0.111922	0.019661	0.003454
0.5314	12.29	0.344615	0.136666	0.052979	0.020538
0.5314	12.65	0.344615	0.136569	0.057398	0.024123
0.5314	13.02	0.344615	0.186848	0.093454	0.046742
0.5314	13.39	0.344615	0.175927	0.095665	0.052020
0.5314	13.76	0.344615	0.209305	0.100068	0.047842
0.5314	14.12	0.344615	0.268145	0.133352	0.066317
0.5314	14.49	0.344615	0.279804	0.144373	0.074493
0.5314	14.86	0.344615	0.332292	0.146121	0.064255
0.5314	15.22	0.344615	0.562546	0.103878	0.019182
0.5314	15.59	0.344615	0.606688	0.086931	0.012456
0.5314	15.96	0.344615	0.607556	0.162245	0.043326
0.5314	16.33	0.344615	0.656439	0.119986	0.021931
0.5314	16.69	0.344615	0.710673	0.054296	0.004148
0.5314	17.06	0.344615	0.712492	0.146295	0.030038
0.5314	17.43	0.344615	0.732876	0.110724	0.016728
0.5314	17.80	0.344615	0.765506	0.046514	0.002826
0.5314	18.16	0.344615	0.822133	0.058444	0.004155
0.5314	18.53	0.344615	0.856517	0.044913	0.002355
0.5314	18.90	0.344615	0.867340	0.045911	0.002430
0.5314	19.27	0.344615	0.812193	0.111635	0.015344
0.5314	19.63	0.344615	0.874225	0.050634	0.002933
0.5314	20.00	0.344615	0.851777	0.150597	0.026626
