base_sigma	MAX_EXC_WEIGHT	Gini	mean_peaks_height	std_peaks_height	fano_factor
0.0446	2.00	0.877562	0.000000	0.000000	0.000000
0.0446	2.37	0.877562	0.000000	0.000000	0.000000
0.0446	2.73	0.877562	0.000000	0.000000	0.000000
0.0446	3.10	0.877562	0.000000	0.000000	0.000000
0.0446	3.47	0.877562	0.000000	0.000000	0.000000
0.0446	3.84	0.877562	0.000000	0.000000	0.000000
0.0446	4.20	0.877562	0.000000	0.000000	0.000000
0.0446	4.57	0.877562	0.000000	0.000000	0.000000
0.0446	4.94	0.877562	0.000000	0.000000	0.000000
0.0446	5.31	0.877562	0.000000	0.000000	0.000000
0.0446	5.67	0.877562	0.000000	0.000000	0.000000
0.0446	6.04	0.877562	0.000000	0.000000	0.000000
0.0446	6.41	0.877562	0.989000	0.007550	0.000058
0.0446	6.78	0.877562	0.995200	0.000980	0.000001
0.0446	7.14	0.877562	0.908800	0.262939	0.076075
0.0446	7.51	0.877562	0.902222	0.271260	0.081557
0.0446	7.88	0.877562	0.952105	0.195189	0.040015
0.0446	8.24	0.877562	0.998600	0.001428	0.000002
0.0446	8.61	0.877562	1.000000	0.000000	0.000000
0.0446	8.98	0.877562	0.968286	0.164792	0.028046
0.0446	9.35	0.877562	0.970138	0.156136	0.025129
0.0446	9.71	0.877562	0.997333	0.001398	0.000002
0.0446	10.08	0.877562	0.997806	0.001378	0.000002
0.0446	10.45	0.877562	1.000000	0.000000	0.000000
0.0446	10.82	0.877562	1.000000	0.000000	0.000000
0.0446	11.18	0.877562	1.000000	0.000000	0.000000
0.0446	11.55	0.877562	1.000000	0.000000	0.000000
0.0446	11.92	0.877562	1.000000	0.000000	0.000000
0.0446	12.29	0.877562	1.000000	0.000000	0.000000
0.0446	12.65	0.877562	1.000000	0.000000	0.000000
0.0446	13.02	0.877562	1.000000	0.000000	0.000000
0.0446	13.39	0.877562	1.000000	0.000000	0.000000
0.0446	13.76	0.877562	1.000000	0.000000	0.000000
0.0446	14.12	0.877562	1.000000	0.000000	0.000000
0.0446	14.49	0.877562	1.000000	0.000000	0.000000
0.0446	14.86	0.877562	1.000000	0.000000	0.000000
0.0446	15.22	0.877562	1.000000	0.000000	0.000000
0.0446	15.59	0.877562	1.000000	0.000000	0.000000
0.0446	15.96	0.877562	1.000000	0.000000	0.000000
0.0446	16.33	0.877562	1.000000	0.000000	0.000000
0.0446	16.69	0.877562	1.000000	0.000000	0.000000
0.0446	17.06	0.877562	1.000000	0.000000	0.000000
0.0446	17.43	0.877562	1.000000	0.000000	0.000000
0.0446	17.80	0.877562	1.000000	0.000000	0.000000
0.0446	18.16	0.877562	1.000000	0.000000	0.000000
0.0446	18.53	0.877562	1.000000	0.000000	0.000000
0.0446	18.90	0.877562	1.000000	0.000000	0.000000
0.0446	19.27	0.877562	1.000000	0.000000	0.000000
0.0446	19.63	0.877562	1.000000	0.000000	0.000000
0.0446	20.00	0.877562	1.000000	0.000000	0.000000
0.0513	2.00	0.866615	0.000000	0.000000	0.000000
0.0513	2.37	0.866615	0.000000	0.000000	0.000000
0.0513	2.73	0.866615	0.000000	0.000000	0.000000
0.0513	3.10	0.866615	0.000000	0.000000	0.000000
0.0513	3.47	0.866615	0.000000	0.000000	0.000000
0.0513	3.84	0.866615	0.000000	0.000000	0.000000
0.0513	4.20	0.866615	0.000000	0.000000	0.000000
0.0513	4.57	0.866615	0.000000	0.000000	0.000000
0.0513	4.94	0.866615	0.000000	0.000000	0.000000
0.0513	5.31	0.866615	0.000000	0.000000	0.000000
0.0513	5.67	0.866615	0.142857	0.000000	0.000000
0.0513	6.04	0.866615	0.162978	0.000000	0.000000
0.0513	6.41	0.866615	0.000000	0.000000	0.000000
0.0513	6.78	0.866615	0.108652	0.000000	0.000000
0.0513	7.14	0.866615	0.759054	0.338526	0.150977
0.0513	7.51	0.866615	0.890845	0.288037	0.093131
0.0513	7.88	0.866615	0.999799	0.000604	0.000000
0.0513	8.24	0.866615	0.999732	0.001004	0.000001
0.0513	8.61	0.866615	1.000000	0.000000	0.000000
0.0513	8.98	0.866615	0.960262	0.174850	0.031838
0.0513	9.35	0.866615	1.000000	0.000000	0.000000
0.0513	9.71	0.866615	1.000000	0.000000	0.000000
0.0513	10.08	0.866615	0.999931	0.000367	0.000000
0.0513	10.45	0.866615	1.000000	0.000000	0.000000
0.0513	10.82	0.866615	1.000000	0.000000	0.000000
0.0513	11.18	0.866615	0.999939	0.000345	0.000000
0.0513	11.55	0.866615	0.999878	0.000480	0.000000
0.0513	11.92	0.866615	1.000000	0.000000	0.000000
0.0513	12.29	0.866615	1.000000	0.000000	0.000000
0.0513	12.65	0.866615	1.000000	0.000000	0.000000
0.0513	13.02	0.866615	1.000000	0.000000	0.000000
0.0513	13.39	0.866615	1.000000	0.000000	0.000000
0.0513	13.76	0.866615	1.000000	0.000000	0.000000
0.0513	14.12	0.866615	1.000000	0.000000	0.000000
0.0513	14.49	0.866615	1.000000	0.000000	0.000000
0.0513	14.86	0.866615	1.000000	0.000000	0.000000
0.0513	15.22	0.866615	1.000000	0.000000	0.000000
0.0513	15.59	0.866615	1.000000	0.000000	0.000000
0.0513	15.96	0.866615	1.000000	0.000000	0.000000
0.0513	16.33	0.866615	1.000000	0.000000	0.000000
0.0513	16.69	0.866615	1.000000	0.000000	0.000000
0.0513	17.06	0.866615	1.000000	0.000000	0.000000
0.0513	17.43	0.866615	1.000000	0.000000	0.000000
0.0513	17.80	0.866615	1.000000	0.000000	0.000000
0.0513	18.16	0.866615	1.000000	0.000000	0.000000
0.0513	18.53	0.866615	1.000000	0.000000	0.000000
0.0513	18.90	0.866615	1.000000	0.000000	0.000000
0.0513	19.27	0.866615	1.000000	0.000000	0.000000
0.0513	19.63	0.866615	1.000000	0.000000	0.000000
0.0513	20.00	0.866615	1.000000	0.000000	0.000000
0.0571	2.00	0.848544	0.000000	0.000000	0.000000
0.0571	2.37	0.848544	0.000000	0.000000	0.000000
0.0571	2.73	0.848544	0.000000	0.000000	0.000000
0.0571	3.10	0.848544	0.000000	0.000000	0.000000
0.0571	3.47	0.848544	0.000000	0.000000	0.000000
0.0571	3.84	0.848544	0.000000	0.000000	0.000000
0.0571	4.20	0.848544	0.000000	0.000000	0.000000
0.0571	4.57	0.848544	0.000000	0.000000	0.000000
0.0571	4.94	0.848544	0.000000	0.000000	0.000000
0.0571	5.31	0.848544	0.000000	0.000000	0.000000
0.0571	5.67	0.848544	0.000000	0.000000	0.000000
0.0571	6.04	0.848544	0.000000	0.000000	0.000000
0.0571	6.41	0.848544	0.000000	0.000000	0.000000
0.0571	6.78	0.848544	0.467340	0.342865	0.251543
0.0571	7.14	0.848544	0.545118	0.432800	0.343625
0.0571	7.51	0.848544	0.622511	0.424503	0.289477
0.0571	7.88	0.848544	0.766162	0.371107	0.179753
0.0571	8.24	0.848544	0.996364	0.002680	0.000007
0.0571	8.61	0.848544	0.945657	0.189105	0.037816
0.0571	8.98	0.848544	0.994613	0.018713	0.000352
0.0571	9.35	0.848544	0.969209	0.153430	0.024288
0.0571	9.71	0.848544	0.969899	0.142314	0.020882
0.0571	10.08	0.848544	0.997538	0.009295	0.000087
0.0571	10.45	0.848544	0.943251	0.204207	0.044209
0.0571	10.82	0.848544	0.992424	0.021717	0.000475
0.0571	11.18	0.848544	0.998653	0.001074	0.000001
0.0571	11.55	0.848544	0.998898	0.001122	0.000001
0.0571	11.92	0.848544	0.999941	0.000341	0.000000
0.0571	12.29	0.848544	0.999881	0.000475	0.000000
0.0571	12.65	0.848544	0.999942	0.000337	0.000000
0.0571	13.02	0.848544	1.000000	0.000000	0.000000
0.0571	13.39	0.848544	1.000000	0.000000	0.000000
0.0571	13.76	0.848544	1.000000	0.000000	0.000000
0.0571	14.12	0.848544	0.998709	0.000970	0.000001
0.0571	14.49	0.848544	0.998788	0.000990	0.000001
0.0571	14.86	0.848544	0.997980	0.000000	0.000000
0.0571	15.22	0.848544	0.997980	0.000000	0.000000
0.0571	15.59	0.848544	0.998034	0.000328	0.000000
0.0571	15.96	0.848544	1.000000	0.000000	0.000000
0.0571	16.33	0.848544	1.000000	0.000000	0.000000
0.0571	16.69	0.848544	0.999942	0.000337	0.000000
0.0571	17.06	0.848544	1.000000	0.000000	0.000000
0.0571	17.43	0.848544	1.000000	0.000000	0.000000
0.0571	17.80	0.848544	1.000000	0.000000	0.000000
0.0571	18.16	0.848544	1.000000	0.000000	0.000000
0.0571	18.53	0.848544	1.000000	0.000000	0.000000
0.0571	18.90	0.848544	1.000000	0.000000	0.000000
0.0571	19.27	0.848544	1.000000	0.000000	0.000000
0.0571	19.63	0.848544	1.000000	0.000000	0.000000
0.0571	20.00	0.848544	0.998260	0.000699	0.000000
0.0622	2.00	0.846828	0.000000	0.000000	0.000000
0.0622	2.37	0.846828	0.000000	0.000000	0.000000
0.0622	2.73	0.846828	0.000000	0.000000	0.000000
0.0622	3.10	0.846828	0.000000	0.000000	0.000000
0.0622	3.47	0.846828	0.000000	0.000000	0.000000
0.0622	3.84	0.846828	0.000000	0.000000	0.000000
0.0622	4.20	0.846828	0.000000	0.000000	0.000000
0.0622	4.57	0.846828	0.000000	0.000000	0.000000
0.0622	4.94	0.846828	0.000000	0.000000	0.000000
0.0622	5.31	0.846828	0.000000	0.000000	0.000000
0.0622	5.67	0.846828	0.000000	0.000000	0.000000
0.0622	6.04	0.846828	0.000000	0.000000	0.000000
0.0622	6.41	0.846828	0.000000	0.000000	0.000000
0.0622	6.78	0.846828	0.000000	0.000000	0.000000
0.0622	7.14	0.846828	0.000000	0.000000	0.000000
0.0622	7.51	0.846828	0.318273	0.101406	0.032309
0.0622	7.88	0.846828	0.355924	0.236323	0.156912
0.0622	8.24	0.846828	0.727912	0.375221	0.193417
0.0622	8.61	0.846828	0.902610	0.262849	0.076544
0.0622	8.98	0.846828	0.991667	0.015467	0.000241
0.0622	9.35	0.846828	0.995261	0.015532	0.000242
0.0622	9.71	0.846828	0.967733	0.162805	0.027389
0.0622	10.08	0.846828	0.970214	0.154815	0.024703
0.0622	10.45	0.846828	0.998684	0.001211	0.000001
0.0622	10.82	0.846828	0.998769	0.001103	0.000001
0.0622	11.18	0.846828	0.998808	0.000986	0.000001
0.0622	11.55	0.846828	0.998600	0.000923	0.000001
0.0622	11.92	0.846828	0.999114	0.000997	0.000001
0.0622	12.29	0.846828	1.000000	0.000000	0.000000
0.0622	12.65	0.846828	1.000000	0.000000	0.000000
0.0622	13.02	0.846828	1.000000	0.000000	0.000000
0.0622	13.39	0.846828	1.000000	0.000000	0.000000
0.0622	13.76	0.846828	1.000000	0.000000	0.000000
0.0622	14.12	0.846828	1.000000	0.000000	0.000000
0.0622	14.49	0.846828	1.000000	0.000000	0.000000
0.0622	14.86	0.846828	1.000000	0.000000	0.000000
0.0622	15.22	0.846828	1.000000	0.000000	0.000000
0.0622	15.59	0.846828	1.000000	0.000000	0.000000
0.0622	15.96	0.846828	1.000000	0.000000	0.000000
0.0622	16.33	0.846828	1.000000	0.000000	0.000000
0.0622	16.69	0.846828	1.000000	0.000000	0.000000
0.0622	17.06	0.846828	1.000000	0.000000	0.000000
0.0622	17.43	0.846828	1.000000	0.000000	0.000000
0.0622	17.80	0.846828	1.000000	0.000000	0.000000
0.0622	18.16	0.846828	1.000000	0.000000	0.000000
0.0622	18.53	0.846828	1.000000	0.000000	0.000000
0.0622	18.90	0.846828	1.000000	0.000000	0.000000
0.0622	19.27	0.846828	1.000000	0.000000	0.000000
0.0622	19.63	0.846828	1.000000	0.000000	0.000000
0.0622	20.00	0.846828	1.000000	0.000000	0.000000
0.0671	2.00	0.814816	0.000000	0.000000	0.000000
0.0671	2.37	0.814816	0.000000	0.000000	0.000000
0.0671	2.73	0.814816	0.000000	0.000000	0.000000
0.0671	3.10	0.814816	0.000000	0.000000	0.000000
0.0671	3.47	0.814816	0.000000	0.000000	0.000000
0.0671	3.84	0.814816	0.000000	0.000000	0.000000
0.0671	4.20	0.814816	0.000000	0.000000	0.000000
0.0671	4.57	0.814816	0.000000	0.000000	0.000000
0.0671	4.94	0.814816	0.000000	0.000000	0.000000
0.0671	5.31	0.814816	0.000000	0.000000	0.000000
0.0671	5.67	0.814816	0.000000	0.000000	0.000000
0.0671	6.04	0.814816	0.000000	0.000000	0.000000
0.0671	6.41	0.814816	0.000000	0.000000	0.000000
0.0671	6.78	0.814816	0.000000	0.000000	0.000000
0.0671	7.14	0.814816	0.000000	0.000000	0.000000
0.0671	7.51	0.814816	0.000000	0.000000	0.000000
0.0671	7.88	0.814816	0.206478	0.018219	0.001608
0.0671	8.24	0.814816	0.222672	0.083768	0.031513
0.0671	8.61	0.814816	0.468900	0.300049	0.192001
0.0671	8.98	0.814816	0.691006	0.401522	0.233311
0.0671	9.35	0.814816	0.727573	0.371194	0.189377
0.0671	9.71	0.814816	0.926685	0.238133	0.061194
0.0671	10.08	0.814816	0.962972	0.177578	0.032747
0.0671	10.45	0.814816	1.000000	0.000000	0.000000
0.0671	10.82	0.814816	1.000000	0.000000	0.000000
0.0671	11.18	0.814816	1.000000	0.000000	0.000000
0.0671	11.55	0.814816	0.999937	0.000352	0.000000
0.0671	11.92	0.814816	1.000000	0.000000	0.000000
0.0671	12.29	0.814816	1.000000	0.000000	0.000000
0.0671	12.65	0.814816	1.000000	0.000000	0.000000
0.0671	13.02	0.814816	1.000000	0.000000	0.000000
0.0671	13.39	0.814816	1.000000	0.000000	0.000000
0.0671	13.76	0.814816	1.000000	0.000000	0.000000
0.0671	14.12	0.814816	1.000000	0.000000	0.000000
0.0671	14.49	0.814816	1.000000	0.000000	0.000000
0.0671	14.86	0.814816	1.000000	0.000000	0.000000
0.0671	15.22	0.814816	1.000000	0.000000	0.000000
0.0671	15.59	0.814816	1.000000	0.000000	0.000000
0.0671	15.96	0.814816	1.000000	0.000000	0.000000
0.0671	16.33	0.814816	1.000000	0.000000	0.000000
0.0671	16.69	0.814816	1.000000	0.000000	0.000000
0.0671	17.06	0.814816	1.000000	0.000000	0.000000
0.0671	17.43	0.814816	1.000000	0.000000	0.000000
0.0671	17.80	0.814816	1.000000	0.000000	0.000000
0.0671	18.16	0.814816	1.000000	0.000000	0.000000
0.0671	18.53	0.814816	1.000000	0.000000	0.000000
0.0671	18.90	0.814816	1.000000	0.000000	0.000000
0.0671	19.27	0.814816	1.000000	0.000000	0.000000
0.0671	19.63	0.814816	1.000000	0.000000	0.000000
0.0671	20.00	0.814816	1.000000	0.000000	0.000000
0.0718	2.00	0.798828	0.000000	0.000000	0.000000
0.0718	2.37	0.798828	0.000000	0.000000	0.000000
0.0718	2.73	0.798828	0.000000	0.000000	0.000000
0.0718	3.10	0.798828	0.000000	0.000000	0.000000
0.0718	3.47	0.798828	0.000000	0.000000	0.000000
0.0718	3.84	0.798828	0.000000	0.000000	0.000000
0.0718	4.20	0.798828	0.000000	0.000000	0.000000
0.0718	4.57	0.798828	0.000000	0.000000	0.000000
0.0718	4.94	0.798828	0.000000	0.000000	0.000000
0.0718	5.31	0.798828	0.000000	0.000000	0.000000
0.0718	5.67	0.798828	0.000000	0.000000	0.000000
0.0718	6.04	0.798828	0.000000	0.000000	0.000000
0.0718	6.41	0.798828	0.000000	0.000000	0.000000
0.0718	6.78	0.798828	0.179226	0.000000	0.000000
0.0718	7.14	0.798828	0.755601	0.000000	0.000000
0.0718	7.51	0.798828	0.882747	0.042955	0.002090
0.0718	7.88	0.798828	0.953739	0.027210	0.000776
0.0718	8.24	0.798828	0.977597	0.018125	0.000336
0.0718	8.61	0.798828	0.989647	0.006303	0.000040
0.0718	8.98	0.798828	0.989104	0.019854	0.000399
0.0718	9.35	0.798828	0.993126	0.021496	0.000465
0.0718	9.71	0.798828	0.986683	0.037453	0.001422
0.0718	10.08	0.798828	0.940665	0.206957	0.045533
0.0718	10.45	0.798828	0.999457	0.001281	0.000002
0.0718	10.82	0.798828	1.000000	0.000000	0.000000
0.0718	11.18	0.798828	0.943838	0.187206	0.037132
0.0718	11.55	0.798828	0.972906	0.150028	0.023135
0.0718	11.92	0.798828	0.959437	0.166942	0.029048
0.0718	12.29	0.798828	0.981500	0.107061	0.011678
0.0718	12.65	0.798828	0.999418	0.002364	0.000006
0.0718	13.02	0.798828	1.000000	0.000000	0.000000
0.0718	13.39	0.798828	1.000000	0.000000	0.000000
0.0718	13.76	0.798828	0.999945	0.000330	0.000000
0.0718	14.12	0.798828	1.000000	0.000000	0.000000
0.0718	14.49	0.798828	0.999774	0.000640	0.000000
0.0718	14.86	0.798828	0.999890	0.000461	0.000000
0.0718	15.22	0.798828	1.000000	0.000000	0.000000
0.0718	15.59	0.798828	1.000000	0.000000	0.000000
0.0718	15.96	0.798828	1.000000	0.000000	0.000000
0.0718	16.33	0.798828	0.999946	0.000326	0.000000
0.0718	16.69	0.798828	1.000000	0.000000	0.000000
0.0718	17.06	0.798828	1.000000	0.000000	0.000000
0.0718	17.43	0.798828	1.000000	0.000000	0.000000
0.0718	17.80	0.798828	1.000000	0.000000	0.000000
0.0718	18.16	0.798828	1.000000	0.000000	0.000000
0.0718	18.53	0.798828	1.000000	0.000000	0.000000
0.0718	18.90	0.798828	1.000000	0.000000	0.000000
0.0718	19.27	0.798828	1.000000	0.000000	0.000000
0.0718	19.63	0.798828	0.997963	0.000000	0.000000
0.0718	20.00	0.798828	1.000000	0.000000	0.000000
0.0764	2.00	0.815029	0.000000	0.000000	0.000000
0.0764	2.37	0.815029	0.000000	0.000000	0.000000
0.0764	2.73	0.815029	0.000000	0.000000	0.000000
0.0764	3.10	0.815029	0.000000	0.000000	0.000000
0.0764	3.47	0.815029	0.000000	0.000000	0.000000
0.0764	3.84	0.815029	0.000000	0.000000	0.000000
0.0764	4.20	0.815029	0.000000	0.000000	0.000000
0.0764	4.57	0.815029	0.000000	0.000000	0.000000
0.0764	4.94	0.815029	0.000000	0.000000	0.000000
0.0764	5.31	0.815029	0.000000	0.000000	0.000000
0.0764	5.67	0.815029	0.000000	0.000000	0.000000
0.0764	6.04	0.815029	0.000000	0.000000	0.000000
0.0764	6.41	0.815029	0.901408	0.000000	0.000000
0.0764	6.78	0.815029	0.935614	0.000000	0.000000
0.0764	7.14	0.815029	0.971831	0.008457	0.000074
0.0764	7.51	0.815029	0.972837	0.009448	0.000092
0.0764	7.88	0.815029	0.934859	0.207663	0.046129
0.0764	8.24	0.815029	0.991833	0.004281	0.000018
0.0764	8.61	0.815029	0.993964	0.008070	0.000066
0.0764	8.98	0.815029	0.997913	0.001394	0.000002
0.0764	9.35	0.815029	0.998762	0.001857	0.000003
0.0764	9.71	0.815029	0.998821	0.004800	0.000023
0.0764	10.08	0.815029	0.998927	0.002061	0.000004
0.0764	10.45	0.815029	0.998962	0.002099	0.000004
0.0764	10.82	0.815029	0.999675	0.000899	0.000001
0.0764	11.18	0.815029	0.999695	0.001121	0.000001
0.0764	11.55	0.815029	0.999634	0.001157	0.000001
0.0764	11.92	0.815029	0.999349	0.002426	0.000006
0.0764	12.29	0.815029	0.999704	0.001392	0.000002
0.0764	12.65	0.815029	1.000000	0.000000	0.000000
0.0764	13.02	0.815029	1.000000	0.000000	0.000000
0.0764	13.39	0.815029	1.000000	0.000000	0.000000
0.0764	13.76	0.815029	1.000000	0.000000	0.000000
0.0764	14.12	0.815029	1.000000	0.000000	0.000000
0.0764	14.49	0.815029	1.000000	0.000000	0.000000
0.0764	14.86	0.815029	1.000000	0.000000	0.000000
0.0764	15.22	0.815029	1.000000	0.000000	0.000000
0.0764	15.59	0.815029	1.000000	0.000000	0.000000
0.0764	15.96	0.815029	1.000000	0.000000	0.000000
0.0764	16.33	0.815029	1.000000	0.000000	0.000000
0.0764	16.69	0.815029	1.000000	0.000000	0.000000
0.0764	17.06	0.815029	1.000000	0.000000	0.000000
0.0764	17.43	0.815029	1.000000	0.000000	0.000000
0.0764	17.80	0.815029	1.000000	0.000000	0.000000
0.0764	18.16	0.815029	1.000000	0.000000	0.000000
0.0764	18.53	0.815029	1.000000	0.000000	0.000000
0.0764	18.90	0.815029	0.907366	0.254433	0.071345
0.0764	19.27	0.815029	1.000000	0.000000	0.000000
0.0764	19.63	0.815029	1.000000	0.000000	0.000000
0.0764	20.00	0.815029	1.000000	0.000000	0.000000
0.0811	2.00	0.766366	0.000000	0.000000	0.000000
0.0811	2.37	0.766366	0.000000	0.000000	0.000000
0.0811	2.73	0.766366	0.000000	0.000000	0.000000
0.0811	3.10	0.766366	0.000000	0.000000	0.000000
0.0811	3.47	0.766366	0.000000	0.000000	0.000000
0.0811	3.84	0.766366	0.000000	0.000000	0.000000
0.0811	4.20	0.766366	0.000000	0.000000	0.000000
0.0811	4.57	0.766366	0.000000	0.000000	0.000000
0.0811	4.94	0.766366	0.000000	0.000000	0.000000
0.0811	5.31	0.766366	0.000000	0.000000	0.000000
0.0811	5.67	0.766366	0.000000	0.000000	0.000000
0.0811	6.04	0.766366	0.000000	0.000000	0.000000
0.0811	6.41	0.766366	0.000000	0.000000	0.000000
0.0811	6.78	0.766366	0.000000	0.000000	0.000000
0.0811	7.14	0.766366	0.000000	0.000000	0.000000
0.0811	7.51	0.766366	0.000000	0.000000	0.000000
0.0811	7.88	0.766366	0.000000	0.000000	0.000000
0.0811	8.24	0.766366	0.127530	0.000000	0.000000
0.0811	8.61	0.766366	0.327935	0.196622	0.117890
0.0811	8.98	0.766366	0.402328	0.201686	0.101104
0.0811	9.35	0.766366	0.621997	0.316488	0.161037
0.0811	9.71	0.766366	0.792105	0.291532	0.107297
0.0811	10.08	0.766366	0.966235	0.149772	0.023216
0.0811	10.45	0.766366	0.923933	0.205109	0.045533
0.0811	10.82	0.766366	0.970403	0.153936	0.024419
0.0811	11.18	0.766366	0.999865	0.000505	0.000000
0.0811	11.55	0.766366	1.000000	0.000000	0.000000
0.0811	11.92	0.766366	1.000000	0.000000	0.000000
0.0811	12.29	0.766366	1.000000	0.000000	0.000000
0.0811	12.65	0.766366	1.000000	0.000000	0.000000
0.0811	13.02	0.766366	1.000000	0.000000	0.000000
0.0811	13.39	0.766366	1.000000	0.000000	0.000000
0.0811	13.76	0.766366	1.000000	0.000000	0.000000
0.0811	14.12	0.766366	1.000000	0.000000	0.000000
0.0811	14.49	0.766366	1.000000	0.000000	0.000000
0.0811	14.86	0.766366	1.000000	0.000000	0.000000
0.0811	15.22	0.766366	1.000000	0.000000	0.000000
0.0811	15.59	0.766366	1.000000	0.000000	0.000000
0.0811	15.96	0.766366	1.000000	0.000000	0.000000
0.0811	16.33	0.766366	1.000000	0.000000	0.000000
0.0811	16.69	0.766366	1.000000	0.000000	0.000000
0.0811	17.06	0.766366	1.000000	0.000000	0.000000
0.0811	17.43	0.766366	1.000000	0.000000	0.000000
0.0811	17.80	0.766366	1.000000	0.000000	0.000000
0.0811	18.16	0.766366	1.000000	0.000000	0.000000
0.0811	18.53	0.766366	1.000000	0.000000	0.000000
0.0811	18.90	0.766366	1.000000	0.000000	0.000000
0.0811	19.27	0.766366	1.000000	0.000000	0.000000
0.0811	19.63	0.766366	1.000000	0.000000	0.000000
0.0811	20.00	0.766366	1.000000	0.000000	0.000000
0.0858	2.00	0.814272	0.000000	0.000000	0.000000
0.0858	2.37	0.814272	0.000000	0.000000	0.000000
0.0858	2.73	0.814272	0.000000	0.000000	0.000000
0.0858	3.10	0.814272	0.000000	0.000000	0.000000
0.0858	3.47	0.814272	0.000000	0.000000	0.000000
0.0858	3.84	0.814272	0.000000	0.000000	0.000000
0.0858	4.20	0.814272	0.000000	0.000000	0.000000
0.0858	4.57	0.814272	0.000000	0.000000	0.000000
0.0858	4.94	0.814272	0.000000	0.000000	0.000000
0.0858	5.31	0.814272	0.000000	0.000000	0.000000
0.0858	5.67	0.814272	0.000000	0.000000	0.000000
0.0858	6.04	0.814272	0.000000	0.000000	0.000000
0.0858	6.41	0.814272	0.000000	0.000000	0.000000
0.0858	6.78	0.814272	0.000000	0.000000	0.000000
0.0858	7.14	0.814272	0.936364	0.001010	0.000001
0.0858	7.51	0.814272	0.811785	0.317884	0.124479
0.0858	7.88	0.814272	0.764141	0.349013	0.159407
0.0858	8.24	0.814272	0.968182	0.003312	0.000011
0.0858	8.61	0.814272	0.884141	0.259386	0.076098
0.0858	8.98	0.814272	0.975013	0.003356	0.000012
0.0858	9.35	0.814272	0.977234	0.003097	0.000010
0.0858	9.71	0.814272	0.919819	0.221765	0.053467
0.0858	10.08	0.814272	0.974860	0.002082	0.000004
0.0858	10.45	0.814272	0.975340	0.002274	0.000005
0.0858	10.82	0.814272	0.975758	0.002020	0.000004
0.0858	11.18	0.814272	0.984751	0.001839	0.000003
0.0858	11.55	0.814272	0.984879	0.001802	0.000003
0.0858	11.92	0.814272	0.987940	0.001826	0.000003
0.0858	12.29	0.814272	0.988414	0.001787	0.000003
0.0858	12.65	0.814272	0.986378	0.002011	0.000004
0.0858	13.02	0.814272	0.986588	0.001791	0.000003
0.0858	13.39	0.814272	0.989437	0.001608	0.000003
0.0858	13.76	0.814272	0.989322	0.001414	0.000002
0.0858	14.12	0.814272	0.988945	0.001303	0.000002
0.0858	14.49	0.814272	0.988721	0.001534	0.000002
0.0858	14.86	0.814272	0.991470	0.001724	0.000003
0.0858	15.22	0.814272	0.991319	0.001317	0.000002
0.0858	15.59	0.814272	0.988496	0.001243	0.000002
0.0858	15.96	0.814272	0.985586	0.001422	0.000002
0.0858	16.33	0.814272	0.986022	0.001718	0.000003
0.0858	16.69	0.814272	0.987333	0.001299	0.000002
0.0858	17.06	0.814272	0.987224	0.001247	0.000002
0.0858	17.43	0.814272	0.986405	0.002235	0.000005
0.0858	17.80	0.814272	0.989135	0.001273	0.000002
0.0858	18.16	0.814272	0.989298	0.001317	0.000002
0.0858	18.53	0.814272	0.988384	0.001202	0.000001
0.0858	18.90	0.814272	0.987879	0.001065	0.000001
0.0858	19.27	0.814272	0.988008	0.001134	0.000001
0.0858	19.63	0.814272	0.988374	0.001031	0.000001
0.0858	20.00	0.814272	0.989899	0.001723	0.000003
0.0904	2.00	0.782674	0.000000	0.000000	0.000000
0.0904	2.37	0.782674	0.000000	0.000000	0.000000
0.0904	2.73	0.782674	0.000000	0.000000	0.000000
0.0904	3.10	0.782674	0.000000	0.000000	0.000000
0.0904	3.47	0.782674	0.000000	0.000000	0.000000
0.0904	3.84	0.782674	0.000000	0.000000	0.000000
0.0904	4.20	0.782674	0.000000	0.000000	0.000000
0.0904	4.57	0.782674	0.000000	0.000000	0.000000
0.0904	4.94	0.782674	0.000000	0.000000	0.000000
0.0904	5.31	0.782674	0.000000	0.000000	0.000000
0.0904	5.67	0.782674	0.000000	0.000000	0.000000
0.0904	6.04	0.782674	0.000000	0.000000	0.000000
0.0904	6.41	0.782674	0.000000	0.000000	0.000000
0.0904	6.78	0.782674	0.427126	0.317814	0.236478
0.0904	7.14	0.782674	0.792308	0.320510	0.129655
0.0904	7.51	0.782674	0.984384	0.004925	0.000025
0.0904	7.88	0.782674	0.993117	0.002064	0.000004
0.0904	8.24	0.782674	0.996135	0.004440	0.000020
0.0904	8.61	0.782674	0.999132	0.001475	0.000002
0.0904	8.98	0.782674	0.952227	0.195106	0.039976
0.0904	9.35	0.782674	0.999264	0.001149	0.000001
0.0904	9.71	0.782674	0.999625	0.000786	0.000001
0.0904	10.08	0.782674	0.999775	0.000636	0.000000
0.0904	10.45	0.782674	0.972835	0.147680	0.022418
0.0904	10.82	0.782674	0.999739	0.000679	0.000000
0.0904	11.18	0.782674	1.000000	0.000000	0.000000
0.0904	11.55	0.782674	0.999937	0.000352	0.000000
0.0904	11.92	0.782674	0.974339	0.147410	0.022302
0.0904	12.29	0.782674	0.999884	0.000470	0.000000
0.0904	12.65	0.782674	1.000000	0.000000	0.000000
0.0904	13.02	0.782674	1.000000	0.000000	0.000000
0.0904	13.39	0.782674	1.000000	0.000000	0.000000
0.0904	13.76	0.782674	1.000000	0.000000	0.000000
0.0904	14.12	0.782674	1.000000	0.000000	0.000000
0.0904	14.49	0.782674	1.000000	0.000000	0.000000
0.0904	14.86	0.782674	1.000000	0.000000	0.000000
0.0904	15.22	0.782674	1.000000	0.000000	0.000000
0.0904	15.59	0.782674	1.000000	0.000000	0.000000
0.0904	15.96	0.782674	1.000000	0.000000	0.000000
0.0904	16.33	0.782674	1.000000	0.000000	0.000000
0.0904	16.69	0.782674	1.000000	0.000000	0.000000
0.0904	17.06	0.782674	1.000000	0.000000	0.000000
0.0904	17.43	0.782674	1.000000	0.000000	0.000000
0.0904	17.80	0.782674	1.000000	0.000000	0.000000
0.0904	18.16	0.782674	1.000000	0.000000	0.000000
0.0904	18.53	0.782674	1.000000	0.000000	0.000000
0.0904	18.90	0.782674	1.000000	0.000000	0.000000
0.0904	19.27	0.782674	1.000000	0.000000	0.000000
0.0904	19.63	0.782674	1.000000	0.000000	0.000000
0.0904	20.00	0.782674	1.000000	0.000000	0.000000
0.0949	2.00	0.767065	0.000000	0.000000	0.000000
0.0949	2.37	0.767065	0.000000	0.000000	0.000000
0.0949	2.73	0.767065	0.000000	0.000000	0.000000
0.0949	3.10	0.767065	0.000000	0.000000	0.000000
0.0949	3.47	0.767065	0.000000	0.000000	0.000000
0.0949	3.84	0.767065	0.000000	0.000000	0.000000
0.0949	4.20	0.767065	0.000000	0.000000	0.000000
0.0949	4.57	0.767065	0.000000	0.000000	0.000000
0.0949	4.94	0.767065	0.000000	0.000000	0.000000
0.0949	5.31	0.767065	0.000000	0.000000	0.000000
0.0949	5.67	0.767065	0.000000	0.000000	0.000000
0.0949	6.04	0.767065	0.000000	0.000000	0.000000
0.0949	6.41	0.767065	0.000000	0.000000	0.000000
0.0949	6.78	0.767065	0.000000	0.000000	0.000000
0.0949	7.14	0.767065	0.130346	0.000000	0.000000
0.0949	7.51	0.767065	0.154786	0.000000	0.000000
0.0949	7.88	0.767065	0.250509	0.091650	0.033530
0.0949	8.24	0.767065	0.461813	0.229400	0.113951
0.0949	8.61	0.767065	0.526273	0.313838	0.187154
0.0949	8.98	0.767065	0.635268	0.266935	0.112164
0.0949	9.35	0.767065	0.707200	0.203710	0.058679
0.0949	9.71	0.767065	0.788427	0.174582	0.038658
0.0949	10.08	0.767065	0.823644	0.167543	0.034081
0.0949	10.45	0.767065	0.909557	0.037408	0.001538
0.0949	10.82	0.767065	0.893437	0.205159	0.047111
0.0949	11.18	0.767065	0.970087	0.039114	0.001577
0.0949	11.55	0.767065	0.984324	0.029914	0.000909
0.0949	11.92	0.767065	0.964574	0.148724	0.022931
0.0949	12.29	0.767065	0.964097	0.145319	0.021904
0.0949	12.65	0.767065	0.997604	0.000920	0.000001
0.0949	13.02	0.767065	0.997323	0.002472	0.000006
0.0949	13.39	0.767065	0.997908	0.000577	0.000000
0.0949	13.76	0.767065	0.998699	0.002259	0.000005
0.0949	14.12	0.767065	0.999265	0.001673	0.000003
0.0949	14.49	0.767065	0.999303	0.001171	0.000001
0.0949	14.86	0.767065	0.999739	0.000681	0.000000
0.0949	15.22	0.767065	0.999678	0.001098	0.000001
0.0949	15.59	0.767065	0.999843	0.000543	0.000000
0.0949	15.96	0.767065	0.999835	0.000556	0.000000
0.0949	16.33	0.767065	0.999890	0.000461	0.000000
0.0949	16.69	0.767065	0.999945	0.000330	0.000000
0.0949	17.06	0.767065	0.999217	0.000991	0.000001
0.0949	17.43	0.767065	0.999634	0.000782	0.000001
0.0949	17.80	0.767065	1.000000	0.000000	0.000000
0.0949	18.16	0.767065	1.000000	0.000000	0.000000
0.0949	18.53	0.767065	0.999896	0.000449	0.000000
0.0949	18.90	0.767065	1.000000	0.000000	0.000000
0.0949	19.27	0.767065	1.000000	0.000000	0.000000
0.0949	19.63	0.767065	1.000000	0.000000	0.000000
0.0949	20.00	0.767065	1.000000	0.000000	0.000000
0.0992	2.00	0.728331	0.000000	0.000000	0.000000
0.0992	2.37	0.728331	0.000000	0.000000	0.000000
0.0992	2.73	0.728331	0.000000	0.000000	0.000000
0.0992	3.10	0.728331	0.000000	0.000000	0.000000
0.0992	3.47	0.728331	0.000000	0.000000	0.000000
0.0992	3.84	0.728331	0.000000	0.000000	0.000000
0.0992	4.20	0.728331	0.000000	0.000000	0.000000
0.0992	4.57	0.728331	0.000000	0.000000	0.000000
0.0992	4.94	0.728331	0.000000	0.000000	0.000000
0.0992	5.31	0.728331	0.000000	0.000000	0.000000
0.0992	5.67	0.728331	0.000000	0.000000	0.000000
0.0992	6.04	0.728331	0.000000	0.000000	0.000000
0.0992	6.41	0.728331	0.000000	0.000000	0.000000
0.0992	6.78	0.728331	0.000000	0.000000	0.000000
0.0992	7.14	0.728331	0.000000	0.000000	0.000000
0.0992	7.51	0.728331	0.000000	0.000000	0.000000
0.0992	7.88	0.728331	0.000000	0.000000	0.000000
0.0992	8.24	0.728331	0.000000	0.000000	0.000000
0.0992	8.61	0.728331	0.109091	0.000000	0.000000
0.0992	8.98	0.728331	0.214815	0.121227	0.068412
0.0992	9.35	0.728331	0.210505	0.080782	0.031000
0.0992	9.71	0.728331	0.342657	0.265913	0.206357
0.0992	10.08	0.728331	0.571480	0.306686	0.164584
0.0992	10.45	0.728331	0.831158	0.295356	0.104956
0.0992	10.82	0.728331	0.878139	0.296320	0.099990
0.0992	11.18	0.728331	0.969966	0.161362	0.026844
0.0992	11.55	0.728331	0.999449	0.002500	0.000006
0.0992	11.92	0.728331	0.999878	0.000693	0.000000
0.0992	12.29	0.728331	0.999703	0.000715	0.000001
0.0992	12.65	0.728331	0.999941	0.000341	0.000000
0.0992	13.02	0.728331	0.999888	0.000463	0.000000
0.0992	13.39	0.728331	1.000000	0.000000	0.000000
0.0992	13.76	0.728331	1.000000	0.000000	0.000000
0.0992	14.12	0.728331	1.000000	0.000000	0.000000
0.0992	14.49	0.728331	1.000000	0.000000	0.000000
0.0992	14.86	0.728331	1.000000	0.000000	0.000000
0.0992	15.22	0.728331	1.000000	0.000000	0.000000
0.0992	15.59	0.728331	1.000000	0.000000	0.000000
0.0992	15.96	0.728331	1.000000	0.000000	0.000000
0.0992	16.33	0.728331	1.000000	0.000000	0.000000
0.0992	16.69	0.728331	1.000000	0.000000	0.000000
0.0992	17.06	0.728331	1.000000	0.000000	0.000000
0.0992	17.43	0.728331	1.000000	0.000000	0.000000
0.0992	17.80	0.728331	1.000000	0.000000	0.000000
0.0992	18.16	0.728331	1.000000	0.000000	0.000000
0.0992	18.53	0.728331	1.000000	0.000000	0.000000
0.0992	18.90	0.728331	1.000000	0.000000	0.000000
0.0992	19.27	0.728331	1.000000	0.000000	0.000000
0.0992	19.63	0.728331	1.000000	0.000000	0.000000
0.0992	20.00	0.728331	1.000000	0.000000	0.000000
0.1031	2.00	0.730674	0.000000	0.000000	0.000000
0.1031	2.37	0.730674	0.000000	0.000000	0.000000
0.1031	2.73	0.730674	0.000000	0.000000	0.000000
0.1031	3.10	0.730674	0.000000	0.000000	0.000000
0.1031	3.47	0.730674	0.000000	0.000000	0.000000
0.1031	3.84	0.730674	0.000000	0.000000	0.000000
0.1031	4.20	0.730674	0.000000	0.000000	0.000000
0.1031	4.57	0.730674	0.000000	0.000000	0.000000
0.1031	4.94	0.730674	0.000000	0.000000	0.000000
0.1031	5.31	0.730674	0.000000	0.000000	0.000000
0.1031	5.67	0.730674	0.000000	0.000000	0.000000
0.1031	6.04	0.730674	0.000000	0.000000	0.000000
0.1031	6.41	0.730674	0.000000	0.000000	0.000000
0.1031	6.78	0.730674	0.000000	0.000000	0.000000
0.1031	7.14	0.730674	0.000000	0.000000	0.000000
0.1031	7.51	0.730674	0.000000	0.000000	0.000000
0.1031	7.88	0.730674	0.132797	0.000000	0.000000
0.1031	8.24	0.730674	0.221328	0.074447	0.025041
0.1031	8.61	0.730674	0.346881	0.248484	0.177999
0.1031	8.98	0.730674	0.777107	0.360609	0.167337
0.1031	9.35	0.730674	0.962346	0.019261	0.000385
0.1031	9.71	0.730674	0.985341	0.006057	0.000037
0.1031	10.08	0.730674	0.988457	0.020298	0.000417
0.1031	10.45	0.730674	0.959423	0.169458	0.029931
0.1031	10.82	0.730674	0.957979	0.169679	0.030054
0.1031	11.18	0.730674	0.994033	0.017648	0.000313
0.1031	11.55	0.730674	0.966963	0.146830	0.022296
0.1031	11.92	0.730674	0.992706	0.021011	0.000445
0.1031	12.29	0.730674	0.988598	0.032638	0.001078
0.1031	12.65	0.730674	0.995427	0.004574	0.000021
0.1031	13.02	0.730674	0.995739	0.007880	0.000062
0.1031	13.39	0.730674	0.998160	0.008154	0.000067
0.1031	13.76	0.730674	0.999655	0.001019	0.000001
0.1031	14.12	0.730674	0.998938	0.001536	0.000002
0.1031	14.49	0.730674	0.998826	0.001599	0.000003
0.1031	14.86	0.730674	0.999385	0.001326	0.000002
0.1031	15.22	0.730674	1.000000	0.000000	0.000000
0.1031	15.59	0.730674	1.000000	0.000000	0.000000
0.1031	15.96	0.730674	1.000000	0.000000	0.000000
0.1031	16.33	0.730674	1.000000	0.000000	0.000000
0.1031	16.69	0.730674	0.999845	0.000536	0.000000
0.1031	17.06	0.730674	0.999799	0.000604	0.000000
0.1031	17.43	0.730674	1.000000	0.000000	0.000000
0.1031	17.80	0.730674	1.000000	0.000000	0.000000
0.1031	18.16	0.730674	1.000000	0.000000	0.000000
0.1031	18.53	0.730674	1.000000	0.000000	0.000000
0.1031	18.90	0.730674	1.000000	0.000000	0.000000
0.1031	19.27	0.730674	0.999948	0.000318	0.000000
0.1031	19.63	0.730674	1.000000	0.000000	0.000000
0.1031	20.00	0.730674	1.000000	0.000000	0.000000
0.1070	2.00	0.714934	0.000000	0.000000	0.000000
0.1070	2.37	0.714934	0.000000	0.000000	0.000000
0.1070	2.73	0.714934	0.000000	0.000000	0.000000
0.1070	3.10	0.714934	0.000000	0.000000	0.000000
0.1070	3.47	0.714934	0.000000	0.000000	0.000000
0.1070	3.84	0.714934	0.000000	0.000000	0.000000
0.1070	4.20	0.714934	0.000000	0.000000	0.000000
0.1070	4.57	0.714934	0.000000	0.000000	0.000000
0.1070	4.94	0.714934	0.000000	0.000000	0.000000
0.1070	5.31	0.714934	0.000000	0.000000	0.000000
0.1070	5.67	0.714934	0.000000	0.000000	0.000000
0.1070	6.04	0.714934	0.000000	0.000000	0.000000
0.1070	6.41	0.714934	0.000000	0.000000	0.000000
0.1070	6.78	0.714934	0.189135	0.000000	0.000000
0.1070	7.14	0.714934	0.761234	0.031099	0.001270
0.1070	7.51	0.714934	0.877264	0.021436	0.000524
0.1070	7.88	0.714934	0.686922	0.263130	0.100794
0.1070	8.24	0.714934	0.899799	0.025240	0.000708
0.1070	8.61	0.714934	0.956489	0.013551	0.000192
0.1070	8.98	0.714934	0.988305	0.005918	0.000035
0.1070	9.35	0.714934	0.991574	0.003643	0.000013
0.1070	9.71	0.714934	0.996551	0.001772	0.000003
0.1070	10.08	0.714934	0.969963	0.135693	0.018983
0.1070	10.45	0.714934	0.994567	0.020362	0.000417
0.1070	10.82	0.714934	0.996625	0.008946	0.000080
0.1070	11.18	0.714934	0.970892	0.154886	0.024709
0.1070	11.55	0.714934	0.999546	0.000984	0.000001
0.1070	11.92	0.714934	0.974636	0.142416	0.020810
0.1070	12.29	0.714934	0.950503	0.192587	0.039021
0.1070	12.65	0.714934	0.978637	0.114540	0.013406
0.1070	13.02	0.714934	0.999882	0.000473	0.000000
0.1070	13.39	0.714934	0.999586	0.002380	0.000006
0.1070	13.76	0.714934	0.975464	0.144141	0.021299
0.1070	14.12	0.714934	0.999138	0.002603	0.000007
0.1070	14.49	0.714934	0.998908	0.004469	0.000020
0.1070	14.86	0.714934	0.999944	0.000331	0.000000
0.1070	15.22	0.714934	1.000000	0.000000	0.000000
0.1070	15.59	0.714934	1.000000	0.000000	0.000000
0.1070	15.96	0.714934	1.000000	0.000000	0.000000
0.1070	16.33	0.714934	0.999947	0.000322	0.000000
0.1070	16.69	0.714934	1.000000	0.000000	0.000000
0.1070	17.06	0.714934	0.999948	0.000318	0.000000
0.1070	17.43	0.714934	0.977767	0.138526	0.019626
0.1070	17.80	0.714934	1.000000	0.000000	0.000000
0.1070	18.16	0.714934	1.000000	0.000000	0.000000
0.1070	18.53	0.714934	1.000000	0.000000	0.000000
0.1070	18.90	0.714934	1.000000	0.000000	0.000000
0.1070	19.27	0.714934	1.000000	0.000000	0.000000
0.1070	19.63	0.714934	1.000000	0.000000	0.000000
0.1070	20.00	0.714934	1.000000	0.000000	0.000000
0.1109	2.00	0.685940	0.000000	0.000000	0.000000
0.1109	2.37	0.685940	0.000000	0.000000	0.000000
0.1109	2.73	0.685940	0.000000	0.000000	0.000000
0.1109	3.10	0.685940	0.000000	0.000000	0.000000
0.1109	3.47	0.685940	0.000000	0.000000	0.000000
0.1109	3.84	0.685940	0.000000	0.000000	0.000000
0.1109	4.20	0.685940	0.000000	0.000000	0.000000
0.1109	4.57	0.685940	0.000000	0.000000	0.000000
0.1109	4.94	0.685940	0.000000	0.000000	0.000000
0.1109	5.31	0.685940	0.000000	0.000000	0.000000
0.1109	5.67	0.685940	0.000000	0.000000	0.000000
0.1109	6.04	0.685940	0.000000	0.000000	0.000000
0.1109	6.41	0.685940	0.000000	0.000000	0.000000
0.1109	6.78	0.685940	0.000000	0.000000	0.000000
0.1109	7.14	0.685940	0.000000	0.000000	0.000000
0.1109	7.51	0.685940	0.000000	0.000000	0.000000
0.1109	7.88	0.685940	0.000000	0.000000	0.000000
0.1109	8.24	0.685940	0.000000	0.000000	0.000000
0.1109	8.61	0.685940	0.000000	0.000000	0.000000
0.1109	8.98	0.685940	0.143149	0.038855	0.010546
0.1109	9.35	0.685940	0.213848	0.150581	0.106031
0.1109	9.71	0.685940	0.544990	0.276364	0.140144
0.1109	10.08	0.685940	0.592536	0.373493	0.235424
0.1109	10.45	0.685940	0.586571	0.357792	0.218243
0.1109	10.82	0.685940	0.820192	0.299373	0.109272
0.1109	11.18	0.685940	0.968643	0.161336	0.026872
0.1109	11.55	0.685940	0.972265	0.154056	0.024410
0.1109	11.92	0.685940	0.999604	0.001594	0.000003
0.1109	12.29	0.685940	0.973787	0.148283	0.022580
0.1109	12.65	0.685940	0.976629	0.135227	0.018724
0.1109	13.02	0.685940	0.998890	0.005017	0.000025
0.1109	13.39	0.685940	1.000000	0.000000	0.000000
0.1109	13.76	0.685940	0.976787	0.139280	0.019860
0.1109	14.12	0.685940	0.976375	0.143705	0.021151
0.1109	14.49	0.685940	1.000000	0.000000	0.000000
0.1109	14.86	0.685940	1.000000	0.000000	0.000000
0.1109	15.22	0.685940	1.000000	0.000000	0.000000
0.1109	15.59	0.685940	1.000000	0.000000	0.000000
0.1109	15.96	0.685940	1.000000	0.000000	0.000000
0.1109	16.33	0.685940	1.000000	0.000000	0.000000
0.1109	16.69	0.685940	1.000000	0.000000	0.000000
0.1109	17.06	0.685940	1.000000	0.000000	0.000000
0.1109	17.43	0.685940	1.000000	0.000000	0.000000
0.1109	17.80	0.685940	1.000000	0.000000	0.000000
0.1109	18.16	0.685940	1.000000	0.000000	0.000000
0.1109	18.53	0.685940	1.000000	0.000000	0.000000
0.1109	18.90	0.685940	1.000000	0.000000	0.000000
0.1109	19.27	0.685940	1.000000	0.000000	0.000000
0.1109	19.63	0.685940	1.000000	0.000000	0.000000
0.1109	20.00	0.685940	1.000000	0.000000	0.000000
0.1146	2.00	0.663585	0.000000	0.000000	0.000000
0.1146	2.37	0.663585	0.000000	0.000000	0.000000
0.1146	2.73	0.663585	0.000000	0.000000	0.000000
0.1146	3.10	0.663585	0.000000	0.000000	0.000000
0.1146	3.47	0.663585	0.000000	0.000000	0.000000
0.1146	3.84	0.663585	0.000000	0.000000	0.000000
0.1146	4.20	0.663585	0.000000	0.000000	0.000000
0.1146	4.57	0.663585	0.000000	0.000000	0.000000
0.1146	4.94	0.663585	0.000000	0.000000	0.000000
0.1146	5.31	0.663585	0.000000	0.000000	0.000000
0.1146	5.67	0.663585	0.000000	0.000000	0.000000
0.1146	6.04	0.663585	0.000000	0.000000	0.000000
0.1146	6.41	0.663585	0.000000	0.000000	0.000000
0.1146	6.78	0.663585	0.000000	0.000000	0.000000
0.1146	7.14	0.663585	0.000000	0.000000	0.000000
0.1146	7.51	0.663585	0.000000	0.000000	0.000000
0.1146	7.88	0.663585	0.000000	0.000000	0.000000
0.1146	8.24	0.663585	0.000000	0.000000	0.000000
0.1146	8.61	0.663585	0.113590	0.000000	0.000000
0.1146	8.98	0.663585	0.000000	0.000000	0.000000
0.1146	9.35	0.663585	0.117647	0.000000	0.000000
0.1146	9.71	0.663585	0.134888	0.038925	0.011232
0.1146	10.08	0.663585	0.231688	0.200766	0.173972
0.1146	10.45	0.663585	0.287399	0.219387	0.167470
0.1146	10.82	0.663585	0.457007	0.309595	0.209732
0.1146	11.18	0.663585	0.579422	0.366591	0.231937
0.1146	11.55	0.663585	0.784517	0.288724	0.106259
0.1146	11.92	0.663585	0.900085	0.239743	0.063857
0.1146	12.29	0.663585	0.992267	0.012090	0.000147
0.1146	12.65	0.663585	0.967247	0.148457	0.022786
0.1146	13.02	0.663585	0.998145	0.007214	0.000052
0.1146	13.39	0.663585	0.997859	0.008155	0.000067
0.1146	13.76	0.663585	0.999940	0.000343	0.000000
0.1146	14.12	0.663585	1.000000	0.000000	0.000000
0.1146	14.49	0.663585	1.000000	0.000000	0.000000
0.1146	14.86	0.663585	1.000000	0.000000	0.000000
0.1146	15.22	0.663585	1.000000	0.000000	0.000000
0.1146	15.59	0.663585	1.000000	0.000000	0.000000
0.1146	15.96	0.663585	1.000000	0.000000	0.000000
0.1146	16.33	0.663585	1.000000	0.000000	0.000000
0.1146	16.69	0.663585	1.000000	0.000000	0.000000
0.1146	17.06	0.663585	1.000000	0.000000	0.000000
0.1146	17.43	0.663585	1.000000	0.000000	0.000000
0.1146	17.80	0.663585	1.000000	0.000000	0.000000
0.1146	18.16	0.663585	1.000000	0.000000	0.000000
0.1146	18.53	0.663585	1.000000	0.000000	0.000000
0.1146	18.90	0.663585	1.000000	0.000000	0.000000
0.1146	19.27	0.663585	1.000000	0.000000	0.000000
0.1146	19.63	0.663585	1.000000	0.000000	0.000000
0.1146	20.00	0.663585	1.000000	0.000000	0.000000
0.1184	2.00	0.742923	0.000000	0.000000	0.000000
0.1184	2.37	0.742923	0.000000	0.000000	0.000000
0.1184	2.73	0.742923	0.000000	0.000000	0.000000
0.1184	3.10	0.742923	0.000000	0.000000	0.000000
0.1184	3.47	0.742923	0.000000	0.000000	0.000000
0.1184	3.84	0.742923	0.000000	0.000000	0.000000
0.1184	4.20	0.742923	0.000000	0.000000	0.000000
0.1184	4.57	0.742923	0.000000	0.000000	0.000000
0.1184	4.94	0.742923	0.000000	0.000000	0.000000
0.1184	5.31	0.742923	0.000000	0.000000	0.000000
0.1184	5.67	0.742923	0.000000	0.000000	0.000000
0.1184	6.04	0.742923	0.000000	0.000000	0.000000
0.1184	6.41	0.742923	0.121704	0.000000	0.000000
0.1184	6.78	0.742923	0.303245	0.003043	0.000031
0.1184	7.14	0.742923	0.756592	0.000000	0.000000
0.1184	7.51	0.742923	0.000000	0.000000	0.000000
0.1184	7.88	0.742923	0.566599	0.317461	0.177871
0.1184	8.24	0.742923	0.864999	0.047030	0.002557
0.1184	8.61	0.742923	0.910895	0.047381	0.002465
0.1184	8.98	0.742923	0.948839	0.038430	0.001556
0.1184	9.35	0.742923	0.895934	0.220216	0.054128
0.1184	9.71	0.742923	0.950751	0.168762	0.029956
0.1184	10.08	0.742923	0.935091	0.218167	0.050901
0.1184	10.45	0.742923	0.928803	0.201550	0.043736
0.1184	10.82	0.742923	0.887551	0.261377	0.076974
0.1184	11.18	0.742923	0.901999	0.236825	0.062180
0.1184	11.55	0.742923	0.922167	0.240416	0.062678
0.1184	11.92	0.742923	0.949058	0.178404	0.033536
0.1184	12.29	0.742923	0.945813	0.192557	0.039203
0.1184	12.65	0.742923	0.974906	0.116107	0.013828
0.1184	13.02	0.742923	0.954224	0.160433	0.026973
0.1184	13.39	0.742923	0.996581	0.002101	0.000004
0.1184	13.76	0.742923	0.996117	0.004685	0.000022
0.1184	14.12	0.742923	0.984393	0.038232	0.001485
0.1184	14.49	0.742923	0.957831	0.151946	0.024104
0.1184	14.86	0.742923	0.977367	0.118538	0.014377
0.1184	15.22	0.742923	0.999093	0.001291	0.000002
0.1184	15.59	0.742923	0.997660	0.000864	0.000001
0.1184	15.96	0.742923	0.997972	0.000650	0.000000
0.1184	16.33	0.742923	0.997259	0.007370	0.000054
0.1184	16.69	0.742923	0.998336	0.000904	0.000001
0.1184	17.06	0.742923	0.978936	0.107478	0.011800
0.1184	17.43	0.742923	0.996359	0.000819	0.000001
0.1184	17.80	0.742923	0.997917	0.000329	0.000000
0.1184	18.16	0.742923	0.997972	0.000000	0.000000
0.1184	18.53	0.742923	0.998076	0.000789	0.000001
0.1184	18.90	0.742923	0.997920	0.000858	0.000001
0.1184	19.27	0.742923	0.997972	0.000000	0.000000
0.1184	19.63	0.742923	0.997865	0.000453	0.000000
0.1184	20.00	0.742923	0.998025	0.000325	0.000000
0.1222	2.00	0.717325	0.000000	0.000000	0.000000
0.1222	2.37	0.717325	0.000000	0.000000	0.000000
0.1222	2.73	0.717325	0.000000	0.000000	0.000000
0.1222	3.10	0.717325	0.000000	0.000000	0.000000
0.1222	3.47	0.717325	0.000000	0.000000	0.000000
0.1222	3.84	0.717325	0.000000	0.000000	0.000000
0.1222	4.20	0.717325	0.000000	0.000000	0.000000
0.1222	4.57	0.717325	0.000000	0.000000	0.000000
0.1222	4.94	0.717325	0.000000	0.000000	0.000000
0.1222	5.31	0.717325	0.000000	0.000000	0.000000
0.1222	5.67	0.717325	0.000000	0.000000	0.000000
0.1222	6.04	0.717325	0.000000	0.000000	0.000000
0.1222	6.41	0.717325	0.000000	0.000000	0.000000
0.1222	6.78	0.717325	0.000000	0.000000	0.000000
0.1222	7.14	0.717325	0.000000	0.000000	0.000000
0.1222	7.51	0.717325	0.113821	0.000000	0.000000
0.1222	7.88	0.717325	0.461382	0.000000	0.000000
0.1222	8.24	0.717325	0.911585	0.166827	0.030530
0.1222	8.61	0.717325	0.909645	0.253622	0.070714
0.1222	8.98	0.717325	0.995935	0.001536	0.000002
0.1222	9.35	0.717325	0.996225	0.002012	0.000004
0.1222	9.71	0.717325	0.997724	0.001445	0.000002
0.1222	10.08	0.717325	0.998879	0.001370	0.000002
0.1222	10.45	0.717325	0.999849	0.000768	0.000001
0.1222	10.82	0.717325	0.999869	0.000718	0.000001
0.1222	11.18	0.717325	0.999746	0.000672	0.000000
0.1222	11.55	0.717325	0.999607	0.001498	0.000002
0.1222	11.92	0.717325	0.999809	0.000592	0.000000
0.1222	12.29	0.717325	1.000000	0.000000	0.000000
0.1222	12.65	0.717325	0.999942	0.000339	0.000000
0.1222	13.02	0.717325	0.999942	0.000339	0.000000
0.1222	13.39	0.717325	1.000000	0.000000	0.000000
0.1222	13.76	0.717325	1.000000	0.000000	0.000000
0.1222	14.12	0.717325	1.000000	0.000000	0.000000
0.1222	14.49	0.717325	1.000000	0.000000	0.000000
0.1222	14.86	0.717325	0.999890	0.000460	0.000000
0.1222	15.22	0.717325	1.000000	0.000000	0.000000
0.1222	15.59	0.717325	1.000000	0.000000	0.000000
0.1222	15.96	0.717325	1.000000	0.000000	0.000000
0.1222	16.33	0.717325	1.000000	0.000000	0.000000
0.1222	16.69	0.717325	1.000000	0.000000	0.000000
0.1222	17.06	0.717325	1.000000	0.000000	0.000000
0.1222	17.43	0.717325	1.000000	0.000000	0.000000
0.1222	17.80	0.717325	1.000000	0.000000	0.000000
0.1222	18.16	0.717325	1.000000	0.000000	0.000000
0.1222	18.53	0.717325	1.000000	0.000000	0.000000
0.1222	18.90	0.717325	1.000000	0.000000	0.000000
0.1222	19.27	0.717325	1.000000	0.000000	0.000000
0.1222	19.63	0.717325	1.000000	0.000000	0.000000
0.1222	20.00	0.717325	1.000000	0.000000	0.000000
0.1265	2.00	0.683159	0.000000	0.000000	0.000000
0.1265	2.37	0.683159	0.000000	0.000000	0.000000
0.1265	2.73	0.683159	0.000000	0.000000	0.000000
0.1265	3.10	0.683159	0.000000	0.000000	0.000000
0.1265	3.47	0.683159	0.000000	0.000000	0.000000
0.1265	3.84	0.683159	0.000000	0.000000	0.000000
0.1265	4.20	0.683159	0.000000	0.000000	0.000000
0.1265	4.57	0.683159	0.000000	0.000000	0.000000
0.1265	4.94	0.683159	0.000000	0.000000	0.000000
0.1265	5.31	0.683159	0.000000	0.000000	0.000000
0.1265	5.67	0.683159	0.000000	0.000000	0.000000
0.1265	6.04	0.683159	0.000000	0.000000	0.000000
0.1265	6.41	0.683159	0.000000	0.000000	0.000000
0.1265	6.78	0.683159	0.000000	0.000000	0.000000
0.1265	7.14	0.683159	0.000000	0.000000	0.000000
0.1265	7.51	0.683159	0.000000	0.000000	0.000000
0.1265	7.88	0.683159	0.000000	0.000000	0.000000
0.1265	8.24	0.683159	0.315041	0.313885	0.312733
0.1265	8.61	0.683159	0.577816	0.359123	0.223201
0.1265	8.98	0.683159	0.805488	0.328130	0.133669
0.1265	9.35	0.683159	0.875060	0.273628	0.085563
0.1265	9.71	0.683159	0.976481	0.003793	0.000015
0.1265	10.08	0.683159	0.977449	0.002654	0.000007
0.1265	10.45	0.683159	0.980729	0.002946	0.000009
0.1265	10.82	0.683159	0.981567	0.002665	0.000007
0.1265	11.18	0.683159	0.981843	0.002284	0.000005
0.1265	11.55	0.683159	0.983168	0.002170	0.000005
0.1265	11.92	0.683159	0.985649	0.002915	0.000009
0.1265	12.29	0.683159	0.986327	0.002798	0.000008
0.1265	12.65	0.683159	0.990435	0.002234	0.000005
0.1265	13.02	0.683159	0.991870	0.001844	0.000003
0.1265	13.39	0.683159	0.992109	0.001894	0.000004
0.1265	13.76	0.683159	0.987689	0.002276	0.000005
0.1265	14.12	0.683159	0.988652	0.001878	0.000004
0.1265	14.49	0.683159	0.992200	0.002087	0.000004
0.1265	14.86	0.683159	0.992914	0.001807	0.000003
0.1265	15.22	0.683159	0.994298	0.001965	0.000004
0.1265	15.59	0.683159	0.995056	0.001298	0.000002
0.1265	15.96	0.683159	0.990222	0.001758	0.000003
0.1265	16.33	0.683159	0.990277	0.001646	0.000003
0.1265	16.69	0.683159	0.995331	0.001325	0.000002
0.1265	17.06	0.683159	0.995331	0.001325	0.000002
0.1265	17.43	0.683159	0.993243	0.001422	0.000002
0.1265	17.80	0.683159	0.993421	0.001506	0.000002
0.1265	18.16	0.683159	0.996202	0.001333	0.000002
0.1265	18.53	0.683159	0.996539	0.001325	0.000002
0.1265	18.90	0.683159	0.994277	0.000788	0.000001
0.1265	19.27	0.683159	0.995056	0.001112	0.000001
0.1265	19.63	0.683159	0.994919	0.001298	0.000002
0.1265	20.00	0.683159	0.994232	0.000749	0.000001
0.1310	2.00	0.689147	0.000000	0.000000	0.000000
0.1310	2.37	0.689147	0.000000	0.000000	0.000000
0.1310	2.73	0.689147	0.000000	0.000000	0.000000
0.1310	3.10	0.689147	0.000000	0.000000	0.000000
0.1310	3.47	0.689147	0.000000	0.000000	0.000000
0.1310	3.84	0.689147	0.000000	0.000000	0.000000
0.1310	4.20	0.689147	0.000000	0.000000	0.000000
0.1310	4.57	0.689147	0.000000	0.000000	0.000000
0.1310	4.94	0.689147	0.000000	0.000000	0.000000
0.1310	5.31	0.689147	0.000000	0.000000	0.000000
0.1310	5.67	0.689147	0.000000	0.000000	0.000000
0.1310	6.04	0.689147	0.000000	0.000000	0.000000
0.1310	6.41	0.689147	0.000000	0.000000	0.000000
0.1310	6.78	0.689147	0.000000	0.000000	0.000000
0.1310	7.14	0.689147	0.000000	0.000000	0.000000
0.1310	7.51	0.689147	0.000000	0.000000	0.000000
0.1310	7.88	0.689147	0.158215	0.000000	0.000000
0.1310	8.24	0.689147	0.442191	0.000000	0.000000
0.1310	8.61	0.689147	0.160243	0.000000	0.000000
0.1310	8.98	0.689147	0.204868	0.070456	0.024230
0.1310	9.35	0.689147	0.366013	0.119030	0.038710
0.1310	9.71	0.689147	0.575753	0.348761	0.211261
0.1310	10.08	0.689147	0.711031	0.366085	0.188484
0.1310	10.45	0.689147	0.825775	0.312289	0.118100
0.1310	10.82	0.689147	0.919165	0.235335	0.060253
0.1310	11.18	0.689147	0.917020	0.225298	0.055352
0.1310	11.55	0.689147	0.971856	0.139391	0.019993
0.1310	11.92	0.689147	0.999620	0.001068	0.000001
0.1310	12.29	0.689147	0.994571	0.021778	0.000477
0.1310	12.65	0.689147	0.999826	0.000747	0.000001
0.1310	13.02	0.689147	1.000000	0.000000	0.000000
0.1310	13.39	0.689147	1.000000	0.000000	0.000000
0.1310	13.76	0.689147	1.000000	0.000000	0.000000
0.1310	14.12	0.689147	1.000000	0.000000	0.000000
0.1310	14.49	0.689147	1.000000	0.000000	0.000000
0.1310	14.86	0.689147	1.000000	0.000000	0.000000
0.1310	15.22	0.689147	0.999947	0.000325	0.000000
0.1310	15.59	0.689147	1.000000	0.000000	0.000000
0.1310	15.96	0.689147	1.000000	0.000000	0.000000
0.1310	16.33	0.689147	1.000000	0.000000	0.000000
0.1310	16.69	0.689147	1.000000	0.000000	0.000000
0.1310	17.06	0.689147	1.000000	0.000000	0.000000
0.1310	17.43	0.689147	1.000000	0.000000	0.000000
0.1310	17.80	0.689147	1.000000	0.000000	0.000000
0.1310	18.16	0.689147	1.000000	0.000000	0.000000
0.1310	18.53	0.689147	1.000000	0.000000	0.000000
0.1310	18.90	0.689147	1.000000	0.000000	0.000000
0.1310	19.27	0.689147	1.000000	0.000000	0.000000
0.1310	19.63	0.689147	1.000000	0.000000	0.000000
0.1310	20.00	0.689147	1.000000	0.000000	0.000000
0.1358	2.00	0.683621	0.000000	0.000000	0.000000
0.1358	2.37	0.683621	0.000000	0.000000	0.000000
0.1358	2.73	0.683621	0.000000	0.000000	0.000000
0.1358	3.10	0.683621	0.000000	0.000000	0.000000
0.1358	3.47	0.683621	0.000000	0.000000	0.000000
0.1358	3.84	0.683621	0.000000	0.000000	0.000000
0.1358	4.20	0.683621	0.000000	0.000000	0.000000
0.1358	4.57	0.683621	0.000000	0.000000	0.000000
0.1358	4.94	0.683621	0.000000	0.000000	0.000000
0.1358	5.31	0.683621	0.000000	0.000000	0.000000
0.1358	5.67	0.683621	0.000000	0.000000	0.000000
0.1358	6.04	0.683621	0.000000	0.000000	0.000000
0.1358	6.41	0.683621	0.000000	0.000000	0.000000
0.1358	6.78	0.683621	0.000000	0.000000	0.000000
0.1358	7.14	0.683621	0.000000	0.000000	0.000000
0.1358	7.51	0.683621	0.000000	0.000000	0.000000
0.1358	7.88	0.683621	0.000000	0.000000	0.000000
0.1358	8.24	0.683621	0.144033	0.000000	0.000000
0.1358	8.61	0.683621	0.293210	0.081276	0.022529
0.1358	8.98	0.683621	0.579218	0.163610	0.046215
0.1358	9.35	0.683621	0.692387	0.331948	0.159144
0.1358	9.71	0.683621	0.715792	0.345899	0.167152
0.1358	10.08	0.683621	0.943416	0.194753	0.040204
0.1358	10.45	0.683621	0.962567	0.169486	0.029843
0.1358	10.82	0.683621	0.936711	0.221660	0.052453
0.1358	11.18	0.683621	0.998236	0.001623	0.000003
0.1358	11.55	0.683621	0.999040	0.001027	0.000001
0.1358	11.92	0.683621	0.998938	0.001028	0.000001
0.1358	12.29	0.683621	0.998184	0.001391	0.000002
0.1358	12.65	0.683621	0.998971	0.001248	0.000002
0.1358	13.02	0.683621	0.999428	0.000922	0.000001
0.1358	13.39	0.683621	0.999706	0.000720	0.000001
0.1358	13.76	0.683621	0.999886	0.000471	0.000000
0.1358	14.12	0.683621	0.999943	0.000338	0.000000
0.1358	14.49	0.683621	1.000000	0.000000	0.000000
0.1358	14.86	0.683621	0.997998	0.000334	0.000000
0.1358	15.22	0.683621	0.998057	0.000471	0.000000
0.1358	15.59	0.683621	1.000000	0.000000	0.000000
0.1358	15.96	0.683621	1.000000	0.000000	0.000000
0.1358	16.33	0.683621	0.997997	0.000329	0.000000
0.1358	16.69	0.683621	0.999110	0.001019	0.000001
0.1358	17.06	0.683621	0.999103	0.001020	0.000001
0.1358	17.43	0.683621	1.000000	0.000000	0.000000
0.1358	17.80	0.683621	1.000000	0.000000	0.000000
0.1358	18.16	0.683621	0.999944	0.000334	0.000000
0.1358	18.53	0.683621	1.000000	0.000000	0.000000
0.1358	18.90	0.683621	1.000000	0.000000	0.000000
0.1358	19.27	0.683621	1.000000	0.000000	0.000000
0.1358	19.63	0.683621	1.000000	0.000000	0.000000
0.1358	20.00	0.683621	1.000000	0.000000	0.000000
0.1408	2.00	0.600875	0.000000	0.000000	0.000000
0.1408	2.37	0.600875	0.000000	0.000000	0.000000
0.1408	2.73	0.600875	0.000000	0.000000	0.000000
0.1408	3.10	0.600875	0.000000	0.000000	0.000000
0.1408	3.47	0.600875	0.000000	0.000000	0.000000
0.1408	3.84	0.600875	0.000000	0.000000	0.000000
0.1408	4.20	0.600875	0.000000	0.000000	0.000000
0.1408	4.57	0.600875	0.000000	0.000000	0.000000
0.1408	4.94	0.600875	0.000000	0.000000	0.000000
0.1408	5.31	0.600875	0.000000	0.000000	0.000000
0.1408	5.67	0.600875	0.000000	0.000000	0.000000
0.1408	6.04	0.600875	0.000000	0.000000	0.000000
0.1408	6.41	0.600875	0.000000	0.000000	0.000000
0.1408	6.78	0.600875	0.000000	0.000000	0.000000
0.1408	7.14	0.600875	0.000000	0.000000	0.000000
0.1408	7.51	0.600875	0.000000	0.000000	0.000000
0.1408	7.88	0.600875	0.000000	0.000000	0.000000
0.1408	8.24	0.600875	0.000000	0.000000	0.000000
0.1408	8.61	0.600875	0.000000	0.000000	0.000000
0.1408	8.98	0.600875	0.111111	0.000000	0.000000
0.1408	9.35	0.600875	0.109091	0.000000	0.000000
0.1408	9.71	0.600875	0.198653	0.049107	0.012139
0.1408	10.08	0.600875	0.224747	0.037886	0.006386
0.1408	10.45	0.600875	0.296051	0.142625	0.068710
0.1408	10.82	0.600875	0.411500	0.263115	0.168237
0.1408	11.18	0.600875	0.473271	0.280671	0.166450
0.1408	11.55	0.600875	0.695158	0.269974	0.104848
0.1408	11.92	0.600875	0.904452	0.165338	0.030224
0.1408	12.29	0.600875	0.877652	0.272771	0.084776
0.1408	12.65	0.600875	0.996435	0.009246	0.000086
0.1408	13.02	0.600875	0.998801	0.001811	0.000003
0.1408	13.39	0.600875	0.999654	0.000761	0.000001
0.1408	13.76	0.600875	0.998268	0.001460	0.000002
0.1408	14.12	0.600875	0.999046	0.001115	0.000001
0.1408	14.49	0.600875	0.998033	0.000565	0.000000
0.1408	14.86	0.600875	0.976224	0.133460	0.018245
0.1408	15.22	0.600875	0.998033	0.000565	0.000000
0.1408	15.59	0.600875	0.999309	0.000958	0.000001
0.1408	15.96	0.600875	0.999309	0.001333	0.000002
0.1408	16.33	0.600875	0.999586	0.000935	0.000001
0.1408	16.69	0.600875	0.999689	0.000729	0.000001
0.1408	17.06	0.600875	0.999848	0.000532	0.000000
0.1408	17.43	0.600875	0.999949	0.000315	0.000000
0.1408	17.80	0.600875	0.999948	0.000319	0.000000
0.1408	18.16	0.600875	1.000000	0.000000	0.000000
0.1408	18.53	0.600875	1.000000	0.000000	0.000000
0.1408	18.90	0.600875	1.000000	0.000000	0.000000
0.1408	19.27	0.600875	1.000000	0.000000	0.000000
0.1408	19.63	0.600875	0.999848	0.000532	0.000000
0.1408	20.00	0.600875	0.999754	0.000661	0.000000
0.1458	2.00	0.650449	0.000000	0.000000	0.000000
0.1458	2.37	0.650449	0.000000	0.000000	0.000000
0.1458	2.73	0.650449	0.000000	0.000000	0.000000
0.1458	3.10	0.650449	0.000000	0.000000	0.000000
0.1458	3.47	0.650449	0.000000	0.000000	0.000000
0.1458	3.84	0.650449	0.000000	0.000000	0.000000
0.1458	4.20	0.650449	0.000000	0.000000	0.000000
0.1458	4.57	0.650449	0.000000	0.000000	0.000000
0.1458	4.94	0.650449	0.000000	0.000000	0.000000
0.1458	5.31	0.650449	0.000000	0.000000	0.000000
0.1458	5.67	0.650449	0.000000	0.000000	0.000000
0.1458	6.04	0.650449	0.000000	0.000000	0.000000
0.1458	6.41	0.650449	0.000000	0.000000	0.000000
0.1458	6.78	0.650449	0.000000	0.000000	0.000000
0.1458	7.14	0.650449	0.000000	0.000000	0.000000
0.1458	7.51	0.650449	0.000000	0.000000	0.000000
0.1458	7.88	0.650449	0.000000	0.000000	0.000000
0.1458	8.24	0.650449	0.000000	0.000000	0.000000
0.1458	8.61	0.650449	0.000000	0.000000	0.000000
0.1458	8.98	0.650449	0.153482	0.008170	0.000435
0.1458	9.35	0.650449	0.173631	0.022682	0.002963
0.1458	9.71	0.650449	0.400947	0.226080	0.127478
0.1458	10.08	0.650449	0.512224	0.285723	0.159379
0.1458	10.45	0.650449	0.579868	0.320493	0.177136
0.1458	10.82	0.650449	0.815740	0.238952	0.069995
0.1458	11.18	0.650449	0.878156	0.192667	0.042271
0.1458	11.55	0.650449	0.912902	0.155124	0.026359
0.1458	11.92	0.650449	0.945117	0.061360	0.003984
0.1458	12.29	0.650449	0.967784	0.033048	0.001129
0.1458	12.65	0.650449	0.973869	0.021488	0.000474
0.1458	13.02	0.650449	0.984816	0.012413	0.000156
0.1458	13.39	0.650449	0.956198	0.142251	0.021162
0.1458	13.76	0.650449	0.979880	0.022736	0.000528
0.1458	14.12	0.650449	0.989036	0.015729	0.000250
0.1458	14.49	0.650449	0.987082	0.020028	0.000406
0.1458	14.86	0.650449	0.987349	0.022623	0.000518
0.1458	15.22	0.650449	0.994502	0.004557	0.000021
0.1458	15.59	0.650449	0.995409	0.003004	0.000009
0.1458	15.96	0.650449	0.993863	0.013205	0.000175
0.1458	16.33	0.650449	0.995319	0.007494	0.000056
0.1458	16.69	0.650449	0.997087	0.003400	0.000012
0.1458	17.06	0.650449	0.995639	0.001953	0.000004
0.1458	17.43	0.650449	0.995891	0.001623	0.000003
0.1458	17.80	0.650449	0.998073	0.002355	0.000006
0.1458	18.16	0.650449	0.998071	0.001093	0.000001
0.1458	18.53	0.650449	0.998682	0.001730	0.000003
0.1458	18.90	0.650449	0.998529	0.001570	0.000002
0.1458	19.27	0.650449	0.999688	0.000732	0.000001
0.1458	19.63	0.650449	0.999037	0.001013	0.000001
0.1458	20.00	0.650449	0.999341	0.001053	0.000001
0.1506	2.00	0.681124	0.000000	0.000000	0.000000
0.1506	2.37	0.681124	0.000000	0.000000	0.000000
0.1506	2.73	0.681124	0.000000	0.000000	0.000000
0.1506	3.10	0.681124	0.000000	0.000000	0.000000
0.1506	3.47	0.681124	0.000000	0.000000	0.000000
0.1506	3.84	0.681124	0.000000	0.000000	0.000000
0.1506	4.20	0.681124	0.000000	0.000000	0.000000
0.1506	4.57	0.681124	0.000000	0.000000	0.000000
0.1506	4.94	0.681124	0.000000	0.000000	0.000000
0.1506	5.31	0.681124	0.000000	0.000000	0.000000
0.1506	5.67	0.681124	0.000000	0.000000	0.000000
0.1506	6.04	0.681124	0.000000	0.000000	0.000000
0.1506	6.41	0.681124	0.000000	0.000000	0.000000
0.1506	6.78	0.681124	0.000000	0.000000	0.000000
0.1506	7.14	0.681124	0.000000	0.000000	0.000000
0.1506	7.51	0.681124	0.000000	0.000000	0.000000
0.1506	7.88	0.681124	0.118952	0.000000	0.000000
0.1506	8.24	0.681124	0.193548	0.000000	0.000000
0.1506	8.61	0.681124	0.692204	0.248600	0.089283
0.1506	8.98	0.681124	0.711694	0.399110	0.223816
0.1506	9.35	0.681124	0.949122	0.198990	0.041720
0.1506	9.71	0.681124	0.918713	0.256423	0.071570
0.1506	10.08	0.681124	0.964466	0.170416	0.030112
0.1506	10.45	0.681124	1.000000	0.000000	0.000000
0.1506	10.82	0.681124	1.000000	0.000000	0.000000
0.1506	11.18	0.681124	1.000000	0.000000	0.000000
0.1506	11.55	0.681124	1.000000	0.000000	0.000000
0.1506	11.92	0.681124	0.972324	0.154066	0.024412
0.1506	12.29	0.681124	0.999881	0.000474	0.000000
0.1506	12.65	0.681124	0.999942	0.000336	0.000000
0.1506	13.02	0.681124	1.000000	0.000000	0.000000
0.1506	13.39	0.681124	1.000000	0.000000	0.000000
0.1506	13.76	0.681124	1.000000	0.000000	0.000000
0.1506	14.12	0.681124	1.000000	0.000000	0.000000
0.1506	14.49	0.681124	1.000000	0.000000	0.000000
0.1506	14.86	0.681124	1.000000	0.000000	0.000000
0.1506	15.22	0.681124	1.000000	0.000000	0.000000
0.1506	15.59	0.681124	1.000000	0.000000	0.000000
0.1506	15.96	0.681124	1.000000	0.000000	0.000000
0.1506	16.33	0.681124	1.000000	0.000000	0.000000
0.1506	16.69	0.681124	1.000000	0.000000	0.000000
0.1506	17.06	0.681124	0.999946	0.000327	0.000000
0.1506	17.43	0.681124	1.000000	0.000000	0.000000
0.1506	17.80	0.681124	1.000000	0.000000	0.000000
0.1506	18.16	0.681124	1.000000	0.000000	0.000000
0.1506	18.53	0.681124	1.000000	0.000000	0.000000
0.1506	18.90	0.681124	1.000000	0.000000	0.000000
0.1506	19.27	0.681124	1.000000	0.000000	0.000000
0.1506	19.63	0.681124	1.000000	0.000000	0.000000
0.1506	20.00	0.681124	1.000000	0.000000	0.000000
0.1557	2.00	0.606414	0.000000	0.000000	0.000000
0.1557	2.37	0.606414	0.000000	0.000000	0.000000
0.1557	2.73	0.606414	0.000000	0.000000	0.000000
0.1557	3.10	0.606414	0.000000	0.000000	0.000000
0.1557	3.47	0.606414	0.000000	0.000000	0.000000
0.1557	3.84	0.606414	0.000000	0.000000	0.000000
0.1557	4.20	0.606414	0.000000	0.000000	0.000000
0.1557	4.57	0.606414	0.000000	0.000000	0.000000
0.1557	4.94	0.606414	0.000000	0.000000	0.000000
0.1557	5.31	0.606414	0.000000	0.000000	0.000000
0.1557	5.67	0.606414	0.000000	0.000000	0.000000
0.1557	6.04	0.606414	0.000000	0.000000	0.000000
0.1557	6.41	0.606414	0.000000	0.000000	0.000000
0.1557	6.78	0.606414	0.000000	0.000000	0.000000
0.1557	7.14	0.606414	0.000000	0.000000	0.000000
0.1557	7.51	0.606414	0.000000	0.000000	0.000000
0.1557	7.88	0.606414	0.000000	0.000000	0.000000
0.1557	8.24	0.606414	0.000000	0.000000	0.000000
0.1557	8.61	0.606414	0.326531	0.000000	0.000000
0.1557	8.98	0.606414	0.281633	0.181633	0.117140
0.1557	9.35	0.606414	0.361808	0.248424	0.170572
0.1557	9.71	0.606414	0.586939	0.355474	0.215289
0.1557	10.08	0.606414	0.786813	0.252622	0.081110
0.1557	10.45	0.606414	0.778650	0.322394	0.133485
0.1557	10.82	0.606414	0.808418	0.336251	0.139859
0.1557	11.18	0.606414	0.942694	0.170924	0.030991
0.1557	11.55	0.606414	0.997537	0.002169	0.000005
0.1557	11.92	0.606414	0.969524	0.158820	0.026017
0.1557	12.29	0.606414	0.998661	0.001208	0.000001
0.1557	12.65	0.606414	0.998578	0.001463	0.000002
0.1557	13.02	0.606414	0.998949	0.001137	0.000001
0.1557	13.39	0.606414	0.999263	0.000980	0.000001
0.1557	13.76	0.606414	0.999228	0.000990	0.000001
0.1557	14.12	0.606414	0.998069	0.000461	0.000000
0.1557	14.49	0.606414	0.998125	0.000557	0.000000
0.1557	14.86	0.606414	0.998013	0.000327	0.000000
0.1557	15.22	0.606414	1.000000	0.000000	0.000000
0.1557	15.59	0.606414	1.000000	0.000000	0.000000
0.1557	15.96	0.606414	1.000000	0.000000	0.000000
0.1557	16.33	0.606414	1.000000	0.000000	0.000000
0.1557	16.69	0.606414	1.000000	0.000000	0.000000
0.1557	17.06	0.606414	1.000000	0.000000	0.000000
0.1557	17.43	0.606414	1.000000	0.000000	0.000000
0.1557	17.80	0.606414	1.000000	0.000000	0.000000
0.1557	18.16	0.606414	1.000000	0.000000	0.000000
0.1557	18.53	0.606414	1.000000	0.000000	0.000000
0.1557	18.90	0.606414	1.000000	0.000000	0.000000
0.1557	19.27	0.606414	1.000000	0.000000	0.000000
0.1557	19.63	0.606414	1.000000	0.000000	0.000000
0.1557	20.00	0.606414	0.999801	0.000606	0.000000
0.1612	2.00	0.593905	0.000000	0.000000	0.000000
0.1612	2.37	0.593905	0.000000	0.000000	0.000000
0.1612	2.73	0.593905	0.000000	0.000000	0.000000
0.1612	3.10	0.593905	0.000000	0.000000	0.000000
0.1612	3.47	0.593905	0.000000	0.000000	0.000000
0.1612	3.84	0.593905	0.000000	0.000000	0.000000
0.1612	4.20	0.593905	0.000000	0.000000	0.000000
0.1612	4.57	0.593905	0.000000	0.000000	0.000000
0.1612	4.94	0.593905	0.000000	0.000000	0.000000
0.1612	5.31	0.593905	0.000000	0.000000	0.000000
0.1612	5.67	0.593905	0.000000	0.000000	0.000000
0.1612	6.04	0.593905	0.000000	0.000000	0.000000
0.1612	6.41	0.593905	0.000000	0.000000	0.000000
0.1612	6.78	0.593905	0.000000	0.000000	0.000000
0.1612	7.14	0.593905	0.000000	0.000000	0.000000
0.1612	7.51	0.593905	0.000000	0.000000	0.000000
0.1612	7.88	0.593905	0.000000	0.000000	0.000000
0.1612	8.24	0.593905	0.000000	0.000000	0.000000
0.1612	8.61	0.593905	0.000000	0.000000	0.000000
0.1612	8.98	0.593905	0.000000	0.000000	0.000000
0.1612	9.35	0.593905	0.137652	0.000000	0.000000
0.1612	9.71	0.593905	0.170040	0.062753	0.023159
0.1612	10.08	0.593905	0.189416	0.109669	0.063497
0.1612	10.45	0.593905	0.441970	0.306301	0.212278
0.1612	10.82	0.593905	0.670225	0.338969	0.171435
0.1612	11.18	0.593905	0.891700	0.243077	0.066262
0.1612	11.55	0.593905	0.955818	0.155311	0.025236
0.1612	11.92	0.593905	0.965250	0.150319	0.023409
0.1612	12.29	0.593905	0.994560	0.002926	0.000009
0.1612	12.65	0.593905	0.945691	0.202466	0.043347
0.1612	13.02	0.593905	0.947600	0.200696	0.042506
0.1612	13.39	0.593905	0.997559	0.002394	0.000006
0.1612	13.76	0.593905	0.997976	0.002218	0.000005
0.1612	14.12	0.593905	0.973465	0.144716	0.021513
0.1612	14.49	0.593905	0.997976	0.002257	0.000005
0.1612	14.86	0.593905	1.000000	0.000000	0.000000
0.1612	15.22	0.593905	1.000000	0.000000	0.000000
0.1612	15.59	0.593905	0.996644	0.001414	0.000002
0.1612	15.96	0.593905	0.997368	0.001215	0.000001
0.1612	16.33	0.593905	1.000000	0.000000	0.000000
0.1612	16.69	0.593905	0.999948	0.000320	0.000000
0.1612	17.06	0.593905	0.999899	0.000441	0.000000
0.1612	17.43	0.593905	0.999798	0.000607	0.000000
0.1612	17.80	0.593905	1.000000	0.000000	0.000000
0.1612	18.16	0.593905	1.000000	0.000000	0.000000
0.1612	18.53	0.593905	1.000000	0.000000	0.000000
0.1612	18.90	0.593905	1.000000	0.000000	0.000000
0.1612	19.27	0.593905	0.999949	0.000316	0.000000
0.1612	19.63	0.593905	1.000000	0.000000	0.000000
0.1612	20.00	0.593905	1.000000	0.000000	0.000000
0.1675	2.00	0.695715	0.000000	0.000000	0.000000
0.1675	2.37	0.695715	0.000000	0.000000	0.000000
0.1675	2.73	0.695715	0.000000	0.000000	0.000000
0.1675	3.10	0.695715	0.000000	0.000000	0.000000
0.1675	3.47	0.695715	0.000000	0.000000	0.000000
0.1675	3.84	0.695715	0.000000	0.000000	0.000000
0.1675	4.20	0.695715	0.000000	0.000000	0.000000
0.1675	4.57	0.695715	0.000000	0.000000	0.000000
0.1675	4.94	0.695715	0.000000	0.000000	0.000000
0.1675	5.31	0.695715	0.000000	0.000000	0.000000
0.1675	5.67	0.695715	0.000000	0.000000	0.000000
0.1675	6.04	0.695715	0.000000	0.000000	0.000000
0.1675	6.41	0.695715	0.000000	0.000000	0.000000
0.1675	6.78	0.695715	0.000000	0.000000	0.000000
0.1675	7.14	0.695715	0.000000	0.000000	0.000000
0.1675	7.51	0.695715	0.000000	0.000000	0.000000
0.1675	7.88	0.695715	0.000000	0.000000	0.000000
0.1675	8.24	0.695715	0.267894	0.000000	0.000000
0.1675	8.61	0.695715	0.503067	0.280849	0.156791
0.1675	8.98	0.695715	0.739832	0.334894	0.151594
0.1675	9.35	0.695715	0.922154	0.218647	0.051842
0.1675	9.71	0.695715	0.896997	0.257903	0.074152
0.1675	10.08	0.695715	0.920327	0.210866	0.048314
0.1675	10.45	0.695715	0.929993	0.214831	0.049626
0.1675	10.82	0.695715	0.924731	0.221396	0.053006
0.1675	11.18	0.695715	0.988324	0.046101	0.002150
0.1675	11.55	0.695715	0.962323	0.151507	0.023853
0.1675	11.92	0.695715	0.997124	0.001433	0.000002
0.1675	12.29	0.695715	0.997195	0.001628	0.000003
0.1675	12.65	0.695715	0.998189	0.001604	0.000003
0.1675	13.02	0.695715	0.998523	0.001904	0.000004
0.1675	13.39	0.695715	0.996478	0.001965	0.000004
0.1675	13.76	0.695715	0.997071	0.001306	0.000002
0.1675	14.12	0.695715	0.997040	0.001672	0.000003
0.1675	14.49	0.695715	0.999946	0.000327	0.000000
0.1675	14.86	0.695715	1.000000	0.000000	0.000000
0.1675	15.22	0.695715	0.999889	0.000462	0.000000
0.1675	15.59	0.695715	0.999785	0.000628	0.000000
0.1675	15.96	0.695715	1.000000	0.000000	0.000000
0.1675	16.33	0.695715	1.000000	0.000000	0.000000
0.1675	16.69	0.695715	0.999946	0.000327	0.000000
0.1675	17.06	0.695715	1.000000	0.000000	0.000000
0.1675	17.43	0.695715	1.000000	0.000000	0.000000
0.1675	17.80	0.695715	1.000000	0.000000	0.000000
0.1675	18.16	0.695715	1.000000	0.000000	0.000000
0.1675	18.53	0.695715	1.000000	0.000000	0.000000
0.1675	18.90	0.695715	0.999946	0.000327	0.000000
0.1675	19.27	0.695715	1.000000	0.000000	0.000000
0.1675	19.63	0.695715	1.000000	0.000000	0.000000
0.1675	20.00	0.695715	1.000000	0.000000	0.000000
0.1741	2.00	0.602662	0.000000	0.000000	0.000000
0.1741	2.37	0.602662	0.000000	0.000000	0.000000
0.1741	2.73	0.602662	0.000000	0.000000	0.000000
0.1741	3.10	0.602662	0.000000	0.000000	0.000000
0.1741	3.47	0.602662	0.000000	0.000000	0.000000
0.1741	3.84	0.602662	0.000000	0.000000	0.000000
0.1741	4.20	0.602662	0.000000	0.000000	0.000000
0.1741	4.57	0.602662	0.000000	0.000000	0.000000
0.1741	4.94	0.602662	0.000000	0.000000	0.000000
0.1741	5.31	0.602662	0.000000	0.000000	0.000000
0.1741	5.67	0.602662	0.000000	0.000000	0.000000
0.1741	6.04	0.602662	0.000000	0.000000	0.000000
0.1741	6.41	0.602662	0.000000	0.000000	0.000000
0.1741	6.78	0.602662	0.000000	0.000000	0.000000
0.1741	7.14	0.602662	0.000000	0.000000	0.000000
0.1741	7.51	0.602662	0.000000	0.000000	0.000000
0.1741	7.88	0.602662	0.000000	0.000000	0.000000
0.1741	8.24	0.602662	0.000000	0.000000	0.000000
0.1741	8.61	0.602662	0.000000	0.000000	0.000000
0.1741	8.98	0.602662	0.000000	0.000000	0.000000
0.1741	9.35	0.602662	0.146970	0.028440	0.005503
0.1741	9.71	0.602662	0.209596	0.093399	0.041620
0.1741	10.08	0.602662	0.402525	0.238169	0.140922
0.1741	10.45	0.602662	0.577961	0.312923	0.169424
0.1741	10.82	0.602662	0.696465	0.267936	0.103077
0.1741	11.18	0.602662	0.716820	0.324552	0.146947
0.1741	11.55	0.602662	0.873625	0.269961	0.083422
0.1741	11.92	0.602662	0.897875	0.252951	0.071262
0.1741	12.29	0.602662	0.949630	0.159013	0.026626
0.1741	12.65	0.602662	0.909091	0.242802	0.064848
0.1741	13.02	0.602662	0.963131	0.145578	0.022004
0.1741	13.39	0.602662	0.973232	0.141069	0.020448
0.1741	13.76	0.602662	0.998429	0.004154	0.000017
0.1741	14.12	0.602662	0.997215	0.012143	0.000148
0.1741	14.49	0.602662	0.999628	0.000910	0.000001
0.1741	14.86	0.602662	0.999894	0.000451	0.000000
0.1741	15.22	0.602662	1.000000	0.000000	0.000000
0.1741	15.59	0.602662	0.999949	0.000315	0.000000
0.1741	15.96	0.602662	0.999948	0.000319	0.000000
0.1741	16.33	0.602662	1.000000	0.000000	0.000000
0.1741	16.69	0.602662	1.000000	0.000000	0.000000
0.1741	17.06	0.602662	0.999949	0.000315	0.000000
0.1741	17.43	0.602662	1.000000	0.000000	0.000000
0.1741	17.80	0.602662	1.000000	0.000000	0.000000
0.1741	18.16	0.602662	0.999951	0.000312	0.000000
0.1741	18.53	0.602662	1.000000	0.000000	0.000000
0.1741	18.90	0.602662	1.000000	0.000000	0.000000
0.1741	19.27	0.602662	0.999951	0.000312	0.000000
0.1741	19.63	0.602662	0.999951	0.000312	0.000000
0.1741	20.00	0.602662	1.000000	0.000000	0.000000
0.1802	2.00	0.542982	0.000000	0.000000	0.000000
0.1802	2.37	0.542982	0.000000	0.000000	0.000000
0.1802	2.73	0.542982	0.000000	0.000000	0.000000
0.1802	3.10	0.542982	0.000000	0.000000	0.000000
0.1802	3.47	0.542982	0.000000	0.000000	0.000000
0.1802	3.84	0.542982	0.000000	0.000000	0.000000
0.1802	4.20	0.542982	0.000000	0.000000	0.000000
0.1802	4.57	0.542982	0.000000	0.000000	0.000000
0.1802	4.94	0.542982	0.000000	0.000000	0.000000
0.1802	5.31	0.542982	0.000000	0.000000	0.000000
0.1802	5.67	0.542982	0.000000	0.000000	0.000000
0.1802	6.04	0.542982	0.000000	0.000000	0.000000
0.1802	6.41	0.542982	0.000000	0.000000	0.000000
0.1802	6.78	0.542982	0.000000	0.000000	0.000000
0.1802	7.14	0.542982	0.000000	0.000000	0.000000
0.1802	7.51	0.542982	0.000000	0.000000	0.000000
0.1802	7.88	0.542982	0.000000	0.000000	0.000000
0.1802	8.24	0.542982	0.000000	0.000000	0.000000
0.1802	8.61	0.542982	0.000000	0.000000	0.000000
0.1802	8.98	0.542982	0.139113	0.010081	0.000730
0.1802	9.35	0.542982	0.191532	0.000000	0.000000
0.1802	9.71	0.542982	0.188306	0.107900	0.061827
0.1802	10.08	0.542982	0.188710	0.102141	0.055285
0.1802	10.45	0.542982	0.308300	0.170152	0.093908
0.1802	10.82	0.542982	0.632157	0.297351	0.139866
0.1802	11.18	0.542982	0.712419	0.279530	0.109678
0.1802	11.55	0.542982	0.769917	0.303781	0.119861
0.1802	11.92	0.542982	0.890995	0.171401	0.032972
0.1802	12.29	0.542982	0.927224	0.152578	0.025107
0.1802	12.65	0.542982	0.791878	0.253729	0.081298
0.1802	13.02	0.542982	0.907949	0.181263	0.036187
0.1802	13.39	0.542982	0.920046	0.150929	0.024759
0.1802	13.76	0.542982	0.997872	0.002966	0.000009
0.1802	14.12	0.542982	0.998692	0.002577	0.000007
0.1802	14.49	0.542982	0.999682	0.000869	0.000001
0.1802	14.86	0.542982	0.996021	0.002289	0.000005
0.1802	15.22	0.542982	0.996898	0.001571	0.000002
0.1802	15.59	0.542982	0.996588	0.002423	0.000006
0.1802	15.96	0.542982	0.999950	0.000315	0.000000
0.1802	16.33	0.542982	0.999798	0.000605	0.000000
0.1802	16.69	0.542982	1.000000	0.000000	0.000000
0.1802	17.06	0.542982	0.999748	0.000667	0.000000
0.1802	17.43	0.542982	0.999951	0.000311	0.000000
0.1802	17.80	0.542982	0.999748	0.000667	0.000000
0.1802	18.16	0.542982	1.000000	0.000000	0.000000
0.1802	18.53	0.542982	1.000000	0.000000	0.000000
0.1802	18.90	0.542982	1.000000	0.000000	0.000000
0.1802	19.27	0.542982	1.000000	0.000000	0.000000
0.1802	19.63	0.542982	0.999066	0.001100	0.000001
0.1802	20.00	0.542982	0.999164	0.000993	0.000001
0.1858	2.00	0.679124	0.000000	0.000000	0.000000
0.1858	2.37	0.679124	0.000000	0.000000	0.000000
0.1858	2.73	0.679124	0.000000	0.000000	0.000000
0.1858	3.10	0.679124	0.000000	0.000000	0.000000
0.1858	3.47	0.679124	0.000000	0.000000	0.000000
0.1858	3.84	0.679124	0.000000	0.000000	0.000000
0.1858	4.20	0.679124	0.000000	0.000000	0.000000
0.1858	4.57	0.679124	0.000000	0.000000	0.000000
0.1858	4.94	0.679124	0.000000	0.000000	0.000000
0.1858	5.31	0.679124	0.000000	0.000000	0.000000
0.1858	5.67	0.679124	0.000000	0.000000	0.000000
0.1858	6.04	0.679124	0.000000	0.000000	0.000000
0.1858	6.41	0.679124	0.000000	0.000000	0.000000
0.1858	6.78	0.679124	0.000000	0.000000	0.000000
0.1858	7.14	0.679124	0.000000	0.000000	0.000000
0.1858	7.51	0.679124	0.000000	0.000000	0.000000
0.1858	7.88	0.679124	0.000000	0.000000	0.000000
0.1858	8.24	0.679124	0.178499	0.000000	0.000000
0.1858	8.61	0.679124	0.348884	0.000000	0.000000
0.1858	8.98	0.679124	0.195740	0.065923	0.022202
0.1858	9.35	0.679124	0.336424	0.271059	0.218394
0.1858	9.71	0.679124	0.414952	0.254615	0.156232
0.1858	10.08	0.679124	0.681237	0.312104	0.142988
0.1858	10.45	0.679124	0.810078	0.265147	0.086785
0.1858	10.82	0.679124	0.987379	0.026293	0.000700
0.1858	11.18	0.679124	0.996187	0.006448	0.000042
0.1858	11.55	0.679124	0.969509	0.157758	0.025670
0.1858	11.92	0.679124	0.971412	0.151898	0.023752
0.1858	12.29	0.679124	0.998709	0.001304	0.000002
0.1858	12.65	0.679124	0.999305	0.000963	0.000001
0.1858	13.02	0.679124	0.999437	0.001229	0.000002
0.1858	13.39	0.679124	0.999189	0.001471	0.000002
0.1858	13.76	0.679124	0.999493	0.001000	0.000001
0.1858	14.12	0.679124	0.998873	0.001116	0.000001
0.1858	14.49	0.679124	0.999287	0.000968	0.000001
0.1858	14.86	0.679124	0.999413	0.001031	0.000001
0.1858	15.22	0.679124	0.999573	0.000827	0.000001
0.1858	15.59	0.679124	0.999792	0.000615	0.000000
0.1858	15.96	0.679124	1.000000	0.000000	0.000000
0.1858	16.33	0.679124	1.000000	0.000000	0.000000
0.1858	16.69	0.679124	1.000000	0.000000	0.000000
0.1858	17.06	0.679124	1.000000	0.000000	0.000000
0.1858	17.43	0.679124	1.000000	0.000000	0.000000
0.1858	17.80	0.679124	1.000000	0.000000	0.000000
0.1858	18.16	0.679124	1.000000	0.000000	0.000000
0.1858	18.53	0.679124	1.000000	0.000000	0.000000
0.1858	18.90	0.679124	1.000000	0.000000	0.000000
0.1858	19.27	0.679124	1.000000	0.000000	0.000000
0.1858	19.63	0.679124	1.000000	0.000000	0.000000
0.1858	20.00	0.679124	1.000000	0.000000	0.000000
0.1912	2.00	0.483171	0.000000	0.000000	0.000000
0.1912	2.37	0.483171	0.000000	0.000000	0.000000
0.1912	2.73	0.483171	0.000000	0.000000	0.000000
0.1912	3.10	0.483171	0.000000	0.000000	0.000000
0.1912	3.47	0.483171	0.000000	0.000000	0.000000
0.1912	3.84	0.483171	0.000000	0.000000	0.000000
0.1912	4.20	0.483171	0.000000	0.000000	0.000000
0.1912	4.57	0.483171	0.000000	0.000000	0.000000
0.1912	4.94	0.483171	0.000000	0.000000	0.000000
0.1912	5.31	0.483171	0.000000	0.000000	0.000000
0.1912	5.67	0.483171	0.000000	0.000000	0.000000
0.1912	6.04	0.483171	0.000000	0.000000	0.000000
0.1912	6.41	0.483171	0.000000	0.000000	0.000000
0.1912	6.78	0.483171	0.000000	0.000000	0.000000
0.1912	7.14	0.483171	0.000000	0.000000	0.000000
0.1912	7.51	0.483171	0.000000	0.000000	0.000000
0.1912	7.88	0.483171	0.000000	0.000000	0.000000
0.1912	8.24	0.483171	0.000000	0.000000	0.000000
0.1912	8.61	0.483171	0.000000	0.000000	0.000000
0.1912	8.98	0.483171	0.156823	0.000000	0.000000
0.1912	9.35	0.483171	0.136456	0.000000	0.000000
0.1912	9.71	0.483171	0.564834	0.178719	0.056548
0.1912	10.08	0.483171	0.459380	0.299037	0.194661
0.1912	10.45	0.483171	0.503508	0.350811	0.244422
0.1912	10.82	0.483171	0.712276	0.393091	0.216940
0.1912	11.18	0.483171	0.779532	0.323284	0.134071
0.1912	11.55	0.483171	0.915949	0.235575	0.060588
0.1912	11.92	0.483171	0.923286	0.213163	0.049214
0.1912	12.29	0.483171	0.947417	0.197917	0.041345
0.1912	12.65	0.483171	0.940757	0.191669	0.039050
0.1912	13.02	0.483171	0.983287	0.043090	0.001888
0.1912	13.39	0.483171	0.991621	0.020289	0.000415
0.1912	13.76	0.483171	0.995304	0.014174	0.000202
0.1912	14.12	0.483171	0.998982	0.001628	0.000003
0.1912	14.49	0.483171	0.998844	0.004276	0.000018
0.1912	14.86	0.483171	0.998642	0.004866	0.000024
0.1912	15.22	0.483171	0.999948	0.000322	0.000000
0.1912	15.59	0.483171	1.000000	0.000000	0.000000
0.1912	15.96	0.483171	1.000000	0.000000	0.000000
0.1912	16.33	0.483171	1.000000	0.000000	0.000000
0.1912	16.69	0.483171	1.000000	0.000000	0.000000
0.1912	17.06	0.483171	1.000000	0.000000	0.000000
0.1912	17.43	0.483171	1.000000	0.000000	0.000000
0.1912	17.80	0.483171	1.000000	0.000000	0.000000
0.1912	18.16	0.483171	1.000000	0.000000	0.000000
0.1912	18.53	0.483171	1.000000	0.000000	0.000000
0.1912	18.90	0.483171	1.000000	0.000000	0.000000
0.1912	19.27	0.483171	1.000000	0.000000	0.000000
0.1912	19.63	0.483171	1.000000	0.000000	0.000000
0.1912	20.00	0.483171	1.000000	0.000000	0.000000
0.1971	2.00	0.499017	0.000000	0.000000	0.000000
0.1971	2.37	0.499017	0.000000	0.000000	0.000000
0.1971	2.73	0.499017	0.000000	0.000000	0.000000
0.1971	3.10	0.499017	0.000000	0.000000	0.000000
0.1971	3.47	0.499017	0.000000	0.000000	0.000000
0.1971	3.84	0.499017	0.000000	0.000000	0.000000
0.1971	4.20	0.499017	0.000000	0.000000	0.000000
0.1971	4.57	0.499017	0.000000	0.000000	0.000000
0.1971	4.94	0.499017	0.000000	0.000000	0.000000
0.1971	5.31	0.499017	0.000000	0.000000	0.000000
0.1971	5.67	0.499017	0.000000	0.000000	0.000000
0.1971	6.04	0.499017	0.000000	0.000000	0.000000
0.1971	6.41	0.499017	0.000000	0.000000	0.000000
0.1971	6.78	0.499017	0.000000	0.000000	0.000000
0.1971	7.14	0.499017	0.000000	0.000000	0.000000
0.1971	7.51	0.499017	0.000000	0.000000	0.000000
0.1971	7.88	0.499017	0.000000	0.000000	0.000000
0.1971	8.24	0.499017	0.000000	0.000000	0.000000
0.1971	8.61	0.499017	0.000000	0.000000	0.000000
0.1971	8.98	0.499017	0.000000	0.000000	0.000000
0.1971	9.35	0.499017	0.133065	0.012097	0.001100
0.1971	9.71	0.499017	0.000000	0.000000	0.000000
0.1971	10.08	0.499017	0.000000	0.000000	0.000000
0.1971	10.45	0.499017	0.114415	0.010985	0.001055
0.1971	10.82	0.499017	0.165323	0.041146	0.010240
0.1971	11.18	0.499017	0.256240	0.165464	0.106846
0.1971	11.55	0.499017	0.421931	0.252386	0.150969
0.1971	11.92	0.499017	0.437185	0.252123	0.145398
0.1971	12.29	0.499017	0.705771	0.265947	0.100214
0.1971	12.65	0.499017	0.865375	0.206864	0.049450
0.1971	13.02	0.499017	0.964076	0.042108	0.001839
0.1971	13.39	0.499017	0.959229	0.144174	0.021670
0.1971	13.76	0.499017	0.975134	0.036078	0.001335
0.1971	14.12	0.499017	0.988993	0.020542	0.000427
0.1971	14.49	0.499017	0.965832	0.143253	0.021248
0.1971	14.86	0.499017	0.997003	0.006754	0.000046
0.1971	15.22	0.499017	0.999045	0.002106	0.000004
0.1971	15.59	0.499017	0.997984	0.000638	0.000000
0.1971	15.96	0.499017	0.997883	0.000439	0.000000
0.1971	16.33	0.499017	0.999093	0.001684	0.000003
0.1971	16.69	0.499017	0.999244	0.001474	0.000002
0.1971	17.06	0.499017	0.999849	0.000531	0.000000
0.1971	17.43	0.499017	0.998368	0.001184	0.000001
0.1971	17.80	0.499017	0.998328	0.000880	0.000001
0.1971	18.16	0.499017	0.999856	0.000519	0.000000
0.1971	18.53	0.499017	0.999856	0.000519	0.000000
0.1971	18.90	0.499017	0.997984	0.000000	0.000000
0.1971	19.27	0.499017	0.997984	0.000000	0.000000
0.1971	19.63	0.499017	0.998752	0.000979	0.000001
0.1971	20.00	0.499017	0.998672	0.000956	0.000001
0.2047	2.00	0.549065	0.000000	0.000000	0.000000
0.2047	2.37	0.549065	0.000000	0.000000	0.000000
0.2047	2.73	0.549065	0.000000	0.000000	0.000000
0.2047	3.10	0.549065	0.000000	0.000000	0.000000
0.2047	3.47	0.549065	0.000000	0.000000	0.000000
0.2047	3.84	0.549065	0.000000	0.000000	0.000000
0.2047	4.20	0.549065	0.000000	0.000000	0.000000
0.2047	4.57	0.549065	0.000000	0.000000	0.000000
0.2047	4.94	0.549065	0.000000	0.000000	0.000000
0.2047	5.31	0.549065	0.000000	0.000000	0.000000
0.2047	5.67	0.549065	0.000000	0.000000	0.000000
0.2047	6.04	0.549065	0.000000	0.000000	0.000000
0.2047	6.41	0.549065	0.000000	0.000000	0.000000
0.2047	6.78	0.549065	0.000000	0.000000	0.000000
0.2047	7.14	0.549065	0.000000	0.000000	0.000000
0.2047	7.51	0.549065	0.000000	0.000000	0.000000
0.2047	7.88	0.549065	0.000000	0.000000	0.000000
0.2047	8.24	0.549065	0.000000	0.000000	0.000000
0.2047	8.61	0.549065	0.000000	0.000000	0.000000
0.2047	8.98	0.549065	0.000000	0.000000	0.000000
0.2047	9.35	0.549065	0.000000	0.000000	0.000000
0.2047	9.71	0.549065	0.122984	0.000000	0.000000
0.2047	10.08	0.549065	0.129536	0.045113	0.015711
0.2047	10.45	0.549065	0.219002	0.113078	0.058386
0.2047	10.82	0.549065	0.309140	0.187204	0.113364
0.2047	11.18	0.549065	0.359123	0.271163	0.204747
0.2047	11.55	0.549065	0.434364	0.294129	0.199170
0.2047	11.92	0.549065	0.484597	0.328984	0.223342
0.2047	12.29	0.549065	0.650269	0.292011	0.131131
0.2047	12.65	0.549065	0.786118	0.288398	0.105803
0.2047	13.02	0.549065	0.878202	0.256960	0.075186
0.2047	13.39	0.549065	0.997251	0.003132	0.000010
0.2047	13.76	0.549065	0.999229	0.001468	0.000002
0.2047	14.12	0.549065	0.999539	0.000974	0.000001
0.2047	14.49	0.549065	0.999832	0.000557	0.000000
0.2047	14.86	0.549065	0.999944	0.000331	0.000000
0.2047	15.22	0.549065	0.999947	0.000323	0.000000
0.2047	15.59	0.549065	0.977823	0.136711	0.019114
0.2047	15.96	0.549065	1.000000	0.000000	0.000000
0.2047	16.33	0.549065	0.998337	0.000889	0.000001
0.2047	16.69	0.549065	0.998328	0.000759	0.000001
0.2047	17.06	0.549065	1.000000	0.000000	0.000000
0.2047	17.43	0.549065	1.000000	0.000000	0.000000
0.2047	17.80	0.549065	1.000000	0.000000	0.000000
0.2047	18.16	0.549065	0.999754	0.000660	0.000000
0.2047	18.53	0.549065	0.999852	0.000525	0.000000
0.2047	18.90	0.549065	1.000000	0.000000	0.000000
0.2047	19.27	0.549065	1.000000	0.000000	0.000000
0.2047	19.63	0.549065	1.000000	0.000000	0.000000
0.2047	20.00	0.549065	1.000000	0.000000	0.000000
0.2173	2.00	0.508875	0.000000	0.000000	0.000000
0.2173	2.37	0.508875	0.000000	0.000000	0.000000
0.2173	2.73	0.508875	0.000000	0.000000	0.000000
0.2173	3.10	0.508875	0.000000	0.000000	0.000000
0.2173	3.47	0.508875	0.000000	0.000000	0.000000
0.2173	3.84	0.508875	0.000000	0.000000	0.000000
0.2173	4.20	0.508875	0.000000	0.000000	0.000000
0.2173	4.57	0.508875	0.000000	0.000000	0.000000
0.2173	4.94	0.508875	0.000000	0.000000	0.000000
0.2173	5.31	0.508875	0.000000	0.000000	0.000000
0.2173	5.67	0.508875	0.000000	0.000000	0.000000
0.2173	6.04	0.508875	0.000000	0.000000	0.000000
0.2173	6.41	0.508875	0.000000	0.000000	0.000000
0.2173	6.78	0.508875	0.000000	0.000000	0.000000
0.2173	7.14	0.508875	0.000000	0.000000	0.000000
0.2173	7.51	0.508875	0.000000	0.000000	0.000000
0.2173	7.88	0.508875	0.000000	0.000000	0.000000
0.2173	8.24	0.508875	0.000000	0.000000	0.000000
0.2173	8.61	0.508875	0.132860	0.009128	0.000627
0.2173	8.98	0.508875	0.225152	0.095335	0.040367
0.2173	9.35	0.508875	0.359533	0.296543	0.244589
0.2173	9.71	0.508875	0.677195	0.307196	0.139353
0.2173	10.08	0.508875	0.642495	0.372591	0.216070
0.2173	10.45	0.508875	0.779716	0.345604	0.153186
0.2173	10.82	0.508875	0.994284	0.008355	0.000070
0.2173	11.18	0.508875	0.935526	0.230497	0.056791
0.2173	11.55	0.508875	0.999565	0.000832	0.000001
0.2173	11.92	0.508875	0.999790	0.000618	0.000000
0.2173	12.29	0.508875	0.999937	0.000353	0.000000
0.2173	12.65	0.508875	0.998586	0.000932	0.000001
0.2173	13.02	0.508875	0.998926	0.001012	0.000001
0.2173	13.39	0.508875	0.998807	0.000998	0.000001
0.2173	13.76	0.508875	0.999718	0.000701	0.000000
0.2173	14.12	0.508875	0.999890	0.000459	0.000000
0.2173	14.49	0.508875	1.000000	0.000000	0.000000
0.2173	14.86	0.508875	0.999945	0.000329	0.000000
0.2173	15.22	0.508875	1.000000	0.000000	0.000000
0.2173	15.59	0.508875	1.000000	0.000000	0.000000
0.2173	15.96	0.508875	1.000000	0.000000	0.000000
0.2173	16.33	0.508875	1.000000	0.000000	0.000000
0.2173	16.69	0.508875	1.000000	0.000000	0.000000
0.2173	17.06	0.508875	1.000000	0.000000	0.000000
0.2173	17.43	0.508875	1.000000	0.000000	0.000000
0.2173	17.80	0.508875	1.000000	0.000000	0.000000
0.2173	18.16	0.508875	1.000000	0.000000	0.000000
0.2173	18.53	0.508875	1.000000	0.000000	0.000000
0.2173	18.90	0.508875	1.000000	0.000000	0.000000
0.2173	19.27	0.508875	0.999947	0.000325	0.000000
0.2173	19.63	0.508875	1.000000	0.000000	0.000000
0.2173	20.00	0.508875	1.000000	0.000000	0.000000
0.2293	2.00	0.626023	0.000000	0.000000	0.000000
0.2293	2.37	0.626023	0.000000	0.000000	0.000000
0.2293	2.73	0.626023	0.000000	0.000000	0.000000
0.2293	3.10	0.626023	0.000000	0.000000	0.000000
0.2293	3.47	0.626023	0.000000	0.000000	0.000000
0.2293	3.84	0.626023	0.000000	0.000000	0.000000
0.2293	4.20	0.626023	0.000000	0.000000	0.000000
0.2293	4.57	0.626023	0.000000	0.000000	0.000000
0.2293	4.94	0.626023	0.000000	0.000000	0.000000
0.2293	5.31	0.626023	0.000000	0.000000	0.000000
0.2293	5.67	0.626023	0.000000	0.000000	0.000000
0.2293	6.04	0.626023	0.000000	0.000000	0.000000
0.2293	6.41	0.626023	0.000000	0.000000	0.000000
0.2293	6.78	0.626023	0.000000	0.000000	0.000000
0.2293	7.14	0.626023	0.000000	0.000000	0.000000
0.2293	7.51	0.626023	0.000000	0.000000	0.000000
0.2293	7.88	0.626023	0.000000	0.000000	0.000000
0.2293	8.24	0.626023	0.159919	0.000000	0.000000
0.2293	8.61	0.626023	0.194332	0.071698	0.026453
0.2293	8.98	0.626023	0.285830	0.295087	0.304644
0.2293	9.35	0.626023	0.533063	0.403616	0.305603
0.2293	9.71	0.626023	0.760062	0.345346	0.156914
0.2293	10.08	0.626023	0.915440	0.175514	0.033651
0.2293	10.45	0.626023	0.921130	0.160783	0.028065
0.2293	10.82	0.626023	0.924957	0.153487	0.025470
0.2293	11.18	0.626023	0.959919	0.003783	0.000015
0.2293	11.55	0.626023	0.961996	0.003399	0.000012
0.2293	11.92	0.626023	0.963626	0.002884	0.000009
0.2293	12.29	0.626023	0.969933	0.001972	0.000004
0.2293	12.65	0.626023	0.969933	0.002147	0.000005
0.2293	13.02	0.626023	0.967314	0.002868	0.000009
0.2293	13.39	0.626023	0.968363	0.002741	0.000008
0.2293	13.76	0.626023	0.966262	0.002386	0.000006
0.2293	14.12	0.626023	0.967386	0.001771	0.000003
0.2293	14.49	0.626023	0.970704	0.001878	0.000004
0.2293	14.86	0.626023	0.972098	0.002059	0.000004
0.2293	15.22	0.626023	0.968706	0.001859	0.000004
0.2293	15.59	0.626023	0.969298	0.002313	0.000006
0.2293	15.96	0.626023	0.969298	0.002409	0.000006
0.2293	16.33	0.626023	0.969307	0.002377	0.000006
0.2293	16.69	0.626023	0.971820	0.002293	0.000005
0.2293	17.06	0.626023	0.971660	0.002024	0.000004
0.2293	17.43	0.626023	0.965108	0.002562	0.000007
0.2293	17.80	0.626023	0.970183	0.001977	0.000004
0.2293	18.16	0.626023	0.970402	0.002225	0.000005
0.2293	18.53	0.626023	0.973684	0.002620	0.000007
0.2293	18.90	0.626023	0.976091	0.001873	0.000004
0.2293	19.27	0.626023	0.975818	0.002049	0.000004
0.2293	19.63	0.626023	0.972885	0.001831	0.000003
0.2293	20.00	0.626023	0.971879	0.001472	0.000002
0.2374	2.00	0.481952	0.000000	0.000000	0.000000
0.2374	2.37	0.481952	0.000000	0.000000	0.000000
0.2374	2.73	0.481952	0.000000	0.000000	0.000000
0.2374	3.10	0.481952	0.000000	0.000000	0.000000
0.2374	3.47	0.481952	0.000000	0.000000	0.000000
0.2374	3.84	0.481952	0.000000	0.000000	0.000000
0.2374	4.20	0.481952	0.000000	0.000000	0.000000
0.2374	4.57	0.481952	0.000000	0.000000	0.000000
0.2374	4.94	0.481952	0.000000	0.000000	0.000000
0.2374	5.31	0.481952	0.000000	0.000000	0.000000
0.2374	5.67	0.481952	0.000000	0.000000	0.000000
0.2374	6.04	0.481952	0.000000	0.000000	0.000000
0.2374	6.41	0.481952	0.000000	0.000000	0.000000
0.2374	6.78	0.481952	0.000000	0.000000	0.000000
0.2374	7.14	0.481952	0.000000	0.000000	0.000000
0.2374	7.51	0.481952	0.000000	0.000000	0.000000
0.2374	7.88	0.481952	0.000000	0.000000	0.000000
0.2374	8.24	0.481952	0.000000	0.000000	0.000000
0.2374	8.61	0.481952	0.000000	0.000000	0.000000
0.2374	8.98	0.481952	0.000000	0.000000	0.000000
0.2374	9.35	0.481952	0.000000	0.000000	0.000000
0.2374	9.71	0.481952	0.000000	0.000000	0.000000
0.2374	10.08	0.481952	0.222896	0.138128	0.085597
0.2374	10.45	0.481952	0.233838	0.205636	0.180835
0.2374	10.82	0.481952	0.273016	0.178871	0.117191
0.2374	11.18	0.481952	0.358494	0.174286	0.084731
0.2374	11.55	0.481952	0.488763	0.235604	0.113571
0.2374	11.92	0.481952	0.585535	0.333541	0.189997
0.2374	12.29	0.481952	0.651010	0.317311	0.154662
0.2374	12.65	0.481952	0.777533	0.263551	0.089333
0.2374	13.02	0.481952	0.902806	0.200675	0.044606
0.2374	13.39	0.481952	0.943434	0.165922	0.029181
0.2374	13.76	0.481952	0.958474	0.147650	0.022745
0.2374	14.12	0.481952	0.997633	0.003996	0.000016
0.2374	14.49	0.481952	0.998144	0.002068	0.000004
0.2374	14.86	0.481952	0.998352	0.003846	0.000015
0.2374	15.22	0.481952	0.999628	0.000783	0.000001
0.2374	15.59	0.481952	0.998964	0.001363	0.000002
0.2374	15.96	0.481952	0.999327	0.001239	0.000002
0.2374	16.33	0.481952	0.999848	0.000532	0.000000
0.2374	16.69	0.481952	0.999951	0.000312	0.000000
0.2374	17.06	0.481952	0.999901	0.000435	0.000000
0.2374	17.43	0.481952	1.000000	0.000000	0.000000
0.2374	17.80	0.481952	1.000000	0.000000	0.000000
0.2374	18.16	0.481952	1.000000	0.000000	0.000000
0.2374	18.53	0.481952	1.000000	0.000000	0.000000
0.2374	18.90	0.481952	1.000000	0.000000	0.000000
0.2374	19.27	0.481952	1.000000	0.000000	0.000000
0.2374	19.63	0.481952	0.999754	0.000661	0.000000
0.2374	20.00	0.481952	0.999852	0.000526	0.000000
0.2451	2.00	0.491798	0.000000	0.000000	0.000000
0.2451	2.37	0.491798	0.000000	0.000000	0.000000
0.2451	2.73	0.491798	0.000000	0.000000	0.000000
0.2451	3.10	0.491798	0.000000	0.000000	0.000000
0.2451	3.47	0.491798	0.000000	0.000000	0.000000
0.2451	3.84	0.491798	0.000000	0.000000	0.000000
0.2451	4.20	0.491798	0.000000	0.000000	0.000000
0.2451	4.57	0.491798	0.000000	0.000000	0.000000
0.2451	4.94	0.491798	0.000000	0.000000	0.000000
0.2451	5.31	0.491798	0.000000	0.000000	0.000000
0.2451	5.67	0.491798	0.000000	0.000000	0.000000
0.2451	6.04	0.491798	0.000000	0.000000	0.000000
0.2451	6.41	0.491798	0.000000	0.000000	0.000000
0.2451	6.78	0.491798	0.000000	0.000000	0.000000
0.2451	7.14	0.491798	0.000000	0.000000	0.000000
0.2451	7.51	0.491798	0.000000	0.000000	0.000000
0.2451	7.88	0.491798	0.000000	0.000000	0.000000
0.2451	8.24	0.491798	0.000000	0.000000	0.000000
0.2451	8.61	0.491798	0.137652	0.000000	0.000000
0.2451	8.98	0.491798	0.101215	0.000000	0.000000
0.2451	9.35	0.491798	0.278003	0.143199	0.073762
0.2451	9.71	0.491798	0.159109	0.098044	0.060416
0.2451	10.08	0.491798	0.282389	0.172690	0.105605
0.2451	10.45	0.491798	0.286515	0.167430	0.097841
0.2451	10.82	0.491798	0.440700	0.232436	0.122593
0.2451	11.18	0.491798	0.654823	0.323764	0.160078
0.2451	11.55	0.491798	0.803955	0.292879	0.106695
0.2451	11.92	0.491798	0.891565	0.246011	0.067882
0.2451	12.29	0.491798	0.990574	0.004682	0.000022
0.2451	12.65	0.491798	0.992621	0.012962	0.000169
0.2451	13.02	0.491798	0.945691	0.205276	0.044558
0.2451	13.39	0.491798	0.998571	0.002113	0.000004
0.2451	13.76	0.491798	0.974231	0.137081	0.019288
0.2451	14.12	0.491798	0.997046	0.003664	0.000013
0.2451	14.49	0.491798	0.998742	0.002070	0.000004
0.2451	14.86	0.491798	0.998468	0.002679	0.000007
0.2451	15.22	0.491798	0.998742	0.000982	0.000001
0.2451	15.59	0.491798	0.998881	0.001007	0.000001
0.2451	15.96	0.491798	0.998962	0.001012	0.000001
0.2451	16.33	0.491798	0.997612	0.000902	0.000001
0.2451	16.69	0.491798	0.997621	0.001001	0.000001
0.2451	17.06	0.491798	0.998178	0.001343	0.000002
0.2451	17.43	0.491798	0.998026	0.001060	0.000001
0.2451	17.80	0.491798	1.000000	0.000000	0.000000
0.2451	18.16	0.491798	1.000000	0.000000	0.000000
0.2451	18.53	0.491798	0.997166	0.001180	0.000001
0.2451	18.90	0.491798	0.997166	0.001180	0.000001
0.2451	19.27	0.491798	0.999803	0.000601	0.000000
0.2451	19.63	0.491798	0.999901	0.000436	0.000000
0.2451	20.00	0.491798	0.999951	0.000312	0.000000
0.2543	2.00	0.555692	0.000000	0.000000	0.000000
0.2543	2.37	0.555692	0.000000	0.000000	0.000000
0.2543	2.73	0.555692	0.000000	0.000000	0.000000
0.2543	3.10	0.555692	0.000000	0.000000	0.000000
0.2543	3.47	0.555692	0.000000	0.000000	0.000000
0.2543	3.84	0.555692	0.000000	0.000000	0.000000
0.2543	4.20	0.555692	0.000000	0.000000	0.000000
0.2543	4.57	0.555692	0.000000	0.000000	0.000000
0.2543	4.94	0.555692	0.000000	0.000000	0.000000
0.2543	5.31	0.555692	0.000000	0.000000	0.000000
0.2543	5.67	0.555692	0.000000	0.000000	0.000000
0.2543	6.04	0.555692	0.000000	0.000000	0.000000
0.2543	6.41	0.555692	0.000000	0.000000	0.000000
0.2543	6.78	0.555692	0.000000	0.000000	0.000000
0.2543	7.14	0.555692	0.000000	0.000000	0.000000
0.2543	7.51	0.555692	0.000000	0.000000	0.000000
0.2543	7.88	0.555692	0.000000	0.000000	0.000000
0.2543	8.24	0.555692	0.110442	0.000000	0.000000
0.2543	8.61	0.555692	0.112450	0.002008	0.000036
0.2543	8.98	0.555692	0.382028	0.338612	0.300130
0.2543	9.35	0.555692	0.679002	0.329516	0.159912
0.2543	9.71	0.555692	0.727616	0.359936	0.178052
0.2543	10.08	0.555692	0.943488	0.188574	0.037690
0.2543	10.45	0.555692	0.994273	0.003356	0.000011
0.2543	10.82	0.555692	0.969942	0.151491	0.023661
0.2543	11.18	0.555692	0.902252	0.260809	0.075391
0.2543	11.55	0.555692	0.901078	0.260945	0.075568
0.2543	11.92	0.555692	0.997020	0.001431	0.000002
0.2543	12.29	0.555692	0.997303	0.001353	0.000002
0.2543	12.65	0.555692	0.997931	0.001047	0.000001
0.2543	13.02	0.555692	0.998996	0.001559	0.000002
0.2543	13.39	0.555692	0.999635	0.000774	0.000001
0.2543	13.76	0.555692	0.997992	0.000669	0.000000
0.2543	14.12	0.555692	0.998209	0.000779	0.000001
0.2543	14.49	0.555692	0.998426	0.000827	0.000001
0.2543	14.86	0.555692	0.999023	0.001004	0.000001
0.2543	15.22	0.555692	0.998969	0.001004	0.000001
0.2543	15.59	0.555692	1.000000	0.000000	0.000000
0.2543	15.96	0.555692	1.000000	0.000000	0.000000
0.2543	16.33	0.555692	0.999947	0.000321	0.000000
0.2543	16.69	0.555692	0.977139	0.140597	0.020230
0.2543	17.06	0.555692	1.000000	0.000000	0.000000
0.2543	17.43	0.555692	1.000000	0.000000	0.000000
0.2543	17.80	0.555692	1.000000	0.000000	0.000000
0.2543	18.16	0.555692	1.000000	0.000000	0.000000
0.2543	18.53	0.555692	0.999419	0.000911	0.000001
0.2543	18.90	0.555692	0.999783	0.000624	0.000000
0.2543	19.27	0.555692	1.000000	0.000000	0.000000
0.2543	19.63	0.555692	1.000000	0.000000	0.000000
0.2543	20.00	0.555692	1.000000	0.000000	0.000000
0.2659	2.00	0.420106	0.000000	0.000000	0.000000
0.2659	2.37	0.420106	0.000000	0.000000	0.000000
0.2659	2.73	0.420106	0.000000	0.000000	0.000000
0.2659	3.10	0.420106	0.000000	0.000000	0.000000
0.2659	3.47	0.420106	0.000000	0.000000	0.000000
0.2659	3.84	0.420106	0.000000	0.000000	0.000000
0.2659	4.20	0.420106	0.000000	0.000000	0.000000
0.2659	4.57	0.420106	0.000000	0.000000	0.000000
0.2659	4.94	0.420106	0.000000	0.000000	0.000000
0.2659	5.31	0.420106	0.000000	0.000000	0.000000
0.2659	5.67	0.420106	0.000000	0.000000	0.000000
0.2659	6.04	0.420106	0.000000	0.000000	0.000000
0.2659	6.41	0.420106	0.000000	0.000000	0.000000
0.2659	6.78	0.420106	0.000000	0.000000	0.000000
0.2659	7.14	0.420106	0.000000	0.000000	0.000000
0.2659	7.51	0.420106	0.000000	0.000000	0.000000
0.2659	7.88	0.420106	0.000000	0.000000	0.000000
0.2659	8.24	0.420106	0.000000	0.000000	0.000000
0.2659	8.61	0.420106	0.000000	0.000000	0.000000
0.2659	8.98	0.420106	0.000000	0.000000	0.000000
0.2659	9.35	0.420106	0.000000	0.000000	0.000000
0.2659	9.71	0.420106	0.000000	0.000000	0.000000
0.2659	10.08	0.420106	0.269360	0.087599	0.028488
0.2659	10.45	0.420106	0.340808	0.211489	0.131240
0.2659	10.82	0.420106	0.418182	0.209545	0.105000
0.2659	11.18	0.420106	0.809203	0.222820	0.061355
0.2659	11.55	0.420106	0.838047	0.241991	0.069876
0.2659	11.92	0.420106	0.988468	0.010342	0.000108
0.2659	12.29	0.420106	0.959248	0.161918	0.027331
0.2659	12.65	0.420106	0.916288	0.227000	0.056237
0.2659	13.02	0.420106	0.987071	0.025014	0.000634
0.2659	13.39	0.420106	0.992751	0.004358	0.000019
0.2659	13.76	0.420106	0.991919	0.012985	0.000170
0.2659	14.12	0.420106	0.994863	0.007345	0.000054
0.2659	14.49	0.420106	0.996306	0.002836	0.000008
0.2659	14.86	0.420106	0.997306	0.001844	0.000003
0.2659	15.22	0.420106	0.999628	0.000910	0.000001
0.2659	15.59	0.420106	0.999430	0.001646	0.000003
0.2659	15.96	0.420106	0.999171	0.003565	0.000013
0.2659	16.33	0.420106	0.999949	0.000315	0.000000
0.2659	16.69	0.420106	0.999949	0.000315	0.000000
0.2659	17.06	0.420106	0.997980	0.000892	0.000001
0.2659	17.43	0.420106	0.998078	0.000993	0.000001
0.2659	17.80	0.420106	0.998226	0.001197	0.000001
0.2659	18.16	0.420106	0.998768	0.001170	0.000001
0.2659	18.53	0.420106	0.998838	0.000999	0.000001
0.2659	18.90	0.420106	1.000000	0.000000	0.000000
0.2659	19.27	0.420106	0.999949	0.000315	0.000000
0.2659	19.63	0.420106	1.000000	0.000000	0.000000
0.2659	20.00	0.420106	0.999951	0.000312	0.000000
0.2892	2.00	0.500520	0.000000	0.000000	0.000000
0.2892	2.37	0.500520	0.000000	0.000000	0.000000
0.2892	2.73	0.500520	0.000000	0.000000	0.000000
0.2892	3.10	0.500520	0.000000	0.000000	0.000000
0.2892	3.47	0.500520	0.000000	0.000000	0.000000
0.2892	3.84	0.500520	0.000000	0.000000	0.000000
0.2892	4.20	0.500520	0.000000	0.000000	0.000000
0.2892	4.57	0.500520	0.000000	0.000000	0.000000
0.2892	4.94	0.500520	0.000000	0.000000	0.000000
0.2892	5.31	0.500520	0.000000	0.000000	0.000000
0.2892	5.67	0.500520	0.000000	0.000000	0.000000
0.2892	6.04	0.500520	0.000000	0.000000	0.000000
0.2892	6.41	0.500520	0.000000	0.000000	0.000000
0.2892	6.78	0.500520	0.000000	0.000000	0.000000
0.2892	7.14	0.500520	0.000000	0.000000	0.000000
0.2892	7.51	0.500520	0.000000	0.000000	0.000000
0.2892	7.88	0.500520	0.000000	0.000000	0.000000
0.2892	8.24	0.500520	0.000000	0.000000	0.000000
0.2892	8.61	0.500520	0.552361	0.000000	0.000000
0.2892	8.98	0.500520	0.216632	0.155727	0.111945
0.2892	9.35	0.500520	0.709912	0.347695	0.170291
0.2892	9.71	0.500520	0.769473	0.317311	0.130851
0.2892	10.08	0.500520	0.791467	0.331870	0.139156
0.2892	10.45	0.500520	0.860541	0.277385	0.089412
0.2892	10.82	0.500520	0.949654	0.164570	0.028519
0.2892	11.18	0.500520	0.985910	0.005465	0.000030
0.2892	11.55	0.500520	0.990925	0.004480	0.000020
0.2892	11.92	0.500520	0.992107	0.004419	0.000020
0.2892	12.29	0.500520	0.994661	0.002828	0.000008
0.2892	12.65	0.500520	0.996832	0.001984	0.000004
0.2892	13.02	0.500520	0.993155	0.002371	0.000006
0.2892	13.39	0.500520	0.993954	0.001992	0.000004
0.2892	13.76	0.500520	0.998835	0.001475	0.000002
0.2892	14.12	0.500520	0.999223	0.001380	0.000002
0.2892	14.49	0.500520	0.999445	0.001029	0.000001
0.2892	14.86	0.500520	0.997568	0.001479	0.000002
0.2892	15.22	0.500520	0.997730	0.001987	0.000004
0.2892	15.59	0.500520	0.996788	0.001455	0.000002
0.2892	15.96	0.500520	0.997104	0.001722	0.000003
0.2892	16.33	0.500520	0.999842	0.000718	0.000001
0.2892	16.69	0.500520	0.999895	0.000453	0.000000
0.2892	17.06	0.500520	1.000000	0.000000	0.000000
0.2892	17.43	0.500520	0.999946	0.000329	0.000000
0.2892	17.80	0.500520	1.000000	0.000000	0.000000
0.2892	18.16	0.500520	1.000000	0.000000	0.000000
0.2892	18.53	0.500520	0.998052	0.000453	0.000000
0.2892	18.90	0.500520	0.997999	0.000567	0.000000
0.2892	19.27	0.500520	0.999676	0.000749	0.000001
0.2892	19.63	0.500520	0.999897	0.000448	0.000000
0.2892	20.00	0.500520	1.000000	0.000000	0.000000
0.3034	2.00	0.383751	0.000000	0.000000	0.000000
0.3034	2.37	0.383751	0.000000	0.000000	0.000000
0.3034	2.73	0.383751	0.000000	0.000000	0.000000
0.3034	3.10	0.383751	0.000000	0.000000	0.000000
0.3034	3.47	0.383751	0.000000	0.000000	0.000000
0.3034	3.84	0.383751	0.000000	0.000000	0.000000
0.3034	4.20	0.383751	0.000000	0.000000	0.000000
0.3034	4.57	0.383751	0.000000	0.000000	0.000000
0.3034	4.94	0.383751	0.000000	0.000000	0.000000
0.3034	5.31	0.383751	0.000000	0.000000	0.000000
0.3034	5.67	0.383751	0.000000	0.000000	0.000000
0.3034	6.04	0.383751	0.000000	0.000000	0.000000
0.3034	6.41	0.383751	0.000000	0.000000	0.000000
0.3034	6.78	0.383751	0.000000	0.000000	0.000000
0.3034	7.14	0.383751	0.000000	0.000000	0.000000
0.3034	7.51	0.383751	0.000000	0.000000	0.000000
0.3034	7.88	0.383751	0.000000	0.000000	0.000000
0.3034	8.24	0.383751	0.000000	0.000000	0.000000
0.3034	8.61	0.383751	0.000000	0.000000	0.000000
0.3034	8.98	0.383751	0.000000	0.000000	0.000000
0.3034	9.35	0.383751	0.000000	0.000000	0.000000
0.3034	9.71	0.383751	0.187879	0.000000	0.000000
0.3034	10.08	0.383751	0.334343	0.059596	0.010623
0.3034	10.45	0.383751	0.348148	0.243434	0.170215
0.3034	10.82	0.383751	0.253199	0.135653	0.072677
0.3034	11.18	0.383751	0.263030	0.189559	0.136610
0.3034	11.55	0.383751	0.416035	0.286876	0.197815
0.3034	11.92	0.383751	0.500253	0.292657	0.171210
0.3034	12.29	0.383751	0.915296	0.213947	0.050009
0.3034	12.65	0.383751	0.964288	0.146074	0.022128
0.3034	13.02	0.383751	0.965350	0.146994	0.022383
0.3034	13.39	0.383751	0.985680	0.029660	0.000892
0.3034	13.76	0.383751	0.992810	0.006915	0.000048
0.3034	14.12	0.383751	0.996673	0.001689	0.000003
0.3034	14.49	0.383751	0.996888	0.001794	0.000003
0.3034	14.86	0.383751	0.997598	0.000791	0.000001
0.3034	15.22	0.383751	0.998034	0.000328	0.000000
0.3034	15.59	0.383751	0.997980	0.000000	0.000000
0.3034	15.96	0.383751	0.997876	0.000446	0.000000
0.3034	16.33	0.383751	0.997928	0.000319	0.000000
0.3034	16.69	0.383751	0.995101	0.001269	0.000002
0.3034	17.06	0.383751	0.995000	0.001194	0.000001
0.3034	17.43	0.383751	0.995455	0.001083	0.000001
0.3034	17.80	0.383751	0.997241	0.001160	0.000001
0.3034	18.16	0.383751	0.997691	0.000833	0.000001
0.3034	18.53	0.383751	0.997980	0.000000	0.000000
0.3034	18.90	0.383751	0.998027	0.000304	0.000000
0.3034	19.27	0.383751	0.998029	0.000312	0.000000
0.3034	19.63	0.383751	0.997980	0.000000	0.000000
0.3034	20.00	0.383751	0.997980	0.000000	0.000000
0.3103	2.00	0.469562	0.000000	0.000000	0.000000
0.3103	2.37	0.469562	0.000000	0.000000	0.000000
0.3103	2.73	0.469562	0.000000	0.000000	0.000000
0.3103	3.10	0.469562	0.000000	0.000000	0.000000
0.3103	3.47	0.469562	0.000000	0.000000	0.000000
0.3103	3.84	0.469562	0.000000	0.000000	0.000000
0.3103	4.20	0.469562	0.000000	0.000000	0.000000
0.3103	4.57	0.469562	0.000000	0.000000	0.000000
0.3103	4.94	0.469562	0.000000	0.000000	0.000000
0.3103	5.31	0.469562	0.000000	0.000000	0.000000
0.3103	5.67	0.469562	0.000000	0.000000	0.000000
0.3103	6.04	0.469562	0.000000	0.000000	0.000000
0.3103	6.41	0.469562	0.000000	0.000000	0.000000
0.3103	6.78	0.469562	0.000000	0.000000	0.000000
0.3103	7.14	0.469562	0.000000	0.000000	0.000000
0.3103	7.51	0.469562	0.000000	0.000000	0.000000
0.3103	7.88	0.469562	0.000000	0.000000	0.000000
0.3103	8.24	0.469562	0.000000	0.000000	0.000000
0.3103	8.61	0.469562	0.000000	0.000000	0.000000
0.3103	8.98	0.469562	0.000000	0.000000	0.000000
0.3103	9.35	0.469562	0.000000	0.000000	0.000000
0.3103	9.71	0.469562	0.108871	0.000000	0.000000
0.3103	10.08	0.469562	0.202621	0.075605	0.028211
0.3103	10.45	0.469562	0.389401	0.318011	0.259709
0.3103	10.82	0.469562	0.371472	0.317899	0.272052
0.3103	11.18	0.469562	0.797446	0.263759	0.087240
0.3103	11.55	0.469562	0.693393	0.374496	0.202262
0.3103	11.92	0.469562	0.890841	0.258945	0.075269
0.3103	12.29	0.469562	0.969288	0.150061	0.023232
0.3103	12.65	0.469562	0.998634	0.001650	0.000003
0.3103	13.02	0.469562	0.998992	0.001317	0.000002
0.3103	13.39	0.469562	0.999407	0.000919	0.000001
0.3103	13.76	0.469562	0.998320	0.001008	0.000001
0.3103	14.12	0.469562	0.998712	0.000968	0.000001
0.3103	14.49	0.469562	0.998747	0.000978	0.000001
0.3103	14.86	0.469562	0.999894	0.000450	0.000000
0.3103	15.22	0.469562	0.999948	0.000319	0.000000
0.3103	15.59	0.469562	1.000000	0.000000	0.000000
0.3103	15.96	0.469562	1.000000	0.000000	0.000000
0.3103	16.33	0.469562	1.000000	0.000000	0.000000
0.3103	16.69	0.469562	0.999897	0.000445	0.000000
0.3103	17.06	0.469562	0.999948	0.000319	0.000000
0.3103	17.43	0.469562	0.999018	0.001008	0.000001
0.3103	17.80	0.469562	0.999294	0.000962	0.000001
0.3103	18.16	0.469562	1.000000	0.000000	0.000000
0.3103	18.53	0.469562	1.000000	0.000000	0.000000
0.3103	18.90	0.469562	1.000000	0.000000	0.000000
0.3103	19.27	0.469562	1.000000	0.000000	0.000000
0.3103	19.63	0.469562	1.000000	0.000000	0.000000
0.3103	20.00	0.469562	1.000000	0.000000	0.000000
0.3169	2.00	0.353266	0.000000	0.000000	0.000000
0.3169	2.37	0.353266	0.000000	0.000000	0.000000
0.3169	2.73	0.353266	0.000000	0.000000	0.000000
0.3169	3.10	0.353266	0.000000	0.000000	0.000000
0.3169	3.47	0.353266	0.000000	0.000000	0.000000
0.3169	3.84	0.353266	0.000000	0.000000	0.000000
0.3169	4.20	0.353266	0.000000	0.000000	0.000000
0.3169	4.57	0.353266	0.000000	0.000000	0.000000
0.3169	4.94	0.353266	0.000000	0.000000	0.000000
0.3169	5.31	0.353266	0.000000	0.000000	0.000000
0.3169	5.67	0.353266	0.000000	0.000000	0.000000
0.3169	6.04	0.353266	0.000000	0.000000	0.000000
0.3169	6.41	0.353266	0.000000	0.000000	0.000000
0.3169	6.78	0.353266	0.000000	0.000000	0.000000
0.3169	7.14	0.353266	0.000000	0.000000	0.000000
0.3169	7.51	0.353266	0.000000	0.000000	0.000000
0.3169	7.88	0.353266	0.000000	0.000000	0.000000
0.3169	8.24	0.353266	0.000000	0.000000	0.000000
0.3169	8.61	0.353266	0.000000	0.000000	0.000000
0.3169	8.98	0.353266	0.000000	0.000000	0.000000
0.3169	9.35	0.353266	0.000000	0.000000	0.000000
0.3169	9.71	0.353266	0.000000	0.000000	0.000000
0.3169	10.08	0.353266	0.179359	0.045090	0.011336
0.3169	10.45	0.353266	0.120908	0.014757	0.001801
0.3169	10.82	0.353266	0.171543	0.081017	0.038263
0.3169	11.18	0.353266	0.308045	0.192631	0.120459
0.3169	11.55	0.353266	0.327956	0.230429	0.161904
0.3169	11.92	0.353266	0.410822	0.292977	0.208936
0.3169	12.29	0.353266	0.513148	0.342336	0.228383
0.3169	12.65	0.353266	0.669156	0.324277	0.157146
0.3169	13.02	0.353266	0.953532	0.075073	0.005911
0.3169	13.39	0.353266	0.939637	0.152189	0.024649
0.3169	13.76	0.353266	0.980137	0.033623	0.001153
0.3169	14.12	0.353266	0.992161	0.005900	0.000035
0.3169	14.49	0.353266	0.994600	0.004113	0.000017
0.3169	14.86	0.353266	0.995602	0.002579	0.000007
0.3169	15.22	0.353266	0.995992	0.001636	0.000003
0.3169	15.59	0.353266	0.999367	0.001387	0.000002
0.3169	15.96	0.353266	0.999420	0.001518	0.000002
0.3169	16.33	0.353266	0.997790	0.001346	0.000002
0.3169	16.69	0.353266	0.997898	0.001080	0.000001
0.3169	17.06	0.353266	0.998240	0.001187	0.000001
0.3169	17.43	0.353266	0.999316	0.001442	0.000002
0.3169	17.80	0.353266	0.999707	0.001044	0.000001
0.3169	18.16	0.353266	0.999900	0.000437	0.000000
0.3169	18.53	0.353266	0.999951	0.000309	0.000000
0.3169	18.90	0.353266	1.000000	0.000000	0.000000
0.3169	19.27	0.353266	1.000000	0.000000	0.000000
0.3169	19.63	0.353266	1.000000	0.000000	0.000000
0.3169	20.00	0.353266	0.999071	0.000999	0.000001
0.3263	2.00	0.425065	0.000000	0.000000	0.000000
0.3263	2.37	0.425065	0.000000	0.000000	0.000000
0.3263	2.73	0.425065	0.000000	0.000000	0.000000
0.3263	3.10	0.425065	0.000000	0.000000	0.000000
0.3263	3.47	0.425065	0.000000	0.000000	0.000000
0.3263	3.84	0.425065	0.000000	0.000000	0.000000
0.3263	4.20	0.425065	0.000000	0.000000	0.000000
0.3263	4.57	0.425065	0.000000	0.000000	0.000000
0.3263	4.94	0.425065	0.000000	0.000000	0.000000
0.3263	5.31	0.425065	0.000000	0.000000	0.000000
0.3263	5.67	0.425065	0.000000	0.000000	0.000000
0.3263	6.04	0.425065	0.000000	0.000000	0.000000
0.3263	6.41	0.425065	0.000000	0.000000	0.000000
0.3263	6.78	0.425065	0.000000	0.000000	0.000000
0.3263	7.14	0.425065	0.000000	0.000000	0.000000
0.3263	7.51	0.425065	0.000000	0.000000	0.000000
0.3263	7.88	0.425065	0.000000	0.000000	0.000000
0.3263	8.24	0.425065	0.000000	0.000000	0.000000
0.3263	8.61	0.425065	0.000000	0.000000	0.000000
0.3263	8.98	0.425065	0.000000	0.000000	0.000000
0.3263	9.35	0.425065	0.230924	0.108434	0.050917
0.3263	9.71	0.425065	0.570281	0.262285	0.120630
0.3263	10.08	0.425065	0.670884	0.281472	0.118093
0.3263	10.45	0.425065	0.569905	0.353120	0.218797
0.3263	10.82	0.425065	0.758488	0.327907	0.141759
0.3263	11.18	0.425065	0.884494	0.134900	0.020575
0.3263	11.55	0.425065	0.939759	0.155066	0.025587
0.3263	11.92	0.425065	0.924134	0.203188	0.044675
0.3263	12.29	0.425065	0.962212	0.149178	0.023128
0.3263	12.65	0.425065	0.989777	0.002768	0.000008
0.3263	13.02	0.425065	0.990669	0.002001	0.000004
0.3263	13.39	0.425065	0.992369	0.002136	0.000005
0.3263	13.76	0.425065	0.992470	0.002029	0.000004
0.3263	14.12	0.425065	0.993362	0.001695	0.000003
0.3263	14.49	0.425065	0.992022	0.002263	0.000005
0.3263	14.86	0.425065	0.993130	0.002508	0.000006
0.3263	15.22	0.425065	0.995403	0.001949	0.000004
0.3263	15.59	0.425065	0.996142	0.001554	0.000002
0.3263	15.96	0.425065	0.996550	0.001360	0.000002
0.3263	16.33	0.425065	0.996447	0.001471	0.000002
0.3263	16.69	0.425065	0.996185	0.001171	0.000001
0.3263	17.06	0.425065	0.996586	0.001118	0.000001
0.3263	17.43	0.425065	0.996768	0.001075	0.000001
0.3263	17.80	0.425065	0.996190	0.001095	0.000001
0.3263	18.16	0.425065	0.995984	0.000898	0.000001
0.3263	18.53	0.425065	0.997306	0.001140	0.000001
0.3263	18.90	0.425065	0.997747	0.000657	0.000000
0.3263	19.27	0.425065	0.997992	0.000000	0.000000
0.3263	19.63	0.425065	0.997992	0.000000	0.000000
0.3263	20.00	0.425065	0.997992	0.000000	0.000000
0.3514	2.00	0.353396	0.000000	0.000000	0.000000
0.3514	2.37	0.353396	0.000000	0.000000	0.000000
0.3514	2.73	0.353396	0.000000	0.000000	0.000000
0.3514	3.10	0.353396	0.000000	0.000000	0.000000
0.3514	3.47	0.353396	0.000000	0.000000	0.000000
0.3514	3.84	0.353396	0.000000	0.000000	0.000000
0.3514	4.20	0.353396	0.000000	0.000000	0.000000
0.3514	4.57	0.353396	0.000000	0.000000	0.000000
0.3514	4.94	0.353396	0.000000	0.000000	0.000000
0.3514	5.31	0.353396	0.000000	0.000000	0.000000
0.3514	5.67	0.353396	0.000000	0.000000	0.000000
0.3514	6.04	0.353396	0.000000	0.000000	0.000000
0.3514	6.41	0.353396	0.000000	0.000000	0.000000
0.3514	6.78	0.353396	0.000000	0.000000	0.000000
0.3514	7.14	0.353396	0.000000	0.000000	0.000000
0.3514	7.51	0.353396	0.000000	0.000000	0.000000
0.3514	7.88	0.353396	0.000000	0.000000	0.000000
0.3514	8.24	0.353396	0.000000	0.000000	0.000000
0.3514	8.61	0.353396	0.000000	0.000000	0.000000
0.3514	8.98	0.353396	0.000000	0.000000	0.000000
0.3514	9.35	0.353396	0.000000	0.000000	0.000000
0.3514	9.71	0.353396	0.119919	0.000000	0.000000
0.3514	10.08	0.353396	0.146341	0.032689	0.007302
0.3514	10.45	0.353396	0.256098	0.148506	0.086116
0.3514	10.82	0.353396	0.197409	0.073582	0.027427
0.3514	11.18	0.353396	0.308072	0.211696	0.145469
0.3514	11.55	0.353396	0.545122	0.261863	0.125793
0.3514	11.92	0.353396	0.662432	0.258185	0.100628
0.3514	12.29	0.353396	0.808290	0.244352	0.073869
0.3514	12.65	0.353396	0.958509	0.023159	0.000560
0.3514	13.02	0.353396	0.945676	0.147918	0.023137
0.3514	13.39	0.353396	0.973762	0.009379	0.000090
0.3514	13.76	0.353396	0.977822	0.006802	0.000047
0.3514	14.12	0.353396	0.981538	0.004579	0.000021
0.3514	14.49	0.353396	0.988189	0.002258	0.000005
0.3514	14.86	0.353396	0.988519	0.002997	0.000009
0.3514	15.22	0.353396	0.991609	0.003025	0.000009
0.3514	15.59	0.353396	0.991549	0.002968	0.000009
0.3514	15.96	0.353396	0.992339	0.001810	0.000003
0.3514	16.33	0.353396	0.994868	0.001112	0.000001
0.3514	16.69	0.353396	0.995638	0.001313	0.000002
0.3514	17.06	0.353396	0.996084	0.001135	0.000001
0.3514	17.43	0.353396	0.993750	0.002464	0.000006
0.3514	17.80	0.353396	0.995783	0.002505	0.000006
0.3514	18.16	0.353396	0.991108	0.002212	0.000005
0.3514	18.53	0.353396	0.991241	0.002150	0.000005
0.3514	18.90	0.353396	0.992713	0.001850	0.000003
0.3514	19.27	0.353396	0.993853	0.001709	0.000003
0.3514	19.63	0.353396	0.994004	0.001871	0.000004
0.3514	20.00	0.353396	0.996748	0.001423	0.000002
0.3951	2.00	0.360816	0.000000	0.000000	0.000000
0.3951	2.37	0.360816	0.000000	0.000000	0.000000
0.3951	2.73	0.360816	0.000000	0.000000	0.000000
0.3951	3.10	0.360816	0.000000	0.000000	0.000000
0.3951	3.47	0.360816	0.000000	0.000000	0.000000
0.3951	3.84	0.360816	0.000000	0.000000	0.000000
0.3951	4.20	0.360816	0.000000	0.000000	0.000000
0.3951	4.57	0.360816	0.000000	0.000000	0.000000
0.3951	4.94	0.360816	0.000000	0.000000	0.000000
0.3951	5.31	0.360816	0.000000	0.000000	0.000000
0.3951	5.67	0.360816	0.000000	0.000000	0.000000
0.3951	6.04	0.360816	0.000000	0.000000	0.000000
0.3951	6.41	0.360816	0.000000	0.000000	0.000000
0.3951	6.78	0.360816	0.000000	0.000000	0.000000
0.3951	7.14	0.360816	0.000000	0.000000	0.000000
0.3951	7.51	0.360816	0.000000	0.000000	0.000000
0.3951	7.88	0.360816	0.000000	0.000000	0.000000
0.3951	8.24	0.360816	0.000000	0.000000	0.000000
0.3951	8.61	0.360816	0.000000	0.000000	0.000000
0.3951	8.98	0.360816	0.000000	0.000000	0.000000
0.3951	9.35	0.360816	0.000000	0.000000	0.000000
0.3951	9.71	0.360816	0.000000	0.000000	0.000000
0.3951	10.08	0.360816	0.000000	0.000000	0.000000
0.3951	10.45	0.360816	0.134809	0.000000	0.000000
0.3951	10.82	0.360816	0.260899	0.008430	0.000272
0.3951	11.18	0.360816	0.331489	0.125330	0.047385
0.3951	11.55	0.360816	0.434356	0.197909	0.090175
0.3951	11.92	0.360816	0.360006	0.263614	0.193031
0.3951	12.29	0.360816	0.485915	0.302257	0.188015
0.3951	12.65	0.360816	0.567796	0.302570	0.161235
0.3951	13.02	0.360816	0.690895	0.302410	0.132367
0.3951	13.39	0.360816	0.859037	0.191142	0.042530
0.3951	13.76	0.360816	0.914375	0.201354	0.044340
0.3951	14.12	0.360816	0.983680	0.028616	0.000832
0.3951	14.49	0.360816	0.993908	0.009214	0.000085
0.3951	14.86	0.360816	0.999511	0.000863	0.000001
0.3951	15.22	0.360816	0.999735	0.000680	0.000000
0.3951	15.59	0.360816	0.999020	0.002031	0.000004
0.3951	15.96	0.360816	0.999849	0.000530	0.000000
0.3951	16.33	0.360816	0.999799	0.000604	0.000000
0.3951	16.69	0.360816	0.998282	0.000839	0.000001
0.3951	17.06	0.360816	0.998282	0.000839	0.000001
0.3951	17.43	0.360816	0.998038	0.000549	0.000000
0.3951	17.80	0.360816	0.998037	0.000542	0.000000
0.3951	18.16	0.360816	0.998184	0.000597	0.000000
0.3951	18.53	0.360816	1.000000	0.000000	0.000000
0.3951	18.90	0.360816	0.999951	0.000310	0.000000
0.3951	19.27	0.360816	1.000000	0.000000	0.000000
0.3951	19.63	0.360816	1.000000	0.000000	0.000000
0.3951	20.00	0.360816	1.000000	0.000000	0.000000
0.4060	2.00	0.413467	0.000000	0.000000	0.000000
0.4060	2.37	0.413467	0.000000	0.000000	0.000000
0.4060	2.73	0.413467	0.000000	0.000000	0.000000
0.4060	3.10	0.413467	0.000000	0.000000	0.000000
0.4060	3.47	0.413467	0.000000	0.000000	0.000000
0.4060	3.84	0.413467	0.000000	0.000000	0.000000
0.4060	4.20	0.413467	0.000000	0.000000	0.000000
0.4060	4.57	0.413467	0.000000	0.000000	0.000000
0.4060	4.94	0.413467	0.000000	0.000000	0.000000
0.4060	5.31	0.413467	0.000000	0.000000	0.000000
0.4060	5.67	0.413467	0.000000	0.000000	0.000000
0.4060	6.04	0.413467	0.000000	0.000000	0.000000
0.4060	6.41	0.413467	0.000000	0.000000	0.000000
0.4060	6.78	0.413467	0.000000	0.000000	0.000000
0.4060	7.14	0.413467	0.000000	0.000000	0.000000
0.4060	7.51	0.413467	0.000000	0.000000	0.000000
0.4060	7.88	0.413467	0.000000	0.000000	0.000000
0.4060	8.24	0.413467	0.000000	0.000000	0.000000
0.4060	8.61	0.413467	0.000000	0.000000	0.000000
0.4060	8.98	0.413467	0.000000	0.000000	0.000000
0.4060	9.35	0.413467	0.000000	0.000000	0.000000
0.4060	9.71	0.413467	0.112450	0.000000	0.000000
0.4060	10.08	0.413467	0.121821	0.010018	0.000824
0.4060	10.45	0.413467	0.189759	0.027108	0.003873
0.4060	10.82	0.413467	0.180723	0.121548	0.081749
0.4060	11.18	0.413467	0.258573	0.247289	0.236497
0.4060	11.55	0.413467	0.390116	0.238468	0.145769
0.4060	11.92	0.413467	0.486613	0.301097	0.186306
0.4060	12.29	0.413467	0.664659	0.313478	0.147848
0.4060	12.65	0.413467	0.886723	0.185629	0.038860
0.4060	13.02	0.413467	0.931845	0.155679	0.026008
0.4060	13.39	0.413467	0.980224	0.005044	0.000026
0.4060	13.76	0.413467	0.983640	0.009344	0.000089
0.4060	14.12	0.413467	0.993402	0.003345	0.000011
0.4060	14.49	0.413467	0.995767	0.002831	0.000008
0.4060	14.86	0.413467	0.996671	0.002995	0.000009
0.4060	15.22	0.413467	0.996499	0.002479	0.000006
0.4060	15.59	0.413467	0.997323	0.001999	0.000004
0.4060	15.96	0.413467	0.995726	0.001218	0.000001
0.4060	16.33	0.413467	0.995886	0.001399	0.000002
0.4060	16.69	0.413467	0.996621	0.001363	0.000002
0.4060	17.06	0.413467	0.997892	0.002151	0.000005
0.4060	17.43	0.413467	0.998384	0.001613	0.000003
0.4060	17.80	0.413467	0.997466	0.001244	0.000002
0.4060	18.16	0.413467	0.997753	0.001255	0.000002
0.4060	18.53	0.413467	0.997649	0.000876	0.000001
0.4060	18.90	0.413467	0.997845	0.000817	0.000001
0.4060	19.27	0.413467	0.999187	0.001244	0.000002
0.4060	19.63	0.413467	0.999510	0.000970	0.000001
0.4060	20.00	0.413467	0.999216	0.001075	0.000001
0.4503	2.00	0.403230	0.000000	0.000000	0.000000
0.4503	2.37	0.403230	0.000000	0.000000	0.000000
0.4503	2.73	0.403230	0.000000	0.000000	0.000000
0.4503	3.10	0.403230	0.000000	0.000000	0.000000
0.4503	3.47	0.403230	0.000000	0.000000	0.000000
0.4503	3.84	0.403230	0.000000	0.000000	0.000000
0.4503	4.20	0.403230	0.000000	0.000000	0.000000
0.4503	4.57	0.403230	0.000000	0.000000	0.000000
0.4503	4.94	0.403230	0.000000	0.000000	0.000000
0.4503	5.31	0.403230	0.000000	0.000000	0.000000
0.4503	5.67	0.403230	0.000000	0.000000	0.000000
0.4503	6.04	0.403230	0.000000	0.000000	0.000000
0.4503	6.41	0.403230	0.000000	0.000000	0.000000
0.4503	6.78	0.403230	0.000000	0.000000	0.000000
0.4503	7.14	0.403230	0.000000	0.000000	0.000000
0.4503	7.51	0.403230	0.000000	0.000000	0.000000
0.4503	7.88	0.403230	0.000000	0.000000	0.000000
0.4503	8.24	0.403230	0.000000	0.000000	0.000000
0.4503	8.61	0.403230	0.000000	0.000000	0.000000
0.4503	8.98	0.403230	0.000000	0.000000	0.000000
0.4503	9.35	0.403230	0.000000	0.000000	0.000000
0.4503	9.71	0.403230	0.000000	0.000000	0.000000
0.4503	10.08	0.403230	0.112676	0.000000	0.000000
0.4503	10.45	0.403230	0.206237	0.136765	0.090695
0.4503	10.82	0.403230	0.308048	0.200390	0.130356
0.4503	11.18	0.403230	0.507480	0.357473	0.251808
0.4503	11.55	0.403230	0.573153	0.373369	0.243224
0.4503	11.92	0.403230	0.753001	0.372945	0.184712
0.4503	12.29	0.403230	0.870862	0.284079	0.092668
0.4503	12.65	0.403230	0.874992	0.283989	0.092172
0.4503	13.02	0.403230	0.994872	0.005756	0.000033
0.4503	13.39	0.403230	0.998698	0.001184	0.000001
0.4503	13.76	0.403230	0.999195	0.000986	0.000001
0.4503	14.12	0.403230	0.999080	0.001002	0.000001
0.4503	14.49	0.403230	1.000000	0.000000	0.000000
0.4503	14.86	0.403230	1.000000	0.000000	0.000000
0.4503	15.22	0.403230	1.000000	0.000000	0.000000
0.4503	15.59	0.403230	1.000000	0.000000	0.000000
0.4503	15.96	0.403230	1.000000	0.000000	0.000000
0.4503	16.33	0.403230	0.999226	0.001172	0.000001
0.4503	16.69	0.403230	0.999536	0.000848	0.000001
0.4503	17.06	0.403230	0.999899	0.000439	0.000000
0.4503	17.43	0.403230	0.999849	0.000530	0.000000
0.4503	17.80	0.403230	0.999902	0.000433	0.000000
0.4503	18.16	0.403230	1.000000	0.000000	0.000000
0.4503	18.53	0.403230	1.000000	0.000000	0.000000
0.4503	18.90	0.403230	1.000000	0.000000	0.000000
0.4503	19.27	0.403230	1.000000	0.000000	0.000000
0.4503	19.63	0.403230	0.999902	0.000433	0.000000
0.4503	20.00	0.403230	0.999902	0.000433	0.000000
0.4978	2.00	0.315633	0.000000	0.000000	0.000000
0.4978	2.37	0.315633	0.000000	0.000000	0.000000
0.4978	2.73	0.315633	0.000000	0.000000	0.000000
0.4978	3.10	0.315633	0.000000	0.000000	0.000000
0.4978	3.47	0.315633	0.000000	0.000000	0.000000
0.4978	3.84	0.315633	0.000000	0.000000	0.000000
0.4978	4.20	0.315633	0.000000	0.000000	0.000000
0.4978	4.57	0.315633	0.000000	0.000000	0.000000
0.4978	4.94	0.315633	0.000000	0.000000	0.000000
0.4978	5.31	0.315633	0.000000	0.000000	0.000000
0.4978	5.67	0.315633	0.000000	0.000000	0.000000
0.4978	6.04	0.315633	0.000000	0.000000	0.000000
0.4978	6.41	0.315633	0.000000	0.000000	0.000000
0.4978	6.78	0.315633	0.000000	0.000000	0.000000
0.4978	7.14	0.315633	0.000000	0.000000	0.000000
0.4978	7.51	0.315633	0.000000	0.000000	0.000000
0.4978	7.88	0.315633	0.000000	0.000000	0.000000
0.4978	8.24	0.315633	0.000000	0.000000	0.000000
0.4978	8.61	0.315633	0.000000	0.000000	0.000000
0.4978	8.98	0.315633	0.000000	0.000000	0.000000
0.4978	9.35	0.315633	0.000000	0.000000	0.000000
0.4978	9.71	0.315633	0.000000	0.000000	0.000000
0.4978	10.08	0.315633	0.000000	0.000000	0.000000
0.4978	10.45	0.315633	0.000000	0.000000	0.000000
0.4978	10.82	0.315633	0.000000	0.000000	0.000000
0.4978	11.18	0.315633	0.192308	0.000000	0.000000
0.4978	11.55	0.315633	0.140182	0.046103	0.015162
0.4978	11.92	0.315633	0.145630	0.044973	0.013889
0.4978	12.29	0.315633	0.234818	0.146186	0.091008
0.4978	12.65	0.315633	0.460561	0.259506	0.146221
0.4978	13.02	0.315633	0.580555	0.301197	0.156264
0.4978	13.39	0.315633	0.810264	0.254609	0.080006
0.4978	13.76	0.315633	0.949618	0.145858	0.022403
0.4978	14.12	0.315633	0.964462	0.145893	0.022069
0.4978	14.49	0.315633	0.976091	0.131314	0.017666
0.4978	14.86	0.315633	0.997526	0.002618	0.000007
0.4978	15.22	0.315633	0.998249	0.001260	0.000002
0.4978	15.59	0.315633	0.997709	0.001244	0.000002
0.4978	15.96	0.315633	0.997612	0.001440	0.000002
0.4978	16.33	0.315633	0.998431	0.001153	0.000001
0.4978	16.69	0.315633	0.998684	0.000966	0.000001
0.4978	17.06	0.315633	0.999161	0.000997	0.000001
0.4978	17.43	0.315633	0.997879	0.000431	0.000000
0.4978	17.80	0.315633	0.997976	0.000000	0.000000
0.4978	18.16	0.315633	0.997928	0.000309	0.000000
0.4978	18.53	0.315633	0.997976	0.000000	0.000000
0.4978	18.90	0.315633	0.999952	0.000309	0.000000
0.4978	19.27	0.315633	0.999952	0.000309	0.000000
0.4978	19.63	0.315633	1.000000	0.000000	0.000000
0.4978	20.00	0.315633	1.000000	0.000000	0.000000
0.5314	2.00	0.471940	0.000000	0.000000	0.000000
0.5314	2.37	0.471940	0.000000	0.000000	0.000000
0.5314	2.73	0.471940	0.000000	0.000000	0.000000
0.5314	3.10	0.471940	0.000000	0.000000	0.000000
0.5314	3.47	0.471940	0.000000	0.000000	0.000000
0.5314	3.84	0.471940	0.000000	0.000000	0.000000
0.5314	4.20	0.471940	0.000000	0.000000	0.000000
0.5314	4.57	0.471940	0.000000	0.000000	0.000000
0.5314	4.94	0.471940	0.000000	0.000000	0.000000
0.5314	5.31	0.471940	0.000000	0.000000	0.000000
0.5314	5.67	0.471940	0.000000	0.000000	0.000000
0.5314	6.04	0.471940	0.000000	0.000000	0.000000
0.5314	6.41	0.471940	0.000000	0.000000	0.000000
0.5314	6.78	0.471940	0.000000	0.000000	0.000000
0.5314	7.14	0.471940	0.000000	0.000000	0.000000
0.5314	7.51	0.471940	0.000000	0.000000	0.000000
0.5314	7.88	0.471940	0.000000	0.000000	0.000000
0.5314	8.24	0.471940	0.129032	0.000000	0.000000
0.5314	8.61	0.471940	0.000000	0.000000	0.000000
0.5314	8.98	0.471940	0.000000	0.000000	0.000000
0.5314	9.35	0.471940	0.106855	0.000000	0.000000
0.5314	9.71	0.471940	0.228226	0.163902	0.117708
0.5314	10.08	0.471940	0.362651	0.267966	0.198002
0.5314	10.45	0.471940	0.430156	0.318969	0.236522
0.5314	10.82	0.471940	0.576613	0.334261	0.193771
0.5314	11.18	0.471940	0.752326	0.349555	0.162415
0.5314	11.55	0.471940	0.917500	0.227950	0.056633
0.5314	11.92	0.471940	0.904675	0.256578	0.072769
0.5314	12.29	0.471940	0.995766	0.002515	0.000006
0.5314	12.65	0.471940	0.995905	0.004079	0.000017
0.5314	13.02	0.471940	0.997925	0.001796	0.000003
0.5314	13.39	0.471940	0.998099	0.001358	0.000002
0.5314	13.76	0.471940	0.998488	0.001738	0.000003
0.5314	14.12	0.471940	0.999128	0.001522	0.000002
0.5314	14.49	0.471940	0.999416	0.001025	0.000001
0.5314	14.86	0.471940	0.999788	0.000619	0.000000
0.5314	15.22	0.471940	0.998302	0.001501	0.000002
0.5314	15.59	0.471940	0.998604	0.001221	0.000001
0.5314	15.96	0.471940	0.999098	0.001002	0.000001
0.5314	16.33	0.471940	0.999328	0.001149	0.000001
0.5314	16.69	0.471940	0.999017	0.001008	0.000001
0.5314	17.06	0.471940	0.999496	0.001081	0.000001
0.5314	17.43	0.471940	0.999948	0.000319	0.000000
0.5314	17.80	0.471940	0.999897	0.000445	0.000000
0.5314	18.16	0.471940	1.000000	0.000000	0.000000
0.5314	18.53	0.471940	1.000000	0.000000	0.000000
0.5314	18.90	0.471940	1.000000	0.000000	0.000000
0.5314	19.27	0.471940	1.000000	0.000000	0.000000
0.5314	19.63	0.471940	1.000000	0.000000	0.000000
0.5314	20.00	0.471940	1.000000	0.000000	0.000000
