base_sigma	MAX_EXC_WEIGHT	Gini	mean_peaks_height	std_peaks_height	fano_factor
0.0446	2.00	0.891798	0.000000	0.000000	0.000000
0.0446	2.37	0.891798	0.000000	0.000000	0.000000
0.0446	2.73	0.891798	0.000000	0.000000	0.000000
0.0446	3.10	0.891798	0.000000	0.000000	0.000000
0.0446	3.47	0.891798	0.000000	0.000000	0.000000
0.0446	3.84	0.891798	0.000000	0.000000	0.000000
0.0446	4.20	0.891798	0.000000	0.000000	0.000000
0.0446	4.57	0.891798	0.000000	0.000000	0.000000
0.0446	4.94	0.891798	0.000000	0.000000	0.000000
0.0446	5.31	0.891798	0.853707	0.000000	0.000000
0.0446	5.67	0.891798	0.885772	0.000000	0.000000
0.0446	6.04	0.891798	0.929001	0.020093	0.000435
0.0446	6.41	0.891798	0.983768	0.017912	0.000326
0.0446	6.78	0.891798	0.994990	0.015030	0.000227
0.0446	7.14	0.891798	1.000000	0.000000	0.000000
0.0446	7.51	0.891798	1.000000	0.000000	0.000000
0.0446	7.88	0.891798	0.995992	0.018799	0.000355
0.0446	8.24	0.891798	1.000000	0.000000	0.000000
0.0446	8.61	0.891798	1.000000	0.000000	0.000000
0.0446	8.98	0.891798	0.999555	0.002271	0.000005
0.0446	9.35	0.891798	1.000000	0.000000	0.000000
0.0446	9.71	0.891798	0.998125	0.009232	0.000085
0.0446	10.08	0.891798	0.969502	0.152655	0.024037
0.0446	10.45	0.891798	1.000000	0.000000	0.000000
0.0446	10.82	0.891798	1.000000	0.000000	0.000000
0.0446	11.18	0.891798	1.000000	0.000000	0.000000
0.0446	11.55	0.891798	1.000000	0.000000	0.000000
0.0446	11.92	0.891798	1.000000	0.000000	0.000000
0.0446	12.29	0.891798	1.000000	0.000000	0.000000
0.0446	12.65	0.891798	1.000000	0.000000	0.000000
0.0446	13.02	0.891798	1.000000	0.000000	0.000000
0.0446	13.39	0.891798	1.000000	0.000000	0.000000
0.0446	13.76	0.891798	1.000000	0.000000	0.000000
0.0446	14.12	0.891798	1.000000	0.000000	0.000000
0.0446	14.49	0.891798	1.000000	0.000000	0.000000
0.0446	14.86	0.891798	1.000000	0.000000	0.000000
0.0446	15.22	0.891798	1.000000	0.000000	0.000000
0.0446	15.59	0.891798	1.000000	0.000000	0.000000
0.0446	15.96	0.891798	1.000000	0.000000	0.000000
0.0446	16.33	0.891798	1.000000	0.000000	0.000000
0.0446	16.69	0.891798	1.000000	0.000000	0.000000
0.0446	17.06	0.891798	1.000000	0.000000	0.000000
0.0446	17.43	0.891798	1.000000	0.000000	0.000000
0.0446	17.80	0.891798	1.000000	0.000000	0.000000
0.0446	18.16	0.891798	1.000000	0.000000	0.000000
0.0446	18.53	0.891798	1.000000	0.000000	0.000000
0.0446	18.90	0.891798	1.000000	0.000000	0.000000
0.0446	19.27	0.891798	1.000000	0.000000	0.000000
0.0446	19.63	0.891798	1.000000	0.000000	0.000000
0.0446	20.00	0.891798	1.000000	0.000000	0.000000
0.0513	2.00	0.843940	0.000000	0.000000	0.000000
0.0513	2.37	0.843940	0.000000	0.000000	0.000000
0.0513	2.73	0.843940	0.000000	0.000000	0.000000
0.0513	3.10	0.843940	0.000000	0.000000	0.000000
0.0513	3.47	0.843940	0.000000	0.000000	0.000000
0.0513	3.84	0.843940	0.000000	0.000000	0.000000
0.0513	4.20	0.843940	0.000000	0.000000	0.000000
0.0513	4.57	0.843940	0.000000	0.000000	0.000000
0.0513	4.94	0.843940	0.000000	0.000000	0.000000
0.0513	5.31	0.843940	0.000000	0.000000	0.000000
0.0513	5.67	0.843940	0.000000	0.000000	0.000000
0.0513	6.04	0.843940	0.000000	0.000000	0.000000
0.0513	6.41	0.843940	0.000000	0.000000	0.000000
0.0513	6.78	0.843940	0.000000	0.000000	0.000000
0.0513	7.14	0.843940	0.992637	0.002504	0.000006
0.0513	7.51	0.843940	0.744119	0.399510	0.214492
0.0513	7.88	0.843940	0.863454	0.310733	0.111824
0.0513	8.24	0.843940	0.942269	0.215297	0.049193
0.0513	8.61	0.843940	0.953146	0.190911	0.038239
0.0513	8.98	0.843940	0.963624	0.162741	0.027485
0.0513	9.35	0.843940	0.997992	0.000000	0.000000
0.0513	9.71	0.843940	0.998122	0.000493	0.000000
0.0513	10.08	0.843940	0.999531	0.002180	0.000005
0.0513	10.45	0.843940	1.000000	0.000000	0.000000
0.0513	10.82	0.843940	1.000000	0.000000	0.000000
0.0513	11.18	0.843940	1.000000	0.000000	0.000000
0.0513	11.55	0.843940	1.000000	0.000000	0.000000
0.0513	11.92	0.843940	0.999941	0.000339	0.000000
0.0513	12.29	0.843940	1.000000	0.000000	0.000000
0.0513	12.65	0.843940	1.000000	0.000000	0.000000
0.0513	13.02	0.843940	1.000000	0.000000	0.000000
0.0513	13.39	0.843940	1.000000	0.000000	0.000000
0.0513	13.76	0.843940	1.000000	0.000000	0.000000
0.0513	14.12	0.843940	1.000000	0.000000	0.000000
0.0513	14.49	0.843940	1.000000	0.000000	0.000000
0.0513	14.86	0.843940	1.000000	0.000000	0.000000
0.0513	15.22	0.843940	1.000000	0.000000	0.000000
0.0513	15.59	0.843940	1.000000	0.000000	0.000000
0.0513	15.96	0.843940	1.000000	0.000000	0.000000
0.0513	16.33	0.843940	1.000000	0.000000	0.000000
0.0513	16.69	0.843940	1.000000	0.000000	0.000000
0.0513	17.06	0.843940	1.000000	0.000000	0.000000
0.0513	17.43	0.843940	1.000000	0.000000	0.000000
0.0513	17.80	0.843940	0.998107	0.000466	0.000000
0.0513	18.16	0.843940	1.000000	0.000000	0.000000
0.0513	18.53	0.843940	1.000000	0.000000	0.000000
0.0513	18.90	0.843940	0.998661	0.000947	0.000001
0.0513	19.27	0.843940	1.000000	0.000000	0.000000
0.0513	19.63	0.843940	0.998550	0.000899	0.000001
0.0513	20.00	0.843940	0.998346	0.000766	0.000001
0.0571	2.00	0.847384	0.000000	0.000000	0.000000
0.0571	2.37	0.847384	0.000000	0.000000	0.000000
0.0571	2.73	0.847384	0.000000	0.000000	0.000000
0.0571	3.10	0.847384	0.000000	0.000000	0.000000
0.0571	3.47	0.847384	0.000000	0.000000	0.000000
0.0571	3.84	0.847384	0.000000	0.000000	0.000000
0.0571	4.20	0.847384	0.000000	0.000000	0.000000
0.0571	4.57	0.847384	0.000000	0.000000	0.000000
0.0571	4.94	0.847384	0.000000	0.000000	0.000000
0.0571	5.31	0.847384	0.000000	0.000000	0.000000
0.0571	5.67	0.847384	0.000000	0.000000	0.000000
0.0571	6.04	0.847384	0.000000	0.000000	0.000000
0.0571	6.41	0.847384	0.000000	0.000000	0.000000
0.0571	6.78	0.847384	0.162651	0.000000	0.000000
0.0571	7.14	0.847384	0.870482	0.087349	0.008765
0.0571	7.51	0.847384	0.819277	0.272579	0.090689
0.0571	7.88	0.847384	0.984828	0.019654	0.000392
0.0571	8.24	0.847384	0.995675	0.001904	0.000004
0.0571	8.61	0.847384	0.906827	0.263344	0.076475
0.0571	8.98	0.847384	0.958118	0.180574	0.034032
0.0571	9.35	0.847384	0.998764	0.001373	0.000002
0.0571	9.71	0.847384	0.998513	0.001779	0.000003
0.0571	10.08	0.847384	0.998594	0.002384	0.000006
0.0571	10.45	0.847384	0.999377	0.001303	0.000002
0.0571	10.82	0.847384	1.000000	0.000000	0.000000
0.0571	11.18	0.847384	1.000000	0.000000	0.000000
0.0571	11.55	0.847384	0.997460	0.000886	0.000001
0.0571	11.92	0.847384	0.997877	0.000823	0.000001
0.0571	12.29	0.847384	0.998550	0.000899	0.000001
0.0571	12.65	0.847384	0.998606	0.000925	0.000001
0.0571	13.02	0.847384	0.999943	0.000335	0.000000
0.0571	13.39	0.847384	1.000000	0.000000	0.000000
0.0571	13.76	0.847384	0.999888	0.000460	0.000000
0.0571	14.12	0.847384	1.000000	0.000000	0.000000
0.0571	14.49	0.847384	1.000000	0.000000	0.000000
0.0571	14.86	0.847384	1.000000	0.000000	0.000000
0.0571	15.22	0.847384	1.000000	0.000000	0.000000
0.0571	15.59	0.847384	1.000000	0.000000	0.000000
0.0571	15.96	0.847384	0.998327	0.000748	0.000001
0.0571	16.33	0.847384	0.998717	0.000965	0.000001
0.0571	16.69	0.847384	0.999946	0.000326	0.000000
0.0571	17.06	0.847384	0.999771	0.000799	0.000001
0.0571	17.43	0.847384	0.999891	0.000454	0.000000
0.0571	17.80	0.847384	1.000000	0.000000	0.000000
0.0571	18.16	0.847384	1.000000	0.000000	0.000000
0.0571	18.53	0.847384	1.000000	0.000000	0.000000
0.0571	18.90	0.847384	0.997992	0.000000	0.000000
0.0571	19.27	0.847384	1.000000	0.000000	0.000000
0.0571	19.63	0.847384	1.000000	0.000000	0.000000
0.0571	20.00	0.847384	1.000000	0.000000	0.000000
0.0622	2.00	0.834082	0.000000	0.000000	0.000000
0.0622	2.37	0.834082	0.000000	0.000000	0.000000
0.0622	2.73	0.834082	0.000000	0.000000	0.000000
0.0622	3.10	0.834082	0.000000	0.000000	0.000000
0.0622	3.47	0.834082	0.000000	0.000000	0.000000
0.0622	3.84	0.834082	0.000000	0.000000	0.000000
0.0622	4.20	0.834082	0.000000	0.000000	0.000000
0.0622	4.57	0.834082	0.000000	0.000000	0.000000
0.0622	4.94	0.834082	0.000000	0.000000	0.000000
0.0622	5.31	0.834082	0.000000	0.000000	0.000000
0.0622	5.67	0.834082	0.000000	0.000000	0.000000
0.0622	6.04	0.834082	0.000000	0.000000	0.000000
0.0622	6.41	0.834082	0.000000	0.000000	0.000000
0.0622	6.78	0.834082	0.000000	0.000000	0.000000
0.0622	7.14	0.834082	0.150602	0.000000	0.000000
0.0622	7.51	0.834082	0.339859	0.225523	0.149653
0.0622	7.88	0.834082	0.539357	0.357348	0.236758
0.0622	8.24	0.834082	0.909091	0.222282	0.054350
0.0622	8.61	0.834082	0.895477	0.265736	0.078858
0.0622	8.98	0.834082	0.957927	0.183698	0.035227
0.0622	9.35	0.834082	0.930955	0.222996	0.053415
0.0622	9.71	0.834082	0.970503	0.154949	0.024739
0.0622	10.08	0.834082	0.999928	0.000373	0.000000
0.0622	10.45	0.834082	1.000000	0.000000	0.000000
0.0622	10.82	0.834082	1.000000	0.000000	0.000000
0.0622	11.18	0.834082	1.000000	0.000000	0.000000
0.0622	11.55	0.834082	1.000000	0.000000	0.000000
0.0622	11.92	0.834082	1.000000	0.000000	0.000000
0.0622	12.29	0.834082	1.000000	0.000000	0.000000
0.0622	12.65	0.834082	1.000000	0.000000	0.000000
0.0622	13.02	0.834082	1.000000	0.000000	0.000000
0.0622	13.39	0.834082	1.000000	0.000000	0.000000
0.0622	13.76	0.834082	1.000000	0.000000	0.000000
0.0622	14.12	0.834082	1.000000	0.000000	0.000000
0.0622	14.49	0.834082	1.000000	0.000000	0.000000
0.0622	14.86	0.834082	1.000000	0.000000	0.000000
0.0622	15.22	0.834082	1.000000	0.000000	0.000000
0.0622	15.59	0.834082	1.000000	0.000000	0.000000
0.0622	15.96	0.834082	1.000000	0.000000	0.000000
0.0622	16.33	0.834082	1.000000	0.000000	0.000000
0.0622	16.69	0.834082	1.000000	0.000000	0.000000
0.0622	17.06	0.834082	1.000000	0.000000	0.000000
0.0622	17.43	0.834082	1.000000	0.000000	0.000000
0.0622	17.80	0.834082	1.000000	0.000000	0.000000
0.0622	18.16	0.834082	1.000000	0.000000	0.000000
0.0622	18.53	0.834082	1.000000	0.000000	0.000000
0.0622	18.90	0.834082	1.000000	0.000000	0.000000
0.0622	19.27	0.834082	1.000000	0.000000	0.000000
0.0622	19.63	0.834082	1.000000	0.000000	0.000000
0.0622	20.00	0.834082	1.000000	0.000000	0.000000
0.0671	2.00	0.831798	0.000000	0.000000	0.000000
0.0671	2.37	0.831798	0.000000	0.000000	0.000000
0.0671	2.73	0.831798	0.000000	0.000000	0.000000
0.0671	3.10	0.831798	0.000000	0.000000	0.000000
0.0671	3.47	0.831798	0.000000	0.000000	0.000000
0.0671	3.84	0.831798	0.000000	0.000000	0.000000
0.0671	4.20	0.831798	0.000000	0.000000	0.000000
0.0671	4.57	0.831798	0.000000	0.000000	0.000000
0.0671	4.94	0.831798	0.000000	0.000000	0.000000
0.0671	5.31	0.831798	0.000000	0.000000	0.000000
0.0671	5.67	0.831798	0.000000	0.000000	0.000000
0.0671	6.04	0.831798	0.000000	0.000000	0.000000
0.0671	6.41	0.831798	0.000000	0.000000	0.000000
0.0671	6.78	0.831798	0.000000	0.000000	0.000000
0.0671	7.14	0.831798	0.579477	0.000000	0.000000
0.0671	7.51	0.831798	0.983903	0.009147	0.000085
0.0671	7.88	0.831798	0.995573	0.000805	0.000001
0.0671	8.24	0.831798	0.913280	0.252788	0.069969
0.0671	8.61	0.831798	0.952918	0.194613	0.039745
0.0671	8.98	0.831798	0.956740	0.184875	0.035724
0.0671	9.35	0.831798	0.999598	0.000805	0.000001
0.0671	9.71	0.831798	0.969148	0.154948	0.024773
0.0671	10.08	0.831798	0.997849	0.000510	0.000000
0.0671	10.45	0.831798	0.997988	0.000511	0.000000
0.0671	10.82	0.831798	0.998114	0.000700	0.000000
0.0671	11.18	0.831798	0.998354	0.000921	0.000001
0.0671	11.55	0.831798	0.998537	0.000896	0.000001
0.0671	11.92	0.831798	1.000000	0.000000	0.000000
0.0671	12.29	0.831798	1.000000	0.000000	0.000000
0.0671	12.65	0.831798	1.000000	0.000000	0.000000
0.0671	13.02	0.831798	1.000000	0.000000	0.000000
0.0671	13.39	0.831798	1.000000	0.000000	0.000000
0.0671	13.76	0.831798	1.000000	0.000000	0.000000
0.0671	14.12	0.831798	1.000000	0.000000	0.000000
0.0671	14.49	0.831798	1.000000	0.000000	0.000000
0.0671	14.86	0.831798	1.000000	0.000000	0.000000
0.0671	15.22	0.831798	1.000000	0.000000	0.000000
0.0671	15.59	0.831798	1.000000	0.000000	0.000000
0.0671	15.96	0.831798	1.000000	0.000000	0.000000
0.0671	16.33	0.831798	1.000000	0.000000	0.000000
0.0671	16.69	0.831798	1.000000	0.000000	0.000000
0.0671	17.06	0.831798	0.997988	0.000000	0.000000
0.0671	17.43	0.831798	1.000000	0.000000	0.000000
0.0671	17.80	0.831798	1.000000	0.000000	0.000000
0.0671	18.16	0.831798	1.000000	0.000000	0.000000
0.0671	18.53	0.831798	1.000000	0.000000	0.000000
0.0671	18.90	0.831798	1.000000	0.000000	0.000000
0.0671	19.27	0.831798	1.000000	0.000000	0.000000
0.0671	19.63	0.831798	1.000000	0.000000	0.000000
0.0671	20.00	0.831798	1.000000	0.000000	0.000000
0.0718	2.00	0.816153	0.000000	0.000000	0.000000
0.0718	2.37	0.816153	0.000000	0.000000	0.000000
0.0718	2.73	0.816153	0.000000	0.000000	0.000000
0.0718	3.10	0.816153	0.000000	0.000000	0.000000
0.0718	3.47	0.816153	0.000000	0.000000	0.000000
0.0718	3.84	0.816153	0.000000	0.000000	0.000000
0.0718	4.20	0.816153	0.000000	0.000000	0.000000
0.0718	4.57	0.816153	0.000000	0.000000	0.000000
0.0718	4.94	0.816153	0.000000	0.000000	0.000000
0.0718	5.31	0.816153	0.000000	0.000000	0.000000
0.0718	5.67	0.816153	0.000000	0.000000	0.000000
0.0718	6.04	0.816153	0.000000	0.000000	0.000000
0.0718	6.41	0.816153	0.130261	0.000000	0.000000
0.0718	6.78	0.816153	0.826987	0.175121	0.037083
0.0718	7.14	0.816153	0.922846	0.116289	0.014654
0.0718	7.51	0.816153	0.897796	0.247712	0.068347
0.0718	7.88	0.816153	0.835538	0.287170	0.098699
0.0718	8.24	0.816153	0.900743	0.207073	0.047604
0.0718	8.61	0.816153	0.955110	0.192008	0.038600
0.0718	8.98	0.816153	1.000000	0.000000	0.000000
0.0718	9.35	0.816153	0.997180	0.012453	0.000156
0.0718	9.71	0.816153	0.999724	0.000691	0.000000
0.0718	10.08	0.816153	0.999800	0.000601	0.000000
0.0718	10.45	0.816153	1.000000	0.000000	0.000000
0.0718	10.82	0.816153	1.000000	0.000000	0.000000
0.0718	11.18	0.816153	0.999879	0.000478	0.000000
0.0718	11.55	0.816153	0.999939	0.000344	0.000000
0.0718	11.92	0.816153	1.000000	0.000000	0.000000
0.0718	12.29	0.816153	1.000000	0.000000	0.000000
0.0718	12.65	0.816153	1.000000	0.000000	0.000000
0.0718	13.02	0.816153	1.000000	0.000000	0.000000
0.0718	13.39	0.816153	1.000000	0.000000	0.000000
0.0718	13.76	0.816153	1.000000	0.000000	0.000000
0.0718	14.12	0.816153	1.000000	0.000000	0.000000
0.0718	14.49	0.816153	1.000000	0.000000	0.000000
0.0718	14.86	0.816153	1.000000	0.000000	0.000000
0.0718	15.22	0.816153	1.000000	0.000000	0.000000
0.0718	15.59	0.816153	1.000000	0.000000	0.000000
0.0718	15.96	0.816153	1.000000	0.000000	0.000000
0.0718	16.33	0.816153	1.000000	0.000000	0.000000
0.0718	16.69	0.816153	1.000000	0.000000	0.000000
0.0718	17.06	0.816153	1.000000	0.000000	0.000000
0.0718	17.43	0.816153	1.000000	0.000000	0.000000
0.0718	17.80	0.816153	1.000000	0.000000	0.000000
0.0718	18.16	0.816153	1.000000	0.000000	0.000000
0.0718	18.53	0.816153	1.000000	0.000000	0.000000
0.0718	18.90	0.816153	1.000000	0.000000	0.000000
0.0718	19.27	0.816153	1.000000	0.000000	0.000000
0.0718	19.63	0.816153	1.000000	0.000000	0.000000
0.0718	20.00	0.816153	1.000000	0.000000	0.000000
0.0764	2.00	0.855822	0.000000	0.000000	0.000000
0.0764	2.37	0.855822	0.000000	0.000000	0.000000
0.0764	2.73	0.855822	0.000000	0.000000	0.000000
0.0764	3.10	0.855822	0.000000	0.000000	0.000000
0.0764	3.47	0.855822	0.000000	0.000000	0.000000
0.0764	3.84	0.855822	0.000000	0.000000	0.000000
0.0764	4.20	0.855822	0.000000	0.000000	0.000000
0.0764	4.57	0.855822	0.000000	0.000000	0.000000
0.0764	4.94	0.855822	0.000000	0.000000	0.000000
0.0764	5.31	0.855822	0.000000	0.000000	0.000000
0.0764	5.67	0.855822	0.000000	0.000000	0.000000
0.0764	6.04	0.855822	0.000000	0.000000	0.000000
0.0764	6.41	0.855822	0.000000	0.000000	0.000000
0.0764	6.78	0.855822	0.476908	0.362450	0.275462
0.0764	7.14	0.855822	0.952811	0.016467	0.000285
0.0764	7.51	0.855822	0.843122	0.273939	0.089006
0.0764	7.88	0.855822	0.939605	0.115378	0.014168
0.0764	8.24	0.855822	0.990085	0.005521	0.000031
0.0764	8.61	0.855822	0.945995	0.198881	0.041812
0.0764	8.98	0.855822	0.997390	0.002209	0.000005
0.0764	9.35	0.855822	0.998661	0.001893	0.000004
0.0764	9.71	0.855822	0.998823	0.000989	0.000001
0.0764	10.08	0.855822	0.998640	0.001068	0.000001
0.0764	10.45	0.855822	0.971386	0.154995	0.024731
0.0764	10.82	0.855822	0.999561	0.000970	0.000001
0.0764	11.18	0.855822	0.999696	0.000720	0.000001
0.0764	11.55	0.855822	0.998053	0.000779	0.000001
0.0764	11.92	0.855822	0.997992	0.000699	0.000000
0.0764	12.29	0.855822	0.999409	0.000915	0.000001
0.0764	12.65	0.855822	0.999646	0.000766	0.000001
0.0764	13.02	0.855822	0.998967	0.001112	0.000001
0.0764	13.39	0.855822	0.999254	0.000970	0.000001
0.0764	13.76	0.855822	0.999888	0.000460	0.000000
0.0764	14.12	0.855822	1.000000	0.000000	0.000000
0.0764	14.49	0.855822	1.000000	0.000000	0.000000
0.0764	14.86	0.855822	1.000000	0.000000	0.000000
0.0764	15.22	0.855822	1.000000	0.000000	0.000000
0.0764	15.59	0.855822	1.000000	0.000000	0.000000
0.0764	15.96	0.855822	0.999721	0.000694	0.000000
0.0764	16.33	0.855822	1.000000	0.000000	0.000000
0.0764	16.69	0.855822	1.000000	0.000000	0.000000
0.0764	17.06	0.855822	1.000000	0.000000	0.000000
0.0764	17.43	0.855822	1.000000	0.000000	0.000000
0.0764	17.80	0.855822	1.000000	0.000000	0.000000
0.0764	18.16	0.855822	1.000000	0.000000	0.000000
0.0764	18.53	0.855822	1.000000	0.000000	0.000000
0.0764	18.90	0.855822	1.000000	0.000000	0.000000
0.0764	19.27	0.855822	1.000000	0.000000	0.000000
0.0764	19.63	0.855822	1.000000	0.000000	0.000000
0.0764	20.00	0.855822	1.000000	0.000000	0.000000
0.0811	2.00	0.793763	0.000000	0.000000	0.000000
0.0811	2.37	0.793763	0.000000	0.000000	0.000000
0.0811	2.73	0.793763	0.000000	0.000000	0.000000
0.0811	3.10	0.793763	0.000000	0.000000	0.000000
0.0811	3.47	0.793763	0.000000	0.000000	0.000000
0.0811	3.84	0.793763	0.000000	0.000000	0.000000
0.0811	4.20	0.793763	0.000000	0.000000	0.000000
0.0811	4.57	0.793763	0.000000	0.000000	0.000000
0.0811	4.94	0.793763	0.000000	0.000000	0.000000
0.0811	5.31	0.793763	0.000000	0.000000	0.000000
0.0811	5.67	0.793763	0.000000	0.000000	0.000000
0.0811	6.04	0.793763	0.000000	0.000000	0.000000
0.0811	6.41	0.793763	0.000000	0.000000	0.000000
0.0811	6.78	0.793763	0.000000	0.000000	0.000000
0.0811	7.14	0.793763	0.000000	0.000000	0.000000
0.0811	7.51	0.793763	0.000000	0.000000	0.000000
0.0811	7.88	0.793763	0.000000	0.000000	0.000000
0.0811	8.24	0.793763	0.220707	0.147360	0.098388
0.0811	8.61	0.793763	0.310909	0.174732	0.098200
0.0811	8.98	0.793763	0.608305	0.311209	0.159215
0.0811	9.35	0.793763	0.794036	0.313213	0.123549
0.0811	9.71	0.793763	0.891375	0.239002	0.064083
0.0811	10.08	0.793763	0.859984	0.313523	0.114301
0.0811	10.45	0.793763	0.989044	0.024756	0.000620
0.0811	10.82	0.793763	0.994007	0.016540	0.000275
0.0811	11.18	0.793763	0.974558	0.140568	0.020275
0.0811	11.55	0.793763	1.000000	0.000000	0.000000
0.0811	11.92	0.793763	0.999939	0.000346	0.000000
0.0811	12.29	0.793763	0.999827	0.000566	0.000000
0.0811	12.65	0.793763	0.999941	0.000341	0.000000
0.0811	13.02	0.793763	1.000000	0.000000	0.000000
0.0811	13.39	0.793763	1.000000	0.000000	0.000000
0.0811	13.76	0.793763	1.000000	0.000000	0.000000
0.0811	14.12	0.793763	1.000000	0.000000	0.000000
0.0811	14.49	0.793763	1.000000	0.000000	0.000000
0.0811	14.86	0.793763	1.000000	0.000000	0.000000
0.0811	15.22	0.793763	1.000000	0.000000	0.000000
0.0811	15.59	0.793763	1.000000	0.000000	0.000000
0.0811	15.96	0.793763	1.000000	0.000000	0.000000
0.0811	16.33	0.793763	0.999948	0.000319	0.000000
0.0811	16.69	0.793763	1.000000	0.000000	0.000000
0.0811	17.06	0.793763	1.000000	0.000000	0.000000
0.0811	17.43	0.793763	1.000000	0.000000	0.000000
0.0811	17.80	0.793763	1.000000	0.000000	0.000000
0.0811	18.16	0.793763	1.000000	0.000000	0.000000
0.0811	18.53	0.793763	1.000000	0.000000	0.000000
0.0811	18.90	0.793763	1.000000	0.000000	0.000000
0.0811	19.27	0.793763	1.000000	0.000000	0.000000
0.0811	19.63	0.793763	1.000000	0.000000	0.000000
0.0811	20.00	0.793763	1.000000	0.000000	0.000000
0.0858	2.00	0.759869	0.000000	0.000000	0.000000
0.0858	2.37	0.759869	0.000000	0.000000	0.000000
0.0858	2.73	0.759869	0.000000	0.000000	0.000000
0.0858	3.10	0.759869	0.000000	0.000000	0.000000
0.0858	3.47	0.759869	0.000000	0.000000	0.000000
0.0858	3.84	0.759869	0.000000	0.000000	0.000000
0.0858	4.20	0.759869	0.000000	0.000000	0.000000
0.0858	4.57	0.759869	0.000000	0.000000	0.000000
0.0858	4.94	0.759869	0.000000	0.000000	0.000000
0.0858	5.31	0.759869	0.000000	0.000000	0.000000
0.0858	5.67	0.759869	0.000000	0.000000	0.000000
0.0858	6.04	0.759869	0.000000	0.000000	0.000000
0.0858	6.41	0.759869	0.000000	0.000000	0.000000
0.0858	6.78	0.759869	0.929293	0.000000	0.000000
0.0858	7.14	0.759869	0.944444	0.003030	0.000010
0.0858	7.51	0.759869	0.947186	0.007034	0.000052
0.0858	7.88	0.759869	0.954545	0.005051	0.000027
0.0858	8.24	0.759869	0.960606	0.004629	0.000022
0.0858	8.61	0.759869	0.966711	0.005456	0.000031
0.0858	8.98	0.759869	0.970791	0.003085	0.000010
0.0858	9.35	0.759869	0.973593	0.003454	0.000012
0.0858	9.71	0.759869	0.974295	0.002901	0.000009
0.0858	10.08	0.759869	0.976768	0.002647	0.000007
0.0858	10.45	0.759869	0.981818	0.003761	0.000014
0.0858	10.82	0.759869	0.983317	0.007220	0.000053
0.0858	11.18	0.759869	0.984028	0.007377	0.000055
0.0858	11.55	0.759869	0.982553	0.004994	0.000025
0.0858	11.92	0.759869	0.984789	0.004164	0.000018
0.0858	12.29	0.759869	0.985086	0.005021	0.000026
0.0858	12.65	0.759869	0.985740	0.003285	0.000011
0.0858	13.02	0.759869	0.983492	0.001961	0.000004
0.0858	13.39	0.759869	0.983492	0.006002	0.000037
0.0858	13.76	0.759869	0.986955	0.003933	0.000016
0.0858	14.12	0.759869	0.990255	0.001864	0.000004
0.0858	14.49	0.759869	0.990707	0.001755	0.000003
0.0858	14.86	0.759869	0.990067	0.002252	0.000005
0.0858	15.22	0.759869	0.989899	0.002284	0.000005
0.0858	15.59	0.759869	0.992031	0.001342	0.000002
0.0858	15.96	0.759869	0.988047	0.002201	0.000005
0.0858	16.33	0.759869	0.987654	0.002222	0.000005
0.0858	16.69	0.759869	0.990063	0.001652	0.000003
0.0858	17.06	0.759869	0.990572	0.001905	0.000004
0.0858	17.43	0.759869	0.986139	0.001590	0.000003
0.0858	17.80	0.759869	0.993700	0.001396	0.000002
0.0858	18.16	0.759869	0.988249	0.001969	0.000004
0.0858	18.53	0.759869	0.991582	0.001887	0.000004
0.0858	18.90	0.759869	0.993033	0.001904	0.000004
0.0858	19.27	0.759869	0.989433	0.002397	0.000006
0.0858	19.63	0.759869	0.989001	0.001931	0.000004
0.0858	20.00	0.759869	0.989433	0.001691	0.000003
0.0904	2.00	0.768544	0.000000	0.000000	0.000000
0.0904	2.37	0.768544	0.000000	0.000000	0.000000
0.0904	2.73	0.768544	0.000000	0.000000	0.000000
0.0904	3.10	0.768544	0.000000	0.000000	0.000000
0.0904	3.47	0.768544	0.000000	0.000000	0.000000
0.0904	3.84	0.768544	0.000000	0.000000	0.000000
0.0904	4.20	0.768544	0.000000	0.000000	0.000000
0.0904	4.57	0.768544	0.000000	0.000000	0.000000
0.0904	4.94	0.768544	0.000000	0.000000	0.000000
0.0904	5.31	0.768544	0.000000	0.000000	0.000000
0.0904	5.67	0.768544	0.000000	0.000000	0.000000
0.0904	6.04	0.768544	0.000000	0.000000	0.000000
0.0904	6.41	0.768544	0.000000	0.000000	0.000000
0.0904	6.78	0.768544	0.000000	0.000000	0.000000
0.0904	7.14	0.768544	0.000000	0.000000	0.000000
0.0904	7.51	0.768544	0.000000	0.000000	0.000000
0.0904	7.88	0.768544	0.000000	0.000000	0.000000
0.0904	8.24	0.768544	0.000000	0.000000	0.000000
0.0904	8.61	0.768544	0.249320	0.241569	0.234059
0.0904	8.98	0.768544	0.396599	0.277408	0.194037
0.0904	9.35	0.768544	0.543469	0.356963	0.234462
0.0904	9.71	0.768544	0.438484	0.286103	0.186678
0.0904	10.08	0.768544	0.536490	0.390467	0.284189
0.0904	10.45	0.768544	0.655032	0.390133	0.232361
0.0904	10.82	0.768544	0.904574	0.265651	0.078015
0.0904	11.18	0.768544	0.879592	0.294532	0.098624
0.0904	11.55	0.768544	0.998947	0.003733	0.000014
0.0904	11.92	0.768544	0.995918	0.016265	0.000266
0.0904	12.29	0.768544	0.996542	0.015126	0.000230
0.0904	12.65	0.768544	0.999534	0.002394	0.000006
0.0904	13.02	0.768544	0.999603	0.001256	0.000002
0.0904	13.39	0.768544	0.999614	0.002317	0.000005
0.0904	13.76	0.768544	1.000000	0.000000	0.000000
0.0904	14.12	0.768544	1.000000	0.000000	0.000000
0.0904	14.49	0.768544	1.000000	0.000000	0.000000
0.0904	14.86	0.768544	1.000000	0.000000	0.000000
0.0904	15.22	0.768544	1.000000	0.000000	0.000000
0.0904	15.59	0.768544	1.000000	0.000000	0.000000
0.0904	15.96	0.768544	1.000000	0.000000	0.000000
0.0904	16.33	0.768544	1.000000	0.000000	0.000000
0.0904	16.69	0.768544	1.000000	0.000000	0.000000
0.0904	17.06	0.768544	1.000000	0.000000	0.000000
0.0904	17.43	0.768544	1.000000	0.000000	0.000000
0.0904	17.80	0.768544	1.000000	0.000000	0.000000
0.0904	18.16	0.768544	1.000000	0.000000	0.000000
0.0904	18.53	0.768544	1.000000	0.000000	0.000000
0.0904	18.90	0.768544	1.000000	0.000000	0.000000
0.0904	19.27	0.768544	1.000000	0.000000	0.000000
0.0904	19.63	0.768544	1.000000	0.000000	0.000000
0.0904	20.00	0.768544	1.000000	0.000000	0.000000
0.0949	2.00	0.785526	0.000000	0.000000	0.000000
0.0949	2.37	0.785526	0.000000	0.000000	0.000000
0.0949	2.73	0.785526	0.000000	0.000000	0.000000
0.0949	3.10	0.785526	0.000000	0.000000	0.000000
0.0949	3.47	0.785526	0.000000	0.000000	0.000000
0.0949	3.84	0.785526	0.000000	0.000000	0.000000
0.0949	4.20	0.785526	0.000000	0.000000	0.000000
0.0949	4.57	0.785526	0.000000	0.000000	0.000000
0.0949	4.94	0.785526	0.000000	0.000000	0.000000
0.0949	5.31	0.785526	0.000000	0.000000	0.000000
0.0949	5.67	0.785526	0.000000	0.000000	0.000000
0.0949	6.04	0.785526	0.000000	0.000000	0.000000
0.0949	6.41	0.785526	0.000000	0.000000	0.000000
0.0949	6.78	0.785526	0.000000	0.000000	0.000000
0.0949	7.14	0.785526	0.000000	0.000000	0.000000
0.0949	7.51	0.785526	0.391156	0.370022	0.350029
0.0949	7.88	0.785526	0.935204	0.025052	0.000671
0.0949	8.24	0.785526	0.745408	0.364994	0.178721
0.0949	8.61	0.785526	0.824490	0.296276	0.106465
0.0949	8.98	0.785526	0.907683	0.196860	0.042695
0.0949	9.35	0.785526	0.920894	0.183405	0.036527
0.0949	9.71	0.785526	0.930442	0.171085	0.031458
0.0949	10.08	0.785526	0.936264	0.162383	0.028163
0.0949	10.45	0.785526	0.969461	0.002586	0.000007
0.0949	10.82	0.785526	0.948435	0.155313	0.025434
0.0949	11.18	0.785526	0.978508	0.002840	0.000008
0.0949	11.55	0.785526	0.977737	0.002858	0.000008
0.0949	11.92	0.785526	0.978992	0.002297	0.000005
0.0949	12.29	0.785526	0.978950	0.001810	0.000003
0.0949	12.65	0.785526	0.983615	0.002511	0.000006
0.0949	13.02	0.785526	0.984127	0.002312	0.000005
0.0949	13.39	0.785526	0.981341	0.002892	0.000009
0.0949	13.76	0.785526	0.982710	0.002522	0.000006
0.0949	14.12	0.785526	0.987585	0.001473	0.000002
0.0949	14.49	0.785526	0.987528	0.001342	0.000002
0.0949	14.86	0.785526	0.985880	0.001453	0.000002
0.0949	15.22	0.785526	0.986486	0.001668	0.000003
0.0949	15.59	0.785526	0.989024	0.001859	0.000003
0.0949	15.96	0.785526	0.989420	0.001922	0.000004
0.0949	16.33	0.785526	0.986707	0.001310	0.000002
0.0949	16.69	0.785526	0.986652	0.001308	0.000002
0.0949	17.06	0.785526	0.989512	0.001455	0.000002
0.0949	17.43	0.785526	0.985163	0.001312	0.000002
0.0949	17.80	0.785526	0.985601	0.001439	0.000002
0.0949	18.16	0.785526	0.990816	0.001402	0.000002
0.0949	18.53	0.785526	0.990873	0.001316	0.000002
0.0949	18.90	0.785526	0.990363	0.001327	0.000002
0.0949	19.27	0.785526	0.989474	0.001367	0.000002
0.0949	19.63	0.785526	0.989741	0.001537	0.000002
0.0949	20.00	0.785526	0.992234	0.000808	0.000001
0.0992	2.00	0.753195	0.000000	0.000000	0.000000
0.0992	2.37	0.753195	0.000000	0.000000	0.000000
0.0992	2.73	0.753195	0.000000	0.000000	0.000000
0.0992	3.10	0.753195	0.000000	0.000000	0.000000
0.0992	3.47	0.753195	0.000000	0.000000	0.000000
0.0992	3.84	0.753195	0.000000	0.000000	0.000000
0.0992	4.20	0.753195	0.000000	0.000000	0.000000
0.0992	4.57	0.753195	0.000000	0.000000	0.000000
0.0992	4.94	0.753195	0.000000	0.000000	0.000000
0.0992	5.31	0.753195	0.000000	0.000000	0.000000
0.0992	5.67	0.753195	0.000000	0.000000	0.000000
0.0992	6.04	0.753195	0.000000	0.000000	0.000000
0.0992	6.41	0.753195	0.000000	0.000000	0.000000
0.0992	6.78	0.753195	0.000000	0.000000	0.000000
0.0992	7.14	0.753195	0.000000	0.000000	0.000000
0.0992	7.51	0.753195	0.000000	0.000000	0.000000
0.0992	7.88	0.753195	0.117886	0.000000	0.000000
0.0992	8.24	0.753195	0.708672	0.322897	0.147124
0.0992	8.61	0.753195	0.813008	0.292233	0.105042
0.0992	8.98	0.753195	0.887016	0.196828	0.043676
0.0992	9.35	0.753195	0.883953	0.237215	0.063658
0.0992	9.71	0.753195	0.930650	0.169262	0.030785
0.0992	10.08	0.753195	0.934725	0.162191	0.028143
0.0992	10.45	0.753195	0.966802	0.004042	0.000017
0.0992	10.82	0.753195	0.968877	0.002710	0.000008
0.0992	11.18	0.753195	0.968559	0.003173	0.000010
0.0992	11.55	0.753195	0.969957	0.003080	0.000010
0.0992	11.92	0.753195	0.972125	0.002408	0.000006
0.0992	12.29	0.753195	0.973577	0.002571	0.000007
0.0992	12.65	0.753195	0.974855	0.002008	0.000004
0.0992	13.02	0.753195	0.983566	0.002298	0.000005
0.0992	13.39	0.753195	0.984030	0.002286	0.000005
0.0992	13.76	0.753195	0.986789	0.001397	0.000002
0.0992	14.12	0.753195	0.987014	0.001292	0.000002
0.0992	14.49	0.753195	0.981538	0.001878	0.000004
0.0992	14.86	0.753195	0.982037	0.001603	0.000003
0.0992	15.22	0.753195	0.982806	0.001982	0.000004
0.0992	15.59	0.753195	0.986926	0.002434	0.000006
0.0992	15.96	0.753195	0.987003	0.002262	0.000005
0.0992	16.33	0.753195	0.987475	0.001532	0.000002
0.0992	16.69	0.753195	0.987695	0.001490	0.000002
0.0992	17.06	0.753195	0.986047	0.002370	0.000006
0.0992	17.43	0.753195	0.986414	0.001871	0.000004
0.0992	17.80	0.753195	0.984289	0.001468	0.000002
0.0992	18.16	0.753195	0.985547	0.002131	0.000005
0.0992	18.53	0.753195	0.985377	0.001647	0.000003
0.0992	18.90	0.753195	0.988684	0.001007	0.000001
0.0992	19.27	0.753195	0.988684	0.001007	0.000001
0.0992	19.63	0.753195	0.984813	0.001885	0.000004
0.0992	20.00	0.753195	0.984700	0.001693	0.000003
0.1031	2.00	0.769337	0.000000	0.000000	0.000000
0.1031	2.37	0.769337	0.000000	0.000000	0.000000
0.1031	2.73	0.769337	0.000000	0.000000	0.000000
0.1031	3.10	0.769337	0.000000	0.000000	0.000000
0.1031	3.47	0.769337	0.000000	0.000000	0.000000
0.1031	3.84	0.769337	0.000000	0.000000	0.000000
0.1031	4.20	0.769337	0.000000	0.000000	0.000000
0.1031	4.57	0.769337	0.000000	0.000000	0.000000
0.1031	4.94	0.769337	0.000000	0.000000	0.000000
0.1031	5.31	0.769337	0.000000	0.000000	0.000000
0.1031	5.67	0.769337	0.000000	0.000000	0.000000
0.1031	6.04	0.769337	0.000000	0.000000	0.000000
0.1031	6.41	0.769337	0.000000	0.000000	0.000000
0.1031	6.78	0.769337	0.000000	0.000000	0.000000
0.1031	7.14	0.769337	0.000000	0.000000	0.000000
0.1031	7.51	0.769337	0.000000	0.000000	0.000000
0.1031	7.88	0.769337	0.152918	0.000000	0.000000
0.1031	8.24	0.769337	0.520121	0.393640	0.297916
0.1031	8.61	0.769337	0.948021	0.057516	0.003490
0.1031	8.98	0.769337	0.788732	0.351970	0.157066
0.1031	9.35	0.769337	0.950561	0.181067	0.034490
0.1031	9.71	0.769337	0.918008	0.244955	0.065362
0.1031	10.08	0.769337	0.916980	0.246689	0.066365
0.1031	10.45	0.769337	0.993654	0.001908	0.000004
0.1031	10.82	0.769337	0.963505	0.157440	0.025726
0.1031	11.18	0.769337	0.994029	0.003331	0.000011
0.1031	11.55	0.769337	0.995787	0.001269	0.000002
0.1031	11.92	0.769337	0.995621	0.002313	0.000005
0.1031	12.29	0.769337	0.996666	0.002201	0.000005
0.1031	12.65	0.769337	0.996493	0.002469	0.000006
0.1031	13.02	0.769337	0.996378	0.001912	0.000004
0.1031	13.39	0.769337	0.996591	0.001144	0.000001
0.1031	13.76	0.769337	0.996870	0.001294	0.000002
0.1031	14.12	0.769337	0.998715	0.001176	0.000001
0.1031	14.49	0.769337	0.998749	0.000976	0.000001
0.1031	14.86	0.769337	0.999665	0.000750	0.000001
0.1031	15.22	0.769337	0.999665	0.000750	0.000001
0.1031	15.59	0.769337	0.999385	0.000927	0.000001
0.1031	15.96	0.769337	0.999511	0.000863	0.000001
0.1031	16.33	0.769337	0.996030	0.001191	0.000001
0.1031	16.69	0.769337	0.996357	0.001130	0.000001
0.1031	17.06	0.769337	0.999523	0.000855	0.000001
0.1031	17.43	0.769337	0.999629	0.000780	0.000001
0.1031	17.80	0.769337	0.999946	0.000326	0.000000
0.1031	18.16	0.769337	0.999106	0.001000	0.000001
0.1031	18.53	0.769337	0.999674	0.000742	0.000001
0.1031	18.90	0.769337	1.000000	0.000000	0.000000
0.1031	19.27	0.769337	1.000000	0.000000	0.000000
0.1031	19.63	0.769337	0.999837	0.000549	0.000000
0.1031	20.00	0.769337	0.997934	0.000326	0.000000
0.1070	2.00	0.745692	0.000000	0.000000	0.000000
0.1070	2.37	0.745692	0.000000	0.000000	0.000000
0.1070	2.73	0.745692	0.000000	0.000000	0.000000
0.1070	3.10	0.745692	0.000000	0.000000	0.000000
0.1070	3.47	0.745692	0.000000	0.000000	0.000000
0.1070	3.84	0.745692	0.000000	0.000000	0.000000
0.1070	4.20	0.745692	0.000000	0.000000	0.000000
0.1070	4.57	0.745692	0.000000	0.000000	0.000000
0.1070	4.94	0.745692	0.000000	0.000000	0.000000
0.1070	5.31	0.745692	0.000000	0.000000	0.000000
0.1070	5.67	0.745692	0.000000	0.000000	0.000000
0.1070	6.04	0.745692	0.000000	0.000000	0.000000
0.1070	6.41	0.745692	0.000000	0.000000	0.000000
0.1070	6.78	0.745692	0.325253	0.000000	0.000000
0.1070	7.14	0.745692	0.672727	0.000000	0.000000
0.1070	7.51	0.745692	0.572929	0.202660	0.071686
0.1070	7.88	0.745692	0.657071	0.259263	0.102299
0.1070	8.24	0.745692	0.820875	0.223459	0.060830
0.1070	8.61	0.745692	0.980273	0.003765	0.000014
0.1070	8.98	0.745692	0.988517	0.004591	0.000021
0.1070	9.35	0.745692	0.990634	0.009641	0.000094
0.1070	9.71	0.745692	0.989600	0.003047	0.000009
0.1070	10.08	0.745692	0.992685	0.002338	0.000006
0.1070	10.45	0.745692	0.993199	0.001915	0.000004
0.1070	10.82	0.745692	0.993353	0.002000	0.000004
0.1070	11.18	0.745692	0.994634	0.001721	0.000003
0.1070	11.55	0.745692	0.994123	0.001350	0.000002
0.1070	11.92	0.745692	0.995544	0.001452	0.000002
0.1070	12.29	0.745692	0.999939	0.000346	0.000000
0.1070	12.65	0.745692	0.999881	0.000475	0.000000
0.1070	13.02	0.745692	1.000000	0.000000	0.000000
0.1070	13.39	0.745692	0.998268	0.001538	0.000002
0.1070	13.76	0.745692	0.998653	0.001347	0.000002
0.1070	14.12	0.745692	0.999551	0.000840	0.000001
0.1070	14.49	0.745692	0.999551	0.000840	0.000001
0.1070	14.86	0.745692	0.999495	0.000875	0.000001
0.1070	15.22	0.745692	0.999618	0.000791	0.000001
0.1070	15.59	0.745692	0.997270	0.000964	0.000001
0.1070	15.96	0.745692	0.996914	0.001009	0.000001
0.1070	16.33	0.745692	0.996178	0.000784	0.000001
0.1070	16.69	0.745692	0.996506	0.001013	0.000001
0.1070	17.06	0.745692	1.000000	0.000000	0.000000
0.1070	17.43	0.745692	0.999787	0.000620	0.000000
0.1070	17.80	0.745692	0.999787	0.000620	0.000000
0.1070	18.16	0.745692	0.998417	0.001495	0.000002
0.1070	18.53	0.745692	0.998429	0.001270	0.000002
0.1070	18.90	0.745692	0.999945	0.000328	0.000000
0.1070	19.27	0.745692	1.000000	0.000000	0.000000
0.1070	19.63	0.745692	0.996560	0.001036	0.000001
0.1070	20.00	0.745692	0.998853	0.001001	0.000001
0.1109	2.00	0.716272	0.000000	0.000000	0.000000
0.1109	2.37	0.716272	0.000000	0.000000	0.000000
0.1109	2.73	0.716272	0.000000	0.000000	0.000000
0.1109	3.10	0.716272	0.000000	0.000000	0.000000
0.1109	3.47	0.716272	0.000000	0.000000	0.000000
0.1109	3.84	0.716272	0.000000	0.000000	0.000000
0.1109	4.20	0.716272	0.000000	0.000000	0.000000
0.1109	4.57	0.716272	0.000000	0.000000	0.000000
0.1109	4.94	0.716272	0.000000	0.000000	0.000000
0.1109	5.31	0.716272	0.000000	0.000000	0.000000
0.1109	5.67	0.716272	0.000000	0.000000	0.000000
0.1109	6.04	0.716272	0.000000	0.000000	0.000000
0.1109	6.41	0.716272	0.000000	0.000000	0.000000
0.1109	6.78	0.716272	0.175050	0.000000	0.000000
0.1109	7.14	0.716272	0.221328	0.000000	0.000000
0.1109	7.51	0.716272	0.000000	0.000000	0.000000
0.1109	7.88	0.716272	0.000000	0.000000	0.000000
0.1109	8.24	0.716272	0.774073	0.257500	0.085659
0.1109	8.61	0.716272	0.895976	0.225835	0.056923
0.1109	8.98	0.716272	0.940703	0.208048	0.046012
0.1109	9.35	0.716272	0.951207	0.193367	0.039309
0.1109	9.71	0.716272	0.997988	0.002323	0.000005
0.1109	10.08	0.716272	0.999177	0.001566	0.000002
0.1109	10.45	0.716272	0.999776	0.000836	0.000001
0.1109	10.82	0.716272	0.999851	0.000527	0.000000
0.1109	11.18	0.716272	0.970987	0.157809	0.025648
0.1109	11.55	0.716272	0.999026	0.004978	0.000025
0.1109	11.92	0.716272	0.948893	0.206118	0.044773
0.1109	12.29	0.716272	0.997561	0.010051	0.000101
0.1109	12.65	0.716272	1.000000	0.000000	0.000000
0.1109	13.02	0.716272	1.000000	0.000000	0.000000
0.1109	13.39	0.716272	1.000000	0.000000	0.000000
0.1109	13.76	0.716272	1.000000	0.000000	0.000000
0.1109	14.12	0.716272	0.999944	0.000331	0.000000
0.1109	14.49	0.716272	1.000000	0.000000	0.000000
0.1109	14.86	0.716272	1.000000	0.000000	0.000000
0.1109	15.22	0.716272	1.000000	0.000000	0.000000
0.1109	15.59	0.716272	1.000000	0.000000	0.000000
0.1109	15.96	0.716272	1.000000	0.000000	0.000000
0.1109	16.33	0.716272	1.000000	0.000000	0.000000
0.1109	16.69	0.716272	1.000000	0.000000	0.000000
0.1109	17.06	0.716272	1.000000	0.000000	0.000000
0.1109	17.43	0.716272	1.000000	0.000000	0.000000
0.1109	17.80	0.716272	1.000000	0.000000	0.000000
0.1109	18.16	0.716272	1.000000	0.000000	0.000000
0.1109	18.53	0.716272	1.000000	0.000000	0.000000
0.1109	18.90	0.716272	1.000000	0.000000	0.000000
0.1109	19.27	0.716272	1.000000	0.000000	0.000000
0.1109	19.63	0.716272	1.000000	0.000000	0.000000
0.1109	20.00	0.716272	1.000000	0.000000	0.000000
0.1146	2.00	0.725455	0.000000	0.000000	0.000000
0.1146	2.37	0.725455	0.000000	0.000000	0.000000
0.1146	2.73	0.725455	0.000000	0.000000	0.000000
0.1146	3.10	0.725455	0.000000	0.000000	0.000000
0.1146	3.47	0.725455	0.000000	0.000000	0.000000
0.1146	3.84	0.725455	0.000000	0.000000	0.000000
0.1146	4.20	0.725455	0.000000	0.000000	0.000000
0.1146	4.57	0.725455	0.000000	0.000000	0.000000
0.1146	4.94	0.725455	0.000000	0.000000	0.000000
0.1146	5.31	0.725455	0.000000	0.000000	0.000000
0.1146	5.67	0.725455	0.000000	0.000000	0.000000
0.1146	6.04	0.725455	0.000000	0.000000	0.000000
0.1146	6.41	0.725455	0.145194	0.000000	0.000000
0.1146	6.78	0.725455	0.000000	0.000000	0.000000
0.1146	7.14	0.725455	0.000000	0.000000	0.000000
0.1146	7.51	0.725455	0.750511	0.000000	0.000000
0.1146	7.88	0.725455	0.851738	0.057742	0.003914
0.1146	8.24	0.725455	0.787662	0.303467	0.116918
0.1146	8.61	0.725455	0.972324	0.008831	0.000080
0.1146	8.98	0.725455	0.986821	0.006143	0.000038
0.1146	9.35	0.725455	0.953895	0.176963	0.032829
0.1146	9.71	0.725455	0.926466	0.225217	0.054749
0.1146	10.08	0.725455	0.938037	0.212234	0.048019
0.1146	10.45	0.725455	0.994500	0.014491	0.000211
0.1146	10.82	0.725455	0.946962	0.133137	0.018718
0.1146	11.18	0.725455	0.995297	0.009418	0.000089
0.1146	11.55	0.725455	0.997397	0.001358	0.000002
0.1146	11.92	0.725455	0.996592	0.008206	0.000068
0.1146	12.29	0.725455	0.971671	0.151006	0.023467
0.1146	12.65	0.725455	0.999649	0.001035	0.000001
0.1146	13.02	0.725455	0.999825	0.000753	0.000001
0.1146	13.39	0.725455	0.999825	0.000572	0.000000
0.1146	13.76	0.725455	0.999883	0.000475	0.000000
0.1146	14.12	0.725455	0.999943	0.000336	0.000000
0.1146	14.49	0.725455	0.999943	0.000336	0.000000
0.1146	14.86	0.725455	0.999943	0.000336	0.000000
0.1146	15.22	0.725455	0.998601	0.000951	0.000001
0.1146	15.59	0.725455	0.998547	0.000927	0.000001
0.1146	15.96	0.725455	1.000000	0.000000	0.000000
0.1146	16.33	0.725455	1.000000	0.000000	0.000000
0.1146	16.69	0.725455	1.000000	0.000000	0.000000
0.1146	17.06	0.725455	1.000000	0.000000	0.000000
0.1146	17.43	0.725455	1.000000	0.000000	0.000000
0.1146	17.80	0.725455	1.000000	0.000000	0.000000
0.1146	18.16	0.725455	1.000000	0.000000	0.000000
0.1146	18.53	0.725455	1.000000	0.000000	0.000000
0.1146	18.90	0.725455	1.000000	0.000000	0.000000
0.1146	19.27	0.725455	1.000000	0.000000	0.000000
0.1146	19.63	0.725455	1.000000	0.000000	0.000000
0.1146	20.00	0.725455	1.000000	0.000000	0.000000
0.1184	2.00	0.697467	0.000000	0.000000	0.000000
0.1184	2.37	0.697467	0.000000	0.000000	0.000000
0.1184	2.73	0.697467	0.000000	0.000000	0.000000
0.1184	3.10	0.697467	0.000000	0.000000	0.000000
0.1184	3.47	0.697467	0.000000	0.000000	0.000000
0.1184	3.84	0.697467	0.000000	0.000000	0.000000
0.1184	4.20	0.697467	0.000000	0.000000	0.000000
0.1184	4.57	0.697467	0.000000	0.000000	0.000000
0.1184	4.94	0.697467	0.000000	0.000000	0.000000
0.1184	5.31	0.697467	0.000000	0.000000	0.000000
0.1184	5.67	0.697467	0.000000	0.000000	0.000000
0.1184	6.04	0.697467	0.000000	0.000000	0.000000
0.1184	6.41	0.697467	0.000000	0.000000	0.000000
0.1184	6.78	0.697467	0.000000	0.000000	0.000000
0.1184	7.14	0.697467	0.000000	0.000000	0.000000
0.1184	7.51	0.697467	0.000000	0.000000	0.000000
0.1184	7.88	0.697467	0.000000	0.000000	0.000000
0.1184	8.24	0.697467	0.000000	0.000000	0.000000
0.1184	8.61	0.697467	0.196319	0.067485	0.023198
0.1184	8.98	0.697467	0.111111	0.008404	0.000636
0.1184	9.35	0.697467	0.263292	0.199396	0.151007
0.1184	9.71	0.697467	0.438241	0.294489	0.197890
0.1184	10.08	0.697467	0.455010	0.345474	0.262306
0.1184	10.45	0.697467	0.682919	0.341453	0.170724
0.1184	10.82	0.697467	0.878221	0.168899	0.032482
0.1184	11.18	0.697467	0.897145	0.187714	0.039276
0.1184	11.55	0.697467	0.968303	0.151734	0.023777
0.1184	11.92	0.697467	0.996965	0.010757	0.000116
0.1184	12.29	0.697467	0.970998	0.153939	0.024405
0.1184	12.65	0.697467	0.998575	0.001066	0.000001
0.1184	13.02	0.697467	0.998773	0.001002	0.000001
0.1184	13.39	0.697467	0.999883	0.000475	0.000000
0.1184	13.76	0.697467	0.999886	0.000468	0.000000
0.1184	14.12	0.697467	0.999945	0.000332	0.000000
0.1184	14.49	0.697467	0.999946	0.000327	0.000000
0.1184	14.86	0.697467	1.000000	0.000000	0.000000
0.1184	15.22	0.697467	0.999946	0.000327	0.000000
0.1184	15.59	0.697467	1.000000	0.000000	0.000000
0.1184	15.96	0.697467	1.000000	0.000000	0.000000
0.1184	16.33	0.697467	1.000000	0.000000	0.000000
0.1184	16.69	0.697467	1.000000	0.000000	0.000000
0.1184	17.06	0.697467	1.000000	0.000000	0.000000
0.1184	17.43	0.697467	1.000000	0.000000	0.000000
0.1184	17.80	0.697467	1.000000	0.000000	0.000000
0.1184	18.16	0.697467	1.000000	0.000000	0.000000
0.1184	18.53	0.697467	1.000000	0.000000	0.000000
0.1184	18.90	0.697467	1.000000	0.000000	0.000000
0.1184	19.27	0.697467	1.000000	0.000000	0.000000
0.1184	19.63	0.697467	0.999266	0.000981	0.000001
0.1184	20.00	0.697467	1.000000	0.000000	0.000000
0.1222	2.00	0.760556	0.000000	0.000000	0.000000
0.1222	2.37	0.760556	0.000000	0.000000	0.000000
0.1222	2.73	0.760556	0.000000	0.000000	0.000000
0.1222	3.10	0.760556	0.000000	0.000000	0.000000
0.1222	3.47	0.760556	0.000000	0.000000	0.000000
0.1222	3.84	0.760556	0.000000	0.000000	0.000000
0.1222	4.20	0.760556	0.000000	0.000000	0.000000
0.1222	4.57	0.760556	0.000000	0.000000	0.000000
0.1222	4.94	0.760556	0.000000	0.000000	0.000000
0.1222	5.31	0.760556	0.000000	0.000000	0.000000
0.1222	5.67	0.760556	0.000000	0.000000	0.000000
0.1222	6.04	0.760556	0.000000	0.000000	0.000000
0.1222	6.41	0.760556	0.000000	0.000000	0.000000
0.1222	6.78	0.760556	0.000000	0.000000	0.000000
0.1222	7.14	0.760556	0.000000	0.000000	0.000000
0.1222	7.51	0.760556	0.674211	0.047051	0.003284
0.1222	7.88	0.760556	0.652949	0.182565	0.051045
0.1222	8.24	0.760556	0.856516	0.062971	0.004630
0.1222	8.61	0.760556	0.967650	0.014302	0.000211
0.1222	8.98	0.760556	0.984839	0.007134	0.000052
0.1222	9.35	0.760556	0.993745	0.003106	0.000010
0.1222	9.71	0.760556	0.961855	0.171811	0.030690
0.1222	10.08	0.760556	0.998084	0.002412	0.000006
0.1222	10.45	0.760556	0.999177	0.001465	0.000002
0.1222	10.82	0.760556	0.973637	0.144939	0.021576
0.1222	11.18	0.760556	0.999421	0.002532	0.000006
0.1222	11.55	0.760556	0.998392	0.005289	0.000028
0.1222	11.92	0.760556	0.991962	0.031380	0.000993
0.1222	12.29	0.760556	0.995261	0.026806	0.000722
0.1222	12.65	0.760556	0.974368	0.070397	0.005086
0.1222	13.02	0.760556	0.999576	0.001200	0.000001
0.1222	13.39	0.760556	0.999758	0.000663	0.000000
0.1222	13.76	0.760556	1.000000	0.000000	0.000000
0.1222	14.12	0.760556	1.000000	0.000000	0.000000
0.1222	14.49	0.760556	1.000000	0.000000	0.000000
0.1222	14.86	0.760556	0.999555	0.000847	0.000001
0.1222	15.22	0.760556	0.999833	0.000562	0.000000
0.1222	15.59	0.760556	0.999944	0.000334	0.000000
0.1222	15.96	0.760556	1.000000	0.000000	0.000000
0.1222	16.33	0.760556	0.999946	0.000329	0.000000
0.1222	16.69	0.760556	1.000000	0.000000	0.000000
0.1222	17.06	0.760556	1.000000	0.000000	0.000000
0.1222	17.43	0.760556	0.999947	0.000325	0.000000
0.1222	17.80	0.760556	1.000000	0.000000	0.000000
0.1222	18.16	0.760556	0.999949	0.000321	0.000000
0.1222	18.53	0.760556	1.000000	0.000000	0.000000
0.1222	18.90	0.760556	1.000000	0.000000	0.000000
0.1222	19.27	0.760556	0.999947	0.000325	0.000000
0.1222	19.63	0.760556	1.000000	0.000000	0.000000
0.1222	20.00	0.760556	1.000000	0.000000	0.000000
0.1265	2.00	0.648769	0.000000	0.000000	0.000000
0.1265	2.37	0.648769	0.000000	0.000000	0.000000
0.1265	2.73	0.648769	0.000000	0.000000	0.000000
0.1265	3.10	0.648769	0.000000	0.000000	0.000000
0.1265	3.47	0.648769	0.000000	0.000000	0.000000
0.1265	3.84	0.648769	0.000000	0.000000	0.000000
0.1265	4.20	0.648769	0.000000	0.000000	0.000000
0.1265	4.57	0.648769	0.000000	0.000000	0.000000
0.1265	4.94	0.648769	0.000000	0.000000	0.000000
0.1265	5.31	0.648769	0.000000	0.000000	0.000000
0.1265	5.67	0.648769	0.000000	0.000000	0.000000
0.1265	6.04	0.648769	0.000000	0.000000	0.000000
0.1265	6.41	0.648769	0.000000	0.000000	0.000000
0.1265	6.78	0.648769	0.000000	0.000000	0.000000
0.1265	7.14	0.648769	0.112576	0.005071	0.000228
0.1265	7.51	0.648769	0.104462	0.001014	0.000010
0.1265	7.88	0.648769	0.104462	0.001014	0.000010
0.1265	8.24	0.648769	0.447262	0.302202	0.204190
0.1265	8.61	0.648769	0.866705	0.284285	0.093248
0.1265	8.98	0.648769	0.905849	0.241905	0.064600
0.1265	9.35	0.648769	0.936993	0.202143	0.043610
0.1265	9.71	0.648769	0.896214	0.273123	0.083235
0.1265	10.08	0.648769	0.993915	0.001757	0.000003
0.1265	10.45	0.648769	0.994666	0.001476	0.000002
0.1265	10.82	0.648769	0.997093	0.001133	0.000001
0.1265	11.18	0.648769	0.997448	0.001360	0.000002
0.1265	11.55	0.648769	0.997845	0.000706	0.000000
0.1265	11.92	0.648769	0.997787	0.000583	0.000000
0.1265	12.29	0.648769	0.998031	0.000600	0.000000
0.1265	12.65	0.648769	0.997508	0.000980	0.000001
0.1265	13.02	0.648769	0.997218	0.000980	0.000001
0.1265	13.39	0.648769	0.998377	0.001438	0.000002
0.1265	13.76	0.648769	0.998667	0.001367	0.000002
0.1265	14.12	0.648769	0.998783	0.001549	0.000002
0.1265	14.49	0.648769	0.998435	0.000852	0.000001
0.1265	14.86	0.648769	0.998739	0.000984	0.000001
0.1265	15.22	0.648769	0.998629	0.000950	0.000001
0.1265	15.59	0.648769	0.997634	0.000756	0.000001
0.1265	15.96	0.648769	0.997577	0.000803	0.000001
0.1265	16.33	0.648769	1.000000	0.000000	0.000000
0.1265	16.69	0.648769	1.000000	0.000000	0.000000
0.1265	17.06	0.648769	1.000000	0.000000	0.000000
0.1265	17.43	0.648769	1.000000	0.000000	0.000000
0.1265	17.80	0.648769	1.000000	0.000000	0.000000
0.1265	18.16	0.648769	1.000000	0.000000	0.000000
0.1265	18.53	0.648769	1.000000	0.000000	0.000000
0.1265	18.90	0.648769	1.000000	0.000000	0.000000
0.1265	19.27	0.648769	0.999726	0.000693	0.000000
0.1265	19.63	0.648769	0.999836	0.000554	0.000000
0.1265	20.00	0.648769	0.998301	0.000748	0.000001
0.1310	2.00	0.669159	0.000000	0.000000	0.000000
0.1310	2.37	0.669159	0.000000	0.000000	0.000000
0.1310	2.73	0.669159	0.000000	0.000000	0.000000
0.1310	3.10	0.669159	0.000000	0.000000	0.000000
0.1310	3.47	0.669159	0.000000	0.000000	0.000000
0.1310	3.84	0.669159	0.000000	0.000000	0.000000
0.1310	4.20	0.669159	0.000000	0.000000	0.000000
0.1310	4.57	0.669159	0.000000	0.000000	0.000000
0.1310	4.94	0.669159	0.000000	0.000000	0.000000
0.1310	5.31	0.669159	0.000000	0.000000	0.000000
0.1310	5.67	0.669159	0.000000	0.000000	0.000000
0.1310	6.04	0.669159	0.000000	0.000000	0.000000
0.1310	6.41	0.669159	0.000000	0.000000	0.000000
0.1310	6.78	0.669159	0.480493	0.102669	0.021938
0.1310	7.14	0.669159	0.146475	0.040459	0.011175
0.1310	7.51	0.669159	0.908111	0.123651	0.016837
0.1310	7.88	0.669159	0.986396	0.003547	0.000013
0.1310	8.24	0.669159	0.984714	0.002757	0.000008
0.1310	8.61	0.669159	0.990281	0.002752	0.000008
0.1310	8.98	0.669159	0.956964	0.170433	0.030354
0.1310	9.35	0.669159	0.957207	0.174860	0.031943
0.1310	9.71	0.669159	0.994077	0.002000	0.000004
0.1310	10.08	0.669159	0.996460	0.001309	0.000002
0.1310	10.45	0.669159	0.996176	0.002069	0.000004
0.1310	10.82	0.669159	0.996887	0.001553	0.000002
0.1310	11.18	0.669159	0.999129	0.001241	0.000002
0.1310	11.55	0.669159	0.999253	0.001110	0.000001
0.1310	11.92	0.669159	0.999129	0.001134	0.000001
0.1310	12.29	0.669159	0.999336	0.000961	0.000001
0.1310	12.65	0.669159	0.992432	0.001277	0.000002
0.1310	13.02	0.669159	0.992842	0.001503	0.000002
0.1310	13.39	0.669159	0.996128	0.000953	0.000001
0.1310	13.76	0.669159	0.996692	0.001112	0.000001
0.1310	14.12	0.669159	0.998005	0.000342	0.000000
0.1310	14.49	0.669159	0.997947	0.000484	0.000000
0.1310	14.86	0.669159	1.000000	0.000000	0.000000
0.1310	15.22	0.669159	0.999883	0.000477	0.000000
0.1310	15.59	0.669159	0.999601	0.000813	0.000001
0.1310	15.96	0.669159	0.998557	0.001156	0.000001
0.1310	16.33	0.669159	0.999144	0.001012	0.000001
0.1310	16.69	0.669159	0.997281	0.000961	0.000001
0.1310	17.06	0.669159	0.997392	0.001029	0.000001
0.1310	17.43	0.669159	0.997775	0.000568	0.000000
0.1310	17.80	0.669159	0.997661	0.000710	0.000001
0.1310	18.16	0.669159	1.000000	0.000000	0.000000
0.1310	18.53	0.669159	1.000000	0.000000	0.000000
0.1310	18.90	0.669159	0.999676	0.000749	0.000001
0.1310	19.27	0.669159	0.999889	0.000464	0.000000
0.1310	19.63	0.669159	1.000000	0.000000	0.000000
0.1310	20.00	0.669159	0.998460	0.000889	0.000001
0.1358	2.00	0.675727	0.000000	0.000000	0.000000
0.1358	2.37	0.675727	0.000000	0.000000	0.000000
0.1358	2.73	0.675727	0.000000	0.000000	0.000000
0.1358	3.10	0.675727	0.000000	0.000000	0.000000
0.1358	3.47	0.675727	0.000000	0.000000	0.000000
0.1358	3.84	0.675727	0.000000	0.000000	0.000000
0.1358	4.20	0.675727	0.000000	0.000000	0.000000
0.1358	4.57	0.675727	0.000000	0.000000	0.000000
0.1358	4.94	0.675727	0.000000	0.000000	0.000000
0.1358	5.31	0.675727	0.000000	0.000000	0.000000
0.1358	5.67	0.675727	0.000000	0.000000	0.000000
0.1358	6.04	0.675727	0.000000	0.000000	0.000000
0.1358	6.41	0.675727	0.000000	0.000000	0.000000
0.1358	6.78	0.675727	0.000000	0.000000	0.000000
0.1358	7.14	0.675727	0.000000	0.000000	0.000000
0.1358	7.51	0.675727	0.000000	0.000000	0.000000
0.1358	7.88	0.675727	0.112245	0.000000	0.000000
0.1358	8.24	0.675727	0.148980	0.000000	0.000000
0.1358	8.61	0.675727	0.000000	0.000000	0.000000
0.1358	8.98	0.675727	0.163265	0.000000	0.000000
0.1358	9.35	0.675727	0.300255	0.178739	0.106401
0.1358	9.71	0.675727	0.405782	0.234655	0.135695
0.1358	10.08	0.675727	0.748785	0.324229	0.140393
0.1358	10.45	0.675727	0.911874	0.177838	0.034683
0.1358	10.82	0.675727	0.932577	0.181092	0.035165
0.1358	11.18	0.675727	0.996531	0.002590	0.000007
0.1358	11.55	0.675727	0.998087	0.001763	0.000003
0.1358	11.92	0.675727	0.998887	0.001515	0.000002
0.1358	12.29	0.675727	0.997059	0.001327	0.000002
0.1358	12.65	0.675727	0.997506	0.000848	0.000001
0.1358	13.02	0.675727	0.995011	0.001555	0.000002
0.1358	13.39	0.675727	0.995408	0.001115	0.000001
0.1358	13.76	0.675727	0.995862	0.001225	0.000002
0.1358	14.12	0.675727	0.997187	0.001196	0.000001
0.1358	14.49	0.675727	0.997794	0.000732	0.000001
0.1358	14.86	0.675727	0.997798	0.000980	0.000001
0.1358	15.22	0.675727	0.997798	0.000723	0.000001
0.1358	15.59	0.675727	1.000000	0.000000	0.000000
0.1358	15.96	0.675727	0.999948	0.000323	0.000000
0.1358	16.33	0.675727	1.000000	0.000000	0.000000
0.1358	16.69	0.675727	1.000000	0.000000	0.000000
0.1358	17.06	0.675727	0.999893	0.000456	0.000000
0.1358	17.43	0.675727	0.999948	0.000323	0.000000
0.1358	17.80	0.675727	1.000000	0.000000	0.000000
0.1358	18.16	0.675727	1.000000	0.000000	0.000000
0.1358	18.53	0.675727	1.000000	0.000000	0.000000
0.1358	18.90	0.675727	0.998639	0.000962	0.000001
0.1358	19.27	0.675727	0.998639	0.000962	0.000001
0.1358	19.63	0.675727	0.999581	0.000824	0.000001
0.1358	20.00	0.675727	0.999581	0.000824	0.000001
0.1408	2.00	0.656402	0.000000	0.000000	0.000000
0.1408	2.37	0.656402	0.000000	0.000000	0.000000
0.1408	2.73	0.656402	0.000000	0.000000	0.000000
0.1408	3.10	0.656402	0.000000	0.000000	0.000000
0.1408	3.47	0.656402	0.000000	0.000000	0.000000
0.1408	3.84	0.656402	0.000000	0.000000	0.000000
0.1408	4.20	0.656402	0.000000	0.000000	0.000000
0.1408	4.57	0.656402	0.000000	0.000000	0.000000
0.1408	4.94	0.656402	0.000000	0.000000	0.000000
0.1408	5.31	0.656402	0.000000	0.000000	0.000000
0.1408	5.67	0.656402	0.000000	0.000000	0.000000
0.1408	6.04	0.656402	0.000000	0.000000	0.000000
0.1408	6.41	0.656402	0.000000	0.000000	0.000000
0.1408	6.78	0.656402	0.000000	0.000000	0.000000
0.1408	7.14	0.656402	0.000000	0.000000	0.000000
0.1408	7.51	0.656402	0.834008	0.000000	0.000000
0.1408	7.88	0.656402	0.525304	0.415992	0.329427
0.1408	8.24	0.656402	0.515789	0.355968	0.245668
0.1408	8.61	0.656402	0.774696	0.312748	0.126257
0.1408	8.98	0.656402	0.961658	0.004884	0.000025
0.1408	9.35	0.656402	0.966866	0.004416	0.000020
0.1408	9.71	0.656402	0.969724	0.003241	0.000011
0.1408	10.08	0.656402	0.942753	0.170564	0.030858
0.1408	10.45	0.656402	0.978003	0.002201	0.000005
0.1408	10.82	0.656402	0.980229	0.002377	0.000006
0.1408	11.18	0.656402	0.985830	0.001930	0.000004
0.1408	11.55	0.656402	0.987095	0.002191	0.000005
0.1408	11.92	0.656402	0.987793	0.001689	0.000003
0.1408	12.29	0.656402	0.980888	0.002464	0.000006
0.1408	12.65	0.656402	0.981662	0.001960	0.000004
0.1408	13.02	0.656402	0.981608	0.002237	0.000005
0.1408	13.39	0.656402	0.982906	0.002210	0.000005
0.1408	13.76	0.656402	0.985942	0.001505	0.000002
0.1408	14.12	0.656402	0.986448	0.001640	0.000003
0.1408	14.49	0.656402	0.989597	0.001443	0.000002
0.1408	14.86	0.656402	0.989597	0.001593	0.000003
0.1408	15.22	0.656402	0.988585	0.002033	0.000004
0.1408	15.59	0.656402	0.989091	0.001672	0.000003
0.1408	15.96	0.656402	0.985173	0.002356	0.000006
0.1408	16.33	0.656402	0.985721	0.001879	0.000004
0.1408	16.69	0.656402	0.988620	0.001586	0.000003
0.1408	17.06	0.656402	0.989204	0.001169	0.000001
0.1408	17.43	0.656402	0.984790	0.001737	0.000003
0.1408	17.80	0.656402	0.985502	0.001597	0.000003
0.1408	18.16	0.656402	0.985994	0.000985	0.000001
0.1408	18.53	0.656402	0.985939	0.001240	0.000002
0.1408	18.90	0.656402	0.986213	0.001399	0.000002
0.1408	19.27	0.656402	0.986111	0.001184	0.000001
0.1408	19.63	0.656402	0.986213	0.000922	0.000001
0.1408	20.00	0.656402	0.989452	0.001619	0.000003
0.1458	2.00	0.721798	0.000000	0.000000	0.000000
0.1458	2.37	0.721798	0.000000	0.000000	0.000000
0.1458	2.73	0.721798	0.000000	0.000000	0.000000
0.1458	3.10	0.721798	0.000000	0.000000	0.000000
0.1458	3.47	0.721798	0.000000	0.000000	0.000000
0.1458	3.84	0.721798	0.000000	0.000000	0.000000
0.1458	4.20	0.721798	0.000000	0.000000	0.000000
0.1458	4.57	0.721798	0.000000	0.000000	0.000000
0.1458	4.94	0.721798	0.000000	0.000000	0.000000
0.1458	5.31	0.721798	0.000000	0.000000	0.000000
0.1458	5.67	0.721798	0.000000	0.000000	0.000000
0.1458	6.04	0.721798	0.000000	0.000000	0.000000
0.1458	6.41	0.721798	0.000000	0.000000	0.000000
0.1458	6.78	0.721798	0.000000	0.000000	0.000000
0.1458	7.14	0.721798	0.000000	0.000000	0.000000
0.1458	7.51	0.721798	0.866397	0.000000	0.000000
0.1458	7.88	0.721798	0.943320	0.000000	0.000000
0.1458	8.24	0.721798	0.630567	0.427171	0.289382
0.1458	8.61	0.721798	0.828947	0.334793	0.135215
0.1458	8.98	0.721798	0.871457	0.309102	0.109637
0.1458	9.35	0.721798	0.998416	0.001329	0.000002
0.1458	9.71	0.721798	0.999550	0.000842	0.000001
0.1458	10.08	0.721798	0.965587	0.170851	0.030231
0.1458	10.45	0.721798	0.999928	0.000376	0.000000
0.1458	10.82	0.721798	0.998433	0.000846	0.000001
0.1458	11.18	0.721798	0.998861	0.001004	0.000001
0.1458	11.55	0.721798	1.000000	0.000000	0.000000
0.1458	11.92	0.721798	1.000000	0.000000	0.000000
0.1458	12.29	0.721798	1.000000	0.000000	0.000000
0.1458	12.65	0.721798	1.000000	0.000000	0.000000
0.1458	13.02	0.721798	1.000000	0.000000	0.000000
0.1458	13.39	0.721798	0.999942	0.000337	0.000000
0.1458	13.76	0.721798	1.000000	0.000000	0.000000
0.1458	14.12	0.721798	1.000000	0.000000	0.000000
0.1458	14.49	0.721798	1.000000	0.000000	0.000000
0.1458	14.86	0.721798	1.000000	0.000000	0.000000
0.1458	15.22	0.721798	0.999944	0.000333	0.000000
0.1458	15.59	0.721798	1.000000	0.000000	0.000000
0.1458	15.96	0.721798	1.000000	0.000000	0.000000
0.1458	16.33	0.721798	1.000000	0.000000	0.000000
0.1458	16.69	0.721798	1.000000	0.000000	0.000000
0.1458	17.06	0.721798	1.000000	0.000000	0.000000
0.1458	17.43	0.721798	1.000000	0.000000	0.000000
0.1458	17.80	0.721798	1.000000	0.000000	0.000000
0.1458	18.16	0.721798	1.000000	0.000000	0.000000
0.1458	18.53	0.721798	1.000000	0.000000	0.000000
0.1458	18.90	0.721798	1.000000	0.000000	0.000000
0.1458	19.27	0.721798	1.000000	0.000000	0.000000
0.1458	19.63	0.721798	1.000000	0.000000	0.000000
0.1458	20.00	0.721798	1.000000	0.000000	0.000000
0.1506	2.00	0.669656	0.000000	0.000000	0.000000
0.1506	2.37	0.669656	0.000000	0.000000	0.000000
0.1506	2.73	0.669656	0.000000	0.000000	0.000000
0.1506	3.10	0.669656	0.000000	0.000000	0.000000
0.1506	3.47	0.669656	0.000000	0.000000	0.000000
0.1506	3.84	0.669656	0.000000	0.000000	0.000000
0.1506	4.20	0.669656	0.000000	0.000000	0.000000
0.1506	4.57	0.669656	0.000000	0.000000	0.000000
0.1506	4.94	0.669656	0.000000	0.000000	0.000000
0.1506	5.31	0.669656	0.000000	0.000000	0.000000
0.1506	5.67	0.669656	0.000000	0.000000	0.000000
0.1506	6.04	0.669656	0.000000	0.000000	0.000000
0.1506	6.41	0.669656	0.000000	0.000000	0.000000
0.1506	6.78	0.669656	0.000000	0.000000	0.000000
0.1506	7.14	0.669656	0.000000	0.000000	0.000000
0.1506	7.51	0.669656	0.000000	0.000000	0.000000
0.1506	7.88	0.669656	0.000000	0.000000	0.000000
0.1506	8.24	0.669656	0.000000	0.000000	0.000000
0.1506	8.61	0.669656	0.233266	0.060852	0.015874
0.1506	8.98	0.669656	0.241379	0.131846	0.072017
0.1506	9.35	0.669656	0.771571	0.345559	0.154763
0.1506	9.71	0.669656	0.876558	0.283991	0.092009
0.1506	10.08	0.669656	0.949628	0.193167	0.039293
0.1506	10.45	0.669656	0.963083	0.167944	0.029287
0.1506	10.82	0.669656	0.999594	0.001623	0.000003
0.1506	11.18	0.669656	0.966870	0.167343	0.028963
0.1506	11.55	0.669656	0.999855	0.000522	0.000000
0.1506	11.92	0.669656	0.947500	0.209999	0.046543
0.1506	12.29	0.669656	0.973569	0.149156	0.022852
0.1506	12.65	0.669656	0.999939	0.000348	0.000000
0.1506	13.02	0.669656	1.000000	0.000000	0.000000
0.1506	13.39	0.669656	1.000000	0.000000	0.000000
0.1506	13.76	0.669656	1.000000	0.000000	0.000000
0.1506	14.12	0.669656	1.000000	0.000000	0.000000
0.1506	14.49	0.669656	1.000000	0.000000	0.000000
0.1506	14.86	0.669656	1.000000	0.000000	0.000000
0.1506	15.22	0.669656	1.000000	0.000000	0.000000
0.1506	15.59	0.669656	1.000000	0.000000	0.000000
0.1506	15.96	0.669656	1.000000	0.000000	0.000000
0.1506	16.33	0.669656	1.000000	0.000000	0.000000
0.1506	16.69	0.669656	1.000000	0.000000	0.000000
0.1506	17.06	0.669656	1.000000	0.000000	0.000000
0.1506	17.43	0.669656	1.000000	0.000000	0.000000
0.1506	17.80	0.669656	1.000000	0.000000	0.000000
0.1506	18.16	0.669656	1.000000	0.000000	0.000000
0.1506	18.53	0.669656	1.000000	0.000000	0.000000
0.1506	18.90	0.669656	1.000000	0.000000	0.000000
0.1506	19.27	0.669656	1.000000	0.000000	0.000000
0.1506	19.63	0.669656	1.000000	0.000000	0.000000
0.1506	20.00	0.669656	1.000000	0.000000	0.000000
0.1557	2.00	0.681893	0.000000	0.000000	0.000000
0.1557	2.37	0.681893	0.000000	0.000000	0.000000
0.1557	2.73	0.681893	0.000000	0.000000	0.000000
0.1557	3.10	0.681893	0.000000	0.000000	0.000000
0.1557	3.47	0.681893	0.000000	0.000000	0.000000
0.1557	3.84	0.681893	0.000000	0.000000	0.000000
0.1557	4.20	0.681893	0.000000	0.000000	0.000000
0.1557	4.57	0.681893	0.000000	0.000000	0.000000
0.1557	4.94	0.681893	0.000000	0.000000	0.000000
0.1557	5.31	0.681893	0.000000	0.000000	0.000000
0.1557	5.67	0.681893	0.000000	0.000000	0.000000
0.1557	6.04	0.681893	0.000000	0.000000	0.000000
0.1557	6.41	0.681893	0.000000	0.000000	0.000000
0.1557	6.78	0.681893	0.110883	0.000000	0.000000
0.1557	7.14	0.681893	0.000000	0.000000	0.000000
0.1557	7.51	0.681893	0.000000	0.000000	0.000000
0.1557	7.88	0.681893	0.740589	0.121067	0.019791
0.1557	8.24	0.681893	0.766207	0.270182	0.095273
0.1557	8.61	0.681893	0.767146	0.300901	0.118024
0.1557	8.98	0.681893	0.864792	0.221023	0.056489
0.1557	9.35	0.681893	0.938723	0.007862	0.000066
0.1557	9.71	0.681893	0.951305	0.008482	0.000076
0.1557	10.08	0.681893	0.961459	0.009188	0.000088
0.1557	10.45	0.681893	0.972827	0.010926	0.000123
0.1557	10.82	0.681893	0.980219	0.007855	0.000063
0.1557	11.18	0.681893	0.971317	0.007861	0.000064
0.1557	11.55	0.681893	0.978183	0.008632	0.000076
0.1557	11.92	0.681893	0.983075	0.007447	0.000056
0.1557	12.29	0.681893	0.991545	0.003686	0.000014
0.1557	12.65	0.681893	0.992149	0.006068	0.000037
0.1557	13.02	0.681893	0.994485	0.003172	0.000010
0.1557	13.39	0.681893	0.994603	0.002737	0.000008
0.1557	13.76	0.681893	0.995608	0.002658	0.000007
0.1557	14.12	0.681893	0.997148	0.001306	0.000002
0.1557	14.49	0.681893	0.997262	0.001811	0.000003
0.1557	14.86	0.681893	0.999087	0.001406	0.000002
0.1557	15.22	0.681893	0.973417	0.144566	0.021470
0.1557	15.59	0.681893	0.995893	0.010898	0.000119
0.1557	15.96	0.681893	0.998916	0.002801	0.000008
0.1557	16.33	0.681893	0.995005	0.011252	0.000127
0.1557	16.69	0.681893	0.997780	0.007055	0.000050
0.1557	17.06	0.681893	0.997947	0.006885	0.000048
0.1557	17.43	0.681893	0.998946	0.003294	0.000011
0.1557	17.80	0.681893	0.998649	0.003718	0.000014
0.1557	18.16	0.681893	0.998163	0.004513	0.000020
0.1557	18.53	0.681893	0.976676	0.139135	0.019821
0.1557	18.90	0.681893	0.996326	0.004944	0.000025
0.1557	19.27	0.681893	0.996758	0.004485	0.000020
0.1557	19.63	0.681893	0.997999	0.005312	0.000028
0.1557	20.00	0.681893	0.999352	0.002112	0.000004
0.1612	2.00	0.670224	0.000000	0.000000	0.000000
0.1612	2.37	0.670224	0.000000	0.000000	0.000000
0.1612	2.73	0.670224	0.000000	0.000000	0.000000
0.1612	3.10	0.670224	0.000000	0.000000	0.000000
0.1612	3.47	0.670224	0.000000	0.000000	0.000000
0.1612	3.84	0.670224	0.000000	0.000000	0.000000
0.1612	4.20	0.670224	0.000000	0.000000	0.000000
0.1612	4.57	0.670224	0.000000	0.000000	0.000000
0.1612	4.94	0.670224	0.000000	0.000000	0.000000
0.1612	5.31	0.670224	0.000000	0.000000	0.000000
0.1612	5.67	0.670224	0.000000	0.000000	0.000000
0.1612	6.04	0.670224	0.000000	0.000000	0.000000
0.1612	6.41	0.670224	0.000000	0.000000	0.000000
0.1612	6.78	0.670224	0.000000	0.000000	0.000000
0.1612	7.14	0.670224	0.000000	0.000000	0.000000
0.1612	7.51	0.670224	0.000000	0.000000	0.000000
0.1612	7.88	0.670224	0.117043	0.000000	0.000000
0.1612	8.24	0.670224	0.186174	0.006776	0.000247
0.1612	8.61	0.670224	0.656828	0.353125	0.189848
0.1612	8.98	0.670224	0.722998	0.389887	0.210252
0.1612	9.35	0.670224	0.793292	0.326769	0.134601
0.1612	9.71	0.670224	0.941665	0.188667	0.037800
0.1612	10.08	0.670224	0.898673	0.259429	0.074892
0.1612	10.45	0.670224	0.998533	0.001968	0.000004
0.1612	10.82	0.670224	0.998741	0.001128	0.000001
0.1612	11.18	0.670224	0.999294	0.000975	0.000001
0.1612	11.55	0.670224	0.999191	0.001123	0.000001
0.1612	11.92	0.670224	0.999067	0.001141	0.000001
0.1612	12.29	0.670224	0.999648	0.000774	0.000001
0.1612	12.65	0.670224	0.999589	0.000821	0.000001
0.1612	13.02	0.670224	1.000000	0.000000	0.000000
0.1612	13.39	0.670224	1.000000	0.000000	0.000000
0.1612	13.76	0.670224	1.000000	0.000000	0.000000
0.1612	14.12	0.670224	1.000000	0.000000	0.000000
0.1612	14.49	0.670224	1.000000	0.000000	0.000000
0.1612	14.86	0.670224	1.000000	0.000000	0.000000
0.1612	15.22	0.670224	1.000000	0.000000	0.000000
0.1612	15.59	0.670224	1.000000	0.000000	0.000000
0.1612	15.96	0.670224	1.000000	0.000000	0.000000
0.1612	16.33	0.670224	1.000000	0.000000	0.000000
0.1612	16.69	0.670224	1.000000	0.000000	0.000000
0.1612	17.06	0.670224	1.000000	0.000000	0.000000
0.1612	17.43	0.670224	1.000000	0.000000	0.000000
0.1612	17.80	0.670224	1.000000	0.000000	0.000000
0.1612	18.16	0.670224	1.000000	0.000000	0.000000
0.1612	18.53	0.670224	1.000000	0.000000	0.000000
0.1612	18.90	0.670224	1.000000	0.000000	0.000000
0.1612	19.27	0.670224	1.000000	0.000000	0.000000
0.1612	19.63	0.670224	1.000000	0.000000	0.000000
0.1612	20.00	0.670224	1.000000	0.000000	0.000000
0.1675	2.00	0.585857	0.000000	0.000000	0.000000
0.1675	2.37	0.585857	0.000000	0.000000	0.000000
0.1675	2.73	0.585857	0.000000	0.000000	0.000000
0.1675	3.10	0.585857	0.000000	0.000000	0.000000
0.1675	3.47	0.585857	0.000000	0.000000	0.000000
0.1675	3.84	0.585857	0.000000	0.000000	0.000000
0.1675	4.20	0.585857	0.000000	0.000000	0.000000
0.1675	4.57	0.585857	0.000000	0.000000	0.000000
0.1675	4.94	0.585857	0.000000	0.000000	0.000000
0.1675	5.31	0.585857	0.000000	0.000000	0.000000
0.1675	5.67	0.585857	0.000000	0.000000	0.000000
0.1675	6.04	0.585857	0.000000	0.000000	0.000000
0.1675	6.41	0.585857	0.000000	0.000000	0.000000
0.1675	6.78	0.585857	0.000000	0.000000	0.000000
0.1675	7.14	0.585857	0.000000	0.000000	0.000000
0.1675	7.51	0.585857	0.000000	0.000000	0.000000
0.1675	7.88	0.585857	0.000000	0.000000	0.000000
0.1675	8.24	0.585857	0.000000	0.000000	0.000000
0.1675	8.61	0.585857	0.000000	0.000000	0.000000
0.1675	8.98	0.585857	0.141129	0.036290	0.009332
0.1675	9.35	0.585857	0.162730	0.087415	0.046958
0.1675	9.71	0.585857	0.337298	0.235635	0.164614
0.1675	10.08	0.585857	0.553505	0.322382	0.187768
0.1675	10.45	0.585857	0.677275	0.309035	0.141010
0.1675	10.82	0.585857	0.845622	0.227725	0.061326
0.1675	11.18	0.585857	0.800926	0.350122	0.153055
0.1675	11.55	0.585857	0.940059	0.185346	0.036544
0.1675	11.92	0.585857	0.995680	0.001921	0.000004
0.1675	12.29	0.585857	0.968813	0.155180	0.024856
0.1675	12.65	0.585857	0.974654	0.144681	0.021477
0.1675	13.02	0.585857	0.999712	0.000705	0.000000
0.1675	13.39	0.585857	0.999712	0.000705	0.000000
0.1675	13.76	0.585857	0.998040	0.000331	0.000000
0.1675	14.12	0.585857	0.998093	0.000456	0.000000
0.1675	14.49	0.585857	0.999782	0.000626	0.000000
0.1675	14.86	0.585857	0.999946	0.000327	0.000000
0.1675	15.22	0.585857	0.999946	0.000327	0.000000
0.1675	15.59	0.585857	0.999947	0.000323	0.000000
0.1675	15.96	0.585857	1.000000	0.000000	0.000000
0.1675	16.33	0.585857	0.999257	0.000973	0.000001
0.1675	16.69	0.585857	0.999204	0.000985	0.000001
0.1675	17.06	0.585857	1.000000	0.000000	0.000000
0.1675	17.43	0.585857	1.000000	0.000000	0.000000
0.1675	17.80	0.585857	1.000000	0.000000	0.000000
0.1675	18.16	0.585857	1.000000	0.000000	0.000000
0.1675	18.53	0.585857	1.000000	0.000000	0.000000
0.1675	18.90	0.585857	1.000000	0.000000	0.000000
0.1675	19.27	0.585857	1.000000	0.000000	0.000000
0.1675	19.63	0.585857	1.000000	0.000000	0.000000
0.1675	20.00	0.585857	1.000000	0.000000	0.000000
0.1741	2.00	0.584485	0.000000	0.000000	0.000000
0.1741	2.37	0.584485	0.000000	0.000000	0.000000
0.1741	2.73	0.584485	0.000000	0.000000	0.000000
0.1741	3.10	0.584485	0.000000	0.000000	0.000000
0.1741	3.47	0.584485	0.000000	0.000000	0.000000
0.1741	3.84	0.584485	0.000000	0.000000	0.000000
0.1741	4.20	0.584485	0.000000	0.000000	0.000000
0.1741	4.57	0.584485	0.000000	0.000000	0.000000
0.1741	4.94	0.584485	0.000000	0.000000	0.000000
0.1741	5.31	0.584485	0.000000	0.000000	0.000000
0.1741	5.67	0.584485	0.000000	0.000000	0.000000
0.1741	6.04	0.584485	0.000000	0.000000	0.000000
0.1741	6.41	0.584485	0.000000	0.000000	0.000000
0.1741	6.78	0.584485	0.000000	0.000000	0.000000
0.1741	7.14	0.584485	0.000000	0.000000	0.000000
0.1741	7.51	0.584485	0.000000	0.000000	0.000000
0.1741	7.88	0.584485	0.000000	0.000000	0.000000
0.1741	8.24	0.584485	0.000000	0.000000	0.000000
0.1741	8.61	0.584485	0.000000	0.000000	0.000000
0.1741	8.98	0.584485	0.192581	0.085213	0.037705
0.1741	9.35	0.584485	0.234756	0.095739	0.039045
0.1741	9.71	0.584485	0.499238	0.389419	0.303757
0.1741	10.08	0.584485	0.376355	0.355174	0.335184
0.1741	10.45	0.584485	0.816057	0.308024	0.116265
0.1741	10.82	0.584485	0.880174	0.282465	0.090649
0.1741	11.18	0.584485	0.961617	0.159814	0.026560
0.1741	11.55	0.584485	0.997154	0.001626	0.000003
0.1741	11.92	0.584485	0.997509	0.001689	0.000003
0.1741	12.29	0.584485	0.997840	0.001602	0.000003
0.1741	12.65	0.584485	0.996533	0.001049	0.000001
0.1741	13.02	0.584485	0.997038	0.001224	0.000002
0.1741	13.39	0.584485	0.999652	0.000766	0.000001
0.1741	13.76	0.584485	0.999890	0.000460	0.000000
0.1741	14.12	0.584485	0.999890	0.000460	0.000000
0.1741	14.49	0.584485	1.000000	0.000000	0.000000
0.1741	14.86	0.584485	1.000000	0.000000	0.000000
0.1741	15.22	0.584485	0.997967	0.000000	0.000000
0.1741	15.59	0.584485	0.997967	0.000000	0.000000
0.1741	15.96	0.584485	1.000000	0.000000	0.000000
0.1741	16.33	0.584485	1.000000	0.000000	0.000000
0.1741	16.69	0.584485	1.000000	0.000000	0.000000
0.1741	17.06	0.584485	1.000000	0.000000	0.000000
0.1741	17.43	0.584485	0.999948	0.000321	0.000000
0.1741	17.80	0.584485	1.000000	0.000000	0.000000
0.1741	18.16	0.584485	1.000000	0.000000	0.000000
0.1741	18.53	0.584485	1.000000	0.000000	0.000000
0.1741	18.90	0.584485	1.000000	0.000000	0.000000
0.1741	19.27	0.584485	1.000000	0.000000	0.000000
0.1741	19.63	0.584485	0.999948	0.000321	0.000000
0.1741	20.00	0.584485	0.999947	0.000325	0.000000
0.1802	2.00	0.555408	0.000000	0.000000	0.000000
0.1802	2.37	0.555408	0.000000	0.000000	0.000000
0.1802	2.73	0.555408	0.000000	0.000000	0.000000
0.1802	3.10	0.555408	0.000000	0.000000	0.000000
0.1802	3.47	0.555408	0.000000	0.000000	0.000000
0.1802	3.84	0.555408	0.000000	0.000000	0.000000
0.1802	4.20	0.555408	0.000000	0.000000	0.000000
0.1802	4.57	0.555408	0.000000	0.000000	0.000000
0.1802	4.94	0.555408	0.000000	0.000000	0.000000
0.1802	5.31	0.555408	0.000000	0.000000	0.000000
0.1802	5.67	0.555408	0.000000	0.000000	0.000000
0.1802	6.04	0.555408	0.000000	0.000000	0.000000
0.1802	6.41	0.555408	0.000000	0.000000	0.000000
0.1802	6.78	0.555408	0.000000	0.000000	0.000000
0.1802	7.14	0.555408	0.000000	0.000000	0.000000
0.1802	7.51	0.555408	0.000000	0.000000	0.000000
0.1802	7.88	0.555408	0.000000	0.000000	0.000000
0.1802	8.24	0.555408	0.000000	0.000000	0.000000
0.1802	8.61	0.555408	0.115152	0.000000	0.000000
0.1802	8.98	0.555408	0.159596	0.066226	0.027482
0.1802	9.35	0.555408	0.633838	0.272934	0.117527
0.1802	9.71	0.555408	0.756453	0.343137	0.155652
0.1802	10.08	0.555408	0.744242	0.383710	0.197830
0.1802	10.45	0.555408	0.960386	0.180209	0.033815
0.1802	10.82	0.555408	0.998990	0.001155	0.000001
0.1802	11.18	0.555408	0.968373	0.163537	0.027618
0.1802	11.55	0.555408	0.940021	0.220108	0.051539
0.1802	11.92	0.555408	1.000000	0.000000	0.000000
0.1802	12.29	0.555408	0.973309	0.150988	0.023423
0.1802	12.65	0.555408	1.000000	0.000000	0.000000
0.1802	13.02	0.555408	1.000000	0.000000	0.000000
0.1802	13.39	0.555408	1.000000	0.000000	0.000000
0.1802	13.76	0.555408	1.000000	0.000000	0.000000
0.1802	14.12	0.555408	1.000000	0.000000	0.000000
0.1802	14.49	0.555408	0.999945	0.000328	0.000000
0.1802	14.86	0.555408	0.998724	0.000974	0.000001
0.1802	15.22	0.555408	0.998964	0.001010	0.000001
0.1802	15.59	0.555408	0.999256	0.000974	0.000001
0.1802	15.96	0.555408	1.000000	0.000000	0.000000
0.1802	16.33	0.555408	1.000000	0.000000	0.000000
0.1802	16.69	0.555408	1.000000	0.000000	0.000000
0.1802	17.06	0.555408	1.000000	0.000000	0.000000
0.1802	17.43	0.555408	1.000000	0.000000	0.000000
0.1802	17.80	0.555408	1.000000	0.000000	0.000000
0.1802	18.16	0.555408	1.000000	0.000000	0.000000
0.1802	18.53	0.555408	1.000000	0.000000	0.000000
0.1802	18.90	0.555408	1.000000	0.000000	0.000000
0.1802	19.27	0.555408	1.000000	0.000000	0.000000
0.1802	19.63	0.555408	1.000000	0.000000	0.000000
0.1802	20.00	0.555408	0.999948	0.000319	0.000000
0.1858	2.00	0.586923	0.000000	0.000000	0.000000
0.1858	2.37	0.586923	0.000000	0.000000	0.000000
0.1858	2.73	0.586923	0.000000	0.000000	0.000000
0.1858	3.10	0.586923	0.000000	0.000000	0.000000
0.1858	3.47	0.586923	0.000000	0.000000	0.000000
0.1858	3.84	0.586923	0.000000	0.000000	0.000000
0.1858	4.20	0.586923	0.000000	0.000000	0.000000
0.1858	4.57	0.586923	0.000000	0.000000	0.000000
0.1858	4.94	0.586923	0.000000	0.000000	0.000000
0.1858	5.31	0.586923	0.000000	0.000000	0.000000
0.1858	5.67	0.586923	0.000000	0.000000	0.000000
0.1858	6.04	0.586923	0.000000	0.000000	0.000000
0.1858	6.41	0.586923	0.000000	0.000000	0.000000
0.1858	6.78	0.586923	0.000000	0.000000	0.000000
0.1858	7.14	0.586923	0.000000	0.000000	0.000000
0.1858	7.51	0.586923	0.000000	0.000000	0.000000
0.1858	7.88	0.586923	0.000000	0.000000	0.000000
0.1858	8.24	0.586923	0.000000	0.000000	0.000000
0.1858	8.61	0.586923	0.283096	0.000000	0.000000
0.1858	8.98	0.586923	0.157841	0.056890	0.020505
0.1858	9.35	0.586923	0.392821	0.297058	0.224641
0.1858	9.71	0.586923	0.561914	0.377574	0.253708
0.1858	10.08	0.586923	0.793698	0.337174	0.143236
0.1858	10.45	0.586923	0.853442	0.267572	0.083889
0.1858	10.82	0.586923	0.880591	0.239167	0.064957
0.1858	11.18	0.586923	0.919959	0.206792	0.046484
0.1858	11.55	0.586923	0.940746	0.209597	0.046698
0.1858	11.92	0.586923	0.996499	0.004327	0.000019
0.1858	12.29	0.586923	0.997902	0.002156	0.000005
0.1858	12.65	0.586923	0.997664	0.001790	0.000003
0.1858	13.02	0.586923	0.998603	0.001598	0.000003
0.1858	13.39	0.586923	0.999185	0.001110	0.000001
0.1858	13.76	0.586923	0.996087	0.000859	0.000001
0.1858	14.12	0.586923	0.996302	0.000917	0.000001
0.1858	14.49	0.586923	0.998679	0.000972	0.000001
0.1858	14.86	0.586923	0.999250	0.000982	0.000001
0.1858	15.22	0.586923	0.999542	0.000850	0.000001
0.1858	15.59	0.586923	0.999582	0.000943	0.000001
0.1858	15.96	0.586923	0.999745	0.000674	0.000000
0.1858	16.33	0.586923	0.998120	0.000543	0.000000
0.1858	16.69	0.586923	0.998224	0.000681	0.000000
0.1858	17.06	0.586923	0.999843	0.000543	0.000000
0.1858	17.43	0.586923	0.999893	0.000455	0.000000
0.1858	17.80	0.586923	0.999217	0.000991	0.000001
0.1858	18.16	0.586923	0.999478	0.000889	0.000001
0.1858	18.53	0.586923	1.000000	0.000000	0.000000
0.1858	18.90	0.586923	0.999948	0.000322	0.000000
0.1858	19.27	0.586923	1.000000	0.000000	0.000000
0.1858	19.63	0.586923	1.000000	0.000000	0.000000
0.1858	20.00	0.586923	1.000000	0.000000	0.000000
0.1912	2.00	0.489573	0.000000	0.000000	0.000000
0.1912	2.37	0.489573	0.000000	0.000000	0.000000
0.1912	2.73	0.489573	0.000000	0.000000	0.000000
0.1912	3.10	0.489573	0.000000	0.000000	0.000000
0.1912	3.47	0.489573	0.000000	0.000000	0.000000
0.1912	3.84	0.489573	0.000000	0.000000	0.000000
0.1912	4.20	0.489573	0.000000	0.000000	0.000000
0.1912	4.57	0.489573	0.000000	0.000000	0.000000
0.1912	4.94	0.489573	0.000000	0.000000	0.000000
0.1912	5.31	0.489573	0.000000	0.000000	0.000000
0.1912	5.67	0.489573	0.000000	0.000000	0.000000
0.1912	6.04	0.489573	0.000000	0.000000	0.000000
0.1912	6.41	0.489573	0.000000	0.000000	0.000000
0.1912	6.78	0.489573	0.000000	0.000000	0.000000
0.1912	7.14	0.489573	0.000000	0.000000	0.000000
0.1912	7.51	0.489573	0.000000	0.000000	0.000000
0.1912	7.88	0.489573	0.000000	0.000000	0.000000
0.1912	8.24	0.489573	0.000000	0.000000	0.000000
0.1912	8.61	0.489573	0.000000	0.000000	0.000000
0.1912	8.98	0.489573	0.000000	0.000000	0.000000
0.1912	9.35	0.489573	0.108961	0.005092	0.000238
0.1912	9.71	0.489573	0.118126	0.002037	0.000035
0.1912	10.08	0.489573	0.372709	0.000000	0.000000
0.1912	10.45	0.489573	0.168788	0.144655	0.123972
0.1912	10.82	0.489573	0.489582	0.266706	0.145291
0.1912	11.18	0.489573	0.560183	0.349612	0.218194
0.1912	11.55	0.489573	0.592298	0.361006	0.220033
0.1912	11.92	0.489573	0.741271	0.325308	0.142762
0.1912	12.29	0.489573	0.763238	0.361805	0.171510
0.1912	12.65	0.489573	0.912489	0.222106	0.054062
0.1912	13.02	0.489573	0.978170	0.063977	0.004184
0.1912	13.39	0.489573	0.996646	0.003158	0.000010
0.1912	13.76	0.489573	0.995636	0.004571	0.000021
0.1912	14.12	0.489573	0.997028	0.001680	0.000003
0.1912	14.49	0.489573	0.997798	0.001371	0.000002
0.1912	14.86	0.489573	0.999174	0.001106	0.000001
0.1912	15.22	0.489573	0.999174	0.001106	0.000001
0.1912	15.59	0.489573	0.999530	0.000858	0.000001
0.1912	15.96	0.489573	0.998124	0.000721	0.000001
0.1912	16.33	0.489573	0.998116	0.000536	0.000000
0.1912	16.69	0.489573	0.998014	0.000555	0.000000
0.1912	17.06	0.489573	0.998065	0.000444	0.000000
0.1912	17.43	0.489573	0.998013	0.000314	0.000000
0.1912	17.80	0.489573	0.999156	0.001003	0.000001
0.1912	18.16	0.489573	0.999702	0.000720	0.000001
0.1912	18.53	0.489573	0.999752	0.000666	0.000000
0.1912	18.90	0.489573	0.999898	0.000444	0.000000
0.1912	19.27	0.489573	0.999949	0.000318	0.000000
0.1912	19.63	0.489573	0.998758	0.000993	0.000001
0.1912	20.00	0.489573	0.998758	0.000993	0.000001
0.1971	2.00	0.536579	0.000000	0.000000	0.000000
0.1971	2.37	0.536579	0.000000	0.000000	0.000000
0.1971	2.73	0.536579	0.000000	0.000000	0.000000
0.1971	3.10	0.536579	0.000000	0.000000	0.000000
0.1971	3.47	0.536579	0.000000	0.000000	0.000000
0.1971	3.84	0.536579	0.000000	0.000000	0.000000
0.1971	4.20	0.536579	0.000000	0.000000	0.000000
0.1971	4.57	0.536579	0.000000	0.000000	0.000000
0.1971	4.94	0.536579	0.000000	0.000000	0.000000
0.1971	5.31	0.536579	0.000000	0.000000	0.000000
0.1971	5.67	0.536579	0.000000	0.000000	0.000000
0.1971	6.04	0.536579	0.000000	0.000000	0.000000
0.1971	6.41	0.536579	0.000000	0.000000	0.000000
0.1971	6.78	0.536579	0.000000	0.000000	0.000000
0.1971	7.14	0.536579	0.000000	0.000000	0.000000
0.1971	7.51	0.536579	0.000000	0.000000	0.000000
0.1971	7.88	0.536579	0.000000	0.000000	0.000000
0.1971	8.24	0.536579	0.000000	0.000000	0.000000
0.1971	8.61	0.536579	0.000000	0.000000	0.000000
0.1971	8.98	0.536579	0.000000	0.000000	0.000000
0.1971	9.35	0.536579	0.000000	0.000000	0.000000
0.1971	9.71	0.536579	0.293095	0.181185	0.112005
0.1971	10.08	0.536579	0.498152	0.303753	0.185217
0.1971	10.45	0.536579	0.648409	0.318319	0.156270
0.1971	10.82	0.536579	0.861205	0.238261	0.065917
0.1971	11.18	0.536579	0.825035	0.309404	0.116032
0.1971	11.55	0.536579	0.948130	0.182820	0.035252
0.1971	11.92	0.536579	0.961694	0.160460	0.026773
0.1971	12.29	0.536579	0.938736	0.216108	0.049751
0.1971	12.65	0.536579	0.996787	0.002357	0.000006
0.1971	13.02	0.536579	0.997417	0.001259	0.000002
0.1971	13.39	0.536579	0.997806	0.001327	0.000002
0.1971	13.76	0.536579	0.972984	0.145778	0.021841
0.1971	14.12	0.536579	0.999832	0.000557	0.000000
0.1971	14.49	0.536579	0.999891	0.000456	0.000000
0.1971	14.86	0.536579	0.999946	0.000327	0.000000
0.1971	15.22	0.536579	0.999841	0.000544	0.000000
0.1971	15.59	0.536579	0.999947	0.000323	0.000000
0.1971	15.96	0.536579	0.999742	0.000674	0.000000
0.1971	16.33	0.536579	0.999597	0.000924	0.000001
0.1971	16.69	0.536579	0.999948	0.000319	0.000000
0.1971	17.06	0.536579	1.000000	0.000000	0.000000
0.1971	17.43	0.536579	1.000000	0.000000	0.000000
0.1971	17.80	0.536579	1.000000	0.000000	0.000000
0.1971	18.16	0.536579	1.000000	0.000000	0.000000
0.1971	18.53	0.536579	1.000000	0.000000	0.000000
0.1971	18.90	0.536579	1.000000	0.000000	0.000000
0.1971	19.27	0.536579	1.000000	0.000000	0.000000
0.1971	19.63	0.536579	1.000000	0.000000	0.000000
0.1971	20.00	0.536579	1.000000	0.000000	0.000000
0.2047	2.00	0.528213	0.000000	0.000000	0.000000
0.2047	2.37	0.528213	0.000000	0.000000	0.000000
0.2047	2.73	0.528213	0.000000	0.000000	0.000000
0.2047	3.10	0.528213	0.000000	0.000000	0.000000
0.2047	3.47	0.528213	0.000000	0.000000	0.000000
0.2047	3.84	0.528213	0.000000	0.000000	0.000000
0.2047	4.20	0.528213	0.000000	0.000000	0.000000
0.2047	4.57	0.528213	0.000000	0.000000	0.000000
0.2047	4.94	0.528213	0.000000	0.000000	0.000000
0.2047	5.31	0.528213	0.000000	0.000000	0.000000
0.2047	5.67	0.528213	0.000000	0.000000	0.000000
0.2047	6.04	0.528213	0.000000	0.000000	0.000000
0.2047	6.41	0.528213	0.000000	0.000000	0.000000
0.2047	6.78	0.528213	0.000000	0.000000	0.000000
0.2047	7.14	0.528213	0.000000	0.000000	0.000000
0.2047	7.51	0.528213	0.000000	0.000000	0.000000
0.2047	7.88	0.528213	0.000000	0.000000	0.000000
0.2047	8.24	0.528213	0.000000	0.000000	0.000000
0.2047	8.61	0.528213	0.000000	0.000000	0.000000
0.2047	8.98	0.528213	0.119433	0.000000	0.000000
0.2047	9.35	0.528213	0.133603	0.011570	0.001002
0.2047	9.71	0.528213	0.196694	0.146391	0.108954
0.2047	10.08	0.528213	0.498988	0.281890	0.159246
0.2047	10.45	0.528213	0.550987	0.312106	0.176792
0.2047	10.82	0.528213	0.551057	0.388076	0.273298
0.2047	11.18	0.528213	0.844033	0.298258	0.105396
0.2047	11.55	0.528213	0.926601	0.221476	0.052937
0.2047	11.92	0.528213	0.928282	0.222847	0.053498
0.2047	12.29	0.528213	0.968084	0.153294	0.024274
0.2047	12.65	0.528213	0.942546	0.206985	0.045454
0.2047	13.02	0.528213	0.994761	0.018715	0.000352
0.2047	13.39	0.528213	0.994714	0.011979	0.000144
0.2047	13.76	0.528213	0.998413	0.004803	0.000023
0.2047	14.12	0.528213	0.999831	0.000559	0.000000
0.2047	14.49	0.528213	0.998828	0.003586	0.000013
0.2047	14.86	0.528213	0.998935	0.002964	0.000009
0.2047	15.22	0.528213	0.999896	0.000447	0.000000
0.2047	15.59	0.528213	0.999949	0.000316	0.000000
0.2047	15.96	0.528213	1.000000	0.000000	0.000000
0.2047	16.33	0.528213	0.999948	0.000320	0.000000
0.2047	16.69	0.528213	1.000000	0.000000	0.000000
0.2047	17.06	0.528213	1.000000	0.000000	0.000000
0.2047	17.43	0.528213	1.000000	0.000000	0.000000
0.2047	17.80	0.528213	1.000000	0.000000	0.000000
0.2047	18.16	0.528213	1.000000	0.000000	0.000000
0.2047	18.53	0.528213	1.000000	0.000000	0.000000
0.2047	18.90	0.528213	1.000000	0.000000	0.000000
0.2047	19.27	0.528213	1.000000	0.000000	0.000000
0.2047	19.63	0.528213	0.999949	0.000316	0.000000
0.2047	20.00	0.528213	1.000000	0.000000	0.000000
0.2173	2.00	0.542071	0.000000	0.000000	0.000000
0.2173	2.37	0.542071	0.000000	0.000000	0.000000
0.2173	2.73	0.542071	0.000000	0.000000	0.000000
0.2173	3.10	0.542071	0.000000	0.000000	0.000000
0.2173	3.47	0.542071	0.000000	0.000000	0.000000
0.2173	3.84	0.542071	0.000000	0.000000	0.000000
0.2173	4.20	0.542071	0.000000	0.000000	0.000000
0.2173	4.57	0.542071	0.000000	0.000000	0.000000
0.2173	4.94	0.542071	0.000000	0.000000	0.000000
0.2173	5.31	0.542071	0.000000	0.000000	0.000000
0.2173	5.67	0.542071	0.000000	0.000000	0.000000
0.2173	6.04	0.542071	0.000000	0.000000	0.000000
0.2173	6.41	0.542071	0.000000	0.000000	0.000000
0.2173	6.78	0.542071	0.000000	0.000000	0.000000
0.2173	7.14	0.542071	0.000000	0.000000	0.000000
0.2173	7.51	0.542071	0.000000	0.000000	0.000000
0.2173	7.88	0.542071	0.000000	0.000000	0.000000
0.2173	8.24	0.542071	0.000000	0.000000	0.000000
0.2173	8.61	0.542071	0.000000	0.000000	0.000000
0.2173	8.98	0.542071	0.000000	0.000000	0.000000
0.2173	9.35	0.542071	0.000000	0.000000	0.000000
0.2173	9.71	0.542071	0.150101	0.000000	0.000000
0.2173	10.08	0.542071	0.395284	0.260569	0.171766
0.2173	10.45	0.542071	0.590940	0.353707	0.211711
0.2173	10.82	0.542071	0.836069	0.290224	0.100745
0.2173	11.18	0.542071	0.882677	0.277298	0.087115
0.2173	11.55	0.542071	0.914564	0.225333	0.055518
0.2173	11.92	0.542071	0.926543	0.223311	0.053821
0.2173	12.29	0.542071	0.941747	0.193606	0.039802
0.2173	12.65	0.542071	0.993177	0.006092	0.000037
0.2173	13.02	0.542071	0.995227	0.004083	0.000017
0.2173	13.39	0.542071	0.996838	0.004433	0.000020
0.2173	13.76	0.542071	0.995190	0.002279	0.000005
0.2173	14.12	0.542071	0.995718	0.003305	0.000011
0.2173	14.49	0.542071	0.995669	0.001645	0.000003
0.2173	14.86	0.542071	0.995505	0.001773	0.000003
0.2173	15.22	0.542071	0.996103	0.001347	0.000002
0.2173	15.59	0.542071	0.999359	0.001051	0.000001
0.2173	15.96	0.542071	0.999584	0.001231	0.000002
0.2173	16.33	0.542071	0.999688	0.000732	0.000001
0.2173	16.69	0.542071	0.999324	0.000956	0.000001
0.2173	17.06	0.542071	0.999740	0.000678	0.000000
0.2173	17.43	0.542071	1.000000	0.000000	0.000000
0.2173	17.80	0.542071	1.000000	0.000000	0.000000
0.2173	18.16	0.542071	0.998174	0.000609	0.000000
0.2173	18.53	0.542071	0.998336	0.000904	0.000001
0.2173	18.90	0.542071	0.998377	0.001129	0.000001
0.2173	19.27	0.542071	1.000000	0.000000	0.000000
0.2173	19.63	0.542071	1.000000	0.000000	0.000000
0.2173	20.00	0.542071	0.999844	0.000541	0.000000
0.2293	2.00	0.412686	0.000000	0.000000	0.000000
0.2293	2.37	0.412686	0.000000	0.000000	0.000000
0.2293	2.73	0.412686	0.000000	0.000000	0.000000
0.2293	3.10	0.412686	0.000000	0.000000	0.000000
0.2293	3.47	0.412686	0.000000	0.000000	0.000000
0.2293	3.84	0.412686	0.000000	0.000000	0.000000
0.2293	4.20	0.412686	0.000000	0.000000	0.000000
0.2293	4.57	0.412686	0.000000	0.000000	0.000000
0.2293	4.94	0.412686	0.000000	0.000000	0.000000
0.2293	5.31	0.412686	0.000000	0.000000	0.000000
0.2293	5.67	0.412686	0.000000	0.000000	0.000000
0.2293	6.04	0.412686	0.000000	0.000000	0.000000
0.2293	6.41	0.412686	0.000000	0.000000	0.000000
0.2293	6.78	0.412686	0.000000	0.000000	0.000000
0.2293	7.14	0.412686	0.000000	0.000000	0.000000
0.2293	7.51	0.412686	0.000000	0.000000	0.000000
0.2293	7.88	0.412686	0.000000	0.000000	0.000000
0.2293	8.24	0.412686	0.000000	0.000000	0.000000
0.2293	8.61	0.412686	0.000000	0.000000	0.000000
0.2293	8.98	0.412686	0.125761	0.006085	0.000294
0.2293	9.35	0.412686	0.129817	0.022312	0.003835
0.2293	9.71	0.412686	0.168357	0.058803	0.020538
0.2293	10.08	0.412686	0.434528	0.312532	0.224788
0.2293	10.45	0.412686	0.425577	0.316400	0.235231
0.2293	10.82	0.412686	0.617084	0.327146	0.173436
0.2293	11.18	0.412686	0.778229	0.268155	0.092399
0.2293	11.55	0.412686	0.979950	0.007277	0.000054
0.2293	11.92	0.412686	0.954655	0.154723	0.025076
0.2293	12.29	0.412686	0.985598	0.002363	0.000006
0.2293	12.65	0.412686	0.986662	0.001999	0.000004
0.2293	13.02	0.412686	0.988351	0.002133	0.000005
0.2293	13.39	0.412686	0.989916	0.001412	0.000002
0.2293	13.76	0.412686	0.990534	0.001352	0.000002
0.2293	14.12	0.412686	0.990392	0.001591	0.000003
0.2293	14.49	0.412686	0.991941	0.001374	0.000002
0.2293	14.86	0.412686	0.992527	0.001150	0.000001
0.2293	15.22	0.412686	0.993135	0.001815	0.000003
0.2293	15.59	0.412686	0.993061	0.001587	0.000003
0.2293	15.96	0.412686	0.993239	0.001677	0.000003
0.2293	16.33	0.412686	0.993811	0.001022	0.000001
0.2293	16.69	0.412686	0.993915	0.000919	0.000001
0.2293	17.06	0.412686	0.991299	0.001031	0.000001
0.2293	17.43	0.412686	0.991582	0.001326	0.000002
0.2293	17.80	0.412686	0.995527	0.001392	0.000002
0.2293	18.16	0.412686	0.995839	0.001588	0.000003
0.2293	18.53	0.412686	0.990794	0.001202	0.000001
0.2293	18.90	0.412686	0.991002	0.001197	0.000001
0.2293	19.27	0.412686	0.990061	0.000609	0.000000
0.2293	19.63	0.412686	0.990010	0.000534	0.000000
0.2293	20.00	0.412686	0.991993	0.000453	0.000000
0.2374	2.00	0.615100	0.000000	0.000000	0.000000
0.2374	2.37	0.615100	0.000000	0.000000	0.000000
0.2374	2.73	0.615100	0.000000	0.000000	0.000000
0.2374	3.10	0.615100	0.000000	0.000000	0.000000
0.2374	3.47	0.615100	0.000000	0.000000	0.000000
0.2374	3.84	0.615100	0.000000	0.000000	0.000000
0.2374	4.20	0.615100	0.000000	0.000000	0.000000
0.2374	4.57	0.615100	0.000000	0.000000	0.000000
0.2374	4.94	0.615100	0.000000	0.000000	0.000000
0.2374	5.31	0.615100	0.000000	0.000000	0.000000
0.2374	5.67	0.615100	0.000000	0.000000	0.000000
0.2374	6.04	0.615100	0.000000	0.000000	0.000000
0.2374	6.41	0.615100	0.000000	0.000000	0.000000
0.2374	6.78	0.615100	0.000000	0.000000	0.000000
0.2374	7.14	0.615100	0.000000	0.000000	0.000000
0.2374	7.51	0.615100	0.104839	0.000000	0.000000
0.2374	7.88	0.615100	0.104839	0.000000	0.000000
0.2374	8.24	0.615100	0.126008	0.021169	0.003556
0.2374	8.61	0.615100	0.557661	0.323181	0.187293
0.2374	8.98	0.615100	0.170363	0.058163	0.019857
0.2374	9.35	0.615100	0.895017	0.258554	0.074691
0.2374	9.71	0.615100	0.942540	0.216296	0.049636
0.2374	10.08	0.615100	0.926855	0.240043	0.062168
0.2374	10.45	0.615100	0.967670	0.159463	0.026278
0.2374	10.82	0.615100	0.970213	0.157264	0.025491
0.2374	11.18	0.615100	0.970094	0.160300	0.026488
0.2374	11.55	0.615100	0.999866	0.000724	0.000001
0.2374	11.92	0.615100	0.999874	0.000702	0.000000
0.2374	12.29	0.615100	0.999695	0.000723	0.000001
0.2374	12.65	0.615100	0.999941	0.000341	0.000000
0.2374	13.02	0.615100	1.000000	0.000000	0.000000
0.2374	13.39	0.615100	1.000000	0.000000	0.000000
0.2374	13.76	0.615100	1.000000	0.000000	0.000000
0.2374	14.12	0.615100	1.000000	0.000000	0.000000
0.2374	14.49	0.615100	1.000000	0.000000	0.000000
0.2374	14.86	0.615100	0.999946	0.000327	0.000000
0.2374	15.22	0.615100	1.000000	0.000000	0.000000
0.2374	15.59	0.615100	0.999891	0.000456	0.000000
0.2374	15.96	0.615100	0.999946	0.000327	0.000000
0.2374	16.33	0.615100	1.000000	0.000000	0.000000
0.2374	16.69	0.615100	1.000000	0.000000	0.000000
0.2374	17.06	0.615100	1.000000	0.000000	0.000000
0.2374	17.43	0.615100	1.000000	0.000000	0.000000
0.2374	17.80	0.615100	1.000000	0.000000	0.000000
0.2374	18.16	0.615100	1.000000	0.000000	0.000000
0.2374	18.53	0.615100	1.000000	0.000000	0.000000
0.2374	18.90	0.615100	1.000000	0.000000	0.000000
0.2374	19.27	0.615100	1.000000	0.000000	0.000000
0.2374	19.63	0.615100	1.000000	0.000000	0.000000
0.2374	20.00	0.615100	1.000000	0.000000	0.000000
0.2451	2.00	0.474165	0.000000	0.000000	0.000000
0.2451	2.37	0.474165	0.000000	0.000000	0.000000
0.2451	2.73	0.474165	0.000000	0.000000	0.000000
0.2451	3.10	0.474165	0.000000	0.000000	0.000000
0.2451	3.47	0.474165	0.000000	0.000000	0.000000
0.2451	3.84	0.474165	0.000000	0.000000	0.000000
0.2451	4.20	0.474165	0.000000	0.000000	0.000000
0.2451	4.57	0.474165	0.000000	0.000000	0.000000
0.2451	4.94	0.474165	0.000000	0.000000	0.000000
0.2451	5.31	0.474165	0.000000	0.000000	0.000000
0.2451	5.67	0.474165	0.000000	0.000000	0.000000
0.2451	6.04	0.474165	0.000000	0.000000	0.000000
0.2451	6.41	0.474165	0.000000	0.000000	0.000000
0.2451	6.78	0.474165	0.000000	0.000000	0.000000
0.2451	7.14	0.474165	0.000000	0.000000	0.000000
0.2451	7.51	0.474165	0.000000	0.000000	0.000000
0.2451	7.88	0.474165	0.000000	0.000000	0.000000
0.2451	8.24	0.474165	0.000000	0.000000	0.000000
0.2451	8.61	0.474165	0.000000	0.000000	0.000000
0.2451	8.98	0.474165	0.000000	0.000000	0.000000
0.2451	9.35	0.474165	0.144309	0.000000	0.000000
0.2451	9.71	0.474165	0.137534	0.047936	0.016707
0.2451	10.08	0.474165	0.182927	0.075203	0.030917
0.2451	10.45	0.474165	0.214431	0.170958	0.136299
0.2451	10.82	0.474165	0.182520	0.091005	0.045375
0.2451	11.18	0.474165	0.256098	0.224731	0.197206
0.2451	11.55	0.474165	0.355691	0.242976	0.165980
0.2451	11.92	0.474165	0.720607	0.276469	0.106071
0.2451	12.29	0.474165	0.595122	0.367615	0.227081
0.2451	12.65	0.474165	0.882304	0.231640	0.060814
0.2451	13.02	0.474165	0.933358	0.202587	0.043972
0.2451	13.39	0.474165	0.996533	0.002491	0.000006
0.2451	13.76	0.474165	0.997096	0.001900	0.000004
0.2451	14.12	0.474165	0.997793	0.001126	0.000001
0.2451	14.49	0.474165	0.997967	0.000479	0.000000
0.2451	14.86	0.474165	0.998022	0.000330	0.000000
0.2451	15.22	0.474165	0.996309	0.001307	0.000002
0.2451	15.59	0.474165	0.996665	0.001078	0.000001
0.2451	15.96	0.474165	0.997446	0.001000	0.000001
0.2451	16.33	0.474165	0.997713	0.000672	0.000000
0.2451	16.69	0.474165	0.997769	0.000752	0.000001
0.2451	17.06	0.474165	0.997670	0.001059	0.000001
0.2451	17.43	0.474165	0.997967	0.000000	0.000000
0.2451	17.80	0.474165	0.997967	0.000000	0.000000
0.2451	18.16	0.474165	0.997967	0.000000	0.000000
0.2451	18.53	0.474165	0.997917	0.000317	0.000000
0.2451	18.90	0.474165	0.997967	0.000000	0.000000
0.2451	19.27	0.474165	0.997967	0.000000	0.000000
0.2451	19.63	0.474165	0.997967	0.000000	0.000000
0.2451	20.00	0.474165	0.997967	0.000000	0.000000
0.2543	2.00	0.527372	0.000000	0.000000	0.000000
0.2543	2.37	0.527372	0.000000	0.000000	0.000000
0.2543	2.73	0.527372	0.000000	0.000000	0.000000
0.2543	3.10	0.527372	0.000000	0.000000	0.000000
0.2543	3.47	0.527372	0.000000	0.000000	0.000000
0.2543	3.84	0.527372	0.000000	0.000000	0.000000
0.2543	4.20	0.527372	0.000000	0.000000	0.000000
0.2543	4.57	0.527372	0.000000	0.000000	0.000000
0.2543	4.94	0.527372	0.000000	0.000000	0.000000
0.2543	5.31	0.527372	0.000000	0.000000	0.000000
0.2543	5.67	0.527372	0.000000	0.000000	0.000000
0.2543	6.04	0.527372	0.000000	0.000000	0.000000
0.2543	6.41	0.527372	0.000000	0.000000	0.000000
0.2543	6.78	0.527372	0.000000	0.000000	0.000000
0.2543	7.14	0.527372	0.000000	0.000000	0.000000
0.2543	7.51	0.527372	0.000000	0.000000	0.000000
0.2543	7.88	0.527372	0.000000	0.000000	0.000000
0.2543	8.24	0.527372	0.000000	0.000000	0.000000
0.2543	8.61	0.527372	0.000000	0.000000	0.000000
0.2543	8.98	0.527372	0.000000	0.000000	0.000000
0.2543	9.35	0.527372	0.000000	0.000000	0.000000
0.2543	9.71	0.527372	0.000000	0.000000	0.000000
0.2543	10.08	0.527372	0.107287	0.000000	0.000000
0.2543	10.45	0.527372	0.168200	0.070818	0.029817
0.2543	10.82	0.527372	0.257552	0.205922	0.164641
0.2543	11.18	0.527372	0.581759	0.266540	0.122119
0.2543	11.55	0.527372	0.613462	0.330113	0.177638
0.2543	11.92	0.527372	0.849030	0.280456	0.092642
0.2543	12.29	0.527372	0.893927	0.259440	0.075296
0.2543	12.65	0.527372	0.894421	0.253056	0.071596
0.2543	13.02	0.527372	0.927126	0.215921	0.050286
0.2543	13.39	0.527372	0.998482	0.003120	0.000010
0.2543	13.76	0.527372	0.998928	0.001010	0.000001
0.2543	14.12	0.527372	0.999508	0.000869	0.000001
0.2543	14.49	0.527372	0.999562	0.000833	0.000001
0.2543	14.86	0.527372	0.999836	0.000553	0.000000
0.2543	15.22	0.527372	1.000000	0.000000	0.000000
0.2543	15.59	0.527372	1.000000	0.000000	0.000000
0.2543	15.96	0.527372	1.000000	0.000000	0.000000
0.2543	16.33	0.527372	1.000000	0.000000	0.000000
0.2543	16.69	0.527372	1.000000	0.000000	0.000000
0.2543	17.06	0.527372	1.000000	0.000000	0.000000
0.2543	17.43	0.527372	1.000000	0.000000	0.000000
0.2543	17.80	0.527372	1.000000	0.000000	0.000000
0.2543	18.16	0.527372	1.000000	0.000000	0.000000
0.2543	18.53	0.527372	1.000000	0.000000	0.000000
0.2543	18.90	0.527372	1.000000	0.000000	0.000000
0.2543	19.27	0.527372	1.000000	0.000000	0.000000
0.2543	19.63	0.527372	1.000000	0.000000	0.000000
0.2543	20.00	0.527372	1.000000	0.000000	0.000000
0.2659	2.00	0.475727	0.000000	0.000000	0.000000
0.2659	2.37	0.475727	0.000000	0.000000	0.000000
0.2659	2.73	0.475727	0.000000	0.000000	0.000000
0.2659	3.10	0.475727	0.000000	0.000000	0.000000
0.2659	3.47	0.475727	0.000000	0.000000	0.000000
0.2659	3.84	0.475727	0.000000	0.000000	0.000000
0.2659	4.20	0.475727	0.000000	0.000000	0.000000
0.2659	4.57	0.475727	0.000000	0.000000	0.000000
0.2659	4.94	0.475727	0.000000	0.000000	0.000000
0.2659	5.31	0.475727	0.000000	0.000000	0.000000
0.2659	5.67	0.475727	0.000000	0.000000	0.000000
0.2659	6.04	0.475727	0.000000	0.000000	0.000000
0.2659	6.41	0.475727	0.000000	0.000000	0.000000
0.2659	6.78	0.475727	0.000000	0.000000	0.000000
0.2659	7.14	0.475727	0.000000	0.000000	0.000000
0.2659	7.51	0.475727	0.000000	0.000000	0.000000
0.2659	7.88	0.475727	0.000000	0.000000	0.000000
0.2659	8.24	0.475727	0.000000	0.000000	0.000000
0.2659	8.61	0.475727	0.000000	0.000000	0.000000
0.2659	8.98	0.475727	0.000000	0.000000	0.000000
0.2659	9.35	0.475727	0.000000	0.000000	0.000000
0.2659	9.71	0.475727	0.125506	0.000000	0.000000
0.2659	10.08	0.475727	0.104251	0.003036	0.000088
0.2659	10.45	0.475727	0.136527	0.068508	0.034377
0.2659	10.82	0.475727	0.159919	0.049369	0.015241
0.2659	11.18	0.475727	0.219912	0.115674	0.060845
0.2659	11.55	0.475727	0.358412	0.337084	0.317025
0.2659	11.92	0.475727	0.458543	0.323046	0.227587
0.2659	12.29	0.475727	0.738866	0.329443	0.146891
0.2659	12.65	0.475727	0.925101	0.204028	0.044998
0.2659	13.02	0.475727	0.963293	0.160211	0.026646
0.2659	13.39	0.475727	0.991427	0.013482	0.000183
0.2659	13.76	0.475727	0.973222	0.138484	0.019705
0.2659	14.12	0.475727	0.998032	0.000582	0.000000
0.2659	14.49	0.475727	0.999719	0.000700	0.000000
0.2659	14.86	0.475727	0.999945	0.000328	0.000000
0.2659	15.22	0.475727	0.999893	0.000452	0.000000
0.2659	15.59	0.475727	0.998702	0.001335	0.000002
0.2659	15.96	0.475727	0.998988	0.001207	0.000001
0.2659	16.33	0.475727	1.000000	0.000000	0.000000
0.2659	16.69	0.475727	1.000000	0.000000	0.000000
0.2659	17.06	0.475727	1.000000	0.000000	0.000000
0.2659	17.43	0.475727	0.999949	0.000316	0.000000
0.2659	17.80	0.475727	1.000000	0.000000	0.000000
0.2659	18.16	0.475727	0.999952	0.000309	0.000000
0.2659	18.53	0.475727	1.000000	0.000000	0.000000
0.2659	18.90	0.475727	1.000000	0.000000	0.000000
0.2659	19.27	0.475727	1.000000	0.000000	0.000000
0.2659	19.63	0.475727	0.999663	0.000754	0.000001
0.2659	20.00	0.475727	0.999711	0.000708	0.000001
0.2892	2.00	0.472994	0.000000	0.000000	0.000000
0.2892	2.37	0.472994	0.000000	0.000000	0.000000
0.2892	2.73	0.472994	0.000000	0.000000	0.000000
0.2892	3.10	0.472994	0.000000	0.000000	0.000000
0.2892	3.47	0.472994	0.000000	0.000000	0.000000
0.2892	3.84	0.472994	0.000000	0.000000	0.000000
0.2892	4.20	0.472994	0.000000	0.000000	0.000000
0.2892	4.57	0.472994	0.000000	0.000000	0.000000
0.2892	4.94	0.472994	0.000000	0.000000	0.000000
0.2892	5.31	0.472994	0.000000	0.000000	0.000000
0.2892	5.67	0.472994	0.000000	0.000000	0.000000
0.2892	6.04	0.472994	0.000000	0.000000	0.000000
0.2892	6.41	0.472994	0.000000	0.000000	0.000000
0.2892	6.78	0.472994	0.000000	0.000000	0.000000
0.2892	7.14	0.472994	0.000000	0.000000	0.000000
0.2892	7.51	0.472994	0.000000	0.000000	0.000000
0.2892	7.88	0.472994	0.000000	0.000000	0.000000
0.2892	8.24	0.472994	0.000000	0.000000	0.000000
0.2892	8.61	0.472994	0.000000	0.000000	0.000000
0.2892	8.98	0.472994	0.000000	0.000000	0.000000
0.2892	9.35	0.472994	0.113590	0.000000	0.000000
0.2892	9.71	0.472994	0.202840	0.000000	0.000000
0.2892	10.08	0.472994	0.263692	0.165095	0.103365
0.2892	10.45	0.472994	0.301555	0.148497	0.073125
0.2892	10.82	0.472994	0.335193	0.213236	0.135652
0.2892	11.18	0.472994	0.216193	0.121685	0.068491
0.2892	11.55	0.472994	0.264579	0.174492	0.115079
0.2892	11.92	0.472994	0.423318	0.266597	0.167898
0.2892	12.29	0.472994	0.570039	0.329552	0.190521
0.2892	12.65	0.472994	0.602434	0.364862	0.220978
0.2892	13.02	0.472994	0.708109	0.336567	0.159972
0.2892	13.39	0.472994	0.952929	0.151877	0.024206
0.2892	13.76	0.472994	0.988844	0.016203	0.000265
0.2892	14.12	0.472994	0.952799	0.146874	0.022641
0.2892	14.49	0.472994	0.990571	0.023581	0.000561
0.2892	14.86	0.472994	0.997204	0.007189	0.000052
0.2892	15.22	0.472994	0.998932	0.001960	0.000004
0.2892	15.59	0.472994	0.998849	0.003700	0.000014
0.2892	15.96	0.472994	0.999696	0.000724	0.000001
0.2892	16.33	0.472994	0.999792	0.000768	0.000001
0.2892	16.69	0.472994	0.999901	0.000437	0.000000
0.2892	17.06	0.472994	1.000000	0.000000	0.000000
0.2892	17.43	0.472994	1.000000	0.000000	0.000000
0.2892	17.80	0.472994	1.000000	0.000000	0.000000
0.2892	18.16	0.472994	1.000000	0.000000	0.000000
0.2892	18.53	0.472994	0.999802	0.000602	0.000000
0.2892	18.90	0.472994	0.999753	0.000801	0.000001
0.2892	19.27	0.472994	1.000000	0.000000	0.000000
0.2892	19.63	0.472994	1.000000	0.000000	0.000000
0.2892	20.00	0.472994	1.000000	0.000000	0.000000
0.3034	2.00	0.503715	0.000000	0.000000	0.000000
0.3034	2.37	0.503715	0.000000	0.000000	0.000000
0.3034	2.73	0.503715	0.000000	0.000000	0.000000
0.3034	3.10	0.503715	0.000000	0.000000	0.000000
0.3034	3.47	0.503715	0.000000	0.000000	0.000000
0.3034	3.84	0.503715	0.000000	0.000000	0.000000
0.3034	4.20	0.503715	0.000000	0.000000	0.000000
0.3034	4.57	0.503715	0.000000	0.000000	0.000000
0.3034	4.94	0.503715	0.000000	0.000000	0.000000
0.3034	5.31	0.503715	0.000000	0.000000	0.000000
0.3034	5.67	0.503715	0.000000	0.000000	0.000000
0.3034	6.04	0.503715	0.000000	0.000000	0.000000
0.3034	6.41	0.503715	0.000000	0.000000	0.000000
0.3034	6.78	0.503715	0.000000	0.000000	0.000000
0.3034	7.14	0.503715	0.000000	0.000000	0.000000
0.3034	7.51	0.503715	0.000000	0.000000	0.000000
0.3034	7.88	0.503715	0.000000	0.000000	0.000000
0.3034	8.24	0.503715	0.000000	0.000000	0.000000
0.3034	8.61	0.503715	0.504049	0.000000	0.000000
0.3034	8.98	0.503715	0.410931	0.293522	0.209659
0.3034	9.35	0.503715	0.518219	0.209888	0.085008
0.3034	9.71	0.503715	0.674273	0.286801	0.121991
0.3034	10.08	0.503715	0.759642	0.293509	0.113406
0.3034	10.45	0.503715	0.921881	0.167875	0.030570
0.3034	10.82	0.503715	0.904109	0.257185	0.073159
0.3034	11.18	0.503715	0.962984	0.165141	0.028320
0.3034	11.55	0.503715	0.994332	0.017409	0.000305
0.3034	11.92	0.503715	0.997669	0.001873	0.000004
0.3034	12.29	0.503715	0.999021	0.001246	0.000002
0.3034	12.65	0.503715	0.999387	0.001269	0.000002
0.3034	13.02	0.503715	1.000000	0.000000	0.000000
0.3034	13.39	0.503715	1.000000	0.000000	0.000000
0.3034	13.76	0.503715	1.000000	0.000000	0.000000
0.3034	14.12	0.503715	1.000000	0.000000	0.000000
0.3034	14.49	0.503715	0.999891	0.000458	0.000000
0.3034	14.86	0.503715	0.999947	0.000324	0.000000
0.3034	15.22	0.503715	0.999947	0.000324	0.000000
0.3034	15.59	0.503715	1.000000	0.000000	0.000000
0.3034	15.96	0.503715	1.000000	0.000000	0.000000
0.3034	16.33	0.503715	1.000000	0.000000	0.000000
0.3034	16.69	0.503715	1.000000	0.000000	0.000000
0.3034	17.06	0.503715	1.000000	0.000000	0.000000
0.3034	17.43	0.503715	1.000000	0.000000	0.000000
0.3034	17.80	0.503715	1.000000	0.000000	0.000000
0.3034	18.16	0.503715	1.000000	0.000000	0.000000
0.3034	18.53	0.503715	1.000000	0.000000	0.000000
0.3034	18.90	0.503715	1.000000	0.000000	0.000000
0.3034	19.27	0.503715	0.998330	0.000769	0.000001
0.3034	19.63	0.503715	0.998229	0.000669	0.000000
0.3034	20.00	0.503715	1.000000	0.000000	0.000000
0.3103	2.00	0.457917	0.000000	0.000000	0.000000
0.3103	2.37	0.457917	0.000000	0.000000	0.000000
0.3103	2.73	0.457917	0.000000	0.000000	0.000000
0.3103	3.10	0.457917	0.000000	0.000000	0.000000
0.3103	3.47	0.457917	0.000000	0.000000	0.000000
0.3103	3.84	0.457917	0.000000	0.000000	0.000000
0.3103	4.20	0.457917	0.000000	0.000000	0.000000
0.3103	4.57	0.457917	0.000000	0.000000	0.000000
0.3103	4.94	0.457917	0.000000	0.000000	0.000000
0.3103	5.31	0.457917	0.000000	0.000000	0.000000
0.3103	5.67	0.457917	0.000000	0.000000	0.000000
0.3103	6.04	0.457917	0.000000	0.000000	0.000000
0.3103	6.41	0.457917	0.000000	0.000000	0.000000
0.3103	6.78	0.457917	0.000000	0.000000	0.000000
0.3103	7.14	0.457917	0.000000	0.000000	0.000000
0.3103	7.51	0.457917	0.000000	0.000000	0.000000
0.3103	7.88	0.457917	0.000000	0.000000	0.000000
0.3103	8.24	0.457917	0.000000	0.000000	0.000000
0.3103	8.61	0.457917	0.000000	0.000000	0.000000
0.3103	8.98	0.457917	0.000000	0.000000	0.000000
0.3103	9.35	0.457917	0.000000	0.000000	0.000000
0.3103	9.71	0.457917	0.148893	0.000000	0.000000
0.3103	10.08	0.457917	0.288732	0.182093	0.114839
0.3103	10.45	0.457917	0.336687	0.278439	0.230269
0.3103	10.82	0.457917	0.376567	0.283071	0.212788
0.3103	11.18	0.457917	0.627449	0.311864	0.155007
0.3103	11.55	0.457917	0.607311	0.319752	0.168351
0.3103	11.92	0.457917	0.896205	0.161179	0.028988
0.3103	12.29	0.457917	0.961905	0.060632	0.003822
0.3103	12.65	0.457917	0.983709	0.007180	0.000052
0.3103	13.02	0.457917	0.983275	0.004914	0.000025
0.3103	13.39	0.457917	0.987572	0.004038	0.000017
0.3103	13.76	0.457917	0.992872	0.001757	0.000003
0.3103	14.12	0.457917	0.993796	0.001528	0.000002
0.3103	14.49	0.457917	0.993740	0.000922	0.000001
0.3103	14.86	0.457917	0.997035	0.002102	0.000004
0.3103	15.22	0.457917	0.997564	0.001912	0.000004
0.3103	15.59	0.457917	0.998194	0.001692	0.000003
0.3103	15.96	0.457917	0.997936	0.000965	0.000001
0.3103	16.33	0.457917	0.997833	0.001057	0.000001
0.3103	16.69	0.457917	0.997524	0.001158	0.000001
0.3103	17.06	0.457917	0.997627	0.001104	0.000001
0.3103	17.43	0.457917	0.997837	0.001044	0.000001
0.3103	17.80	0.457917	0.997988	0.000644	0.000000
0.3103	18.16	0.457917	0.998139	0.001044	0.000001
0.3103	18.53	0.457917	0.998189	0.000604	0.000000
0.3103	18.90	0.457917	0.998340	0.000765	0.000001
0.3103	19.27	0.457917	0.999095	0.001001	0.000001
0.3103	19.63	0.457917	0.999264	0.000969	0.000001
0.3103	20.00	0.457917	0.999799	0.000604	0.000000
0.3169	2.00	0.421266	0.000000	0.000000	0.000000
0.3169	2.37	0.421266	0.000000	0.000000	0.000000
0.3169	2.73	0.421266	0.000000	0.000000	0.000000
0.3169	3.10	0.421266	0.000000	0.000000	0.000000
0.3169	3.47	0.421266	0.000000	0.000000	0.000000
0.3169	3.84	0.421266	0.000000	0.000000	0.000000
0.3169	4.20	0.421266	0.000000	0.000000	0.000000
0.3169	4.57	0.421266	0.000000	0.000000	0.000000
0.3169	4.94	0.421266	0.000000	0.000000	0.000000
0.3169	5.31	0.421266	0.000000	0.000000	0.000000
0.3169	5.67	0.421266	0.000000	0.000000	0.000000
0.3169	6.04	0.421266	0.000000	0.000000	0.000000
0.3169	6.41	0.421266	0.000000	0.000000	0.000000
0.3169	6.78	0.421266	0.000000	0.000000	0.000000
0.3169	7.14	0.421266	0.000000	0.000000	0.000000
0.3169	7.51	0.421266	0.000000	0.000000	0.000000
0.3169	7.88	0.421266	0.000000	0.000000	0.000000
0.3169	8.24	0.421266	0.000000	0.000000	0.000000
0.3169	8.61	0.421266	0.000000	0.000000	0.000000
0.3169	8.98	0.421266	0.000000	0.000000	0.000000
0.3169	9.35	0.421266	0.000000	0.000000	0.000000
0.3169	9.71	0.421266	0.000000	0.000000	0.000000
0.3169	10.08	0.421266	0.000000	0.000000	0.000000
0.3169	10.45	0.421266	0.103831	0.001008	0.000010
0.3169	10.82	0.421266	0.131552	0.041287	0.012957
0.3169	11.18	0.421266	0.233251	0.104929	0.047203
0.3169	11.55	0.421266	0.292195	0.151320	0.078365
0.3169	11.92	0.421266	0.356855	0.254154	0.181009
0.3169	12.29	0.421266	0.541157	0.294538	0.160309
0.3169	12.65	0.421266	0.660380	0.324859	0.159807
0.3169	13.02	0.421266	0.891519	0.164033	0.030181
0.3169	13.39	0.421266	0.897062	0.139247	0.021615
0.3169	13.76	0.421266	0.970521	0.040102	0.001657
0.3169	14.12	0.421266	0.964346	0.142204	0.020970
0.3169	14.49	0.421266	0.995913	0.003705	0.000014
0.3169	14.86	0.421266	0.997167	0.004257	0.000018
0.3169	15.22	0.421266	0.998408	0.001474	0.000002
0.3169	15.59	0.421266	0.998833	0.001191	0.000001
0.3169	15.96	0.421266	0.998811	0.001495	0.000002
0.3169	16.33	0.421266	0.998841	0.001266	0.000002
0.3169	16.69	0.421266	0.999093	0.001100	0.000001
0.3169	17.06	0.421266	0.999213	0.000983	0.000001
0.3169	17.43	0.421266	1.000000	0.000000	0.000000
0.3169	17.80	0.421266	1.000000	0.000000	0.000000
0.3169	18.16	0.421266	0.999952	0.000307	0.000000
0.3169	18.53	0.421266	1.000000	0.000000	0.000000
0.3169	18.90	0.421266	1.000000	0.000000	0.000000
0.3169	19.27	0.421266	0.999906	0.000425	0.000000
0.3169	19.63	0.421266	0.999953	0.000304	0.000000
0.3169	20.00	0.421266	0.999066	0.001005	0.000001
0.3263	2.00	0.378994	0.000000	0.000000	0.000000
0.3263	2.37	0.378994	0.000000	0.000000	0.000000
0.3263	2.73	0.378994	0.000000	0.000000	0.000000
0.3263	3.10	0.378994	0.000000	0.000000	0.000000
0.3263	3.47	0.378994	0.000000	0.000000	0.000000
0.3263	3.84	0.378994	0.000000	0.000000	0.000000
0.3263	4.20	0.378994	0.000000	0.000000	0.000000
0.3263	4.57	0.378994	0.000000	0.000000	0.000000
0.3263	4.94	0.378994	0.000000	0.000000	0.000000
0.3263	5.31	0.378994	0.000000	0.000000	0.000000
0.3263	5.67	0.378994	0.000000	0.000000	0.000000
0.3263	6.04	0.378994	0.000000	0.000000	0.000000
0.3263	6.41	0.378994	0.000000	0.000000	0.000000
0.3263	6.78	0.378994	0.000000	0.000000	0.000000
0.3263	7.14	0.378994	0.000000	0.000000	0.000000
0.3263	7.51	0.378994	0.000000	0.000000	0.000000
0.3263	7.88	0.378994	0.000000	0.000000	0.000000
0.3263	8.24	0.378994	0.000000	0.000000	0.000000
0.3263	8.61	0.378994	0.000000	0.000000	0.000000
0.3263	8.98	0.378994	0.000000	0.000000	0.000000
0.3263	9.35	0.378994	0.112676	0.000000	0.000000
0.3263	9.71	0.378994	0.241449	0.062374	0.016113
0.3263	10.08	0.378994	0.254024	0.136728	0.073593
0.3263	10.45	0.378994	0.357746	0.185597	0.096287
0.3263	10.82	0.378994	0.414121	0.285700	0.197103
0.3263	11.18	0.378994	0.749371	0.290682	0.112756
0.3263	11.55	0.378994	0.852156	0.236321	0.065537
0.3263	11.92	0.378994	0.761569	0.287618	0.108623
0.3263	12.29	0.378994	0.933602	0.151148	0.024471
0.3263	12.65	0.378994	0.952357	0.149793	0.023560
0.3263	13.02	0.378994	0.904049	0.245015	0.066404
0.3263	13.39	0.378994	0.991037	0.005650	0.000032
0.3263	13.76	0.378994	0.987698	0.021482	0.000467
0.3263	14.12	0.378994	0.986139	0.022030	0.000492
0.3263	14.49	0.378994	0.962330	0.140293	0.020453
0.3263	14.86	0.378994	0.985100	0.022896	0.000532
0.3263	15.22	0.378994	0.994281	0.007606	0.000058
0.3263	15.59	0.378994	0.995202	0.003547	0.000013
0.3263	15.96	0.378994	0.995020	0.005985	0.000036
0.3263	16.33	0.378994	0.995780	0.004019	0.000016
0.3263	16.69	0.378994	0.995878	0.003636	0.000013
0.3263	17.06	0.378994	0.997105	0.001093	0.000001
0.3263	17.43	0.378994	0.997154	0.001086	0.000001
0.3263	17.80	0.378994	0.999460	0.000891	0.000001
0.3263	18.16	0.378994	0.999346	0.001044	0.000001
0.3263	18.53	0.378994	0.996694	0.000964	0.000001
0.3263	18.90	0.378994	0.996934	0.001405	0.000002
0.3263	19.27	0.378994	1.000000	0.000000	0.000000
0.3263	19.63	0.378994	1.000000	0.000000	0.000000
0.3263	20.00	0.378994	0.998331	0.000757	0.000001
0.3514	2.00	0.433218	0.000000	0.000000	0.000000
0.3514	2.37	0.433218	0.000000	0.000000	0.000000
0.3514	2.73	0.433218	0.000000	0.000000	0.000000
0.3514	3.10	0.433218	0.000000	0.000000	0.000000
0.3514	3.47	0.433218	0.000000	0.000000	0.000000
0.3514	3.84	0.433218	0.000000	0.000000	0.000000
0.3514	4.20	0.433218	0.000000	0.000000	0.000000
0.3514	4.57	0.433218	0.000000	0.000000	0.000000
0.3514	4.94	0.433218	0.000000	0.000000	0.000000
0.3514	5.31	0.433218	0.000000	0.000000	0.000000
0.3514	5.67	0.433218	0.000000	0.000000	0.000000
0.3514	6.04	0.433218	0.000000	0.000000	0.000000
0.3514	6.41	0.433218	0.000000	0.000000	0.000000
0.3514	6.78	0.433218	0.000000	0.000000	0.000000
0.3514	7.14	0.433218	0.000000	0.000000	0.000000
0.3514	7.51	0.433218	0.000000	0.000000	0.000000
0.3514	7.88	0.433218	0.000000	0.000000	0.000000
0.3514	8.24	0.433218	0.000000	0.000000	0.000000
0.3514	8.61	0.433218	0.000000	0.000000	0.000000
0.3514	8.98	0.433218	0.000000	0.000000	0.000000
0.3514	9.35	0.433218	0.000000	0.000000	0.000000
0.3514	9.71	0.433218	0.000000	0.000000	0.000000
0.3514	10.08	0.433218	0.000000	0.000000	0.000000
0.3514	10.45	0.433218	0.122244	0.000000	0.000000
0.3514	10.82	0.433218	0.136273	0.000000	0.000000
0.3514	11.18	0.433218	0.137418	0.035910	0.009384
0.3514	11.55	0.433218	0.208653	0.129408	0.080260
0.3514	11.92	0.433218	0.228707	0.119992	0.062954
0.3514	12.29	0.433218	0.369041	0.260091	0.183306
0.3514	12.65	0.433218	0.562826	0.302643	0.162738
0.3514	13.02	0.433218	0.704229	0.292032	0.121100
0.3514	13.39	0.433218	0.941825	0.088154	0.008251
0.3514	13.76	0.433218	0.980739	0.039484	0.001590
0.3514	14.12	0.433218	0.973368	0.132347	0.017995
0.3514	14.49	0.433218	0.998754	0.002392	0.000006
0.3514	14.86	0.433218	0.998047	0.006046	0.000037
0.3514	15.22	0.433218	0.997785	0.001106	0.000001
0.3514	15.59	0.433218	0.997891	0.000913	0.000001
0.3514	15.96	0.433218	0.998304	0.000723	0.000001
0.3514	16.33	0.433218	0.999699	0.000844	0.000001
0.3514	16.69	0.433218	0.999800	0.000601	0.000000
0.3514	17.06	0.433218	1.000000	0.000000	0.000000
0.3514	17.43	0.433218	1.000000	0.000000	0.000000
0.3514	17.80	0.433218	1.000000	0.000000	0.000000
0.3514	18.16	0.433218	1.000000	0.000000	0.000000
0.3514	18.53	0.433218	1.000000	0.000000	0.000000
0.3514	18.90	0.433218	1.000000	0.000000	0.000000
0.3514	19.27	0.433218	1.000000	0.000000	0.000000
0.3514	19.63	0.433218	1.000000	0.000000	0.000000
0.3514	20.00	0.433218	1.000000	0.000000	0.000000
0.3951	2.00	0.536461	0.000000	0.000000	0.000000
0.3951	2.37	0.536461	0.000000	0.000000	0.000000
0.3951	2.73	0.536461	0.000000	0.000000	0.000000
0.3951	3.10	0.536461	0.000000	0.000000	0.000000
0.3951	3.47	0.536461	0.000000	0.000000	0.000000
0.3951	3.84	0.536461	0.000000	0.000000	0.000000
0.3951	4.20	0.536461	0.000000	0.000000	0.000000
0.3951	4.57	0.536461	0.000000	0.000000	0.000000
0.3951	4.94	0.536461	0.000000	0.000000	0.000000
0.3951	5.31	0.536461	0.000000	0.000000	0.000000
0.3951	5.67	0.536461	0.000000	0.000000	0.000000
0.3951	6.04	0.536461	0.000000	0.000000	0.000000
0.3951	6.41	0.536461	0.000000	0.000000	0.000000
0.3951	6.78	0.536461	0.000000	0.000000	0.000000
0.3951	7.14	0.536461	0.000000	0.000000	0.000000
0.3951	7.51	0.536461	0.000000	0.000000	0.000000
0.3951	7.88	0.536461	0.000000	0.000000	0.000000
0.3951	8.24	0.536461	0.000000	0.000000	0.000000
0.3951	8.61	0.536461	0.115385	0.000000	0.000000
0.3951	8.98	0.536461	0.137652	0.020920	0.003179
0.3951	9.35	0.536461	0.176113	0.064161	0.023375
0.3951	9.71	0.536461	0.397605	0.278442	0.194992
0.3951	10.08	0.536461	0.494999	0.361002	0.263278
0.3951	10.45	0.536461	0.885729	0.258313	0.075334
0.3951	10.82	0.536461	0.813669	0.335646	0.138457
0.3951	11.18	0.536461	0.989636	0.015558	0.000245
0.3951	11.55	0.536461	0.996168	0.002557	0.000007
0.3951	11.92	0.536461	0.995168	0.002605	0.000007
0.3951	12.29	0.536461	0.996331	0.002343	0.000006
0.3951	12.65	0.536461	0.997669	0.001662	0.000003
0.3951	13.02	0.536461	0.996298	0.002190	0.000005
0.3951	13.39	0.536461	0.997513	0.002114	0.000004
0.3951	13.76	0.536461	0.998523	0.001536	0.000002
0.3951	14.12	0.536461	0.998523	0.001536	0.000002
0.3951	14.49	0.536461	0.998707	0.001362	0.000002
0.3951	14.86	0.536461	0.998687	0.001576	0.000002
0.3951	15.22	0.536461	0.999234	0.001276	0.000002
0.3951	15.59	0.536461	0.999840	0.000546	0.000000
0.3951	15.96	0.536461	0.999734	0.000827	0.000001
0.3951	16.33	0.536461	1.000000	0.000000	0.000000
0.3951	16.69	0.536461	0.999896	0.000447	0.000000
0.3951	17.06	0.536461	1.000000	0.000000	0.000000
0.3951	17.43	0.536461	1.000000	0.000000	0.000000
0.3951	17.80	0.536461	0.999848	0.000533	0.000000
0.3951	18.16	0.536461	1.000000	0.000000	0.000000
0.3951	18.53	0.536461	0.999948	0.000320	0.000000
0.3951	18.90	0.536461	1.000000	0.000000	0.000000
0.3951	19.27	0.536461	1.000000	0.000000	0.000000
0.3951	19.63	0.536461	1.000000	0.000000	0.000000
0.3951	20.00	0.536461	1.000000	0.000000	0.000000
0.4060	2.00	0.388615	0.000000	0.000000	0.000000
0.4060	2.37	0.388615	0.000000	0.000000	0.000000
0.4060	2.73	0.388615	0.000000	0.000000	0.000000
0.4060	3.10	0.388615	0.000000	0.000000	0.000000
0.4060	3.47	0.388615	0.000000	0.000000	0.000000
0.4060	3.84	0.388615	0.000000	0.000000	0.000000
0.4060	4.20	0.388615	0.000000	0.000000	0.000000
0.4060	4.57	0.388615	0.000000	0.000000	0.000000
0.4060	4.94	0.388615	0.000000	0.000000	0.000000
0.4060	5.31	0.388615	0.000000	0.000000	0.000000
0.4060	5.67	0.388615	0.000000	0.000000	0.000000
0.4060	6.04	0.388615	0.000000	0.000000	0.000000
0.4060	6.41	0.388615	0.000000	0.000000	0.000000
0.4060	6.78	0.388615	0.000000	0.000000	0.000000
0.4060	7.14	0.388615	0.000000	0.000000	0.000000
0.4060	7.51	0.388615	0.000000	0.000000	0.000000
0.4060	7.88	0.388615	0.000000	0.000000	0.000000
0.4060	8.24	0.388615	0.000000	0.000000	0.000000
0.4060	8.61	0.388615	0.000000	0.000000	0.000000
0.4060	8.98	0.388615	0.000000	0.000000	0.000000
0.4060	9.35	0.388615	0.000000	0.000000	0.000000
0.4060	9.71	0.388615	0.000000	0.000000	0.000000
0.4060	10.08	0.388615	0.142857	0.000000	0.000000
0.4060	10.45	0.388615	0.171026	0.000000	0.000000
0.4060	10.82	0.388615	0.000000	0.000000	0.000000
0.4060	11.18	0.388615	0.124245	0.024699	0.004910
0.4060	11.55	0.388615	0.124301	0.020404	0.003349
0.4060	11.92	0.388615	0.214487	0.136451	0.086807
0.4060	12.29	0.388615	0.238011	0.171959	0.124237
0.4060	12.65	0.388615	0.324431	0.248342	0.190098
0.4060	13.02	0.388615	0.413877	0.262198	0.166107
0.4060	13.39	0.388615	0.616298	0.276258	0.123834
0.4060	13.76	0.388615	0.837022	0.217928	0.056740
0.4060	14.12	0.388615	0.918640	0.139204	0.021094
0.4060	14.49	0.388615	0.953018	0.144369	0.021870
0.4060	14.86	0.388615	0.996982	0.006701	0.000045
0.4060	15.22	0.388615	0.997988	0.004907	0.000024
0.4060	15.59	0.388615	0.999329	0.002248	0.000005
0.4060	15.96	0.388615	0.998194	0.002027	0.000004
0.4060	16.33	0.388615	0.999044	0.001005	0.000001
0.4060	16.69	0.388615	1.000000	0.000000	0.000000
0.4060	17.06	0.388615	1.000000	0.000000	0.000000
0.4060	17.43	0.388615	1.000000	0.000000	0.000000
0.4060	17.80	0.388615	1.000000	0.000000	0.000000
0.4060	18.16	0.388615	1.000000	0.000000	0.000000
0.4060	18.53	0.388615	1.000000	0.000000	0.000000
0.4060	18.90	0.388615	1.000000	0.000000	0.000000
0.4060	19.27	0.388615	1.000000	0.000000	0.000000
0.4060	19.63	0.388615	0.999953	0.000303	0.000000
0.4060	20.00	0.388615	1.000000	0.000000	0.000000
0.4503	2.00	0.406236	0.000000	0.000000	0.000000
0.4503	2.37	0.406236	0.000000	0.000000	0.000000
0.4503	2.73	0.406236	0.000000	0.000000	0.000000
0.4503	3.10	0.406236	0.000000	0.000000	0.000000
0.4503	3.47	0.406236	0.000000	0.000000	0.000000
0.4503	3.84	0.406236	0.000000	0.000000	0.000000
0.4503	4.20	0.406236	0.000000	0.000000	0.000000
0.4503	4.57	0.406236	0.000000	0.000000	0.000000
0.4503	4.94	0.406236	0.000000	0.000000	0.000000
0.4503	5.31	0.406236	0.000000	0.000000	0.000000
0.4503	5.67	0.406236	0.000000	0.000000	0.000000
0.4503	6.04	0.406236	0.000000	0.000000	0.000000
0.4503	6.41	0.406236	0.000000	0.000000	0.000000
0.4503	6.78	0.406236	0.000000	0.000000	0.000000
0.4503	7.14	0.406236	0.000000	0.000000	0.000000
0.4503	7.51	0.406236	0.000000	0.000000	0.000000
0.4503	7.88	0.406236	0.000000	0.000000	0.000000
0.4503	8.24	0.406236	0.000000	0.000000	0.000000
0.4503	8.61	0.406236	0.000000	0.000000	0.000000
0.4503	8.98	0.406236	0.000000	0.000000	0.000000
0.4503	9.35	0.406236	0.000000	0.000000	0.000000
0.4503	9.71	0.406236	0.103448	0.000000	0.000000
0.4503	10.08	0.406236	0.177823	0.045547	0.011666
0.4503	10.45	0.406236	0.120352	0.018243	0.002765
0.4503	10.82	0.406236	0.305708	0.241482	0.190749
0.4503	11.18	0.406236	0.311069	0.205299	0.135493
0.4503	11.55	0.406236	0.392918	0.254939	0.165414
0.4503	11.92	0.406236	0.538618	0.317403	0.187043
0.4503	12.29	0.406236	0.747569	0.296574	0.117656
0.4503	12.65	0.406236	0.870313	0.254711	0.074545
0.4503	13.02	0.406236	0.992737	0.005349	0.000029
0.4503	13.39	0.406236	0.994866	0.003656	0.000013
0.4503	13.76	0.406236	0.997577	0.000803	0.000001
0.4503	14.12	0.406236	0.997740	0.000807	0.000001
0.4503	14.49	0.406236	0.997862	0.000459	0.000000
0.4503	14.86	0.406236	0.996382	0.000959	0.000001
0.4503	15.22	0.406236	0.996317	0.000914	0.000001
0.4503	15.59	0.406236	0.997972	0.000000	0.000000
0.4503	15.96	0.406236	0.998024	0.000321	0.000000
0.4503	16.33	0.406236	0.997972	0.000000	0.000000
0.4503	16.69	0.406236	0.998022	0.000553	0.000000
0.4503	17.06	0.406236	0.997972	0.000000	0.000000
0.4503	17.43	0.406236	0.997576	0.000804	0.000001
0.4503	17.80	0.406236	0.997625	0.000885	0.000001
0.4503	18.16	0.406236	0.997823	0.000528	0.000000
0.4503	18.53	0.406236	0.997875	0.000432	0.000000
0.4503	18.90	0.406236	0.997823	0.000528	0.000000
0.4503	19.27	0.406236	0.997972	0.000000	0.000000
0.4503	19.63	0.406236	0.997972	0.000000	0.000000
0.4503	20.00	0.406236	0.997972	0.000000	0.000000
0.4978	2.00	0.403822	0.000000	0.000000	0.000000
0.4978	2.37	0.403822	0.000000	0.000000	0.000000
0.4978	2.73	0.403822	0.000000	0.000000	0.000000
0.4978	3.10	0.403822	0.000000	0.000000	0.000000
0.4978	3.47	0.403822	0.000000	0.000000	0.000000
0.4978	3.84	0.403822	0.000000	0.000000	0.000000
0.4978	4.20	0.403822	0.000000	0.000000	0.000000
0.4978	4.57	0.403822	0.000000	0.000000	0.000000
0.4978	4.94	0.403822	0.000000	0.000000	0.000000
0.4978	5.31	0.403822	0.000000	0.000000	0.000000
0.4978	5.67	0.403822	0.000000	0.000000	0.000000
0.4978	6.04	0.403822	0.000000	0.000000	0.000000
0.4978	6.41	0.403822	0.000000	0.000000	0.000000
0.4978	6.78	0.403822	0.000000	0.000000	0.000000
0.4978	7.14	0.403822	0.000000	0.000000	0.000000
0.4978	7.51	0.403822	0.000000	0.000000	0.000000
0.4978	7.88	0.403822	0.000000	0.000000	0.000000
0.4978	8.24	0.403822	0.000000	0.000000	0.000000
0.4978	8.61	0.403822	0.000000	0.000000	0.000000
0.4978	8.98	0.403822	0.000000	0.000000	0.000000
0.4978	9.35	0.403822	0.141129	0.000000	0.000000
0.4978	9.71	0.403822	0.153226	0.000000	0.000000
0.4978	10.08	0.403822	0.000000	0.000000	0.000000
0.4978	10.45	0.403822	0.215726	0.097552	0.044114
0.4978	10.82	0.403822	0.189264	0.101291	0.054210
0.4978	11.18	0.403822	0.468030	0.233428	0.116422
0.4978	11.55	0.403822	0.498488	0.250884	0.126267
0.4978	11.92	0.403822	0.859677	0.175378	0.035778
0.4978	12.29	0.403822	0.833102	0.280907	0.094717
0.4978	12.65	0.403822	0.940249	0.154039	0.025236
0.4978	13.02	0.403822	0.962405	0.141802	0.020893
0.4978	13.39	0.403822	0.992424	0.003256	0.000011
0.4978	13.76	0.403822	0.994643	0.002593	0.000007
0.4978	14.12	0.403822	0.995408	0.001878	0.000004
0.4978	14.49	0.403822	0.996528	0.001619	0.000003
0.4978	14.86	0.403822	0.995278	0.002279	0.000005
0.4978	15.22	0.403822	0.996392	0.001678	0.000003
0.4978	15.59	0.403822	0.997082	0.003261	0.000011
0.4978	15.96	0.403822	0.998139	0.001471	0.000002
0.4978	16.33	0.403822	0.998242	0.001306	0.000002
0.4978	16.69	0.403822	0.998488	0.001255	0.000002
0.4978	17.06	0.403822	0.998820	0.001334	0.000002
0.4978	17.43	0.403822	0.998135	0.000697	0.000000
0.4978	17.80	0.403822	0.998032	0.000537	0.000000
0.4978	18.16	0.403822	0.997689	0.001050	0.000001
0.4978	18.53	0.403822	0.997689	0.000951	0.000001
0.4978	18.90	0.403822	0.997840	0.000681	0.000000
0.4978	19.27	0.403822	0.996321	0.000997	0.000001
0.4978	19.63	0.403822	0.996220	0.000805	0.000001
0.4978	20.00	0.403822	0.997345	0.001750	0.000003
0.5314	2.00	0.314710	0.000000	0.000000	0.000000
0.5314	2.37	0.314710	0.000000	0.000000	0.000000
0.5314	2.73	0.314710	0.000000	0.000000	0.000000
0.5314	3.10	0.314710	0.000000	0.000000	0.000000
0.5314	3.47	0.314710	0.000000	0.000000	0.000000
0.5314	3.84	0.314710	0.000000	0.000000	0.000000
0.5314	4.20	0.314710	0.000000	0.000000	0.000000
0.5314	4.57	0.314710	0.000000	0.000000	0.000000
0.5314	4.94	0.314710	0.000000	0.000000	0.000000
0.5314	5.31	0.314710	0.000000	0.000000	0.000000
0.5314	5.67	0.314710	0.000000	0.000000	0.000000
0.5314	6.04	0.314710	0.000000	0.000000	0.000000
0.5314	6.41	0.314710	0.000000	0.000000	0.000000
0.5314	6.78	0.314710	0.000000	0.000000	0.000000
0.5314	7.14	0.314710	0.000000	0.000000	0.000000
0.5314	7.51	0.314710	0.000000	0.000000	0.000000
0.5314	7.88	0.314710	0.000000	0.000000	0.000000
0.5314	8.24	0.314710	0.000000	0.000000	0.000000
0.5314	8.61	0.314710	0.000000	0.000000	0.000000
0.5314	8.98	0.314710	0.100604	0.000000	0.000000
0.5314	9.35	0.314710	0.146881	0.000000	0.000000
0.5314	9.71	0.314710	0.203219	0.000000	0.000000
0.5314	10.08	0.314710	0.106640	0.000000	0.000000
0.5314	10.45	0.314710	0.195842	0.086454	0.038165
0.5314	10.82	0.314710	0.276660	0.176068	0.112050
0.5314	11.18	0.314710	0.397384	0.255960	0.164867
0.5314	11.55	0.314710	0.564163	0.297686	0.157077
0.5314	11.92	0.314710	0.599520	0.346031	0.199722
0.5314	12.29	0.314710	0.879585	0.152813	0.026549
0.5314	12.65	0.314710	0.869077	0.222637	0.057035
0.5314	13.02	0.314710	0.977275	0.016581	0.000281
0.5314	13.39	0.314710	0.983781	0.005603	0.000032
0.5314	13.76	0.314710	0.989996	0.002785	0.000008
0.5314	14.12	0.314710	0.991281	0.002464	0.000006
0.5314	14.49	0.314710	0.988375	0.002423	0.000006
0.5314	14.86	0.314710	0.989437	0.002570	0.000007
0.5314	15.22	0.314710	0.991113	0.002436	0.000006
0.5314	15.59	0.314710	0.990469	0.001885	0.000004
0.5314	15.96	0.314710	0.990765	0.001918	0.000004
0.5314	16.33	0.314710	0.991167	0.001771	0.000003
0.5314	16.69	0.314710	0.994119	0.000704	0.000000
0.5314	17.06	0.314710	0.993964	0.000779	0.000001
0.5314	17.43	0.314710	0.992807	0.001092	0.000001
0.5314	17.80	0.314710	0.992757	0.001173	0.000001
0.5314	18.16	0.314710	0.992590	0.000936	0.000001
0.5314	18.53	0.314710	0.996074	0.000621	0.000000
0.5314	18.90	0.314710	0.996368	0.000797	0.000001
0.5314	19.27	0.314710	0.994945	0.001943	0.000004
0.5314	19.63	0.314710	0.995632	0.001827	0.000003
0.5314	20.00	0.314710	0.995641	0.001806	0.000003
