base_sigma	MAX_EXC_WEIGHT	Gini	mean_peaks_height	std_peaks_height	fano_factor
0.0446	2.00	0.868934	0.000000	0.000000	0.000000
0.0446	2.37	0.868934	0.000000	0.000000	0.000000
0.0446	2.73	0.868934	0.000000	0.000000	0.000000
0.0446	3.10	0.868934	0.000000	0.000000	0.000000
0.0446	3.47	0.868934	0.000000	0.000000	0.000000
0.0446	3.84	0.868934	0.000000	0.000000	0.000000
0.0446	4.20	0.868934	0.000000	0.000000	0.000000
0.0446	4.57	0.868934	0.000000	0.000000	0.000000
0.0446	4.94	0.868934	0.000000	0.000000	0.000000
0.0446	5.31	0.868934	0.000000	0.000000	0.000000
0.0446	5.67	0.868934	0.052104	0.000000	0.000000
0.0446	6.04	0.868934	0.054108	0.002004	0.000074
0.0446	6.41	0.868934	0.252004	0.340464	0.459977
0.0446	6.78	0.868934	0.164930	0.238681	0.345410
0.0446	7.14	0.868934	0.390428	0.399872	0.409544
0.0446	7.51	0.868934	0.492632	0.404056	0.331406
0.0446	7.88	0.868934	0.615048	0.381084	0.236120
0.0446	8.24	0.868934	0.695237	0.327952	0.154699
0.0446	8.61	0.868934	0.679013	0.347847	0.178196
0.0446	8.98	0.868934	0.821643	0.205411	0.051353
0.0446	9.35	0.868934	0.880227	0.004619	0.000024
0.0446	9.71	0.868934	0.887969	0.003718	0.000016
0.0446	10.08	0.868934	0.890630	0.003311	0.000012
0.0446	10.45	0.868934	0.881642	0.003416	0.000013
0.0446	10.82	0.868934	0.882492	0.004463	0.000023
0.0446	11.18	0.868934	0.888601	0.003336	0.000013
0.0446	11.55	0.868934	0.890180	0.004059	0.000019
0.0446	11.92	0.868934	0.898769	0.003565	0.000014
0.0446	12.29	0.868934	0.898464	0.003373	0.000013
0.0446	12.65	0.868934	0.897295	0.002688	0.000008
0.0446	13.02	0.868934	0.898185	0.003055	0.000010
0.0446	13.39	0.868934	0.894708	0.003076	0.000011
0.0446	13.76	0.868934	0.896767	0.002312	0.000006
0.0446	14.12	0.868934	0.886826	0.002507	0.000007
0.0446	14.49	0.868934	0.887776	0.002798	0.000009
0.0446	14.86	0.868934	0.895412	0.002941	0.000010
0.0446	15.22	0.868934	0.895792	0.002872	0.000009
0.0446	15.59	0.868934	0.896846	0.003275	0.000012
0.0446	15.96	0.868934	0.896562	0.003197	0.000011
0.0446	16.33	0.868934	0.890191	0.003050	0.000010
0.0446	16.69	0.868934	0.901382	0.003190	0.000011
0.0446	17.06	0.868934	0.901503	0.003122	0.000011
0.0446	17.43	0.868934	0.896851	0.002828	0.000009
0.0446	17.80	0.868934	0.897267	0.002969	0.000010
0.0446	18.16	0.868934	0.904324	0.003007	0.000010
0.0446	18.53	0.868934	0.896319	0.002746	0.000008
0.0446	18.90	0.868934	0.899688	0.003149	0.000011
0.0446	19.27	0.868934	0.900327	0.002822	0.000009
0.0446	19.63	0.868934	0.895769	0.002794	0.000009
0.0446	20.00	0.868934	0.899035	0.002600	0.000008
0.0513	2.00	0.866248	0.000000	0.000000	0.000000
0.0513	2.37	0.866248	0.000000	0.000000	0.000000
0.0513	2.73	0.866248	0.000000	0.000000	0.000000
0.0513	3.10	0.866248	0.000000	0.000000	0.000000
0.0513	3.47	0.866248	0.000000	0.000000	0.000000
0.0513	3.84	0.866248	0.000000	0.000000	0.000000
0.0513	4.20	0.866248	0.000000	0.000000	0.000000
0.0513	4.57	0.866248	0.000000	0.000000	0.000000
0.0513	4.94	0.866248	0.050000	0.000000	0.000000
0.0513	5.31	0.866248	0.054000	0.003266	0.000198
0.0513	5.67	0.866248	0.057667	0.012828	0.002854
0.0513	6.04	0.866248	0.090667	0.072425	0.057853
0.0513	6.41	0.866248	0.077000	0.054531	0.038619
0.0513	6.78	0.866248	0.243000	0.300678	0.372045
0.0513	7.14	0.866248	0.505875	0.394751	0.308038
0.0513	7.51	0.866248	0.644857	0.370988	0.213431
0.0513	7.88	0.866248	0.779250	0.271200	0.094385
0.0513	8.24	0.866248	0.792385	0.264773	0.088473
0.0513	8.61	0.866248	0.835448	0.210534	0.053055
0.0513	8.98	0.866248	0.866933	0.149505	0.025782
0.0513	9.35	0.866248	0.897533	0.003528	0.000014
0.0513	9.71	0.866248	0.899188	0.002732	0.000008
0.0513	10.08	0.866248	0.898303	0.002918	0.000009
0.0513	10.45	0.866248	0.899394	0.002933	0.000010
0.0513	10.82	0.866248	0.900647	0.002732	0.000008
0.0513	11.18	0.866248	0.899314	0.002527	0.000007
0.0513	11.55	0.866248	0.900571	0.002851	0.000009
0.0513	11.92	0.866248	0.901000	0.002687	0.000008
0.0513	12.29	0.866248	0.901611	0.002348	0.000006
0.0513	12.65	0.866248	0.906389	0.002741	0.000008
0.0513	13.02	0.866248	0.906556	0.002522	0.000007
0.0513	13.39	0.866248	0.905189	0.003586	0.000014
0.0513	13.76	0.866248	0.905211	0.003389	0.000013
0.0513	14.12	0.866248	0.904000	0.003188	0.000011
0.0513	14.49	0.866248	0.905622	0.003830	0.000016
0.0513	14.86	0.866248	0.908263	0.002872	0.000009
0.0513	15.22	0.866248	0.908270	0.002637	0.000008
0.0513	15.59	0.866248	0.908000	0.002679	0.000008
0.0513	15.96	0.866248	0.908421	0.002759	0.000008
0.0513	16.33	0.866248	0.909316	0.003188	0.000011
0.0513	16.69	0.866248	0.902107	0.002433	0.000007
0.0513	17.06	0.866248	0.901786	0.002555	0.000007
0.0513	17.43	0.866248	0.913900	0.003395	0.000013
0.0513	17.80	0.866248	0.907577	0.002372	0.000006
0.0513	18.16	0.866248	0.905238	0.002091	0.000005
0.0513	18.53	0.866248	0.902590	0.002682	0.000008
0.0513	18.90	0.866248	0.908836	0.002729	0.000008
0.0513	19.27	0.866248	0.909841	0.002072	0.000005
0.0513	19.63	0.866248	0.905765	0.002699	0.000008
0.0513	20.00	0.866248	0.910733	0.003105	0.000011
0.0571	2.00	0.840591	0.000000	0.000000	0.000000
0.0571	2.37	0.840591	0.000000	0.000000	0.000000
0.0571	2.73	0.840591	0.000000	0.000000	0.000000
0.0571	3.10	0.840591	0.000000	0.000000	0.000000
0.0571	3.47	0.840591	0.000000	0.000000	0.000000
0.0571	3.84	0.840591	0.000000	0.000000	0.000000
0.0571	4.20	0.840591	0.000000	0.000000	0.000000
0.0571	4.57	0.840591	0.052209	0.000000	0.000000
0.0571	4.94	0.840591	0.050703	0.000870	0.000015
0.0571	5.31	0.840591	0.000000	0.000000	0.000000
0.0571	5.67	0.840591	0.054886	0.004126	0.000310
0.0571	6.04	0.840591	0.165161	0.184189	0.205410
0.0571	6.41	0.840591	0.256359	0.266248	0.276519
0.0571	6.78	0.840591	0.183333	0.255862	0.357082
0.0571	7.14	0.840591	0.400316	0.335436	0.281072
0.0571	7.51	0.840591	0.502219	0.341254	0.231879
0.0571	7.88	0.840591	0.698205	0.235083	0.079152
0.0571	8.24	0.840591	0.774814	0.163024	0.034301
0.0571	8.61	0.840591	0.721386	0.271050	0.101843
0.0571	8.98	0.840591	0.826265	0.152563	0.028169
0.0571	9.35	0.840591	0.865908	0.022858	0.000603
0.0571	9.71	0.840591	0.867805	0.019757	0.000450
0.0571	10.08	0.840591	0.876707	0.012916	0.000190
0.0571	10.45	0.840591	0.875198	0.017534	0.000351
0.0571	10.82	0.840591	0.858847	0.139338	0.022606
0.0571	11.18	0.840591	0.891107	0.005282	0.000031
0.0571	11.55	0.840591	0.893230	0.004641	0.000024
0.0571	11.92	0.840591	0.895295	0.005239	0.000031
0.0571	12.29	0.840591	0.897479	0.002915	0.000009
0.0571	12.65	0.840591	0.898489	0.002903	0.000009
0.0571	13.02	0.840591	0.897156	0.002647	0.000008
0.0571	13.39	0.840591	0.897907	0.003584	0.000014
0.0571	13.76	0.840591	0.894261	0.004925	0.000027
0.0571	14.12	0.840591	0.896534	0.003983	0.000018
0.0571	14.49	0.840591	0.903254	0.003146	0.000011
0.0571	14.86	0.840591	0.903667	0.002931	0.000010
0.0571	15.22	0.840591	0.901297	0.002931	0.000010
0.0571	15.59	0.840591	0.903563	0.003326	0.000012
0.0571	15.96	0.840591	0.886649	0.116133	0.015211
0.0571	16.33	0.840591	0.804639	0.267521	0.088943
0.0571	16.69	0.840591	0.903736	0.002289	0.000006
0.0571	17.06	0.840591	0.897562	0.088387	0.008704
0.0571	17.43	0.840591	0.908027	0.003524	0.000014
0.0571	17.80	0.840591	0.915043	0.003104	0.000011
0.0571	18.16	0.840591	0.901701	0.004300	0.000021
0.0571	18.53	0.840591	0.907744	0.002857	0.000009
0.0571	18.90	0.840591	0.906372	0.002903	0.000009
0.0571	19.27	0.840591	0.901721	0.002503	0.000007
0.0571	19.63	0.840591	0.903917	0.003521	0.000014
0.0571	20.00	0.840591	0.909342	0.003154	0.000011
0.0622	2.00	0.841727	0.000000	0.000000	0.000000
0.0622	2.37	0.841727	0.000000	0.000000	0.000000
0.0622	2.73	0.841727	0.000000	0.000000	0.000000
0.0622	3.10	0.841727	0.000000	0.000000	0.000000
0.0622	3.47	0.841727	0.000000	0.000000	0.000000
0.0622	3.84	0.841727	0.000000	0.000000	0.000000
0.0622	4.20	0.841727	0.000000	0.000000	0.000000
0.0622	4.57	0.841727	0.000000	0.000000	0.000000
0.0622	4.94	0.841727	0.000000	0.000000	0.000000
0.0622	5.31	0.841727	0.050302	0.000000	0.000000
0.0622	5.67	0.841727	0.051643	0.001897	0.000070
0.0622	6.04	0.841727	0.054326	0.000000	0.000000
0.0622	6.41	0.841727	0.052314	0.002012	0.000077
0.0622	6.78	0.841727	0.056338	0.008173	0.001186
0.0622	7.14	0.841727	0.061167	0.010540	0.001816
0.0622	7.51	0.841727	0.057009	0.004524	0.000359
0.0622	7.88	0.841727	0.112092	0.174209	0.270748
0.0622	8.24	0.841727	0.157746	0.229713	0.334513
0.0622	8.61	0.841727	0.282093	0.340443	0.410862
0.0622	8.98	0.841727	0.467893	0.403676	0.348272
0.0622	9.35	0.841727	0.662349	0.399071	0.240444
0.0622	9.71	0.841727	0.875945	0.217646	0.054079
0.0622	10.08	0.841727	0.883677	0.209494	0.049665
0.0622	10.45	0.841727	0.939512	0.004176	0.000019
0.0622	10.82	0.841727	0.941650	0.003013	0.000010
0.0622	11.18	0.841727	0.943721	0.003027	0.000010
0.0622	11.55	0.841727	0.941650	0.002012	0.000004
0.0622	11.92	0.841727	0.942857	0.001812	0.000003
0.0622	12.29	0.841727	0.945395	0.003425	0.000012
0.0622	12.65	0.841727	0.946792	0.002902	0.000009
0.0622	13.02	0.841727	0.949592	0.002440	0.000006
0.0622	13.39	0.841727	0.950228	0.002639	0.000007
0.0622	13.76	0.841727	0.950492	0.002422	0.000006
0.0622	14.12	0.841727	0.947469	0.002421	0.000006
0.0622	14.49	0.841727	0.947577	0.002685	0.000008
0.0622	14.86	0.841727	0.951555	0.002593	0.000007
0.0622	15.22	0.841727	0.951865	0.002296	0.000006
0.0622	15.59	0.841727	0.947051	0.002070	0.000005
0.0622	15.96	0.841727	0.947789	0.002535	0.000007
0.0622	16.33	0.841727	0.950050	0.002460	0.000006
0.0622	16.69	0.841727	0.950151	0.002604	0.000007
0.0622	17.06	0.841727	0.950472	0.002118	0.000005
0.0622	17.43	0.841727	0.950420	0.002112	0.000005
0.0622	17.80	0.841727	0.952845	0.001753	0.000003
0.0622	18.16	0.841727	0.953155	0.001640	0.000003
0.0622	18.53	0.841727	0.951340	0.001521	0.000002
0.0622	18.90	0.841727	0.951234	0.001259	0.000002
0.0622	19.27	0.841727	0.956395	0.001632	0.000003
0.0622	19.63	0.841727	0.953877	0.001603	0.000003
0.0622	20.00	0.841727	0.956618	0.001666	0.000003
0.0671	2.00	0.814414	0.000000	0.000000	0.000000
0.0671	2.37	0.814414	0.000000	0.000000	0.000000
0.0671	2.73	0.814414	0.000000	0.000000	0.000000
0.0671	3.10	0.814414	0.000000	0.000000	0.000000
0.0671	3.47	0.814414	0.000000	0.000000	0.000000
0.0671	3.84	0.814414	0.000000	0.000000	0.000000
0.0671	4.20	0.814414	0.000000	0.000000	0.000000
0.0671	4.57	0.814414	0.000000	0.000000	0.000000
0.0671	4.94	0.814414	0.000000	0.000000	0.000000
0.0671	5.31	0.814414	0.000000	0.000000	0.000000
0.0671	5.67	0.814414	0.000000	0.000000	0.000000
0.0671	6.04	0.814414	0.051852	0.001905	0.000070
0.0671	6.41	0.814414	0.059933	0.010605	0.001876
0.0671	6.78	0.814414	0.055758	0.004352	0.000340
0.0671	7.14	0.814414	0.061364	0.014460	0.003408
0.0671	7.51	0.814414	0.076923	0.037573	0.018353
0.0671	7.88	0.814414	0.117657	0.139148	0.164564
0.0671	8.24	0.814414	0.192268	0.236960	0.292041
0.0671	8.61	0.814414	0.370744	0.395222	0.421315
0.0671	8.98	0.814414	0.462366	0.411093	0.365506
0.0671	9.35	0.814414	0.749495	0.336922	0.151457
0.0671	9.71	0.814414	0.831025	0.264649	0.084281
0.0671	10.08	0.814414	0.921811	0.004528	0.000022
0.0671	10.45	0.814414	0.896528	0.149537	0.024942
0.0671	10.82	0.814414	0.930701	0.004652	0.000023
0.0671	11.18	0.814414	0.932145	0.004218	0.000019
0.0671	11.55	0.814414	0.934488	0.003390	0.000012
0.0671	11.92	0.814414	0.936364	0.003316	0.000012
0.0671	12.29	0.814414	0.938302	0.003065	0.000010
0.0671	12.65	0.814414	0.935954	0.003075	0.000010
0.0671	13.02	0.814414	0.937592	0.002887	0.000009
0.0671	13.39	0.814414	0.941578	0.003267	0.000011
0.0671	13.76	0.814414	0.942506	0.003533	0.000013
0.0671	14.12	0.814414	0.943590	0.002437	0.000006
0.0671	14.49	0.814414	0.943745	0.002727	0.000008
0.0671	14.86	0.814414	0.944899	0.002962	0.000009
0.0671	15.22	0.814414	0.945040	0.003041	0.000010
0.0671	15.59	0.814414	0.945040	0.003429	0.000012
0.0671	15.96	0.814414	0.947879	0.003136	0.000010
0.0671	16.33	0.814414	0.950303	0.002204	0.000005
0.0671	16.69	0.814414	0.950382	0.002788	0.000008
0.0671	17.06	0.814414	0.946341	0.003543	0.000013
0.0671	17.43	0.814414	0.947425	0.003353	0.000012
0.0671	17.80	0.814414	0.946515	0.002212	0.000005
0.0671	18.16	0.814414	0.947525	0.002494	0.000007
0.0671	18.53	0.814414	0.949543	0.003006	0.000010
0.0671	18.90	0.814414	0.953732	0.002987	0.000009
0.0671	19.27	0.814414	0.953683	0.002654	0.000007
0.0671	19.63	0.814414	0.948182	0.002617	0.000007
0.0671	20.00	0.814414	0.948096	0.002789	0.000008
0.0718	2.00	0.875254	0.000000	0.000000	0.000000
0.0718	2.37	0.875254	0.000000	0.000000	0.000000
0.0718	2.73	0.875254	0.000000	0.000000	0.000000
0.0718	3.10	0.875254	0.000000	0.000000	0.000000
0.0718	3.47	0.875254	0.000000	0.000000	0.000000
0.0718	3.84	0.875254	0.000000	0.000000	0.000000
0.0718	4.20	0.875254	0.000000	0.000000	0.000000
0.0718	4.57	0.875254	0.050302	0.000000	0.000000
0.0718	4.94	0.875254	0.000000	0.000000	0.000000
0.0718	5.31	0.875254	0.050302	0.000000	0.000000
0.0718	5.67	0.875254	0.055667	0.003420	0.000210
0.0718	6.04	0.875254	0.222446	0.307655	0.425504
0.0718	6.41	0.875254	0.354930	0.365253	0.375877
0.0718	6.78	0.875254	0.419426	0.369596	0.325687
0.0718	7.14	0.875254	0.541583	0.371474	0.254795
0.0718	7.51	0.875254	0.729628	0.255073	0.089172
0.0718	7.88	0.875254	0.742300	0.248052	0.082891
0.0718	8.24	0.875254	0.764458	0.229226	0.068735
0.0718	8.61	0.875254	0.835426	0.007194	0.000062
0.0718	8.98	0.875254	0.837022	0.006642	0.000053
0.0718	9.35	0.875254	0.843876	0.006459	0.000049
0.0718	9.71	0.875254	0.855975	0.006399	0.000048
0.0718	10.08	0.875254	0.861751	0.004800	0.000027
0.0718	10.45	0.875254	0.864703	0.005381	0.000033
0.0718	10.82	0.875254	0.864599	0.004487	0.000023
0.0718	11.18	0.875254	0.867085	0.005232	0.000032
0.0718	11.55	0.875254	0.868123	0.003858	0.000017
0.0718	11.92	0.875254	0.870710	0.003947	0.000018
0.0718	12.29	0.875254	0.871004	0.005403	0.000034
0.0718	12.65	0.875254	0.871554	0.004475	0.000023
0.0718	13.02	0.875254	0.871395	0.004117	0.000019
0.0718	13.39	0.875254	0.871772	0.004322	0.000021
0.0718	13.76	0.875254	0.875084	0.004304	0.000021
0.0718	14.12	0.875254	0.876155	0.003858	0.000017
0.0718	14.49	0.875254	0.860060	0.099511	0.011514
0.0718	14.86	0.875254	0.881131	0.004183	0.000020
0.0718	15.22	0.875254	0.873062	0.004005	0.000018
0.0718	15.59	0.875254	0.884333	0.003789	0.000016
0.0718	15.96	0.875254	0.884768	0.003263	0.000012
0.0718	16.33	0.875254	0.871999	0.005428	0.000034
0.0718	16.69	0.875254	0.881261	0.003710	0.000016
0.0718	17.06	0.875254	0.881173	0.003581	0.000015
0.0718	17.43	0.875254	0.883855	0.002840	0.000009
0.0718	17.80	0.875254	0.886362	0.003862	0.000017
0.0718	18.16	0.875254	0.871797	0.004279	0.000021
0.0718	18.53	0.875254	0.881744	0.004009	0.000018
0.0718	18.90	0.875254	0.879636	0.003005	0.000010
0.0718	19.27	0.875254	0.884771	0.004257	0.000020
0.0718	19.63	0.875254	0.818759	0.133280	0.021696
0.0718	20.00	0.875254	0.886428	0.003251	0.000012
0.0764	2.00	0.831585	0.000000	0.000000	0.000000
0.0764	2.37	0.831585	0.000000	0.000000	0.000000
0.0764	2.73	0.831585	0.000000	0.000000	0.000000
0.0764	3.10	0.831585	0.000000	0.000000	0.000000
0.0764	3.47	0.831585	0.000000	0.000000	0.000000
0.0764	3.84	0.831585	0.000000	0.000000	0.000000
0.0764	4.20	0.831585	0.000000	0.000000	0.000000
0.0764	4.57	0.831585	0.000000	0.000000	0.000000
0.0764	4.94	0.831585	0.000000	0.000000	0.000000
0.0764	5.31	0.831585	0.050403	0.000000	0.000000
0.0764	5.67	0.831585	0.060484	0.000000	0.000000
0.0764	6.04	0.831585	0.342742	0.290323	0.245920
0.0764	6.41	0.831585	0.165323	0.242693	0.356273
0.0764	6.78	0.831585	0.278562	0.306455	0.337141
0.0764	7.14	0.831585	0.402295	0.360344	0.322768
0.0764	7.51	0.831585	0.435484	0.375976	0.324599
0.0764	7.88	0.831585	0.542413	0.366624	0.247806
0.0764	8.24	0.831585	0.797248	0.158471	0.031500
0.0764	8.61	0.831585	0.716806	0.269338	0.101203
0.0764	8.98	0.831585	0.804724	0.142971	0.025401
0.0764	9.35	0.831585	0.786290	0.192960	0.047354
0.0764	9.71	0.831585	0.843262	0.004096	0.000020
0.0764	10.08	0.831585	0.819934	0.136872	0.022848
0.0764	10.45	0.831585	0.833150	0.008739	0.000092
0.0764	10.82	0.831585	0.838343	0.004196	0.000021
0.0764	11.18	0.831585	0.855550	0.006026	0.000042
0.0764	11.55	0.831585	0.858065	0.007216	0.000061
0.0764	11.92	0.831585	0.862385	0.004400	0.000022
0.0764	12.29	0.831585	0.857471	0.004529	0.000024
0.0764	12.65	0.831585	0.858490	0.004822	0.000027
0.0764	13.02	0.831585	0.861704	0.003935	0.000018
0.0764	13.39	0.831585	0.863964	0.003807	0.000017
0.0764	13.76	0.831585	0.866140	0.005078	0.000030
0.0764	14.12	0.831585	0.866458	0.004589	0.000024
0.0764	14.49	0.831585	0.865768	0.004022	0.000019
0.0764	14.86	0.831585	0.867039	0.004183	0.000020
0.0764	15.22	0.831585	0.859233	0.004352	0.000022
0.0764	15.59	0.831585	0.861946	0.005334	0.000033
0.0764	15.96	0.831585	0.862137	0.003922	0.000018
0.0764	16.33	0.831585	0.863373	0.003193	0.000012
0.0764	16.69	0.831585	0.861705	0.003438	0.000014
0.0764	17.06	0.831585	0.869167	0.003704	0.000016
0.0764	17.43	0.831585	0.873399	0.003812	0.000017
0.0764	17.80	0.831585	0.874111	0.003412	0.000013
0.0764	18.16	0.831585	0.869510	0.003824	0.000017
0.0764	18.53	0.831585	0.875916	0.003626	0.000015
0.0764	18.90	0.831585	0.877982	0.004332	0.000021
0.0764	19.27	0.831585	0.872258	0.003891	0.000017
0.0764	19.63	0.831585	0.875354	0.003643	0.000015
0.0764	20.00	0.831585	0.872612	0.003533	0.000014
0.0811	2.00	0.772532	0.000000	0.000000	0.000000
0.0811	2.37	0.772532	0.000000	0.000000	0.000000
0.0811	2.73	0.772532	0.000000	0.000000	0.000000
0.0811	3.10	0.772532	0.000000	0.000000	0.000000
0.0811	3.47	0.772532	0.000000	0.000000	0.000000
0.0811	3.84	0.772532	0.000000	0.000000	0.000000
0.0811	4.20	0.772532	0.000000	0.000000	0.000000
0.0811	4.57	0.772532	0.000000	0.000000	0.000000
0.0811	4.94	0.772532	0.000000	0.000000	0.000000
0.0811	5.31	0.772532	0.000000	0.000000	0.000000
0.0811	5.67	0.772532	0.056795	0.000000	0.000000
0.0811	6.04	0.772532	0.060852	0.000000	0.000000
0.0811	6.41	0.772532	0.062880	0.000000	0.000000
0.0811	6.78	0.772532	0.087221	0.000000	0.000000
0.0811	7.14	0.772532	0.070487	0.033094	0.015538
0.0811	7.51	0.772532	0.084291	0.048720	0.028160
0.0811	7.88	0.772532	0.148208	0.169200	0.193166
0.0811	8.24	0.772532	0.305095	0.338851	0.376343
0.0811	8.61	0.772532	0.431495	0.371152	0.319247
0.0811	8.98	0.772532	0.483810	0.382320	0.302120
0.0811	9.35	0.772532	0.614334	0.358026	0.208652
0.0811	9.71	0.772532	0.795711	0.205969	0.053315
0.0811	10.08	0.772532	0.861090	0.005182	0.000031
0.0811	10.45	0.772532	0.839757	0.134562	0.021562
0.0811	10.82	0.772532	0.870563	0.006542	0.000049
0.0811	11.18	0.772532	0.874424	0.006421	0.000047
0.0811	11.55	0.772532	0.869288	0.005141	0.000030
0.0811	11.92	0.772532	0.872092	0.003965	0.000018
0.0811	12.29	0.772532	0.872906	0.003785	0.000016
0.0811	12.65	0.772532	0.885508	0.005070	0.000029
0.0811	13.02	0.772532	0.888767	0.005002	0.000028
0.0811	13.39	0.772532	0.889041	0.004241	0.000020
0.0811	13.76	0.772532	0.882727	0.003540	0.000014
0.0811	14.12	0.772532	0.884168	0.004385	0.000022
0.0811	14.49	0.772532	0.889612	0.004230	0.000020
0.0811	14.86	0.772532	0.891455	0.004498	0.000023
0.0811	15.22	0.772532	0.892546	0.003888	0.000017
0.0811	15.59	0.772532	0.893795	0.003296	0.000012
0.0811	15.96	0.772532	0.893847	0.003448	0.000013
0.0811	16.33	0.772532	0.891684	0.003478	0.000014
0.0811	16.69	0.772532	0.893864	0.003668	0.000015
0.0811	17.06	0.772532	0.890417	0.003541	0.000014
0.0811	17.43	0.772532	0.891456	0.003587	0.000014
0.0811	17.80	0.772532	0.895740	0.003507	0.000014
0.0811	18.16	0.772532	0.896704	0.004312	0.000021
0.0811	18.53	0.772532	0.898428	0.003639	0.000015
0.0811	18.90	0.772532	0.897887	0.003059	0.000010
0.0811	19.27	0.772532	0.898234	0.003101	0.000011
0.0811	19.63	0.772532	0.890851	0.105679	0.012536
0.0811	20.00	0.772532	0.904424	0.002453	0.000007
0.0858	2.00	0.803715	0.000000	0.000000	0.000000
0.0858	2.37	0.803715	0.000000	0.000000	0.000000
0.0858	2.73	0.803715	0.000000	0.000000	0.000000
0.0858	3.10	0.803715	0.000000	0.000000	0.000000
0.0858	3.47	0.803715	0.000000	0.000000	0.000000
0.0858	3.84	0.803715	0.000000	0.000000	0.000000
0.0858	4.20	0.803715	0.000000	0.000000	0.000000
0.0858	4.57	0.803715	0.000000	0.000000	0.000000
0.0858	4.94	0.803715	0.000000	0.000000	0.000000
0.0858	5.31	0.803715	0.000000	0.000000	0.000000
0.0858	5.67	0.803715	0.000000	0.000000	0.000000
0.0858	6.04	0.803715	0.050403	0.000000	0.000000
0.0858	6.41	0.803715	0.060484	0.010081	0.001680
0.0858	6.78	0.803715	0.053763	0.003427	0.000218
0.0858	7.14	0.803715	0.062500	0.020242	0.006556
0.0858	7.51	0.803715	0.069668	0.031105	0.013887
0.0858	7.88	0.803715	0.159895	0.246464	0.379902
0.0858	8.24	0.803715	0.253831	0.333800	0.438963
0.0858	8.61	0.803715	0.500960	0.388879	0.301874
0.0858	8.98	0.803715	0.648353	0.370317	0.211512
0.0858	9.35	0.803715	0.700568	0.336961	0.162072
0.0858	9.71	0.803715	0.785349	0.273516	0.095258
0.0858	10.08	0.803715	0.842809	0.207586	0.051129
0.0858	10.45	0.803715	0.874328	0.133646	0.020429
0.0858	10.82	0.803715	0.880010	0.142479	0.023068
0.0858	11.18	0.803715	0.913306	0.009339	0.000095
0.0858	11.55	0.803715	0.891763	0.141237	0.022369
0.0858	11.92	0.803715	0.917281	0.003959	0.000017
0.0858	12.29	0.803715	0.910562	0.006484	0.000046
0.0858	12.65	0.803715	0.911290	0.003808	0.000016
0.0858	13.02	0.803715	0.915214	0.003659	0.000015
0.0858	13.39	0.803715	0.915159	0.003672	0.000015
0.0858	13.76	0.803715	0.918188	0.003602	0.000014
0.0858	14.12	0.803715	0.920204	0.003226	0.000011
0.0858	14.49	0.803715	0.911237	0.003714	0.000015
0.0858	14.86	0.803715	0.911290	0.002583	0.000007
0.0858	15.22	0.803715	0.911187	0.003979	0.000017
0.0858	15.59	0.803715	0.915633	0.003148	0.000011
0.0858	15.96	0.803715	0.916150	0.003346	0.000012
0.0858	16.33	0.803715	0.918373	0.003224	0.000011
0.0858	16.69	0.803715	0.917591	0.003194	0.000011
0.0858	17.06	0.803715	0.917490	0.002865	0.000009
0.0858	17.43	0.803715	0.923852	0.002520	0.000007
0.0858	17.80	0.803715	0.924421	0.002410	0.000006
0.0858	18.16	0.803715	0.920337	0.002696	0.000008
0.0858	18.53	0.803715	0.924174	0.003417	0.000013
0.0858	18.90	0.803715	0.924223	0.002953	0.000009
0.0858	19.27	0.803715	0.917401	0.002916	0.000009
0.0858	19.63	0.803715	0.920928	0.003037	0.000010
0.0858	20.00	0.803715	0.920683	0.002838	0.000009
0.0904	2.00	0.774710	0.050607	0.000000	0.000000
0.0904	2.37	0.774710	0.000000	0.000000	0.000000
0.0904	2.73	0.774710	0.000000	0.000000	0.000000
0.0904	3.10	0.774710	0.000000	0.000000	0.000000
0.0904	3.47	0.774710	0.000000	0.000000	0.000000
0.0904	3.84	0.774710	0.000000	0.000000	0.000000
0.0904	4.20	0.774710	0.000000	0.000000	0.000000
0.0904	4.57	0.774710	0.000000	0.000000	0.000000
0.0904	4.94	0.774710	0.000000	0.000000	0.000000
0.0904	5.31	0.774710	0.000000	0.000000	0.000000
0.0904	5.67	0.774710	0.000000	0.000000	0.000000
0.0904	6.04	0.774710	0.000000	0.000000	0.000000
0.0904	6.41	0.774710	0.000000	0.000000	0.000000
0.0904	6.78	0.774710	0.056343	0.011943	0.002531
0.0904	7.14	0.774710	0.066066	0.036988	0.020708
0.0904	7.51	0.774710	0.065621	0.030727	0.014388
0.0904	7.88	0.774710	0.074422	0.063285	0.053814
0.0904	8.24	0.774710	0.064933	0.017691	0.004820
0.0904	8.61	0.774710	0.098965	0.089880	0.081629
0.0904	8.98	0.774710	0.097350	0.070606	0.051209
0.0904	9.35	0.774710	0.245373	0.234120	0.223383
0.0904	9.71	0.774710	0.491535	0.335276	0.228692
0.0904	10.08	0.774710	0.644139	0.326623	0.165621
0.0904	10.45	0.774710	0.615300	0.357902	0.208181
0.0904	10.82	0.774710	0.834702	0.234044	0.065624
0.0904	11.18	0.774710	0.863003	0.197320	0.045116
0.0904	11.55	0.774710	0.917183	0.006060	0.000040
0.0904	11.92	0.774710	0.925408	0.004319	0.000020
0.0904	12.29	0.774710	0.926142	0.002289	0.000006
0.0904	12.65	0.774710	0.927294	0.003582	0.000014
0.0904	13.02	0.774710	0.926852	0.004134	0.000018
0.0904	13.39	0.774710	0.905870	0.133451	0.019660
0.0904	13.76	0.774710	0.934317	0.003497	0.000013
0.0904	14.12	0.774710	0.934288	0.003035	0.000010
0.0904	14.49	0.774710	0.934911	0.003161	0.000011
0.0904	14.86	0.774710	0.934288	0.004534	0.000022
0.0904	15.22	0.774710	0.934514	0.003665	0.000014
0.0904	15.59	0.774710	0.933603	0.003239	0.000011
0.0904	15.96	0.774710	0.934059	0.002556	0.000007
0.0904	16.33	0.774710	0.935881	0.003116	0.000010
0.0904	16.69	0.774710	0.931717	0.002966	0.000009
0.0904	17.06	0.774710	0.932507	0.002952	0.000009
0.0904	17.43	0.774710	0.945085	0.003047	0.000010
0.0904	17.80	0.774710	0.933840	0.002980	0.000010
0.0904	18.16	0.774710	0.933495	0.003018	0.000010
0.0904	18.53	0.774710	0.939512	0.002304	0.000006
0.0904	18.90	0.774710	0.939074	0.002638	0.000007
0.0904	19.27	0.774710	0.939319	0.002845	0.000009
0.0904	19.63	0.774710	0.938886	0.002696	0.000008
0.0904	20.00	0.774710	0.938259	0.003371	0.000012
0.0949	2.00	0.770402	0.000000	0.000000	0.000000
0.0949	2.37	0.770402	0.000000	0.000000	0.000000
0.0949	2.73	0.770402	0.052314	0.000000	0.000000
0.0949	3.10	0.770402	0.000000	0.000000	0.000000
0.0949	3.47	0.770402	0.050302	0.000000	0.000000
0.0949	3.84	0.770402	0.000000	0.000000	0.000000
0.0949	4.20	0.770402	0.000000	0.000000	0.000000
0.0949	4.57	0.770402	0.000000	0.000000	0.000000
0.0949	4.94	0.770402	0.000000	0.000000	0.000000
0.0949	5.31	0.770402	0.072435	0.000000	0.000000
0.0949	5.67	0.770402	0.054326	0.000000	0.000000
0.0949	6.04	0.770402	0.098592	0.000000	0.000000
0.0949	6.41	0.770402	0.098592	0.000000	0.000000
0.0949	6.78	0.770402	0.140342	0.155954	0.173303
0.0949	7.14	0.770402	0.118895	0.145638	0.178396
0.0949	7.51	0.770402	0.342517	0.271633	0.215418
0.0949	7.88	0.770402	0.399648	0.345842	0.299279
0.0949	8.24	0.770402	0.444028	0.340619	0.261293
0.0949	8.61	0.770402	0.602364	0.339297	0.191118
0.0949	8.98	0.770402	0.820011	0.169975	0.035233
0.0949	9.35	0.770402	0.716922	0.298662	0.124419
0.0949	9.71	0.770402	0.833535	0.156508	0.029386
0.0949	10.08	0.770402	0.888732	0.017239	0.000334
0.0949	10.45	0.770402	0.857315	0.175825	0.036060
0.0949	10.82	0.770402	0.882168	0.147768	0.024752
0.0949	11.18	0.770402	0.908709	0.050651	0.002823
0.0949	11.55	0.770402	0.923714	0.011212	0.000136
0.0949	11.92	0.770402	0.927789	0.005726	0.000035
0.0949	12.29	0.770402	0.930695	0.004510	0.000022
0.0949	12.65	0.770402	0.933765	0.003543	0.000013
0.0949	13.02	0.770402	0.934689	0.003581	0.000014
0.0949	13.39	0.770402	0.942085	0.003378	0.000012
0.0949	13.76	0.770402	0.944695	0.002982	0.000009
0.0949	14.12	0.770402	0.945568	0.002990	0.000009
0.0949	14.49	0.770402	0.941134	0.003462	0.000013
0.0949	14.86	0.770402	0.941340	0.002937	0.000009
0.0949	15.22	0.770402	0.941031	0.001941	0.000004
0.0949	15.59	0.770402	0.942103	0.002134	0.000005
0.0949	15.96	0.770402	0.949296	0.003156	0.000010
0.0949	16.33	0.770402	0.949598	0.002772	0.000008
0.0949	16.69	0.770402	0.943858	0.003105	0.000010
0.0949	17.06	0.770402	0.945036	0.003249	0.000011
0.0949	17.43	0.770402	0.945573	0.002660	0.000007
0.0949	17.80	0.770402	0.946393	0.002231	0.000005
0.0949	18.16	0.770402	0.947542	0.002499	0.000007
0.0949	18.53	0.770402	0.943466	0.002941	0.000009
0.0949	18.90	0.770402	0.938330	0.003135	0.000010
0.0949	19.27	0.770402	0.939034	0.002991	0.000010
0.0949	19.63	0.770402	0.946557	0.002133	0.000005
0.0949	20.00	0.770402	0.946262	0.002080	0.000005
0.0992	2.00	0.815053	0.000000	0.000000	0.000000
0.0992	2.37	0.815053	0.000000	0.000000	0.000000
0.0992	2.73	0.815053	0.000000	0.000000	0.000000
0.0992	3.10	0.815053	0.000000	0.000000	0.000000
0.0992	3.47	0.815053	0.000000	0.000000	0.000000
0.0992	3.84	0.815053	0.000000	0.000000	0.000000
0.0992	4.20	0.815053	0.000000	0.000000	0.000000
0.0992	4.57	0.815053	0.000000	0.000000	0.000000
0.0992	4.94	0.815053	0.052525	0.000000	0.000000
0.0992	5.31	0.815053	0.052525	0.002020	0.000078
0.0992	5.67	0.815053	0.055892	0.006245	0.000698
0.0992	6.04	0.815053	0.075758	0.019192	0.004862
0.0992	6.41	0.815053	0.246465	0.297529	0.359174
0.0992	6.78	0.815053	0.389268	0.346561	0.308539
0.0992	7.14	0.815053	0.564806	0.348093	0.214532
0.0992	7.51	0.815053	0.632612	0.320749	0.162627
0.0992	7.88	0.815053	0.715657	0.248929	0.086586
0.0992	8.24	0.815053	0.783333	0.151245	0.029202
0.0992	8.61	0.815053	0.791695	0.145079	0.026586
0.0992	8.98	0.815053	0.823016	0.006598	0.000053
0.0992	9.35	0.815053	0.800189	0.132529	0.021950
0.0992	9.71	0.815053	0.827365	0.004134	0.000021
0.0992	10.08	0.815053	0.829861	0.005069	0.000031
0.0992	10.45	0.815053	0.831491	0.004927	0.000029
0.0992	10.82	0.815053	0.833119	0.004769	0.000027
0.0992	11.18	0.815053	0.834772	0.005041	0.000030
0.0992	11.55	0.815053	0.843210	0.004672	0.000026
0.0992	11.92	0.815053	0.843883	0.003915	0.000018
0.0992	12.29	0.815053	0.845623	0.003908	0.000018
0.0992	12.65	0.815053	0.845511	0.003610	0.000015
0.0992	13.02	0.815053	0.845700	0.003883	0.000018
0.0992	13.39	0.815053	0.840776	0.004193	0.000021
0.0992	13.76	0.815053	0.843169	0.004781	0.000027
0.0992	14.12	0.815053	0.839264	0.004359	0.000023
0.0992	14.49	0.815053	0.841026	0.004646	0.000026
0.0992	14.86	0.815053	0.854701	0.004252	0.000021
0.0992	15.22	0.815053	0.849548	0.002527	0.000008
0.0992	15.59	0.815053	0.813737	0.159061	0.031091
0.0992	15.96	0.815053	0.851386	0.004213	0.000021
0.0992	16.33	0.815053	0.850609	0.004819	0.000027
0.0992	16.69	0.815053	0.848277	0.003922	0.000018
0.0992	17.06	0.815053	0.842855	0.090398	0.009695
0.0992	17.43	0.815053	0.848485	0.003402	0.000014
0.0992	17.80	0.815053	0.845355	0.088059	0.009173
0.0992	18.16	0.815053	0.854271	0.003326	0.000013
0.0992	18.53	0.815053	0.854727	0.003663	0.000016
0.0992	18.90	0.815053	0.854960	0.003593	0.000015
0.0992	19.27	0.815053	0.852683	0.002834	0.000009
0.0992	19.63	0.815053	0.852006	0.003527	0.000015
0.0992	20.00	0.815053	0.853515	0.003902	0.000018
0.1031	2.00	0.757384	0.000000	0.000000	0.000000
0.1031	2.37	0.757384	0.000000	0.000000	0.000000
0.1031	2.73	0.757384	0.000000	0.000000	0.000000
0.1031	3.10	0.757384	0.000000	0.000000	0.000000
0.1031	3.47	0.757384	0.000000	0.000000	0.000000
0.1031	3.84	0.757384	0.000000	0.000000	0.000000
0.1031	4.20	0.757384	0.000000	0.000000	0.000000
0.1031	4.57	0.757384	0.000000	0.000000	0.000000
0.1031	4.94	0.757384	0.000000	0.000000	0.000000
0.1031	5.31	0.757384	0.000000	0.000000	0.000000
0.1031	5.67	0.757384	0.000000	0.000000	0.000000
0.1031	6.04	0.757384	0.051852	0.001905	0.000070
0.1031	6.41	0.757384	0.052525	0.002474	0.000117
0.1031	6.78	0.757384	0.053333	0.002740	0.000141
0.1031	7.14	0.757384	0.053737	0.003636	0.000246
0.1031	7.51	0.757384	0.059320	0.006346	0.000679
0.1031	7.88	0.757384	0.078018	0.056133	0.040386
0.1031	8.24	0.757384	0.114791	0.150626	0.197647
0.1031	8.61	0.757384	0.225657	0.273775	0.332154
0.1031	8.98	0.757384	0.415556	0.368421	0.326633
0.1031	9.35	0.757384	0.770707	0.212452	0.058564
0.1031	9.71	0.757384	0.717316	0.302785	0.127808
0.1031	10.08	0.757384	0.838990	0.143571	0.024568
0.1031	10.45	0.757384	0.860745	0.008097	0.000076
0.1031	10.82	0.757384	0.797735	0.232379	0.067691
0.1031	11.18	0.757384	0.879609	0.007951	0.000072
0.1031	11.55	0.757384	0.867359	0.135743	0.021244
0.1031	11.92	0.757384	0.896689	0.006175	0.000043
0.1031	12.29	0.757384	0.903143	0.007330	0.000059
0.1031	12.65	0.757384	0.914871	0.006919	0.000052
0.1031	13.02	0.757384	0.916626	0.004896	0.000026
0.1031	13.39	0.757384	0.920011	0.005467	0.000032
0.1031	13.76	0.757384	0.921758	0.004617	0.000023
0.1031	14.12	0.757384	0.932270	0.004190	0.000019
0.1031	14.49	0.757384	0.932695	0.002707	0.000008
0.1031	14.86	0.757384	0.929863	0.002998	0.000010
0.1031	15.22	0.757384	0.930640	0.003114	0.000010
0.1031	15.59	0.757384	0.937719	0.003810	0.000015
0.1031	15.96	0.757384	0.937980	0.004611	0.000023
0.1031	16.33	0.757384	0.933889	0.003194	0.000011
0.1031	16.69	0.757384	0.934949	0.003476	0.000013
0.1031	17.06	0.757384	0.935354	0.003218	0.000011
0.1031	17.43	0.757384	0.939049	0.004231	0.000019
0.1031	17.80	0.757384	0.941217	0.003149	0.000011
0.1031	18.16	0.757384	0.931602	0.002702	0.000008
0.1031	18.53	0.757384	0.931650	0.003966	0.000017
0.1031	18.90	0.757384	0.937710	0.003083	0.000010
0.1031	19.27	0.757384	0.938240	0.003922	0.000016
0.1031	19.63	0.757384	0.941414	0.002645	0.000007
0.1031	20.00	0.757384	0.942980	0.002944	0.000009
0.1070	2.00	0.726260	0.000000	0.000000	0.000000
0.1070	2.37	0.726260	0.000000	0.000000	0.000000
0.1070	2.73	0.726260	0.000000	0.000000	0.000000
0.1070	3.10	0.726260	0.000000	0.000000	0.000000
0.1070	3.47	0.726260	0.000000	0.000000	0.000000
0.1070	3.84	0.726260	0.000000	0.000000	0.000000
0.1070	4.20	0.726260	0.000000	0.000000	0.000000
0.1070	4.57	0.726260	0.000000	0.000000	0.000000
0.1070	4.94	0.726260	0.000000	0.000000	0.000000
0.1070	5.31	0.726260	0.000000	0.000000	0.000000
0.1070	5.67	0.726260	0.000000	0.000000	0.000000
0.1070	6.04	0.726260	0.000000	0.000000	0.000000
0.1070	6.41	0.726260	0.050100	0.000000	0.000000
0.1070	6.78	0.726260	0.059118	0.007014	0.000832
0.1070	7.14	0.726260	0.051102	0.001002	0.000020
0.1070	7.51	0.726260	0.088978	0.064846	0.047258
0.1070	7.88	0.726260	0.485721	0.265718	0.145363
0.1070	8.24	0.726260	0.431590	0.344411	0.274841
0.1070	8.61	0.726260	0.363427	0.360555	0.357706
0.1070	8.98	0.726260	0.406665	0.371106	0.338656
0.1070	9.35	0.726260	0.556892	0.360727	0.233662
0.1070	9.71	0.726260	0.493958	0.375727	0.285795
0.1070	10.08	0.726260	0.751948	0.203211	0.054917
0.1070	10.45	0.726260	0.758690	0.225281	0.066894
0.1070	10.82	0.726260	0.740510	0.261632	0.092438
0.1070	11.18	0.726260	0.792290	0.217620	0.059774
0.1070	11.55	0.726260	0.869861	0.008657	0.000086
0.1070	11.92	0.726260	0.875752	0.005244	0.000031
0.1070	12.29	0.726260	0.863894	0.006932	0.000056
0.1070	12.65	0.726260	0.867519	0.005702	0.000037
0.1070	13.02	0.726260	0.882576	0.003911	0.000017
0.1070	13.39	0.726260	0.883334	0.005396	0.000033
0.1070	13.76	0.726260	0.885338	0.005107	0.000029
0.1070	14.12	0.726260	0.885033	0.002959	0.000010
0.1070	14.49	0.726260	0.887248	0.004026	0.000018
0.1070	14.86	0.726260	0.888032	0.003829	0.000017
0.1070	15.22	0.726260	0.901136	0.004408	0.000022
0.1070	15.59	0.726260	0.902112	0.004389	0.000021
0.1070	15.96	0.726260	0.895641	0.004307	0.000021
0.1070	16.33	0.726260	0.895942	0.003117	0.000011
0.1070	16.69	0.726260	0.888411	0.004937	0.000027
0.1070	17.06	0.726260	0.889780	0.003833	0.000017
0.1070	17.43	0.726260	0.896343	0.003695	0.000015
0.1070	17.80	0.726260	0.896511	0.003969	0.000018
0.1070	18.16	0.726260	0.900802	0.003532	0.000014
0.1070	18.53	0.726260	0.901999	0.003480	0.000013
0.1070	18.90	0.726260	0.899132	0.003113	0.000011
0.1070	19.27	0.726260	0.900142	0.002831	0.000009
0.1070	19.63	0.726260	0.902185	0.003337	0.000012
0.1070	20.00	0.726260	0.902969	0.003270	0.000012
0.1109	2.00	0.676047	0.000000	0.000000	0.000000
0.1109	2.37	0.676047	0.000000	0.000000	0.000000
0.1109	2.73	0.676047	0.000000	0.000000	0.000000
0.1109	3.10	0.676047	0.000000	0.000000	0.000000
0.1109	3.47	0.676047	0.000000	0.000000	0.000000
0.1109	3.84	0.676047	0.000000	0.000000	0.000000
0.1109	4.20	0.676047	0.000000	0.000000	0.000000
0.1109	4.57	0.676047	0.000000	0.000000	0.000000
0.1109	4.94	0.676047	0.000000	0.000000	0.000000
0.1109	5.31	0.676047	0.000000	0.000000	0.000000
0.1109	5.67	0.676047	0.000000	0.000000	0.000000
0.1109	6.04	0.676047	0.050302	0.000000	0.000000
0.1109	6.41	0.676047	0.051643	0.000949	0.000017
0.1109	6.78	0.676047	0.053320	0.003018	0.000171
0.1109	7.14	0.676047	0.055763	0.003520	0.000222
0.1109	7.51	0.676047	0.058167	0.007931	0.001081
0.1109	7.88	0.676047	0.059691	0.008062	0.001089
0.1109	8.24	0.676047	0.063850	0.012862	0.002591
0.1109	8.61	0.676047	0.087726	0.078877	0.070921
0.1109	8.98	0.676047	0.109054	0.121959	0.136390
0.1109	9.35	0.676047	0.195573	0.253054	0.327428
0.1109	9.71	0.676047	0.440407	0.344362	0.269263
0.1109	10.08	0.676047	0.604332	0.359891	0.214322
0.1109	10.45	0.676047	0.776794	0.252158	0.081854
0.1109	10.82	0.676047	0.858571	0.143645	0.024033
0.1109	11.18	0.676047	0.890007	0.004044	0.000018
0.1109	11.55	0.676047	0.900047	0.004922	0.000027
0.1109	11.92	0.676047	0.900949	0.004304	0.000021
0.1109	12.29	0.676047	0.893975	0.003818	0.000016
0.1109	12.65	0.676047	0.897161	0.003605	0.000014
0.1109	13.02	0.676047	0.898655	0.003111	0.000011
0.1109	13.39	0.676047	0.906597	0.004119	0.000019
0.1109	13.76	0.676047	0.907084	0.003555	0.000014
0.1109	14.12	0.676047	0.899767	0.003160	0.000011
0.1109	14.49	0.676047	0.903059	0.003670	0.000015
0.1109	14.86	0.676047	0.909105	0.003680	0.000015
0.1109	15.22	0.676047	0.910733	0.003764	0.000016
0.1109	15.59	0.676047	0.910010	0.002915	0.000009
0.1109	15.96	0.676047	0.910664	0.003045	0.000010
0.1109	16.33	0.676047	0.910487	0.002850	0.000009
0.1109	16.69	0.676047	0.908738	0.002274	0.000006
0.1109	17.06	0.676047	0.908475	0.002357	0.000006
0.1109	17.43	0.676047	0.915149	0.002625	0.000008
0.1109	17.80	0.676047	0.909744	0.003360	0.000012
0.1109	18.16	0.676047	0.909792	0.003254	0.000012
0.1109	18.53	0.676047	0.917358	0.003155	0.000011
0.1109	18.90	0.676047	0.911133	0.003341	0.000012
0.1109	19.27	0.676047	0.912647	0.002810	0.000009
0.1109	19.63	0.676047	0.912092	0.002724	0.000008
0.1109	20.00	0.676047	0.915253	0.002678	0.000008
0.1146	2.00	0.707798	0.000000	0.000000	0.000000
0.1146	2.37	0.707798	0.000000	0.000000	0.000000
0.1146	2.73	0.707798	0.000000	0.000000	0.000000
0.1146	3.10	0.707798	0.000000	0.000000	0.000000
0.1146	3.47	0.707798	0.000000	0.000000	0.000000
0.1146	3.84	0.707798	0.000000	0.000000	0.000000
0.1146	4.20	0.707798	0.000000	0.000000	0.000000
0.1146	4.57	0.707798	0.000000	0.000000	0.000000
0.1146	4.94	0.707798	0.000000	0.000000	0.000000
0.1146	5.31	0.707798	0.000000	0.000000	0.000000
0.1146	5.67	0.707798	0.000000	0.000000	0.000000
0.1146	6.04	0.707798	0.000000	0.000000	0.000000
0.1146	6.41	0.707798	0.000000	0.000000	0.000000
0.1146	6.78	0.707798	0.000000	0.000000	0.000000
0.1146	7.14	0.707798	0.000000	0.000000	0.000000
0.1146	7.51	0.707798	0.057927	0.003049	0.000160
0.1146	7.88	0.707798	0.069106	0.014179	0.002909
0.1146	8.24	0.707798	0.057419	0.006798	0.000805
0.1146	8.61	0.707798	0.073014	0.045501	0.028355
0.1146	8.98	0.707798	0.065965	0.013958	0.002953
0.1146	9.35	0.707798	0.104490	0.097935	0.091791
0.1146	9.71	0.707798	0.151310	0.166083	0.182299
0.1146	10.08	0.707798	0.242794	0.277075	0.316196
0.1146	10.45	0.707798	0.529036	0.355055	0.238290
0.1146	10.82	0.707798	0.693089	0.322773	0.150316
0.1146	11.18	0.707798	0.838288	0.196408	0.046018
0.1146	11.55	0.707798	0.893693	0.028130	0.000885
0.1146	11.92	0.707798	0.921449	0.007056	0.000054
0.1146	12.29	0.707798	0.924506	0.005413	0.000032
0.1146	12.65	0.707798	0.929796	0.004498	0.000022
0.1146	13.02	0.707798	0.922435	0.005315	0.000031
0.1146	13.39	0.707798	0.924522	0.005027	0.000027
0.1146	13.76	0.707798	0.925813	0.004795	0.000025
0.1146	14.12	0.707798	0.925422	0.003292	0.000012
0.1146	14.49	0.707798	0.927038	0.002636	0.000007
0.1146	14.86	0.707798	0.935925	0.003578	0.000014
0.1146	15.22	0.707798	0.936789	0.003797	0.000015
0.1146	15.59	0.707798	0.937190	0.003669	0.000014
0.1146	15.96	0.707798	0.945667	0.002979	0.000009
0.1146	16.33	0.707798	0.946240	0.003147	0.000010
0.1146	16.69	0.707798	0.941503	0.002749	0.000008
0.1146	17.06	0.707798	0.942445	0.002557	0.000007
0.1146	17.43	0.707798	0.942891	0.003104	0.000010
0.1146	17.80	0.707798	0.947948	0.002327	0.000006
0.1146	18.16	0.707798	0.948543	0.001928	0.000004
0.1146	18.53	0.707798	0.947353	0.002723	0.000008
0.1146	18.90	0.707798	0.947977	0.002550	0.000007
0.1146	19.27	0.707798	0.942847	0.002517	0.000007
0.1146	19.63	0.707798	0.942941	0.002781	0.000008
0.1146	20.00	0.707798	0.948840	0.002240	0.000005
0.1184	2.00	0.675704	0.000000	0.000000	0.000000
0.1184	2.37	0.675704	0.000000	0.000000	0.000000
0.1184	2.73	0.675704	0.000000	0.000000	0.000000
0.1184	3.10	0.675704	0.000000	0.000000	0.000000
0.1184	3.47	0.675704	0.000000	0.000000	0.000000
0.1184	3.84	0.675704	0.000000	0.000000	0.000000
0.1184	4.20	0.675704	0.000000	0.000000	0.000000
0.1184	4.57	0.675704	0.000000	0.000000	0.000000
0.1184	4.94	0.675704	0.000000	0.000000	0.000000
0.1184	5.31	0.675704	0.000000	0.000000	0.000000
0.1184	5.67	0.675704	0.050607	0.000000	0.000000
0.1184	6.04	0.675704	0.055668	0.003036	0.000166
0.1184	6.41	0.675704	0.052632	0.002863	0.000156
0.1184	6.78	0.675704	0.056680	0.000000	0.000000
0.1184	7.14	0.675704	0.052632	0.001431	0.000039
0.1184	7.51	0.675704	0.054656	0.002479	0.000112
0.1184	7.88	0.675704	0.057355	0.007453	0.000968
0.1184	8.24	0.675704	0.056680	0.005835	0.000601
0.1184	8.61	0.675704	0.068681	0.037251	0.020204
0.1184	8.98	0.675704	0.068340	0.035454	0.018393
0.1184	9.35	0.675704	0.143200	0.162614	0.184659
0.1184	9.71	0.675704	0.182244	0.234006	0.300469
0.1184	10.08	0.675704	0.279605	0.254690	0.231995
0.1184	10.45	0.675704	0.470275	0.302638	0.194758
0.1184	10.82	0.675704	0.605610	0.295244	0.143935
0.1184	11.18	0.675704	0.710301	0.280573	0.110828
0.1184	11.55	0.675704	0.818945	0.132307	0.021375
0.1184	11.92	0.675704	0.854370	0.009880	0.000114
0.1184	12.29	0.675704	0.864315	0.008219	0.000078
0.1184	12.65	0.675704	0.881333	0.007417	0.000062
0.1184	13.02	0.675704	0.887296	0.005879	0.000039
0.1184	13.39	0.675704	0.892494	0.007009	0.000055
0.1184	13.76	0.675704	0.886000	0.006520	0.000048
0.1184	14.12	0.675704	0.892194	0.006413	0.000046
0.1184	14.49	0.675704	0.888563	0.003563	0.000014
0.1184	14.86	0.675704	0.890638	0.003800	0.000016
0.1184	15.22	0.675704	0.893305	0.005314	0.000032
0.1184	15.59	0.675704	0.903188	0.004020	0.000018
0.1184	15.96	0.675704	0.904710	0.003778	0.000016
0.1184	16.33	0.675704	0.917695	0.003888	0.000016
0.1184	16.69	0.675704	0.919818	0.004021	0.000018
0.1184	17.06	0.675704	0.909302	0.005003	0.000028
0.1184	17.43	0.675704	0.910092	0.004624	0.000023
0.1184	17.80	0.675704	0.920346	0.004116	0.000018
0.1184	18.16	0.675704	0.922088	0.004010	0.000017
0.1184	18.53	0.675704	0.924426	0.003206	0.000011
0.1184	18.90	0.675704	0.928161	0.004810	0.000025
0.1184	19.27	0.675704	0.929997	0.003736	0.000015
0.1184	19.63	0.675704	0.915578	0.004107	0.000018
0.1184	20.00	0.675704	0.916251	0.005221	0.000030
0.1222	2.00	0.678792	0.000000	0.000000	0.000000
0.1222	2.37	0.678792	0.000000	0.000000	0.000000
0.1222	2.73	0.678792	0.000000	0.000000	0.000000
0.1222	3.10	0.678792	0.000000	0.000000	0.000000
0.1222	3.47	0.678792	0.000000	0.000000	0.000000
0.1222	3.84	0.678792	0.000000	0.000000	0.000000
0.1222	4.20	0.678792	0.000000	0.000000	0.000000
0.1222	4.57	0.678792	0.000000	0.000000	0.000000
0.1222	4.94	0.678792	0.000000	0.000000	0.000000
0.1222	5.31	0.678792	0.000000	0.000000	0.000000
0.1222	5.67	0.678792	0.000000	0.000000	0.000000
0.1222	6.04	0.678792	0.000000	0.000000	0.000000
0.1222	6.41	0.678792	0.057377	0.000000	0.000000
0.1222	6.78	0.678792	0.055328	0.004098	0.000304
0.1222	7.14	0.678792	0.058197	0.007169	0.000883
0.1222	7.51	0.678792	0.065984	0.020344	0.006272
0.1222	7.88	0.678792	0.064037	0.011894	0.002209
0.1222	8.24	0.678792	0.157494	0.234477	0.349088
0.1222	8.61	0.678792	0.361028	0.316414	0.277314
0.1222	8.98	0.678792	0.557701	0.337969	0.204810
0.1222	9.35	0.678792	0.581740	0.363896	0.227628
0.1222	9.71	0.678792	0.751201	0.274446	0.100267
0.1222	10.08	0.678792	0.819745	0.210274	0.053938
0.1222	10.45	0.678792	0.861680	0.139614	0.022621
0.1222	10.82	0.678792	0.820267	0.247123	0.074451
0.1222	11.18	0.678792	0.836534	0.235564	0.066334
0.1222	11.55	0.678792	0.911947	0.006944	0.000053
0.1222	11.92	0.678792	0.916108	0.006634	0.000048
0.1222	12.29	0.678792	0.919438	0.007726	0.000065
0.1222	12.65	0.678792	0.924766	0.007550	0.000062
0.1222	13.02	0.678792	0.915928	0.005805	0.000037
0.1222	13.39	0.678792	0.920580	0.006574	0.000047
0.1222	13.76	0.678792	0.925960	0.005968	0.000038
0.1222	14.12	0.678792	0.929386	0.006577	0.000047
0.1222	14.49	0.678792	0.911045	0.134630	0.019895
0.1222	14.86	0.678792	0.935057	0.004958	0.000026
0.1222	15.22	0.678792	0.936066	0.005248	0.000029
0.1222	15.59	0.678792	0.946721	0.004933	0.000026
0.1222	15.96	0.678792	0.948770	0.004328	0.000020
0.1222	16.33	0.678792	0.950120	0.004449	0.000021
0.1222	16.69	0.678792	0.951308	0.005546	0.000032
0.1222	17.06	0.678792	0.953519	0.004059	0.000017
0.1222	17.43	0.678792	0.950629	0.003503	0.000013
0.1222	17.80	0.678792	0.951058	0.003429	0.000012
0.1222	18.16	0.678792	0.945989	0.004833	0.000025
0.1222	18.53	0.678792	0.946197	0.002901	0.000009
0.1222	18.90	0.678792	0.950420	0.003043	0.000010
0.1222	19.27	0.678792	0.951747	0.003137	0.000010
0.1222	19.63	0.678792	0.952332	0.003378	0.000012
0.1222	20.00	0.678792	0.953202	0.003215	0.000011
0.1265	2.00	0.678781	0.000000	0.000000	0.000000
0.1265	2.37	0.678781	0.000000	0.000000	0.000000
0.1265	2.73	0.678781	0.000000	0.000000	0.000000
0.1265	3.10	0.678781	0.000000	0.000000	0.000000
0.1265	3.47	0.678781	0.000000	0.000000	0.000000
0.1265	3.84	0.678781	0.000000	0.000000	0.000000
0.1265	4.20	0.678781	0.000000	0.000000	0.000000
0.1265	4.57	0.678781	0.000000	0.000000	0.000000
0.1265	4.94	0.678781	0.000000	0.000000	0.000000
0.1265	5.31	0.678781	0.000000	0.000000	0.000000
0.1265	5.67	0.678781	0.052525	0.000000	0.000000
0.1265	6.04	0.678781	0.054545	0.000000	0.000000
0.1265	6.41	0.678781	0.052525	0.000000	0.000000
0.1265	6.78	0.678781	0.054545	0.000000	0.000000
0.1265	7.14	0.678781	0.055556	0.003030	0.000165
0.1265	7.51	0.678781	0.051852	0.001905	0.000070
0.1265	7.88	0.678781	0.058990	0.008889	0.001339
0.1265	8.24	0.678781	0.056933	0.012177	0.002604
0.1265	8.61	0.678781	0.060368	0.015352	0.003904
0.1265	8.98	0.678781	0.065404	0.012076	0.002230
0.1265	9.35	0.678781	0.072552	0.025133	0.008706
0.1265	9.71	0.678781	0.111295	0.104560	0.098233
0.1265	10.08	0.678781	0.151797	0.143245	0.135175
0.1265	10.45	0.678781	0.409235	0.333094	0.271120
0.1265	10.82	0.678781	0.651829	0.308707	0.146204
0.1265	11.18	0.678781	0.689457	0.332032	0.159901
0.1265	11.55	0.678781	0.805645	0.257244	0.082138
0.1265	11.92	0.678781	0.831515	0.224187	0.060443
0.1265	12.29	0.678781	0.917633	0.023461	0.000600
0.1265	12.65	0.678781	0.916399	0.007840	0.000067
0.1265	13.02	0.678781	0.919585	0.006001	0.000039
0.1265	13.39	0.678781	0.901114	0.134469	0.020066
0.1265	13.76	0.678781	0.946677	0.004530	0.000022
0.1265	14.12	0.678781	0.950186	0.004664	0.000023
0.1265	14.49	0.678781	0.943797	0.005730	0.000035
0.1265	14.86	0.678781	0.950531	0.004617	0.000022
0.1265	15.22	0.678781	0.953030	0.004667	0.000023
0.1265	15.59	0.678781	0.953240	0.004079	0.000017
0.1265	15.96	0.678781	0.961665	0.004028	0.000017
0.1265	16.33	0.678781	0.962651	0.003628	0.000014
0.1265	16.69	0.678781	0.963390	0.003098	0.000010
0.1265	17.06	0.678781	0.962241	0.002589	0.000007
0.1265	17.43	0.678781	0.962674	0.003306	0.000011
0.1265	17.80	0.678781	0.964375	0.003051	0.000010
0.1265	18.16	0.678781	0.964598	0.002865	0.000009
0.1265	18.53	0.678781	0.958413	0.003706	0.000014
0.1265	18.90	0.678781	0.959692	0.003917	0.000016
0.1265	19.27	0.678781	0.966195	0.003053	0.000010
0.1265	19.63	0.678781	0.966758	0.002998	0.000009
0.1265	20.00	0.678781	0.962489	0.002703	0.000008
0.1310	2.00	0.686437	0.000000	0.000000	0.000000
0.1310	2.37	0.686437	0.000000	0.000000	0.000000
0.1310	2.73	0.686437	0.000000	0.000000	0.000000
0.1310	3.10	0.686437	0.000000	0.000000	0.000000
0.1310	3.47	0.686437	0.000000	0.000000	0.000000
0.1310	3.84	0.686437	0.000000	0.000000	0.000000
0.1310	4.20	0.686437	0.000000	0.000000	0.000000
0.1310	4.57	0.686437	0.000000	0.000000	0.000000
0.1310	4.94	0.686437	0.000000	0.000000	0.000000
0.1310	5.31	0.686437	0.000000	0.000000	0.000000
0.1310	5.67	0.686437	0.000000	0.000000	0.000000
0.1310	6.04	0.686437	0.050607	0.000000	0.000000
0.1310	6.41	0.686437	0.050607	0.000000	0.000000
0.1310	6.78	0.686437	0.050607	0.000000	0.000000
0.1310	7.14	0.686437	0.054656	0.002863	0.000150
0.1310	7.51	0.686437	0.054656	0.000000	0.000000
0.1310	7.88	0.686437	0.055331	0.004160	0.000313
0.1310	8.24	0.686437	0.063428	0.015882	0.003977
0.1310	8.61	0.686437	0.070383	0.041857	0.024893
0.1310	8.98	0.686437	0.065911	0.014964	0.003397
0.1310	9.35	0.686437	0.111036	0.130862	0.154228
0.1310	9.71	0.686437	0.112256	0.133197	0.158045
0.1310	10.08	0.686437	0.162303	0.192687	0.228760
0.1310	10.45	0.686437	0.442195	0.390776	0.345336
0.1310	10.82	0.686437	0.643594	0.370410	0.213184
0.1310	11.18	0.686437	0.834953	0.253007	0.076666
0.1310	11.55	0.686437	0.871427	0.204532	0.048005
0.1310	11.92	0.686437	0.932841	0.007550	0.000061
0.1310	12.29	0.686437	0.914344	0.137776	0.020760
0.1310	12.65	0.686437	0.931695	0.004799	0.000025
0.1310	13.02	0.686437	0.934885	0.004360	0.000020
0.1310	13.39	0.686437	0.941668	0.003532	0.000013
0.1310	13.76	0.686437	0.942627	0.003125	0.000010
0.1310	14.12	0.686437	0.943579	0.003215	0.000011
0.1310	14.49	0.686437	0.922470	0.136715	0.020262
0.1310	14.86	0.686437	0.945243	0.002861	0.000009
0.1310	15.22	0.686437	0.944990	0.003261	0.000011
0.1310	15.59	0.686437	0.946332	0.003977	0.000017
0.1310	15.96	0.686437	0.949595	0.002254	0.000005
0.1310	16.33	0.686437	0.950726	0.001929	0.000004
0.1310	16.69	0.686437	0.950183	0.002403	0.000006
0.1310	17.06	0.686437	0.956092	0.003682	0.000014
0.1310	17.43	0.686437	0.957249	0.003427	0.000012
0.1310	17.80	0.686437	0.949537	0.002312	0.000006
0.1310	18.16	0.686437	0.949788	0.002200	0.000005
0.1310	18.53	0.686437	0.953491	0.003448	0.000012
0.1310	18.90	0.686437	0.954261	0.003062	0.000010
0.1310	19.27	0.686437	0.951754	0.003333	0.000012
0.1310	19.63	0.686437	0.952285	0.002868	0.000009
0.1310	20.00	0.686437	0.953394	0.002411	0.000006
0.1358	2.00	0.649869	0.000000	0.000000	0.000000
0.1358	2.37	0.649869	0.000000	0.000000	0.000000
0.1358	2.73	0.649869	0.000000	0.000000	0.000000
0.1358	3.10	0.649869	0.000000	0.000000	0.000000
0.1358	3.47	0.649869	0.000000	0.000000	0.000000
0.1358	3.84	0.649869	0.000000	0.000000	0.000000
0.1358	4.20	0.649869	0.000000	0.000000	0.000000
0.1358	4.57	0.649869	0.000000	0.000000	0.000000
0.1358	4.94	0.649869	0.000000	0.000000	0.000000
0.1358	5.31	0.649869	0.000000	0.000000	0.000000
0.1358	5.67	0.649869	0.000000	0.000000	0.000000
0.1358	6.04	0.649869	0.000000	0.000000	0.000000
0.1358	6.41	0.649869	0.054545	0.000000	0.000000
0.1358	6.78	0.649869	0.056902	0.007506	0.000990
0.1358	7.14	0.649869	0.060606	0.006388	0.000673
0.1358	7.51	0.649869	0.070418	0.034189	0.016599
0.1358	7.88	0.649869	0.139899	0.179707	0.230843
0.1358	8.24	0.649869	0.115729	0.185215	0.296423
0.1358	8.61	0.649869	0.277306	0.302938	0.330939
0.1358	8.98	0.649869	0.272129	0.338807	0.421823
0.1358	9.35	0.649869	0.660062	0.364805	0.201622
0.1358	9.71	0.649869	0.659091	0.370644	0.208434
0.1358	10.08	0.649869	0.751659	0.318249	0.134745
0.1358	10.45	0.649869	0.904676	0.006318	0.000044
0.1358	10.82	0.649869	0.918561	0.005355	0.000031
0.1358	11.18	0.649869	0.923295	0.005747	0.000036
0.1358	11.55	0.649869	0.926263	0.005570	0.000033
0.1358	11.92	0.649869	0.924777	0.003636	0.000014
0.1358	12.29	0.649869	0.928023	0.003712	0.000015
0.1358	12.65	0.649869	0.930135	0.005092	0.000028
0.1358	13.02	0.649869	0.932569	0.004077	0.000018
0.1358	13.39	0.649869	0.934698	0.004014	0.000017
0.1358	13.76	0.649869	0.940723	0.003657	0.000014
0.1358	14.12	0.649869	0.941518	0.004167	0.000018
0.1358	14.49	0.649869	0.941725	0.002765	0.000008
0.1358	14.86	0.649869	0.943383	0.002725	0.000008
0.1358	15.22	0.649869	0.943693	0.002675	0.000008
0.1358	15.59	0.649869	0.946905	0.003961	0.000017
0.1358	15.96	0.649869	0.946111	0.004125	0.000018
0.1358	16.33	0.649869	0.939187	0.003930	0.000016
0.1358	16.69	0.649869	0.940793	0.003074	0.000010
0.1358	17.06	0.649869	0.952626	0.003439	0.000012
0.1358	17.43	0.649869	0.953380	0.003525	0.000013
0.1358	17.80	0.649869	0.950776	0.003147	0.000010
0.1358	18.16	0.649869	0.951466	0.002658	0.000007
0.1358	18.53	0.649869	0.949347	0.003796	0.000015
0.1358	18.90	0.649869	0.950480	0.003545	0.000013
0.1358	19.27	0.649869	0.952254	0.003083	0.000010
0.1358	19.63	0.649869	0.953831	0.002945	0.000009
0.1358	20.00	0.649869	0.951466	0.003353	0.000012
0.1408	2.00	0.596213	0.000000	0.000000	0.000000
0.1408	2.37	0.596213	0.000000	0.000000	0.000000
0.1408	2.73	0.596213	0.000000	0.000000	0.000000
0.1408	3.10	0.596213	0.000000	0.000000	0.000000
0.1408	3.47	0.596213	0.000000	0.000000	0.000000
0.1408	3.84	0.596213	0.000000	0.000000	0.000000
0.1408	4.20	0.596213	0.000000	0.000000	0.000000
0.1408	4.57	0.596213	0.000000	0.000000	0.000000
0.1408	4.94	0.596213	0.000000	0.000000	0.000000
0.1408	5.31	0.596213	0.000000	0.000000	0.000000
0.1408	5.67	0.596213	0.000000	0.000000	0.000000
0.1408	6.04	0.596213	0.000000	0.000000	0.000000
0.1408	6.41	0.596213	0.054435	0.000000	0.000000
0.1408	6.78	0.596213	0.056452	0.002016	0.000072
0.1408	7.14	0.596213	0.055444	0.003343	0.000202
0.1408	7.51	0.596213	0.067339	0.028869	0.012377
0.1408	7.88	0.596213	0.074597	0.040002	0.021451
0.1408	8.24	0.596213	0.103908	0.162200	0.253193
0.1408	8.61	0.596213	0.156026	0.208747	0.279283
0.1408	8.98	0.596213	0.062345	0.016493	0.004363
0.1408	9.35	0.596213	0.171315	0.240642	0.338024
0.1408	9.71	0.596213	0.297827	0.354525	0.422017
0.1408	10.08	0.596213	0.482373	0.399679	0.331161
0.1408	10.45	0.596213	0.827487	0.198244	0.047494
0.1408	10.82	0.596213	0.778541	0.269777	0.093482
0.1408	11.18	0.596213	0.889995	0.005790	0.000038
0.1408	11.55	0.596213	0.891570	0.004828	0.000026
0.1408	11.92	0.596213	0.895161	0.005357	0.000032
0.1408	12.29	0.596213	0.895497	0.004716	0.000025
0.1408	12.65	0.596213	0.896729	0.004384	0.000021
0.1408	13.02	0.596213	0.900065	0.004310	0.000021
0.1408	13.39	0.596213	0.908531	0.004681	0.000024
0.1408	13.76	0.596213	0.909539	0.003497	0.000013
0.1408	14.12	0.596213	0.902735	0.004306	0.000021
0.1408	14.49	0.596213	0.904207	0.004794	0.000025
0.1408	14.86	0.596213	0.904622	0.003958	0.000017
0.1408	15.22	0.596213	0.916230	0.003661	0.000015
0.1408	15.59	0.596213	0.915995	0.003427	0.000013
0.1408	15.96	0.596213	0.921061	0.004072	0.000018
0.1408	16.33	0.596213	0.921724	0.003489	0.000013
0.1408	16.69	0.596213	0.916280	0.003634	0.000014
0.1408	17.06	0.596213	0.916994	0.002882	0.000009
0.1408	17.43	0.596213	0.918666	0.003897	0.000017
0.1408	17.80	0.596213	0.918568	0.003749	0.000015
0.1408	18.16	0.596213	0.919607	0.003526	0.000014
0.1408	18.53	0.596213	0.919601	0.003059	0.000010
0.1408	18.90	0.596213	0.924042	0.003070	0.000010
0.1408	19.27	0.596213	0.922699	0.004262	0.000020
0.1408	19.63	0.596213	0.918779	0.002895	0.000009
0.1408	20.00	0.596213	0.916667	0.002874	0.000009
0.1458	2.00	0.689810	0.000000	0.000000	0.000000
0.1458	2.37	0.689810	0.000000	0.000000	0.000000
0.1458	2.73	0.689810	0.000000	0.000000	0.000000
0.1458	3.10	0.689810	0.000000	0.000000	0.000000
0.1458	3.47	0.689810	0.000000	0.000000	0.000000
0.1458	3.84	0.689810	0.000000	0.000000	0.000000
0.1458	4.20	0.689810	0.000000	0.000000	0.000000
0.1458	4.57	0.689810	0.000000	0.000000	0.000000
0.1458	4.94	0.689810	0.000000	0.000000	0.000000
0.1458	5.31	0.689810	0.000000	0.000000	0.000000
0.1458	5.67	0.689810	0.000000	0.000000	0.000000
0.1458	6.04	0.689810	0.000000	0.000000	0.000000
0.1458	6.41	0.689810	0.058350	0.000000	0.000000
0.1458	6.78	0.689810	0.060362	0.008693	0.001252
0.1458	7.14	0.689810	0.067404	0.019534	0.005661
0.1458	7.51	0.689810	0.063581	0.013292	0.002779
0.1458	7.88	0.689810	0.076768	0.060957	0.048402
0.1458	8.24	0.689810	0.086344	0.107912	0.134868
0.1458	8.61	0.689810	0.132126	0.212261	0.340997
0.1458	8.98	0.689810	0.263962	0.354183	0.475241
0.1458	9.35	0.689810	0.591781	0.411438	0.286053
0.1458	9.71	0.689810	0.785433	0.310866	0.123038
0.1458	10.08	0.689810	0.864616	0.221143	0.056562
0.1458	10.45	0.689810	0.901200	0.148685	0.024531
0.1458	10.82	0.689810	0.934157	0.003879	0.000016
0.1458	11.18	0.689810	0.935425	0.004834	0.000025
0.1458	11.55	0.689810	0.936797	0.004230	0.000019
0.1458	11.92	0.689810	0.939753	0.005089	0.000028
0.1458	12.29	0.689810	0.942570	0.003546	0.000013
0.1458	12.65	0.689810	0.946979	0.004660	0.000023
0.1458	13.02	0.689810	0.948991	0.004660	0.000023
0.1458	13.39	0.689810	0.950122	0.003428	0.000012
0.1458	13.76	0.689810	0.946293	0.003384	0.000012
0.1458	14.12	0.689810	0.947325	0.003119	0.000010
0.1458	14.49	0.689810	0.956899	0.004041	0.000017
0.1458	14.86	0.689810	0.958417	0.003539	0.000013
0.1458	15.22	0.689810	0.952822	0.002871	0.000009
0.1458	15.59	0.689810	0.952897	0.002835	0.000008
0.1458	15.96	0.689810	0.954527	0.003508	0.000013
0.1458	16.33	0.689810	0.953320	0.003661	0.000014
0.1458	16.69	0.689810	0.953575	0.002606	0.000007
0.1458	17.06	0.689810	0.954115	0.002674	0.000007
0.1458	17.43	0.689810	0.961820	0.003220	0.000011
0.1458	17.80	0.689810	0.960298	0.002554	0.000007
0.1458	18.16	0.689810	0.960446	0.002498	0.000006
0.1458	18.53	0.689810	0.957894	0.002283	0.000005
0.1458	18.90	0.689810	0.957845	0.003554	0.000013
0.1458	19.27	0.689810	0.958924	0.003142	0.000010
0.1458	19.63	0.689810	0.962360	0.002638	0.000007
0.1458	20.00	0.689810	0.962212	0.002793	0.000008
0.1506	2.00	0.594082	0.000000	0.000000	0.000000
0.1506	2.37	0.594082	0.000000	0.000000	0.000000
0.1506	2.73	0.594082	0.000000	0.000000	0.000000
0.1506	3.10	0.594082	0.000000	0.000000	0.000000
0.1506	3.47	0.594082	0.000000	0.000000	0.000000
0.1506	3.84	0.594082	0.000000	0.000000	0.000000
0.1506	4.20	0.594082	0.000000	0.000000	0.000000
0.1506	4.57	0.594082	0.000000	0.000000	0.000000
0.1506	4.94	0.594082	0.052525	0.000000	0.000000
0.1506	5.31	0.594082	0.000000	0.000000	0.000000
0.1506	5.67	0.594082	0.000000	0.000000	0.000000
0.1506	6.04	0.594082	0.000000	0.000000	0.000000
0.1506	6.41	0.594082	0.000000	0.000000	0.000000
0.1506	6.78	0.594082	0.000000	0.000000	0.000000
0.1506	7.14	0.594082	0.000000	0.000000	0.000000
0.1506	7.51	0.594082	0.000000	0.000000	0.000000
0.1506	7.88	0.594082	0.058586	0.004040	0.000279
0.1506	8.24	0.594082	0.053199	0.002520	0.000119
0.1506	8.61	0.594082	0.058586	0.013960	0.003326
0.1506	8.98	0.594082	0.071680	0.047950	0.032076
0.1506	9.35	0.594082	0.109458	0.126350	0.145849
0.1506	9.71	0.594082	0.198485	0.218722	0.241022
0.1506	10.08	0.594082	0.345891	0.303758	0.266757
0.1506	10.45	0.594082	0.684988	0.307356	0.137912
0.1506	10.82	0.594082	0.799259	0.199176	0.049635
0.1506	11.18	0.594082	0.805589	0.201512	0.050407
0.1506	11.55	0.594082	0.837136	0.136642	0.022304
0.1506	11.92	0.594082	0.827778	0.186136	0.041855
0.1506	12.29	0.594082	0.883109	0.037309	0.001576
0.1506	12.65	0.594082	0.895230	0.022243	0.000553
0.1506	13.02	0.594082	0.904286	0.008380	0.000078
0.1506	13.39	0.594082	0.911536	0.011288	0.000140
0.1506	13.76	0.594082	0.914012	0.017092	0.000320
0.1506	14.12	0.594082	0.918607	0.004903	0.000026
0.1506	14.49	0.594082	0.921797	0.004443	0.000021
0.1506	14.86	0.594082	0.923182	0.004368	0.000021
0.1506	15.22	0.594082	0.916414	0.004083	0.000018
0.1506	15.59	0.594082	0.917778	0.004476	0.000022
0.1506	15.96	0.594082	0.918990	0.003907	0.000017
0.1506	16.33	0.594082	0.922641	0.004913	0.000026
0.1506	16.69	0.594082	0.925203	0.004405	0.000021
0.1506	17.06	0.594082	0.929774	0.004178	0.000019
0.1506	17.43	0.594082	0.931025	0.003515	0.000013
0.1506	17.80	0.594082	0.928455	0.003838	0.000016
0.1506	18.16	0.594082	0.928668	0.003568	0.000014
0.1506	18.53	0.594082	0.929340	0.004005	0.000017
0.1506	18.90	0.594082	0.929622	0.004200	0.000019
0.1506	19.27	0.594082	0.931543	0.003609	0.000014
0.1506	19.63	0.594082	0.931129	0.003218	0.000011
0.1506	20.00	0.594082	0.928604	0.003335	0.000012
0.1557	2.00	0.740911	0.000000	0.000000	0.000000
0.1557	2.37	0.740911	0.000000	0.000000	0.000000
0.1557	2.73	0.740911	0.000000	0.000000	0.000000
0.1557	3.10	0.740911	0.000000	0.000000	0.000000
0.1557	3.47	0.740911	0.000000	0.000000	0.000000
0.1557	3.84	0.740911	0.000000	0.000000	0.000000
0.1557	4.20	0.740911	0.000000	0.000000	0.000000
0.1557	4.57	0.740911	0.000000	0.000000	0.000000
0.1557	4.94	0.740911	0.000000	0.000000	0.000000
0.1557	5.31	0.740911	0.000000	0.000000	0.000000
0.1557	5.67	0.740911	0.000000	0.000000	0.000000
0.1557	6.04	0.740911	0.051178	0.000952	0.000018
0.1557	6.41	0.740911	0.053333	0.002060	0.000080
0.1557	6.78	0.740911	0.065657	0.020428	0.006356
0.1557	7.14	0.740911	0.061055	0.009513	0.001482
0.1557	7.51	0.740911	0.158025	0.170374	0.183688
0.1557	7.88	0.740911	0.177946	0.223170	0.279887
0.1557	8.24	0.740911	0.128007	0.179461	0.251596
0.1557	8.61	0.740911	0.320323	0.343762	0.368915
0.1557	8.98	0.740911	0.461255	0.368630	0.294604
0.1557	9.35	0.740911	0.560432	0.357705	0.228311
0.1557	9.71	0.740911	0.778211	0.200008	0.051404
0.1557	10.08	0.740911	0.826479	0.144467	0.025253
0.1557	10.45	0.740911	0.861818	0.016794	0.000327
0.1557	10.82	0.740911	0.848056	0.136536	0.021982
0.1557	11.18	0.740911	0.856269	0.137894	0.022206
0.1557	11.55	0.740911	0.864112	0.137936	0.022019
0.1557	11.92	0.740911	0.897326	0.015161	0.000256
0.1557	12.29	0.740911	0.903377	0.016172	0.000290
0.1557	12.65	0.740911	0.902413	0.013559	0.000204
0.1557	13.02	0.740911	0.906579	0.007709	0.000066
0.1557	13.39	0.740911	0.912585	0.005897	0.000038
0.1557	13.76	0.740911	0.931632	0.011803	0.000150
0.1557	14.12	0.740911	0.934078	0.007803	0.000065
0.1557	14.49	0.740911	0.933014	0.004385	0.000021
0.1557	14.86	0.740911	0.931473	0.010336	0.000115
0.1557	15.22	0.740911	0.933235	0.009165	0.000090
0.1557	15.59	0.740911	0.933526	0.011177	0.000134
0.1557	15.96	0.740911	0.940455	0.005514	0.000032
0.1557	16.33	0.740911	0.941111	0.006333	0.000043
0.1557	16.69	0.740911	0.935698	0.006402	0.000044
0.1557	17.06	0.740911	0.939197	0.004945	0.000026
0.1557	17.43	0.740911	0.943139	0.003501	0.000013
0.1557	17.80	0.740911	0.944108	0.004679	0.000023
0.1557	18.16	0.740911	0.942184	0.003298	0.000012
0.1557	18.53	0.740911	0.943001	0.004101	0.000018
0.1557	18.90	0.740911	0.940568	0.003878	0.000016
0.1557	19.27	0.740911	0.940662	0.003173	0.000011
0.1557	19.63	0.740911	0.925440	0.130396	0.018373
0.1557	20.00	0.740911	0.951442	0.003081	0.000010
0.1612	2.00	0.591597	0.000000	0.000000	0.000000
0.1612	2.37	0.591597	0.000000	0.000000	0.000000
0.1612	2.73	0.591597	0.000000	0.000000	0.000000
0.1612	3.10	0.591597	0.055670	0.005832	0.000611
0.1612	3.47	0.591597	0.054983	0.004860	0.000430
0.1612	3.84	0.591597	0.055670	0.004124	0.000305
0.1612	4.20	0.591597	0.056701	0.005155	0.000469
0.1612	4.57	0.591597	0.000000	0.000000	0.000000
0.1612	4.94	0.591597	0.000000	0.000000	0.000000
0.1612	5.31	0.591597	0.000000	0.000000	0.000000
0.1612	5.67	0.591597	0.000000	0.000000	0.000000
0.1612	6.04	0.591597	0.057732	0.003260	0.000184
0.1612	6.41	0.591597	0.056701	0.003419	0.000206
0.1612	6.78	0.591597	0.058247	0.003050	0.000160
0.1612	7.14	0.591597	0.054845	0.003824	0.000267
0.1612	7.51	0.591597	0.051546	0.000000	0.000000
0.1612	7.88	0.591597	0.051546	0.000000	0.000000
0.1612	8.24	0.591597	0.054639	0.001974	0.000071
0.1612	8.61	0.591597	0.056586	0.004570	0.000369
0.1612	8.98	0.591597	0.062341	0.008384	0.001127
0.1612	9.35	0.591597	0.064386	0.012935	0.002599
0.1612	9.71	0.591597	0.096144	0.080035	0.066625
0.1612	10.08	0.591597	0.131049	0.141738	0.153299
0.1612	10.45	0.591597	0.192404	0.175832	0.160688
0.1612	10.82	0.591597	0.487285	0.343177	0.241687
0.1612	11.18	0.591597	0.772398	0.239169	0.074057
0.1612	11.55	0.591597	0.795149	0.258159	0.083816
0.1612	11.92	0.591597	0.772925	0.297514	0.114519
0.1612	12.29	0.591597	0.855611	0.189422	0.041936
0.1612	12.65	0.591597	0.885395	0.138269	0.021593
0.1612	13.02	0.591597	0.914032	0.006713	0.000049
0.1612	13.39	0.591597	0.920727	0.005710	0.000035
0.1612	13.76	0.591597	0.923060	0.005619	0.000034
0.1612	14.12	0.591597	0.927021	0.005300	0.000030
0.1612	14.49	0.591597	0.927784	0.004434	0.000021
0.1612	14.86	0.591597	0.929845	0.003925	0.000017
0.1612	15.22	0.591597	0.925155	0.004330	0.000020
0.1612	15.59	0.591597	0.927030	0.004436	0.000021
0.1612	15.96	0.591597	0.929330	0.003966	0.000017
0.1612	16.33	0.591597	0.938496	0.004945	0.000026
0.1612	16.69	0.591597	0.940307	0.004687	0.000023
0.1612	17.06	0.591597	0.937943	0.004291	0.000020
0.1612	17.43	0.591597	0.939955	0.004443	0.000021
0.1612	17.80	0.591597	0.956989	0.003840	0.000015
0.1612	18.16	0.591597	0.958044	0.003234	0.000011
0.1612	18.53	0.591597	0.938192	0.003401	0.000012
0.1612	18.90	0.591597	0.938672	0.003642	0.000014
0.1612	19.27	0.591597	0.950899	0.002714	0.000008
0.1612	19.63	0.591597	0.951154	0.002604	0.000007
0.1612	20.00	0.591597	0.944090	0.004362	0.000020
0.1675	2.00	0.619301	0.000000	0.000000	0.000000
0.1675	2.37	0.619301	0.000000	0.000000	0.000000
0.1675	2.73	0.619301	0.000000	0.000000	0.000000
0.1675	3.10	0.619301	0.000000	0.000000	0.000000
0.1675	3.47	0.619301	0.000000	0.000000	0.000000
0.1675	3.84	0.619301	0.000000	0.000000	0.000000
0.1675	4.20	0.619301	0.000000	0.000000	0.000000
0.1675	4.57	0.619301	0.000000	0.000000	0.000000
0.1675	4.94	0.619301	0.000000	0.000000	0.000000
0.1675	5.31	0.619301	0.000000	0.000000	0.000000
0.1675	5.67	0.619301	0.062374	0.000000	0.000000
0.1675	6.04	0.619301	0.062374	0.000000	0.000000
0.1675	6.41	0.619301	0.063380	0.013078	0.002699
0.1675	6.78	0.619301	0.051164	0.000996	0.000019
0.1675	7.14	0.619301	0.054550	0.004182	0.000321
0.1675	7.51	0.619301	0.055835	0.006015	0.000648
0.1675	7.88	0.619301	0.056493	0.006336	0.000711
0.1675	8.24	0.619301	0.102616	0.142533	0.197977
0.1675	8.61	0.619301	0.209256	0.271027	0.351032
0.1675	8.98	0.619301	0.234498	0.294569	0.370028
0.1675	9.35	0.619301	0.505910	0.380188	0.285708
0.1675	9.71	0.619301	0.547543	0.382483	0.267181
0.1675	10.08	0.619301	0.758274	0.277698	0.101699
0.1675	10.45	0.619301	0.878027	0.008817	0.000089
0.1675	10.82	0.619301	0.885571	0.003380	0.000013
0.1675	11.18	0.619301	0.888882	0.005230	0.000031
0.1675	11.55	0.619301	0.892887	0.005713	0.000037
0.1675	11.92	0.619301	0.901983	0.003895	0.000017
0.1675	12.29	0.619301	0.905548	0.004108	0.000019
0.1675	12.65	0.619301	0.906495	0.003370	0.000013
0.1675	13.02	0.619301	0.908395	0.003403	0.000013
0.1675	13.39	0.619301	0.908345	0.003287	0.000012
0.1675	13.76	0.619301	0.914699	0.004012	0.000018
0.1675	14.12	0.619301	0.916764	0.002786	0.000008
0.1675	14.49	0.619301	0.918564	0.003799	0.000016
0.1675	14.86	0.619301	0.919676	0.003675	0.000015
0.1675	15.22	0.619301	0.917866	0.003584	0.000014
0.1675	15.59	0.619301	0.918045	0.003443	0.000013
0.1675	15.96	0.619301	0.918743	0.003634	0.000014
0.1675	16.33	0.619301	0.920624	0.003598	0.000014
0.1675	16.69	0.619301	0.922435	0.003365	0.000012
0.1675	17.06	0.619301	0.923592	0.003585	0.000014
0.1675	17.43	0.619301	0.927075	0.003072	0.000010
0.1675	17.80	0.619301	0.928056	0.003167	0.000011
0.1675	18.16	0.619301	0.925402	0.003693	0.000015
0.1675	18.53	0.619301	0.926710	0.003788	0.000015
0.1675	18.90	0.619301	0.924768	0.003232	0.000011
0.1675	19.27	0.619301	0.925063	0.003632	0.000014
0.1675	19.63	0.619301	0.922953	0.003646	0.000014
0.1675	20.00	0.619301	0.924698	0.002460	0.000007
0.1741	2.00	0.481325	0.000000	0.000000	0.000000
0.1741	2.37	0.481325	0.000000	0.000000	0.000000
0.1741	2.73	0.481325	0.000000	0.000000	0.000000
0.1741	3.10	0.481325	0.000000	0.000000	0.000000
0.1741	3.47	0.481325	0.000000	0.000000	0.000000
0.1741	3.84	0.481325	0.000000	0.000000	0.000000
0.1741	4.20	0.481325	0.000000	0.000000	0.000000
0.1741	4.57	0.481325	0.000000	0.000000	0.000000
0.1741	4.94	0.481325	0.000000	0.000000	0.000000
0.1741	5.31	0.481325	0.000000	0.000000	0.000000
0.1741	5.67	0.481325	0.000000	0.000000	0.000000
0.1741	6.04	0.481325	0.000000	0.000000	0.000000
0.1741	6.41	0.481325	0.000000	0.000000	0.000000
0.1741	6.78	0.481325	0.000000	0.000000	0.000000
0.1741	7.14	0.481325	0.000000	0.000000	0.000000
0.1741	7.51	0.481325	0.000000	0.000000	0.000000
0.1741	7.88	0.481325	0.000000	0.000000	0.000000
0.1741	8.24	0.481325	0.050201	0.000000	0.000000
0.1741	8.61	0.481325	0.057982	0.006842	0.000807
0.1741	8.98	0.481325	0.056688	0.009619	0.001632
0.1741	9.35	0.481325	0.058133	0.010050	0.001737
0.1741	9.71	0.481325	0.066552	0.021081	0.006678
0.1741	10.08	0.481325	0.089023	0.093100	0.097365
0.1741	10.45	0.481325	0.116717	0.116677	0.116637
0.1741	10.82	0.481325	0.151993	0.155547	0.159185
0.1741	11.18	0.481325	0.321637	0.286608	0.255394
0.1741	11.55	0.481325	0.361669	0.295387	0.241252
0.1741	11.92	0.481325	0.536608	0.314923	0.184821
0.1741	12.29	0.481325	0.704819	0.266127	0.100485
0.1741	12.65	0.481325	0.767871	0.213723	0.059486
0.1741	13.02	0.481325	0.847271	0.013185	0.000205
0.1741	13.39	0.481325	0.857709	0.009975	0.000116
0.1741	13.76	0.481325	0.869650	0.006041	0.000042
0.1741	14.12	0.481325	0.875245	0.006070	0.000042
0.1741	14.49	0.481325	0.877246	0.009925	0.000112
0.1741	14.86	0.481325	0.882762	0.006473	0.000047
0.1741	15.22	0.481325	0.884873	0.004755	0.000026
0.1741	15.59	0.481325	0.889408	0.006179	0.000043
0.1741	15.96	0.481325	0.891272	0.005048	0.000029
0.1741	16.33	0.481325	0.893819	0.004281	0.000021
0.1741	16.69	0.481325	0.895069	0.006262	0.000044
0.1741	17.06	0.481325	0.890993	0.005059	0.000029
0.1741	17.43	0.481325	0.872840	0.122368	0.017156
0.1741	17.80	0.481325	0.892188	0.004627	0.000024
0.1741	18.16	0.481325	0.893437	0.005337	0.000032
0.1741	18.53	0.481325	0.894742	0.005343	0.000032
0.1741	18.90	0.481325	0.898338	0.006321	0.000044
0.1741	19.27	0.481325	0.898618	0.005848	0.000038
0.1741	19.63	0.481325	0.900557	0.004117	0.000019
0.1741	20.00	0.481325	0.901606	0.005027	0.000028
0.1802	2.00	0.527763	0.000000	0.000000	0.000000
0.1802	2.37	0.527763	0.000000	0.000000	0.000000
0.1802	2.73	0.527763	0.000000	0.000000	0.000000
0.1802	3.10	0.527763	0.000000	0.000000	0.000000
0.1802	3.47	0.527763	0.000000	0.000000	0.000000
0.1802	3.84	0.527763	0.000000	0.000000	0.000000
0.1802	4.20	0.527763	0.000000	0.000000	0.000000
0.1802	4.57	0.527763	0.000000	0.000000	0.000000
0.1802	4.94	0.527763	0.000000	0.000000	0.000000
0.1802	5.31	0.527763	0.000000	0.000000	0.000000
0.1802	5.67	0.527763	0.000000	0.000000	0.000000
0.1802	6.04	0.527763	0.050505	0.000000	0.000000
0.1802	6.41	0.527763	0.052525	0.000000	0.000000
0.1802	6.78	0.527763	0.054545	0.000000	0.000000
0.1802	7.14	0.527763	0.058586	0.000000	0.000000
0.1802	7.51	0.527763	0.000000	0.000000	0.000000
0.1802	7.88	0.527763	0.052525	0.001807	0.000062
0.1802	8.24	0.527763	0.055354	0.004061	0.000298
0.1802	8.61	0.527763	0.055051	0.003607	0.000236
0.1802	8.98	0.527763	0.059125	0.006451	0.000704
0.1802	9.35	0.527763	0.058905	0.006397	0.000695
0.1802	9.71	0.527763	0.063232	0.015994	0.004045
0.1802	10.08	0.527763	0.078900	0.059749	0.045246
0.1802	10.45	0.527763	0.091214	0.074926	0.061547
0.1802	10.82	0.527763	0.118032	0.115280	0.112593
0.1802	11.18	0.527763	0.187421	0.202710	0.219245
0.1802	11.55	0.527763	0.335560	0.311801	0.289724
0.1802	11.92	0.527763	0.639203	0.292492	0.133841
0.1802	12.29	0.527763	0.804469	0.237011	0.069828
0.1802	12.65	0.527763	0.946346	0.009875	0.000103
0.1802	13.02	0.527763	0.949383	0.014324	0.000216
0.1802	13.39	0.527763	0.955610	0.004054	0.000017
0.1802	13.76	0.527763	0.955883	0.005241	0.000029
0.1802	14.12	0.527763	0.959487	0.005271	0.000029
0.1802	14.49	0.527763	0.962393	0.004355	0.000020
0.1802	14.86	0.527763	0.966313	0.004100	0.000017
0.1802	15.22	0.527763	0.968868	0.003476	0.000012
0.1802	15.59	0.527763	0.969456	0.003587	0.000013
0.1802	15.96	0.527763	0.961162	0.003080	0.000010
0.1802	16.33	0.527763	0.962799	0.002443	0.000006
0.1802	16.69	0.527763	0.962848	0.002922	0.000009
0.1802	17.06	0.527763	0.978932	0.002254	0.000005
0.1802	17.43	0.527763	0.979461	0.001813	0.000003
0.1802	17.80	0.527763	0.971905	0.003561	0.000013
0.1802	18.16	0.527763	0.973315	0.003305	0.000011
0.1802	18.53	0.527763	0.972986	0.001998	0.000004
0.1802	18.90	0.527763	0.973690	0.002020	0.000004
0.1802	19.27	0.527763	0.974254	0.001953	0.000004
0.1802	19.63	0.527763	0.951377	0.134310	0.018961
0.1802	20.00	0.527763	0.971809	0.001666	0.000003
0.1858	2.00	0.667112	0.000000	0.000000	0.000000
0.1858	2.37	0.667112	0.000000	0.000000	0.000000
0.1858	2.73	0.667112	0.000000	0.000000	0.000000
0.1858	3.10	0.667112	0.000000	0.000000	0.000000
0.1858	3.47	0.667112	0.000000	0.000000	0.000000
0.1858	3.84	0.667112	0.000000	0.000000	0.000000
0.1858	4.20	0.667112	0.000000	0.000000	0.000000
0.1858	4.57	0.667112	0.000000	0.000000	0.000000
0.1858	4.94	0.667112	0.000000	0.000000	0.000000
0.1858	5.31	0.667112	0.000000	0.000000	0.000000
0.1858	5.67	0.667112	0.000000	0.000000	0.000000
0.1858	6.04	0.667112	0.052104	0.000000	0.000000
0.1858	6.41	0.667112	0.068136	0.007498	0.000825
0.1858	6.78	0.667112	0.061234	0.011062	0.001998
0.1858	7.14	0.667112	0.081592	0.061895	0.046953
0.1858	7.51	0.667112	0.056883	0.006922	0.000842
0.1858	7.88	0.667112	0.085421	0.094965	0.105575
0.1858	8.24	0.667112	0.384405	0.363269	0.343295
0.1858	8.61	0.667112	0.488737	0.403922	0.333826
0.1858	8.98	0.667112	0.509552	0.413950	0.336284
0.1858	9.35	0.667112	0.872092	0.169776	0.033051
0.1858	9.71	0.667112	0.857923	0.215586	0.054174
0.1858	10.08	0.667112	0.913685	0.006290	0.000043
0.1858	10.45	0.667112	0.919323	0.004495	0.000022
0.1858	10.82	0.667112	0.921068	0.004369	0.000021
0.1858	11.18	0.667112	0.919589	0.004273	0.000020
0.1858	11.55	0.667112	0.922551	0.004034	0.000018
0.1858	11.92	0.667112	0.923790	0.003503	0.000013
0.1858	12.29	0.667112	0.930027	0.003731	0.000015
0.1858	12.65	0.667112	0.930695	0.005268	0.000030
0.1858	13.02	0.667112	0.928802	0.004616	0.000023
0.1858	13.39	0.667112	0.931975	0.003807	0.000016
0.1858	13.76	0.667112	0.931268	0.003723	0.000015
0.1858	14.12	0.667112	0.937928	0.006461	0.000045
0.1858	14.49	0.667112	0.938742	0.004155	0.000018
0.1858	14.86	0.667112	0.938456	0.004110	0.000018
0.1858	15.22	0.667112	0.938595	0.004898	0.000026
0.1858	15.59	0.667112	0.939774	0.003345	0.000012
0.1858	15.96	0.667112	0.940882	0.003006	0.000010
0.1858	16.33	0.667112	0.934659	0.003834	0.000016
0.1858	16.69	0.667112	0.935872	0.003185	0.000011
0.1858	17.06	0.667112	0.936077	0.003509	0.000013
0.1858	17.43	0.667112	0.938477	0.002770	0.000008
0.1858	17.80	0.667112	0.938026	0.002776	0.000008
0.1858	18.16	0.667112	0.934501	0.002983	0.000010
0.1858	18.53	0.667112	0.934587	0.002993	0.000010
0.1858	18.90	0.667112	0.936951	0.002900	0.000009
0.1858	19.27	0.667112	0.941120	0.003386	0.000012
0.1858	19.63	0.667112	0.944556	0.003583	0.000014
0.1858	20.00	0.667112	0.914429	0.154445	0.026085
0.1912	2.00	0.553597	0.000000	0.000000	0.000000
0.1912	2.37	0.553597	0.000000	0.000000	0.000000
0.1912	2.73	0.553597	0.000000	0.000000	0.000000
0.1912	3.10	0.553597	0.000000	0.000000	0.000000
0.1912	3.47	0.553597	0.000000	0.000000	0.000000
0.1912	3.84	0.553597	0.000000	0.000000	0.000000
0.1912	4.20	0.553597	0.000000	0.000000	0.000000
0.1912	4.57	0.553597	0.000000	0.000000	0.000000
0.1912	4.94	0.553597	0.000000	0.000000	0.000000
0.1912	5.31	0.553597	0.000000	0.000000	0.000000
0.1912	5.67	0.553597	0.000000	0.000000	0.000000
0.1912	6.04	0.553597	0.000000	0.000000	0.000000
0.1912	6.41	0.553597	0.000000	0.000000	0.000000
0.1912	6.78	0.553597	0.050710	0.000000	0.000000
0.1912	7.14	0.553597	0.054767	0.000000	0.000000
0.1912	7.51	0.553597	0.054767	0.002028	0.000075
0.1912	7.88	0.553597	0.064909	0.002028	0.000063
0.1912	8.24	0.553597	0.060176	0.007468	0.000927
0.1912	8.61	0.553597	0.066712	0.010094	0.001527
0.1912	8.98	0.553597	0.085446	0.072428	0.061393
0.1912	9.35	0.553597	0.080325	0.055825	0.038798
0.1912	9.71	0.553597	0.108471	0.081854	0.061768
0.1912	10.08	0.553597	0.151056	0.165721	0.181810
0.1912	10.45	0.553597	0.281768	0.266811	0.252648
0.1912	10.82	0.553597	0.611737	0.325031	0.172697
0.1912	11.18	0.553597	0.714389	0.314554	0.138502
0.1912	11.55	0.553597	0.809398	0.248791	0.076473
0.1912	11.92	0.553597	0.854462	0.180446	0.038107
0.1912	12.29	0.553597	0.902579	0.142160	0.022391
0.1912	12.65	0.553597	0.936308	0.007546	0.000061
0.1912	13.02	0.553597	0.933739	0.007468	0.000060
0.1912	13.39	0.553597	0.938216	0.007161	0.000055
0.1912	13.76	0.553597	0.941764	0.006030	0.000039
0.1912	14.12	0.553597	0.942437	0.006333	0.000043
0.1912	14.49	0.553597	0.945073	0.007275	0.000056
0.1912	14.86	0.553597	0.928511	0.131563	0.018641
0.1912	15.22	0.553597	0.961720	0.004289	0.000019
0.1912	15.59	0.553597	0.963337	0.003859	0.000015
0.1912	15.96	0.553597	0.965010	0.003564	0.000013
0.1912	16.33	0.553597	0.961026	0.003611	0.000014
0.1912	16.69	0.553597	0.962040	0.003493	0.000013
0.1912	17.06	0.553597	0.959630	0.003770	0.000015
0.1912	17.43	0.553597	0.960140	0.003811	0.000015
0.1912	17.80	0.553597	0.968850	0.003930	0.000016
0.1912	18.16	0.553597	0.969527	0.003139	0.000010
0.1912	18.53	0.553597	0.970612	0.003135	0.000010
0.1912	18.90	0.553597	0.968866	0.004284	0.000019
0.1912	19.27	0.553597	0.969482	0.003668	0.000014
0.1912	19.63	0.553597	0.967592	0.003250	0.000011
0.1912	20.00	0.553597	0.968536	0.003371	0.000012
0.1971	2.00	0.565159	0.000000	0.000000	0.000000
0.1971	2.37	0.565159	0.000000	0.000000	0.000000
0.1971	2.73	0.565159	0.000000	0.000000	0.000000
0.1971	3.10	0.565159	0.000000	0.000000	0.000000
0.1971	3.47	0.565159	0.000000	0.000000	0.000000
0.1971	3.84	0.565159	0.000000	0.000000	0.000000
0.1971	4.20	0.565159	0.000000	0.000000	0.000000
0.1971	4.57	0.565159	0.000000	0.000000	0.000000
0.1971	4.94	0.565159	0.000000	0.000000	0.000000
0.1971	5.31	0.565159	0.000000	0.000000	0.000000
0.1971	5.67	0.565159	0.000000	0.000000	0.000000
0.1971	6.04	0.565159	0.000000	0.000000	0.000000
0.1971	6.41	0.565159	0.050607	0.000000	0.000000
0.1971	6.78	0.565159	0.054656	0.000000	0.000000
0.1971	7.14	0.565159	0.058704	0.000000	0.000000
0.1971	7.51	0.565159	0.054656	0.003506	0.000225
0.1971	7.88	0.565159	0.057490	0.012777	0.002840
0.1971	8.24	0.565159	0.053210	0.004151	0.000324
0.1971	8.61	0.565159	0.056680	0.010362	0.001894
0.1971	8.98	0.565159	0.059717	0.010791	0.001950
0.1971	9.35	0.565159	0.066583	0.019900	0.005947
0.1971	9.71	0.565159	0.080931	0.048814	0.029443
0.1971	10.08	0.565159	0.194381	0.239775	0.295769
0.1971	10.45	0.565159	0.624359	0.355533	0.202453
0.1971	10.82	0.565159	0.682663	0.362277	0.192254
0.1971	11.18	0.565159	0.857760	0.201181	0.047185
0.1971	11.55	0.565159	0.867562	0.203506	0.047737
0.1971	11.92	0.565159	0.901730	0.140947	0.022031
0.1971	12.29	0.565159	0.930307	0.005711	0.000035
0.1971	12.65	0.565159	0.928138	0.005132	0.000028
0.1971	13.02	0.565159	0.934829	0.004597	0.000023
0.1971	13.39	0.565159	0.935934	0.005160	0.000028
0.1971	13.76	0.565159	0.944633	0.005074	0.000027
0.1971	14.12	0.565159	0.946329	0.003813	0.000015
0.1971	14.49	0.565159	0.948807	0.004279	0.000019
0.1971	14.86	0.565159	0.950171	0.004217	0.000019
0.1971	15.22	0.565159	0.950911	0.003440	0.000012
0.1971	15.59	0.565159	0.936358	0.134009	0.019179
0.1971	15.96	0.565159	0.956996	0.002674	0.000007
0.1971	16.33	0.565159	0.956883	0.002940	0.000009
0.1971	16.69	0.565159	0.959810	0.003241	0.000011
0.1971	17.06	0.565159	0.961143	0.003292	0.000011
0.1971	17.43	0.565159	0.957152	0.002993	0.000009
0.1971	17.80	0.565159	0.957443	0.003071	0.000010
0.1971	18.16	0.565159	0.959225	0.002442	0.000006
0.1971	18.53	0.565159	0.959514	0.002759	0.000008
0.1971	18.90	0.565159	0.956381	0.002545	0.000007
0.1971	19.27	0.565159	0.957345	0.002354	0.000006
0.1971	19.63	0.565159	0.965009	0.002349	0.000006
0.1971	20.00	0.565159	0.964575	0.002585	0.000007
0.2047	2.00	0.588899	0.000000	0.000000	0.000000
0.2047	2.37	0.588899	0.000000	0.000000	0.000000
0.2047	2.73	0.588899	0.000000	0.000000	0.000000
0.2047	3.10	0.588899	0.000000	0.000000	0.000000
0.2047	3.47	0.588899	0.000000	0.000000	0.000000
0.2047	3.84	0.588899	0.000000	0.000000	0.000000
0.2047	4.20	0.588899	0.000000	0.000000	0.000000
0.2047	4.57	0.588899	0.000000	0.000000	0.000000
0.2047	4.94	0.588899	0.000000	0.000000	0.000000
0.2047	5.31	0.588899	0.000000	0.000000	0.000000
0.2047	5.67	0.588899	0.000000	0.000000	0.000000
0.2047	6.04	0.588899	0.063136	0.000000	0.000000
0.2047	6.41	0.588899	0.060081	0.001018	0.000017
0.2047	6.78	0.588899	0.082145	0.019978	0.004859
0.2047	7.14	0.588899	0.146640	0.089288	0.054368
0.2047	7.51	0.588899	0.056212	0.004750	0.000401
0.2047	7.88	0.588899	0.118126	0.175918	0.261985
0.2047	8.24	0.588899	0.130177	0.190173	0.277822
0.2047	8.61	0.588899	0.224146	0.296293	0.391663
0.2047	8.98	0.588899	0.539375	0.339607	0.213827
0.2047	9.35	0.588899	0.580901	0.333593	0.191572
0.2047	9.71	0.588899	0.680855	0.278538	0.113950
0.2047	10.08	0.588899	0.761643	0.183871	0.044389
0.2047	10.45	0.588899	0.817108	0.005959	0.000043
0.2047	10.82	0.588899	0.823383	0.005721	0.000040
0.2047	11.18	0.588899	0.828797	0.006874	0.000057
0.2047	11.55	0.588899	0.824787	0.005938	0.000043
0.2047	11.92	0.588899	0.828222	0.005902	0.000042
0.2047	12.29	0.588899	0.832258	0.004456	0.000024
0.2047	12.65	0.588899	0.834352	0.004426	0.000023
0.2047	13.02	0.588899	0.828810	0.004757	0.000027
0.2047	13.39	0.588899	0.830153	0.005399	0.000035
0.2047	13.76	0.588899	0.831728	0.006052	0.000044
0.2047	14.12	0.588899	0.842517	0.004967	0.000029
0.2047	14.49	0.588899	0.839052	0.003927	0.000018
0.2047	14.86	0.588899	0.840253	0.004561	0.000025
0.2047	15.22	0.588899	0.853717	0.004817	0.000027
0.2047	15.59	0.588899	0.855397	0.004327	0.000022
0.2047	15.96	0.588899	0.852890	0.002897	0.000010
0.2047	16.33	0.588899	0.854022	0.003102	0.000011
0.2047	16.69	0.588899	0.845570	0.003611	0.000015
0.2047	17.06	0.588899	0.849084	0.004363	0.000022
0.2047	17.43	0.588899	0.849440	0.003068	0.000011
0.2047	17.80	0.588899	0.855906	0.004571	0.000024
0.2047	18.16	0.588899	0.857583	0.004705	0.000026
0.2047	18.53	0.588899	0.856788	0.003409	0.000014
0.2047	18.90	0.588899	0.856658	0.003664	0.000016
0.2047	19.27	0.588899	0.851374	0.003000	0.000011
0.2047	19.63	0.588899	0.851206	0.003962	0.000018
0.2047	20.00	0.588899	0.844705	0.003960	0.000019
0.2173	2.00	0.549502	0.000000	0.000000	0.000000
0.2173	2.37	0.549502	0.000000	0.000000	0.000000
0.2173	2.73	0.549502	0.000000	0.000000	0.000000
0.2173	3.10	0.549502	0.000000	0.000000	0.000000
0.2173	3.47	0.549502	0.000000	0.000000	0.000000
0.2173	3.84	0.549502	0.000000	0.000000	0.000000
0.2173	4.20	0.549502	0.000000	0.000000	0.000000
0.2173	4.57	0.549502	0.054545	0.000000	0.000000
0.2173	4.94	0.549502	0.054545	0.000000	0.000000
0.2173	5.31	0.549502	0.052525	0.000000	0.000000
0.2173	5.67	0.549502	0.056566	0.000000	0.000000
0.2173	6.04	0.549502	0.052525	0.000000	0.000000
0.2173	6.41	0.549502	0.050505	0.000000	0.000000
0.2173	6.78	0.549502	0.052525	0.001428	0.000039
0.2173	7.14	0.549502	0.050505	0.000000	0.000000
0.2173	7.51	0.549502	0.055219	0.004151	0.000312
0.2173	7.88	0.549502	0.055556	0.004165	0.000312
0.2173	8.24	0.549502	0.064310	0.010129	0.001595
0.2173	8.61	0.549502	0.065512	0.013823	0.002917
0.2173	8.98	0.549502	0.060963	0.006168	0.000624
0.2173	9.35	0.549502	0.064187	0.011524	0.002069
0.2173	9.71	0.549502	0.081501	0.074175	0.067508
0.2173	10.08	0.549502	0.189437	0.228249	0.275012
0.2173	10.45	0.549502	0.171759	0.246207	0.352923
0.2173	10.82	0.549502	0.226626	0.298117	0.392161
0.2173	11.18	0.549502	0.536227	0.390382	0.284204
0.2173	11.55	0.549502	0.704100	0.366913	0.191202
0.2173	11.92	0.549502	0.758672	0.341130	0.153386
0.2173	12.29	0.549502	0.889305	0.188937	0.040141
0.2173	12.65	0.549502	0.917294	0.140528	0.021529
0.2173	13.02	0.549502	0.956510	0.006236	0.000041
0.2173	13.39	0.549502	0.935244	0.143920	0.022147
0.2173	13.76	0.549502	0.962233	0.003804	0.000015
0.2173	14.12	0.549502	0.967295	0.004670	0.000023
0.2173	14.49	0.549502	0.969910	0.004767	0.000023
0.2173	14.86	0.549502	0.972494	0.004790	0.000024
0.2173	15.22	0.549502	0.970733	0.002995	0.000009
0.2173	15.59	0.549502	0.970535	0.003427	0.000012
0.2173	15.96	0.549502	0.971162	0.004494	0.000021
0.2173	16.33	0.549502	0.971274	0.004315	0.000019
0.2173	16.69	0.549502	0.974230	0.003960	0.000016
0.2173	17.06	0.549502	0.980981	0.003940	0.000016
0.2173	17.43	0.549502	0.981178	0.003977	0.000016
0.2173	17.80	0.549502	0.967725	0.003727	0.000014
0.2173	18.16	0.549502	0.969360	0.004157	0.000018
0.2173	18.53	0.549502	0.979413	0.003247	0.000011
0.2173	18.90	0.549502	0.980952	0.003122	0.000010
0.2173	19.27	0.549502	0.981578	0.003505	0.000013
0.2173	19.63	0.549502	0.982588	0.002821	0.000008
0.2173	20.00	0.549502	0.983213	0.002226	0.000005
0.2293	2.00	0.519609	0.000000	0.000000	0.000000
0.2293	2.37	0.519609	0.000000	0.000000	0.000000
0.2293	2.73	0.519609	0.000000	0.000000	0.000000
0.2293	3.10	0.519609	0.000000	0.000000	0.000000
0.2293	3.47	0.519609	0.000000	0.000000	0.000000
0.2293	3.84	0.519609	0.000000	0.000000	0.000000
0.2293	4.20	0.519609	0.000000	0.000000	0.000000
0.2293	4.57	0.519609	0.000000	0.000000	0.000000
0.2293	4.94	0.519609	0.000000	0.000000	0.000000
0.2293	5.31	0.519609	0.000000	0.000000	0.000000
0.2293	5.67	0.519609	0.000000	0.000000	0.000000
0.2293	6.04	0.519609	0.000000	0.000000	0.000000
0.2293	6.41	0.519609	0.000000	0.000000	0.000000
0.2293	6.78	0.519609	0.050505	0.000000	0.000000
0.2293	7.14	0.519609	0.052525	0.000000	0.000000
0.2293	7.51	0.519609	0.057071	0.004818	0.000407
0.2293	7.88	0.519609	0.061279	0.006459	0.000681
0.2293	8.24	0.519609	0.063636	0.014462	0.003287
0.2293	8.61	0.519609	0.065657	0.019595	0.005848
0.2293	8.98	0.519609	0.061557	0.013651	0.003027
0.2293	9.35	0.519609	0.064242	0.017056	0.004528
0.2293	9.71	0.519609	0.071785	0.032636	0.014838
0.2293	10.08	0.519609	0.084356	0.071733	0.061000
0.2293	10.45	0.519609	0.109397	0.085926	0.067491
0.2293	10.82	0.519609	0.159596	0.144930	0.131612
0.2293	11.18	0.519609	0.342677	0.251488	0.184565
0.2293	11.55	0.519609	0.546724	0.265163	0.128605
0.2293	11.92	0.519609	0.641854	0.315792	0.155370
0.2293	12.29	0.519609	0.930211	0.018583	0.000371
0.2293	12.65	0.519609	0.938027	0.010483	0.000117
0.2293	13.02	0.519609	0.943261	0.012447	0.000164
0.2293	13.39	0.519609	0.942069	0.005519	0.000032
0.2293	13.76	0.519609	0.925837	0.134452	0.019525
0.2293	14.12	0.519609	0.953173	0.004385	0.000020
0.2293	14.49	0.519609	0.950707	0.006863	0.000050
0.2293	14.86	0.519609	0.954394	0.005512	0.000032
0.2293	15.22	0.519609	0.959192	0.005055	0.000027
0.2293	15.59	0.519609	0.960455	0.003830	0.000015
0.2293	15.96	0.519609	0.962727	0.004628	0.000022
0.2293	16.33	0.519609	0.970387	0.003387	0.000012
0.2293	16.69	0.519609	0.971077	0.003926	0.000016
0.2293	17.06	0.519609	0.964576	0.003413	0.000012
0.2293	17.43	0.519609	0.965985	0.003345	0.000012
0.2293	17.80	0.519609	0.966070	0.003123	0.000010
0.2293	18.16	0.519609	0.967034	0.002612	0.000007
0.2293	18.53	0.519609	0.970130	0.003430	0.000012
0.2293	18.90	0.519609	0.970496	0.003146	0.000010
0.2293	19.27	0.519609	0.971811	0.003288	0.000011
0.2293	19.63	0.519609	0.972246	0.002535	0.000007
0.2293	20.00	0.519609	0.972920	0.002926	0.000009
0.2374	2.00	0.469573	0.000000	0.000000	0.000000
0.2374	2.37	0.469573	0.000000	0.000000	0.000000
0.2374	2.73	0.469573	0.000000	0.000000	0.000000
0.2374	3.10	0.469573	0.000000	0.000000	0.000000
0.2374	3.47	0.469573	0.000000	0.000000	0.000000
0.2374	3.84	0.469573	0.000000	0.000000	0.000000
0.2374	4.20	0.469573	0.000000	0.000000	0.000000
0.2374	4.57	0.469573	0.000000	0.000000	0.000000
0.2374	4.94	0.469573	0.000000	0.000000	0.000000
0.2374	5.31	0.469573	0.000000	0.000000	0.000000
0.2374	5.67	0.469573	0.000000	0.000000	0.000000
0.2374	6.04	0.469573	0.000000	0.000000	0.000000
0.2374	6.41	0.469573	0.000000	0.000000	0.000000
0.2374	6.78	0.469573	0.000000	0.000000	0.000000
0.2374	7.14	0.469573	0.052314	0.000000	0.000000
0.2374	7.51	0.469573	0.050302	0.000000	0.000000
0.2374	7.88	0.469573	0.056338	0.005691	0.000575
0.2374	8.24	0.469573	0.054901	0.004263	0.000331
0.2374	8.61	0.469573	0.057143	0.005339	0.000499
0.2374	8.98	0.469573	0.056338	0.006697	0.000796
0.2374	9.35	0.469573	0.093561	0.112236	0.134638
0.2374	9.71	0.469573	0.086519	0.087982	0.089470
0.2374	10.08	0.469573	0.117653	0.127243	0.137614
0.2374	10.45	0.469573	0.218767	0.243475	0.270973
0.2374	10.82	0.469573	0.223921	0.279023	0.347683
0.2374	11.18	0.469573	0.389032	0.378140	0.367552
0.2374	11.55	0.469573	0.513852	0.419169	0.341932
0.2374	11.92	0.469573	0.747566	0.354134	0.167758
0.2374	12.29	0.469573	0.904841	0.204723	0.046319
0.2374	12.65	0.469573	0.935614	0.149764	0.023973
0.2374	13.02	0.469573	0.919294	0.141232	0.021698
0.2374	13.39	0.469573	0.950984	0.011695	0.000144
0.2374	13.76	0.469573	0.930372	0.136572	0.020048
0.2374	14.12	0.469573	0.971725	0.009781	0.000098
0.2374	14.49	0.469573	0.975273	0.004278	0.000019
0.2374	14.86	0.469573	0.977708	0.003789	0.000015
0.2374	15.22	0.469573	0.975804	0.002637	0.000007
0.2374	15.59	0.469573	0.977716	0.002397	0.000006
0.2374	15.96	0.469573	0.976051	0.003869	0.000015
0.2374	16.33	0.469573	0.978622	0.003203	0.000010
0.2374	16.69	0.469573	0.979339	0.003528	0.000013
0.2374	17.06	0.469573	0.986730	0.003431	0.000012
0.2374	17.43	0.469573	0.987975	0.002128	0.000005
0.2374	17.80	0.469573	0.984002	0.001718	0.000003
0.2374	18.16	0.469573	0.984002	0.001775	0.000003
0.2374	18.53	0.469573	0.987085	0.002502	0.000006
0.2374	18.90	0.469573	0.987694	0.001747	0.000003
0.2374	19.27	0.469573	0.988208	0.001599	0.000003
0.2374	19.63	0.469573	0.991390	0.002004	0.000004
0.2374	20.00	0.469573	0.991765	0.001980	0.000004
0.2451	2.00	0.455372	0.000000	0.000000	0.000000
0.2451	2.37	0.455372	0.000000	0.000000	0.000000
0.2451	2.73	0.455372	0.000000	0.000000	0.000000
0.2451	3.10	0.455372	0.000000	0.000000	0.000000
0.2451	3.47	0.455372	0.000000	0.000000	0.000000
0.2451	3.84	0.455372	0.000000	0.000000	0.000000
0.2451	4.20	0.455372	0.000000	0.000000	0.000000
0.2451	4.57	0.455372	0.000000	0.000000	0.000000
0.2451	4.94	0.455372	0.000000	0.000000	0.000000
0.2451	5.31	0.455372	0.000000	0.000000	0.000000
0.2451	5.67	0.455372	0.000000	0.000000	0.000000
0.2451	6.04	0.455372	0.000000	0.000000	0.000000
0.2451	6.41	0.455372	0.000000	0.000000	0.000000
0.2451	6.78	0.455372	0.000000	0.000000	0.000000
0.2451	7.14	0.455372	0.053199	0.001905	0.000068
0.2451	7.51	0.455372	0.052525	0.001278	0.000031
0.2451	7.88	0.455372	0.055988	0.007221	0.000931
0.2451	8.24	0.455372	0.056133	0.007604	0.001030
0.2451	8.61	0.455372	0.058730	0.009940	0.001682
0.2451	8.98	0.455372	0.061818	0.019352	0.006058
0.2451	9.35	0.455372	0.088981	0.081967	0.075506
0.2451	9.71	0.455372	0.098990	0.102743	0.106639
0.2451	10.08	0.455372	0.157155	0.189479	0.228453
0.2451	10.45	0.455372	0.241639	0.265167	0.290986
0.2451	10.82	0.455372	0.466035	0.343156	0.252677
0.2451	11.18	0.455372	0.715825	0.274835	0.105521
0.2451	11.55	0.455372	0.817740	0.136052	0.022636
0.2451	11.92	0.455372	0.764409	0.251008	0.082423
0.2451	12.29	0.455372	0.861647	0.008234	0.000079
0.2451	12.65	0.455372	0.869340	0.006993	0.000056
0.2451	13.02	0.455372	0.880022	0.006376	0.000046
0.2451	13.39	0.455372	0.882660	0.005353	0.000032
0.2451	13.76	0.455372	0.885667	0.005003	0.000028
0.2451	14.12	0.455372	0.885008	0.004232	0.000020
0.2451	14.49	0.455372	0.886661	0.004061	0.000019
0.2451	14.86	0.455372	0.891116	0.004359	0.000021
0.2451	15.22	0.455372	0.892256	0.003971	0.000018
0.2451	15.59	0.455372	0.893718	0.004254	0.000020
0.2451	15.96	0.455372	0.901010	0.004189	0.000019
0.2451	16.33	0.455372	0.902071	0.004213	0.000020
0.2451	16.69	0.455372	0.901798	0.003912	0.000017
0.2451	17.06	0.455372	0.897561	0.003947	0.000017
0.2451	17.43	0.455372	0.900000	0.003998	0.000018
0.2451	17.80	0.455372	0.905195	0.004483	0.000022
0.2451	18.16	0.455372	0.905238	0.004353	0.000021
0.2451	18.53	0.455372	0.900493	0.004043	0.000018
0.2451	18.90	0.455372	0.900540	0.004868	0.000026
0.2451	19.27	0.455372	0.904205	0.003267	0.000012
0.2451	19.63	0.455372	0.905147	0.003791	0.000016
0.2451	20.00	0.455372	0.907792	0.004224	0.000020
0.2543	2.00	0.528923	0.000000	0.000000	0.000000
0.2543	2.37	0.528923	0.000000	0.000000	0.000000
0.2543	2.73	0.528923	0.000000	0.000000	0.000000
0.2543	3.10	0.528923	0.000000	0.000000	0.000000
0.2543	3.47	0.528923	0.000000	0.000000	0.000000
0.2543	3.84	0.528923	0.000000	0.000000	0.000000
0.2543	4.20	0.528923	0.000000	0.000000	0.000000
0.2543	4.57	0.528923	0.000000	0.000000	0.000000
0.2543	4.94	0.528923	0.000000	0.000000	0.000000
0.2543	5.31	0.528923	0.000000	0.000000	0.000000
0.2543	5.67	0.528923	0.000000	0.000000	0.000000
0.2543	6.04	0.528923	0.000000	0.000000	0.000000
0.2543	6.41	0.528923	0.050505	0.000000	0.000000
0.2543	6.78	0.528923	0.051515	0.001010	0.000020
0.2543	7.14	0.528923	0.052525	0.000000	0.000000
0.2543	7.51	0.528923	0.052525	0.000000	0.000000
0.2543	7.88	0.528923	0.051515	0.001010	0.000020
0.2543	8.24	0.528923	0.057431	0.008561	0.001276
0.2543	8.61	0.528923	0.054913	0.004859	0.000430
0.2543	8.98	0.528923	0.056566	0.009379	0.001555
0.2543	9.35	0.528923	0.065909	0.032196	0.015727
0.2543	9.71	0.528923	0.078788	0.053540	0.036382
0.2543	10.08	0.528923	0.099922	0.097659	0.095447
0.2543	10.45	0.528923	0.179394	0.218064	0.265071
0.2543	10.82	0.528923	0.352475	0.336574	0.321391
0.2543	11.18	0.528923	0.726389	0.284689	0.111576
0.2543	11.55	0.528923	0.653768	0.342247	0.179166
0.2543	11.92	0.528923	0.829875	0.228304	0.062808
0.2543	12.29	0.528923	0.890794	0.143053	0.022973
0.2543	12.65	0.528923	0.926753	0.005597	0.000034
0.2543	13.02	0.528923	0.930640	0.003809	0.000016
0.2543	13.39	0.528923	0.933989	0.004814	0.000025
0.2543	13.76	0.528923	0.947060	0.003109	0.000010
0.2543	14.12	0.528923	0.949058	0.003120	0.000010
0.2543	14.49	0.528923	0.953429	0.004144	0.000018
0.2543	14.86	0.528923	0.955141	0.004071	0.000017
0.2543	15.22	0.528923	0.959697	0.004114	0.000018
0.2543	15.59	0.528923	0.961010	0.003917	0.000016
0.2543	15.96	0.528923	0.962374	0.003825	0.000015
0.2543	16.33	0.528923	0.968081	0.003356	0.000012
0.2543	16.69	0.528923	0.969192	0.004034	0.000017
0.2543	17.06	0.528923	0.964646	0.004587	0.000022
0.2543	17.43	0.528923	0.966549	0.004163	0.000018
0.2543	17.80	0.528923	0.964887	0.004111	0.000018
0.2543	18.16	0.528923	0.966032	0.004023	0.000017
0.2543	18.53	0.528923	0.971388	0.002953	0.000009
0.2543	18.90	0.528923	0.971669	0.002907	0.000009
0.2543	19.27	0.528923	0.969274	0.003248	0.000011
0.2543	19.63	0.528923	0.969556	0.002735	0.000008
0.2543	20.00	0.528923	0.972469	0.002615	0.000007
0.2659	2.00	0.527230	0.000000	0.000000	0.000000
0.2659	2.37	0.527230	0.000000	0.000000	0.000000
0.2659	2.73	0.527230	0.000000	0.000000	0.000000
0.2659	3.10	0.527230	0.000000	0.000000	0.000000
0.2659	3.47	0.527230	0.000000	0.000000	0.000000
0.2659	3.84	0.527230	0.000000	0.000000	0.000000
0.2659	4.20	0.527230	0.000000	0.000000	0.000000
0.2659	4.57	0.527230	0.000000	0.000000	0.000000
0.2659	4.94	0.527230	0.000000	0.000000	0.000000
0.2659	5.31	0.527230	0.000000	0.000000	0.000000
0.2659	5.67	0.527230	0.000000	0.000000	0.000000
0.2659	6.04	0.527230	0.054108	0.000000	0.000000
0.2659	6.41	0.527230	0.058116	0.000000	0.000000
0.2659	6.78	0.527230	0.054108	0.005668	0.000594
0.2659	7.14	0.527230	0.062124	0.000000	0.000000
0.2659	7.51	0.527230	0.050100	0.000000	0.000000
0.2659	7.88	0.527230	0.052772	0.001889	0.000068
0.2659	8.24	0.527230	0.058116	0.008735	0.001313
0.2659	8.61	0.527230	0.055110	0.005207	0.000492
0.2659	8.98	0.527230	0.058437	0.009116	0.001422
0.2659	9.35	0.527230	0.066399	0.025870	0.010079
0.2659	9.71	0.527230	0.096479	0.086747	0.077996
0.2659	10.08	0.527230	0.096049	0.073890	0.056844
0.2659	10.45	0.527230	0.135675	0.147758	0.160917
0.2659	10.82	0.527230	0.307807	0.282270	0.258852
0.2659	11.18	0.527230	0.509262	0.350376	0.241062
0.2659	11.55	0.527230	0.606001	0.370597	0.226637
0.2659	11.92	0.527230	0.849118	0.213473	0.053668
0.2659	12.29	0.527230	0.873810	0.215002	0.052901
0.2659	12.65	0.527230	0.950961	0.007719	0.000063
0.2659	13.02	0.527230	0.937131	0.005271	0.000030
0.2659	13.39	0.527230	0.939135	0.004622	0.000023
0.2659	13.76	0.527230	0.951560	0.009812	0.000101
0.2659	14.12	0.527230	0.955154	0.004502	0.000021
0.2659	14.49	0.527230	0.959973	0.004493	0.000021
0.2659	14.86	0.527230	0.963677	0.006114	0.000039
0.2659	15.22	0.527230	0.966027	0.005061	0.000027
0.2659	15.59	0.527230	0.966266	0.004522	0.000021
0.2659	15.96	0.527230	0.968425	0.005252	0.000028
0.2659	16.33	0.527230	0.969539	0.004994	0.000026
0.2659	16.69	0.527230	0.964710	0.003063	0.000010
0.2659	17.06	0.527230	0.965502	0.002951	0.000009
0.2659	17.43	0.527230	0.967411	0.004670	0.000023
0.2659	17.80	0.527230	0.970406	0.004425	0.000020
0.2659	18.16	0.527230	0.971058	0.004015	0.000017
0.2659	18.53	0.527230	0.976817	0.002910	0.000009
0.2659	18.90	0.527230	0.977723	0.003001	0.000009
0.2659	19.27	0.527230	0.975997	0.003066	0.000010
0.2659	19.63	0.527230	0.976620	0.002834	0.000008
0.2659	20.00	0.527230	0.977574	0.002704	0.000007
0.2892	2.00	0.441976	0.000000	0.000000	0.000000
0.2892	2.37	0.441976	0.000000	0.000000	0.000000
0.2892	2.73	0.441976	0.000000	0.000000	0.000000
0.2892	3.10	0.441976	0.000000	0.000000	0.000000
0.2892	3.47	0.441976	0.000000	0.000000	0.000000
0.2892	3.84	0.441976	0.000000	0.000000	0.000000
0.2892	4.20	0.441976	0.000000	0.000000	0.000000
0.2892	4.57	0.441976	0.000000	0.000000	0.000000
0.2892	4.94	0.441976	0.000000	0.000000	0.000000
0.2892	5.31	0.441976	0.000000	0.000000	0.000000
0.2892	5.67	0.441976	0.000000	0.000000	0.000000
0.2892	6.04	0.441976	0.000000	0.000000	0.000000
0.2892	6.41	0.441976	0.050302	0.000000	0.000000
0.2892	6.78	0.441976	0.050302	0.000000	0.000000
0.2892	7.14	0.441976	0.052314	0.000000	0.000000
0.2892	7.51	0.441976	0.056338	0.000000	0.000000
0.2892	7.88	0.441976	0.052314	0.002405	0.000111
0.2892	8.24	0.441976	0.054901	0.003352	0.000205
0.2892	8.61	0.441976	0.057009	0.004449	0.000347
0.2892	8.98	0.441976	0.054326	0.003367	0.000209
0.2892	9.35	0.441976	0.055936	0.006600	0.000779
0.2892	9.71	0.441976	0.061494	0.012524	0.002551
0.2892	10.08	0.441976	0.061125	0.010847	0.001925
0.2892	10.45	0.441976	0.072956	0.027711	0.010525
0.2892	10.82	0.441976	0.070465	0.028650	0.011648
0.2892	11.18	0.441976	0.097431	0.064126	0.042206
0.2892	11.55	0.441976	0.145152	0.137923	0.131055
0.2892	11.92	0.441976	0.162978	0.152210	0.142153
0.2892	12.29	0.441976	0.274439	0.234748	0.200798
0.2892	12.65	0.441976	0.385620	0.299508	0.232626
0.2892	13.02	0.441976	0.694747	0.223439	0.071861
0.2892	13.39	0.441976	0.894534	0.039982	0.001787
0.2892	13.76	0.441976	0.907974	0.137001	0.020672
0.2892	14.12	0.441976	0.943198	0.011137	0.000132
0.2892	14.49	0.441976	0.932363	0.139151	0.020768
0.2892	14.86	0.441976	0.959123	0.005017	0.000026
0.2892	15.22	0.441976	0.962173	0.005904	0.000036
0.2892	15.59	0.441976	0.969279	0.004787	0.000024
0.2892	15.96	0.441976	0.972322	0.003289	0.000011
0.2892	16.33	0.441976	0.972518	0.004112	0.000017
0.2892	16.69	0.441976	0.972763	0.003387	0.000012
0.2892	17.06	0.441976	0.973268	0.003707	0.000014
0.2892	17.43	0.441976	0.975328	0.004073	0.000017
0.2892	17.80	0.441976	0.977119	0.003954	0.000016
0.2892	18.16	0.441976	0.978990	0.002686	0.000007
0.2892	18.53	0.441976	0.980066	0.002772	0.000008
0.2892	18.90	0.441976	0.978736	0.001840	0.000003
0.2892	19.27	0.441976	0.979177	0.001835	0.000003
0.2892	19.63	0.441976	0.977727	0.003939	0.000016
0.2892	20.00	0.441976	0.978142	0.003680	0.000014
0.3034	2.00	0.503929	0.000000	0.000000	0.000000
0.3034	2.37	0.503929	0.000000	0.000000	0.000000
0.3034	2.73	0.503929	0.000000	0.000000	0.000000
0.3034	3.10	0.503929	0.000000	0.000000	0.000000
0.3034	3.47	0.503929	0.000000	0.000000	0.000000
0.3034	3.84	0.503929	0.000000	0.000000	0.000000
0.3034	4.20	0.503929	0.000000	0.000000	0.000000
0.3034	4.57	0.503929	0.000000	0.000000	0.000000
0.3034	4.94	0.503929	0.000000	0.000000	0.000000
0.3034	5.31	0.503929	0.000000	0.000000	0.000000
0.3034	5.67	0.503929	0.000000	0.000000	0.000000
0.3034	6.04	0.503929	0.052314	0.000000	0.000000
0.3034	6.41	0.503929	0.050302	0.000000	0.000000
0.3034	6.78	0.503929	0.054326	0.000000	0.000000
0.3034	7.14	0.503929	0.051308	0.001006	0.000020
0.3034	7.51	0.503929	0.059356	0.005418	0.000494
0.3034	7.88	0.503929	0.060362	0.009579	0.001520
0.3034	8.24	0.503929	0.060865	0.010297	0.001742
0.3034	8.61	0.503929	0.126090	0.151208	0.181329
0.3034	8.98	0.503929	0.219956	0.265599	0.320712
0.3034	9.35	0.503929	0.272636	0.308555	0.349205
0.3034	9.71	0.503929	0.317491	0.338862	0.361671
0.3034	10.08	0.503929	0.534517	0.353343	0.233577
0.3034	10.45	0.503929	0.737999	0.235221	0.074971
0.3034	10.82	0.503929	0.760044	0.223687	0.065833
0.3034	11.18	0.503929	0.819920	0.135870	0.022515
0.3034	11.55	0.503929	0.850918	0.140782	0.023292
0.3034	11.92	0.503929	0.884187	0.007977	0.000072
0.3034	12.29	0.503929	0.859385	0.134837	0.021156
0.3034	12.65	0.503929	0.888945	0.007990	0.000072
0.3034	13.02	0.503929	0.897776	0.007961	0.000071
0.3034	13.39	0.503929	0.902333	0.008595	0.000082
0.3034	13.76	0.503929	0.909892	0.006261	0.000043
0.3034	14.12	0.503929	0.912810	0.006169	0.000042
0.3034	14.49	0.503929	0.916499	0.006409	0.000045
0.3034	14.86	0.503929	0.916576	0.005815	0.000037
0.3034	15.22	0.503929	0.918109	0.004458	0.000022
0.3034	15.59	0.503929	0.916499	0.007985	0.000070
0.3034	15.96	0.503929	0.919910	0.006519	0.000046
0.3034	16.33	0.503929	0.923158	0.006633	0.000048
0.3034	16.69	0.503929	0.927565	0.006225	0.000042
0.3034	17.06	0.503929	0.928498	0.005744	0.000036
0.3034	17.43	0.503929	0.925357	0.005511	0.000033
0.3034	17.80	0.503929	0.934210	0.005498	0.000032
0.3034	18.16	0.503929	0.934350	0.007064	0.000053
0.3034	18.53	0.503929	0.939782	0.005946	0.000038
0.3034	18.90	0.503929	0.940527	0.004578	0.000022
0.3034	19.27	0.503929	0.929669	0.004776	0.000025
0.3034	19.63	0.503929	0.913389	0.127388	0.017766
0.3034	20.00	0.503929	0.923191	0.124586	0.016813
0.3103	2.00	0.399325	0.000000	0.000000	0.000000
0.3103	2.37	0.399325	0.000000	0.000000	0.000000
0.3103	2.73	0.399325	0.000000	0.000000	0.000000
0.3103	3.10	0.399325	0.000000	0.000000	0.000000
0.3103	3.47	0.399325	0.000000	0.000000	0.000000
0.3103	3.84	0.399325	0.000000	0.000000	0.000000
0.3103	4.20	0.399325	0.000000	0.000000	0.000000
0.3103	4.57	0.399325	0.000000	0.000000	0.000000
0.3103	4.94	0.399325	0.000000	0.000000	0.000000
0.3103	5.31	0.399325	0.000000	0.000000	0.000000
0.3103	5.67	0.399325	0.000000	0.000000	0.000000
0.3103	6.04	0.399325	0.000000	0.000000	0.000000
0.3103	6.41	0.399325	0.000000	0.000000	0.000000
0.3103	6.78	0.399325	0.000000	0.000000	0.000000
0.3103	7.14	0.399325	0.000000	0.000000	0.000000
0.3103	7.51	0.399325	0.000000	0.000000	0.000000
0.3103	7.88	0.399325	0.000000	0.000000	0.000000
0.3103	8.24	0.399325	0.050403	0.000000	0.000000
0.3103	8.61	0.399325	0.053091	0.000950	0.000017
0.3103	8.98	0.399325	0.051411	0.001746	0.000059
0.3103	9.35	0.399325	0.054435	0.003718	0.000254
0.3103	9.71	0.399325	0.057519	0.006919	0.000832
0.3103	10.08	0.399325	0.059332	0.008657	0.001263
0.3103	10.45	0.399325	0.064889	0.015923	0.003907
0.3103	10.82	0.399325	0.070381	0.020018	0.005694
0.3103	11.18	0.399325	0.080952	0.030280	0.011326
0.3103	11.55	0.399325	0.094459	0.061605	0.040178
0.3103	11.92	0.399325	0.150269	0.154858	0.159587
0.3103	12.29	0.399325	0.256708	0.237829	0.220339
0.3103	12.65	0.399325	0.396505	0.279724	0.197337
0.3103	13.02	0.399325	0.689718	0.258114	0.096594
0.3103	13.39	0.399325	0.440447	0.273713	0.170097
0.3103	13.76	0.399325	0.666239	0.252252	0.095508
0.3103	14.12	0.399325	0.817641	0.164085	0.032929
0.3103	14.49	0.399325	0.955800	0.020643	0.000446
0.3103	14.86	0.399325	0.965157	0.006552	0.000044
0.3103	15.22	0.399325	0.965578	0.007403	0.000057
0.3103	15.59	0.399325	0.972217	0.006368	0.000042
0.3103	15.96	0.399325	0.975958	0.005028	0.000026
0.3103	16.33	0.399325	0.982248	0.003484	0.000012
0.3103	16.69	0.399325	0.983527	0.002882	0.000008
0.3103	17.06	0.399325	0.984063	0.002633	0.000007
0.3103	17.43	0.399325	0.982417	0.003377	0.000012
0.3103	17.80	0.399325	0.984639	0.003109	0.000010
0.3103	18.16	0.399325	0.986215	0.003163	0.000010
0.3103	18.53	0.399325	0.987669	0.003374	0.000012
0.3103	18.90	0.399325	0.980343	0.002511	0.000006
0.3103	19.27	0.399325	0.981717	0.002409	0.000006
0.3103	19.63	0.399325	0.989357	0.002355	0.000006
0.3103	20.00	0.399325	0.990060	0.002694	0.000007
0.3169	2.00	0.508745	0.000000	0.000000	0.000000
0.3169	2.37	0.508745	0.000000	0.000000	0.000000
0.3169	2.73	0.508745	0.000000	0.000000	0.000000
0.3169	3.10	0.508745	0.000000	0.000000	0.000000
0.3169	3.47	0.508745	0.000000	0.000000	0.000000
0.3169	3.84	0.508745	0.000000	0.000000	0.000000
0.3169	4.20	0.508745	0.000000	0.000000	0.000000
0.3169	4.57	0.508745	0.000000	0.000000	0.000000
0.3169	4.94	0.508745	0.000000	0.000000	0.000000
0.3169	5.31	0.508745	0.000000	0.000000	0.000000
0.3169	5.67	0.508745	0.051020	0.000000	0.000000
0.3169	6.04	0.508745	0.000000	0.000000	0.000000
0.3169	6.41	0.508745	0.053061	0.000000	0.000000
0.3169	6.78	0.508745	0.061224	0.000000	0.000000
0.3169	7.14	0.508745	0.055102	0.000000	0.000000
0.3169	7.51	0.508745	0.058163	0.007143	0.000877
0.3169	7.88	0.508745	0.060408	0.008716	0.001258
0.3169	8.24	0.508745	0.056327	0.005259	0.000491
0.3169	8.61	0.508745	0.058163	0.007636	0.001003
0.3169	8.98	0.508745	0.067638	0.016702	0.004124
0.3169	9.35	0.508745	0.071514	0.029624	0.012271
0.3169	9.71	0.508745	0.166883	0.176003	0.185622
0.3169	10.08	0.508745	0.247531	0.244524	0.241554
0.3169	10.45	0.508745	0.421669	0.336085	0.267872
0.3169	10.82	0.508745	0.637143	0.312711	0.153479
0.3169	11.18	0.508745	0.757604	0.261918	0.090550
0.3169	11.55	0.508745	0.860395	0.140773	0.023032
0.3169	11.92	0.508745	0.874550	0.137314	0.021560
0.3169	12.29	0.508745	0.894620	0.012659	0.000179
0.3169	12.65	0.508745	0.912070	0.012180	0.000163
0.3169	13.02	0.508745	0.922741	0.009037	0.000089
0.3169	13.39	0.508745	0.936238	0.008265	0.000073
0.3169	13.76	0.508745	0.943609	0.008074	0.000069
0.3169	14.12	0.508745	0.940044	0.006832	0.000050
0.3169	14.49	0.508745	0.920918	0.136612	0.020265
0.3169	14.86	0.508745	0.946415	0.005822	0.000036
0.3169	15.22	0.508745	0.957959	0.007715	0.000062
0.3169	15.59	0.508745	0.960677	0.004897	0.000025
0.3169	15.96	0.508745	0.957041	0.007943	0.000066
0.3169	16.33	0.508745	0.958017	0.008165	0.000070
0.3169	16.69	0.508745	0.961710	0.006751	0.000047
0.3169	17.06	0.508745	0.965598	0.005223	0.000028
0.3169	17.43	0.508745	0.967153	0.004516	0.000021
0.3169	17.80	0.508745	0.972283	0.004866	0.000024
0.3169	18.16	0.508745	0.972546	0.005348	0.000029
0.3169	18.53	0.508745	0.972093	0.004974	0.000025
0.3169	18.90	0.508745	0.972046	0.004772	0.000023
0.3169	19.27	0.508745	0.980844	0.003432	0.000012
0.3169	19.63	0.508745	0.981076	0.003491	0.000012
0.3169	20.00	0.508745	0.973802	0.005771	0.000034
0.3263	2.00	0.352852	0.000000	0.000000	0.000000
0.3263	2.37	0.352852	0.000000	0.000000	0.000000
0.3263	2.73	0.352852	0.000000	0.000000	0.000000
0.3263	3.10	0.352852	0.000000	0.000000	0.000000
0.3263	3.47	0.352852	0.000000	0.000000	0.000000
0.3263	3.84	0.352852	0.000000	0.000000	0.000000
0.3263	4.20	0.352852	0.000000	0.000000	0.000000
0.3263	4.57	0.352852	0.000000	0.000000	0.000000
0.3263	4.94	0.352852	0.000000	0.000000	0.000000
0.3263	5.31	0.352852	0.000000	0.000000	0.000000
0.3263	5.67	0.352852	0.000000	0.000000	0.000000
0.3263	6.04	0.352852	0.000000	0.000000	0.000000
0.3263	6.41	0.352852	0.000000	0.000000	0.000000
0.3263	6.78	0.352852	0.000000	0.000000	0.000000
0.3263	7.14	0.352852	0.000000	0.000000	0.000000
0.3263	7.51	0.352852	0.052209	0.000000	0.000000
0.3263	7.88	0.352852	0.052209	0.000000	0.000000
0.3263	8.24	0.352852	0.051205	0.001004	0.000020
0.3263	8.61	0.352852	0.052496	0.002501	0.000119
0.3263	8.98	0.352852	0.055890	0.005729	0.000587
0.3263	9.35	0.352852	0.057831	0.005875	0.000597
0.3263	9.71	0.352852	0.055398	0.006644	0.000797
0.3263	10.08	0.352852	0.061208	0.020899	0.007136
0.3263	10.45	0.352852	0.063232	0.014796	0.003462
0.3263	10.82	0.352852	0.072919	0.031481	0.013591
0.3263	11.18	0.352852	0.077689	0.039003	0.019581
0.3263	11.55	0.352852	0.111262	0.086391	0.067079
0.3263	11.92	0.352852	0.240400	0.217482	0.196749
0.3263	12.29	0.352852	0.379434	0.300356	0.237759
0.3263	12.65	0.352852	0.539587	0.319526	0.189213
0.3263	13.02	0.352852	0.897702	0.147919	0.024373
0.3263	13.39	0.352852	0.923044	0.142765	0.022081
0.3263	13.76	0.352852	0.954676	0.008359	0.000073
0.3263	14.12	0.352852	0.970660	0.005566	0.000032
0.3263	14.49	0.352852	0.974371	0.004477	0.000021
0.3263	14.86	0.352852	0.970703	0.003572	0.000013
0.3263	15.22	0.352852	0.970961	0.002906	0.000009
0.3263	15.59	0.352852	0.975351	0.003991	0.000016
0.3263	15.96	0.352852	0.956397	0.137489	0.019765
0.3263	16.33	0.352852	0.978629	0.003154	0.000010
0.3263	16.69	0.352852	0.981450	0.003661	0.000014
0.3263	17.06	0.352852	0.983609	0.002837	0.000008
0.3263	17.43	0.352852	0.984557	0.002890	0.000008
0.3263	17.80	0.352852	0.985466	0.002392	0.000006
0.3263	18.16	0.352852	0.986644	0.002558	0.000007
0.3263	18.53	0.352852	0.985337	0.002723	0.000008
0.3263	18.90	0.352852	0.985657	0.002756	0.000008
0.3263	19.27	0.352852	0.987625	0.001884	0.000004
0.3263	19.63	0.352852	0.988000	0.001884	0.000004
0.3263	20.00	0.352852	0.992607	0.002596	0.000007
0.3514	2.00	0.357041	0.000000	0.000000	0.000000
0.3514	2.37	0.357041	0.000000	0.000000	0.000000
0.3514	2.73	0.357041	0.000000	0.000000	0.000000
0.3514	3.10	0.357041	0.000000	0.000000	0.000000
0.3514	3.47	0.357041	0.000000	0.000000	0.000000
0.3514	3.84	0.357041	0.054217	0.000000	0.000000
0.3514	4.20	0.357041	0.054217	0.000000	0.000000
0.3514	4.57	0.357041	0.054217	0.000000	0.000000
0.3514	4.94	0.357041	0.054217	0.000000	0.000000
0.3514	5.31	0.357041	0.000000	0.000000	0.000000
0.3514	5.67	0.357041	0.000000	0.000000	0.000000
0.3514	6.04	0.357041	0.050201	0.000000	0.000000
0.3514	6.41	0.357041	0.050201	0.000000	0.000000
0.3514	6.78	0.357041	0.052209	0.000000	0.000000
0.3514	7.14	0.357041	0.062249	0.010040	0.001619
0.3514	7.51	0.357041	0.060241	0.000000	0.000000
0.3514	7.88	0.357041	0.052711	0.003292	0.000206
0.3514	8.24	0.357041	0.054719	0.005568	0.000566
0.3514	8.61	0.357041	0.055779	0.006045	0.000655
0.3514	8.98	0.357041	0.052209	0.003111	0.000185
0.3514	9.35	0.357041	0.054384	0.004524	0.000376
0.3514	9.71	0.357041	0.056560	0.005806	0.000596
0.3514	10.08	0.357041	0.061322	0.012012	0.002353
0.3514	10.45	0.357041	0.065476	0.017582	0.004721
0.3514	10.82	0.357041	0.081007	0.048290	0.028787
0.3514	11.18	0.357041	0.082972	0.049348	0.029350
0.3514	11.55	0.357041	0.111302	0.107168	0.103187
0.3514	11.92	0.357041	0.211922	0.206843	0.201885
0.3514	12.29	0.357041	0.277525	0.224923	0.182291
0.3514	12.65	0.357041	0.539367	0.288799	0.154635
0.3514	13.02	0.357041	0.675402	0.274079	0.111222
0.3514	13.39	0.357041	0.775259	0.176475	0.040172
0.3514	13.76	0.357041	0.904090	0.031442	0.001093
0.3514	14.12	0.357041	0.937117	0.013829	0.000204
0.3514	14.49	0.357041	0.955718	0.010331	0.000112
0.3514	14.86	0.357041	0.962746	0.006193	0.000040
0.3514	15.22	0.357041	0.967319	0.006460	0.000043
0.3514	15.59	0.357041	0.957229	0.005841	0.000036
0.3514	15.96	0.357041	0.962651	0.004662	0.000023
0.3514	16.33	0.357041	0.974483	0.004635	0.000022
0.3514	16.69	0.357041	0.975463	0.003617	0.000013
0.3514	17.06	0.357041	0.984796	0.003164	0.000010
0.3514	17.43	0.357041	0.985804	0.003281	0.000011
0.3514	17.80	0.357041	0.986131	0.002663	0.000007
0.3514	18.16	0.357041	0.984666	0.002309	0.000005
0.3514	18.53	0.357041	0.984776	0.002341	0.000006
0.3514	18.90	0.357041	0.988086	0.001958	0.000004
0.3514	19.27	0.357041	0.989246	0.002363	0.000006
0.3514	19.63	0.357041	0.984712	0.001877	0.000004
0.3514	20.00	0.357041	0.985230	0.002206	0.000005
0.3951	2.00	0.397786	0.000000	0.000000	0.000000
0.3951	2.37	0.397786	0.000000	0.000000	0.000000
0.3951	2.73	0.397786	0.000000	0.000000	0.000000
0.3951	3.10	0.397786	0.000000	0.000000	0.000000
0.3951	3.47	0.397786	0.000000	0.000000	0.000000
0.3951	3.84	0.397786	0.000000	0.000000	0.000000
0.3951	4.20	0.397786	0.000000	0.000000	0.000000
0.3951	4.57	0.397786	0.000000	0.000000	0.000000
0.3951	4.94	0.397786	0.000000	0.000000	0.000000
0.3951	5.31	0.397786	0.000000	0.000000	0.000000
0.3951	5.67	0.397786	0.000000	0.000000	0.000000
0.3951	6.04	0.397786	0.000000	0.000000	0.000000
0.3951	6.41	0.397786	0.000000	0.000000	0.000000
0.3951	6.78	0.397786	0.000000	0.000000	0.000000
0.3951	7.14	0.397786	0.050302	0.000000	0.000000
0.3951	7.51	0.397786	0.050302	0.000000	0.000000
0.3951	7.88	0.397786	0.000000	0.000000	0.000000
0.3951	8.24	0.397786	0.000000	0.000000	0.000000
0.3951	8.61	0.397786	0.050805	0.000871	0.000015
0.3951	8.98	0.397786	0.053655	0.005770	0.000620
0.3951	9.35	0.397786	0.055719	0.006382	0.000731
0.3951	9.71	0.397786	0.057397	0.006274	0.000686
0.3951	10.08	0.397786	0.060362	0.007548	0.000944
0.3951	10.45	0.397786	0.065301	0.016688	0.004265
0.3951	10.82	0.397786	0.070347	0.020704	0.006094
0.3951	11.18	0.397786	0.075895	0.037919	0.018945
0.3951	11.55	0.397786	0.099340	0.090757	0.082917
0.3951	11.92	0.397786	0.185486	0.174021	0.163266
0.3951	12.29	0.397786	0.253972	0.238018	0.223066
0.3951	12.65	0.397786	0.482303	0.257027	0.136974
0.3951	13.02	0.397786	0.658309	0.261243	0.103672
0.3951	13.39	0.397786	0.707121	0.280174	0.111010
0.3951	13.76	0.397786	0.875795	0.131957	0.019882
0.3951	14.12	0.397786	0.912951	0.009897	0.000107
0.3951	14.49	0.397786	0.915493	0.010239	0.000115
0.3951	14.86	0.397786	0.902750	0.136281	0.020573
0.3951	15.22	0.397786	0.919910	0.135114	0.019845
0.3951	15.59	0.397786	0.946116	0.006371	0.000043
0.3951	15.96	0.397786	0.925602	0.006417	0.000044
0.3951	16.33	0.397786	0.928332	0.005286	0.000030
0.3951	16.69	0.397786	0.933075	0.004522	0.000022
0.3951	17.06	0.397786	0.953067	0.003850	0.000016
0.3951	17.43	0.397786	0.954271	0.004784	0.000024
0.3951	17.80	0.397786	0.948967	0.004227	0.000019
0.3951	18.16	0.397786	0.949922	0.005023	0.000027
0.3951	18.53	0.397786	0.955186	0.004298	0.000019
0.3951	18.90	0.397786	0.957289	0.003736	0.000015
0.3951	19.27	0.397786	0.962502	0.003566	0.000013
0.3951	19.63	0.397786	0.963783	0.004408	0.000020
0.3951	20.00	0.397786	0.959301	0.004156	0.000018
0.4060	2.00	0.404319	0.000000	0.000000	0.000000
0.4060	2.37	0.404319	0.000000	0.000000	0.000000
0.4060	2.73	0.404319	0.000000	0.000000	0.000000
0.4060	3.10	0.404319	0.000000	0.000000	0.000000
0.4060	3.47	0.404319	0.000000	0.000000	0.000000
0.4060	3.84	0.404319	0.000000	0.000000	0.000000
0.4060	4.20	0.404319	0.000000	0.000000	0.000000
0.4060	4.57	0.404319	0.000000	0.000000	0.000000
0.4060	4.94	0.404319	0.000000	0.000000	0.000000
0.4060	5.31	0.404319	0.000000	0.000000	0.000000
0.4060	5.67	0.404319	0.000000	0.000000	0.000000
0.4060	6.04	0.404319	0.000000	0.000000	0.000000
0.4060	6.41	0.404319	0.000000	0.000000	0.000000
0.4060	6.78	0.404319	0.050403	0.000000	0.000000
0.4060	7.14	0.404319	0.062500	0.000000	0.000000
0.4060	7.51	0.404319	0.053763	0.003427	0.000218
0.4060	7.88	0.404319	0.058468	0.005558	0.000528
0.4060	8.24	0.404319	0.056956	0.005769	0.000584
0.4060	8.61	0.404319	0.056956	0.007038	0.000870
0.4060	8.98	0.404319	0.055108	0.008231	0.001229
0.4060	9.35	0.404319	0.063676	0.021264	0.007101
0.4060	9.71	0.404319	0.063105	0.018864	0.005639
0.4060	10.08	0.404319	0.065570	0.028520	0.012405
0.4060	10.45	0.404319	0.100769	0.107215	0.114074
0.4060	10.82	0.404319	0.232303	0.236824	0.241434
0.4060	11.18	0.404319	0.568712	0.392987	0.271560
0.4060	11.55	0.404319	0.700749	0.364653	0.189757
0.4060	11.92	0.404319	0.943296	0.008813	0.000082
0.4060	12.29	0.404319	0.895339	0.203237	0.046134
0.4060	12.65	0.404319	0.956452	0.005604	0.000033
0.4060	13.02	0.404319	0.958295	0.008344	0.000073
0.4060	13.39	0.404319	0.943867	0.142327	0.021462
0.4060	13.76	0.404319	0.945352	0.139661	0.020633
0.4060	14.12	0.404319	0.972941	0.006130	0.000039
0.4060	14.49	0.404319	0.975488	0.004278	0.000019
0.4060	14.86	0.404319	0.976284	0.004044	0.000017
0.4060	15.22	0.404319	0.977254	0.003353	0.000012
0.4060	15.59	0.404319	0.977873	0.004144	0.000018
0.4060	15.96	0.404319	0.983720	0.003355	0.000011
0.4060	16.33	0.404319	0.985346	0.003118	0.000010
0.4060	16.69	0.404319	0.985887	0.003733	0.000014
0.4060	17.06	0.404319	0.986576	0.003105	0.000010
0.4060	17.43	0.404319	0.981902	0.002195	0.000005
0.4060	17.80	0.404319	0.982136	0.002111	0.000005
0.4060	18.16	0.404319	0.981995	0.001865	0.000004
0.4060	18.53	0.404319	0.982176	0.002352	0.000006
0.4060	18.90	0.404319	0.979655	0.002386	0.000006
0.4060	19.27	0.404319	0.980223	0.001979	0.000004
0.4060	19.63	0.404319	0.983917	0.003084	0.000010
0.4060	20.00	0.404319	0.985137	0.003136	0.000010
0.4503	2.00	0.399124	0.000000	0.000000	0.000000
0.4503	2.37	0.399124	0.000000	0.000000	0.000000
0.4503	2.73	0.399124	0.000000	0.000000	0.000000
0.4503	3.10	0.399124	0.000000	0.000000	0.000000
0.4503	3.47	0.399124	0.000000	0.000000	0.000000
0.4503	3.84	0.399124	0.000000	0.000000	0.000000
0.4503	4.20	0.399124	0.050403	0.000000	0.000000
0.4503	4.57	0.399124	0.050403	0.000000	0.000000
0.4503	4.94	0.399124	0.000000	0.000000	0.000000
0.4503	5.31	0.399124	0.000000	0.000000	0.000000
0.4503	5.67	0.399124	0.000000	0.000000	0.000000
0.4503	6.04	0.399124	0.000000	0.000000	0.000000
0.4503	6.41	0.399124	0.000000	0.000000	0.000000
0.4503	6.78	0.399124	0.000000	0.000000	0.000000
0.4503	7.14	0.399124	0.052419	0.000000	0.000000
0.4503	7.51	0.399124	0.050403	0.000000	0.000000
0.4503	7.88	0.399124	0.056452	0.004938	0.000432
0.4503	8.24	0.399124	0.058468	0.009128	0.001425
0.4503	8.61	0.399124	0.061780	0.011647	0.002196
0.4503	8.98	0.399124	0.075783	0.064230	0.054439
0.4503	9.35	0.399124	0.063777	0.023886	0.008946
0.4503	9.71	0.399124	0.090665	0.088694	0.086766
0.4503	10.08	0.399124	0.082767	0.048572	0.028505
0.4503	10.45	0.399124	0.115952	0.116980	0.118016
0.4503	10.82	0.399124	0.192073	0.198423	0.204983
0.4503	11.18	0.399124	0.413524	0.341698	0.282348
0.4503	11.55	0.399124	0.540776	0.334157	0.206483
0.4503	11.92	0.399124	0.671425	0.316160	0.148873
0.4503	12.29	0.399124	0.854542	0.197246	0.045528
0.4503	12.65	0.399124	0.869680	0.191011	0.041952
0.4503	13.02	0.399124	0.903170	0.137331	0.020882
0.4503	13.39	0.399124	0.923333	0.010827	0.000127
0.4503	13.76	0.399124	0.930178	0.010871	0.000127
0.4503	14.12	0.399124	0.936545	0.009917	0.000105
0.4503	14.49	0.399124	0.939620	0.006056	0.000039
0.4503	14.86	0.399124	0.943851	0.006603	0.000046
0.4503	15.22	0.399124	0.953478	0.008582	0.000077
0.4503	15.59	0.399124	0.957997	0.006871	0.000049
0.4503	15.96	0.399124	0.959874	0.007341	0.000056
0.4503	16.33	0.399124	0.971822	0.005064	0.000026
0.4503	16.69	0.399124	0.974558	0.005130	0.000027
0.4503	17.06	0.399124	0.969662	0.004878	0.000025
0.4503	17.43	0.399124	0.969758	0.004032	0.000017
0.4503	17.80	0.399124	0.973694	0.004550	0.000021
0.4503	18.16	0.399124	0.974846	0.004179	0.000018
0.4503	18.53	0.399124	0.976791	0.004506	0.000021
0.4503	18.90	0.399124	0.978447	0.003848	0.000015
0.4503	19.27	0.399124	0.980448	0.004488	0.000021
0.4503	19.63	0.399124	0.980870	0.003898	0.000015
0.4503	20.00	0.399124	0.977593	0.003602	0.000013
0.4978	2.00	0.359088	0.000000	0.000000	0.000000
0.4978	2.37	0.359088	0.000000	0.000000	0.000000
0.4978	2.73	0.359088	0.000000	0.000000	0.000000
0.4978	3.10	0.359088	0.050403	0.000000	0.000000
0.4978	3.47	0.359088	0.000000	0.000000	0.000000
0.4978	3.84	0.359088	0.000000	0.000000	0.000000
0.4978	4.20	0.359088	0.000000	0.000000	0.000000
0.4978	4.57	0.359088	0.000000	0.000000	0.000000
0.4978	4.94	0.359088	0.000000	0.000000	0.000000
0.4978	5.31	0.359088	0.000000	0.000000	0.000000
0.4978	5.67	0.359088	0.000000	0.000000	0.000000
0.4978	6.04	0.359088	0.000000	0.000000	0.000000
0.4978	6.41	0.359088	0.000000	0.000000	0.000000
0.4978	6.78	0.359088	0.000000	0.000000	0.000000
0.4978	7.14	0.359088	0.000000	0.000000	0.000000
0.4978	7.51	0.359088	0.000000	0.000000	0.000000
0.4978	7.88	0.359088	0.052419	0.000000	0.000000
0.4978	8.24	0.359088	0.057964	0.009059	0.001416
0.4978	8.61	0.359088	0.058804	0.011430	0.002222
0.4978	8.98	0.359088	0.057460	0.007056	0.000867
0.4978	9.35	0.359088	0.057551	0.008217	0.001173
0.4978	9.71	0.359088	0.080462	0.033960	0.014333
0.4978	10.08	0.359088	0.082449	0.059406	0.042803
0.4978	10.45	0.359088	0.098646	0.092950	0.087582
0.4978	10.82	0.359088	0.131900	0.163540	0.202770
0.4978	11.18	0.359088	0.157881	0.190032	0.228731
0.4978	11.55	0.359088	0.241066	0.283155	0.332593
0.4978	11.92	0.359088	0.580253	0.344834	0.204929
0.4978	12.29	0.359088	0.725134	0.298871	0.123182
0.4978	12.65	0.359088	0.914945	0.034335	0.001288
0.4978	13.02	0.359088	0.903975	0.145782	0.023510
0.4978	13.39	0.359088	0.955645	0.015602	0.000255
0.4978	13.76	0.359088	0.965783	0.009401	0.000092
0.4978	14.12	0.359088	0.967424	0.008807	0.000080
0.4978	14.49	0.359088	0.975031	0.007455	0.000057
0.4978	14.86	0.359088	0.977099	0.006218	0.000040
0.4978	15.22	0.359088	0.980201	0.005514	0.000031
0.4978	15.59	0.359088	0.984476	0.004558	0.000021
0.4978	15.96	0.359088	0.980607	0.004103	0.000017
0.4978	16.33	0.359088	0.984559	0.003742	0.000014
0.4978	16.69	0.359088	0.980773	0.003088	0.000010
0.4978	17.06	0.359088	0.981807	0.003772	0.000014
0.4978	17.43	0.359088	0.985263	0.003032	0.000009
0.4978	17.80	0.359088	0.986031	0.002931	0.000009
0.4978	18.16	0.359088	0.985746	0.002993	0.000009
0.4978	18.53	0.359088	0.985023	0.002070	0.000004
0.4978	18.90	0.359088	0.986075	0.003277	0.000011
0.4978	19.27	0.359088	0.987763	0.002357	0.000006
0.4978	19.63	0.359088	0.987279	0.002264	0.000005
0.4978	20.00	0.359088	0.988087	0.002184	0.000005
0.5314	2.00	0.402142	0.000000	0.000000	0.000000
0.5314	2.37	0.402142	0.000000	0.000000	0.000000
0.5314	2.73	0.402142	0.000000	0.000000	0.000000
0.5314	3.10	0.402142	0.000000	0.000000	0.000000
0.5314	3.47	0.402142	0.000000	0.000000	0.000000
0.5314	3.84	0.402142	0.000000	0.000000	0.000000
0.5314	4.20	0.402142	0.000000	0.000000	0.000000
0.5314	4.57	0.402142	0.000000	0.000000	0.000000
0.5314	4.94	0.402142	0.000000	0.000000	0.000000
0.5314	5.31	0.402142	0.000000	0.000000	0.000000
0.5314	5.67	0.402142	0.000000	0.000000	0.000000
0.5314	6.04	0.402142	0.000000	0.000000	0.000000
0.5314	6.41	0.402142	0.000000	0.000000	0.000000
0.5314	6.78	0.402142	0.000000	0.000000	0.000000
0.5314	7.14	0.402142	0.000000	0.000000	0.000000
0.5314	7.51	0.402142	0.000000	0.000000	0.000000
0.5314	7.88	0.402142	0.051308	0.001006	0.000020
0.5314	8.24	0.402142	0.055080	0.005024	0.000458
0.5314	8.61	0.402142	0.056338	0.005571	0.000551
0.5314	8.98	0.402142	0.054527	0.005006	0.000460
0.5314	9.35	0.402142	0.058273	0.008672	0.001291
0.5314	9.71	0.402142	0.063228	0.018934	0.005670
0.5314	10.08	0.402142	0.066398	0.018596	0.005208
0.5314	10.45	0.402142	0.099150	0.097716	0.096302
0.5314	10.82	0.402142	0.165403	0.197711	0.236330
0.5314	11.18	0.402142	0.294278	0.296633	0.299006
0.5314	11.55	0.402142	0.526045	0.303481	0.175082
0.5314	11.92	0.402142	0.718132	0.276361	0.106353
0.5314	12.29	0.402142	0.887019	0.022008	0.000546
0.5314	12.65	0.402142	0.914235	0.007772	0.000066
0.5314	13.02	0.402142	0.923009	0.008199	0.000073
0.5314	13.39	0.402142	0.928907	0.005651	0.000034
0.5314	13.76	0.402142	0.933493	0.006664	0.000048
0.5314	14.12	0.402142	0.940345	0.005714	0.000035
0.5314	14.49	0.402142	0.935561	0.006552	0.000046
0.5314	14.86	0.402142	0.940750	0.006779	0.000049
0.5314	15.22	0.402142	0.933400	0.005561	0.000033
0.5314	15.59	0.402142	0.934560	0.005273	0.000030
0.5314	15.96	0.402142	0.937331	0.005489	0.000032
0.5314	16.33	0.402142	0.955112	0.004879	0.000025
0.5314	16.69	0.402142	0.957267	0.005688	0.000034
0.5314	17.06	0.402142	0.958369	0.007522	0.000059
0.5314	17.43	0.402142	0.960238	0.006785	0.000048
0.5314	17.80	0.402142	0.953962	0.004933	0.000026
0.5314	18.16	0.402142	0.957507	0.004733	0.000023
0.5314	18.53	0.402142	0.957794	0.004698	0.000023
0.5314	18.90	0.402142	0.958448	0.004358	0.000020
0.5314	19.27	0.402142	0.969912	0.005041	0.000026
0.5314	19.63	0.402142	0.972065	0.004894	0.000025
0.5314	20.00	0.402142	0.967011	0.006438	0.000043
