alpha	kin_mean	GC_size
0.000100	0.00925926	0.00185185
0.000200	0.02037037	0.00185185
0.000300	0.02222222	0.00185185
0.000400	0.04444444	0.00185185
0.000500	0.06296296	0.00185185
0.000600	0.06481481	0.00185185
0.000700	0.06296296	0.00185185
0.000800	0.10925926	0.00185185
0.000900	0.10740741	0.00185185
0.001000	0.13148148	0.00185185
0.001100	0.14444444	0.00185185
0.001200	0.12222222	0.00185185
0.001300	0.15000000	0.00370370
0.001400	0.15555556	0.00185185
0.001500	0.17592593	0.00185185
0.001600	0.21111111	0.00185185
0.001700	0.17222222	0.00185185
0.001800	0.22962963	0.00185185
0.001900	0.22037037	0.00185185
0.002000	0.23888889	0.00185185
0.002100	0.23333333	0.00185185
0.002200	0.21111111	0.00185185
0.002300	0.24259259	0.00370370
0.002400	0.27962963	0.00185185
0.002500	0.30370370	0.00185185
0.002600	0.25740741	0.00185185
0.002700	0.32222222	0.00185185
0.002800	0.31851852	0.00370370
0.002900	0.32407407	0.00185185
0.003000	0.36851852	0.00185185
0.003100	0.35185185	0.00185185
0.003200	0.40370370	0.00185185
0.003300	0.38148148	0.00185185
0.003400	0.36111111	0.00370370
0.003500	0.40370370	0.00185185
0.003600	0.49814815	0.00740741
0.003700	0.37407407	0.00555556
0.003800	0.42037037	0.00185185
0.003900	0.41111111	0.00185185
0.004000	0.43333333	0.00185185
0.004100	0.40925926	0.00185185
0.004200	0.50740741	0.00370370
0.004300	0.51666667	0.00370370
0.004400	0.48518519	0.00370370
0.004500	0.50185185	0.00185185
0.004600	0.48333333	0.00185185
0.004700	0.52222222	0.00370370
0.004800	0.54814815	0.00185185
0.004900	0.50925926	0.00185185
0.005000	0.55555556	0.00185185
0.005100	0.58333333	0.00370370
0.005200	0.55555556	0.00370370
0.005300	0.55185185	0.00370370
0.005400	0.58148148	0.00370370
0.005500	0.57592593	0.00370370
0.005600	0.63148148	0.00555556
0.005700	0.70370370	0.00370370
0.005800	0.63518519	0.00370370
0.005900	0.71111111	0.00555556
0.006000	0.64259259	0.00555556
0.006100	0.68148148	0.00925926
0.006200	0.71666667	0.00740741
0.006300	0.70000000	0.00370370
0.006400	0.74259259	0.00740741
0.006500	0.73333333	0.00370370
0.006600	0.75925926	0.00370370
0.006700	0.71851852	0.00370370
0.006800	0.67777778	0.00370370
0.006900	0.77962963	0.01111111
0.007000	0.74814815	0.00740741
0.007100	0.80925926	0.00740741
0.007200	0.81481481	0.00555556
0.007300	0.83888889	0.00555556
0.007400	0.73888889	0.00555556
0.007500	0.86296296	0.00370370
0.007600	0.76851852	0.01111111
0.007700	0.82037037	0.02407407
0.007800	0.83518519	0.00185185
0.007900	0.85185185	0.01666667
0.008000	0.89259259	0.00370370
0.008100	0.88148148	0.00740741
0.008200	0.86481481	0.01666667
0.008300	0.83333333	0.00555556
0.008400	0.88333333	0.00370370
0.008500	0.94444444	0.00370370
0.008600	0.98888889	0.01111111
0.008700	0.93333333	0.02222222
0.008800	0.98888889	0.01111111
0.008900	0.96481481	0.01481481
0.009000	1.02592593	0.00925926
0.009100	1.02222222	0.00555556
0.009200	1.02962963	0.06481481
0.009300	1.01666667	0.01481481
0.009400	0.99259259	0.00555556
0.009500	0.95000000	0.00370370
0.009600	1.03703704	0.01666667
0.009700	1.08888889	0.01296296
0.009800	1.09629630	0.00370370
0.009900	1.05925926	0.06666667
0.010000	1.07962963	0.01481481
0.010100	1.13888889	0.01851852
0.010200	1.07407407	0.03703704
0.010300	1.10000000	0.01666667
0.010400	1.15185185	0.04444444
0.010500	1.07407407	0.01111111
0.010600	1.13333333	0.00925926
0.010700	1.15925926	0.01296296
0.010800	1.14074074	0.02407407
0.010900	1.13333333	0.05740741
0.011000	1.20185185	0.12407407
0.011100	1.25185185	0.06111111
0.011200	1.19259259	0.01296296
0.011300	1.19074074	0.00925926
0.011400	1.35555556	0.12592593
0.011500	1.31111111	0.00740741
0.011600	1.29259259	0.12222222
0.011700	1.22407407	0.03333333
0.011800	1.28148148	0.01851852
0.011900	1.30370370	0.11851852
0.012000	1.29259259	0.02777778
0.012100	1.32407407	0.09259259
0.012200	1.26851852	0.01481481
0.012300	1.30555556	0.05740741
0.012400	1.30925926	0.09444444
0.012500	1.32592593	0.17592593
0.012600	1.37407407	0.03333333
0.012700	1.34814815	0.04814815
0.012800	1.35000000	0.06111111
0.012900	1.33333333	0.04259259
0.013000	1.40925926	0.11296296
0.013100	1.44814815	0.23148148
0.013200	1.44074074	0.18148148
0.013300	1.42592593	0.11111111
0.013400	1.45925926	0.34629630
0.013500	1.35370370	0.09814815
0.013600	1.40000000	0.15370370
0.013700	1.46481481	0.20000000
0.013800	1.55555556	0.15555556
0.013900	1.47407407	0.24259259
0.014000	1.41111111	0.26666667
0.014100	1.49814815	0.21481481
0.014200	1.54444444	0.23888889
0.014300	1.45000000	0.07037037
0.014400	1.56666667	0.26481481
0.014500	1.52962963	0.29259259
0.014600	1.53518519	0.20185185
0.014700	1.42407407	0.11851852
0.014800	1.58148148	0.26481481
0.014900	1.50740741	0.10555556
0.015000	1.63518519	0.34629630
0.015100	1.55370370	0.20925926
0.015200	1.52962963	0.34629630
0.015300	1.64629630	0.36481481
0.015400	1.57037037	0.22037037
0.015500	1.64629630	0.25740741
0.015600	1.68148148	0.35185185
0.015700	1.60370370	0.31296296
0.015800	1.69629630	0.37962963
0.015900	1.68518519	0.27962963
0.016000	1.63888889	0.33703704
0.016100	1.68518519	0.33703704
0.016200	1.63518519	0.29629630
0.016300	1.80925926	0.40185185
0.016400	1.73148148	0.27407407
0.016500	1.69444444	0.29629630
0.016600	1.77222222	0.36851852
0.016700	1.78518519	0.39629630
0.016800	1.77222222	0.32777778
0.016900	1.72592593	0.35185185
0.017000	1.79814815	0.35740741
0.017100	1.82037037	0.40555556
0.017200	1.71666667	0.29074074
0.017300	1.78703704	0.40000000
0.017400	1.77407407	0.45740741
0.017500	1.75555556	0.36296296
0.017600	1.65740741	0.23518519
0.017700	1.75185185	0.36296296
0.017800	1.82962963	0.34629630
0.017900	1.89629630	0.48333333
0.018000	1.97407407	0.53333333
0.018100	1.92407407	0.44444444
0.018200	2.00000000	0.42592593
0.018300	1.88703704	0.52962963
0.018400	1.88148148	0.39814815
0.018500	1.94444444	0.47592593
0.018600	1.94629630	0.49074074
0.018700	1.99629630	0.48148148
0.018800	1.93703704	0.49074074
0.018900	1.90925926	0.45555556
0.019000	1.95925926	0.55000000
0.019100	2.01481481	0.48148148
0.019200	1.89814815	0.44444444
0.019300	1.99074074	0.57037037
0.019400	2.06851852	0.48518519
0.019500	2.11111111	0.57592593
0.019600	1.98148148	0.54259259
0.019700	1.98888889	0.53888889
0.019800	1.97962963	0.41111111
0.019900	2.11111111	0.51666667
0.020000	2.08518519	0.52592593
0.020100	1.99629630	0.51296296
0.020200	2.06111111	0.61296296
0.020300	2.10000000	0.55555556
0.020400	2.10185185	0.50000000
0.020500	2.14814815	0.54444444
0.020600	2.07407407	0.52037037
0.020700	2.10185185	0.52407407
0.020800	2.13333333	0.63703704
0.020900	2.10555556	0.58888889
0.021000	2.06111111	0.55185185
0.021100	2.16481481	0.50000000
0.021200	2.23518519	0.56666667
0.021300	2.13333333	0.58518519
0.021400	2.12037037	0.46851852
0.021500	2.23888889	0.59629630
0.021600	2.14259259	0.58333333
0.021700	2.13148148	0.59074074
0.021800	2.15925926	0.55370370
0.021900	2.21111111	0.60185185
0.022000	2.30185185	0.63518519
0.022100	2.29074074	0.64444444
0.022200	2.26481481	0.60555556
0.022300	2.23703704	0.63518519
0.022400	2.17592593	0.55000000
0.022500	2.26296296	0.59259259
0.022600	2.26111111	0.55000000
0.022700	2.22407407	0.62037037
0.022800	2.31851852	0.62037037
0.022900	2.28333333	0.57407407
0.023000	2.30000000	0.62777778
0.023100	2.35370370	0.65370370
0.023200	2.29259259	0.60925926
0.023300	2.46296296	0.62222222
0.023400	2.35370370	0.67962963
0.023500	2.29814815	0.63703704
0.023600	2.33518519	0.58518519
0.023700	2.33518519	0.47777778
0.023800	2.40925926	0.61666667
0.023900	2.32222222	0.58888889
0.024000	2.42777778	0.67407407
0.024100	2.39259259	0.66666667
0.024200	2.51851852	0.73148148
0.024300	2.45185185	0.64814815
0.024400	2.45925926	0.64814815
0.024500	2.49814815	0.69444444
0.024600	2.59444444	0.67592593
0.024700	2.47037037	0.62222222
0.024800	2.57592593	0.65925926
0.024900	2.64629630	0.71111111
0.025000	2.48148148	0.66481481
0.025100	2.38148148	0.67962963
0.025200	2.57037037	0.67962963
0.025300	2.61851852	0.69629630
0.025400	2.45925926	0.69814815
0.025500	2.47777778	0.65925926
0.025600	2.51851852	0.62962963
0.025700	2.59629630	0.73518519
0.025800	2.57592593	0.73888889
0.025900	2.53148148	0.68148148
0.026000	2.55925926	0.70925926
0.026100	2.52777778	0.67777778
0.026200	2.64629630	0.67962963
0.026300	2.62222222	0.71666667
0.026400	2.62592593	0.72777778
0.026500	2.69074074	0.70555556
0.026600	2.54444444	0.68518519
0.026700	2.60555556	0.68888889
0.026800	2.56296296	0.63888889
0.026900	2.58333333	0.69629630
0.027000	2.72777778	0.72222222
0.027100	2.70185185	0.73518519
0.027200	2.68703704	0.74814815
0.027300	2.67777778	0.75740741
0.027400	2.68703704	0.72592593
0.027500	2.79444444	0.71481481
0.027600	2.61296296	0.73888889
0.027700	2.64629630	0.69814815
0.027800	2.83333333	0.72777778
0.027900	2.74814815	0.73703704
0.028000	2.74074074	0.71111111
0.028100	2.62592593	0.73518519
0.028200	2.60925926	0.65740741
0.028300	2.70925926	0.74259259
0.028400	2.71851852	0.73518519
0.028500	2.75185185	0.69259259
0.028600	2.85370370	0.75000000
0.028700	2.71296296	0.73703704
0.028800	2.72407407	0.71666667
0.028900	2.77592593	0.75370370
0.029000	2.86481481	0.76481481
0.029100	2.90000000	0.75185185
0.029200	2.91481481	0.76111111
0.029300	2.77037037	0.75000000
0.029400	2.91296296	0.76851852
0.029500	2.83888889	0.75000000
0.029600	2.82037037	0.75370370
0.029700	2.87592593	0.75740741
0.029800	2.78518519	0.73888889
0.029900	2.80555556	0.76666667
0.030000	2.90740741	0.75555556
0.030100	2.85740741	0.75740741
0.030200	3.00370370	0.80370370
0.030300	2.93888889	0.80740741
0.030400	2.89074074	0.72037037
0.030500	2.99074074	0.78518519
0.030600	2.92592593	0.77962963
0.030700	2.87962963	0.78888889
0.030800	2.97592593	0.73148148
0.030900	3.06111111	0.80925926
0.031000	3.02962963	0.77962963
0.031100	2.96111111	0.74629630
0.031200	2.95000000	0.78148148
0.031300	3.03888889	0.81666667
0.031400	3.08333333	0.73703704
0.031500	2.99814815	0.79814815
0.031600	2.94814815	0.76296296
0.031700	3.01296296	0.78703704
0.031800	3.07222222	0.76666667
0.031900	2.98888889	0.78333333
0.032000	3.07222222	0.75370370
0.032100	3.07222222	0.79629630
0.032200	2.94629630	0.80925926
0.032300	3.06851852	0.79629630
0.032400	3.05370370	0.78703704
0.032500	3.01666667	0.79074074
0.032600	3.05370370	0.79814815
0.032700	3.11296296	0.80185185
0.032800	3.19074074	0.82407407
0.032900	3.17962963	0.77037037
0.033000	3.25370370	0.79814815
0.033100	3.17592593	0.79259259
0.033200	3.11666667	0.80740741
0.033300	3.16666667	0.81666667
0.033400	3.01851852	0.78148148
0.033500	3.13333333	0.80000000
0.033600	3.13333333	0.80185185
0.033700	3.14259259	0.78148148
0.033800	3.14259259	0.78518519
0.033900	3.17037037	0.81481481
0.034000	3.20925926	0.82407407
0.034100	3.16851852	0.80555556
0.034200	3.26666667	0.77962963
0.034300	3.17962963	0.80370370
0.034400	3.15185185	0.79074074
0.034500	3.19629630	0.78703704
0.034600	3.24074074	0.80555556
0.034700	3.25000000	0.82407407
0.034800	3.25925926	0.79259259
0.034900	3.35925926	0.83148148
0.035000	3.18518519	0.79074074
0.035100	3.24814815	0.81111111
0.035200	3.26296296	0.83148148
0.035300	3.30925926	0.82777778
0.035400	3.41851852	0.83518519
0.035500	3.30555556	0.81111111
0.035600	3.32407407	0.83148148
0.035700	3.36666667	0.82777778
0.035800	3.29814815	0.82407407
0.035900	3.23703704	0.78518519
0.036000	3.32592593	0.80000000
0.036100	3.34074074	0.80000000
0.036200	3.30555556	0.79259259
0.036300	3.36666667	0.85555556
0.036400	3.46481481	0.87222222
0.036500	3.36296296	0.83333333
0.036600	3.44444444	0.82592593
0.036700	3.45740741	0.86111111
0.036800	3.50185185	0.85925926
0.036900	3.43518519	0.77037037
0.037000	3.43148148	0.85370370
0.037100	3.42037037	0.85000000
0.037200	3.43333333	0.84444444
0.037300	3.57407407	0.82592593
0.037400	3.35185185	0.83148148
0.037500	3.34074074	0.81111111
0.037600	3.45185185	0.85185185
0.037700	3.44259259	0.80925926
0.037800	3.57037037	0.84444444
0.037900	3.43333333	0.83518519
0.038000	3.55370370	0.84259259
0.038100	3.50370370	0.83703704
0.038200	3.50555556	0.88518519
0.038300	3.55925926	0.83703704
0.038400	3.53703704	0.85000000
0.038500	3.49629630	0.82962963
0.038600	3.63518519	0.83518519
0.038700	3.52037037	0.83518519
0.038800	3.43518519	0.82222222
0.038900	3.50925926	0.85740741
0.039000	3.67222222	0.84814815
0.039100	3.59074074	0.85370370
0.039200	3.61851852	0.84814815
0.039300	3.60000000	0.83148148
0.039400	3.60370370	0.85925926
0.039500	3.63518519	0.85925926
0.039600	3.50370370	0.82592593
0.039700	3.71481481	0.85000000
0.039800	3.65925926	0.85370370
0.039900	3.74444444	0.85925926
0.040000	3.64074074	0.86296296
0.040100	3.58703704	0.85000000
0.040200	3.62037037	0.87037037
0.040300	3.56851852	0.86111111
0.040400	3.61851852	0.82222222
0.040500	3.66111111	0.87407407
0.040600	3.73148148	0.85925926
0.040700	3.67407407	0.86481481
0.040800	3.79444444	0.87037037
0.040900	3.68333333	0.86666667
0.041000	3.76296296	0.86111111
0.041100	3.66666667	0.87592593
0.041200	3.80185185	0.84814815
0.041300	3.73148148	0.84629630
0.041400	3.80555556	0.86111111
0.041500	3.81481481	0.85000000
0.041600	3.73518519	0.82407407
0.041700	3.78333333	0.87962963
0.041800	3.80925926	0.85740741
0.041900	3.88333333	0.84629630
0.042000	3.77592593	0.88518519
0.042100	3.78703704	0.87222222
0.042200	3.81481481	0.87592593
0.042300	3.86851852	0.89259259
0.042400	3.88333333	0.85370370
0.042500	3.75370370	0.84814815
0.042600	3.83148148	0.87777778
0.042700	3.92962963	0.88703704
0.042800	3.87592593	0.89259259
0.042900	3.79074074	0.87037037
0.043000	3.85555556	0.88703704
0.043100	3.90185185	0.89629630
0.043200	3.88888889	0.89629630
0.043300	3.97407407	0.88333333
0.043400	3.85000000	0.86296296
0.043500	3.99814815	0.89259259
0.043600	3.90370370	0.90370370
0.043700	3.90185185	0.88333333
0.043800	3.90925926	0.85925926
0.043900	4.02592593	0.88703704
0.044000	3.95555556	0.89074074
0.044100	3.80555556	0.86481481
0.044200	3.84814815	0.90000000
0.044300	4.04444444	0.87777778
0.044400	4.00740741	0.88888889
0.044500	3.98703704	0.88888889
0.044600	4.01296296	0.88703704
0.044700	3.96296296	0.89444444
0.044800	4.03888889	0.89814815
0.044900	3.97222222	0.90740741
0.045000	3.90370370	0.87777778
0.045100	4.01111111	0.85740741
0.045200	4.06666667	0.90000000
0.045300	4.04074074	0.90000000
0.045400	3.85185185	0.88703704
0.045500	3.98148148	0.89444444
0.045600	3.93518519	0.88888889
0.045700	4.01111111	0.89814815
0.045800	4.18703704	0.90925926
0.045900	3.96111111	0.86481481
0.046000	4.04814815	0.87592593
0.046100	4.02222222	0.87962963
0.046200	4.07962963	0.87592593
0.046300	4.06111111	0.87592593
0.046400	4.12777778	0.88703704
0.046500	4.06481481	0.87407407
0.046600	4.07222222	0.89259259
0.046700	4.03148148	0.89629630
0.046800	4.12592593	0.89074074
0.046900	4.07777778	0.90185185
0.047000	4.24814815	0.90555556
0.047100	4.07592593	0.85740741
0.047200	4.03703704	0.88703704
0.047300	4.11666667	0.89259259
0.047400	4.12037037	0.90000000
0.047500	4.20925926	0.88703704
0.047600	4.28333333	0.89814815
0.047700	4.29444444	0.90000000
0.047800	4.13148148	0.87407407
0.047900	4.18703704	0.90185185
0.048000	4.32037037	0.89259259
0.048100	4.22592593	0.90740741
0.048200	4.17407407	0.88703704
0.048300	4.20370370	0.89629630
0.048400	4.30740741	0.91296296
0.048500	4.20185185	0.89074074
0.048600	4.17962963	0.90185185
0.048700	4.25370370	0.89444444
0.048800	4.31851852	0.90000000
0.048900	4.26481481	0.90000000
0.049000	4.15185185	0.88518519
0.049100	4.20925926	0.92592593
0.049200	4.20185185	0.90740741
0.049300	4.22777778	0.88518519
0.049400	4.18333333	0.86111111
0.049500	4.22407407	0.89629630
0.049600	4.24629630	0.87962963
0.049700	4.34629630	0.90740741
0.049800	4.38703704	0.91296296
0.049900	4.28333333	0.92222222
0.050000	4.23703704	0.90000000
0.050100	4.44629630	0.89444444
0.050200	4.37592593	0.90740741
0.050300	4.35740741	0.90740741
0.050400	4.37962963	0.89074074
0.050500	4.29074074	0.90925926
0.050600	4.27777778	0.91666667
0.050700	4.37592593	0.92592593
0.050800	4.25370370	0.90925926
0.050900	4.42592593	0.91666667
0.051000	4.23703704	0.89444444
0.051100	4.25555556	0.92037037
0.051200	4.38703704	0.90370370
0.051300	4.46481481	0.93333333
0.051400	4.28888889	0.89074074
0.051500	4.52592593	0.90555556
0.051600	4.35740741	0.92037037
0.051700	4.36111111	0.90185185
0.051800	4.46851852	0.90185185
0.051900	4.39814815	0.89814815
0.052000	4.48148148	0.91111111
0.052100	4.58148148	0.90185185
0.052200	4.30555556	0.92407407
0.052300	4.50370370	0.92222222
0.052400	4.41481481	0.90185185
0.052500	4.52962963	0.91666667
0.052600	4.46481481	0.90185185
0.052700	4.50185185	0.91481481
0.052800	4.56111111	0.91666667
0.052900	4.54629630	0.90185185
0.053000	4.48703704	0.91296296
0.053100	4.53333333	0.92037037
0.053200	4.47222222	0.90000000
0.053300	4.41111111	0.91851852
0.053400	4.46666667	0.89629630
0.053500	4.50185185	0.91481481
0.053600	4.54814815	0.90370370
0.053700	4.57592593	0.90185185
0.053800	4.57037037	0.91851852
0.053900	4.46481481	0.91666667
0.054000	4.67407407	0.92592593
0.054100	4.61851852	0.92222222
0.054200	4.64629630	0.92407407
0.054300	4.52222222	0.91851852
0.054400	4.43888889	0.93148148
0.054500	4.65925926	0.91666667
0.054600	4.53703704	0.90925926
0.054700	4.72222222	0.91481481
0.054800	4.62222222	0.90925926
0.054900	4.52037037	0.94259259
0.055000	4.65185185	0.92407407
0.055100	4.65555556	0.90555556
0.055200	4.50185185	0.89629630
0.055300	4.59629630	0.92222222
0.055400	4.67777778	0.93703704
0.055500	4.60555556	0.93518519
0.055600	4.66666667	0.91851852
0.055700	4.71851852	0.91111111
0.055800	4.71666667	0.93148148
0.055900	4.69629630	0.93888889
0.056000	4.72222222	0.93148148
0.056100	4.55925926	0.92222222
0.056200	4.62592593	0.93888889
0.056300	4.66481481	0.92592593
0.056400	4.67592593	0.92592593
0.056500	4.58333333	0.92962963
0.056600	4.68703704	0.93333333
0.056700	4.71296296	0.93888889
0.056800	4.71296296	0.92592593
0.056900	4.67222222	0.92407407
0.057000	4.69074074	0.89814815
0.057100	4.67592593	0.91481481
0.057200	4.73148148	0.92037037
0.057300	4.69814815	0.91481481
0.057400	4.76481481	0.94074074
0.057500	4.69444444	0.91666667
0.057600	4.66111111	0.92037037
0.057700	4.74629630	0.93148148
0.057800	4.71111111	0.93518519
0.057900	4.79074074	0.94259259
0.058000	4.82962963	0.92407407
0.058100	4.86111111	0.92222222
0.058200	4.74629630	0.91481481
0.058300	4.71666667	0.92037037
0.058400	4.76666667	0.92592593
0.058500	4.78333333	0.93333333
0.058600	4.91851852	0.94259259
0.058700	4.77962963	0.92962963
0.058800	4.72962963	0.93333333
0.058900	4.77037037	0.91851852
0.059000	4.81666667	0.93333333
0.059100	4.92222222	0.92037037
0.059200	4.73518519	0.92962963
0.059300	4.80185185	0.92777778
0.059400	4.87407407	0.93148148
0.059500	4.89074074	0.94074074
0.059600	4.81851852	0.94074074
0.059700	4.85740741	0.93518519
0.059800	4.94814815	0.92777778
0.059900	4.76851852	0.92962963
0.060000	4.95370370	0.91851852
0.060100	4.96851852	0.93333333
0.060200	4.75185185	0.90925926
0.060300	4.85925926	0.91481481
0.060400	4.86851852	0.93703704
0.060500	4.91666667	0.93333333
0.060600	4.97777778	0.94629630
0.060700	4.93148148	0.94259259
0.060800	4.87962963	0.92962963
0.060900	5.01851852	0.94074074
0.061000	5.04259259	0.91851852
0.061100	4.93333333	0.91851852
0.061200	4.87592593	0.94074074
0.061300	4.96666667	0.93148148
0.061400	4.87592593	0.93518519
0.061500	4.92592593	0.93148148
0.061600	4.96666667	0.93333333
0.061700	4.97037037	0.92592593
0.061800	5.00925926	0.93518519
0.061900	4.98703704	0.92407407
0.062000	4.93703704	0.93888889
0.062100	4.97962963	0.93148148
0.062200	4.92777778	0.93333333
0.062300	4.92592593	0.93333333
0.062400	4.95370370	0.93703704
0.062500	5.07037037	0.91851852
0.062600	4.91481481	0.95000000
0.062700	5.06851852	0.94259259
0.062800	5.05370370	0.94444444
0.062900	5.03148148	0.92407407
0.063000	5.08703704	0.93888889
0.063100	5.07592593	0.94444444
0.063200	5.10000000	0.95555556
0.063300	5.06851852	0.92407407
0.063400	5.13518519	0.92592593
0.063500	5.09814815	0.93148148
0.063600	5.00555556	0.92962963
0.063700	5.09629630	0.94629630
0.063800	5.17962963	0.94814815
0.063900	4.93703704	0.94074074
0.064000	5.12962963	0.94074074
0.064100	4.94444444	0.93148148
0.064200	5.17962963	0.93703704
0.064300	5.09629630	0.93518519
0.064400	5.15555556	0.93518519
0.064500	5.03703704	0.94444444
0.064600	5.07962963	0.93333333
0.064700	5.10185185	0.93518519
0.064800	5.14444444	0.94074074
0.064900	5.21481481	0.95555556
0.065000	5.08333333	0.92777778
0.065100	5.11481481	0.95370370
0.065200	5.23518519	0.92962963
0.065300	5.14629630	0.94444444
0.065400	5.03888889	0.91851852
0.065500	5.18518519	0.93518519
0.065600	5.15185185	0.93148148
0.065700	5.10000000	0.93703704
0.065800	5.18518519	0.92592593
0.065900	5.21851852	0.94444444
0.066000	5.16481481	0.92407407
0.066100	5.24444444	0.94814815
0.066200	5.34814815	0.94444444
0.066300	5.17407407	0.93518519
0.066400	5.26111111	0.94814815
0.066500	5.23333333	0.94814815
0.066600	5.29629630	0.94074074
0.066700	5.26111111	0.94629630
0.066800	5.27037037	0.93518519
0.066900	5.24259259	0.95000000
0.067000	5.22222222	0.93703704
0.067100	5.28148148	0.93518519
0.067200	5.36666667	0.95000000
0.067300	5.35000000	0.93888889
0.067400	5.15740741	0.93518519
0.067500	5.20740741	0.95185185
0.067600	5.25370370	0.93148148
0.067700	5.35740741	0.93148148
0.067800	5.33518519	0.91851852
0.067900	5.38518519	0.94814815
0.068000	5.39629630	0.94629630
0.068100	5.28888889	0.95370370
0.068200	5.37407407	0.94814815
0.068300	5.46111111	0.94629630
0.068400	5.31111111	0.95740741
0.068500	5.37037037	0.94444444
0.068600	5.38333333	0.94074074
0.068700	5.28148148	0.94629630
0.068800	5.32777778	0.94444444
0.068900	5.22407407	0.95925926
0.069000	5.30370370	0.96111111
0.069100	5.34629630	0.93518519
0.069200	5.36851852	0.94629630
0.069300	5.36851852	0.94444444
0.069400	5.38333333	0.95740741
0.069500	5.39444444	0.96111111
0.069600	5.43148148	0.93703704
0.069700	5.43333333	0.94259259
0.069800	5.33148148	0.95000000
0.069900	5.37222222	0.94259259
0.070000	5.46851852	0.95925926
0.070100	5.36851852	0.93333333
0.070200	5.35370370	0.94259259
0.070300	5.39259259	0.93703704
0.070400	5.43333333	0.93888889
0.070500	5.36666667	0.92962963
0.070600	5.35000000	0.94444444
0.070700	5.40925926	0.94629630
0.070800	5.53888889	0.94444444
0.070900	5.36666667	0.93518519
0.071000	5.37592593	0.95000000
0.071100	5.38518519	0.96111111
0.071200	5.43333333	0.94629630
0.071300	5.50370370	0.94814815
0.071400	5.40185185	0.94814815
0.071500	5.47962963	0.93148148
0.071600	5.47777778	0.94814815
0.071700	5.65185185	0.96481481
0.071800	5.49814815	0.93518519
0.071900	5.47407407	0.93333333
0.072000	5.38703704	0.95555556
0.072100	5.46296296	0.95185185
0.072200	5.67592593	0.95000000
0.072300	5.44629630	0.93518519
0.072400	5.47962963	0.94074074
0.072500	5.50925926	0.95740741
0.072600	5.45370370	0.93888889
0.072700	5.50185185	0.94629630
0.072800	5.63703704	0.95555556
0.072900	5.53703704	0.94444444
0.073000	5.49444444	0.93333333
0.073100	5.54259259	0.95185185
0.073200	5.53888889	0.95185185
0.073300	5.61666667	0.94444444
0.073400	5.66481481	0.94814815
0.073500	5.62777778	0.95185185
0.073600	5.56111111	0.96296296
0.073700	5.54259259	0.95185185
0.073800	5.61851852	0.94259259
0.073900	5.70185185	0.95185185
0.074000	5.63148148	0.96481481
0.074100	5.60740741	0.94259259
0.074200	5.63703704	0.95555556
0.074300	5.61851852	0.95925926
0.074400	5.59074074	0.95740741
0.074500	5.65370370	0.95185185
0.074600	5.63148148	0.95555556
0.074700	5.64259259	0.95740741
0.074800	5.60000000	0.94259259
0.074900	5.70000000	0.96111111
0.075000	5.67037037	0.95185185
0.075100	5.57962963	0.94444444
0.075200	5.66481481	0.94629630
0.075300	5.62962963	0.95925926
0.075400	5.46111111	0.94629630
0.075500	5.67222222	0.96111111
0.075600	5.64074074	0.95925926
0.075700	5.60000000	0.96111111
0.075800	5.67962963	0.94814815
0.075900	5.64814815	0.95555556
0.076000	5.85555556	0.95000000
0.076100	5.62592593	0.95000000
0.076200	5.80370370	0.95000000
0.076300	5.68888889	0.95000000
0.076400	5.63888889	0.95740741
0.076500	5.73518519	0.95000000
0.076600	5.85185185	0.95555556
0.076700	5.67037037	0.94814815
0.076800	5.73148148	0.93518519
0.076900	5.73518519	0.94629630
0.077000	5.70925926	0.95185185
0.077100	5.60370370	0.94629630
0.077200	5.71111111	0.94814815
0.077300	5.71481481	0.94814815
0.077400	5.66111111	0.95370370
0.077500	5.76481481	0.94074074
0.077600	5.69074074	0.95370370
0.077700	5.80000000	0.95925926
0.077800	5.70740741	0.95185185
0.077900	5.77592593	0.94814815
0.078000	5.69629630	0.95000000
0.078100	5.83333333	0.97037037
0.078200	5.62777778	0.95370370
0.078300	5.69629630	0.96851852
0.078400	5.81666667	0.95740741
0.078500	5.73148148	0.94629630
0.078600	5.76296296	0.94444444
0.078700	5.77962963	0.96111111
0.078800	5.72222222	0.95185185
0.078900	5.79629630	0.95740741
0.079000	5.88518519	0.95740741
0.079100	5.76851852	0.95370370
0.079200	5.76851852	0.95000000
0.079300	5.85555556	0.95555556
0.079400	5.84444444	0.95000000
0.079500	5.68703704	0.95925926
0.079600	5.91296296	0.95000000
0.079700	5.90555556	0.96481481
0.079800	5.84259259	0.94629630
0.079900	5.86666667	0.95370370
0.080000	5.91851852	0.96481481
0.080100	5.82962963	0.95370370
0.080200	5.93518519	0.95370370
0.080300	5.82407407	0.94814815
0.080400	5.84629630	0.95925926
0.080500	5.92222222	0.95185185
0.080600	5.97592593	0.95925926
0.080700	5.92407407	0.95185185
0.080800	5.77962963	0.95555556
0.080900	5.91851852	0.97592593
0.081000	5.94074074	0.94814815
0.081100	5.92222222	0.95555556
0.081200	5.98703704	0.96296296
0.081300	5.87407407	0.96111111
0.081400	5.82777778	0.94629630
0.081500	5.87222222	0.95925926
0.081600	5.94259259	0.96111111
0.081700	5.94259259	0.94259259
0.081800	5.94444444	0.94814815
0.081900	5.93888889	0.96851852
0.082000	5.96666667	0.95740741
0.082100	5.95185185	0.96296296
0.082200	5.85740741	0.96666667
0.082300	5.98888889	0.96296296
0.082400	5.87777778	0.95370370
0.082500	5.94629630	0.95000000
0.082600	5.98703704	0.95740741
0.082700	5.98703704	0.96481481
0.082800	5.90555556	0.96481481
0.082900	6.01111111	0.97037037
0.083000	6.04629630	0.96296296
0.083100	6.05000000	0.96111111
0.083200	6.03148148	0.95555556
0.083300	5.97222222	0.95925926
0.083400	6.03333333	0.97222222
0.083500	6.08703704	0.95555556
0.083600	5.94074074	0.95925926
0.083700	6.02777778	0.97037037
0.083800	6.06851852	0.97407407
0.083900	5.99814815	0.97407407
0.084000	5.92777778	0.93703704
0.084100	6.07592593	0.95555556
0.084200	6.06851852	0.95370370
0.084300	6.17962963	0.95925926
0.084400	5.99629630	0.95370370
0.084500	6.08333333	0.95925926
0.084600	6.03888889	0.95555556
0.084700	5.97962963	0.95925926
0.084800	5.99444444	0.94259259
0.084900	6.09259259	0.97037037
0.085000	6.09074074	0.97407407
0.085100	6.11481481	0.97037037
0.085200	6.09629630	0.96111111
0.085300	6.04074074	0.95555556
0.085400	6.14444444	0.95555556
0.085500	6.08518519	0.95925926
0.085600	6.11481481	0.95555556
0.085700	6.14259259	0.94814815
0.085800	6.13888889	0.96481481
0.085900	6.16111111	0.96481481
0.086000	6.12962963	0.95555556
0.086100	5.99814815	0.95370370
0.086200	6.03703704	0.97037037
0.086300	6.13333333	0.96296296
0.086400	6.12222222	0.95185185
0.086500	6.16111111	0.95000000
0.086600	6.14629630	0.95925926
0.086700	6.17962963	0.95555556
0.086800	6.06666667	0.95000000
0.086900	6.35185185	0.96666667
0.087000	6.08518519	0.97037037
0.087100	6.02407407	0.95370370
0.087200	6.03703704	0.94814815
0.087300	6.09629630	0.96481481
0.087400	6.19259259	0.95740741
0.087500	6.19259259	0.97592593
0.087600	6.27777778	0.96481481
0.087700	6.09814815	0.96296296
0.087800	6.27962963	0.95370370
0.087900	6.38148148	0.97222222
0.088000	6.18148148	0.95925926
0.088100	6.07037037	0.96851852
0.088200	6.25185185	0.96851852
0.088300	6.20000000	0.96666667
0.088400	6.18703704	0.95740741
0.088500	6.26666667	0.97037037
0.088600	6.21111111	0.97222222
0.088700	6.21111111	0.97222222
0.088800	6.14814815	0.95740741
0.088900	6.30740741	0.95925926
0.089000	6.11851852	0.96296296
0.089100	6.18333333	0.96666667
0.089200	6.26666667	0.95370370
0.089300	6.35185185	0.96666667
0.089400	6.25370370	0.96851852
0.089500	6.33148148	0.96481481
0.089600	6.21111111	0.95740741
0.089700	6.25555556	0.96666667
0.089800	6.25370370	0.95925926
0.089900	6.25370370	0.96666667
0.090000	6.17037037	0.97407407
0.090100	6.22407407	0.95925926
0.090200	6.10925926	0.95555556
0.090300	6.15555556	0.95740741
0.090400	6.27222222	0.95555556
0.090500	6.42592593	0.96851852
0.090600	6.38148148	0.96666667
0.090700	6.25185185	0.96296296
0.090800	6.25555556	0.96851852
0.090900	6.17777778	0.95740741
0.091000	6.33148148	0.96666667
0.091100	6.24814815	0.96851852
0.091200	6.26481481	0.95555556
0.091300	6.35925926	0.96666667
0.091400	6.28703704	0.95740741
0.091500	6.23148148	0.96481481
0.091600	6.30370370	0.97407407
0.091700	6.31666667	0.95370370
0.091800	6.31851852	0.97037037
0.091900	6.25925926	0.96851852
0.092000	6.26481481	0.97407407
0.092100	6.37222222	0.96481481
0.092200	6.21666667	0.95925926
0.092300	6.40000000	0.95925926
0.092400	6.28148148	0.95925926
0.092500	6.39259259	0.97037037
0.092600	6.36666667	0.96666667
0.092700	6.39629630	0.96111111
0.092800	6.28888889	0.96296296
0.092900	6.42777778	0.95740741
0.093000	6.44074074	0.96851852
0.093100	6.26111111	0.95370370
0.093200	6.48333333	0.97222222
0.093300	6.42222222	0.97222222
0.093400	6.33148148	0.96851852
0.093500	6.44629630	0.97407407
0.093600	6.44259259	0.97222222
0.093700	6.42777778	0.97962963
0.093800	6.36296296	0.97037037
0.093900	6.49814815	0.97037037
0.094000	6.37222222	0.96296296
0.094100	6.39814815	0.97222222
0.094200	6.34259259	0.95555556
0.094300	6.50925926	0.97777778
0.094400	6.50925926	0.96481481
0.094500	6.38518519	0.96481481
0.094600	6.47407407	0.96296296
0.094700	6.49629630	0.97037037
0.094800	6.40370370	0.95925926
0.094900	6.45925926	0.96296296
0.095000	6.42962963	0.96111111
0.095100	6.38703704	0.96111111
0.095200	6.48888889	0.97777778
0.095300	6.50925926	0.96111111
0.095400	6.53148148	0.96111111
0.095500	6.54259259	0.97037037
0.095600	6.43333333	0.94814815
0.095700	6.50185185	0.96296296
0.095800	6.50555556	0.96296296
0.095900	6.36481481	0.97777778
0.096000	6.51296296	0.96666667
0.096100	6.54629630	0.96851852
0.096200	6.44444444	0.96111111
0.096300	6.55370370	0.96666667
0.096400	6.54814815	0.96666667
0.096500	6.58148148	0.97222222
0.096600	6.50000000	0.97407407
0.096700	6.53888889	0.96851852
0.096800	6.53888889	0.95740741
0.096900	6.59259259	0.97407407
0.097000	6.63518519	0.97222222
0.097100	6.49074074	0.96666667
0.097200	6.55370370	0.97037037
0.097300	6.54444444	0.97222222
0.097400	6.45925926	0.96666667
0.097500	6.47592593	0.96666667
0.097600	6.51666667	0.97037037
0.097700	6.50370370	0.96296296
0.097800	6.57407407	0.96111111
0.097900	6.53333333	0.96851852
0.098000	6.55370370	0.96296296
0.098100	6.48333333	0.96111111
0.098200	6.54629630	0.96481481
0.098300	6.60555556	0.97222222
0.098400	6.62592593	0.97222222
0.098500	6.50555556	0.96851852
0.098600	6.52407407	0.97407407
0.098700	6.62222222	0.97962963
0.098800	6.53333333	0.97962963
0.098900	6.64074074	0.95925926
0.099000	6.64814815	0.96851852
0.099100	6.67592593	0.97407407
0.099200	6.53518519	0.97037037
0.099300	6.63148148	0.96666667
0.099400	6.50000000	0.96111111
0.099500	6.64074074	0.96296296
0.099600	6.61851852	0.97037037
0.099700	6.59444444	0.97222222
0.099800	6.57407407	0.97777778
0.099900	6.60185185	0.97037037
0.100000	6.60370370	0.96851852
0.100100	6.67592593	0.97222222
0.100200	6.59444444	0.96481481
0.100300	6.65185185	0.97037037
0.100400	6.61666667	0.95740741
0.100500	6.70000000	0.97222222
0.100600	6.63888889	0.96851852
0.100700	6.70740741	0.95555556
0.100800	6.61666667	0.97222222
0.100900	6.64814815	0.97222222
0.101000	6.65000000	0.95740741
0.101100	6.67407407	0.96481481
0.101200	6.70925926	0.97222222
0.101300	6.66666667	0.97222222
0.101400	6.72222222	0.97407407
0.101500	6.66111111	0.97407407
0.101600	6.66111111	0.97777778
0.101700	6.70000000	0.95740741
0.101800	6.74814815	0.97962963
0.101900	6.70000000	0.95925926
0.102000	6.70925926	0.96296296
0.102100	6.82407407	0.97222222
0.102200	6.64259259	0.97222222
0.102300	6.69629630	0.96666667
0.102400	6.70185185	0.96851852
0.102500	6.67407407	0.96296296
0.102600	6.70925926	0.96481481
0.102700	6.72962963	0.96481481
0.102800	6.79259259	0.97777778
0.102900	6.66296296	0.97407407
0.103000	6.68703704	0.96111111
0.103100	6.70185185	0.97962963
0.103200	6.63703704	0.96296296
0.103300	6.70555556	0.97222222
0.103400	6.79629630	0.98148148
0.103500	6.69444444	0.97037037
0.103600	6.59814815	0.95555556
0.103700	6.80740741	0.95925926
0.103800	6.73148148	0.96481481
0.103900	6.76666667	0.97592593
0.104000	6.69814815	0.97222222
0.104100	6.75740741	0.97407407
0.104200	6.71851852	0.97777778
0.104300	6.71851852	0.97222222
0.104400	6.78148148	0.96851852
0.104500	6.84629630	0.97037037
0.104600	6.77962963	0.97037037
0.104700	6.72962963	0.96851852
0.104800	6.78148148	0.97037037
0.104900	6.80000000	0.96296296
0.105000	6.77037037	0.96666667
0.105100	6.75925926	0.98333333
0.105200	6.80555556	0.96851852
0.105300	6.69259259	0.97407407
0.105400	6.85740741	0.97037037
0.105500	6.82592593	0.96851852
0.105600	6.74259259	0.95925926
0.105700	6.88703704	0.97777778
0.105800	6.72037037	0.97407407
0.105900	6.78703704	0.97592593
0.106000	6.69814815	0.96851852
0.106100	6.76666667	0.97222222
0.106200	6.81296296	0.97222222
0.106300	6.95185185	0.97592593
0.106400	6.89444444	0.96851852
0.106500	6.77037037	0.96851852
0.106600	6.77962963	0.96666667
0.106700	6.77407407	0.96666667
0.106800	6.77592593	0.96481481
0.106900	6.88333333	0.97592593
0.107000	6.93518519	0.96666667
0.107100	6.71666667	0.96666667
0.107200	6.92037037	0.97407407
0.107300	6.87407407	0.97962963
0.107400	6.85740741	0.96481481
0.107500	6.80370370	0.97777778
0.107600	6.92592593	0.97962963
0.107700	6.89259259	0.97222222
0.107800	6.81481481	0.96481481
0.107900	6.92777778	0.96666667
0.108000	6.87037037	0.96851852
0.108100	6.76851852	0.96851852
0.108200	6.82777778	0.96296296
0.108300	6.90740741	0.97037037
0.108400	6.94259259	0.97407407
0.108500	6.82777778	0.97222222
0.108600	6.87407407	0.96481481
0.108700	6.85925926	0.97962963
0.108800	6.89259259	0.97407407
0.108900	6.89444444	0.97037037
0.109000	6.95740741	0.97037037
0.109100	6.77222222	0.97222222
0.109200	6.95555556	0.97407407
0.109300	6.85925926	0.96481481
0.109400	6.88518519	0.95925926
0.109500	6.90740741	0.96481481
0.109600	6.92037037	0.97222222
0.109700	6.84629630	0.97592593
0.109800	6.94814815	0.97037037
0.109900	6.86296296	0.97222222
0.110000	6.86666667	0.97592593
0.110100	6.93518519	0.97592593
0.110200	6.86666667	0.97037037
0.110300	7.02962963	0.97407407
0.110400	6.97407407	0.97777778
0.110500	6.85740741	0.96851852
0.110600	7.01296296	0.97592593
0.110700	7.01666667	0.97407407
0.110800	6.91111111	0.96481481
0.110900	6.95185185	0.98148148
0.111000	6.91666667	0.97037037
0.111100	6.90555556	0.97037037
0.111200	7.06111111	0.96666667
0.111300	7.05740741	0.97777778
0.111400	6.93888889	0.96481481
0.111500	6.92407407	0.97407407
0.111600	6.98888889	0.97222222
0.111700	6.86111111	0.97962963
0.111800	7.01851852	0.97592593
0.111900	6.98333333	0.97592593
0.112000	6.90185185	0.96666667
0.112100	7.03333333	0.97962963
0.112200	6.97037037	0.98333333
0.112300	6.99629630	0.97037037
0.112400	6.98518519	0.97037037
0.112500	7.02592593	0.97037037
0.112600	7.04074074	0.96666667
0.112700	7.05185185	0.97777778
0.112800	7.06111111	0.97962963
0.112900	6.95740741	0.97962963
0.113000	7.03703704	0.98333333
0.113100	7.06666667	0.97592593
0.113200	7.05000000	0.97407407
0.113300	7.01296296	0.97592593
0.113400	7.00370370	0.97777778
0.113500	6.98518519	0.97037037
0.113600	7.10925926	0.97407407
0.113700	6.96296296	0.97037037
0.113800	7.04259259	0.97777778
0.113900	7.02962963	0.97407407
0.114000	7.10370370	0.97407407
0.114100	7.07777778	0.97037037
0.114200	6.98703704	0.96111111
0.114300	7.05370370	0.97407407
0.114400	7.15000000	0.98703704
0.114500	6.97592593	0.97407407
0.114600	7.04814815	0.97407407
0.114700	7.07407407	0.96666667
0.114800	6.99814815	0.97037037
0.114900	7.09814815	0.97592593
0.115000	7.07592593	0.97407407
0.115100	7.14074074	0.97962963
0.115200	7.15000000	0.98518519
0.115300	7.08888889	0.97037037
0.115400	7.04814815	0.96851852
0.115500	7.06851852	0.97407407
0.115600	7.10370370	0.97777778
0.115700	7.12962963	0.97592593
0.115800	7.06111111	0.96666667
0.115900	7.00925926	0.97962963
0.116000	7.06666667	0.97592593
0.116100	7.04629630	0.97407407
0.116200	7.17777778	0.97777778
0.116300	7.10925926	0.98148148
0.116400	7.13333333	0.97777778
0.116500	7.09814815	0.97777778
0.116600	7.22777778	0.97037037
0.116700	7.21666667	0.97222222
0.116800	7.17777778	0.96851852
0.116900	7.15740741	0.98703704
0.117000	7.11851852	0.97037037
0.117100	7.19444444	0.97777778
0.117200	7.12407407	0.97777778
0.117300	7.10925926	0.97222222
0.117400	7.07777778	0.98703704
0.117500	7.13333333	0.97222222
0.117600	7.12777778	0.97407407
0.117700	7.08518519	0.96481481
0.117800	7.21851852	0.97777778
0.117900	7.05925926	0.98148148
0.118000	7.18333333	0.97407407
0.118100	7.19444444	0.97777778
0.118200	7.23888889	0.97592593
0.118300	7.07592593	0.97777778
0.118400	7.21296296	0.97037037
0.118500	7.11296296	0.97222222
0.118600	7.06296296	0.97037037
0.118700	7.22962963	0.97222222
0.118800	7.18148148	0.96851852
0.118900	7.17592593	0.97407407
0.119000	7.18333333	0.97222222
0.119100	7.26666667	0.98148148
0.119200	7.13888889	0.97407407
0.119300	7.25185185	0.97777778
0.119400	7.16666667	0.97592593
0.119500	7.13518519	0.98148148
0.119600	7.22592593	0.97592593
0.119700	7.23518519	0.97407407
0.119800	7.21851852	0.97592593
0.119900	7.21296296	0.97962963
0.120000	7.14259259	0.97592593
0.120100	7.20925926	0.97037037
0.120200	7.26481481	0.97777778
0.120300	7.12962963	0.97962963
0.120400	7.28148148	0.98518519
0.120500	7.27037037	0.97592593
0.120600	7.21481481	0.96851852
0.120700	7.22777778	0.96666667
0.120800	7.23888889	0.98333333
0.120900	7.22407407	0.96851852
0.121000	7.22037037	0.97407407
0.121100	7.31481481	0.97777778
0.121200	7.16666667	0.97222222
0.121300	7.31111111	0.97407407
0.121400	7.39259259	0.98148148
0.121500	7.28518519	0.96666667
0.121600	7.26851852	0.98333333
0.121700	7.16111111	0.97777778
0.121800	7.31481481	0.98333333
0.121900	7.15740741	0.98148148
0.122000	7.31666667	0.97592593
0.122100	7.26666667	0.98148148
0.122200	7.25925926	0.96851852
0.122300	7.31111111	0.97407407
0.122400	7.26296296	0.97777778
0.122500	7.27592593	0.97407407
0.122600	7.37407407	0.98148148
0.122700	7.29259259	0.97962963
0.122800	7.31851852	0.97777778
0.122900	7.30925926	0.98148148
0.123000	7.20000000	0.97777778
0.123100	7.21481481	0.97962963
0.123200	7.30555556	0.97592593
0.123300	7.34444444	0.98333333
0.123400	7.25740741	0.98333333
0.123500	7.32592593	0.98148148
0.123600	7.19444444	0.97962963
0.123700	7.36666667	0.97962963
0.123800	7.28333333	0.97592593
0.123900	7.22222222	0.97592593
0.124000	7.22222222	0.97222222
0.124100	7.29814815	0.97777778
0.124200	7.32037037	0.97962963
0.124300	7.28333333	0.98888889
0.124400	7.20740741	0.98888889
0.124500	7.41481481	0.98333333
0.124600	7.33703704	0.97592593
0.124700	7.36666667	0.98148148
0.124800	7.30000000	0.97962963
0.124900	7.31481481	0.97592593
0.125000	7.33703704	0.97407407
0.125100	7.38518519	0.97777778
0.125200	7.36481481	0.98333333
0.125300	7.37407407	0.97777778
0.125400	7.27037037	0.97407407
0.125500	7.40370370	0.97592593
0.125600	7.38518519	0.97222222
0.125700	7.34259259	0.97962963
0.125800	7.45370370	0.97407407
0.125900	7.31481481	0.97407407
0.126000	7.34629630	0.98148148
0.126100	7.35555556	0.98148148
0.126200	7.25925926	0.96481481
0.126300	7.37037037	0.97962963
0.126400	7.34074074	0.98333333
0.126500	7.30185185	0.97777778
0.126600	7.32592593	0.97592593
0.126700	7.45555556	0.98148148
0.126800	7.34814815	0.97777778
0.126900	7.41111111	0.96851852
0.127000	7.43333333	0.98888889
0.127100	7.42777778	0.97222222
0.127200	7.45185185	0.97407407
0.127300	7.48148148	0.98888889
0.127400	7.34259259	0.98703704
0.127500	7.48148148	0.98148148
0.127600	7.34814815	0.98333333
0.127700	7.48333333	0.97777778
0.127800	7.39074074	0.97777778
0.127900	7.45000000	0.98148148
0.128000	7.41851852	0.98333333
0.128100	7.52407407	0.98518519
0.128200	7.33888889	0.97222222
0.128300	7.32777778	0.97777778
0.128400	7.45370370	0.98148148
0.128500	7.32407407	0.97222222
0.128600	7.41111111	0.97777778
0.128700	7.51851852	0.97592593
0.128800	7.44074074	0.97962963
0.128900	7.52037037	0.97407407
0.129000	7.33333333	0.98518519
0.129100	7.41851852	0.97777778
0.129200	7.42592593	0.97777778
0.129300	7.43333333	0.98148148
0.129400	7.46111111	0.97222222
0.129500	7.44259259	0.97592593
0.129600	7.46851852	0.96296296
0.129700	7.47222222	0.97592593
0.129800	7.36851852	0.96851852
0.129900	7.46111111	0.98148148
0.130000	7.52222222	0.97777778
0.130100	7.37592593	0.97592593
0.130200	7.42962963	0.98148148
0.130300	7.50185185	0.98148148
0.130400	7.45185185	0.97407407
0.130500	7.50925926	0.97592593
0.130600	7.50555556	0.97592593
0.130700	7.46111111	0.97037037
0.130800	7.43888889	0.97962963
0.130900	7.47592593	0.97962963
0.131000	7.60555556	0.98703704
0.131100	7.45555556	0.98333333
0.131200	7.43888889	0.97777778
0.131300	7.52592593	0.97777778
0.131400	7.43518519	0.97222222
0.131500	7.53703704	0.97962963
0.131600	7.56111111	0.97962963
0.131700	7.38703704	0.97592593
0.131800	7.52777778	0.97592593
0.131900	7.51851852	0.98333333
0.132000	7.50740741	0.97962963
0.132100	7.50740741	0.98148148
0.132200	7.51851852	0.97592593
0.132300	7.57777778	0.97407407
0.132400	7.42592593	0.97407407
0.132500	7.55555556	0.98148148
0.132600	7.53518519	0.98333333
0.132700	7.51111111	0.97962963
0.132800	7.45740741	0.97777778
0.132900	7.59444444	0.98333333
0.133000	7.50370370	0.97777778
0.133100	7.55000000	0.97222222
0.133200	7.52222222	0.98333333
0.133300	7.53888889	0.97407407
0.133400	7.54259259	0.98148148
0.133500	7.58703704	0.97037037
0.133600	7.51111111	0.97777778
0.133700	7.50555556	0.98703704
0.133800	7.60000000	0.97962963
0.133900	7.60740741	0.97962963
0.134000	7.61296296	0.98888889
0.134100	7.59444444	0.98518519
0.134200	7.48333333	0.97037037
0.134300	7.57962963	0.98148148
0.134400	7.62962963	0.98148148
0.134500	7.67592593	0.97592593
0.134600	7.49259259	0.98148148
0.134700	7.62037037	0.98703704
0.134800	7.56851852	0.97962963
0.134900	7.59259259	0.97592593
0.135000	7.50740741	0.98148148
0.135100	7.52222222	0.97592593
0.135200	7.67777778	0.97777778
0.135300	7.50925926	0.97777778
0.135400	7.59259259	0.97962963
0.135500	7.51851852	0.98518519
0.135600	7.58518519	0.97407407
0.135700	7.61481481	0.97962963
0.135800	7.59074074	0.97777778
0.135900	7.61111111	0.97407407
0.136000	7.50185185	0.97407407
0.136100	7.57962963	0.97962963
0.136200	7.58148148	0.97592593
0.136300	7.58703704	0.98333333
0.136400	7.58148148	0.98333333
0.136500	7.55555556	0.97777778
0.136600	7.55740741	0.97777778
0.136700	7.56111111	0.97962963
0.136800	7.61666667	0.98333333
0.136900	7.57962963	0.97962963
0.137000	7.59444444	0.98148148
0.137100	7.59259259	0.98148148
0.137200	7.64629630	0.97777778
0.137300	7.57962963	0.98333333
0.137400	7.63703704	0.98518519
0.137500	7.60370370	0.98148148
0.137600	7.58888889	0.98333333
0.137700	7.59814815	0.97777778
0.137800	7.70925926	0.98333333
0.137900	7.60370370	0.98333333
0.138000	7.67962963	0.97037037
0.138100	7.70555556	0.97592593
0.138200	7.65370370	0.97777778
0.138300	7.61851852	0.97592593
0.138400	7.69074074	0.98333333
0.138500	7.64259259	0.98333333
0.138600	7.64814815	0.97962963
0.138700	7.65555556	0.97777778
0.138800	7.64444444	0.97407407
0.138900	7.69259259	0.98333333
0.139000	7.58333333	0.97407407
0.139100	7.77962963	0.98148148
0.139200	7.73703704	0.98518519
0.139300	7.61666667	0.97037037
0.139400	7.62777778	0.98148148
0.139500	7.77222222	0.99259259
0.139600	7.72222222	0.98703704
0.139700	7.62222222	0.98888889
0.139800	7.63148148	0.97037037
0.139900	7.78333333	0.98333333
0.140000	7.75925926	0.97777778
0.140100	7.70185185	0.97777778
0.140200	7.70925926	0.97962963
0.140300	7.72037037	0.97407407
0.140400	7.65185185	0.98703704
0.140500	7.76111111	0.98148148
0.140600	7.75000000	0.98333333
0.140700	7.70925926	0.97962963
0.140800	7.68888889	0.98148148
0.140900	7.65370370	0.98703704
0.141000	7.67222222	0.97592593
0.141100	7.76481481	0.97592593
0.141200	7.66666667	0.98518519
0.141300	7.70740741	0.98518519
0.141400	7.77592593	0.98148148
0.141500	7.91481481	0.98518519
0.141600	7.78888889	0.98148148
0.141700	7.76481481	0.97407407
0.141800	7.73148148	0.98703704
0.141900	7.68703704	0.97037037
0.142000	7.64444444	0.98518519
0.142100	7.67777778	0.98518519
0.142200	7.74074074	0.98518519
0.142300	7.77777778	0.97407407
0.142400	7.81296296	0.98148148
0.142500	7.79629630	0.97777778
0.142600	7.64074074	0.98148148
0.142700	7.74444444	0.97962963
0.142800	7.77592593	0.97407407
0.142900	7.76111111	0.98148148
0.143000	7.67037037	0.97222222
0.143100	7.71851852	0.98333333
0.143200	7.74444444	0.97592593
0.143300	7.74629630	0.98518519
0.143400	7.76111111	0.98148148
0.143500	7.81666667	0.99074074
0.143600	7.81666667	0.97962963
0.143700	7.75185185	0.98333333
0.143800	7.73148148	0.98148148
0.143900	7.77037037	0.98333333
0.144000	7.77222222	0.97407407
0.144100	7.69629630	0.97777778
0.144200	7.80555556	0.97592593
0.144300	7.75370370	0.98333333
0.144400	7.69444444	0.98148148
0.144500	7.80740741	0.98518519
0.144600	7.73888889	0.97777778
0.144700	7.84814815	0.97962963
0.144800	7.82037037	0.98518519
0.144900	7.82037037	0.98888889
0.145000	7.72407407	0.97777778
0.145100	7.82777778	0.98703704
0.145200	7.77037037	0.98148148
0.145300	7.81296296	0.98518519
0.145400	7.86666667	0.97777778
0.145500	7.88148148	0.98703704
0.145600	7.85000000	0.97777778
0.145700	7.78888889	0.97592593
0.145800	7.73703704	0.98518519
0.145900	7.74629630	0.97777778
0.146000	7.89444444	0.98518519
0.146100	7.76481481	0.97962963
0.146200	7.86666667	0.97962963
0.146300	7.88333333	0.98333333
0.146400	7.87407407	0.98333333
0.146500	7.81851852	0.97777778
0.146600	7.76666667	0.98888889
0.146700	7.86666667	0.98518519
0.146800	7.86296296	0.97222222
0.146900	7.84629630	0.97962963
0.147000	7.83148148	0.98518519
0.147100	7.80555556	0.98333333
0.147200	7.73333333	0.97962963
0.147300	7.90925926	0.98148148
0.147400	7.77037037	0.98518519
0.147500	7.87407407	0.98518519
0.147600	7.94629630	0.98148148
0.147700	7.75000000	0.98333333
0.147800	7.84814815	0.98333333
0.147900	7.81851852	0.97592593
0.148000	7.87407407	0.97407407
0.148100	7.80925926	0.98888889
0.148200	7.86851852	0.98518519
0.148300	7.84629630	0.97777778
0.148400	7.82037037	0.97222222
0.148500	7.92407407	0.98148148
0.148600	7.89814815	0.97777778
0.148700	7.88888889	0.98333333
0.148800	7.79629630	0.98518519
0.148900	7.79074074	0.98888889
0.149000	7.84814815	0.97777778
0.149100	7.84814815	0.98703704
0.149200	7.82962963	0.98888889
0.149300	7.86111111	0.97592593
0.149400	7.89814815	0.98888889
0.149500	7.80185185	0.98148148
0.149600	7.93333333	0.98703704
0.149700	7.89444444	0.97777778
0.149800	7.86296296	0.97592593
0.149900	7.85740741	0.97777778
0.150000	7.83888889	0.97592593
0.150100	7.88148148	0.98333333
0.150200	7.91481481	0.97777778
0.150300	7.87222222	0.98888889
0.150400	7.93518519	0.98148148
0.150500	7.92037037	0.98703704
0.150600	7.88148148	0.97777778
0.150700	7.80555556	0.97407407
0.150800	7.86111111	0.97962963
0.150900	7.85740741	0.98333333
0.151000	8.04444444	0.98518519
0.151100	7.88518519	0.98333333
0.151200	7.86666667	0.98148148
0.151300	8.01481481	0.98148148
0.151400	8.05185185	0.98888889
0.151500	7.93703704	0.98703704
0.151600	7.90925926	0.98703704
0.151700	7.97777778	0.97592593
0.151800	7.86296296	0.97962963
0.151900	7.90370370	0.97407407
0.152000	7.90000000	0.98703704
0.152100	7.96481481	0.97777778
0.152200	7.93333333	0.98333333
0.152300	7.92592593	0.98148148
0.152400	7.75555556	0.97962963
0.152500	7.84814815	0.98333333
0.152600	7.88333333	0.98333333
0.152700	7.89444444	0.97962963
0.152800	7.98888889	0.97962963
0.152900	7.90925926	0.97962963
0.153000	7.95555556	0.98518519
0.153100	7.94444444	0.98518519
0.153200	7.93888889	0.98333333
0.153300	7.85555556	0.97592593
0.153400	7.91666667	0.98148148
0.153500	7.93888889	0.98888889
0.153600	7.98148148	0.98333333
0.153700	7.87407407	0.97962963
0.153800	7.91296296	0.98148148
0.153900	8.01111111	0.97962963
0.154000	7.88518519	0.98333333
0.154100	7.89444444	0.98518519
0.154200	7.96111111	0.98148148
0.154300	7.92407407	0.98518519
0.154400	8.01481481	0.97962963
0.154500	7.95740741	0.97777778
0.154600	7.92777778	0.98518519
0.154700	7.92777778	0.99074074
0.154800	7.99814815	0.98703704
0.154900	7.91111111	0.97407407
0.155000	7.99444444	0.98703704
0.155100	7.98518519	0.98888889
0.155200	8.04814815	0.98703704
0.155300	8.04444444	0.98518519
0.155400	7.92962963	0.97777778
0.155500	7.98148148	0.98888889
0.155600	8.03518519	0.98888889
0.155700	7.98703704	0.98518519
0.155800	8.01111111	0.98518519
0.155900	8.01296296	0.98333333
0.156000	7.88333333	0.98333333
0.156100	8.00740741	0.98518519
0.156200	8.00370370	0.98888889
0.156300	8.02777778	0.98703704
0.156400	7.96296296	0.97962963
0.156500	7.92407407	0.97962963
0.156600	8.01481481	0.98333333
0.156700	8.01296296	0.98518519
0.156800	8.02592593	0.98888889
0.156900	7.97962963	0.98333333
0.157000	8.09814815	0.97777778
0.157100	7.91666667	0.98148148
0.157200	7.98333333	0.98518519
0.157300	7.93888889	0.97962963
0.157400	7.99814815	0.98148148
0.157500	8.01111111	0.98333333
0.157600	8.01111111	0.97592593
0.157700	7.95925926	0.98518519
0.157800	8.00740741	0.98333333
0.157900	8.12222222	0.98888889
0.158000	8.03333333	0.97777778
0.158100	8.01296296	0.99074074
0.158200	8.06481481	0.97962963
0.158300	8.04814815	0.98148148
0.158400	8.01296296	0.98703704
0.158500	7.96111111	0.97592593
0.158600	7.86666667	0.98518519
0.158700	8.07407407	0.97222222
0.158800	8.06851852	0.98703704
0.158900	8.02962963	0.98518519
0.159000	8.07592593	0.97962963
0.159100	8.07222222	0.98518519
0.159200	8.05740741	0.97222222
0.159300	8.03888889	0.98703704
0.159400	8.13333333	0.98333333
0.159500	8.00740741	0.98333333
0.159600	8.02407407	0.98148148
0.159700	8.04444444	0.97962963
0.159800	7.99444444	0.98333333
0.159900	8.05185185	0.97777778
0.160000	7.92962963	0.98148148
0.160100	8.02962963	0.97962963
0.160200	7.97592593	0.97222222
0.160300	8.10555556	0.97962963
0.160400	8.05925926	0.97962963
0.160500	8.13518519	0.98703704
0.160600	8.01481481	0.98148148
0.160700	8.11481481	0.99074074
0.160800	7.98888889	0.98703704
0.160900	8.03518519	0.98148148
0.161000	8.09259259	0.98703704
0.161100	8.04629630	0.98333333
0.161200	8.02777778	0.98333333
0.161300	8.01481481	0.98148148
0.161400	8.05370370	0.98333333
0.161500	8.04629630	0.98518519
0.161600	8.09074074	0.98148148
0.161700	8.10555556	0.98703704
0.161800	8.02407407	0.98148148
0.161900	8.06296296	0.99259259
0.162000	8.03333333	0.98703704
0.162100	8.03518519	0.98333333
0.162200	8.13518519	0.97777778
0.162300	8.07777778	0.97962963
0.162400	8.11481481	0.98703704
0.162500	8.05185185	0.98148148
0.162600	8.09444444	0.98518519
0.162700	8.10740741	0.98148148
0.162800	8.10740741	0.98703704
0.162900	8.07407407	0.98148148
0.163000	8.15000000	0.99074074
0.163100	8.14259259	0.98148148
0.163200	8.06666667	0.98518519
0.163300	8.16481481	0.99074074
0.163400	8.08703704	0.98333333
0.163500	8.08703704	0.98703704
0.163600	8.11666667	0.98703704
0.163700	8.09814815	0.98148148
0.163800	8.10000000	0.98518519
0.163900	8.04444444	0.98333333
0.164000	8.13148148	0.98703704
0.164100	8.14259259	0.97777778
0.164200	8.09629630	0.98888889
0.164300	8.13518519	0.99074074
0.164400	8.14074074	0.98518519
0.164500	8.12962963	0.98703704
0.164600	8.19444444	0.98518519
0.164700	8.05555556	0.98333333
0.164800	8.07037037	0.98888889
0.164900	8.12407407	0.97777778
0.165000	8.12962963	0.98518519
0.165100	8.13703704	0.99074074
0.165200	8.16111111	0.99259259
0.165300	8.15185185	0.98333333
0.165400	8.15925926	0.97962963
0.165500	8.21111111	0.98703704
0.165600	8.06851852	0.97962963
0.165700	8.10555556	0.98148148
0.165800	8.10555556	0.98148148
0.165900	8.14629630	0.98148148
0.166000	8.15555556	0.98333333
0.166100	8.17037037	0.98703704
0.166200	8.11481481	0.99074074
0.166300	8.16481481	0.97962963
0.166400	8.19074074	0.98888889
0.166500	8.17777778	0.98518519
0.166600	8.12962963	0.98148148
0.166700	8.09814815	0.97592593
0.166800	8.18703704	0.98148148
0.166900	8.17962963	0.98148148
0.167000	8.16666667	0.98333333
0.167100	8.16666667	0.98703704
0.167200	8.25000000	0.98148148
0.167300	8.19814815	0.98888889
0.167400	8.16111111	0.99259259
0.167500	8.30555556	0.98888889
0.167600	8.13518519	0.97962963
0.167700	8.19814815	0.98333333
0.167800	8.16296296	0.99074074
0.167900	8.18333333	0.98333333
0.168000	8.09444444	0.98888889
0.168100	8.21481481	0.98148148
0.168200	8.13888889	0.98888889
0.168300	8.14444444	0.97962963
0.168400	8.11851852	0.98333333
0.168500	8.11666667	0.98333333
0.168600	8.21296296	0.98518519
0.168700	8.15370370	0.98703704
0.168800	8.20370370	0.98888889
0.168900	8.25555556	0.98518519
0.169000	8.20185185	0.98518519
0.169100	8.20370370	0.97962963
0.169200	8.14629630	0.98888889
0.169300	8.20000000	0.98888889
0.169400	8.19814815	0.98333333
0.169500	8.28148148	0.98703704
0.169600	8.18703704	0.97962963
0.169700	8.18518519	0.98333333
0.169800	8.17407407	0.98148148
0.169900	8.22777778	0.98333333
0.170000	8.13703704	0.97962963
0.170100	8.21296296	0.98518519
0.170200	8.16666667	0.98888889
0.170300	8.21481481	0.98888889
0.170400	8.21111111	0.98703704
0.170500	8.19444444	0.98518519
0.170600	8.28148148	0.98518519
0.170700	8.24814815	0.97962963
0.170800	8.23703704	0.98148148
0.170900	8.25185185	0.98333333
0.171000	8.25185185	0.98148148
0.171100	8.17037037	0.98148148
0.171200	8.23333333	0.98518519
0.171300	8.29074074	0.98518519
0.171400	8.18518519	0.98333333
0.171500	8.11296296	0.98333333
0.171600	8.22777778	0.98148148
0.171700	8.26111111	0.98148148
0.171800	8.25000000	0.98888889
0.171900	8.20555556	0.98888889
0.172000	8.27777778	0.98333333
0.172100	8.21111111	0.98333333
0.172200	8.17407407	0.98333333
0.172300	8.30740741	0.98148148
0.172400	8.36111111	0.97592593
0.172500	8.31851852	0.98888889
0.172600	8.18518519	0.98518519
0.172700	8.18148148	0.98333333
0.172800	8.28888889	0.97962963
0.172900	8.33333333	0.98518519
0.173000	8.18703704	0.97592593
0.173100	8.32407407	0.99074074
0.173200	8.26481481	0.99074074
0.173300	8.21111111	0.97592593
0.173400	8.17962963	0.98518519
0.173500	8.24074074	0.98703704
0.173600	8.24444444	0.98333333
0.173700	8.30370370	0.98333333
0.173800	8.29629630	0.98703704
0.173900	8.22962963	0.97962963
0.174000	8.22407407	0.98333333
0.174100	8.28333333	0.98148148
0.174200	8.27592593	0.98518519
0.174300	8.27037037	0.97962963
0.174400	8.25740741	0.98703704
0.174500	8.31296296	0.97592593
0.174600	8.21666667	0.98703704
0.174700	8.36481481	0.98518519
0.174800	8.35925926	0.98518519
0.174900	8.28333333	0.98703704
0.175000	8.39259259	0.98148148
0.175100	8.25740741	0.98703704
0.175200	8.34629630	0.98888889
0.175300	8.29814815	0.98333333
0.175400	8.25740741	0.98148148
0.175500	8.32037037	0.98518519
0.175600	8.31296296	0.98148148
0.175700	8.22592593	0.98703704
0.175800	8.37962963	0.98148148
0.175900	8.31481481	0.98518519
0.176000	8.26111111	0.97592593
0.176100	8.30185185	0.98148148
0.176200	8.20740741	0.98333333
0.176300	8.28518519	0.98333333
0.176400	8.28888889	0.97962963
0.176500	8.41666667	0.98333333
0.176600	8.36851852	0.98703704
0.176700	8.29259259	0.98333333
0.176800	8.30740741	0.98703704
0.176900	8.33518519	0.98518519
0.177000	8.21111111	0.97777778
0.177100	8.32777778	0.98888889
0.177200	8.32222222	0.98333333
0.177300	8.32407407	0.98518519
0.177400	8.30000000	0.98333333
0.177500	8.42777778	0.98888889
0.177600	8.31296296	0.98703704
0.177700	8.32037037	0.97777778
0.177800	8.31481481	0.98518519
0.177900	8.32592593	0.98333333
0.178000	8.37222222	0.98333333
0.178100	8.31296296	0.98888889
0.178200	8.28888889	0.98703704
0.178300	8.33148148	0.98333333
0.178400	8.28148148	0.97777778
0.178500	8.34629630	0.98703704
0.178600	8.28333333	0.97592593
0.178700	8.29444444	0.98148148
0.178800	8.38888889	0.97962963
0.178900	8.31666667	0.98703704
0.179000	8.42777778	0.98333333
0.179100	8.37592593	0.98333333
0.179200	8.33518519	0.98333333
0.179300	8.38518519	0.99259259
0.179400	8.41851852	0.97962963
0.179500	8.35555556	0.98703704
0.179600	8.40370370	0.99444444
0.179700	8.31666667	0.99074074
0.179800	8.45185185	0.98703704
0.179900	8.30000000	0.98333333
0.180000	8.41851852	0.97962963
0.180100	8.36296296	0.98333333
0.180200	8.31481481	0.98888889
0.180300	8.39814815	0.98703704
0.180400	8.33518519	0.98518519
0.180500	8.34074074	0.98703704
0.180600	8.30555556	0.98148148
0.180700	8.25925926	0.98703704
0.180800	8.33703704	0.98333333
0.180900	8.28333333	0.98518519
0.181000	8.36111111	0.98148148
0.181100	8.38888889	0.98888889
0.181200	8.34629630	0.98703704
0.181300	8.30740741	0.98703704
0.181400	8.32962963	0.98703704
0.181500	8.31481481	0.97962963
0.181600	8.35740741	0.98148148
0.181700	8.37407407	0.99074074
0.181800	8.38148148	0.99074074
0.181900	8.33148148	0.97777778
0.182000	8.45740741	0.98703704
0.182100	8.41296296	0.98333333
0.182200	8.36296296	0.98888889
0.182300	8.36481481	0.98518519
0.182400	8.41851852	0.98333333
0.182500	8.38333333	0.99074074
0.182600	8.38888889	0.98888889
0.182700	8.38148148	0.98888889
0.182800	8.35555556	0.99074074
0.182900	8.45185185	0.98148148
0.183000	8.38518519	0.98518519
0.183100	8.48703704	0.98888889
0.183200	8.33888889	0.98518519
0.183300	8.45925926	0.98518519
0.183400	8.42407407	0.97962963
0.183500	8.40370370	0.98703704
0.183600	8.45740741	0.98518519
0.183700	8.34814815	0.97777778
0.183800	8.41481481	0.98148148
0.183900	8.40925926	0.99074074
0.184000	8.44444444	0.98703704
0.184100	8.46111111	0.97962963
0.184200	8.40185185	0.98703704
0.184300	8.36296296	0.98518519
0.184400	8.43148148	0.98888889
0.184500	8.33888889	0.99074074
0.184600	8.41296296	0.99074074
0.184700	8.46851852	0.98703704
0.184800	8.39444444	0.99074074
0.184900	8.40185185	0.98148148
0.185000	8.42777778	0.98703704
0.185100	8.40185185	0.98703704
0.185200	8.33148148	0.98518519
0.185300	8.40185185	0.98333333
0.185400	8.42962963	0.98703704
0.185500	8.34074074	0.98703704
0.185600	8.40000000	0.98518519
0.185700	8.46296296	0.98703704
0.185800	8.42777778	0.98888889
0.185900	8.48333333	0.97407407
0.186000	8.40925926	0.98148148
0.186100	8.36481481	0.98703704
0.186200	8.46481481	0.98703704
0.186300	8.41481481	0.98333333
0.186400	8.35740741	0.98703704
0.186500	8.44074074	0.98703704
0.186600	8.43333333	0.97962963
0.186700	8.39444444	0.98888889
0.186800	8.51481481	0.98518519
0.186900	8.40740741	0.98518519
0.187000	8.45740741	0.98703704
0.187100	8.45370370	0.98333333
0.187200	8.36666667	0.98703704
0.187300	8.45000000	0.98518519
0.187400	8.40370370	0.99074074
0.187500	8.52407407	0.98703704
0.187600	8.40925926	0.98518519
0.187700	8.47407407	0.98703704
0.187800	8.50000000	0.98518519
0.187900	8.45740741	0.98703704
0.188000	8.48703704	0.98888889
0.188100	8.45000000	0.98148148
0.188200	8.45370370	0.98333333
0.188300	8.48148148	0.98518519
0.188400	8.45000000	0.97777778
0.188500	8.45925926	0.98333333
0.188600	8.48703704	0.98703704
0.188700	8.43703704	0.98703704
0.188800	8.48518519	0.98518519
0.188900	8.46666667	0.98518519
0.189000	8.45555556	0.98888889
0.189100	8.41666667	0.98888889
0.189200	8.46296296	0.98703704
0.189300	8.45925926	0.98703704
0.189400	8.48518519	0.99074074
0.189500	8.40370370	0.98333333
0.189600	8.42962963	0.98518519
0.189700	8.52407407	0.98333333
0.189800	8.41666667	0.97962963
0.189900	8.49814815	0.98888889
0.190000	8.53148148	0.98333333
0.190100	8.53333333	0.98518519
0.190200	8.47222222	0.98518519
0.190300	8.49629630	0.97962963
0.190400	8.50555556	0.98703704
0.190500	8.44259259	0.98518519
0.190600	8.57407407	0.99074074
0.190700	8.51296296	0.98333333
0.190800	8.45740741	0.98888889
0.190900	8.54259259	0.98888889
0.191000	8.42592593	0.98148148
0.191100	8.43518519	0.98703704
0.191200	8.44629630	0.99259259
0.191300	8.43703704	0.98518519
0.191400	8.50370370	0.98518519
0.191500	8.45000000	0.98333333
0.191600	8.46851852	0.98518519
0.191700	8.44074074	0.97962963
0.191800	8.49629630	0.97962963
0.191900	8.50925926	0.98518519
0.192000	8.49074074	0.99259259
0.192100	8.57962963	0.99074074
0.192200	8.51296296	0.98703704
0.192300	8.54814815	0.98333333
0.192400	8.43888889	0.98703704
0.192500	8.49444444	0.98518519
0.192600	8.48148148	0.98148148
0.192700	8.46296296	0.98703704
0.192800	8.56851852	0.99259259
0.192900	8.58148148	0.98518519
0.193000	8.49629630	0.98888889
0.193100	8.51111111	0.98518519
0.193200	8.51851852	0.98888889
0.193300	8.42592593	0.99074074
0.193400	8.51481481	0.99074074
0.193500	8.54074074	0.99259259
0.193600	8.46481481	0.98518519
0.193700	8.50370370	0.98703704
0.193800	8.53148148	0.98888889
0.193900	8.44074074	0.98148148
0.194000	8.60185185	0.98703704
0.194100	8.48333333	0.98333333
0.194200	8.56296296	0.98333333
0.194300	8.50740741	0.98703704
0.194400	8.51666667	0.98703704
0.194500	8.55925926	0.98888889
0.194600	8.52222222	0.98333333
0.194700	8.52222222	0.98703704
0.194800	8.49259259	0.98703704
0.194900	8.56851852	0.99074074
0.195000	8.55185185	0.98703704
0.195100	8.52037037	0.98888889
0.195200	8.60925926	0.98703704
0.195300	8.52592593	0.98703704
0.195400	8.54259259	0.98703704
0.195500	8.50555556	0.99259259
0.195600	8.58518519	0.98518519
0.195700	8.51111111	0.98148148
0.195800	8.50555556	0.98888889
0.195900	8.52962963	0.99074074
0.196000	8.52592593	0.98518519
0.196100	8.51296296	0.98333333
0.196200	8.60925926	0.98333333
0.196300	8.60000000	0.99259259
0.196400	8.58333333	0.99259259
0.196500	8.55925926	0.98518519
0.196600	8.50555556	0.98703704
0.196700	8.55185185	0.98518519
0.196800	8.52777778	0.98703704
0.196900	8.55185185	0.97962963
0.197000	8.55000000	0.98703704
0.197100	8.53333333	0.99074074
0.197200	8.52777778	0.99074074
0.197300	8.65000000	0.98333333
0.197400	8.55740741	0.98703704
0.197500	8.58333333	0.98148148
0.197600	8.58703704	0.98888889
0.197700	8.63518519	0.98333333
0.197800	8.59629630	0.98518519
0.197900	8.52037037	0.98518519
0.198000	8.55185185	0.98703704
0.198100	8.53518519	0.98148148
0.198200	8.57222222	0.98888889
0.198300	8.58703704	0.98148148
0.198400	8.64629630	0.98888889
0.198500	8.57222222	0.98518519
0.198600	8.57222222	0.99074074
0.198700	8.70185185	0.98888889
0.198800	8.60370370	0.98148148
0.198900	8.50740741	0.98333333
0.199000	8.62037037	0.99074074
0.199100	8.53148148	0.98148148
0.199200	8.57222222	0.98518519
0.199300	8.52592593	0.98703704
0.199400	8.69259259	0.98703704
0.199500	8.56481481	0.99259259
0.199600	8.60370370	0.98518519
0.199700	8.54444444	0.98518519
0.199800	8.59259259	0.98703704
0.199900	8.57777778	0.98518519
0.200000	8.57592593	0.98703704
0.200100	8.59814815	0.97777778
0.200200	8.60185185	0.98703704
0.200300	8.59074074	0.99074074
0.200400	8.53888889	0.98518519
0.200500	8.54629630	0.98703704
0.200600	8.57592593	0.98518519
0.200700	8.55555556	0.98703704
0.200800	8.62407407	0.98518519
0.200900	8.53888889	0.99074074
0.201000	8.58703704	0.99074074
0.201100	8.57407407	0.98888889
0.201200	8.57037037	0.98888889
0.201300	8.58518519	0.98888889
0.201400	8.57962963	0.98703704
0.201500	8.63333333	0.98518519
0.201600	8.61296296	0.99074074
0.201700	8.61296296	0.99074074
0.201800	8.56666667	0.99074074
0.201900	8.65185185	0.98333333
0.202000	8.61851852	0.99074074
0.202100	8.59629630	0.99074074
0.202200	8.57037037	0.99074074
0.202300	8.56111111	0.98518519
0.202400	8.68518519	0.98333333
0.202500	8.65740741	0.98703704
0.202600	8.58333333	0.98518519
0.202700	8.64074074	0.98703704
0.202800	8.66666667	0.98888889
0.202900	8.62037037	0.98703704
0.203000	8.53518519	0.98888889
0.203100	8.65000000	0.99259259
0.203200	8.60555556	0.98703704
0.203300	8.65555556	0.98888889
0.203400	8.53703704	0.98703704
0.203500	8.58703704	0.99074074
0.203600	8.57407407	0.98518519
0.203700	8.66296296	0.98888889
0.203800	8.64074074	0.99074074
0.203900	8.68888889	0.98888889
0.204000	8.63888889	0.98518519
0.204100	8.68333333	0.98148148
0.204200	8.65370370	0.98518519
0.204300	8.59629630	0.98703704
0.204400	8.67037037	0.98888889
0.204500	8.57037037	0.98518519
0.204600	8.60370370	0.98333333
0.204700	8.69444444	0.98703704
0.204800	8.68333333	0.99074074
0.204900	8.66111111	0.98333333
0.205000	8.62777778	0.99074074
0.205100	8.65740741	0.99074074
0.205200	8.60555556	0.98148148
0.205300	8.64444444	0.97962963
0.205400	8.67222222	0.98888889
0.205500	8.64629630	0.98518519
0.205600	8.69814815	0.99259259
0.205700	8.69444444	0.98333333
0.205800	8.66296296	0.98888889
0.205900	8.65555556	0.98888889
0.206000	8.64444444	0.98333333
0.206100	8.57407407	0.98148148
0.206200	8.64259259	0.98888889
0.206300	8.63518519	0.98518519
0.206400	8.66851852	0.98518519
0.206500	8.63518519	0.98888889
0.206600	8.67962963	0.99074074
0.206700	8.66851852	0.98148148
0.206800	8.60555556	0.98888889
0.206900	8.64074074	0.97777778
0.207000	8.66851852	0.98703704
0.207100	8.63333333	0.98333333
0.207200	8.68333333	0.98888889
0.207300	8.64074074	0.98888889
0.207400	8.64444444	0.98703704
0.207500	8.66111111	0.98703704
0.207600	8.64259259	0.98518519
0.207700	8.70370370	0.99074074
0.207800	8.72407407	0.98703704
0.207900	8.63888889	0.98703704
0.208000	8.69074074	0.98888889
0.208100	8.62592593	0.98518519
0.208200	8.69259259	0.98703704
0.208300	8.65555556	0.98703704
0.208400	8.62592593	0.99074074
0.208500	8.70740741	0.98703704
0.208600	8.63888889	0.98703704
0.208700	8.63333333	0.98333333
0.208800	8.67592593	0.98148148
0.208900	8.65185185	0.98888889
0.209000	8.69074074	0.99074074
0.209100	8.67777778	0.99074074
0.209200	8.67037037	0.99074074
0.209300	8.66851852	0.99074074
0.209400	8.70370370	0.98333333
0.209500	8.71111111	0.98148148
0.209600	8.71481481	0.98888889
0.209700	8.69259259	0.98518519
0.209800	8.70555556	0.98333333
0.209900	8.70925926	0.98703704
0.210000	8.69814815	0.98703704
0.210100	8.66666667	0.98703704
0.210200	8.70000000	0.98888889
0.210300	8.66851852	0.98333333
0.210400	8.72777778	0.98333333
0.210500	8.69074074	0.98703704
0.210600	8.70555556	0.99074074
0.210700	8.68888889	0.98888889
0.210800	8.68888889	0.99259259
0.210900	8.66296296	0.98518519
0.211000	8.75370370	0.99074074
0.211100	8.71666667	0.98703704
0.211200	8.64814815	0.98518519
0.211300	8.72222222	0.98703704
0.211400	8.73148148	0.98333333
0.211500	8.67037037	0.98518519
0.211600	8.68518519	0.98518519
0.211700	8.74629630	0.98888889
0.211800	8.69629630	0.98333333
0.211900	8.69259259	0.98888889
0.212000	8.74444444	0.98888889
0.212100	8.70370370	0.98888889
0.212200	8.72407407	0.99074074
0.212300	8.71666667	0.98333333
0.212400	8.72222222	0.98888889
0.212500	8.71296296	0.98703704
0.212600	8.67037037	0.98703704
0.212700	8.67407407	0.98703704
0.212800	8.70000000	0.99074074
0.212900	8.69629630	0.98333333
0.213000	8.71296296	0.98888889
0.213100	8.66296296	0.98518519
0.213200	8.72777778	0.98333333
0.213300	8.72777778	0.99259259
0.213400	8.69629630	0.99074074
0.213500	8.68703704	0.99074074
0.213600	8.68518519	0.98888889
0.213700	8.69629630	0.98703704
0.213800	8.72407407	0.99259259
0.213900	8.68888889	0.98518519
0.214000	8.78703704	0.98518519
0.214100	8.71296296	0.98518519
0.214200	8.80925926	0.98888889
0.214300	8.77222222	0.99259259
0.214400	8.75555556	0.98888889
0.214500	8.74259259	0.99259259
0.214600	8.73333333	0.98518519
0.214700	8.76111111	0.98888889
0.214800	8.75925926	0.98703704
0.214900	8.77407407	0.99074074
0.215000	8.71481481	0.98703704
0.215100	8.75370370	0.99074074
0.215200	8.77407407	0.98703704
0.215300	8.72592593	0.98518519
0.215400	8.75925926	0.99444444
0.215500	8.69259259	0.98703704
0.215600	8.76481481	0.99074074
0.215700	8.73333333	0.98518519
0.215800	8.80185185	0.99074074
0.215900	8.69814815	0.99074074
0.216000	8.75000000	0.99259259
0.216100	8.68888889	0.98888889
0.216200	8.76851852	0.98888889
0.216300	8.77777778	0.99074074
0.216400	8.67407407	0.98518519
0.216500	8.78148148	0.98888889
0.216600	8.74629630	0.98888889
0.216700	8.76111111	0.98888889
0.216800	8.71666667	0.98703704
0.216900	8.79074074	0.98703704
0.217000	8.78518519	0.98888889
0.217100	8.75000000	0.98518519
0.217200	8.77592593	0.98518519
0.217300	8.70185185	0.98888889
0.217400	8.69629630	0.98148148
0.217500	8.70370370	0.99074074
0.217600	8.82592593	0.98333333
0.217700	8.78333333	0.98703704
0.217800	8.80370370	0.98703704
0.217900	8.75555556	0.98888889
0.218000	8.72962963	0.98703704
0.218100	8.75740741	0.99259259
0.218200	8.79259259	0.98333333
0.218300	8.75740741	0.98333333
0.218400	8.75370370	0.98888889
0.218500	8.81481481	0.98703704
0.218600	8.80925926	0.98703704
0.218700	8.73703704	0.98703704
0.218800	8.75740741	0.98518519
0.218900	8.81111111	0.98888889
0.219000	8.82407407	0.99444444
0.219100	8.75555556	0.98703704
0.219200	8.79814815	0.99074074
0.219300	8.80185185	0.99259259
0.219400	8.76666667	0.98703704
0.219500	8.81481481	0.98703704
0.219600	8.79814815	0.99074074
0.219700	8.78518519	0.98888889
0.219800	8.75370370	0.98333333
0.219900	8.79444444	0.98148148
0.220000	8.73888889	0.99074074
0.220100	8.77592593	0.99074074
0.220200	8.75000000	0.98518519
0.220300	8.84629630	0.99074074
0.220400	8.82407407	0.98703704
0.220500	8.76851852	0.98703704
0.220600	8.73518519	0.98888889
0.220700	8.81851852	0.99074074
0.220800	8.78703704	0.98703704
0.220900	8.81851852	0.99074074
0.221000	8.75925926	0.98148148
0.221100	8.78703704	0.99259259
0.221200	8.84074074	0.98888889
0.221300	8.82592593	0.98703704
0.221400	8.87592593	0.98888889
0.221500	8.82222222	0.99259259
0.221600	8.82407407	0.98333333
0.221700	8.78518519	0.98333333
0.221800	8.81481481	0.98148148
0.221900	8.74444444	0.98703704
0.222000	8.80000000	0.99074074
0.222100	8.75185185	0.98888889
0.222200	8.76296296	0.98703704
0.222300	8.87777778	0.99259259
0.222400	8.80185185	0.98333333
0.222500	8.77592593	0.98703704
0.222600	8.82222222	0.98518519
0.222700	8.78333333	0.98333333
0.222800	8.79074074	0.98703704
0.222900	8.86111111	0.98888889
0.223000	8.79074074	0.98703704
0.223100	8.74629630	0.98888889
0.223200	8.82407407	0.98148148
0.223300	8.77407407	0.98703704
0.223400	8.79259259	0.99259259
0.223500	8.78148148	0.98703704
0.223600	8.75185185	0.98703704
0.223700	8.88148148	0.99074074
0.223800	8.82962963	0.98148148
0.223900	8.80740741	0.98703704
0.224000	8.85370370	0.98703704
0.224100	8.82592593	0.98148148
0.224200	8.86296296	0.99074074
0.224300	8.81481481	0.98888889
0.224400	8.85555556	0.98703704
0.224500	8.87037037	0.98333333
0.224600	8.77962963	0.99074074
0.224700	8.83888889	0.99074074
0.224800	8.82962963	0.99259259
0.224900	8.87592593	0.98703704
0.225000	8.82407407	0.98888889
0.225100	8.83148148	0.98703704
0.225200	8.86666667	0.99074074
0.225300	8.82962963	0.98703704
0.225400	8.85000000	0.99074074
0.225500	8.83148148	0.98703704
0.225600	8.82222222	0.99259259
0.225700	8.79074074	0.98888889
0.225800	8.80555556	0.98888889
0.225900	8.85925926	0.98703704
0.226000	8.82037037	0.98333333
0.226100	8.85740741	0.98333333
0.226200	8.88703704	0.98703704
0.226300	8.85000000	0.98888889
0.226400	8.85185185	0.98518519
0.226500	8.87777778	0.98703704
0.226600	8.79074074	0.98703704
0.226700	8.84444444	0.98888889
0.226800	8.79444444	0.98888889
0.226900	8.80370370	0.99444444
0.227000	8.85185185	0.98333333
0.227100	8.82222222	0.99074074
0.227200	8.84629630	0.98703704
0.227300	8.84629630	0.99074074
0.227400	8.84814815	0.98888889
0.227500	8.88518519	0.99259259
0.227600	8.84074074	0.98518519
0.227700	8.92777778	0.99259259
0.227800	8.85555556	0.99074074
0.227900	8.85370370	0.98888889
0.228000	8.87777778	0.98703704
0.228100	8.79074074	0.99074074
0.228200	8.85925926	0.98518519
0.228300	8.81296296	0.98703704
0.228400	8.89259259	0.98888889
0.228500	8.81851852	0.98333333
0.228600	8.85740741	0.99074074
0.228700	8.82962963	0.98888889
0.228800	8.86296296	0.98888889
0.228900	8.85740741	0.99259259
0.229000	8.84074074	0.98518519
0.229100	8.82407407	0.99259259
0.229200	8.87037037	0.98518519
0.229300	8.83518519	0.99074074
0.229400	8.90925926	0.99444444
0.229500	8.87037037	0.98703704
0.229600	8.86111111	0.99074074
0.229700	8.85000000	0.98888889
0.229800	8.82592593	0.99074074
0.229900	8.81296296	0.98888889
0.230000	8.75000000	0.98888889
0.230100	8.81851852	0.99444444
0.230200	8.90555556	0.99074074
0.230300	8.81851852	0.98888889
0.230400	8.86111111	0.98888889
0.230500	8.79814815	0.98888889
0.230600	8.85925926	0.98888889
0.230700	8.86111111	0.98703704
0.230800	8.85185185	0.99259259
0.230900	8.87777778	0.98888889
0.231000	8.86666667	0.98703704
0.231100	8.85000000	0.98888889
0.231200	8.88703704	0.98518519
0.231300	8.82592593	0.98518519
0.231400	8.84629630	0.99074074
0.231500	8.84074074	0.98518519
0.231600	8.89259259	0.98888889
0.231700	8.86111111	0.98333333
0.231800	8.91296296	0.99074074
0.231900	8.92407407	0.98888889
0.232000	8.89814815	0.98888889
0.232100	8.87592593	0.99074074
0.232200	8.85740741	0.98888889
0.232300	8.84074074	0.99074074
0.232400	8.85185185	0.98518519
0.232500	8.87407407	0.98518519
0.232600	8.86851852	0.98888889
0.232700	8.87037037	0.98703704
0.232800	8.86111111	0.98703704
0.232900	8.87407407	0.99074074
0.233000	8.88333333	0.98703704
0.233100	8.91296296	0.98703704
0.233200	8.89814815	0.98888889
0.233300	8.88148148	0.99074074
0.233400	8.93518519	0.98518519
0.233500	8.94074074	0.98703704
0.233600	8.94259259	0.98888889
0.233700	8.87407407	0.98888889
0.233800	8.87777778	0.98703704
0.233900	8.88888889	0.98518519
0.234000	8.85000000	0.98888889
0.234100	8.85370370	0.97962963
0.234200	8.89629630	0.99259259
0.234300	8.86481481	0.98703704
0.234400	8.93888889	0.99074074
0.234500	8.92592593	0.99074074
0.234600	8.92222222	0.98703704
0.234700	8.89444444	0.98518519
0.234800	8.90925926	0.99259259
0.234900	8.87592593	0.98518519
0.235000	8.97777778	0.98888889
0.235100	8.91666667	0.98888889
0.235200	8.91666667	0.99259259
0.235300	8.94629630	0.99259259
0.235400	8.92407407	0.99074074
0.235500	8.83703704	0.98333333
0.235600	8.92962963	0.98703704
0.235700	8.92592593	0.98148148
0.235800	8.87592593	0.98518519
0.235900	8.91481481	0.98888889
0.236000	8.90925926	0.98703704
0.236100	8.90925926	0.98518519
0.236200	8.94259259	0.98703704
0.236300	9.00555556	0.98888889
0.236400	8.97407407	0.99259259
0.236500	8.92592593	0.98703704
0.236600	8.86851852	0.98888889
0.236700	8.88888889	0.99259259
0.236800	8.85185185	0.98333333
0.236900	8.91666667	0.98703704
0.237000	8.89814815	0.98888889
0.237100	8.87777778	0.98888889
0.237200	8.98703704	0.99259259
0.237300	8.91666667	0.99074074
0.237400	8.88518519	0.99074074
0.237500	8.88333333	0.98703704
0.237600	8.85000000	0.98888889
0.237700	8.88888889	0.98703704
0.237800	8.93703704	0.99074074
0.237900	8.93703704	0.98888889
0.238000	8.91481481	0.99259259
0.238100	8.87037037	0.98518519
0.238200	8.86296296	0.98518519
0.238300	8.94814815	0.98703704
0.238400	8.96481481	0.98888889
0.238500	8.89629630	0.99074074
0.238600	8.90370370	0.98518519
0.238700	8.89629630	0.98703704
0.238800	8.88888889	0.98888889
0.238900	8.92777778	0.99074074
0.239000	8.90740741	0.99074074
0.239100	8.91111111	0.99074074
0.239200	8.88518519	0.98888889
0.239300	8.91111111	0.98888889
0.239400	8.99259259	0.99259259
0.239500	8.93888889	0.98703704
0.239600	8.88703704	0.98518519
0.239700	8.97037037	0.99074074
0.239800	8.89444444	0.98888889
0.239900	8.91481481	0.99074074
0.240000	8.87962963	0.99074074
0.240100	8.96666667	0.98888889
0.240200	8.90925926	0.98888889
0.240300	8.93888889	0.98703704
0.240400	8.92592593	0.99074074
0.240500	8.94074074	0.99074074
0.240600	8.91666667	0.98888889
0.240700	8.91481481	0.99259259
0.240800	8.92592593	0.99074074
0.240900	8.99444444	0.98888889
0.241000	8.90925926	0.98703704
0.241100	8.97407407	0.99444444
0.241200	8.90925926	0.99074074
0.241300	8.98888889	0.98888889
0.241400	9.03888889	0.98888889
0.241500	8.90555556	0.98703704
0.241600	8.95740741	0.98888889
0.241700	8.92222222	0.99259259
0.241800	8.92962963	0.98518519
0.241900	8.94259259	0.98518519
0.242000	8.92777778	0.99259259
0.242100	8.95185185	0.98703704
0.242200	8.92962963	0.99074074
0.242300	8.91481481	0.98703704
0.242400	8.96666667	0.98888889
0.242500	8.97777778	0.98888889
0.242600	8.95925926	0.99259259
0.242700	9.03888889	0.98333333
0.242800	8.95555556	0.99074074
0.242900	8.98703704	0.99259259
0.243000	8.98518519	0.99074074
0.243100	9.02037037	0.99074074
0.243200	8.94629630	0.99074074
0.243300	8.95925926	0.99074074
0.243400	8.96296296	0.98703704
0.243500	8.92592593	0.98888889
0.243600	8.90000000	0.99444444
0.243700	8.97592593	0.99259259
0.243800	8.94074074	0.98518519
0.243900	8.95185185	0.98888889
0.244000	8.93518519	0.99074074
0.244100	9.00000000	0.98888889
0.244200	8.95185185	0.98703704
0.244300	8.93333333	0.98518519
0.244400	8.94629630	0.98518519
0.244500	8.98518519	0.99074074
0.244600	9.01296296	0.98888889
0.244700	8.95370370	0.98518519
0.244800	8.99444444	0.98703704
0.244900	8.94629630	0.98888889
0.245000	9.00925926	0.99259259
0.245100	8.98518519	0.99074074
0.245200	8.96481481	0.99444444
0.245300	8.98703704	0.98518519
0.245400	8.96111111	0.99074074
0.245500	8.98148148	0.99444444
0.245600	8.99444444	0.98703704
0.245700	8.97592593	0.98333333
0.245800	8.95925926	0.98703704
0.245900	8.94814815	0.98518519
0.246000	8.96111111	0.98888889
0.246100	9.02037037	0.98703704
0.246200	8.98888889	0.98703704
0.246300	8.99259259	0.98703704
0.246400	8.97962963	0.99074074
0.246500	8.99259259	0.99259259
0.246600	8.96666667	0.99259259
0.246700	9.00925926	0.99074074
0.246800	9.08518519	0.99074074
0.246900	8.97037037	0.99074074
0.247000	8.99074074	0.99074074
0.247100	8.94259259	0.98703704
0.247200	8.97777778	0.98518519
0.247300	8.94814815	0.98888889
0.247400	9.02777778	0.99259259
0.247500	9.00185185	0.98703704
0.247600	8.87592593	0.98703704
0.247700	9.00370370	0.98888889
0.247800	8.97037037	0.98888889
0.247900	8.94259259	0.98888889
0.248000	8.96851852	0.98888889
0.248100	8.97777778	0.98703704
0.248200	8.99814815	0.99444444
0.248300	8.97592593	0.99074074
0.248400	9.01296296	0.99074074
0.248500	9.02407407	0.98518519
0.248600	9.03888889	0.99074074
0.248700	9.01111111	0.98888889
0.248800	8.96296296	0.98888889
0.248900	9.06296296	0.99074074
0.249000	9.00925926	0.98518519
0.249100	9.05185185	0.98888889
0.249200	9.03888889	0.99074074
0.249300	8.97777778	0.98888889
0.249400	9.01111111	0.98148148
0.249500	9.05925926	0.99444444
0.249600	9.01111111	0.98888889
0.249700	8.99074074	0.99074074
0.249800	9.01666667	0.98888889
0.249900	8.99444444	0.98888889
0.250000	9.00555556	0.98333333
0.250100	9.13703704	0.99074074
0.250200	8.96851852	0.98888889
0.250300	8.96666667	0.98333333
0.250400	9.01111111	0.99074074
0.250500	9.03518519	0.98703704
0.250600	9.05555556	0.99074074
0.250700	9.00185185	0.98888889
0.250800	9.03888889	0.98703704
0.250900	8.97962963	0.99074074
0.251000	9.05185185	0.99259259
0.251100	8.94074074	0.99074074
0.251200	9.05185185	0.98888889
0.251300	8.97777778	0.98888889
0.251400	9.12592593	0.99444444
0.251500	9.10370370	0.99259259
0.251600	9.01666667	0.99259259
0.251700	9.03148148	0.99074074
0.251800	9.06296296	0.98518519
0.251900	9.04259259	0.99259259
0.252000	9.03148148	0.98888889
0.252100	9.02592593	0.98703704
0.252200	8.98703704	0.99259259
0.252300	9.07592593	0.99074074
0.252400	8.97962963	0.98888889
0.252500	9.04074074	0.98703704
0.252600	9.01481481	0.98888889
0.252700	9.04629630	0.99074074
0.252800	9.00555556	0.98703704
0.252900	9.04259259	0.99259259
0.253000	9.03518519	0.98703704
0.253100	9.00925926	0.99074074
0.253200	9.03148148	0.98888889
0.253300	8.92222222	0.99259259
0.253400	9.05370370	0.98888889
0.253500	9.02222222	0.98888889
0.253600	9.07962963	0.98703704
0.253700	9.00740741	0.98703704
0.253800	9.00555556	0.99074074
0.253900	9.00000000	0.98888889
0.254000	8.98518519	0.99074074
0.254100	8.98703704	0.99259259
0.254200	9.02407407	0.98888889
0.254300	8.98888889	0.98703704
0.254400	9.02777778	0.99259259
0.254500	9.02777778	0.98703704
0.254600	9.00185185	0.99074074
0.254700	9.10185185	0.99444444
0.254800	9.03518519	0.99074074
0.254900	9.01296296	0.99074074
0.255000	8.97037037	0.98518519
0.255100	9.00185185	0.99259259
0.255200	9.05925926	0.99074074
0.255300	9.02037037	0.98703704
0.255400	9.05370370	0.99259259
0.255500	9.10740741	0.99444444
0.255600	9.02407407	0.99444444
0.255700	9.05370370	0.98703704
0.255800	9.01111111	0.99074074
0.255900	9.06666667	0.99259259
0.256000	8.94259259	0.98703704
0.256100	9.04444444	0.98888889
0.256200	9.02407407	0.99074074
0.256300	9.04074074	0.99074074
0.256400	9.07222222	0.99074074
0.256500	9.01296296	0.99259259
0.256600	9.05925926	0.98888889
0.256700	9.06666667	0.99259259
0.256800	9.04074074	0.98518519
0.256900	8.93148148	0.99074074
0.257000	8.98148148	0.99074074
0.257100	9.00185185	0.98518519
0.257200	9.07222222	0.99259259
0.257300	9.02592593	0.98888889
0.257400	9.09259259	0.98703704
0.257500	9.03518519	0.99074074
0.257600	9.03703704	0.99074074
0.257700	9.03148148	0.98888889
0.257800	9.04814815	0.98518519
0.257900	9.05000000	0.98888889
0.258000	9.05000000	0.99074074
0.258100	9.05555556	0.98703704
0.258200	9.07037037	0.98888889
0.258300	9.09444444	0.99259259
0.258400	9.06111111	0.98888889
0.258500	9.05925926	0.99074074
0.258600	9.00555556	0.99259259
0.258700	9.05925926	0.99074074
0.258800	9.06666667	0.98888889
0.258900	9.10555556	0.98703704
0.259000	9.06296296	0.99259259
0.259100	9.11666667	0.99074074
0.259200	9.00925926	0.99074074
0.259300	9.05925926	0.99074074
0.259400	8.99629630	0.98703704
0.259500	9.08148148	0.99444444
0.259600	9.05555556	0.98703704
0.259700	9.04074074	0.99259259
0.259800	9.01481481	0.99074074
0.259900	9.04444444	0.98518519
0.260000	9.03518519	0.98888889
0.260100	9.07592593	0.98703704
0.260200	9.07777778	0.98703704
0.260300	9.08518519	0.99259259
0.260400	9.04074074	0.99074074
0.260500	9.08888889	0.99074074
0.260600	9.07962963	0.99074074
0.260700	9.01851852	0.98888889
0.260800	9.06111111	0.98888889
0.260900	9.10185185	0.98703704
0.261000	9.04629630	0.99259259
0.261100	9.07592593	0.98703704
0.261200	9.05000000	0.98888889
0.261300	9.07962963	0.99259259
0.261400	9.06666667	0.99259259
0.261500	9.02592593	0.98888889
0.261600	9.08148148	0.98518519
0.261700	9.13888889	0.99074074
0.261800	9.10555556	0.98888889
0.261900	9.01666667	0.98888889
0.262000	9.05000000	0.98703704
0.262100	9.05000000	0.99259259
0.262200	9.03518519	0.99074074
0.262300	9.09814815	0.99074074
0.262400	9.04814815	0.99074074
0.262500	9.10740741	0.99444444
0.262600	9.07592593	0.99074074
0.262700	9.06666667	0.98703704
0.262800	9.08148148	0.98888889
0.262900	9.06666667	0.98888889
0.263000	9.03333333	0.99074074
0.263100	9.07777778	0.98888889
0.263200	9.06851852	0.99074074
0.263300	9.09629630	0.99259259
0.263400	9.09629630	0.98888889
0.263500	9.10185185	0.98333333
0.263600	9.04444444	0.99074074
0.263700	9.10185185	0.98888889
0.263800	9.13703704	0.99074074
0.263900	9.04444444	0.98518519
0.264000	9.10370370	0.99444444
0.264100	9.06481481	0.99074074
0.264200	9.13148148	0.98888889
0.264300	9.10000000	0.99259259
0.264400	9.13518519	0.99259259
0.264500	9.04444444	0.98703704
0.264600	9.15000000	0.99259259
0.264700	9.11296296	0.99259259
0.264800	9.09259259	0.98518519
0.264900	9.06851852	0.98703704
0.265000	9.06296296	0.99074074
0.265100	9.05740741	0.98888889
0.265200	9.02962963	0.98703704
0.265300	9.10925926	0.99074074
0.265400	9.07962963	0.99259259
0.265500	9.07592593	0.99259259
0.265600	9.11851852	0.99259259
0.265700	9.09629630	0.99074074
0.265800	9.07962963	0.99259259
0.265900	9.06666667	0.99259259
0.266000	9.13148148	0.99259259
0.266100	9.12592593	0.99074074
0.266200	9.10740741	0.99259259
0.266300	9.14074074	0.98888889
0.266400	9.05925926	0.99074074
0.266500	9.10370370	0.99074074
0.266600	9.07222222	0.99074074
0.266700	9.07592593	0.99259259
0.266800	9.07592593	0.99074074
0.266900	9.11851852	0.99259259
0.267000	9.10185185	0.99074074
0.267100	9.05740741	0.98703704
0.267200	9.08333333	0.98888889
0.267300	9.10370370	0.98888889
0.267400	9.17037037	0.98888889
0.267500	9.10185185	0.99074074
0.267600	9.09814815	0.99074074
0.267700	9.07222222	0.98703704
0.267800	9.10185185	0.99259259
0.267900	9.15000000	0.99074074
0.268000	9.07037037	0.99074074
0.268100	9.10555556	0.98888889
0.268200	9.12777778	0.99259259
0.268300	9.12777778	0.98703704
0.268400	9.04259259	0.98888889
0.268500	9.15740741	0.99074074
0.268600	9.13333333	0.99444444
0.268700	9.08518519	0.99444444
0.268800	9.10740741	0.99444444
0.268900	9.12777778	0.99444444
0.269000	9.09074074	0.99259259
0.269100	9.13703704	0.99259259
0.269200	9.17407407	0.99259259
0.269300	9.13703704	0.99074074
0.269400	9.12592593	0.99074074
0.269500	9.13518519	0.98888889
0.269600	9.11851852	0.99259259
0.269700	9.09074074	0.99074074
0.269800	9.11111111	0.99259259
0.269900	9.15370370	0.99444444
0.270000	9.12037037	0.98888889
0.270100	9.10555556	0.98888889
0.270200	9.14444444	0.99074074
0.270300	9.12037037	0.98888889
0.270400	9.08703704	0.99074074
0.270500	9.10000000	0.98703704
0.270600	9.17407407	0.99259259
0.270700	9.08703704	0.99259259
0.270800	9.16481481	0.99074074
0.270900	9.12407407	0.99074074
0.271000	9.12037037	0.98888889
0.271100	9.11851852	0.99074074
0.271200	9.16481481	0.99074074
0.271300	9.10000000	0.99259259
0.271400	9.12777778	0.98703704
0.271500	9.15370370	0.99259259
0.271600	9.10740741	0.99259259
0.271700	9.12592593	0.99259259
0.271800	9.16111111	0.98333333
0.271900	9.13518519	0.98888889
0.272000	9.16481481	0.99259259
0.272100	9.13518519	0.98888889
0.272200	9.12407407	0.98888889
0.272300	9.15185185	0.98888889
0.272400	9.13518519	0.98888889
0.272500	9.13333333	0.99259259
0.272600	9.12037037	0.98888889
0.272700	9.15740741	0.98888889
0.272800	9.12037037	0.99259259
0.272900	9.12222222	0.98888889
0.273000	9.10185185	0.98888889
0.273100	9.10925926	0.99259259
0.273200	9.13703704	0.99259259
0.273300	9.12962963	0.98888889
0.273400	9.05370370	0.99259259
0.273500	9.11481481	0.99259259
0.273600	9.16666667	0.98888889
0.273700	9.19444444	0.99074074
0.273800	9.15740741	0.99259259
0.273900	9.17962963	0.99074074
0.274000	9.12777778	0.98888889
0.274100	9.16481481	0.99074074
0.274200	9.12592593	0.98888889
0.274300	9.15000000	0.98703704
0.274400	9.14074074	0.99259259
0.274500	9.11296296	0.99074074
0.274600	9.14259259	0.98703704
0.274700	9.19444444	0.98703704
0.274800	9.15370370	0.98888889
0.274900	9.09444444	0.99444444
0.275000	9.17407407	0.99074074
0.275100	9.17777778	0.99074074
0.275200	9.19444444	0.98703704
0.275300	9.12592593	0.99074074
0.275400	9.14629630	0.98888889
0.275500	9.13148148	0.99259259
0.275600	9.18333333	0.99074074
0.275700	9.19074074	0.98703704
0.275800	9.16111111	0.99074074
0.275900	9.09629630	0.99074074
0.276000	9.11296296	0.98518519
0.276100	9.16851852	0.99259259
0.276200	9.14074074	0.99444444
0.276300	9.18888889	0.98888889
0.276400	9.15185185	0.98703704
0.276500	9.11481481	0.99259259
0.276600	9.14814815	0.99444444
0.276700	9.14629630	0.99074074
0.276800	9.15555556	0.99259259
0.276900	9.15925926	0.98888889
0.277000	9.11296296	0.98518519
0.277100	9.14074074	0.98703704
0.277200	9.12592593	0.98703704
0.277300	9.19629630	0.98703704
0.277400	9.12592593	0.99259259
0.277500	9.23518519	0.99444444
0.277600	9.14074074	0.99444444
0.277700	9.15740741	0.99444444
0.277800	9.09444444	0.99074074
0.277900	9.16666667	0.98703704
0.278000	9.06851852	0.98888889
0.278100	9.14814815	0.99074074
0.278200	9.16481481	0.98888889
0.278300	9.18148148	0.99259259
0.278400	9.15925926	0.99444444
0.278500	9.15370370	0.99444444
0.278600	9.17407407	0.99259259
0.278700	9.13888889	0.98888889
0.278800	9.17222222	0.99259259
0.278900	9.14259259	0.98888889
0.279000	9.12592593	0.99259259
0.279100	9.12222222	0.99074074
0.279200	9.11666667	0.98888889
0.279300	9.21296296	0.98888889
0.279400	9.15555556	0.99444444
0.279500	9.21666667	0.99074074
0.279600	9.16296296	0.99259259
0.279700	9.13703704	0.99074074
0.279800	9.21111111	0.99074074
0.279900	9.19814815	0.99259259
0.280000	9.15925926	0.98888889
0.280100	9.17037037	0.99259259
0.280200	9.17962963	0.98888889
0.280300	9.17592593	0.99444444
0.280400	9.13888889	0.99074074
0.280500	9.17222222	0.98888889
0.280600	9.16481481	0.99074074
0.280700	9.14444444	0.99444444
0.280800	9.17592593	0.99259259
0.280900	9.19814815	0.99259259
0.281000	9.22962963	0.99074074
0.281100	9.12222222	0.99074074
0.281200	9.18518519	0.98703704
0.281300	9.18518519	0.99074074
0.281400	9.15370370	0.99074074
0.281500	9.13703704	0.98703704
0.281600	9.14814815	0.99259259
0.281700	9.17962963	0.98888889
0.281800	9.17222222	0.99259259
0.281900	9.20000000	0.99074074
0.282000	9.18333333	0.99259259
0.282100	9.15740741	0.99074074
0.282200	9.12407407	0.98888889
0.282300	9.16666667	0.98888889
0.282400	9.20000000	0.99259259
0.282500	9.17407407	0.99259259
0.282600	9.14629630	0.98703704
0.282700	9.16851852	0.99074074
0.282800	9.14629630	0.98888889
0.282900	9.14629630	0.99074074
0.283000	9.20555556	0.99259259
0.283100	9.15370370	0.98703704
0.283200	9.19259259	0.99259259
0.283300	9.18333333	0.99074074
0.283400	9.13148148	0.98703704
0.283500	9.19444444	0.99259259
0.283600	9.24629630	0.99444444
0.283700	9.18518519	0.98888889
0.283800	9.17037037	0.98888889
0.283900	9.23148148	0.99074074
0.284000	9.17592593	0.99074074
0.284100	9.15555556	0.98888889
0.284200	9.22222222	0.98703704
0.284300	9.15370370	0.99074074
0.284400	9.20925926	0.98888889
0.284500	9.21666667	0.98703704
0.284600	9.16666667	0.99259259
0.284700	9.23518519	0.99074074
0.284800	9.14629630	0.98703704
0.284900	9.22592593	0.99074074
0.285000	9.19814815	0.99074074
0.285100	9.21666667	0.98888889
0.285200	9.17592593	0.99074074
0.285300	9.19629630	0.99259259
0.285400	9.21666667	0.99074074
0.285500	9.21851852	0.98888889
0.285600	9.20370370	0.99074074
0.285700	9.18148148	0.99074074
0.285800	9.18703704	0.99259259
0.285900	9.22962963	0.98888889
0.286000	9.11851852	0.98888889
0.286100	9.17407407	0.98888889
0.286200	9.20925926	0.98888889
0.286300	9.18888889	0.99259259
0.286400	9.20185185	0.99259259
0.286500	9.21851852	0.99074074
0.286600	9.18148148	0.99259259
0.286700	9.17962963	0.99074074
0.286800	9.20925926	0.99074074
0.286900	9.26296296	0.99074074
0.287000	9.23703704	0.99259259
0.287100	9.21111111	0.98888889
0.287200	9.22962963	0.99259259
0.287300	9.21296296	0.99259259
0.287400	9.19629630	0.99259259
0.287500	9.21481481	0.99074074
0.287600	9.19444444	0.99074074
0.287700	9.22222222	0.99074074
0.287800	9.18518519	0.98703704
0.287900	9.21111111	0.99259259
0.288000	9.23888889	0.99074074
0.288100	9.17222222	0.98888889
0.288200	9.19074074	0.98888889
0.288300	9.17037037	0.98703704
0.288400	9.20185185	0.98888889
0.288500	9.22592593	0.99074074
0.288600	9.21481481	0.99259259
0.288700	9.26666667	0.99259259
0.288800	9.22037037	0.99444444
0.288900	9.20555556	0.98888889
0.289000	9.20740741	0.98518519
0.289100	9.22222222	0.98703704
0.289200	9.21851852	0.98518519
0.289300	9.19814815	0.98518519
0.289400	9.21481481	0.99259259
0.289500	9.23703704	0.99259259
0.289600	9.17777778	0.99074074
0.289700	9.16481481	0.99259259
0.289800	9.24259259	0.99259259
0.289900	9.20370370	0.99074074
0.290000	9.18148148	0.98703704
0.290100	9.20185185	0.98888889
0.290200	9.23333333	0.99259259
0.290300	9.22962963	0.99074074
0.290400	9.21851852	0.98888889
0.290500	9.19074074	0.98888889
0.290600	9.21296296	0.99074074
0.290700	9.21296296	0.99444444
0.290800	9.23333333	0.98703704
0.290900	9.20185185	0.99074074
0.291000	9.24074074	0.99259259
0.291100	9.22592593	0.99259259
0.291200	9.22222222	0.98888889
0.291300	9.23148148	0.99074074
0.291400	9.22222222	0.99074074
0.291500	9.21481481	0.98888889
0.291600	9.29259259	0.99259259
0.291700	9.20555556	0.98888889
0.291800	9.25740741	0.98888889
0.291900	9.24074074	0.99444444
0.292000	9.17037037	0.98518519
0.292100	9.24444444	0.99259259
0.292200	9.20185185	0.99259259
0.292300	9.19814815	0.99259259
0.292400	9.17407407	0.98333333
0.292500	9.22777778	0.98333333
0.292600	9.24629630	0.99074074
0.292700	9.22222222	0.99074074
0.292800	9.22037037	0.99259259
0.292900	9.20740741	0.98518519
0.293000	9.21851852	0.98888889
0.293100	9.29259259	0.99259259
0.293200	9.20370370	0.98888889
0.293300	9.24074074	0.99074074
0.293400	9.20185185	0.99444444
0.293500	9.19259259	0.98703704
0.293600	9.19814815	0.98703704
0.293700	9.26851852	0.98888889
0.293800	9.20925926	0.99074074
0.293900	9.21666667	0.99259259
0.294000	9.27777778	0.99259259
0.294100	9.24259259	0.99259259
0.294200	9.18703704	0.99074074
0.294300	9.23703704	0.99074074
0.294400	9.23703704	0.99259259
0.294500	9.17222222	0.98888889
0.294600	9.25925926	0.99074074
0.294700	9.23148148	0.98703704
0.294800	9.30740741	0.99074074
0.294900	9.27962963	0.99074074
0.295000	9.26666667	0.99074074
0.295100	9.21481481	0.98888889
0.295200	9.15740741	0.99074074
0.295300	9.20370370	0.99259259
0.295400	9.24444444	0.99444444
0.295500	9.24444444	0.99444444
0.295600	9.23703704	0.99074074
0.295700	9.24444444	0.99074074
0.295800	9.22407407	0.99074074
0.295900	9.23148148	0.99074074
0.296000	9.26481481	0.98333333
0.296100	9.23333333	0.99259259
0.296200	9.25000000	0.99259259
0.296300	9.23703704	0.99259259
0.296400	9.20370370	0.99074074
0.296500	9.26481481	0.99259259
0.296600	9.28148148	0.99444444
0.296700	9.27037037	0.98703704
0.296800	9.29629630	0.99259259
0.296900	9.21111111	0.99074074
0.297000	9.25370370	0.99259259
0.297100	9.24814815	0.99074074
0.297200	9.28333333	0.99259259
0.297300	9.22592593	0.99259259
0.297400	9.25555556	0.98518519
0.297500	9.19444444	0.99259259
0.297600	9.25925926	0.99444444
0.297700	9.23518519	0.99074074
0.297800	9.25925926	0.99259259
0.297900	9.29074074	0.99259259
0.298000	9.25555556	0.99259259
0.298100	9.24814815	0.99074074
0.298200	9.21666667	0.99074074
0.298300	9.28703704	0.99074074
0.298400	9.20555556	0.99259259
0.298500	9.29259259	0.99444444
0.298600	9.26481481	0.98888889
0.298700	9.26296296	0.99259259
0.298800	9.23148148	0.99444444
0.298900	9.21481481	0.99074074
0.299000	9.25740741	0.99444444
0.299100	9.25740741	0.99074074
0.299200	9.23148148	0.99259259
0.299300	9.24074074	0.99259259
0.299400	9.28888889	0.99074074
0.299500	9.27037037	0.99074074
0.299600	9.25740741	0.99259259
0.299700	9.30740741	0.99259259
0.299800	9.29814815	0.98703704
0.299900	9.19074074	0.99074074
0.300000	9.22222222	0.99074074
0.300100	9.26666667	0.99074074
0.300200	9.24629630	0.99259259
0.300300	9.26296296	0.99259259
0.300400	9.24629630	0.99259259
0.300500	9.22962963	0.99444444
0.300600	9.24074074	0.99074074
0.300700	9.25555556	0.98888889
0.300800	9.23148148	0.98888889
0.300900	9.25185185	0.99074074
0.301000	9.32777778	0.98888889
0.301100	9.26481481	0.99074074
0.301200	9.25555556	0.98888889
0.301300	9.22592593	0.99074074
0.301400	9.26851852	0.99074074
0.301500	9.24074074	0.99074074
0.301600	9.27037037	0.99074074
0.301700	9.23888889	0.99259259
0.301800	9.26666667	0.99074074
0.301900	9.24629630	0.99074074
0.302000	9.28888889	0.99074074
0.302100	9.27962963	0.99074074
0.302200	9.27222222	0.99259259
0.302300	9.27592593	0.98888889
0.302400	9.25555556	0.98888889
0.302500	9.28703704	0.99259259
0.302600	9.24074074	0.99444444
0.302700	9.25925926	0.99444444
0.302800	9.21111111	0.99444444
0.302900	9.26111111	0.99074074
0.303000	9.28888889	0.98888889
0.303100	9.28333333	0.99259259
0.303200	9.27222222	0.98703704
0.303300	9.27777778	0.99259259
0.303400	9.21851852	0.99074074
0.303500	9.24444444	0.99259259
0.303600	9.30925926	0.98703704
0.303700	9.25555556	0.99074074
0.303800	9.21481481	0.99444444
0.303900	9.29629630	0.99074074
0.304000	9.22222222	0.98518519
0.304100	9.25000000	0.98703704
0.304200	9.27222222	0.99074074
0.304300	9.29814815	0.99259259
0.304400	9.28333333	0.98888889
0.304500	9.30000000	0.99074074
0.304600	9.23888889	0.99444444
0.304700	9.28518519	0.99074074
0.304800	9.28333333	0.99444444
0.304900	9.30370370	0.99074074
0.305000	9.22222222	0.99259259
0.305100	9.22222222	0.98888889
0.305200	9.29444444	0.99259259
0.305300	9.29444444	0.98703704
0.305400	9.27037037	0.98888889
0.305500	9.30925926	0.99444444
0.305600	9.32222222	0.99074074
0.305700	9.25925926	0.99074074
0.305800	9.31296296	0.99444444
0.305900	9.27962963	0.98703704
0.306000	9.29074074	0.99074074
0.306100	9.25925926	0.99259259
0.306200	9.27777778	0.99259259
0.306300	9.27592593	0.99074074
0.306400	9.26111111	0.99259259
0.306500	9.25000000	0.99259259
0.306600	9.32037037	0.99444444
0.306700	9.24444444	0.98888889
0.306800	9.25185185	0.99259259
0.306900	9.29074074	0.99074074
0.307000	9.23703704	0.99259259
0.307100	9.31851852	0.99074074
0.307200	9.25185185	0.99259259
0.307300	9.26481481	0.99444444
0.307400	9.22962963	0.99259259
0.307500	9.32777778	0.98888889
0.307600	9.33888889	0.98888889
0.307700	9.27222222	0.99074074
0.307800	9.25370370	0.98888889
0.307900	9.28148148	0.99259259
0.308000	9.27777778	0.99074074
0.308100	9.33518519	0.99259259
0.308200	9.33148148	0.99259259
0.308300	9.28703704	0.98888889
0.308400	9.31481481	0.99074074
0.308500	9.24074074	0.98703704
0.308600	9.20925926	0.99259259
0.308700	9.28518519	0.99259259
0.308800	9.31481481	0.99259259
0.308900	9.32037037	0.98518519
0.309000	9.28888889	0.99444444
0.309100	9.25740741	0.98888889
0.309200	9.27962963	0.99259259
0.309300	9.23518519	0.99074074
0.309400	9.23518519	0.99074074
0.309500	9.27777778	0.98888889
0.309600	9.27777778	0.99259259
0.309700	9.32407407	0.99444444
0.309800	9.30740741	0.99444444
0.309900	9.32222222	0.98703704
0.310000	9.26851852	0.99074074
0.310100	9.28888889	0.99074074
0.310200	9.29259259	0.99259259
0.310300	9.30925926	0.99074074
0.310400	9.24444444	0.98703704
0.310500	9.34074074	0.98703704
0.310600	9.30000000	0.99259259
0.310700	9.28888889	0.99259259
0.310800	9.25555556	0.98888889
0.310900	9.28518519	0.99074074
0.311000	9.26296296	0.98888889
0.311100	9.32962963	0.99074074
0.311200	9.27037037	0.99074074
0.311300	9.33888889	0.99074074
0.311400	9.33888889	0.99074074
0.311500	9.32962963	0.99074074
0.311600	9.31481481	0.99074074
0.311700	9.27407407	0.98888889
0.311800	9.31111111	0.99259259
0.311900	9.29629630	0.98703704
0.312000	9.34444444	0.98888889
0.312100	9.33333333	0.99444444
0.312200	9.30925926	0.99444444
0.312300	9.27592593	0.99074074
0.312400	9.26481481	0.98888889
0.312500	9.31851852	0.99259259
0.312600	9.31481481	0.99259259
0.312700	9.30000000	0.99444444
0.312800	9.28333333	0.99074074
0.312900	9.29629630	0.99259259
0.313000	9.29814815	0.99074074
0.313100	9.28703704	0.98518519
0.313200	9.26111111	0.99259259
0.313300	9.32037037	0.98888889
0.313400	9.33333333	0.99259259
0.313500	9.29259259	0.98888889
0.313600	9.30185185	0.99259259
0.313700	9.30740741	0.99074074
0.313800	9.31296296	0.99074074
0.313900	9.27037037	0.99074074
0.314000	9.25555556	0.99259259
0.314100	9.31296296	0.99074074
0.314200	9.32592593	0.99444444
0.314300	9.35925926	0.99074074
0.314400	9.24444444	0.99074074
0.314500	9.29259259	0.99444444
0.314600	9.27592593	0.99444444
0.314700	9.31481481	0.99259259
0.314800	9.31296296	0.99074074
0.314900	9.29629630	0.99444444
0.315000	9.30370370	0.99444444
0.315100	9.31666667	0.99259259
0.315200	9.32592593	0.99074074
0.315300	9.29444444	0.99074074
0.315400	9.30185185	0.99074074
0.315500	9.30555556	0.99259259
0.315600	9.29629630	0.98703704
0.315700	9.29444444	0.98888889
0.315800	9.30925926	0.98888889
0.315900	9.36481481	0.99444444
0.316000	9.35000000	0.99074074
0.316100	9.33888889	0.98888889
0.316200	9.32962963	0.98888889
0.316300	9.30740741	0.98888889
0.316400	9.35925926	0.99444444
0.316500	9.31851852	0.99259259
0.316600	9.27777778	0.99074074
0.316700	9.34444444	0.99074074
0.316800	9.25925926	0.99259259
0.316900	9.28333333	0.99259259
0.317000	9.33148148	0.98888889
0.317100	9.33888889	0.99259259
0.317200	9.28703704	0.99074074
0.317300	9.31851852	0.99444444
0.317400	9.30925926	0.98888889
0.317500	9.32222222	0.99074074
0.317600	9.30185185	0.98888889
0.317700	9.36481481	0.99074074
0.317800	9.30925926	0.99444444
0.317900	9.28148148	0.99444444
0.318000	9.36481481	0.99444444
0.318100	9.33518519	0.99444444
0.318200	9.30185185	0.99074074
0.318300	9.31481481	0.99074074
0.318400	9.29074074	0.99259259
0.318500	9.37592593	0.99444444
0.318600	9.31666667	0.99074074
0.318700	9.34814815	0.99259259
0.318800	9.29814815	0.98888889
0.318900	9.31296296	0.99259259
0.319000	9.31111111	0.98888889
0.319100	9.33703704	0.98703704
0.319200	9.34814815	0.99259259
0.319300	9.33703704	0.99259259
0.319400	9.35925926	0.99074074
0.319500	9.32222222	0.99259259
0.319600	9.30740741	0.99074074
0.319700	9.34259259	0.99259259
0.319800	9.28333333	0.99074074
0.319900	9.31851852	0.99074074
0.320000	9.32407407	0.99074074
0.320100	9.31851852	0.99074074
0.320200	9.34074074	0.99259259
0.320300	9.37037037	0.99444444
0.320400	9.36296296	0.98703704
0.320500	9.34814815	0.98888889
0.320600	9.32407407	0.99074074
0.320700	9.33518519	0.99259259
0.320800	9.34444444	0.99444444
0.320900	9.33888889	0.99074074
0.321000	9.33333333	0.99074074
0.321100	9.34629630	0.99259259
0.321200	9.32222222	0.98888889
0.321300	9.30000000	0.99074074
0.321400	9.30740741	0.98888889
0.321500	9.32407407	0.99444444
0.321600	9.37407407	0.98888889
0.321700	9.38333333	0.99074074
0.321800	9.35185185	0.99259259
0.321900	9.33518519	0.99444444
0.322000	9.32037037	0.98888889
0.322100	9.31851852	0.99074074
0.322200	9.32222222	0.99259259
0.322300	9.34444444	0.99259259
0.322400	9.37962963	0.99074074
0.322500	9.32962963	0.99259259
0.322600	9.35000000	0.98888889
0.322700	9.32592593	0.99074074
0.322800	9.35000000	0.99259259
0.322900	9.31666667	0.98888889
0.323000	9.31851852	0.99074074
0.323100	9.34629630	0.98888889
0.323200	9.32407407	0.99259259
0.323300	9.32777778	0.99259259
0.323400	9.34814815	0.99074074
0.323500	9.32407407	0.99074074
0.323600	9.34444444	0.99074074
0.323700	9.36296296	0.99444444
0.323800	9.36851852	0.99259259
0.323900	9.36111111	0.99074074
0.324000	9.32222222	0.99074074
0.324100	9.36851852	0.99074074
0.324200	9.30370370	0.98888889
0.324300	9.34074074	0.99259259
0.324400	9.34814815	0.98888889
0.324500	9.30370370	0.99444444
0.324600	9.40740741	0.99444444
0.324700	9.32777778	0.99074074
0.324800	9.38333333	0.98703704
0.324900	9.32592593	0.99259259
0.325000	9.29814815	0.99444444
0.325100	9.35925926	0.99074074
0.325200	9.32592593	0.98888889
0.325300	9.37777778	0.99259259
0.325400	9.38703704	0.99074074
0.325500	9.28888889	0.99259259
0.325600	9.35740741	0.99074074
0.325700	9.36666667	0.99444444
0.325800	9.32222222	0.99259259
0.325900	9.35370370	0.99074074
0.326000	9.36481481	0.99259259
0.326100	9.35370370	0.99259259
0.326200	9.35925926	0.99259259
0.326300	9.35740741	0.99259259
0.326400	9.32962963	0.99259259
0.326500	9.37222222	0.99259259
0.326600	9.34259259	0.99444444
0.326700	9.32407407	0.99074074
0.326800	9.32962963	0.98888889
0.326900	9.35740741	0.99259259
0.327000	9.33703704	0.99074074
0.327100	9.35740741	0.99444444
0.327200	9.36296296	0.99259259
0.327300	9.36666667	0.99259259
0.327400	9.32962963	0.98888889
0.327500	9.36111111	0.99444444
0.327600	9.33333333	0.99259259
0.327700	9.38518519	0.98703704
0.327800	9.27407407	0.98703704
0.327900	9.35000000	0.99444444
0.328000	9.32777778	0.98703704
0.328100	9.32962963	0.98888889
0.328200	9.31111111	0.99259259
0.328300	9.31296296	0.98888889
0.328400	9.34444444	0.98888889
0.328500	9.33518519	0.99074074
0.328600	9.33888889	0.99259259
0.328700	9.31481481	0.99259259
0.328800	9.32222222	0.99074074
0.328900	9.37962963	0.99259259
0.329000	9.37777778	0.99074074
0.329100	9.37222222	0.99444444
0.329200	9.33333333	0.99074074
0.329300	9.32962963	0.99444444
0.329400	9.38148148	0.99444444
0.329500	9.36111111	0.99259259
0.329600	9.37222222	0.99444444
0.329700	9.35370370	0.99074074
0.329800	9.36666667	0.98888889
0.329900	9.38148148	0.99444444
0.330000	9.38518519	0.99444444
0.330100	9.35740741	0.98703704
0.330200	9.34074074	0.99074074
0.330300	9.36851852	0.98888889
0.330400	9.37037037	0.98888889
0.330500	9.39629630	0.99259259
0.330600	9.31851852	0.99259259
0.330700	9.34444444	0.98888889
0.330800	9.36851852	0.99444444
0.330900	9.38333333	0.99074074
0.331000	9.37407407	0.99074074
0.331100	9.39629630	0.99074074
0.331200	9.38703704	0.99259259
0.331300	9.35185185	0.99074074
0.331400	9.40000000	0.98888889
0.331500	9.39259259	0.99259259
0.331600	9.36851852	0.98703704
0.331700	9.36481481	0.99074074
0.331800	9.37037037	0.99259259
0.331900	9.34444444	0.98888889
0.332000	9.36666667	0.99259259
0.332100	9.36111111	0.99259259
0.332200	9.32407407	0.98518519
0.332300	9.35925926	0.98888889
0.332400	9.38148148	0.99444444
0.332500	9.36666667	0.98888889
0.332600	9.37037037	0.98518519
0.332700	9.36481481	0.98888889
0.332800	9.33333333	0.99444444
0.332900	9.35185185	0.99259259
0.333000	9.41851852	0.99074074
0.333100	9.39444444	0.99074074
0.333200	9.36111111	0.99259259
0.333300	9.37037037	0.98888889
0.333400	9.36851852	0.99074074
0.333500	9.34444444	0.99259259
0.333600	9.38518519	0.99074074
0.333700	9.37592593	0.99074074
0.333800	9.33333333	0.99259259
0.333900	9.36666667	0.99259259
0.334000	9.41851852	0.99444444
0.334100	9.36481481	0.99259259
0.334200	9.38148148	0.98518519
0.334300	9.38703704	0.99259259
0.334400	9.36481481	0.99259259
0.334500	9.36111111	0.99074074
0.334600	9.34814815	0.99259259
0.334700	9.30555556	0.98888889
0.334800	9.35740741	0.99259259
0.334900	9.38703704	0.99074074
0.335000	9.41296296	0.99074074
0.335100	9.40555556	0.98888889
0.335200	9.34074074	0.99444444
0.335300	9.36481481	0.99444444
0.335400	9.33888889	0.99074074
0.335500	9.38148148	0.98888889
0.335600	9.36481481	0.99259259
0.335700	9.42592593	0.99074074
0.335800	9.35555556	0.99259259
0.335900	9.39444444	0.99074074
0.336000	9.39444444	0.98888889
0.336100	9.37222222	0.99074074
0.336200	9.38518519	0.99259259
0.336300	9.35000000	0.99259259
0.336400	9.35555556	0.99074074
0.336500	9.38333333	0.99259259
0.336600	9.37222222	0.99259259
0.336700	9.38703704	0.98888889
0.336800	9.34444444	0.98888889
0.336900	9.32962963	0.98888889
0.337000	9.32962963	0.99259259
0.337100	9.37592593	0.99074074
0.337200	9.42037037	0.99074074
0.337300	9.36296296	0.98703704
0.337400	9.37592593	0.99259259
0.337500	9.35185185	0.98888889
0.337600	9.42592593	0.99444444
0.337700	9.34814815	0.99259259
0.337800	9.37407407	0.99259259
0.337900	9.40370370	0.99074074
0.338000	9.36296296	0.98703704
0.338100	9.36296296	0.99444444
0.338200	9.42592593	0.99074074
0.338300	9.38888889	0.99259259
0.338400	9.37222222	0.99074074
0.338500	9.36666667	0.99259259
0.338600	9.38703704	0.99074074
0.338700	9.36666667	0.99444444
0.338800	9.34629630	0.99259259
0.338900	9.33888889	0.99074074
0.339000	9.39074074	0.99259259
0.339100	9.37037037	0.99259259
0.339200	9.40740741	0.99259259
0.339300	9.41296296	0.98703704
0.339400	9.35740741	0.99074074
0.339500	9.39629630	0.99074074
0.339600	9.38148148	0.99074074
0.339700	9.38703704	0.99444444
0.339800	9.36111111	0.99074074
0.339900	9.43333333	0.99444444
0.340000	9.39074074	0.99259259
0.340100	9.40185185	0.99074074
0.340200	9.32962963	0.99074074
0.340300	9.33333333	0.99259259
0.340400	9.38333333	0.99074074
0.340500	9.38888889	0.99074074
0.340600	9.37777778	0.98888889
0.340700	9.43703704	0.99259259
0.340800	9.35925926	0.99444444
0.340900	9.38148148	0.99259259
0.341000	9.38148148	0.99074074
0.341100	9.41666667	0.99444444
0.341200	9.41851852	0.98888889
0.341300	9.37222222	0.99259259
0.341400	9.41481481	0.99074074
0.341500	9.40925926	0.99074074
0.341600	9.39444444	0.99444444
0.341700	9.38333333	0.99259259
0.341800	9.38148148	0.99444444
0.341900	9.36111111	0.99074074
0.342000	9.41111111	0.99074074
0.342100	9.36666667	0.98888889
0.342200	9.39629630	0.99074074
0.342300	9.37222222	0.99259259
0.342400	9.44074074	0.99259259
0.342500	9.44074074	0.99074074
0.342600	9.35185185	0.98888889
0.342700	9.44074074	0.99259259
0.342800	9.40555556	0.99259259
0.342900	9.41481481	0.99259259
0.343000	9.41851852	0.99259259
0.343100	9.39074074	0.99074074
0.343200	9.40185185	0.98888889
0.343300	9.37962963	0.99259259
0.343400	9.41851852	0.99074074
0.343500	9.38888889	0.98888889
0.343600	9.41296296	0.99259259
0.343700	9.37962963	0.99444444
0.343800	9.37777778	0.99074074
0.343900	9.38148148	0.99074074
0.344000	9.37592593	0.99259259
0.344100	9.38518519	0.99074074
0.344200	9.39074074	0.99074074
0.344300	9.37222222	0.98703704
0.344400	9.37222222	0.98888889
0.344500	9.39629630	0.99074074
0.344600	9.40185185	0.98888889
0.344700	9.35740741	0.99074074
0.344800	9.37962963	0.98888889
0.344900	9.37962963	0.99259259
0.345000	9.37037037	0.99259259
0.345100	9.40370370	0.99259259
0.345200	9.42962963	0.99074074
0.345300	9.42407407	0.99444444
0.345400	9.38518519	0.98888889
0.345500	9.44629630	0.99444444
0.345600	9.40555556	0.99444444
0.345700	9.41666667	0.99074074
0.345800	9.41851852	0.99074074
0.345900	9.41851852	0.99259259
0.346000	9.39074074	0.99259259
0.346100	9.43703704	0.99444444
0.346200	9.41666667	0.98703704
0.346300	9.41111111	0.98888889
0.346400	9.39074074	0.99259259
0.346500	9.43518519	0.99259259
0.346600	9.39074074	0.99444444
0.346700	9.41111111	0.99444444
0.346800	9.38703704	0.99444444
0.346900	9.37037037	0.99074074
0.347000	9.40925926	0.99444444
0.347100	9.38703704	0.98888889
0.347200	9.43148148	0.98888889
0.347300	9.41481481	0.99444444
0.347400	9.41851852	0.99444444
0.347500	9.39629630	0.99074074
0.347600	9.42037037	0.99259259
0.347700	9.38888889	0.99259259
0.347800	9.40925926	0.99444444
0.347900	9.33888889	0.99259259
0.348000	9.44814815	0.99074074
0.348100	9.40370370	0.99444444
0.348200	9.37777778	0.99259259
0.348300	9.40370370	0.98888889
0.348400	9.37962963	0.99259259
0.348500	9.42037037	0.99074074
0.348600	9.38703704	0.99074074
0.348700	9.40555556	0.99259259
0.348800	9.41851852	0.99444444
0.348900	9.42777778	0.99074074
0.349000	9.36296296	0.99074074
0.349100	9.39259259	0.99259259
0.349200	9.41851852	0.99444444
0.349300	9.39629630	0.99259259
0.349400	9.42962963	0.99444444
0.349500	9.41111111	0.99259259
0.349600	9.40925926	0.99074074
0.349700	9.40925926	0.99074074
0.349800	9.42037037	0.99444444
0.349900	9.47222222	0.99074074
0.350000	9.40555556	0.99074074
0.350100	9.40185185	0.99259259
0.350200	9.40740741	0.99259259
0.350300	9.40740741	0.99259259
0.350400	9.42037037	0.99259259
0.350500	9.44629630	0.99259259
0.350600	9.40185185	0.99444444
0.350700	9.42777778	0.99444444
0.350800	9.36296296	0.99444444
0.350900	9.41111111	0.99074074
0.351000	9.41666667	0.99444444
0.351100	9.41851852	0.99074074
0.351200	9.42407407	0.99259259
0.351300	9.42777778	0.99444444
0.351400	9.43333333	0.99074074
0.351500	9.45370370	0.99259259
0.351600	9.43888889	0.99259259
0.351700	9.43518519	0.98703704
0.351800	9.40555556	0.99259259
0.351900	9.42222222	0.99074074
0.352000	9.38703704	0.99259259
0.352100	9.43703704	0.99074074
0.352200	9.44259259	0.99259259
0.352300	9.39814815	0.98888889
0.352400	9.43148148	0.99259259
0.352500	9.40740741	0.99074074
0.352600	9.40925926	0.99444444
0.352700	9.37777778	0.99444444
0.352800	9.41666667	0.99259259
0.352900	9.39074074	0.99444444
0.353000	9.45925926	0.99259259
0.353100	9.39629630	0.99074074
0.353200	9.42592593	0.99259259
0.353300	9.44259259	0.99259259
0.353400	9.39259259	0.98703704
0.353500	9.43333333	0.99259259
0.353600	9.41296296	0.99259259
0.353700	9.43333333	0.99074074
0.353800	9.43703704	0.99259259
0.353900	9.43703704	0.99444444
0.354000	9.43518519	0.99074074
0.354100	9.39259259	0.99444444
0.354200	9.41666667	0.98888889
0.354300	9.45925926	0.98888889
0.354400	9.42962963	0.99074074
0.354500	9.42962963	0.99259259
0.354600	9.40740741	0.99259259
0.354700	9.42222222	0.99259259
0.354800	9.40925926	0.99074074
0.354900	9.41666667	0.99259259
0.355000	9.43333333	0.99259259
0.355100	9.45185185	0.99074074
0.355200	9.44074074	0.99444444
0.355300	9.41666667	0.99444444
0.355400	9.43703704	0.99259259
0.355500	9.43333333	0.99444444
0.355600	9.41666667	0.98888889
0.355700	9.42407407	0.99074074
0.355800	9.41666667	0.99074074
0.355900	9.43518519	0.99259259
0.356000	9.43333333	0.99259259
0.356100	9.42037037	0.98703704
0.356200	9.43518519	0.99444444
0.356300	9.41111111	0.99259259
0.356400	9.42777778	0.99074074
0.356500	9.46111111	0.99444444
0.356600	9.42037037	0.99444444
0.356700	9.41296296	0.99259259
0.356800	9.42777778	0.99259259
0.356900	9.46296296	0.99074074
0.357000	9.42037037	0.99074074
0.357100	9.38333333	0.99259259
0.357200	9.40555556	0.99444444
0.357300	9.45370370	0.99074074
0.357400	9.42777778	0.99074074
0.357500	9.39074074	0.98888889
0.357600	9.44629630	0.99074074
0.357700	9.44629630	0.98888889
0.357800	9.42777778	0.99074074
0.357900	9.44259259	0.99259259
0.358000	9.42222222	0.99074074
0.358100	9.44629630	0.99074074
0.358200	9.41666667	0.99444444
0.358300	9.42222222	0.98703704
0.358400	9.42407407	0.99259259
0.358500	9.42037037	0.99074074
0.358600	9.44074074	0.99074074
0.358700	9.42407407	0.99259259
0.358800	9.45740741	0.99074074
0.358900	9.47777778	0.99259259
0.359000	9.39629630	0.99444444
0.359100	9.47407407	0.99074074
0.359200	9.46111111	0.99444444
0.359300	9.43888889	0.99074074
0.359400	9.42222222	0.99259259
0.359500	9.43148148	0.99444444
0.359600	9.44074074	0.99074074
0.359700	9.41851852	0.99074074
0.359800	9.43333333	0.99259259
0.359900	9.44259259	0.99444444
0.360000	9.42962963	0.99444444
0.360100	9.45925926	0.99074074
0.360200	9.47592593	0.99444444
0.360300	9.42777778	0.98888889
0.360400	9.44074074	0.99259259
0.360500	9.44444444	0.99074074
0.360600	9.44074074	0.99259259
0.360700	9.42777778	0.99259259
0.360800	9.43518519	0.99259259
0.360900	9.47407407	0.99259259
0.361000	9.40740741	0.99074074
0.361100	9.45555556	0.98888889
0.361200	9.44629630	0.99444444
0.361300	9.46851852	0.99074074
0.361400	9.45925926	0.99259259
0.361500	9.45185185	0.99074074
0.361600	9.42592593	0.98888889
0.361700	9.45740741	0.99444444
0.361800	9.40925926	0.99444444
0.361900	9.43148148	0.99444444
0.362000	9.41481481	0.99259259
0.362100	9.39814815	0.99259259
0.362200	9.45555556	0.99259259
0.362300	9.41111111	0.99259259
0.362400	9.41111111	0.99444444
0.362500	9.43333333	0.99074074
0.362600	9.44444444	0.99259259
0.362700	9.45925926	0.99259259
0.362800	9.45000000	0.99259259
0.362900	9.45185185	0.99074074
0.363000	9.41296296	0.98888889
0.363100	9.42037037	0.99444444
0.363200	9.42407407	0.99074074
0.363300	9.46851852	0.99259259
0.363400	9.42592593	0.99074074
0.363500	9.46296296	0.98888889
0.363600	9.43888889	0.99074074
0.363700	9.46851852	0.99444444
0.363800	9.49444444	0.99259259
0.363900	9.46481481	0.99259259
0.364000	9.46851852	0.99259259
0.364100	9.42037037	0.98888889
0.364200	9.40185185	0.99444444
0.364300	9.44074074	0.99444444
0.364400	9.44444444	0.99259259
0.364500	9.45185185	0.99444444
0.364600	9.44259259	0.99444444
0.364700	9.44814815	0.99074074
0.364800	9.43703704	0.99444444
0.364900	9.46481481	0.99074074
0.365000	9.44629630	0.99444444
0.365100	9.47962963	0.99444444
0.365200	9.46111111	0.99259259
0.365300	9.48518519	0.99074074
0.365400	9.42777778	0.99444444
0.365500	9.44074074	0.99259259
0.365600	9.47777778	0.99259259
0.365700	9.45555556	0.99074074
0.365800	9.45185185	0.99259259
0.365900	9.44259259	0.99074074
0.366000	9.42777778	0.99259259
0.366100	9.47407407	0.99259259
0.366200	9.43333333	0.98888889
0.366300	9.42592593	0.99259259
0.366400	9.48703704	0.99074074
0.366500	9.46481481	0.99259259
0.366600	9.47037037	0.98888889
0.366700	9.47592593	0.99259259
0.366800	9.47592593	0.99074074
0.366900	9.46666667	0.99444444
0.367000	9.44629630	0.99444444
0.367100	9.43888889	0.98888889
0.367200	9.44814815	0.99259259
0.367300	9.44814815	0.99444444
0.367400	9.47962963	0.99444444
0.367500	9.42037037	0.99444444
0.367600	9.42592593	0.99259259
0.367700	9.41666667	0.99259259
0.367800	9.47222222	0.99259259
0.367900	9.42037037	0.99259259
0.368000	9.47592593	0.99074074
0.368100	9.45000000	0.99259259
0.368200	9.47037037	0.99074074
0.368300	9.48703704	0.99259259
0.368400	9.48888889	0.99074074
0.368500	9.47407407	0.99259259
0.368600	9.52407407	0.99444444
0.368700	9.46111111	0.99259259
0.368800	9.43703704	0.98888889
0.368900	9.43518519	0.99444444
0.369000	9.45555556	0.99074074
0.369100	9.45000000	0.98703704
0.369200	9.47037037	0.99259259
0.369300	9.48703704	0.99259259
0.369400	9.47592593	0.99259259
0.369500	9.44629630	0.99259259
0.369600	9.48518519	0.99444444
0.369700	9.41481481	0.99259259
0.369800	9.45370370	0.99444444
0.369900	9.45185185	0.99444444
0.370000	9.45370370	0.99444444
0.370100	9.47962963	0.98703704
0.370200	9.42777778	0.99444444
0.370300	9.42222222	0.99259259
0.370400	9.45925926	0.99259259
0.370500	9.45185185	0.99444444
0.370600	9.45370370	0.99259259
0.370700	9.44444444	0.99444444
0.370800	9.50740741	0.99074074
0.370900	9.46111111	0.99074074
0.371000	9.43333333	0.99259259
0.371100	9.51296296	0.99444444
0.371200	9.44629630	0.99074074
0.371300	9.47962963	0.99259259
0.371400	9.42037037	0.99259259
0.371500	9.48518519	0.99444444
0.371600	9.43703704	0.99444444
0.371700	9.43518519	0.99259259
0.371800	9.45925926	0.99259259
0.371900	9.47592593	0.99259259
0.372000	9.51666667	0.99444444
0.372100	9.48888889	0.99074074
0.372200	9.47777778	0.98888889
0.372300	9.44629630	0.99444444
0.372400	9.48148148	0.99444444
0.372500	9.45740741	0.99259259
0.372600	9.49629630	0.99074074
0.372700	9.37222222	0.99074074
0.372800	9.46851852	0.99259259
0.372900	9.46851852	0.99259259
0.373000	9.43148148	0.99444444
0.373100	9.45740741	0.98888889
0.373200	9.45370370	0.99074074
0.373300	9.46666667	0.99074074
0.373400	9.47592593	0.99074074
0.373500	9.44074074	0.99259259
0.373600	9.50925926	0.99444444
0.373700	9.46666667	0.99259259
0.373800	9.48518519	0.99259259
0.373900	9.48888889	0.99444444
0.374000	9.48703704	0.99259259
0.374100	9.49444444	0.99444444
0.374200	9.48888889	0.98888889
0.374300	9.44259259	0.99259259
0.374400	9.45370370	0.98888889
0.374500	9.48888889	0.99259259
0.374600	9.45185185	0.98888889
0.374700	9.47592593	0.99259259
0.374800	9.44814815	0.99259259
0.374900	9.46851852	0.99259259
0.375000	9.51851852	0.99074074
0.375100	9.47407407	0.99259259
0.375200	9.48333333	0.99259259
0.375300	9.51851852	0.99074074
0.375400	9.45185185	0.99074074
0.375500	9.45925926	0.99444444
0.375600	9.46851852	0.99259259
0.375700	9.50555556	0.98888889
0.375800	9.47222222	0.99259259
0.375900	9.48333333	0.98888889
0.376000	9.47222222	0.99444444
0.376100	9.48703704	0.99444444
0.376200	9.45555556	0.99444444
0.376300	9.47592593	0.99259259
0.376400	9.47777778	0.99259259
0.376500	9.51851852	0.99444444
0.376600	9.49259259	0.99259259
0.376700	9.47962963	0.99074074
0.376800	9.45925926	0.99074074
0.376900	9.50000000	0.99259259
0.377000	9.48888889	0.99444444
0.377100	9.46481481	0.99074074
0.377200	9.47777778	0.99259259
0.377300	9.52777778	0.99259259
0.377400	9.46111111	0.99074074
0.377500	9.47222222	0.99444444
0.377600	9.47592593	0.99444444
0.377700	9.52407407	0.99259259
0.377800	9.49444444	0.99259259
0.377900	9.45185185	0.99444444
0.378000	9.48518519	0.99259259
0.378100	9.52592593	0.98888889
0.378200	9.49074074	0.99259259
0.378300	9.50740741	0.99259259
0.378400	9.47777778	0.98888889
0.378500	9.50185185	0.99074074
0.378600	9.45925926	0.99074074
0.378700	9.44629630	0.99444444
0.378800	9.50370370	0.99444444
0.378900	9.53148148	0.99444444
0.379000	9.50000000	0.99074074
0.379100	9.47962963	0.99074074
0.379200	9.49629630	0.99259259
0.379300	9.52592593	0.99444444
0.379400	9.49444444	0.99259259
0.379500	9.45000000	0.99259259
0.379600	9.47222222	0.99074074
0.379700	9.47222222	0.99259259
0.379800	9.52222222	0.99259259
0.379900	9.45000000	0.99444444
0.380000	9.51111111	0.99444444
0.380100	9.47962963	0.99259259
0.380200	9.48518519	0.99259259
0.380300	9.46851852	0.99074074
0.380400	9.46481481	0.99074074
0.380500	9.51481481	0.99259259
0.380600	9.50555556	0.99074074
0.380700	9.51851852	0.99074074
0.380800	9.49629630	0.99259259
0.380900	9.53148148	0.99259259
0.381000	9.45555556	0.98888889
0.381100	9.41666667	0.99259259
0.381200	9.52777778	0.99444444
0.381300	9.50740741	0.99259259
0.381400	9.47962963	0.99259259
0.381500	9.50925926	0.99259259
0.381600	9.50185185	0.99074074
0.381700	9.50370370	0.99444444
0.381800	9.43703704	0.98888889
0.381900	9.45555556	0.99259259
0.382000	9.48333333	0.99074074
0.382100	9.44444444	0.98888889
0.382200	9.48888889	0.99259259
0.382300	9.48148148	0.99259259
0.382400	9.51481481	0.99444444
0.382500	9.51666667	0.99074074
0.382600	9.51111111	0.99074074
0.382700	9.50185185	0.98888889
0.382800	9.52407407	0.99259259
0.382900	9.48888889	0.99074074
0.383000	9.47777778	0.99444444
0.383100	9.50185185	0.99444444
0.383200	9.49074074	0.99074074
0.383300	9.48888889	0.99444444
0.383400	9.54074074	0.99259259
0.383500	9.49074074	0.99259259
0.383600	9.48148148	0.99259259
0.383700	9.49074074	0.99074074
0.383800	9.46296296	0.98888889
0.383900	9.48888889	0.99259259
0.384000	9.46481481	0.98888889
0.384100	9.47037037	0.99259259
0.384200	9.51111111	0.99074074
0.384300	9.50185185	0.98703704
0.384400	9.48703704	0.99259259
0.384500	9.49444444	0.99259259
0.384600	9.47407407	0.99444444
0.384700	9.52777778	0.99259259
0.384800	9.48703704	0.99259259
0.384900	9.48148148	0.99074074
0.385000	9.44074074	0.99074074
0.385100	9.49444444	0.99074074
0.385200	9.47962963	0.99444444
0.385300	9.46666667	0.99259259
0.385400	9.48148148	0.99259259
0.385500	9.50740741	0.99259259
0.385600	9.49629630	0.99444444
0.385700	9.47222222	0.99444444
0.385800	9.47592593	0.99259259
0.385900	9.50925926	0.99444444
0.386000	9.53148148	0.99444444
0.386100	9.49259259	0.99074074
0.386200	9.49629630	0.98888889
0.386300	9.50740741	0.99444444
0.386400	9.53333333	0.99074074
0.386500	9.50185185	0.99259259
0.386600	9.50925926	0.99444444
0.386700	9.50740741	0.99444444
0.386800	9.51666667	0.99444444
0.386900	9.47037037	0.99444444
0.387000	9.49259259	0.99444444
0.387100	9.55000000	0.99074074
0.387200	9.48703704	0.99444444
0.387300	9.54814815	0.99444444
0.387400	9.51666667	0.99259259
0.387500	9.48888889	0.99074074
0.387600	9.52222222	0.99259259
0.387700	9.48333333	0.99444444
0.387800	9.47592593	0.99444444
0.387900	9.50740741	0.99444444
0.388000	9.52592593	0.99074074
0.388100	9.53703704	0.99074074
0.388200	9.49444444	0.99074074
0.388300	9.50185185	0.99259259
0.388400	9.51111111	0.99444444
0.388500	9.49074074	0.99444444
0.388600	9.48518519	0.98888889
0.388700	9.48703704	0.99074074
0.388800	9.51666667	0.99444444
0.388900	9.46111111	0.99259259
0.389000	9.46111111	0.99074074
0.389100	9.53333333	0.99074074
0.389200	9.51666667	0.99444444
0.389300	9.49814815	0.99259259
0.389400	9.52037037	0.99444444
0.389500	9.48148148	0.99259259
0.389600	9.54629630	0.99259259
0.389700	9.50555556	0.99074074
0.389800	9.52037037	0.99259259
0.389900	9.52777778	0.99259259
0.390000	9.47592593	0.99444444
0.390100	9.48703704	0.99259259
0.390200	9.54444444	0.99259259
0.390300	9.48888889	0.99444444
0.390400	9.51296296	0.99259259
0.390500	9.51481481	0.99074074
0.390600	9.55000000	0.99444444
0.390700	9.53148148	0.99444444
0.390800	9.49074074	0.99444444
0.390900	9.49814815	0.99074074
0.391000	9.52222222	0.99444444
0.391100	9.51296296	0.99074074
0.391200	9.52222222	0.99444444
0.391300	9.53518519	0.99259259
0.391400	9.52407407	0.99259259
0.391500	9.55000000	0.99074074
0.391600	9.50370370	0.99259259
0.391700	9.52222222	0.99444444
0.391800	9.50740741	0.98888889
0.391900	9.54629630	0.99259259
0.392000	9.51481481	0.99444444
0.392100	9.51111111	0.99259259
0.392200	9.47592593	0.99259259
0.392300	9.51851852	0.99259259
0.392400	9.49444444	0.99259259
0.392500	9.50555556	0.99259259
0.392600	9.52222222	0.99444444
0.392700	9.49444444	0.99259259
0.392800	9.51666667	0.99259259
0.392900	9.45185185	0.99074074
0.393000	9.50925926	0.99444444
0.393100	9.51111111	0.98888889
0.393200	9.52222222	0.98888889
0.393300	9.49074074	0.99259259
0.393400	9.53148148	0.99259259
0.393500	9.54074074	0.99259259
0.393600	9.48703704	0.99259259
0.393700	9.51481481	0.99259259
0.393800	9.53518519	0.99444444
0.393900	9.54629630	0.99444444
0.394000	9.52962963	0.99259259
0.394100	9.48888889	0.99074074
0.394200	9.54629630	0.98888889
0.394300	9.52222222	0.99444444
0.394400	9.51481481	0.99074074
0.394500	9.54814815	0.99444444
0.394600	9.53148148	0.99074074
0.394700	9.51851852	0.99259259
0.394800	9.52037037	0.99444444
0.394900	9.52592593	0.99259259
0.395000	9.48333333	0.99259259
0.395100	9.51296296	0.99444444
0.395200	9.49074074	0.98703704
0.395300	9.51666667	0.99259259
0.395400	9.52962963	0.99259259
0.395500	9.52592593	0.99259259
0.395600	9.52037037	0.99444444
0.395700	9.53703704	0.99444444
0.395800	9.50000000	0.98888889
0.395900	9.49629630	0.99259259
0.396000	9.55925926	0.99259259
0.396100	9.54629630	0.99259259
0.396200	9.51851852	0.99444444
0.396300	9.51481481	0.99259259
0.396400	9.51666667	0.99259259
0.396500	9.51851852	0.99074074
0.396600	9.52962963	0.99444444
0.396700	9.54629630	0.99444444
0.396800	9.47777778	0.99259259
0.396900	9.54074074	0.99259259
0.397000	9.53148148	0.99444444
0.397100	9.50555556	0.99259259
0.397200	9.51851852	0.99259259
0.397300	9.48148148	0.99074074
0.397400	9.51111111	0.99444444
0.397500	9.49444444	0.99074074
0.397600	9.53148148	0.99259259
0.397700	9.53703704	0.99259259
0.397800	9.52962963	0.99074074
0.397900	9.54074074	0.99444444
0.398000	9.54259259	0.99444444
0.398100	9.51666667	0.99259259
0.398200	9.51111111	0.99259259
0.398300	9.50370370	0.99074074
0.398400	9.56481481	0.99259259
0.398500	9.55185185	0.99444444
0.398600	9.54074074	0.99259259
0.398700	9.52777778	0.99259259
0.398800	9.50000000	0.99444444
0.398900	9.50740741	0.99259259
0.399000	9.50370370	0.99444444
0.399100	9.50185185	0.99074074
0.399200	9.52962963	0.99259259
0.399300	9.53703704	0.99444444
0.399400	9.52037037	0.99259259
0.399500	9.53518519	0.99444444
0.399600	9.48703704	0.99444444
0.399700	9.54444444	0.99444444
0.399800	9.51296296	0.98888889
0.399900	9.55555556	0.99259259
0.400000	9.51111111	0.99259259
0.400100	9.51666667	0.99444444
0.400200	9.52222222	0.99444444
0.400300	9.54814815	0.99444444
0.400400	9.51851852	0.99259259
0.400500	9.53333333	0.99259259
0.400600	9.52222222	0.99444444
0.400700	9.49629630	0.99444444
0.400800	9.50000000	0.99444444
0.400900	9.52592593	0.99259259
0.401000	9.52592593	0.99444444
0.401100	9.53888889	0.99259259
0.401200	9.51111111	0.99444444
0.401300	9.56296296	0.99259259
0.401400	9.50740741	0.99444444
0.401500	9.54074074	0.99259259
0.401600	9.52592593	0.99074074
0.401700	9.50925926	0.99259259
0.401800	9.53333333	0.99259259
0.401900	9.51851852	0.99259259
0.402000	9.54629630	0.99259259
0.402100	9.55555556	0.99074074
0.402200	9.55925926	0.99259259
0.402300	9.52777778	0.99074074
0.402400	9.55185185	0.99259259
0.402500	9.53333333	0.99259259
0.402600	9.52407407	0.99444444
0.402700	9.51111111	0.99259259
0.402800	9.55925926	0.99444444
0.402900	9.55185185	0.99444444
0.403000	9.55555556	0.99074074
0.403100	9.52037037	0.98888889
0.403200	9.52962963	0.99444444
0.403300	9.55370370	0.99259259
0.403400	9.47407407	0.99444444
0.403500	9.52037037	0.99074074
0.403600	9.48333333	0.99259259
0.403700	9.54814815	0.99074074
0.403800	9.57037037	0.99259259
0.403900	9.54444444	0.99444444
0.404000	9.49629630	0.98888889
0.404100	9.54074074	0.99259259
0.404200	9.53148148	0.99074074
0.404300	9.53518519	0.99259259
0.404400	9.56296296	0.99259259
0.404500	9.53148148	0.99259259
0.404600	9.52222222	0.99074074
0.404700	9.50925926	0.99259259
0.404800	9.53518519	0.98703704
0.404900	9.51481481	0.99259259
0.405000	9.50925926	0.99074074
0.405100	9.50925926	0.99074074
0.405200	9.53518519	0.99259259
0.405300	9.56481481	0.99074074
0.405400	9.55925926	0.99259259
0.405500	9.50555556	0.99259259
0.405600	9.52962963	0.98888889
0.405700	9.50370370	0.99444444
0.405800	9.54814815	0.99074074
0.405900	9.57037037	0.99444444
0.406000	9.53703704	0.99259259
0.406100	9.52962963	0.99444444
0.406200	9.52592593	0.99259259
0.406300	9.52962963	0.99444444
0.406400	9.54074074	0.99259259
0.406500	9.51111111	0.99259259
0.406600	9.55000000	0.99444444
0.406700	9.55925926	0.99259259
0.406800	9.53148148	0.99444444
0.406900	9.55370370	0.99259259
0.407000	9.55740741	0.99259259
0.407100	9.53888889	0.99444444
0.407200	9.56296296	0.99444444
0.407300	9.55925926	0.99444444
0.407400	9.53333333	0.99259259
0.407500	9.55740741	0.99259259
0.407600	9.56481481	0.99444444
0.407700	9.56666667	0.99444444
0.407800	9.53703704	0.99444444
0.407900	9.56481481	0.99444444
0.408000	9.53518519	0.99444444
0.408100	9.53518519	0.99444444
0.408200	9.54444444	0.99444444
0.408300	9.53518519	0.99074074
0.408400	9.54814815	0.99444444
0.408500	9.52592593	0.99259259
0.408600	9.51481481	0.99444444
0.408700	9.50555556	0.99259259
0.408800	9.56666667	0.99074074
0.408900	9.53333333	0.99444444
0.409000	9.55000000	0.99259259
0.409100	9.53703704	0.99259259
0.409200	9.53703704	0.99444444
0.409300	9.52777778	0.99259259
0.409400	9.55925926	0.99444444
0.409500	9.53703704	0.99074074
0.409600	9.53888889	0.99444444
0.409700	9.56666667	0.99074074
0.409800	9.56296296	0.99259259
0.409900	9.53148148	0.99074074
0.410000	9.56481481	0.99444444
0.410100	9.51666667	0.99074074
0.410200	9.52777778	0.99259259
0.410300	9.53703704	0.99259259
0.410400	9.52592593	0.99074074
0.410500	9.55370370	0.99074074
0.410600	9.54259259	0.99074074
0.410700	9.52592593	0.99259259
0.410800	9.55740741	0.99444444
0.410900	9.55925926	0.99444444
0.411000	9.52777778	0.99444444
0.411100	9.54814815	0.99259259
0.411200	9.55740741	0.99444444
0.411300	9.59814815	0.99444444
0.411400	9.55925926	0.99444444
0.411500	9.52592593	0.99259259
0.411600	9.53888889	0.99259259
0.411700	9.54814815	0.99259259
0.411800	9.54814815	0.98888889
0.411900	9.56666667	0.99444444
0.412000	9.53888889	0.99444444
0.412100	9.50555556	0.99259259
0.412200	9.56296296	0.99444444
0.412300	9.54444444	0.99259259
0.412400	9.55555556	0.99259259
0.412500	9.53888889	0.99259259
0.412600	9.54444444	0.99444444
0.412700	9.54259259	0.99444444
0.412800	9.55925926	0.99444444
0.412900	9.56111111	0.99444444
0.413000	9.56851852	0.99259259
0.413100	9.55740741	0.99444444
0.413200	9.54444444	0.99444444
0.413300	9.52592593	0.99444444
0.413400	9.52962963	0.99074074
0.413500	9.59074074	0.99259259
0.413600	9.56481481	0.99259259
0.413700	9.55000000	0.99259259
0.413800	9.55000000	0.99444444
0.413900	9.53703704	0.99259259
0.414000	9.49444444	0.99444444
0.414100	9.55185185	0.99444444
0.414200	9.55925926	0.99444444
0.414300	9.55740741	0.99444444
0.414400	9.54259259	0.99444444
0.414500	9.55370370	0.99074074
0.414600	9.55185185	0.99444444
0.414700	9.54444444	0.99259259
0.414800	9.56481481	0.99074074
0.414900	9.51481481	0.99259259
0.415000	9.55925926	0.99074074
0.415100	9.52037037	0.99444444
0.415200	9.55000000	0.99444444
0.415300	9.58518519	0.99444444
0.415400	9.49814815	0.99259259
0.415500	9.57222222	0.99444444
0.415600	9.56111111	0.99259259
0.415700	9.57407407	0.99444444
0.415800	9.57222222	0.99444444
0.415900	9.57407407	0.99259259
0.416000	9.57592593	0.99259259
0.416100	9.57777778	0.99259259
0.416200	9.54444444	0.99444444
0.416300	9.57592593	0.99074074
0.416400	9.57777778	0.99444444
0.416500	9.56481481	0.99259259
0.416600	9.54259259	0.99444444
0.416700	9.56111111	0.99444444
0.416800	9.49444444	0.99074074
0.416900	9.52222222	0.99444444
0.417000	9.52777778	0.99444444
0.417100	9.56111111	0.99444444
0.417200	9.57037037	0.99259259
0.417300	9.55740741	0.99259259
0.417400	9.56111111	0.99444444
0.417500	9.51296296	0.99444444
0.417600	9.55555556	0.99444444
0.417700	9.55000000	0.99259259
0.417800	9.56481481	0.99444444
0.417900	9.58148148	0.99444444
0.418000	9.50925926	0.99074074
0.418100	9.57407407	0.99444444
0.418200	9.54444444	0.99259259
0.418300	9.51666667	0.99074074
0.418400	9.54074074	0.99259259
0.418500	9.53703704	0.99259259
0.418600	9.52037037	0.99259259
0.418700	9.57037037	0.99259259
0.418800	9.54259259	0.99074074
0.418900	9.53518519	0.99259259
0.419000	9.54814815	0.99444444
0.419100	9.54629630	0.99444444
0.419200	9.52962963	0.99259259
0.419300	9.55925926	0.99259259
0.419400	9.53518519	0.99074074
0.419500	9.56851852	0.99259259
0.419600	9.57777778	0.99259259
0.419700	9.52962963	0.99444444
0.419800	9.54629630	0.99444444
0.419900	9.53518519	0.99444444
0.420000	9.57037037	0.99259259
0.420100	9.53888889	0.99259259
0.420200	9.58703704	0.99444444
0.420300	9.57222222	0.99259259
0.420400	9.55925926	0.99259259
0.420500	9.52407407	0.99444444
0.420600	9.57777778	0.99259259
0.420700	9.55000000	0.99444444
0.420800	9.50555556	0.99259259
0.420900	9.59074074	0.99444444
0.421000	9.57962963	0.99444444
0.421100	9.57037037	0.99074074
0.421200	9.57592593	0.98888889
0.421300	9.55185185	0.98888889
0.421400	9.53333333	0.99444444
0.421500	9.57592593	0.99259259
0.421600	9.55925926	0.99444444
0.421700	9.57222222	0.99259259
0.421800	9.55000000	0.99074074
0.421900	9.53703704	0.99259259
0.422000	9.56666667	0.99444444
0.422100	9.57222222	0.99074074
0.422200	9.53703704	0.99259259
0.422300	9.57962963	0.99259259
0.422400	9.56481481	0.99259259
0.422500	9.57037037	0.99444444
0.422600	9.54444444	0.99074074
0.422700	9.55925926	0.99259259
0.422800	9.57407407	0.99444444
0.422900	9.55000000	0.99074074
0.423000	9.59074074	0.99444444
0.423100	9.53703704	0.99444444
0.423200	9.60185185	0.99444444
0.423300	9.57037037	0.99259259
0.423400	9.58888889	0.99444444
0.423500	9.54629630	0.99259259
0.423600	9.51666667	0.99074074
0.423700	9.51296296	0.99259259
0.423800	9.53333333	0.99444444
0.423900	9.55740741	0.99444444
0.424000	9.56111111	0.99074074
0.424100	9.54629630	0.99074074
0.424200	9.56481481	0.99259259
0.424300	9.57592593	0.99444444
0.424400	9.55185185	0.99444444
0.424500	9.53888889	0.99259259
0.424600	9.57777778	0.99444444
0.424700	9.57222222	0.99074074
0.424800	9.56481481	0.99259259
0.424900	9.55185185	0.99444444
0.425000	9.55185185	0.99444444
0.425100	9.53888889	0.99259259
0.425200	9.60555556	0.99259259
0.425300	9.51851852	0.98888889
0.425400	9.57222222	0.99259259
0.425500	9.59814815	0.99259259
0.425600	9.57777778	0.99444444
0.425700	9.52962963	0.99259259
0.425800	9.57777778	0.99259259
0.425900	9.59074074	0.99259259
0.426000	9.55925926	0.99444444
0.426100	9.57592593	0.99259259
0.426200	9.56111111	0.99444444
0.426300	9.58518519	0.99259259
0.426400	9.59259259	0.99444444
0.426500	9.54629630	0.99259259
0.426600	9.58148148	0.99444444
0.426700	9.57777778	0.99259259
0.426800	9.52037037	0.99444444
0.426900	9.53333333	0.99074074
0.427000	9.58518519	0.99444444
0.427100	9.55555556	0.99259259
0.427200	9.59074074	0.99259259
0.427300	9.55555556	0.99444444
0.427400	9.58518519	0.99259259
0.427500	9.57592593	0.99444444
0.427600	9.58888889	0.99259259
0.427700	9.56111111	0.99259259
0.427800	9.54444444	0.99444444
0.427900	9.54814815	0.98888889
0.428000	9.57777778	0.99444444
0.428100	9.57962963	0.99444444
0.428200	9.55925926	0.99259259
0.428300	9.57962963	0.99444444
0.428400	9.57037037	0.99444444
0.428500	9.55000000	0.99074074
0.428600	9.54814815	0.99259259
0.428700	9.54814815	0.99259259
0.428800	9.54074074	0.99259259
0.428900	9.54259259	0.99259259
0.429000	9.54259259	0.98703704
0.429100	9.59074074	0.99259259
0.429200	9.59814815	0.99074074
0.429300	9.59074074	0.99259259
0.429400	9.59074074	0.99444444
0.429500	9.57037037	0.99259259
0.429600	9.59074074	0.99444444
0.429700	9.58148148	0.99259259
0.429800	9.54444444	0.99444444
0.429900	9.57777778	0.99444444
0.430000	9.55555556	0.99444444
0.430100	9.57037037	0.99444444
0.430200	9.58888889	0.99259259
0.430300	9.53518519	0.99259259
0.430400	9.57222222	0.99259259
0.430500	9.57592593	0.99444444
0.430600	9.58703704	0.99259259
0.430700	9.59629630	0.99259259
0.430800	9.59444444	0.99259259
0.430900	9.56296296	0.99259259
0.431000	9.56111111	0.99259259
0.431100	9.58148148	0.99444444
0.431200	9.57777778	0.99444444
0.431300	9.57777778	0.99259259
0.431400	9.57407407	0.99074074
0.431500	9.58518519	0.99444444
0.431600	9.56851852	0.99259259
0.431700	9.59074074	0.99259259
0.431800	9.53518519	0.99444444
0.431900	9.57037037	0.99444444
0.432000	9.56296296	0.99259259
0.432100	9.59444444	0.99259259
0.432200	9.58148148	0.99259259
0.432300	9.57592593	0.99444444
0.432400	9.55370370	0.99259259
0.432500	9.57407407	0.99259259
0.432600	9.56851852	0.99259259
0.432700	9.58888889	0.99074074
0.432800	9.59074074	0.99444444
0.432900	9.60000000	0.99444444
0.433000	9.57222222	0.98888889
0.433100	9.56851852	0.99259259
0.433200	9.58703704	0.99074074
0.433300	9.55925926	0.99259259
0.433400	9.59074074	0.99444444
0.433500	9.57962963	0.99259259
0.433600	9.57407407	0.99444444
0.433700	9.58148148	0.99259259
0.433800	9.56481481	0.99444444
0.433900	9.57777778	0.99259259
0.434000	9.58333333	0.99444444
0.434100	9.57962963	0.99259259
0.434200	9.57222222	0.99444444
0.434300	9.55925926	0.99444444
0.434400	9.61111111	0.99444444
0.434500	9.58518519	0.99444444
0.434600	9.58888889	0.99444444
0.434700	9.54074074	0.99444444
0.434800	9.60185185	0.99074074
0.434900	9.57777778	0.99259259
0.435000	9.57962963	0.98888889
0.435100	9.56111111	0.99259259
0.435200	9.57777778	0.99444444
0.435300	9.57407407	0.99444444
0.435400	9.60185185	0.99444444
0.435500	9.57777778	0.99444444
0.435600	9.57222222	0.99444444
0.435700	9.60740741	0.99444444
0.435800	9.56111111	0.99259259
0.435900	9.58333333	0.99444444
0.436000	9.59814815	0.99259259
0.436100	9.61666667	0.99444444
0.436200	9.58888889	0.99444444
0.436300	9.59074074	0.99259259
0.436400	9.57777778	0.99259259
0.436500	9.60370370	0.99259259
0.436600	9.59629630	0.99444444
0.436700	9.56666667	0.99444444
0.436800	9.57407407	0.99444444
0.436900	9.57777778	0.99259259
0.437000	9.58703704	0.99444444
0.437100	9.55740741	0.99074074
0.437200	9.52962963	0.99259259
0.437300	9.55925926	0.99259259
0.437400	9.58888889	0.98703704
0.437500	9.57592593	0.99259259
0.437600	9.55740741	0.99259259
0.437700	9.56481481	0.99259259
0.437800	9.59629630	0.99444444
0.437900	9.60185185	0.99444444
0.438000	9.55555556	0.99259259
0.438100	9.59444444	0.99074074
0.438200	9.61296296	0.99259259
0.438300	9.57962963	0.99259259
0.438400	9.58148148	0.99074074
0.438500	9.59814815	0.99444444
0.438600	9.57222222	0.99259259
0.438700	9.56111111	0.99444444
0.438800	9.54259259	0.99259259
0.438900	9.52592593	0.99444444
0.439000	9.56296296	0.99259259
0.439100	9.59814815	0.99259259
0.439200	9.58703704	0.99259259
0.439300	9.57962963	0.99259259
0.439400	9.58333333	0.99444444
0.439500	9.59259259	0.99444444
0.439600	9.55925926	0.99259259
0.439700	9.56296296	0.99444444
0.439800	9.57407407	0.99444444
0.439900	9.60925926	0.99444444
0.440000	9.57407407	0.99444444
0.440100	9.62037037	0.99074074
0.440200	9.57777778	0.99074074
0.440300	9.60555556	0.99259259
0.440400	9.56666667	0.99444444
0.440500	9.57592593	0.99259259
0.440600	9.58518519	0.99444444
0.440700	9.58888889	0.99444444
0.440800	9.55925926	0.99259259
0.440900	9.62592593	0.99444444
0.441000	9.59444444	0.99259259
0.441100	9.58148148	0.99259259
0.441200	9.63148148	0.99259259
0.441300	9.59444444	0.99444444
0.441400	9.62592593	0.99444444
0.441500	9.61666667	0.99074074
0.441600	9.61666667	0.98888889
0.441700	9.59444444	0.99444444
0.441800	9.59074074	0.99444444
0.441900	9.56666667	0.99444444
0.442000	9.61481481	0.99444444
0.442100	9.58703704	0.99259259
0.442200	9.57777778	0.99444444
0.442300	9.58148148	0.99444444
0.442400	9.59629630	0.99259259
0.442500	9.59074074	0.99259259
0.442600	9.57592593	0.99259259
0.442700	9.60185185	0.99444444
0.442800	9.59444444	0.98888889
0.442900	9.56666667	0.99444444
0.443000	9.55000000	0.99444444
0.443100	9.60925926	0.99259259
0.443200	9.56481481	0.99444444
0.443300	9.57407407	0.99444444
0.443400	9.60925926	0.99444444
0.443500	9.63333333	0.99074074
0.443600	9.62407407	0.99444444
0.443700	9.57407407	0.99444444
0.443800	9.59444444	0.99074074
0.443900	9.59629630	0.99259259
0.444000	9.61481481	0.99444444
0.444100	9.63333333	0.99259259
0.444200	9.58703704	0.99259259
0.444300	9.61851852	0.99444444
0.444400	9.61296296	0.99444444
0.444500	9.59629630	0.99074074
0.444600	9.58333333	0.99444444
0.444700	9.57962963	0.99259259
0.444800	9.58333333	0.99444444
0.444900	9.60740741	0.99444444
0.445000	9.58148148	0.99074074
0.445100	9.61481481	0.99444444
0.445200	9.58703704	0.99259259
0.445300	9.56296296	0.99444444
0.445400	9.60925926	0.99074074
0.445500	9.58703704	0.99444444
0.445600	9.60000000	0.99444444
0.445700	9.58518519	0.99074074
0.445800	9.64074074	0.99444444
0.445900	9.60740741	0.99259259
0.446000	9.57962963	0.99259259
0.446100	9.59259259	0.99444444
0.446200	9.59074074	0.99074074
0.446300	9.62407407	0.99074074
0.446400	9.64259259	0.99259259
0.446500	9.61296296	0.99259259
0.446600	9.59629630	0.99259259
0.446700	9.62962963	0.99444444
0.446800	9.57962963	0.99444444
0.446900	9.58518519	0.99444444
0.447000	9.56296296	0.99259259
0.447100	9.61666667	0.99259259
0.447200	9.59629630	0.99444444
0.447300	9.57407407	0.99259259
0.447400	9.62592593	0.99259259
0.447500	9.59259259	0.99259259
0.447600	9.61296296	0.99444444
0.447700	9.61296296	0.99259259
0.447800	9.62962963	0.99074074
0.447900	9.60740741	0.99259259
0.448000	9.60185185	0.99259259
0.448100	9.57222222	0.99259259
0.448200	9.60370370	0.99444444
0.448300	9.60000000	0.99444444
0.448400	9.63148148	0.99259259
0.448500	9.63333333	0.99444444
0.448600	9.57777778	0.99444444
0.448700	9.62962963	0.99259259
0.448800	9.61111111	0.99444444
0.448900	9.62222222	0.99444444
0.449000	9.57222222	0.99259259
0.449100	9.59259259	0.99259259
0.449200	9.58888889	0.99259259
0.449300	9.58148148	0.99259259
0.449400	9.60555556	0.99259259
0.449500	9.62037037	0.99444444
0.449600	9.58888889	0.99259259
0.449700	9.58703704	0.99074074
0.449800	9.62777778	0.99259259
0.449900	9.64444444	0.99444444
0.450000	9.58888889	0.99074074
0.450100	9.60000000	0.99444444
0.450200	9.61111111	0.99259259
0.450300	9.60555556	0.99444444
0.450400	9.59814815	0.99259259
0.450500	9.60370370	0.99444444
0.450600	9.61851852	0.99259259
0.450700	9.60000000	0.99444444
0.450800	9.58148148	0.99444444
0.450900	9.63703704	0.99259259
0.451000	9.61111111	0.99444444
0.451100	9.61481481	0.99444444
0.451200	9.62407407	0.99259259
0.451300	9.57592593	0.99259259
0.451400	9.62592593	0.99259259
0.451500	9.57962963	0.99074074
0.451600	9.58518519	0.99259259
0.451700	9.60740741	0.99259259
0.451800	9.60000000	0.99259259
0.451900	9.61481481	0.99259259
0.452000	9.55185185	0.99259259
0.452100	9.58888889	0.99259259
0.452200	9.59444444	0.99444444
0.452300	9.61481481	0.99444444
0.452400	9.62592593	0.99259259
0.452500	9.61111111	0.99259259
0.452600	9.60185185	0.99259259
0.452700	9.60370370	0.99074074
0.452800	9.59074074	0.99444444
0.452900	9.62962963	0.99259259
0.453000	9.61851852	0.99259259
0.453100	9.60000000	0.99259259
0.453200	9.63518519	0.99444444
0.453300	9.58703704	0.99444444
0.453400	9.61666667	0.99259259
0.453500	9.58148148	0.99074074
0.453600	9.62407407	0.99259259
0.453700	9.62777778	0.99259259
0.453800	9.61296296	0.99444444
0.453900	9.60555556	0.99259259
0.454000	9.58518519	0.99074074
0.454100	9.56481481	0.99259259
0.454200	9.61666667	0.99444444
0.454300	9.65185185	0.99259259
0.454400	9.62037037	0.99259259
0.454500	9.61666667	0.99259259
0.454600	9.62222222	0.99444444
0.454700	9.62222222	0.99444444
0.454800	9.60555556	0.99444444
0.454900	9.60370370	0.99444444
0.455000	9.63148148	0.99259259
0.455100	9.60555556	0.99074074
0.455200	9.62592593	0.99444444
0.455300	9.60000000	0.99259259
0.455400	9.59629630	0.99444444
0.455500	9.62777778	0.99444444
0.455600	9.58888889	0.99259259
0.455700	9.60000000	0.99444444
0.455800	9.58518519	0.99259259
0.455900	9.60000000	0.99444444
0.456000	9.59629630	0.99259259
0.456100	9.62962963	0.99259259
0.456200	9.61666667	0.99444444
0.456300	9.60740741	0.99259259
0.456400	9.61666667	0.99259259
0.456500	9.61111111	0.99444444
0.456600	9.60740741	0.99444444
0.456700	9.61851852	0.99444444
0.456800	9.65185185	0.99444444
0.456900	9.58333333	0.99259259
0.457000	9.62592593	0.99259259
0.457100	9.61666667	0.99444444
0.457200	9.58703704	0.99259259
0.457300	9.59629630	0.98888889
0.457400	9.59074074	0.99444444
0.457500	9.64629630	0.99259259
0.457600	9.62962963	0.99444444
0.457700	9.61851852	0.99444444
0.457800	9.62407407	0.99259259
0.457900	9.62777778	0.99444444
0.458000	9.62777778	0.99444444
0.458100	9.60555556	0.99259259
0.458200	9.62407407	0.99444444
0.458300	9.61296296	0.99259259
0.458400	9.62962963	0.99444444
0.458500	9.63703704	0.99259259
0.458600	9.59629630	0.99259259
0.458700	9.59629630	0.99074074
0.458800	9.59629630	0.99259259
0.458900	9.62222222	0.99259259
0.459000	9.60185185	0.99259259
0.459100	9.63333333	0.99259259
0.459200	9.62592593	0.99444444
0.459300	9.59444444	0.99444444
0.459400	9.62037037	0.99259259
0.459500	9.58518519	0.99259259
0.459600	9.61296296	0.99444444
0.459700	9.59629630	0.99074074
0.459800	9.59629630	0.99444444
0.459900	9.61481481	0.99444444
0.460000	9.63703704	0.99259259
0.460100	9.61296296	0.99444444
0.460200	9.60555556	0.99444444
0.460300	9.61111111	0.99259259
0.460400	9.62037037	0.99444444
0.460500	9.60925926	0.99444444
0.460600	9.61481481	0.99259259
0.460700	9.62777778	0.99074074
0.460800	9.62037037	0.99444444
0.460900	9.62592593	0.99259259
0.461000	9.61296296	0.99259259
0.461100	9.64814815	0.99444444
0.461200	9.62962963	0.99444444
0.461300	9.56666667	0.99259259
0.461400	9.62592593	0.99444444
0.461500	9.59814815	0.99074074
0.461600	9.59259259	0.99444444
0.461700	9.61851852	0.99444444
0.461800	9.61296296	0.99259259
0.461900	9.61851852	0.99259259
0.462000	9.61481481	0.99074074
0.462100	9.59629630	0.99259259
0.462200	9.60185185	0.99259259
0.462300	9.60000000	0.99259259
0.462400	9.61666667	0.99074074
0.462500	9.58518519	0.99444444
0.462600	9.63518519	0.99259259
0.462700	9.64444444	0.99444444
0.462800	9.59814815	0.98703704
0.462900	9.61666667	0.99444444
0.463000	9.62222222	0.99444444
0.463100	9.61851852	0.99444444
0.463200	9.67592593	0.99444444
0.463300	9.62592593	0.99074074
0.463400	9.65740741	0.99259259
0.463500	9.64259259	0.99444444
0.463600	9.63518519	0.99259259
0.463700	9.62222222	0.99444444
0.463800	9.63888889	0.99259259
0.463900	9.61111111	0.99444444
0.464000	9.64074074	0.99444444
0.464100	9.57962963	0.99259259
0.464200	9.63148148	0.99259259
0.464300	9.62407407	0.99444444
0.464400	9.62222222	0.99444444
0.464500	9.64444444	0.99444444
0.464600	9.60925926	0.99259259
0.464700	9.63703704	0.99259259
0.464800	9.63148148	0.99259259
0.464900	9.63888889	0.99444444
0.465000	9.61481481	0.99444444
0.465100	9.63888889	0.99444444
0.465200	9.60925926	0.99259259
0.465300	9.62222222	0.99259259
0.465400	9.62962963	0.99444444
0.465500	9.63148148	0.99259259
0.465600	9.64444444	0.99444444
0.465700	9.60000000	0.99444444
0.465800	9.64074074	0.99074074
0.465900	9.62222222	0.99259259
0.466000	9.58888889	0.99259259
0.466100	9.60925926	0.99444444
0.466200	9.58703704	0.99074074
0.466300	9.59629630	0.99444444
0.466400	9.63148148	0.99444444
0.466500	9.59074074	0.99259259
0.466600	9.60925926	0.99444444
0.466700	9.62407407	0.99444444
0.466800	9.64814815	0.99444444
0.466900	9.63333333	0.99259259
0.467000	9.63518519	0.99444444
0.467100	9.60740741	0.99444444
0.467200	9.57592593	0.99259259
0.467300	9.58888889	0.99259259
0.467400	9.64444444	0.99259259
0.467500	9.64444444	0.99259259
0.467600	9.62592593	0.99444444
0.467700	9.64444444	0.99074074
0.467800	9.63148148	0.99444444
0.467900	9.65000000	0.99444444
0.468000	9.64074074	0.99259259
0.468100	9.63518519	0.99444444
0.468200	9.62962963	0.99074074
0.468300	9.62222222	0.99259259
0.468400	9.62222222	0.99444444
0.468500	9.62222222	0.99444444
0.468600	9.64259259	0.99444444
0.468700	9.61111111	0.99259259
0.468800	9.61851852	0.99259259
0.468900	9.64074074	0.99074074
0.469000	9.61666667	0.99074074
0.469100	9.62222222	0.99259259
0.469200	9.61851852	0.99259259
0.469300	9.61851852	0.99259259
0.469400	9.60740741	0.99259259
0.469500	9.62037037	0.99444444
0.469600	9.60000000	0.99444444
0.469700	9.61296296	0.99259259
0.469800	9.62407407	0.99259259
0.469900	9.59259259	0.99259259
0.470000	9.60925926	0.99259259
0.470100	9.64259259	0.99444444
0.470200	9.62222222	0.99444444
0.470300	9.61851852	0.99444444
0.470400	9.65370370	0.99444444
0.470500	9.63148148	0.99444444
0.470600	9.62037037	0.99074074
0.470700	9.62222222	0.99074074
0.470800	9.63703704	0.99074074
0.470900	9.62222222	0.99444444
0.471000	9.65185185	0.99259259
0.471100	9.62037037	0.99444444
0.471200	9.62777778	0.99259259
0.471300	9.62222222	0.99259259
0.471400	9.62407407	0.99259259
0.471500	9.62407407	0.99444444
0.471600	9.61851852	0.99259259
0.471700	9.62962963	0.99259259
0.471800	9.64074074	0.99444444
0.471900	9.61666667	0.99444444
0.472000	9.61111111	0.99444444
0.472100	9.59444444	0.99444444
0.472200	9.62407407	0.99074074
0.472300	9.61111111	0.99444444
0.472400	9.60370370	0.99259259
0.472500	9.64629630	0.99444444
0.472600	9.64074074	0.99444444
0.472700	9.63148148	0.99444444
0.472800	9.64074074	0.99259259
0.472900	9.62037037	0.99259259
0.473000	9.62222222	0.99444444
0.473100	9.63148148	0.99444444
0.473200	9.64074074	0.99444444
0.473300	9.62037037	0.99259259
0.473400	9.57962963	0.99074074
0.473500	9.66481481	0.99259259
0.473600	9.65185185	0.99444444
0.473700	9.60370370	0.99259259
0.473800	9.60000000	0.99259259
0.473900	9.63888889	0.99259259
0.474000	9.62037037	0.99444444
0.474100	9.65555556	0.99444444
0.474200	9.62407407	0.99259259
0.474300	9.62407407	0.99259259
0.474400	9.64074074	0.99444444
0.474500	9.64074074	0.99259259
0.474600	9.63148148	0.99444444
0.474700	9.61666667	0.99259259
0.474800	9.62962963	0.99259259
0.474900	9.61296296	0.99444444
0.475000	9.65555556	0.99444444
0.475100	9.62592593	0.99259259
0.475200	9.65555556	0.99444444
0.475300	9.62777778	0.99444444
0.475400	9.62777778	0.99259259
0.475500	9.60185185	0.99259259
0.475600	9.65740741	0.99444444
0.475700	9.62037037	0.99259259
0.475800	9.64259259	0.99444444
0.475900	9.65185185	0.99444444
0.476000	9.61296296	0.99259259
0.476100	9.62037037	0.99259259
0.476200	9.64074074	0.99444444
0.476300	9.65370370	0.99444444
0.476400	9.63888889	0.99444444
0.476500	9.62407407	0.99444444
0.476600	9.63518519	0.99444444
0.476700	9.62777778	0.99259259
0.476800	9.64444444	0.99259259
0.476900	9.65555556	0.99259259
0.477000	9.65185185	0.99444444
0.477100	9.63148148	0.99259259
0.477200	9.66111111	0.99259259
0.477300	9.60185185	0.99259259
0.477400	9.65000000	0.99444444
0.477500	9.61666667	0.99444444
0.477600	9.64814815	0.99259259
0.477700	9.60925926	0.99259259
0.477800	9.62962963	0.99259259
0.477900	9.65185185	0.99074074
0.478000	9.64444444	0.99074074
0.478100	9.66481481	0.99444444
0.478200	9.65000000	0.99444444
0.478300	9.60555556	0.99444444
0.478400	9.61481481	0.99259259
0.478500	9.62222222	0.99444444
0.478600	9.65000000	0.99444444
0.478700	9.61481481	0.99074074
0.478800	9.65555556	0.99259259
0.478900	9.64444444	0.99444444
0.479000	9.63518519	0.99259259
0.479100	9.63888889	0.99444444
0.479200	9.62592593	0.99259259
0.479300	9.63888889	0.99444444
0.479400	9.67222222	0.99259259
0.479500	9.60000000	0.99444444
0.479600	9.62037037	0.99259259
0.479700	9.63888889	0.99444444
0.479800	9.60185185	0.99259259
0.479900	9.65740741	0.99444444
0.480000	9.61666667	0.99444444
0.480100	9.65555556	0.99444444
0.480200	9.63888889	0.99444444
0.480300	9.67777778	0.99259259
0.480400	9.62592593	0.99259259
0.480500	9.64074074	0.99259259
0.480600	9.65555556	0.99259259
0.480700	9.62037037	0.99259259
0.480800	9.63888889	0.99259259
0.480900	9.60740741	0.99259259
0.481000	9.61666667	0.99444444
0.481100	9.64629630	0.99259259
0.481200	9.65370370	0.99259259
0.481300	9.64629630	0.99444444
0.481400	9.61481481	0.99444444
0.481500	9.64814815	0.99259259
0.481600	9.63148148	0.99444444
0.481700	9.65740741	0.99259259
0.481800	9.65370370	0.99444444
0.481900	9.61851852	0.99444444
0.482000	9.64074074	0.99259259
0.482100	9.60740741	0.99259259
0.482200	9.66111111	0.99259259
0.482300	9.65740741	0.99444444
0.482400	9.64444444	0.99444444
0.482500	9.61851852	0.99444444
0.482600	9.65740741	0.99074074
0.482700	9.66481481	0.99444444
0.482800	9.62962963	0.99259259
0.482900	9.62037037	0.99444444
0.483000	9.66481481	0.99444444
0.483100	9.63518519	0.99444444
0.483200	9.62962963	0.99259259
0.483300	9.60185185	0.99259259
0.483400	9.62222222	0.99259259
0.483500	9.64814815	0.99444444
0.483600	9.62407407	0.99259259
0.483700	9.65740741	0.99444444
0.483800	9.65000000	0.99444444
0.483900	9.62592593	0.99259259
0.484000	9.63888889	0.99259259
0.484100	9.65925926	0.99444444
0.484200	9.67407407	0.99444444
0.484300	9.62037037	0.99259259
0.484400	9.66481481	0.99259259
0.484500	9.63148148	0.99259259
0.484600	9.65185185	0.99444444
0.484700	9.65925926	0.99444444
0.484800	9.66851852	0.99444444
0.484900	9.65000000	0.99444444
0.485000	9.64259259	0.99444444
0.485100	9.60555556	0.99259259
0.485200	9.64629630	0.98888889
0.485300	9.63703704	0.99444444
0.485400	9.66666667	0.99259259
0.485500	9.66666667	0.99444444
0.485600	9.63888889	0.99259259
0.485700	9.66481481	0.99259259
0.485800	9.62592593	0.99444444
0.485900	9.65925926	0.99444444
0.486000	9.62592593	0.99259259
0.486100	9.62592593	0.99444444
0.486200	9.63888889	0.99259259
0.486300	9.66296296	0.99444444
0.486400	9.62962963	0.99444444
0.486500	9.63333333	0.99259259
0.486600	9.65185185	0.99444444
0.486700	9.64629630	0.99444444
0.486800	9.61666667	0.99074074
0.486900	9.63888889	0.99259259
0.487000	9.66111111	0.99444444
0.487100	9.64629630	0.99444444
0.487200	9.62407407	0.99444444
0.487300	9.64629630	0.99444444
0.487400	9.65185185	0.99259259
0.487500	9.67407407	0.99259259
0.487600	9.63703704	0.99259259
0.487700	9.62407407	0.99444444
0.487800	9.63148148	0.99444444
0.487900	9.62777778	0.99259259
0.488000	9.65370370	0.99444444
0.488100	9.63703704	0.99444444
0.488200	9.65925926	0.99444444
0.488300	9.65740741	0.98888889
0.488400	9.67407407	0.99259259
0.488500	9.62777778	0.99259259
0.488600	9.65000000	0.99444444
0.488700	9.62962963	0.99444444
0.488800	9.60925926	0.99444444
0.488900	9.65185185	0.99444444
0.489000	9.65555556	0.99259259
0.489100	9.65925926	0.99259259
0.489200	9.65185185	0.99444444
0.489300	9.66851852	0.99444444
0.489400	9.64074074	0.99444444
0.489500	9.65555556	0.99444444
0.489600	9.66666667	0.99444444
0.489700	9.62592593	0.99444444
0.489800	9.64074074	0.99259259
0.489900	9.65740741	0.99259259
0.490000	9.65000000	0.99259259
0.490100	9.64074074	0.99259259
0.490200	9.64074074	0.99444444
0.490300	9.63888889	0.99074074
0.490400	9.61296296	0.99444444
0.490500	9.64814815	0.99259259
0.490600	9.67407407	0.99259259
0.490700	9.64074074	0.99444444
0.490800	9.66851852	0.99444444
0.490900	9.61851852	0.99259259
0.491000	9.62407407	0.99259259
0.491100	9.65000000	0.99259259
0.491200	9.65925926	0.99259259
0.491300	9.65925926	0.99259259
0.491400	9.66296296	0.99259259
0.491500	9.66296296	0.99444444
0.491600	9.63518519	0.99259259
0.491700	9.61111111	0.99444444
0.491800	9.63333333	0.99444444
0.491900	9.65000000	0.99074074
0.492000	9.63333333	0.99259259
0.492100	9.64629630	0.99444444
0.492200	9.63703704	0.99444444
0.492300	9.65925926	0.99444444
0.492400	9.64444444	0.99259259
0.492500	9.66666667	0.99259259
0.492600	9.64444444	0.99259259
0.492700	9.63333333	0.99444444
0.492800	9.63703704	0.99259259
0.492900	9.66111111	0.99444444
0.493000	9.65740741	0.99259259
0.493100	9.66481481	0.99444444
0.493200	9.65370370	0.99259259
0.493300	9.65370370	0.99444444
0.493400	9.65185185	0.99444444
0.493500	9.64629630	0.99444444
0.493600	9.65555556	0.99444444
0.493700	9.64814815	0.99444444
0.493800	9.65185185	0.99444444
0.493900	9.67037037	0.99444444
0.494000	9.64259259	0.99444444
0.494100	9.67962963	0.99259259
0.494200	9.64444444	0.99259259
0.494300	9.66296296	0.99259259
0.494400	9.65185185	0.99259259
0.494500	9.63333333	0.99444444
0.494600	9.67592593	0.99444444
0.494700	9.64814815	0.99259259
0.494800	9.66666667	0.99444444
0.494900	9.70185185	0.99259259
0.495000	9.67962963	0.99444444
0.495100	9.63518519	0.99259259
0.495200	9.65925926	0.99444444
0.495300	9.62407407	0.99444444
0.495400	9.67592593	0.99444444
0.495500	9.65925926	0.99444444
0.495600	9.64444444	0.99259259
0.495700	9.64629630	0.99444444
0.495800	9.67592593	0.99444444
0.495900	9.65000000	0.99444444
0.496000	9.64074074	0.99444444
0.496100	9.69444444	0.99444444
0.496200	9.68333333	0.99444444
0.496300	9.66666667	0.99259259
0.496400	9.65370370	0.99259259
0.496500	9.65000000	0.99259259
0.496600	9.66666667	0.99444444
0.496700	9.63888889	0.99259259
0.496800	9.66666667	0.99259259
0.496900	9.65740741	0.99444444
0.497000	9.65370370	0.99259259
0.497100	9.66481481	0.99444444
0.497200	9.64814815	0.99444444
0.497300	9.68703704	0.99444444
0.497400	9.66481481	0.99444444
0.497500	9.65740741	0.99444444
0.497600	9.65740741	0.99444444
0.497700	9.64444444	0.99259259
0.497800	9.65555556	0.99444444
0.497900	9.64814815	0.99444444
0.498000	9.67592593	0.99444444
0.498100	9.64259259	0.99444444
0.498200	9.64814815	0.99444444
0.498300	9.68888889	0.99074074
0.498400	9.67037037	0.99444444
0.498500	9.66111111	0.99444444
0.498600	9.65555556	0.99259259
0.498700	9.62962963	0.99259259
0.498800	9.64814815	0.99259259
0.498900	9.65925926	0.99444444
0.499000	9.65000000	0.99259259
0.499100	9.66111111	0.99444444
0.499200	9.67407407	0.99074074
0.499300	9.66296296	0.99444444
0.499400	9.63703704	0.99259259
0.499500	9.63703704	0.99259259
0.499600	9.67222222	0.99444444
0.499700	9.66666667	0.99444444
0.499800	9.67592593	0.99259259
0.499900	9.66111111	0.99444444
0.500000	9.63888889	0.99259259
0.500100	9.64629630	0.99259259
0.500200	9.64074074	0.99444444
0.500300	9.65185185	0.99444444
0.500400	9.67222222	0.99444444
0.500500	9.65000000	0.99444444
0.500600	9.66296296	0.99259259
0.500700	9.66481481	0.99444444
0.500800	9.64259259	0.99259259
0.500900	9.65925926	0.99444444
0.501000	9.64629630	0.99444444
0.501100	9.64814815	0.99259259
0.501200	9.66851852	0.99259259
0.501300	9.64629630	0.99444444
0.501400	9.65555556	0.99259259
0.501500	9.65740741	0.99259259
0.501600	9.68148148	0.99259259
0.501700	9.63888889	0.99444444
0.501800	9.64814815	0.99444444
0.501900	9.65555556	0.99259259
0.502000	9.62777778	0.99444444
0.502100	9.67592593	0.99444444
0.502200	9.66666667	0.99074074
0.502300	9.67962963	0.99444444
0.502400	9.65370370	0.99259259
0.502500	9.70925926	0.99444444
0.502600	9.66666667	0.99259259
0.502700	9.66296296	0.99444444
0.502800	9.66296296	0.99074074
0.502900	9.63888889	0.99259259
0.503000	9.62777778	0.99074074
0.503100	9.67592593	0.99444444
0.503200	9.65555556	0.99444444
0.503300	9.62777778	0.99444444
0.503400	9.68518519	0.99444444
0.503500	9.68333333	0.99444444
0.503600	9.66296296	0.99074074
0.503700	9.66296296	0.99444444
0.503800	9.64444444	0.99074074
0.503900	9.66666667	0.98888889
0.504000	9.62962963	0.99444444
0.504100	9.66111111	0.99259259
0.504200	9.65000000	0.99074074
0.504300	9.65740741	0.99259259
0.504400	9.67407407	0.99444444
0.504500	9.63888889	0.99444444
0.504600	9.66111111	0.99444444
0.504700	9.65000000	0.99259259
0.504800	9.65740741	0.99444444
0.504900	9.64074074	0.99444444
0.505000	9.66481481	0.99074074
0.505100	9.67777778	0.99074074
0.505200	9.66851852	0.99444444
0.505300	9.62222222	0.99444444
0.505400	9.67777778	0.99444444
0.505500	9.65370370	0.99259259
0.505600	9.67777778	0.99444444
0.505700	9.66111111	0.99074074
0.505800	9.64814815	0.99444444
0.505900	9.63703704	0.99444444
0.506000	9.65555556	0.99444444
0.506100	9.66851852	0.99444444
0.506200	9.65925926	0.99074074
0.506300	9.67037037	0.99444444
0.506400	9.70185185	0.99444444
0.506500	9.64629630	0.99444444
0.506600	9.66851852	0.99444444
0.506700	9.67962963	0.99444444
0.506800	9.65185185	0.99259259
0.506900	9.64629630	0.99444444
0.507000	9.67222222	0.99444444
0.507100	9.67592593	0.99259259
0.507200	9.67222222	0.99444444
0.507300	9.65925926	0.99444444
0.507400	9.66296296	0.99259259
0.507500	9.66296296	0.99444444
0.507600	9.69629630	0.99259259
0.507700	9.68703704	0.99259259
0.507800	9.63518519	0.99444444
0.507900	9.67962963	0.99074074
0.508000	9.65370370	0.99259259
0.508100	9.66296296	0.99444444
0.508200	9.66296296	0.99444444
0.508300	9.65000000	0.99444444
0.508400	9.66851852	0.99074074
0.508500	9.66666667	0.99444444
0.508600	9.68148148	0.99444444
0.508700	9.66111111	0.99259259
0.508800	9.66851852	0.98888889
0.508900	9.64444444	0.99444444
0.509000	9.65370370	0.99444444
0.509100	9.65185185	0.99444444
0.509200	9.66296296	0.99259259
0.509300	9.69074074	0.99259259
0.509400	9.66666667	0.99259259
0.509500	9.64629630	0.99074074
0.509600	9.64629630	0.99259259
0.509700	9.64074074	0.99259259
0.509800	9.65925926	0.99444444
0.509900	9.67962963	0.99444444
0.510000	9.64444444	0.99259259
0.510100	9.65185185	0.99444444
0.510200	9.66666667	0.99444444
0.510300	9.65740741	0.99444444
0.510400	9.68333333	0.99444444
0.510500	9.66111111	0.99074074
0.510600	9.67407407	0.99444444
0.510700	9.65555556	0.99074074
0.510800	9.67222222	0.99444444
0.510900	9.66851852	0.99259259
0.511000	9.67407407	0.99444444
0.511100	9.67777778	0.99444444
0.511200	9.66481481	0.99444444
0.511300	9.65740741	0.99259259
0.511400	9.65555556	0.99259259
0.511500	9.70000000	0.99259259
0.511600	9.69259259	0.99444444
0.511700	9.66666667	0.99259259
0.511800	9.65740741	0.99074074
0.511900	9.67037037	0.99444444
0.512000	9.70370370	0.99259259
0.512100	9.64074074	0.99259259
0.512200	9.68888889	0.99259259
0.512300	9.67962963	0.99444444
0.512400	9.67407407	0.99444444
0.512500	9.69444444	0.99444444
0.512600	9.65185185	0.99444444
0.512700	9.62962963	0.99259259
0.512800	9.63888889	0.99444444
0.512900	9.67592593	0.99074074
0.513000	9.64444444	0.99444444
0.513100	9.69444444	0.99074074
0.513200	9.69444444	0.99444444
0.513300	9.65555556	0.99444444
0.513400	9.66851852	0.99259259
0.513500	9.68703704	0.99444444
0.513600	9.67777778	0.99444444
0.513700	9.68518519	0.99444444
0.513800	9.69629630	0.99444444
0.513900	9.66851852	0.99444444
0.514000	9.66851852	0.99444444
0.514100	9.67407407	0.99444444
0.514200	9.67407407	0.99259259
0.514300	9.67407407	0.99444444
0.514400	9.67962963	0.99444444
0.514500	9.67037037	0.99444444
0.514600	9.65740741	0.99444444
0.514700	9.66851852	0.99074074
0.514800	9.69259259	0.99259259
0.514900	9.66851852	0.99444444
0.515000	9.67407407	0.99444444
0.515100	9.67962963	0.99444444
0.515200	9.66851852	0.99444444
0.515300	9.65185185	0.99444444
0.515400	9.67222222	0.99259259
0.515500	9.66111111	0.99444444
0.515600	9.69814815	0.99444444
0.515700	9.64074074	0.99074074
0.515800	9.65925926	0.99259259
0.515900	9.67592593	0.99444444
0.516000	9.70000000	0.99259259
0.516100	9.68333333	0.99259259
0.516200	9.66666667	0.99074074
0.516300	9.67777778	0.99259259
0.516400	9.67592593	0.99444444
0.516500	9.66481481	0.99444444
0.516600	9.67777778	0.99444444
0.516700	9.67962963	0.99259259
0.516800	9.65925926	0.99259259
0.516900	9.66481481	0.99444444
0.517000	9.67222222	0.99259259
0.517100	9.65185185	0.99444444
0.517200	9.65000000	0.99444444
0.517300	9.68148148	0.99074074
0.517400	9.69814815	0.99444444
0.517500	9.69629630	0.99444444
0.517600	9.70925926	0.99444444
0.517700	9.66481481	0.99259259
0.517800	9.68518519	0.99259259
0.517900	9.68888889	0.99259259
0.518000	9.66666667	0.99259259
0.518100	9.66666667	0.98888889
0.518200	9.68888889	0.99444444
0.518300	9.65185185	0.99444444
0.518400	9.66851852	0.99259259
0.518500	9.71851852	0.99444444
0.518600	9.66666667	0.99259259
0.518700	9.68148148	0.99444444
0.518800	9.69074074	0.99444444
0.518900	9.65925926	0.99259259
0.519000	9.67962963	0.99259259
0.519100	9.68518519	0.99444444
0.519200	9.67037037	0.99444444
0.519300	9.67407407	0.99444444
0.519400	9.67777778	0.99444444
0.519500	9.65370370	0.99259259
0.519600	9.67037037	0.99444444
0.519700	9.70370370	0.99259259
0.519800	9.66851852	0.99259259
0.519900	9.68148148	0.99259259
0.520000	9.66481481	0.99444444
0.520100	9.68333333	0.99259259
0.520200	9.66296296	0.99259259
0.520300	9.67407407	0.99259259
0.520400	9.67592593	0.99444444
0.520500	9.65740741	0.99444444
0.520600	9.67592593	0.99444444
0.520700	9.70740741	0.99444444
0.520800	9.68333333	0.99259259
0.520900	9.65370370	0.99074074
0.521000	9.68703704	0.99444444
0.521100	9.66296296	0.99259259
0.521200	9.67962963	0.99259259
0.521300	9.66481481	0.99259259
0.521400	9.69259259	0.99259259
0.521500	9.67592593	0.99444444
0.521600	9.69074074	0.99259259
0.521700	9.69074074	0.99444444
0.521800	9.68703704	0.99444444
0.521900	9.67777778	0.99444444
0.522000	9.71296296	0.99444444
0.522100	9.70185185	0.99444444
0.522200	9.67222222	0.99074074
0.522300	9.68333333	0.99444444
0.522400	9.64444444	0.99444444
0.522500	9.69629630	0.99444444
0.522600	9.65925926	0.99444444
0.522700	9.70185185	0.99259259
0.522800	9.64629630	0.99444444
0.522900	9.70000000	0.99444444
0.523000	9.67407407	0.99259259
0.523100	9.68333333	0.99259259
0.523200	9.67037037	0.99074074
0.523300	9.68333333	0.99444444
0.523400	9.67592593	0.99074074
0.523500	9.67222222	0.99444444
0.523600	9.68333333	0.99259259
0.523700	9.68148148	0.99444444
0.523800	9.69814815	0.99444444
0.523900	9.65185185	0.99259259
0.524000	9.69814815	0.99444444
0.524100	9.68518519	0.99259259
0.524200	9.67407407	0.99444444
0.524300	9.68148148	0.99259259
0.524400	9.69259259	0.99444444
0.524500	9.69259259	0.99259259
0.524600	9.67222222	0.99444444
0.524700	9.62777778	0.99444444
0.524800	9.69074074	0.99259259
0.524900	9.68333333	0.99444444
0.525000	9.71851852	0.99444444
0.525100	9.70000000	0.99444444
0.525200	9.65925926	0.99444444
0.525300	9.67407407	0.99444444
0.525400	9.63703704	0.99259259
0.525500	9.69259259	0.99444444
0.525600	9.68518519	0.99074074
0.525700	9.69259259	0.99444444
0.525800	9.67592593	0.99259259
0.525900	9.66666667	0.99259259
0.526000	9.66296296	0.99074074
0.526100	9.67962963	0.99259259
0.526200	9.66481481	0.99259259
0.526300	9.67222222	0.99259259
0.526400	9.69444444	0.99259259
0.526500	9.67592593	0.99259259
0.526600	9.66296296	0.99444444
0.526700	9.70740741	0.99444444
0.526800	9.70000000	0.99259259
0.526900	9.69814815	0.99259259
0.527000	9.67037037	0.99444444
0.527100	9.66851852	0.99259259
0.527200	9.70000000	0.99259259
0.527300	9.67222222	0.99444444
0.527400	9.68518519	0.99259259
0.527500	9.67037037	0.99259259
0.527600	9.70925926	0.99259259
0.527700	9.67962963	0.99259259
0.527800	9.66481481	0.99259259
0.527900	9.67407407	0.99259259
0.528000	9.67592593	0.99259259
0.528100	9.70185185	0.99444444
0.528200	9.70555556	0.99444444
0.528300	9.68703704	0.99074074
0.528400	9.69444444	0.99259259
0.528500	9.68703704	0.99259259
0.528600	9.69629630	0.99444444
0.528700	9.67407407	0.99259259
0.528800	9.66666667	0.99259259
0.528900	9.69259259	0.99444444
0.529000	9.68888889	0.99259259
0.529100	9.71111111	0.99259259
0.529200	9.66851852	0.99259259
0.529300	9.70370370	0.99259259
0.529400	9.68333333	0.99444444
0.529500	9.67037037	0.99444444
0.529600	9.68333333	0.99444444
0.529700	9.68518519	0.99444444
0.529800	9.70370370	0.99259259
0.529900	9.68148148	0.99444444
0.530000	9.68518519	0.99444444
0.530100	9.70000000	0.99444444
0.530200	9.66851852	0.99259259
0.530300	9.68518519	0.99444444
0.530400	9.68518519	0.99444444
0.530500	9.68703704	0.99444444
0.530600	9.66666667	0.99444444
0.530700	9.69259259	0.99259259
0.530800	9.68518519	0.99444444
0.530900	9.68518519	0.99444444
0.531000	9.69814815	0.99444444
0.531100	9.71111111	0.99444444
0.531200	9.67222222	0.99444444
0.531300	9.70185185	0.99444444
0.531400	9.69814815	0.99444444
0.531500	9.69259259	0.99444444
0.531600	9.67407407	0.99259259
0.531700	9.67222222	0.99444444
0.531800	9.68518519	0.99259259
0.531900	9.70740741	0.99444444
0.532000	9.69074074	0.99444444
0.532100	9.68148148	0.99444444
0.532200	9.68333333	0.99259259
0.532300	9.66296296	0.99074074
0.532400	9.70555556	0.99444444
0.532500	9.71111111	0.99444444
0.532600	9.70000000	0.99074074
0.532700	9.68333333	0.99444444
0.532800	9.70555556	0.99444444
0.532900	9.68148148	0.99074074
0.533000	9.69629630	0.99074074
0.533100	9.70740741	0.99444444
0.533200	9.70740741	0.99444444
0.533300	9.68333333	0.99444444
0.533400	9.67222222	0.99444444
0.533500	9.68888889	0.99444444
0.533600	9.69629630	0.99444444
0.533700	9.67962963	0.99444444
0.533800	9.66481481	0.99444444
0.533900	9.69629630	0.99444444
0.534000	9.70185185	0.99444444
0.534100	9.67777778	0.99444444
0.534200	9.66296296	0.99259259
0.534300	9.68333333	0.99259259
0.534400	9.66481481	0.99444444
0.534500	9.66481481	0.99444444
0.534600	9.70370370	0.99259259
0.534700	9.67222222	0.99444444
0.534800	9.70925926	0.99444444
0.534900	9.69444444	0.99259259
0.535000	9.67407407	0.99259259
0.535100	9.71851852	0.99259259
0.535200	9.68518519	0.99444444
0.535300	9.67222222	0.99259259
0.535400	9.68703704	0.99444444
0.535500	9.70185185	0.99444444
0.535600	9.70000000	0.99259259
0.535700	9.69629630	0.99259259
0.535800	9.68518519	0.99259259
0.535900	9.68148148	0.99444444
0.536000	9.67962963	0.99444444
0.536100	9.70000000	0.99259259
0.536200	9.70000000	0.99259259
0.536300	9.70925926	0.99444444
0.536400	9.70185185	0.99444444
0.536500	9.71481481	0.99444444
0.536600	9.69814815	0.99259259
0.536700	9.69814815	0.99444444
0.536800	9.72222222	0.99444444
0.536900	9.68703704	0.98888889
0.537000	9.71481481	0.99259259
0.537100	9.68148148	0.99444444
0.537200	9.68703704	0.99259259
0.537300	9.70000000	0.99444444
0.537400	9.67407407	0.99259259
0.537500	9.70185185	0.99444444
0.537600	9.70185185	0.99444444
0.537700	9.70000000	0.99259259
0.537800	9.71666667	0.99259259
0.537900	9.70740741	0.99444444
0.538000	9.69444444	0.99444444
0.538100	9.68888889	0.99444444
0.538200	9.70185185	0.99444444
0.538300	9.67592593	0.99259259
0.538400	9.70740741	0.99259259
0.538500	9.67777778	0.98888889
0.538600	9.67592593	0.99444444
0.538700	9.70185185	0.99444444
0.538800	9.70555556	0.99444444
0.538900	9.70000000	0.99074074
0.539000	9.70925926	0.99444444
0.539100	9.71481481	0.99444444
0.539200	9.68888889	0.99444444
0.539300	9.66666667	0.99444444
0.539400	9.69259259	0.99074074
0.539500	9.66666667	0.99444444
0.539600	9.66851852	0.99444444
0.539700	9.70000000	0.99444444
0.539800	9.69259259	0.99259259
0.539900	9.71851852	0.99444444
0.540000	9.68148148	0.99259259
0.540100	9.69074074	0.99444444
0.540200	9.71111111	0.99444444
0.540300	9.68333333	0.99444444
0.540400	9.70740741	0.99444444
0.540500	9.67962963	0.99259259
0.540600	9.69629630	0.99444444
0.540700	9.66851852	0.99444444
0.540800	9.66851852	0.99444444
0.540900	9.68888889	0.99444444
0.541000	9.69259259	0.99444444
0.541100	9.69259259	0.99444444
0.541200	9.71111111	0.99444444
0.541300	9.69629630	0.99444444
0.541400	9.69259259	0.99444444
0.541500	9.72037037	0.99444444
0.541600	9.70185185	0.99444444
0.541700	9.67962963	0.99074074
0.541800	9.68148148	0.99259259
0.541900	9.72222222	0.99259259
0.542000	9.70370370	0.99444444
0.542100	9.70000000	0.99444444
0.542200	9.68703704	0.99444444
0.542300	9.69814815	0.99444444
0.542400	9.68333333	0.99444444
0.542500	9.67777778	0.99259259
0.542600	9.68703704	0.99444444
0.542700	9.68888889	0.99444444
0.542800	9.69444444	0.99259259
0.542900	9.67777778	0.99259259
0.543000	9.69259259	0.99444444
0.543100	9.66851852	0.99444444
0.543200	9.71481481	0.99444444
0.543300	9.72777778	0.99444444
0.543400	9.72592593	0.99444444
0.543500	9.68518519	0.99444444
0.543600	9.68703704	0.99444444
0.543700	9.71111111	0.99444444
0.543800	9.69074074	0.99444444
0.543900	9.67222222	0.99444444
0.544000	9.68333333	0.99444444
0.544100	9.70740741	0.99444444
0.544200	9.70370370	0.99444444
0.544300	9.69074074	0.99444444
0.544400	9.70185185	0.99074074
0.544500	9.68888889	0.99259259
0.544600	9.66666667	0.99444444
0.544700	9.69074074	0.99259259
0.544800	9.67407407	0.99444444
0.544900	9.68703704	0.99444444
0.545000	9.70185185	0.99259259
0.545100	9.68333333	0.99444444
0.545200	9.68518519	0.99444444
0.545300	9.68703704	0.99444444
0.545400	9.68333333	0.99259259
0.545500	9.67222222	0.99444444
0.545600	9.68518519	0.99259259
0.545700	9.68518519	0.99444444
0.545800	9.70740741	0.99444444
0.545900	9.66481481	0.99444444
0.546000	9.68703704	0.99444444
0.546100	9.70185185	0.99444444
0.546200	9.70000000	0.99444444
0.546300	9.69259259	0.99444444
0.546400	9.68703704	0.99259259
0.546500	9.70000000	0.99259259
0.546600	9.71666667	0.99259259
0.546700	9.68888889	0.99444444
0.546800	9.71296296	0.99444444
0.546900	9.69074074	0.99444444
0.547000	9.71851852	0.99444444
0.547100	9.68333333	0.99444444
0.547200	9.71111111	0.99074074
0.547300	9.69814815	0.99259259
0.547400	9.70740741	0.99074074
0.547500	9.70370370	0.99444444
0.547600	9.68703704	0.99444444
0.547700	9.69444444	0.99444444
0.547800	9.70740741	0.99444444
0.547900	9.68333333	0.99074074
0.548000	9.72592593	0.99444444
0.548100	9.71666667	0.99444444
0.548200	9.67962963	0.99259259
0.548300	9.67037037	0.99259259
0.548400	9.70740741	0.99444444
0.548500	9.68888889	0.99444444
0.548600	9.70370370	0.99259259
0.548700	9.69444444	0.99444444
0.548800	9.69444444	0.99444444
0.548900	9.69814815	0.99444444
0.549000	9.70555556	0.99074074
0.549100	9.68888889	0.99444444
0.549200	9.68888889	0.99444444
0.549300	9.70370370	0.99444444
0.549400	9.67962963	0.99259259
0.549500	9.70555556	0.99444444
0.549600	9.71481481	0.99259259
0.549700	9.69074074	0.99444444
0.549800	9.70185185	0.99259259
0.549900	9.68148148	0.99259259
0.550000	9.72037037	0.99259259
0.550100	9.70555556	0.99444444
0.550200	9.70555556	0.99259259
0.550300	9.69444444	0.99444444
0.550400	9.71481481	0.99259259
0.550500	9.70370370	0.99444444
0.550600	9.71481481	0.99444444
0.550700	9.66851852	0.99259259
0.550800	9.73333333	0.99259259
0.550900	9.71666667	0.99444444
0.551000	9.69444444	0.99259259
0.551100	9.69074074	0.99444444
0.551200	9.71296296	0.99444444
0.551300	9.71481481	0.99259259
0.551400	9.69444444	0.99444444
0.551500	9.69814815	0.99259259
0.551600	9.70740741	0.99259259
0.551700	9.71296296	0.99259259
0.551800	9.68518519	0.99444444
0.551900	9.67222222	0.99259259
0.552000	9.69074074	0.99259259
0.552100	9.69259259	0.99444444
0.552200	9.71481481	0.99074074
0.552300	9.71666667	0.99259259
0.552400	9.70555556	0.99444444
0.552500	9.71111111	0.99259259
0.552600	9.71481481	0.99444444
0.552700	9.70185185	0.99259259
0.552800	9.69259259	0.99444444
0.552900	9.72222222	0.99444444
0.553000	9.72592593	0.99444444
0.553100	9.70555556	0.99444444
0.553200	9.69444444	0.99444444
0.553300	9.70185185	0.99444444
0.553400	9.68518519	0.99444444
0.553500	9.68888889	0.99259259
0.553600	9.69259259	0.99259259
0.553700	9.68518519	0.99444444
0.553800	9.70370370	0.99444444
0.553900	9.70555556	0.99259259
0.554000	9.70555556	0.99444444
0.554100	9.69074074	0.99259259
0.554200	9.71851852	0.99444444
0.554300	9.69629630	0.99259259
0.554400	9.70185185	0.99444444
0.554500	9.68888889	0.99444444
0.554600	9.68518519	0.99444444
0.554700	9.70370370	0.99444444
0.554800	9.71666667	0.99444444
0.554900	9.71296296	0.99444444
0.555000	9.70370370	0.99444444
0.555100	9.67962963	0.99444444
0.555200	9.68333333	0.99444444
0.555300	9.71111111	0.99259259
0.555400	9.72777778	0.99259259
0.555500	9.71111111	0.99074074
0.555600	9.70370370	0.99444444
0.555700	9.72037037	0.99444444
0.555800	9.69444444	0.99259259
0.555900	9.68333333	0.99444444
0.556000	9.67592593	0.99444444
0.556100	9.69814815	0.99259259
0.556200	9.73888889	0.99444444
0.556300	9.73333333	0.99259259
0.556400	9.69629630	0.99444444
0.556500	9.74074074	0.99074074
0.556600	9.71111111	0.99444444
0.556700	9.68703704	0.99444444
0.556800	9.67407407	0.99259259
0.556900	9.70185185	0.99259259
0.557000	9.72037037	0.99444444
0.557100	9.68333333	0.99444444
0.557200	9.70925926	0.99259259
0.557300	9.70370370	0.99444444
0.557400	9.69629630	0.99444444
0.557500	9.67592593	0.99444444
0.557600	9.71481481	0.99444444
0.557700	9.68888889	0.99074074
0.557800	9.70740741	0.99444444
0.557900	9.71296296	0.99259259
0.558000	9.70925926	0.99444444
0.558100	9.72222222	0.99444444
0.558200	9.68888889	0.99444444
0.558300	9.67037037	0.99074074
0.558400	9.70925926	0.99444444
0.558500	9.69074074	0.99444444
0.558600	9.72037037	0.99259259
0.558700	9.72777778	0.99444444
0.558800	9.69629630	0.99444444
0.558900	9.69629630	0.99259259
0.559000	9.72037037	0.99444444
0.559100	9.70000000	0.99444444
0.559200	9.71481481	0.99444444
0.559300	9.73888889	0.99444444
0.559400	9.71296296	0.99444444
0.559500	9.69259259	0.98888889
0.559600	9.72037037	0.99444444
0.559700	9.71666667	0.99259259
0.559800	9.72962963	0.99444444
0.559900	9.70925926	0.99259259
0.560000	9.69814815	0.99259259
0.560100	9.72592593	0.99444444
0.560200	9.71111111	0.99259259
0.560300	9.73333333	0.99444444
0.560400	9.70925926	0.99259259
0.560500	9.70740741	0.99444444
0.560600	9.70370370	0.99444444
0.560700	9.72407407	0.99444444
0.560800	9.71111111	0.99444444
0.560900	9.73333333	0.99444444
0.561000	9.70555556	0.99444444
0.561100	9.72407407	0.99444444
0.561200	9.67592593	0.99444444
0.561300	9.72037037	0.99444444
0.561400	9.73148148	0.99259259
0.561500	9.72962963	0.99444444
0.561600	9.67407407	0.99444444
0.561700	9.69814815	0.99259259
0.561800	9.70000000	0.99259259
0.561900	9.70555556	0.99444444
0.562000	9.68333333	0.99444444
0.562100	9.71481481	0.99444444
0.562200	9.71481481	0.99259259
0.562300	9.70555556	0.99259259
0.562400	9.72962963	0.99444444
0.562500	9.70000000	0.99444444
0.562600	9.71111111	0.99259259
0.562700	9.68333333	0.99444444
0.562800	9.69629630	0.99259259
0.562900	9.71296296	0.99444444
0.563000	9.70370370	0.99259259
0.563100	9.72777778	0.99444444
0.563200	9.71851852	0.99259259
0.563300	9.71851852	0.99259259
0.563400	9.68518519	0.99444444
0.563500	9.71851852	0.99444444
0.563600	9.70555556	0.99444444
0.563700	9.70555556	0.99259259
0.563800	9.69444444	0.99259259
0.563900	9.73333333	0.99444444
0.564000	9.71481481	0.99259259
0.564100	9.70370370	0.99074074
0.564200	9.69444444	0.99259259
0.564300	9.71296296	0.99444444
0.564400	9.71851852	0.99444444
0.564500	9.72407407	0.99444444
0.564600	9.72407407	0.99259259
0.564700	9.72962963	0.99444444
0.564800	9.72592593	0.99444444
0.564900	9.69629630	0.99444444
0.565000	9.69814815	0.99259259
0.565100	9.71296296	0.99444444
0.565200	9.70185185	0.99259259
0.565300	9.71666667	0.99259259
0.565400	9.72777778	0.99444444
0.565500	9.73518519	0.99444444
0.565600	9.69629630	0.99444444
0.565700	9.69629630	0.99444444
0.565800	9.72222222	0.99444444
0.565900	9.69814815	0.99259259
0.566000	9.69444444	0.99444444
0.566100	9.70555556	0.99444444
0.566200	9.73148148	0.99259259
0.566300	9.70555556	0.99259259
0.566400	9.72592593	0.99444444
0.566500	9.71666667	0.99444444
0.566600	9.68888889	0.99444444
0.566700	9.70740741	0.99259259
0.566800	9.70370370	0.99259259
0.566900	9.71851852	0.99444444
0.567000	9.69259259	0.99259259
0.567100	9.72222222	0.99259259
0.567200	9.72962963	0.99444444
0.567300	9.72777778	0.99259259
0.567400	9.70925926	0.99259259
0.567500	9.72037037	0.99444444
0.567600	9.71851852	0.99444444
0.567700	9.72777778	0.99444444
0.567800	9.70740741	0.99259259
0.567900	9.70740741	0.99259259
0.568000	9.70925926	0.99444444
0.568100	9.70740741	0.99444444
0.568200	9.70925926	0.99444444
0.568300	9.72962963	0.99259259
0.568400	9.69629630	0.99259259
0.568500	9.73703704	0.99444444
0.568600	9.71481481	0.99444444
0.568700	9.69074074	0.99259259
0.568800	9.71111111	0.99444444
0.568900	9.71481481	0.99444444
0.569000	9.72037037	0.99074074
0.569100	9.71111111	0.99444444
0.569200	9.71111111	0.99444444
0.569300	9.71111111	0.99444444
0.569400	9.72222222	0.99444444
0.569500	9.71111111	0.99444444
0.569600	9.71851852	0.99444444
0.569700	9.69444444	0.99444444
0.569800	9.70740741	0.99444444
0.569900	9.71851852	0.99444444
0.570000	9.74444444	0.99259259
0.570100	9.71296296	0.99444444
0.570200	9.75185185	0.99444444
0.570300	9.70925926	0.99259259
0.570400	9.71296296	0.99444444
0.570500	9.75000000	0.99444444
0.570600	9.71666667	0.99444444
0.570700	9.71111111	0.99259259
0.570800	9.72777778	0.99444444
0.570900	9.73333333	0.99444444
0.571000	9.71111111	0.99259259
0.571100	9.70555556	0.99444444
0.571200	9.73148148	0.99444444
0.571300	9.70925926	0.99444444
0.571400	9.69259259	0.99444444
0.571500	9.71296296	0.99259259
0.571600	9.70000000	0.99444444
0.571700	9.73148148	0.99444444
0.571800	9.71481481	0.99444444
0.571900	9.72222222	0.99444444
0.572000	9.71481481	0.99074074
0.572100	9.71666667	0.99444444
0.572200	9.72962963	0.99074074
0.572300	9.71851852	0.99444444
0.572400	9.72777778	0.99259259
0.572500	9.72222222	0.99444444
0.572600	9.71296296	0.99444444
0.572700	9.73333333	0.99444444
0.572800	9.71296296	0.99259259
0.572900	9.74444444	0.99444444
0.573000	9.71111111	0.99444444
0.573100	9.71666667	0.99444444
0.573200	9.72407407	0.99444444
0.573300	9.73148148	0.99074074
0.573400	9.72407407	0.99444444
0.573500	9.72777778	0.99444444
0.573600	9.70000000	0.99259259
0.573700	9.69814815	0.99259259
0.573800	9.75000000	0.99259259
0.573900	9.72037037	0.99259259
0.574000	9.70740741	0.99444444
0.574100	9.70555556	0.99444444
0.574200	9.70370370	0.99444444
0.574300	9.70000000	0.99444444
0.574400	9.70740741	0.99259259
0.574500	9.68518519	0.99444444
0.574600	9.70370370	0.99444444
0.574700	9.71666667	0.99259259
0.574800	9.71296296	0.99444444
0.574900	9.73148148	0.99444444
0.575000	9.71851852	0.99444444
0.575100	9.72592593	0.99444444
0.575200	9.73518519	0.99444444
0.575300	9.71851852	0.99444444
0.575400	9.71851852	0.99259259
0.575500	9.73703704	0.99444444
0.575600	9.71111111	0.99259259
0.575700	9.71666667	0.99259259
0.575800	9.72962963	0.99444444
0.575900	9.74444444	0.99259259
0.576000	9.72777778	0.99444444
0.576100	9.70740741	0.99444444
0.576200	9.72777778	0.99259259
0.576300	9.70370370	0.99259259
0.576400	9.70185185	0.99259259
0.576500	9.71111111	0.99444444
0.576600	9.72592593	0.99444444
0.576700	9.73518519	0.99444444
0.576800	9.71851852	0.99444444
0.576900	9.71111111	0.99444444
0.577000	9.72962963	0.99444444
0.577100	9.72592593	0.99259259
0.577200	9.71111111	0.99444444
0.577300	9.71296296	0.99259259
0.577400	9.70000000	0.99259259
0.577500	9.70740741	0.99259259
0.577600	9.73888889	0.99444444
0.577700	9.70740741	0.99259259
0.577800	9.73518519	0.99444444
0.577900	9.73703704	0.99444444
0.578000	9.73888889	0.99444444
0.578100	9.72037037	0.99444444
0.578200	9.70555556	0.99444444
0.578300	9.71111111	0.99259259
0.578400	9.72592593	0.99444444
0.578500	9.72222222	0.99444444
0.578600	9.74074074	0.99259259
0.578700	9.72407407	0.99444444
0.578800	9.73703704	0.99444444
0.578900	9.72962963	0.99259259
0.579000	9.70925926	0.99259259
0.579100	9.71851852	0.99444444
0.579200	9.73703704	0.99444444
0.579300	9.72037037	0.99444444
0.579400	9.72222222	0.99444444
0.579500	9.72407407	0.99444444
0.579600	9.72407407	0.99259259
0.579700	9.72962963	0.99444444
0.579800	9.71666667	0.99074074
0.579900	9.70925926	0.99259259
0.580000	9.73148148	0.99444444
0.580100	9.72037037	0.99259259
0.580200	9.75555556	0.99444444
0.580300	9.71666667	0.99444444
0.580400	9.69074074	0.99444444
0.580500	9.71296296	0.99259259
0.580600	9.73518519	0.99444444
0.580700	9.72592593	0.99444444
0.580800	9.72222222	0.99444444
0.580900	9.74074074	0.99444444
0.581000	9.70925926	0.99444444
0.581100	9.74074074	0.99444444
0.581200	9.72222222	0.99444444
0.581300	9.70740741	0.99444444
0.581400	9.72037037	0.99259259
0.581500	9.73148148	0.99444444
0.581600	9.73888889	0.99444444
0.581700	9.72222222	0.99444444
0.581800	9.72592593	0.99444444
0.581900	9.74814815	0.99444444
0.582000	9.72592593	0.99259259
0.582100	9.71481481	0.99444444
0.582200	9.72962963	0.99259259
0.582300	9.74074074	0.99444444
0.582400	9.72222222	0.99444444
0.582500	9.73703704	0.99444444
0.582600	9.73148148	0.99444444
0.582700	9.70185185	0.99074074
0.582800	9.75185185	0.99444444
0.582900	9.72777778	0.99444444
0.583000	9.73703704	0.99444444
0.583100	9.72592593	0.99444444
0.583200	9.73703704	0.99444444
0.583300	9.71111111	0.99444444
0.583400	9.72222222	0.99444444
0.583500	9.70555556	0.99444444
0.583600	9.71296296	0.99444444
0.583700	9.72222222	0.99444444
0.583800	9.73888889	0.99259259
0.583900	9.70740741	0.99444444
0.584000	9.69444444	0.99259259
0.584100	9.71296296	0.99444444
0.584200	9.71481481	0.99444444
0.584300	9.73148148	0.99444444
0.584400	9.71851852	0.99444444
0.584500	9.72407407	0.99444444
0.584600	9.72407407	0.99259259
0.584700	9.71481481	0.99444444
0.584800	9.71296296	0.99444444
0.584900	9.71481481	0.99259259
0.585000	9.71851852	0.99259259
0.585100	9.72037037	0.99259259
0.585200	9.73888889	0.99259259
0.585300	9.73703704	0.99444444
0.585400	9.72222222	0.99444444
0.585500	9.70925926	0.99259259
0.585600	9.73703704	0.99444444
0.585700	9.70185185	0.99259259
0.585800	9.73333333	0.99444444
0.585900	9.71851852	0.99444444
0.586000	9.71296296	0.99444444
0.586100	9.70925926	0.98888889
0.586200	9.74629630	0.99444444
0.586300	9.69814815	0.99259259
0.586400	9.73333333	0.99444444
0.586500	9.74074074	0.99444444
0.586600	9.73888889	0.99259259
0.586700	9.73333333	0.99444444
0.586800	9.72222222	0.99444444
0.586900	9.70925926	0.99444444
0.587000	9.72962963	0.99444444
0.587100	9.72777778	0.99444444
0.587200	9.73518519	0.99444444
0.587300	9.72592593	0.99444444
0.587400	9.74074074	0.99444444
0.587500	9.74259259	0.99444444
0.587600	9.73518519	0.99444444
0.587700	9.72222222	0.99444444
0.587800	9.73333333	0.99444444
0.587900	9.72037037	0.99259259
0.588000	9.72407407	0.99259259
0.588100	9.72037037	0.99259259
0.588200	9.71851852	0.99259259
0.588300	9.73888889	0.99444444
0.588400	9.73148148	0.99444444
0.588500	9.74629630	0.99444444
0.588600	9.71851852	0.99259259
0.588700	9.72037037	0.99259259
0.588800	9.71481481	0.99444444
0.588900	9.72037037	0.99444444
0.589000	9.73888889	0.99444444
0.589100	9.72407407	0.99444444
0.589200	9.72777778	0.99444444
0.589300	9.76851852	0.99444444
0.589400	9.73148148	0.99259259
0.589500	9.73888889	0.99444444
0.589600	9.73518519	0.99444444
0.589700	9.71851852	0.99259259
0.589800	9.70555556	0.99444444
0.589900	9.70925926	0.99444444
0.590000	9.71481481	0.99259259
0.590100	9.74444444	0.99444444
0.590200	9.71666667	0.99444444
0.590300	9.73518519	0.99259259
0.590400	9.72592593	0.99259259
0.590500	9.72592593	0.99444444
0.590600	9.72407407	0.99444444
0.590700	9.70925926	0.99444444
0.590800	9.72407407	0.99444444
0.590900	9.72777778	0.99444444
0.591000	9.75370370	0.99444444
0.591100	9.73333333	0.99444444
0.591200	9.71666667	0.99259259
0.591300	9.72592593	0.99259259
0.591400	9.73148148	0.99444444
0.591500	9.74444444	0.99444444
0.591600	9.74814815	0.99444444
0.591700	9.73518519	0.99259259
0.591800	9.74444444	0.99259259
0.591900	9.73518519	0.99444444
0.592000	9.72592593	0.99259259
0.592100	9.70925926	0.99444444
0.592200	9.74814815	0.99444444
0.592300	9.75555556	0.99259259
0.592400	9.74629630	0.99444444
0.592500	9.74259259	0.99444444
0.592600	9.72777778	0.99444444
0.592700	9.75185185	0.99444444
0.592800	9.73703704	0.99259259
0.592900	9.72407407	0.99444444
0.593000	9.71851852	0.99444444
0.593100	9.75555556	0.99444444
0.593200	9.72592593	0.99444444
0.593300	9.72777778	0.99259259
0.593400	9.75740741	0.99444444
0.593500	9.71666667	0.99444444
0.593600	9.72962963	0.99444444
0.593700	9.72962963	0.99444444
0.593800	9.73333333	0.99444444
0.593900	9.72962963	0.99444444
0.594000	9.72592593	0.99444444
0.594100	9.71111111	0.99444444
0.594200	9.74259259	0.99444444
0.594300	9.72222222	0.99444444
0.594400	9.72962963	0.99444444
0.594500	9.74259259	0.99444444
0.594600	9.74629630	0.99444444
0.594700	9.73333333	0.99444444
0.594800	9.73518519	0.99444444
0.594900	9.71481481	0.99444444
0.595000	9.73888889	0.99259259
0.595100	9.72962963	0.99444444
0.595200	9.72962963	0.99444444
0.595300	9.73888889	0.99444444
0.595400	9.72037037	0.99444444
0.595500	9.72407407	0.99444444
0.595600	9.71666667	0.99444444
0.595700	9.70370370	0.99444444
0.595800	9.73888889	0.99444444
0.595900	9.74074074	0.99444444
0.596000	9.73888889	0.99444444
0.596100	9.74444444	0.99444444
0.596200	9.74444444	0.99444444
0.596300	9.73703704	0.99444444
0.596400	9.73148148	0.99444444
0.596500	9.72037037	0.99444444
0.596600	9.72407407	0.99444444
0.596700	9.72407407	0.99444444
0.596800	9.74444444	0.99444444
0.596900	9.71296296	0.99444444
0.597000	9.73333333	0.99444444
0.597100	9.73148148	0.99259259
0.597200	9.72962963	0.99444444
0.597300	9.73703704	0.99259259
0.597400	9.73703704	0.99444444
0.597500	9.74629630	0.99259259
0.597600	9.73148148	0.99444444
0.597700	9.71666667	0.99259259
0.597800	9.71481481	0.99444444
0.597900	9.73518519	0.99444444
0.598000	9.74259259	0.99444444
0.598100	9.74074074	0.99444444
0.598200	9.76481481	0.99444444
0.598300	9.73148148	0.99259259
0.598400	9.71296296	0.99259259
0.598500	9.75370370	0.99444444
0.598600	9.75000000	0.99444444
0.598700	9.71481481	0.99259259
0.598800	9.71296296	0.99444444
0.598900	9.73148148	0.99259259
0.599000	9.72222222	0.99259259
0.599100	9.76296296	0.99444444
0.599200	9.73148148	0.99444444
0.599300	9.72777778	0.99444444
0.599400	9.74629630	0.99259259
0.599500	9.75370370	0.99444444
0.599600	9.72407407	0.99444444
0.599700	9.73333333	0.99259259
0.599800	9.73888889	0.99444444
0.599900	9.72777778	0.99259259
0.600000	9.72962963	0.99444444
0.600100	9.75185185	0.99259259
0.600200	9.71481481	0.99259259
0.600300	9.74259259	0.99259259
0.600400	9.75740741	0.99444444
0.600500	9.75000000	0.99444444
0.600600	9.73888889	0.99259259
0.600700	9.72777778	0.99444444
0.600800	9.73518519	0.99444444
0.600900	9.69629630	0.99444444
0.601000	9.73518519	0.99444444
0.601100	9.72222222	0.99444444
0.601200	9.72222222	0.99444444
0.601300	9.74259259	0.99444444
0.601400	9.74259259	0.99444444
0.601500	9.73148148	0.99259259
0.601600	9.72962963	0.99444444
0.601700	9.75370370	0.99444444
0.601800	9.73333333	0.99259259
0.601900	9.73703704	0.99444444
0.602000	9.74629630	0.99259259
0.602100	9.74259259	0.99444444
0.602200	9.70000000	0.99259259
0.602300	9.74074074	0.99444444
0.602400	9.72222222	0.99444444
0.602500	9.75185185	0.99259259
0.602600	9.71666667	0.99444444
0.602700	9.72592593	0.99444444
0.602800	9.74629630	0.99444444
0.602900	9.73333333	0.99444444
0.603000	9.73518519	0.99444444
0.603100	9.76111111	0.99444444
0.603200	9.73518519	0.99444444
0.603300	9.74259259	0.99259259
0.603400	9.74259259	0.99444444
0.603500	9.71851852	0.99444444
0.603600	9.74259259	0.99444444
0.603700	9.73703704	0.99444444
0.603800	9.75555556	0.99444444
0.603900	9.72592593	0.99444444
0.604000	9.73888889	0.99444444
0.604100	9.74629630	0.99444444
0.604200	9.73333333	0.99444444
0.604300	9.71666667	0.99444444
0.604400	9.74074074	0.99444444
0.604500	9.72407407	0.99444444
0.604600	9.72777778	0.99444444
0.604700	9.71851852	0.99444444
0.604800	9.75370370	0.99444444
0.604900	9.75185185	0.99444444
0.605000	9.73518519	0.99259259
0.605100	9.73703704	0.99444444
0.605200	9.75740741	0.99444444
0.605300	9.74074074	0.99444444
0.605400	9.71666667	0.99444444
0.605500	9.76296296	0.99444444
0.605600	9.73888889	0.99444444
0.605700	9.74444444	0.99444444
0.605800	9.73333333	0.99074074
0.605900	9.75000000	0.99259259
0.606000	9.72962963	0.99444444
0.606100	9.72592593	0.99444444
0.606200	9.73703704	0.99444444
0.606300	9.75555556	0.99444444
0.606400	9.74259259	0.99444444
0.606500	9.74074074	0.99259259
0.606600	9.73148148	0.99444444
0.606700	9.74259259	0.99259259
0.606800	9.74629630	0.99444444
0.606900	9.71851852	0.99444444
0.607000	9.73888889	0.99259259
0.607100	9.75185185	0.99259259
0.607200	9.72777778	0.99259259
0.607300	9.72592593	0.99259259
0.607400	9.74444444	0.99074074
0.607500	9.73148148	0.99444444
0.607600	9.75740741	0.99444444
0.607700	9.73148148	0.99444444
0.607800	9.73148148	0.99259259
0.607900	9.72222222	0.99444444
0.608000	9.73333333	0.99444444
0.608100	9.74629630	0.99444444
0.608200	9.74074074	0.99444444
0.608300	9.75370370	0.99444444
0.608400	9.75925926	0.99259259
0.608500	9.72222222	0.99444444
0.608600	9.75000000	0.99259259
0.608700	9.74629630	0.99259259
0.608800	9.74259259	0.99444444
0.608900	9.74074074	0.99444444
0.609000	9.73148148	0.99444444
0.609100	9.72777778	0.99444444
0.609200	9.74444444	0.99444444
0.609300	9.73703704	0.99444444
0.609400	9.75555556	0.99259259
0.609500	9.71851852	0.99444444
0.609600	9.74444444	0.99444444
0.609700	9.72407407	0.99259259
0.609800	9.74074074	0.99444444
0.609900	9.74074074	0.99444444
0.610000	9.75740741	0.99444444
0.610100	9.72407407	0.99444444
0.610200	9.74259259	0.99444444
0.610300	9.73888889	0.99259259
0.610400	9.72407407	0.99259259
0.610500	9.74629630	0.99444444
0.610600	9.74074074	0.99444444
0.610700	9.75185185	0.99444444
0.610800	9.74074074	0.99444444
0.610900	9.72962963	0.99444444
0.611000	9.75370370	0.99444444
0.611100	9.75925926	0.99444444
0.611200	9.74259259	0.99444444
0.611300	9.75185185	0.99259259
0.611400	9.72962963	0.99444444
0.611500	9.73518519	0.99259259
0.611600	9.73703704	0.99444444
0.611700	9.74074074	0.99444444
0.611800	9.75925926	0.99444444
0.611900	9.72222222	0.99259259
0.612000	9.73333333	0.99259259
0.612100	9.75000000	0.99444444
0.612200	9.78148148	0.99444444
0.612300	9.74074074	0.99444444
0.612400	9.74074074	0.99444444
0.612500	9.73888889	0.99444444
0.612600	9.72777778	0.99444444
0.612700	9.74074074	0.99444444
0.612800	9.74444444	0.99444444
0.612900	9.72962963	0.99444444
0.613000	9.73518519	0.99444444
0.613100	9.72592593	0.99444444
0.613200	9.75370370	0.99259259
0.613300	9.74259259	0.99259259
0.613400	9.74444444	0.99444444
0.613500	9.75740741	0.99259259
0.613600	9.72037037	0.99444444
0.613700	9.75000000	0.99444444
0.613800	9.74074074	0.99074074
0.613900	9.72777778	0.99444444
0.614000	9.73518519	0.99444444
0.614100	9.74444444	0.99444444
0.614200	9.74259259	0.99259259
0.614300	9.75185185	0.99444444
0.614400	9.75000000	0.99444444
0.614500	9.74074074	0.99259259
0.614600	9.74444444	0.99444444
0.614700	9.74814815	0.99259259
0.614800	9.73888889	0.99444444
0.614900	9.74259259	0.99259259
0.615000	9.71666667	0.99444444
0.615100	9.72777778	0.99259259
0.615200	9.72777778	0.99444444
0.615300	9.75185185	0.99444444
0.615400	9.75555556	0.99444444
0.615500	9.72777778	0.99444444
0.615600	9.72962963	0.99444444
0.615700	9.74629630	0.99259259
0.615800	9.76111111	0.99444444
0.615900	9.74444444	0.99444444
0.616000	9.73888889	0.99444444
0.616100	9.74259259	0.99444444
0.616200	9.74444444	0.99444444
0.616300	9.76111111	0.99444444
0.616400	9.74074074	0.99444444
0.616500	9.72962963	0.99259259
0.616600	9.72592593	0.99444444
0.616700	9.72962963	0.99444444
0.616800	9.75370370	0.99444444
0.616900	9.74629630	0.99444444
0.617000	9.75370370	0.99259259
0.617100	9.74444444	0.99444444
0.617200	9.74814815	0.99444444
0.617300	9.75185185	0.99444444
0.617400	9.76481481	0.99444444
0.617500	9.75185185	0.99444444
0.617600	9.75370370	0.99444444
0.617700	9.75555556	0.99444444
0.617800	9.75370370	0.99444444
0.617900	9.73333333	0.99259259
0.618000	9.75000000	0.99444444
0.618100	9.74259259	0.99259259
0.618200	9.74629630	0.99444444
0.618300	9.74444444	0.99444444
0.618400	9.73703704	0.99444444
0.618500	9.75740741	0.99444444
0.618600	9.74629630	0.99444444
0.618700	9.74259259	0.99444444
0.618800	9.73703704	0.99259259
0.618900	9.74814815	0.99444444
0.619000	9.74074074	0.99074074
0.619100	9.75000000	0.99444444
0.619200	9.75185185	0.99444444
0.619300	9.73703704	0.99444444
0.619400	9.76111111	0.99444444
0.619500	9.75185185	0.99444444
0.619600	9.73148148	0.99259259
0.619700	9.76481481	0.99444444
0.619800	9.74074074	0.99444444
0.619900	9.74444444	0.99259259
0.620000	9.72962963	0.99444444
0.620100	9.74444444	0.99444444
0.620200	9.74259259	0.99444444
0.620300	9.74074074	0.99444444
0.620400	9.75925926	0.99259259
0.620500	9.75370370	0.99444444
0.620600	9.74259259	0.99444444
0.620700	9.74259259	0.99444444
0.620800	9.74814815	0.99444444
0.620900	9.72222222	0.99259259
0.621000	9.76296296	0.99444444
0.621100	9.75555556	0.99444444
0.621200	9.75740741	0.99444444
0.621300	9.75740741	0.99444444
0.621400	9.75555556	0.99259259
0.621500	9.75740741	0.99444444
0.621600	9.75555556	0.99444444
0.621700	9.73333333	0.99444444
0.621800	9.71296296	0.99259259
0.621900	9.75000000	0.99444444
0.622000	9.73888889	0.99444444
0.622100	9.74629630	0.99444444
0.622200	9.74444444	0.99444444
0.622300	9.75555556	0.99444444
0.622400	9.74074074	0.99444444
0.622500	9.75740741	0.99444444
0.622600	9.75185185	0.99444444
0.622700	9.74814815	0.99444444
0.622800	9.73703704	0.99444444
0.622900	9.75925926	0.99444444
0.623000	9.74259259	0.99444444
0.623100	9.73703704	0.99444444
0.623200	9.74814815	0.99444444
0.623300	9.75000000	0.99444444
0.623400	9.76296296	0.99259259
0.623500	9.74814815	0.99259259
0.623600	9.74444444	0.99444444
0.623700	9.73888889	0.99444444
0.623800	9.73703704	0.99444444
0.623900	9.73888889	0.99444444
0.624000	9.74259259	0.99259259
0.624100	9.74629630	0.99444444
0.624200	9.77407407	0.99444444
0.624300	9.75185185	0.99444444
0.624400	9.75000000	0.99444444
0.624500	9.74444444	0.99444444
0.624600	9.76851852	0.99444444
0.624700	9.76666667	0.99444444
0.624800	9.75000000	0.99259259
0.624900	9.74814815	0.99444444
0.625000	9.76296296	0.99444444
0.625100	9.75925926	0.99444444
0.625200	9.72777778	0.99444444
0.625300	9.76481481	0.99259259
0.625400	9.73148148	0.99444444
0.625500	9.73518519	0.99444444
0.625600	9.78333333	0.99444444
0.625700	9.74074074	0.99444444
0.625800	9.74814815	0.99444444
0.625900	9.73703704	0.99259259
0.626000	9.72962963	0.99259259
0.626100	9.75000000	0.99444444
0.626200	9.74259259	0.99259259
0.626300	9.75000000	0.99444444
0.626400	9.75925926	0.99444444
0.626500	9.74444444	0.99444444
0.626600	9.75740741	0.99074074
0.626700	9.74074074	0.99259259
0.626800	9.74444444	0.99444444
0.626900	9.74444444	0.99444444
0.627000	9.74259259	0.99444444
0.627100	9.75000000	0.99444444
0.627200	9.75555556	0.99444444
0.627300	9.74629630	0.99444444
0.627400	9.74629630	0.99259259
0.627500	9.74444444	0.99444444
0.627600	9.74814815	0.99444444
0.627700	9.76296296	0.99259259
0.627800	9.74629630	0.99074074
0.627900	9.75925926	0.99259259
0.628000	9.75185185	0.99444444
0.628100	9.74814815	0.99444444
0.628200	9.72962963	0.99444444
0.628300	9.76666667	0.99444444
0.628400	9.73148148	0.99444444
0.628500	9.77037037	0.99444444
0.628600	9.76111111	0.99444444
0.628700	9.76296296	0.99259259
0.628800	9.74074074	0.99259259
0.628900	9.73703704	0.99444444
0.629000	9.74629630	0.99259259
0.629100	9.74629630	0.99259259
0.629200	9.76666667	0.99259259
0.629300	9.74814815	0.99259259
0.629400	9.74814815	0.99444444
0.629500	9.75370370	0.99444444
0.629600	9.77592593	0.99259259
0.629700	9.73888889	0.99444444
0.629800	9.73888889	0.99444444
0.629900	9.74814815	0.99444444
0.630000	9.73148148	0.99444444
0.630100	9.74074074	0.99444444
0.630200	9.76111111	0.99444444
0.630300	9.73888889	0.99259259
0.630400	9.75185185	0.99444444
0.630500	9.75000000	0.99444444
0.630600	9.75000000	0.99444444
0.630700	9.72777778	0.99444444
0.630800	9.75555556	0.99444444
0.630900	9.74444444	0.99259259
0.631000	9.75370370	0.99444444
0.631100	9.75000000	0.99444444
0.631200	9.77592593	0.99259259
0.631300	9.76851852	0.99444444
0.631400	9.75370370	0.99444444
0.631500	9.75740741	0.99074074
0.631600	9.76111111	0.99444444
0.631700	9.75370370	0.99444444
0.631800	9.72777778	0.99444444
0.631900	9.74629630	0.99259259
0.632000	9.75555556	0.99444444
0.632100	9.76481481	0.99444444
0.632200	9.73333333	0.99444444
0.632300	9.76851852	0.99444444
0.632400	9.75740741	0.99444444
0.632500	9.75185185	0.99444444
0.632600	9.75000000	0.99444444
0.632700	9.76666667	0.99444444
0.632800	9.73888889	0.99259259
0.632900	9.75185185	0.99444444
0.633000	9.72592593	0.99259259
0.633100	9.77592593	0.99444444
0.633200	9.75555556	0.99074074
0.633300	9.77037037	0.99444444
0.633400	9.75925926	0.99444444
0.633500	9.75000000	0.99444444
0.633600	9.74814815	0.99444444
0.633700	9.75000000	0.99444444
0.633800	9.73703704	0.99444444
0.633900	9.74814815	0.99074074
0.634000	9.75370370	0.99259259
0.634100	9.74629630	0.99444444
0.634200	9.74074074	0.99444444
0.634300	9.75185185	0.99444444
0.634400	9.75185185	0.99444444
0.634500	9.73703704	0.99444444
0.634600	9.75555556	0.99259259
0.634700	9.75555556	0.99444444
0.634800	9.75370370	0.99444444
0.634900	9.77592593	0.99259259
0.635000	9.78148148	0.99259259
0.635100	9.77592593	0.99444444
0.635200	9.74814815	0.99444444
0.635300	9.76666667	0.99444444
0.635400	9.75185185	0.99444444
0.635500	9.75000000	0.99074074
0.635600	9.76851852	0.99444444
0.635700	9.75740741	0.99444444
0.635800	9.75370370	0.99259259
0.635900	9.77407407	0.99444444
0.636000	9.76296296	0.99259259
0.636100	9.77037037	0.99444444
0.636200	9.74444444	0.99444444
0.636300	9.74444444	0.99259259
0.636400	9.74074074	0.99444444
0.636500	9.77592593	0.99444444
0.636600	9.72222222	0.99259259
0.636700	9.75925926	0.99444444
0.636800	9.75740741	0.99259259
0.636900	9.75185185	0.99444444
0.637000	9.76851852	0.99444444
0.637100	9.75000000	0.99259259
0.637200	9.76296296	0.99444444
0.637300	9.76296296	0.99444444
0.637400	9.74259259	0.99444444
0.637500	9.77592593	0.99259259
0.637600	9.75555556	0.99444444
0.637700	9.76111111	0.99444444
0.637800	9.77407407	0.99444444
0.637900	9.76296296	0.99444444
0.638000	9.77037037	0.99444444
0.638100	9.75555556	0.99444444
0.638200	9.74444444	0.99444444
0.638300	9.77037037	0.99444444
0.638400	9.75370370	0.99259259
0.638500	9.75740741	0.99444444
0.638600	9.73703704	0.99444444
0.638700	9.75185185	0.99444444
0.638800	9.74444444	0.99444444
0.638900	9.76296296	0.99444444
0.639000	9.75555556	0.99444444
0.639100	9.74259259	0.99444444
0.639200	9.76111111	0.99444444
0.639300	9.76296296	0.99444444
0.639400	9.74444444	0.99444444
0.639500	9.76296296	0.99259259
0.639600	9.75925926	0.99444444
0.639700	9.74074074	0.99444444
0.639800	9.75925926	0.99444444
0.639900	9.74444444	0.99444444
0.640000	9.74259259	0.99444444
0.640100	9.77407407	0.99444444
0.640200	9.75000000	0.99444444
0.640300	9.76296296	0.99444444
0.640400	9.74074074	0.99444444
0.640500	9.76481481	0.99259259
0.640600	9.73518519	0.99444444
0.640700	9.74814815	0.99444444
0.640800	9.75740741	0.99444444
0.640900	9.75925926	0.99259259
0.641000	9.76481481	0.99444444
0.641100	9.74259259	0.99444444
0.641200	9.74629630	0.99444444
0.641300	9.75555556	0.99444444
0.641400	9.75925926	0.99444444
0.641500	9.74814815	0.99444444
0.641600	9.73703704	0.99444444
0.641700	9.76481481	0.99444444
0.641800	9.77407407	0.99444444
0.641900	9.74259259	0.99444444
0.642000	9.75185185	0.99444444
0.642100	9.76481481	0.99444444
0.642200	9.75740741	0.99444444
0.642300	9.75740741	0.99444444
0.642400	9.76296296	0.99444444
0.642500	9.75185185	0.99444444
0.642600	9.77222222	0.99444444
0.642700	9.74259259	0.99444444
0.642800	9.75185185	0.99444444
0.642900	9.77592593	0.99444444
0.643000	9.77592593	0.99444444
0.643100	9.73333333	0.99259259
0.643200	9.77222222	0.99444444
0.643300	9.75000000	0.99444444
0.643400	9.74259259	0.99444444
0.643500	9.77222222	0.99444444
0.643600	9.75555556	0.99444444
0.643700	9.75555556	0.99444444
0.643800	9.74259259	0.99444444
0.643900	9.75925926	0.99444444
0.644000	9.75370370	0.99259259
0.644100	9.75555556	0.99444444
0.644200	9.74629630	0.99444444
0.644300	9.76666667	0.99444444
0.644400	9.75555556	0.99444444
0.644500	9.76296296	0.99444444
0.644600	9.77037037	0.99259259
0.644700	9.73703704	0.99444444
0.644800	9.75740741	0.99444444
0.644900	9.77037037	0.99444444
0.645000	9.75185185	0.99444444
0.645100	9.76481481	0.99444444
0.645200	9.75555556	0.99444444
0.645300	9.74814815	0.99444444
0.645400	9.76111111	0.99444444
0.645500	9.76296296	0.99444444
0.645600	9.75925926	0.99444444
0.645700	9.75370370	0.99444444
0.645800	9.75555556	0.99259259
0.645900	9.75555556	0.99444444
0.646000	9.76481481	0.99444444
0.646100	9.75555556	0.99444444
0.646200	9.75925926	0.99259259
0.646300	9.75740741	0.99444444
0.646400	9.75000000	0.99259259
0.646500	9.74629630	0.99444444
0.646600	9.76666667	0.99444444
0.646700	9.77407407	0.99259259
0.646800	9.75185185	0.99444444
0.646900	9.75925926	0.99444444
0.647000	9.77777778	0.99444444
0.647100	9.76296296	0.99444444
0.647200	9.74074074	0.99444444
0.647300	9.76481481	0.99259259
0.647400	9.77962963	0.99444444
0.647500	9.76851852	0.99444444
0.647600	9.75925926	0.99444444
0.647700	9.77407407	0.99444444
0.647800	9.78148148	0.99444444
0.647900	9.75555556	0.99444444
0.648000	9.76296296	0.99444444
0.648100	9.77037037	0.99444444
0.648200	9.75185185	0.99259259
0.648300	9.75925926	0.99444444
0.648400	9.75185185	0.99444444
0.648500	9.75740741	0.99444444
0.648600	9.76666667	0.99444444
0.648700	9.76296296	0.99444444
0.648800	9.78888889	0.99444444
0.648900	9.75370370	0.99444444
0.649000	9.76481481	0.99444444
0.649100	9.78888889	0.99444444
0.649200	9.74444444	0.99444444
0.649300	9.76296296	0.99259259
0.649400	9.77777778	0.99444444
0.649500	9.76111111	0.99259259
0.649600	9.76111111	0.99444444
0.649700	9.77037037	0.99444444
0.649800	9.74629630	0.99444444
0.649900	9.73518519	0.99444444
0.650000	9.75925926	0.99444444
0.650100	9.78333333	0.99444444
0.650200	9.75000000	0.99444444
0.650300	9.75925926	0.99444444
0.650400	9.76111111	0.99259259
0.650500	9.75925926	0.99444444
0.650600	9.77037037	0.99444444
0.650700	9.77222222	0.99444444
0.650800	9.77592593	0.99444444
0.650900	9.76481481	0.99444444
0.651000	9.77037037	0.99444444
0.651100	9.74259259	0.99259259
0.651200	9.76111111	0.99444444
0.651300	9.75555556	0.99444444
0.651400	9.76666667	0.99444444
0.651500	9.75370370	0.99444444
0.651600	9.74629630	0.99444444
0.651700	9.78333333	0.99444444
0.651800	9.76851852	0.99444444
0.651900	9.75555556	0.99259259
0.652000	9.78148148	0.99444444
0.652100	9.77407407	0.99444444
0.652200	9.76666667	0.99444444
0.652300	9.75185185	0.99444444
0.652400	9.74814815	0.99444444
0.652500	9.75925926	0.99444444
0.652600	9.75370370	0.99444444
0.652700	9.76296296	0.99444444
0.652800	9.75000000	0.99444444
0.652900	9.76481481	0.99444444
0.653000	9.77407407	0.99444444
0.653100	9.75000000	0.99444444
0.653200	9.76851852	0.99444444
0.653300	9.75555556	0.99444444
0.653400	9.78703704	0.99444444
0.653500	9.74444444	0.99444444
0.653600	9.77037037	0.99444444
0.653700	9.79629630	0.99444444
0.653800	9.75370370	0.99444444
0.653900	9.76296296	0.99444444
0.654000	9.75925926	0.99444444
0.654100	9.77407407	0.99259259
0.654200	9.73703704	0.99444444
0.654300	9.75740741	0.99444444
0.654400	9.75740741	0.99444444
0.654500	9.75185185	0.99444444
0.654600	9.75925926	0.99444444
0.654700	9.76481481	0.99444444
0.654800	9.76851852	0.99444444
0.654900	9.77592593	0.99444444
0.655000	9.76481481	0.99259259
0.655100	9.77037037	0.99444444
0.655200	9.75925926	0.99444444
0.655300	9.73148148	0.99444444
0.655400	9.78703704	0.99444444
0.655500	9.78703704	0.99259259
0.655600	9.74814815	0.99259259
0.655700	9.75555556	0.99444444
0.655800	9.77777778	0.99444444
0.655900	9.76666667	0.99444444
0.656000	9.74444444	0.99444444
0.656100	9.77962963	0.99444444
0.656200	9.75555556	0.99444444
0.656300	9.75370370	0.99259259
0.656400	9.76851852	0.99444444
0.656500	9.77037037	0.99259259
0.656600	9.75185185	0.99259259
0.656700	9.75740741	0.99444444
0.656800	9.75185185	0.99444444
0.656900	9.77222222	0.99259259
0.657000	9.77037037	0.99444444
0.657100	9.76111111	0.99444444
0.657200	9.77222222	0.99444444
0.657300	9.75740741	0.99259259
0.657400	9.76111111	0.99444444
0.657500	9.77407407	0.99444444
0.657600	9.76481481	0.99444444
0.657700	9.76296296	0.99444444
0.657800	9.77222222	0.99444444
0.657900	9.79629630	0.99444444
0.658000	9.75185185	0.99444444
0.658100	9.76111111	0.99444444
0.658200	9.76111111	0.99259259
0.658300	9.75185185	0.99444444
0.658400	9.78333333	0.99444444
0.658500	9.76851852	0.99444444
0.658600	9.75000000	0.99444444
0.658700	9.78148148	0.99259259
0.658800	9.75925926	0.99444444
0.658900	9.76296296	0.99444444
0.659000	9.77037037	0.99444444
0.659100	9.75555556	0.99444444
0.659200	9.75555556	0.99444444
0.659300	9.75555556	0.99444444
0.659400	9.74814815	0.99444444
0.659500	9.77407407	0.99259259
0.659600	9.75925926	0.99259259
0.659700	9.75185185	0.99444444
0.659800	9.75555556	0.99259259
0.659900	9.77592593	0.99444444
0.660000	9.77222222	0.99259259
0.660100	9.78518519	0.99259259
0.660200	9.77962963	0.99444444
0.660300	9.75555556	0.99259259
0.660400	9.76296296	0.99444444
0.660500	9.76111111	0.99444444
0.660600	9.76296296	0.99444444
0.660700	9.76851852	0.99444444
0.660800	9.75000000	0.99444444
0.660900	9.78148148	0.99444444
0.661000	9.77222222	0.99259259
0.661100	9.75740741	0.99259259
0.661200	9.77777778	0.99444444
0.661300	9.76481481	0.99444444
0.661400	9.75925926	0.99444444
0.661500	9.77222222	0.99444444
0.661600	9.76851852	0.99444444
0.661700	9.80555556	0.99444444
0.661800	9.77037037	0.99259259
0.661900	9.75370370	0.99444444
0.662000	9.76666667	0.99444444
0.662100	9.76481481	0.99444444
0.662200	9.77407407	0.99444444
0.662300	9.78518519	0.99444444
0.662400	9.75555556	0.99444444
0.662500	9.75370370	0.99444444
0.662600	9.78888889	0.99444444
0.662700	9.74444444	0.99259259
0.662800	9.77222222	0.99444444
0.662900	9.76481481	0.99259259
0.663000	9.78518519	0.99444444
0.663100	9.76666667	0.99444444
0.663200	9.77222222	0.99259259
0.663300	9.75925926	0.99444444
0.663400	9.77407407	0.99444444
0.663500	9.79259259	0.99444444
0.663600	9.77962963	0.99444444
0.663700	9.76481481	0.99259259
0.663800	9.78333333	0.99444444
0.663900	9.76666667	0.99444444
0.664000	9.77592593	0.99444444
0.664100	9.77037037	0.99444444
0.664200	9.77777778	0.99444444
0.664300	9.76111111	0.99444444
0.664400	9.76296296	0.99444444
0.664500	9.77222222	0.99444444
0.664600	9.76481481	0.99444444
0.664700	9.75185185	0.99444444
0.664800	9.76851852	0.99259259
0.664900	9.80370370	0.99444444
0.665000	9.77037037	0.99444444
0.665100	9.77222222	0.99259259
0.665200	9.75370370	0.99444444
0.665300	9.76666667	0.99259259
0.665400	9.76481481	0.99259259
0.665500	9.77592593	0.99259259
0.665600	9.75740741	0.99444444
0.665700	9.77222222	0.99444444
0.665800	9.75555556	0.99444444
0.665900	9.77407407	0.99444444
0.666000	9.77592593	0.99444444
0.666100	9.77037037	0.99444444
0.666200	9.78333333	0.99444444
0.666300	9.77407407	0.99444444
0.666400	9.77777778	0.99444444
0.666500	9.76111111	0.99444444
0.666600	9.77222222	0.99444444
0.666700	9.75740741	0.99259259
0.666800	9.77962963	0.99444444
0.666900	9.77592593	0.99444444
0.667000	9.76296296	0.99444444
0.667100	9.77407407	0.99444444
0.667200	9.78518519	0.99259259
0.667300	9.75370370	0.99444444
0.667400	9.75370370	0.99444444
0.667500	9.76851852	0.99444444
0.667600	9.78703704	0.99444444
0.667700	9.77777778	0.99444444
0.667800	9.77962963	0.99444444
0.667900	9.75740741	0.99444444
0.668000	9.76481481	0.99259259
0.668100	9.75925926	0.99444444
0.668200	9.75740741	0.99444444
0.668300	9.78148148	0.99259259
0.668400	9.75925926	0.99444444
0.668500	9.74629630	0.99444444
0.668600	9.76851852	0.99444444
0.668700	9.78518519	0.99444444
0.668800	9.75925926	0.99444444
0.668900	9.77962963	0.99444444
0.669000	9.75740741	0.99444444
0.669100	9.75555556	0.99259259
0.669200	9.76666667	0.99444444
0.669300	9.77777778	0.99259259
0.669400	9.75925926	0.99259259
0.669500	9.76666667	0.99444444
0.669600	9.77407407	0.99259259
0.669700	9.78703704	0.99444444
0.669800	9.77407407	0.99444444
0.669900	9.77037037	0.99444444
0.670000	9.77592593	0.99259259
0.670100	9.79074074	0.99444444
0.670200	9.76481481	0.99444444
0.670300	9.77777778	0.99444444
0.670400	9.76111111	0.99074074
0.670500	9.76851852	0.99444444
0.670600	9.77407407	0.99444444
0.670700	9.77962963	0.99259259
0.670800	9.78333333	0.99444444
0.670900	9.78148148	0.99444444
0.671000	9.75925926	0.99259259
0.671100	9.76666667	0.99444444
0.671200	9.77592593	0.99259259
0.671300	9.76481481	0.99444444
0.671400	9.75185185	0.99444444
0.671500	9.76851852	0.99444444
0.671600	9.76666667	0.99444444
0.671700	9.75555556	0.99259259
0.671800	9.77777778	0.99444444
0.671900	9.76481481	0.99444444
0.672000	9.77037037	0.99259259
0.672100	9.77962963	0.99444444
0.672200	9.77037037	0.99444444
0.672300	9.76111111	0.99444444
0.672400	9.75370370	0.99444444
0.672500	9.76851852	0.99259259
0.672600	9.79814815	0.99444444
0.672700	9.77407407	0.99259259
0.672800	9.79629630	0.99444444
0.672900	9.76481481	0.99444444
0.673000	9.77407407	0.99259259
0.673100	9.76666667	0.99259259
0.673200	9.77777778	0.99444444
0.673300	9.77777778	0.99444444
0.673400	9.78148148	0.99259259
0.673500	9.76481481	0.99444444
0.673600	9.78148148	0.99259259
0.673700	9.76296296	0.99444444
0.673800	9.76666667	0.99444444
0.673900	9.78703704	0.99444444
0.674000	9.79629630	0.99444444
0.674100	9.78518519	0.99444444
0.674200	9.76296296	0.99444444
0.674300	9.76666667	0.99444444
0.674400	9.76666667	0.99444444
0.674500	9.79629630	0.99444444
0.674600	9.75740741	0.99259259
0.674700	9.76851852	0.99444444
0.674800	9.78148148	0.99444444
0.674900	9.78888889	0.99444444
0.675000	9.77777778	0.99444444
0.675100	9.78518519	0.99444444
0.675200	9.77037037	0.99444444
0.675300	9.77777778	0.99444444
0.675400	9.75370370	0.99444444
0.675500	9.76666667	0.99444444
0.675600	9.80925926	0.99444444
0.675700	9.76296296	0.99444444
0.675800	9.77592593	0.99444444
0.675900	9.76851852	0.99259259
0.676000	9.77777778	0.99444444
0.676100	9.77777778	0.99259259
0.676200	9.79074074	0.99444444
0.676300	9.78148148	0.99444444
0.676400	9.76296296	0.99444444
0.676500	9.77407407	0.99444444
0.676600	9.77777778	0.99444444
0.676700	9.78333333	0.99444444
0.676800	9.75185185	0.99444444
0.676900	9.76296296	0.99444444
0.677000	9.75370370	0.99444444
0.677100	9.76296296	0.99444444
0.677200	9.77037037	0.99444444
0.677300	9.76481481	0.99259259
0.677400	9.77777778	0.99259259
0.677500	9.75740741	0.99444444
0.677600	9.76296296	0.99259259
0.677700	9.76666667	0.99444444
0.677800	9.77592593	0.99444444
0.677900	9.77407407	0.99444444
0.678000	9.77407407	0.99444444
0.678100	9.76111111	0.99444444
0.678200	9.75555556	0.99259259
0.678300	9.77407407	0.99444444
0.678400	9.77962963	0.99444444
0.678500	9.77407407	0.99259259
0.678600	9.76851852	0.99444444
0.678700	9.74444444	0.99444444
0.678800	9.78888889	0.99444444
0.678900	9.77407407	0.99444444
0.679000	9.77777778	0.99444444
0.679100	9.76851852	0.99444444
0.679200	9.76481481	0.99444444
0.679300	9.78703704	0.99444444
0.679400	9.78703704	0.99444444
0.679500	9.78888889	0.99444444
0.679600	9.77407407	0.99444444
0.679700	9.77592593	0.99444444
0.679800	9.78148148	0.99444444
0.679900	9.77962963	0.99444444
0.680000	9.78148148	0.99444444
0.680100	9.77777778	0.99444444
0.680200	9.77037037	0.99444444
0.680300	9.77777778	0.99444444
0.680400	9.78333333	0.99444444
0.680500	9.78333333	0.99259259
0.680600	9.77592593	0.99444444
0.680700	9.76111111	0.99444444
0.680800	9.76296296	0.99444444
0.680900	9.77777778	0.99444444
0.681000	9.78148148	0.99259259
0.681100	9.77962963	0.99444444
0.681200	9.78333333	0.99444444
0.681300	9.79074074	0.99444444
0.681400	9.76851852	0.99444444
0.681500	9.77962963	0.99074074
0.681600	9.77592593	0.99444444
0.681700	9.76666667	0.99444444
0.681800	9.76481481	0.99444444
0.681900	9.79259259	0.99444444
0.682000	9.75370370	0.99444444
0.682100	9.79074074	0.99444444
0.682200	9.79814815	0.99444444
0.682300	9.76481481	0.99444444
0.682400	9.77777778	0.99444444
0.682500	9.78703704	0.99444444
0.682600	9.77222222	0.99444444
0.682700	9.78148148	0.99444444
0.682800	9.79814815	0.99444444
0.682900	9.77222222	0.99444444
0.683000	9.77777778	0.99444444
0.683100	9.77407407	0.99259259
0.683200	9.76666667	0.99444444
0.683300	9.77037037	0.99259259
0.683400	9.76481481	0.99444444
0.683500	9.78148148	0.99444444
0.683600	9.77222222	0.99444444
0.683700	9.78333333	0.99444444
0.683800	9.78888889	0.99444444
0.683900	9.76481481	0.99444444
0.684000	9.77037037	0.99444444
0.684100	9.77592593	0.99444444
0.684200	9.76851852	0.99444444
0.684300	9.78703704	0.99444444
0.684400	9.77037037	0.99259259
0.684500	9.78518519	0.99444444
0.684600	9.75740741	0.99444444
0.684700	9.78148148	0.99444444
0.684800	9.76851852	0.99444444
0.684900	9.77222222	0.99259259
0.685000	9.76851852	0.99444444
0.685100	9.79444444	0.99444444
0.685200	9.76481481	0.99259259
0.685300	9.77592593	0.99444444
0.685400	9.77037037	0.99444444
0.685500	9.77962963	0.99444444
0.685600	9.77777778	0.99444444
0.685700	9.77592593	0.99444444
0.685800	9.77962963	0.99444444
0.685900	9.76851852	0.99444444
0.686000	9.78888889	0.99444444
0.686100	9.77962963	0.99259259
0.686200	9.78703704	0.99444444
0.686300	9.78703704	0.99444444
0.686400	9.81111111	0.99444444
0.686500	9.77037037	0.99444444
0.686600	9.75925926	0.99259259
0.686700	9.78333333	0.99444444
0.686800	9.75555556	0.99259259
0.686900	9.77037037	0.99444444
0.687000	9.77222222	0.99444444
0.687100	9.76851852	0.99259259
0.687200	9.78148148	0.99444444
0.687300	9.78703704	0.99444444
0.687400	9.75740741	0.99444444
0.687500	9.76296296	0.99444444
0.687600	9.77592593	0.99444444
0.687700	9.78888889	0.99444444
0.687800	9.77962963	0.99444444
0.687900	9.77222222	0.99444444
0.688000	9.78148148	0.99444444
0.688100	9.77777778	0.99444444
0.688200	9.79074074	0.99444444
0.688300	9.76851852	0.99259259
0.688400	9.75370370	0.99444444
0.688500	9.78148148	0.99444444
0.688600	9.77222222	0.99444444
0.688700	9.78148148	0.99259259
0.688800	9.77222222	0.99444444
0.688900	9.78333333	0.99444444
0.689000	9.77222222	0.99444444
0.689100	9.75740741	0.99444444
0.689200	9.77592593	0.99444444
0.689300	9.79259259	0.99444444
0.689400	9.76481481	0.99444444
0.689500	9.77962963	0.99444444
0.689600	9.77407407	0.99444444
0.689700	9.78888889	0.99259259
0.689800	9.75740741	0.99444444
0.689900	9.77592593	0.99444444
0.690000	9.77777778	0.99444444
0.690100	9.78888889	0.99444444
0.690200	9.76111111	0.99259259
0.690300	9.80000000	0.99444444
0.690400	9.77777778	0.99444444
0.690500	9.78148148	0.99444444
0.690600	9.76666667	0.99444444
0.690700	9.77222222	0.99444444
0.690800	9.77037037	0.99444444
0.690900	9.75740741	0.99444444
0.691000	9.77037037	0.99444444
0.691100	9.78703704	0.99444444
0.691200	9.79259259	0.99444444
0.691300	9.77592593	0.99259259
0.691400	9.76111111	0.99259259
0.691500	9.78518519	0.99444444
0.691600	9.77592593	0.99444444
0.691700	9.77222222	0.99444444
0.691800	9.79074074	0.99444444
0.691900	9.78888889	0.99444444
0.692000	9.77222222	0.99444444
0.692100	9.77037037	0.99444444
0.692200	9.78703704	0.99444444
0.692300	9.78703704	0.99444444
0.692400	9.77592593	0.99444444
0.692500	9.79259259	0.99444444
0.692600	9.76666667	0.99444444
0.692700	9.76851852	0.99444444
0.692800	9.79814815	0.99444444
0.692900	9.78518519	0.99444444
0.693000	9.77592593	0.99259259
0.693100	9.76481481	0.99444444
0.693200	9.79444444	0.99444444
0.693300	9.79074074	0.99259259
0.693400	9.77037037	0.99444444
0.693500	9.77222222	0.99444444
0.693600	9.78703704	0.99444444
0.693700	9.77777778	0.99444444
0.693800	9.79629630	0.99259259
0.693900	9.78148148	0.99444444
0.694000	9.76296296	0.99444444
0.694100	9.76851852	0.99444444
0.694200	9.78518519	0.99444444
0.694300	9.79444444	0.99444444
0.694400	9.78703704	0.99444444
0.694500	9.78518519	0.99444444
0.694600	9.77037037	0.99444444
0.694700	9.78703704	0.99444444
0.694800	9.79074074	0.99444444
0.694900	9.78148148	0.99444444
0.695000	9.79814815	0.99444444
0.695100	9.80000000	0.99444444
0.695200	9.78148148	0.99444444
0.695300	9.79629630	0.99444444
0.695400	9.79814815	0.99444444
0.695500	9.77777778	0.99259259
0.695600	9.80000000	0.99444444
0.695700	9.76666667	0.99444444
0.695800	9.79074074	0.99259259
0.695900	9.78518519	0.99444444
0.696000	9.77407407	0.99444444
0.696100	9.79444444	0.99444444
0.696200	9.77407407	0.99444444
0.696300	9.77222222	0.99444444
0.696400	9.78518519	0.99444444
0.696500	9.77962963	0.99444444
0.696600	9.78518519	0.99444444
0.696700	9.76851852	0.99444444
0.696800	9.79814815	0.99259259
0.696900	9.78333333	0.99444444
0.697000	9.77222222	0.99444444
0.697100	9.78703704	0.99444444
0.697200	9.78148148	0.99259259
0.697300	9.77962963	0.99444444
0.697400	9.76851852	0.99444444
0.697500	9.78888889	0.99444444
0.697600	9.77962963	0.99444444
0.697700	9.77777778	0.99444444
0.697800	9.78148148	0.99444444
0.697900	9.77037037	0.99444444
0.698000	9.77592593	0.99444444
0.698100	9.78888889	0.99444444
0.698200	9.77777778	0.99444444
0.698300	9.77962963	0.99444444
0.698400	9.76481481	0.99444444
0.698500	9.78518519	0.99444444
0.698600	9.78518519	0.99444444
0.698700	9.78518519	0.99444444
0.698800	9.78148148	0.99444444
0.698900	9.77037037	0.99444444
0.699000	9.77777778	0.99259259
0.699100	9.78888889	0.99444444
0.699200	9.79259259	0.99444444
0.699300	9.78888889	0.99444444
0.699400	9.78148148	0.99444444
0.699500	9.79444444	0.99444444
0.699600	9.77962963	0.99444444
0.699700	9.77962963	0.99444444
0.699800	9.78518519	0.99444444
0.699900	9.77222222	0.99444444
0.700000	9.78333333	0.99444444
0.700100	9.78333333	0.99444444
0.700200	9.77592593	0.99444444
0.700300	9.79074074	0.99444444
0.700400	9.78148148	0.99444444
0.700500	9.78518519	0.99444444
0.700600	9.79259259	0.99444444
0.700700	9.77037037	0.99444444
0.700800	9.80370370	0.99444444
0.700900	9.79074074	0.99444444
0.701000	9.77962963	0.99444444
0.701100	9.79074074	0.99444444
0.701200	9.78703704	0.99444444
0.701300	9.78518519	0.99444444
0.701400	9.78148148	0.99444444
0.701500	9.77777778	0.99074074
0.701600	9.79629630	0.99259259
0.701700	9.76111111	0.99259259
0.701800	9.76851852	0.99444444
0.701900	9.79444444	0.99444444
0.702000	9.77592593	0.99444444
0.702100	9.79074074	0.99444444
0.702200	9.77777778	0.99444444
0.702300	9.77962963	0.99444444
0.702400	9.78518519	0.99444444
0.702500	9.78518519	0.99444444
0.702600	9.80925926	0.99444444
0.702700	9.77962963	0.99444444
0.702800	9.78518519	0.99444444
0.702900	9.78148148	0.99444444
0.703000	9.79074074	0.99444444
0.703100	9.76666667	0.99444444
0.703200	9.76851852	0.99259259
0.703300	9.79074074	0.99444444
0.703400	9.77962963	0.99444444
0.703500	9.79259259	0.99444444
0.703600	9.78148148	0.99444444
0.703700	9.77962963	0.99444444
0.703800	9.76851852	0.99444444
0.703900	9.79814815	0.99444444
0.704000	9.77222222	0.99444444
0.704100	9.78333333	0.99444444
0.704200	9.78888889	0.99444444
0.704300	9.77407407	0.99444444
0.704400	9.79259259	0.99259259
0.704500	9.78518519	0.99444444
0.704600	9.79259259	0.99444444
0.704700	9.79444444	0.99259259
0.704800	9.76851852	0.99259259
0.704900	9.79629630	0.99444444
0.705000	9.76666667	0.99444444
0.705100	9.78703704	0.99259259
0.705200	9.78148148	0.99259259
0.705300	9.76111111	0.99444444
0.705400	9.79444444	0.99444444
0.705500	9.78888889	0.99444444
0.705600	9.78703704	0.99444444
0.705700	9.78888889	0.99444444
0.705800	9.79259259	0.99444444
0.705900	9.79074074	0.99444444
0.706000	9.79814815	0.99444444
0.706100	9.79074074	0.99444444
0.706200	9.78518519	0.99444444
0.706300	9.77962963	0.99444444
0.706400	9.79259259	0.99444444
0.706500	9.78518519	0.99444444
0.706600	9.77407407	0.99444444
0.706700	9.80185185	0.99444444
0.706800	9.78518519	0.99444444
0.706900	9.79444444	0.99444444
0.707000	9.77037037	0.99444444
0.707100	9.78703704	0.99259259
0.707200	9.79074074	0.99444444
0.707300	9.80000000	0.99444444
0.707400	9.79444444	0.99444444
0.707500	9.78333333	0.99444444
0.707600	9.77222222	0.99444444
0.707700	9.79074074	0.99259259
0.707800	9.76481481	0.99444444
0.707900	9.77777778	0.99444444
0.708000	9.78703704	0.99444444
0.708100	9.78148148	0.99444444
0.708200	9.78518519	0.99259259
0.708300	9.78518519	0.99444444
0.708400	9.79074074	0.99444444
0.708500	9.78518519	0.99444444
0.708600	9.79074074	0.99444444
0.708700	9.77222222	0.99444444
0.708800	9.79259259	0.99444444
0.708900	9.79074074	0.99444444
0.709000	9.80000000	0.99444444
0.709100	9.77592593	0.99444444
0.709200	9.77037037	0.99444444
0.709300	9.78518519	0.99444444
0.709400	9.78518519	0.99444444
0.709500	9.79074074	0.99444444
0.709600	9.81111111	0.99444444
0.709700	9.77777778	0.99259259
0.709800	9.78518519	0.99444444
0.709900	9.77037037	0.99444444
0.710000	9.79259259	0.99444444
0.710100	9.79259259	0.99444444
0.710200	9.79814815	0.99444444
0.710300	9.77777778	0.99444444
0.710400	9.80000000	0.99444444
0.710500	9.77962963	0.99444444
0.710600	9.79629630	0.99444444
0.710700	9.77037037	0.99444444
0.710800	9.79074074	0.99444444
0.710900	9.78703704	0.99444444
0.711000	9.80925926	0.99444444
0.711100	9.78333333	0.99444444
0.711200	9.78333333	0.99444444
0.711300	9.78333333	0.99444444
0.711400	9.79259259	0.99444444
0.711500	9.79444444	0.99444444
0.711600	9.79444444	0.99444444
0.711700	9.78703704	0.99444444
0.711800	9.79259259	0.99444444
0.711900	9.78703704	0.99444444
0.712000	9.77962963	0.99259259
0.712100	9.78518519	0.99444444
0.712200	9.78703704	0.99259259
0.712300	9.79814815	0.99444444
0.712400	9.78518519	0.99444444
0.712500	9.79814815	0.99444444
0.712600	9.80000000	0.99444444
0.712700	9.78333333	0.99444444
0.712800	9.77407407	0.99259259
0.712900	9.78333333	0.99444444
0.713000	9.79629630	0.99444444
0.713100	9.79074074	0.99444444
0.713200	9.79814815	0.99444444
0.713300	9.80555556	0.99444444
0.713400	9.78703704	0.99444444
0.713500	9.79444444	0.99444444
0.713600	9.79814815	0.99444444
0.713700	9.78518519	0.99259259
0.713800	9.80000000	0.99444444
0.713900	9.77407407	0.99444444
0.714000	9.79629630	0.99444444
0.714100	9.78148148	0.99259259
0.714200	9.77962963	0.99444444
0.714300	9.77777778	0.99444444
0.714400	9.78888889	0.99444444
0.714500	9.79259259	0.99444444
0.714600	9.80185185	0.99444444
0.714700	9.80740741	0.99444444
0.714800	9.79074074	0.99259259
0.714900	9.79074074	0.99444444
0.715000	9.78518519	0.99444444
0.715100	9.78518519	0.99259259
0.715200	9.77777778	0.99444444
0.715300	9.79444444	0.99259259
0.715400	9.78333333	0.99259259
0.715500	9.79629630	0.99444444
0.715600	9.77962963	0.99259259
0.715700	9.79629630	0.99444444
0.715800	9.77407407	0.99444444
0.715900	9.79074074	0.99444444
0.716000	9.79259259	0.99444444
0.716100	9.79074074	0.99259259
0.716200	9.77777778	0.99444444
0.716300	9.80555556	0.99444444
0.716400	9.79259259	0.99444444
0.716500	9.78703704	0.99444444
0.716600	9.78333333	0.99444444
0.716700	9.78148148	0.99259259
0.716800	9.80000000	0.99259259
0.716900	9.78888889	0.99444444
0.717000	9.80555556	0.99444444
0.717100	9.80185185	0.99444444
0.717200	9.77407407	0.99259259
0.717300	9.78148148	0.99444444
0.717400	9.78518519	0.99444444
0.717500	9.77407407	0.99444444
0.717600	9.77962963	0.99444444
0.717700	9.79629630	0.99444444
0.717800	9.79259259	0.99444444
0.717900	9.80740741	0.99074074
0.718000	9.78518519	0.99444444
0.718100	9.79074074	0.99444444
0.718200	9.80000000	0.99259259
0.718300	9.79444444	0.99444444
0.718400	9.77407407	0.99444444
0.718500	9.80740741	0.99444444
0.718600	9.77962963	0.99444444
0.718700	9.80000000	0.99444444
0.718800	9.78703704	0.99444444
0.718900	9.80000000	0.99444444
0.719000	9.80000000	0.99444444
0.719100	9.77037037	0.99444444
0.719200	9.80370370	0.99444444
0.719300	9.79444444	0.99444444
0.719400	9.78888889	0.99444444
0.719500	9.80740741	0.99444444
0.719600	9.78888889	0.99444444
0.719700	9.79814815	0.99444444
0.719800	9.79259259	0.99444444
0.719900	9.77962963	0.99444444
0.720000	9.77037037	0.99259259
0.720100	9.79259259	0.99444444
0.720200	9.79629630	0.99444444
0.720300	9.79814815	0.99444444
0.720400	9.77777778	0.99444444
0.720500	9.79074074	0.99259259
0.720600	9.79629630	0.99444444
0.720700	9.77962963	0.99444444
0.720800	9.79629630	0.99259259
0.720900	9.79629630	0.99444444
0.721000	9.78518519	0.99444444
0.721100	9.78333333	0.99444444
0.721200	9.78703704	0.99444444
0.721300	9.78518519	0.99444444
0.721400	9.80185185	0.99444444
0.721500	9.79444444	0.99444444
0.721600	9.78333333	0.99444444
0.721700	9.79259259	0.99444444
0.721800	9.78333333	0.99444444
0.721900	9.78148148	0.99444444
0.722000	9.80000000	0.99259259
0.722100	9.79074074	0.99444444
0.722200	9.77592593	0.99444444
0.722300	9.77222222	0.99259259
0.722400	9.79629630	0.99444444
0.722500	9.79814815	0.99259259
0.722600	9.79629630	0.99259259
0.722700	9.79814815	0.99444444
0.722800	9.79259259	0.99444444
0.722900	9.81296296	0.99259259
0.723000	9.79259259	0.99444444
0.723100	9.78518519	0.99444444
0.723200	9.80740741	0.99444444
0.723300	9.80000000	0.99444444
0.723400	9.78888889	0.99444444
0.723500	9.79444444	0.99444444
0.723600	9.78888889	0.99444444
0.723700	9.79259259	0.99444444
0.723800	9.79629630	0.99444444
0.723900	9.78148148	0.99444444
0.724000	9.77777778	0.99444444
0.724100	9.78888889	0.99444444
0.724200	9.78703704	0.99444444
0.724300	9.78703704	0.99444444
0.724400	9.78148148	0.99444444
0.724500	9.78333333	0.99444444
0.724600	9.80925926	0.99444444
0.724700	9.79259259	0.99444444
0.724800	9.78518519	0.99259259
0.724900	9.78518519	0.99259259
0.725000	9.78518519	0.99444444
0.725100	9.79074074	0.99444444
0.725200	9.79444444	0.99444444
0.725300	9.79259259	0.99444444
0.725400	9.79444444	0.99444444
0.725500	9.79074074	0.99444444
0.725600	9.80185185	0.99444444
0.725700	9.79259259	0.99444444
0.725800	9.79074074	0.99444444
0.725900	9.80740741	0.99444444
0.726000	9.81481481	0.99444444
0.726100	9.78703704	0.99444444
0.726200	9.78518519	0.99444444
0.726300	9.79259259	0.99259259
0.726400	9.80185185	0.99444444
0.726500	9.77777778	0.99259259
0.726600	9.80740741	0.99444444
0.726700	9.76851852	0.99444444
0.726800	9.80740741	0.99259259
0.726900	9.79259259	0.99444444
0.727000	9.77407407	0.99444444
0.727100	9.78888889	0.99444444
0.727200	9.80185185	0.99444444
0.727300	9.81111111	0.99444444
0.727400	9.79444444	0.99444444
0.727500	9.78888889	0.99444444
0.727600	9.80000000	0.99444444
0.727700	9.77592593	0.99444444
0.727800	9.78148148	0.99259259
0.727900	9.78518519	0.99444444
0.728000	9.79444444	0.99444444
0.728100	9.78518519	0.99444444
0.728200	9.79444444	0.99444444
0.728300	9.78888889	0.99259259
0.728400	9.80370370	0.99444444
0.728500	9.79629630	0.99444444
0.728600	9.80370370	0.99444444
0.728700	9.78518519	0.99444444
0.728800	9.80370370	0.99444444
0.728900	9.79444444	0.99444444
0.729000	9.79074074	0.99444444
0.729100	9.80185185	0.99444444
0.729200	9.80925926	0.99444444
0.729300	9.79259259	0.99444444
0.729400	9.78888889	0.99444444
0.729500	9.78148148	0.99444444
0.729600	9.77962963	0.99259259
0.729700	9.77962963	0.99444444
0.729800	9.79444444	0.99259259
0.729900	9.79814815	0.99444444
0.730000	9.78333333	0.99444444
0.730100	9.79444444	0.99444444
0.730200	9.77222222	0.99444444
0.730300	9.79814815	0.99444444
0.730400	9.80555556	0.99444444
0.730500	9.79814815	0.99259259
0.730600	9.79259259	0.99444444
0.730700	9.79629630	0.99444444
0.730800	9.78703704	0.99444444
0.730900	9.79629630	0.99444444
0.731000	9.78703704	0.99444444
0.731100	9.79629630	0.99259259
0.731200	9.77962963	0.99444444
0.731300	9.79444444	0.99259259
0.731400	9.79444444	0.99444444
0.731500	9.79259259	0.99444444
0.731600	9.79629630	0.99259259
0.731700	9.80000000	0.99444444
0.731800	9.78518519	0.99444444
0.731900	9.80740741	0.99444444
0.732000	9.79444444	0.99444444
0.732100	9.79444444	0.99444444
0.732200	9.79814815	0.99444444
0.732300	9.78333333	0.99444444
0.732400	9.78518519	0.99444444
0.732500	9.78888889	0.99444444
0.732600	9.78333333	0.99444444
0.732700	9.79074074	0.99444444
0.732800	9.80370370	0.99444444
0.732900	9.79259259	0.99444444
0.733000	9.78703704	0.99444444
0.733100	9.80555556	0.99444444
0.733200	9.79444444	0.99444444
0.733300	9.79444444	0.99444444
0.733400	9.80000000	0.99444444
0.733500	9.79074074	0.99444444
0.733600	9.78148148	0.99444444
0.733700	9.78703704	0.99259259
0.733800	9.79814815	0.99444444
0.733900	9.79629630	0.99444444
0.734000	9.79074074	0.99444444
0.734100	9.79074074	0.99444444
0.734200	9.78703704	0.99444444
0.734300	9.77592593	0.99444444
0.734400	9.81666667	0.99444444
0.734500	9.78888889	0.99444444
0.734600	9.78888889	0.99444444
0.734700	9.78333333	0.99444444
0.734800	9.77222222	0.99444444
0.734900	9.79814815	0.99444444
0.735000	9.80740741	0.99444444
0.735100	9.78518519	0.99444444
0.735200	9.82407407	0.99444444
0.735300	9.79074074	0.99444444
0.735400	9.80740741	0.99444444
0.735500	9.80000000	0.99444444
0.735600	9.79074074	0.99444444
0.735700	9.81481481	0.99444444
0.735800	9.80370370	0.99444444
0.735900	9.80185185	0.99444444
0.736000	9.80555556	0.99259259
0.736100	9.79814815	0.99444444
0.736200	9.77592593	0.99444444
0.736300	9.78148148	0.99444444
0.736400	9.80185185	0.99259259
0.736500	9.79814815	0.99444444
0.736600	9.80925926	0.99444444
0.736700	9.79259259	0.99259259
0.736800	9.79814815	0.99444444
0.736900	9.79814815	0.99444444
0.737000	9.80925926	0.99444444
0.737100	9.80370370	0.99444444
0.737200	9.78888889	0.99444444
0.737300	9.78888889	0.99444444
0.737400	9.80925926	0.99444444
0.737500	9.80185185	0.99444444
0.737600	9.78888889	0.99259259
0.737700	9.78518519	0.99444444
0.737800	9.78703704	0.99444444
0.737900	9.80185185	0.99444444
0.738000	9.79629630	0.99444444
0.738100	9.79629630	0.99444444
0.738200	9.80925926	0.99444444
0.738300	9.79629630	0.99444444
0.738400	9.81666667	0.99444444
0.738500	9.80740741	0.99259259
0.738600	9.81666667	0.99444444
0.738700	9.80925926	0.99444444
0.738800	9.80370370	0.99444444
0.738900	9.79444444	0.99444444
0.739000	9.80185185	0.99444444
0.739100	9.80555556	0.99444444
0.739200	9.79444444	0.99444444
0.739300	9.80000000	0.99444444
0.739400	9.80185185	0.99444444
0.739500	9.79814815	0.99444444
0.739600	9.80740741	0.99444444
0.739700	9.78888889	0.99444444
0.739800	9.79074074	0.99444444
0.739900	9.80185185	0.99444444
0.740000	9.81111111	0.99444444
0.740100	9.81111111	0.99444444
0.740200	9.79074074	0.99444444
0.740300	9.79629630	0.99444444
0.740400	9.79259259	0.99444444
0.740500	9.79444444	0.99444444
0.740600	9.80185185	0.99444444
0.740700	9.79444444	0.99444444
0.740800	9.80740741	0.99444444
0.740900	9.80740741	0.99444444
0.741000	9.78518519	0.99444444
0.741100	9.79814815	0.99444444
0.741200	9.80370370	0.99444444
0.741300	9.79444444	0.99444444
0.741400	9.80185185	0.99259259
0.741500	9.78518519	0.99444444
0.741600	9.80370370	0.99444444
0.741700	9.80555556	0.99444444
0.741800	9.80370370	0.99444444
0.741900	9.79444444	0.99444444
0.742000	9.80740741	0.99444444
0.742100	9.81111111	0.99444444
0.742200	9.79444444	0.99444444
0.742300	9.78333333	0.99259259
0.742400	9.79259259	0.99444444
0.742500	9.79629630	0.99259259
0.742600	9.81851852	0.99444444
0.742700	9.79074074	0.99444444
0.742800	9.80185185	0.99444444
0.742900	9.80555556	0.99444444
0.743000	9.78888889	0.99444444
0.743100	9.79259259	0.99444444
0.743200	9.79444444	0.99444444
0.743300	9.79074074	0.99444444
0.743400	9.80370370	0.99444444
0.743500	9.80555556	0.99444444
0.743600	9.79629630	0.99444444
0.743700	9.77962963	0.99444444
0.743800	9.79629630	0.99444444
0.743900	9.79259259	0.99444444
0.744000	9.80000000	0.99444444
0.744100	9.80185185	0.99444444
0.744200	9.79444444	0.99444444
0.744300	9.80000000	0.99444444
0.744400	9.79814815	0.99444444
0.744500	9.79074074	0.99444444
0.744600	9.77407407	0.99444444
0.744700	9.79259259	0.99444444
0.744800	9.79259259	0.99444444
0.744900	9.79259259	0.99444444
0.745000	9.79814815	0.99444444
0.745100	9.81111111	0.99444444
0.745200	9.80555556	0.99444444
0.745300	9.81851852	0.99444444
0.745400	9.80185185	0.99444444
0.745500	9.80000000	0.99444444
0.745600	9.79814815	0.99444444
0.745700	9.78703704	0.99259259
0.745800	9.78148148	0.99444444
0.745900	9.79814815	0.99444444
0.746000	9.79444444	0.99444444
0.746100	9.79814815	0.99444444
0.746200	9.79444444	0.99444444
0.746300	9.80000000	0.99444444
0.746400	9.77592593	0.99444444
0.746500	9.79074074	0.99444444
0.746600	9.80370370	0.99444444
0.746700	9.81111111	0.99444444
0.746800	9.80185185	0.99444444
0.746900	9.80555556	0.99259259
0.747000	9.81666667	0.99444444
0.747100	9.81481481	0.99444444
0.747200	9.80740741	0.99444444
0.747300	9.80370370	0.99444444
0.747400	9.80555556	0.99444444
0.747500	9.79259259	0.99444444
0.747600	9.80000000	0.99444444
0.747700	9.80000000	0.99444444
0.747800	9.79259259	0.99444444
0.747900	9.80925926	0.99444444
0.748000	9.79074074	0.99444444
0.748100	9.80185185	0.99444444
0.748200	9.78703704	0.99444444
0.748300	9.80925926	0.99444444
0.748400	9.80185185	0.99444444
0.748500	9.80555556	0.99444444
0.748600	9.79814815	0.99444444
0.748700	9.80555556	0.99444444
0.748800	9.79814815	0.99444444
0.748900	9.80740741	0.99444444
0.749000	9.79814815	0.99444444
0.749100	9.79444444	0.99444444
0.749200	9.81296296	0.99444444
0.749300	9.80370370	0.99444444
0.749400	9.81666667	0.99444444
0.749500	9.80740741	0.99444444
0.749600	9.81296296	0.99444444
0.749700	9.79444444	0.99444444
0.749800	9.80925926	0.99444444
0.749900	9.79259259	0.99444444
0.750000	9.78703704	0.99259259
0.750100	9.79444444	0.99444444
0.750200	9.79814815	0.99444444
0.750300	9.80185185	0.99444444
0.750400	9.79259259	0.99444444
0.750500	9.80740741	0.99444444
0.750600	9.80555556	0.99444444
0.750700	9.80000000	0.99444444
0.750800	9.78333333	0.99444444
0.750900	9.79629630	0.99444444
0.751000	9.81296296	0.99444444
0.751100	9.80185185	0.99444444
0.751200	9.80555556	0.99444444
0.751300	9.79814815	0.99444444
0.751400	9.79814815	0.99444444
0.751500	9.81111111	0.99444444
0.751600	9.79629630	0.99444444
0.751700	9.81666667	0.99444444
0.751800	9.79814815	0.99444444
0.751900	9.80000000	0.99444444
0.752000	9.82592593	0.99444444
0.752100	9.80185185	0.99444444
0.752200	9.80000000	0.99444444
0.752300	9.78888889	0.99444444
0.752400	9.81111111	0.99444444
0.752500	9.81111111	0.99444444
0.752600	9.81481481	0.99444444
0.752700	9.80000000	0.99444444
0.752800	9.80185185	0.99444444
0.752900	9.79444444	0.99444444
0.753000	9.80000000	0.99444444
0.753100	9.81111111	0.99444444
0.753200	9.79629630	0.99444444
0.753300	9.80000000	0.99444444
0.753400	9.80000000	0.99444444
0.753500	9.80555556	0.99259259
0.753600	9.80740741	0.99444444
0.753700	9.79814815	0.99444444
0.753800	9.79814815	0.99444444
0.753900	9.80555556	0.99444444
0.754000	9.81111111	0.99444444
0.754100	9.80370370	0.99444444
0.754200	9.80740741	0.99444444
0.754300	9.81111111	0.99444444
0.754400	9.80925926	0.99444444
0.754500	9.80925926	0.99444444
0.754600	9.80185185	0.99444444
0.754700	9.78148148	0.99259259
0.754800	9.80370370	0.99444444
0.754900	9.79814815	0.99444444
0.755000	9.78333333	0.99444444
0.755100	9.79814815	0.99444444
0.755200	9.80925926	0.99444444
0.755300	9.79444444	0.99444444
0.755400	9.81111111	0.99444444
0.755500	9.79444444	0.99259259
0.755600	9.80185185	0.99444444
0.755700	9.79629630	0.99259259
0.755800	9.80740741	0.99444444
0.755900	9.79444444	0.99259259
0.756000	9.81481481	0.99444444
0.756100	9.81111111	0.99444444
0.756200	9.80370370	0.99444444
0.756300	9.79629630	0.99444444
0.756400	9.79629630	0.99444444
0.756500	9.78888889	0.99444444
0.756600	9.79444444	0.99444444
0.756700	9.80370370	0.99259259
0.756800	9.79259259	0.99259259
0.756900	9.80185185	0.99259259
0.757000	9.80555556	0.99444444
0.757100	9.79074074	0.99444444
0.757200	9.81851852	0.99444444
0.757300	9.80185185	0.99444444
0.757400	9.80740741	0.99444444
0.757500	9.79074074	0.99444444
0.757600	9.81481481	0.99444444
0.757700	9.80185185	0.99444444
0.757800	9.80000000	0.99444444
0.757900	9.80185185	0.99444444
0.758000	9.80370370	0.99444444
0.758100	9.79444444	0.99444444
0.758200	9.80000000	0.99259259
0.758300	9.80555556	0.99444444
0.758400	9.79074074	0.99444444
0.758500	9.80000000	0.99444444
0.758600	9.80925926	0.99444444
0.758700	9.81296296	0.99444444
0.758800	9.79814815	0.99444444
0.758900	9.80370370	0.99444444
0.759000	9.79444444	0.99444444
0.759100	9.80185185	0.99444444
0.759200	9.79629630	0.99444444
0.759300	9.80185185	0.99444444
0.759400	9.80185185	0.99444444
0.759500	9.80370370	0.99444444
0.759600	9.79814815	0.99444444
0.759700	9.80925926	0.99444444
0.759800	9.80000000	0.99444444
0.759900	9.81111111	0.99444444
0.760000	9.79629630	0.99444444
0.760100	9.78888889	0.99444444
0.760200	9.80740741	0.99444444
0.760300	9.80740741	0.99259259
0.760400	9.80370370	0.99444444
0.760500	9.78703704	0.99444444
0.760600	9.80000000	0.99444444
0.760700	9.80740741	0.99444444
0.760800	9.80000000	0.99444444
0.760900	9.80740741	0.99444444
0.761000	9.80000000	0.99444444
0.761100	9.80555556	0.99444444
0.761200	9.80740741	0.99444444
0.761300	9.78518519	0.99444444
0.761400	9.79814815	0.99444444
0.761500	9.81851852	0.99444444
0.761600	9.80740741	0.99444444
0.761700	9.78888889	0.99444444
0.761800	9.81296296	0.99444444
0.761900	9.80370370	0.99444444
0.762000	9.79259259	0.99444444
0.762100	9.79629630	0.99444444
0.762200	9.80000000	0.99444444
0.762300	9.80185185	0.99444444
0.762400	9.80555556	0.99444444
0.762500	9.80185185	0.99444444
0.762600	9.80185185	0.99444444
0.762700	9.80185185	0.99444444
0.762800	9.81666667	0.99444444
0.762900	9.80555556	0.99444444
0.763000	9.80000000	0.99444444
0.763100	9.79444444	0.99444444
0.763200	9.80370370	0.99444444
0.763300	9.79814815	0.99444444
0.763400	9.80185185	0.99444444
0.763500	9.80370370	0.99444444
0.763600	9.80555556	0.99259259
0.763700	9.77777778	0.99444444
0.763800	9.80925926	0.99444444
0.763900	9.80185185	0.99444444
0.764000	9.80925926	0.99444444
0.764100	9.79444444	0.99444444
0.764200	9.80925926	0.99444444
0.764300	9.80185185	0.99444444
0.764400	9.79629630	0.99444444
0.764500	9.80370370	0.99444444
0.764600	9.79444444	0.99444444
0.764700	9.78888889	0.99444444
0.764800	9.80185185	0.99444444
0.764900	9.78888889	0.99444444
0.765000	9.80740741	0.99444444
0.765100	9.80185185	0.99444444
0.765200	9.80370370	0.99444444
0.765300	9.80925926	0.99444444
0.765400	9.80740741	0.99444444
0.765500	9.79444444	0.99444444
0.765600	9.79629630	0.99444444
0.765700	9.80000000	0.99444444
0.765800	9.81111111	0.99444444
0.765900	9.82037037	0.99444444
0.766000	9.80185185	0.99444444
0.766100	9.79814815	0.99444444
0.766200	9.80370370	0.99444444
0.766300	9.80000000	0.99444444
0.766400	9.81111111	0.99444444
0.766500	9.81666667	0.99444444
0.766600	9.79074074	0.99444444
0.766700	9.80740741	0.99444444
0.766800	9.80370370	0.99444444
0.766900	9.80000000	0.99444444
0.767000	9.80555556	0.99444444
0.767100	9.80740741	0.99444444
0.767200	9.81666667	0.99444444
0.767300	9.79814815	0.99444444
0.767400	9.80925926	0.99444444
0.767500	9.80185185	0.99444444
0.767600	9.78148148	0.99444444
0.767700	9.80000000	0.99444444
0.767800	9.81296296	0.99444444
0.767900	9.81851852	0.99444444
0.768000	9.80370370	0.99444444
0.768100	9.80740741	0.99444444
0.768200	9.81481481	0.99444444
0.768300	9.79259259	0.99444444
0.768400	9.81296296	0.99444444
0.768500	9.81481481	0.99444444
0.768600	9.79444444	0.99444444
0.768700	9.81481481	0.99259259
0.768800	9.81111111	0.99444444
0.768900	9.79814815	0.99444444
0.769000	9.80185185	0.99259259
0.769100	9.78888889	0.99444444
0.769200	9.81111111	0.99444444
0.769300	9.78703704	0.99444444
0.769400	9.80000000	0.99444444
0.769500	9.80000000	0.99444444
0.769600	9.81111111	0.99444444
0.769700	9.79444444	0.99444444
0.769800	9.80740741	0.99444444
0.769900	9.79814815	0.99444444
0.770000	9.81111111	0.99444444
0.770100	9.78518519	0.99444444
0.770200	9.80000000	0.99444444
0.770300	9.80925926	0.99444444
0.770400	9.81481481	0.99444444
0.770500	9.80000000	0.99444444
0.770600	9.80740741	0.99444444
0.770700	9.80555556	0.99444444
0.770800	9.80370370	0.99444444
0.770900	9.81296296	0.99444444
0.771000	9.78518519	0.99259259
0.771100	9.79629630	0.99444444
0.771200	9.79629630	0.99444444
0.771300	9.79444444	0.99444444
0.771400	9.81481481	0.99444444
0.771500	9.77962963	0.99444444
0.771600	9.82037037	0.99444444
0.771700	9.80185185	0.99444444
0.771800	9.79259259	0.99259259
0.771900	9.79814815	0.99444444
0.772000	9.79629630	0.99444444
0.772100	9.81481481	0.99444444
0.772200	9.80740741	0.99444444
0.772300	9.81481481	0.99444444
0.772400	9.81481481	0.99444444
0.772500	9.80740741	0.99444444
0.772600	9.81666667	0.99444444
0.772700	9.81851852	0.99444444
0.772800	9.79444444	0.99444444
0.772900	9.80000000	0.99444444
0.773000	9.79074074	0.99444444
0.773100	9.79814815	0.99444444
0.773200	9.80370370	0.99444444
0.773300	9.82592593	0.99444444
0.773400	9.81111111	0.99444444
0.773500	9.81296296	0.99444444
0.773600	9.80555556	0.99444444
0.773700	9.81481481	0.99444444
0.773800	9.80740741	0.99444444
0.773900	9.79444444	0.99444444
0.774000	9.82777778	0.99444444
0.774100	9.81296296	0.99444444
0.774200	9.80740741	0.99259259
0.774300	9.80740741	0.99444444
0.774400	9.82222222	0.99444444
0.774500	9.80370370	0.99444444
0.774600	9.81481481	0.99444444
0.774700	9.79629630	0.99444444
0.774800	9.81481481	0.99444444
0.774900	9.80925926	0.99259259
0.775000	9.80555556	0.99444444
0.775100	9.80555556	0.99444444
0.775200	9.81296296	0.99444444
0.775300	9.79814815	0.99444444
0.775400	9.80925926	0.99444444
0.775500	9.80555556	0.99444444
0.775600	9.82592593	0.99444444
0.775700	9.79259259	0.99444444
0.775800	9.80740741	0.99444444
0.775900	9.79444444	0.99444444
0.776000	9.80740741	0.99444444
0.776100	9.80370370	0.99444444
0.776200	9.80555556	0.99259259
0.776300	9.80370370	0.99444444
0.776400	9.81296296	0.99444444
0.776500	9.81296296	0.99444444
0.776600	9.80370370	0.99444444
0.776700	9.82222222	0.99444444
0.776800	9.80000000	0.99444444
0.776900	9.81296296	0.99444444
0.777000	9.81481481	0.99444444
0.777100	9.81481481	0.99444444
0.777200	9.80925926	0.99444444
0.777300	9.81296296	0.99444444
0.777400	9.80925926	0.99259259
0.777500	9.80740741	0.99444444
0.777600	9.82592593	0.99444444
0.777700	9.80925926	0.99444444
0.777800	9.80925926	0.99444444
0.777900	9.81666667	0.99444444
0.778000	9.81481481	0.99444444
0.778100	9.80740741	0.99444444
0.778200	9.82777778	0.99444444
0.778300	9.82222222	0.99444444
0.778400	9.79814815	0.99444444
0.778500	9.80555556	0.99444444
0.778600	9.79814815	0.99444444
0.778700	9.80925926	0.99444444
0.778800	9.80740741	0.99444444
0.778900	9.81111111	0.99444444
0.779000	9.81851852	0.99444444
0.779100	9.80555556	0.99444444
0.779200	9.80740741	0.99444444
0.779300	9.81851852	0.99444444
0.779400	9.80370370	0.99444444
0.779500	9.80925926	0.99444444
0.779600	9.80000000	0.99444444
0.779700	9.80925926	0.99444444
0.779800	9.80925926	0.99444444
0.779900	9.81296296	0.99259259
0.780000	9.81666667	0.99444444
0.780100	9.80185185	0.99444444
0.780200	9.80000000	0.99444444
0.780300	9.81666667	0.99444444
0.780400	9.81481481	0.99444444
0.780500	9.81666667	0.99444444
0.780600	9.80370370	0.99444444
0.780700	9.81666667	0.99444444
0.780800	9.81481481	0.99444444
0.780900	9.80925926	0.99259259
0.781000	9.81481481	0.99444444
0.781100	9.81296296	0.99444444
0.781200	9.81296296	0.99444444
0.781300	9.79259259	0.99444444
0.781400	9.81851852	0.99444444
0.781500	9.81481481	0.99444444
0.781600	9.80925926	0.99444444
0.781700	9.79444444	0.99444444
0.781800	9.81666667	0.99444444
0.781900	9.81851852	0.99444444
0.782000	9.79814815	0.99444444
0.782100	9.79629630	0.99444444
0.782200	9.81666667	0.99444444
0.782300	9.80185185	0.99444444
0.782400	9.80925926	0.99444444
0.782500	9.80925926	0.99259259
0.782600	9.82592593	0.99444444
0.782700	9.80000000	0.99444444
0.782800	9.81851852	0.99444444
0.782900	9.80925926	0.99444444
0.783000	9.82037037	0.99444444
0.783100	9.81296296	0.99444444
0.783200	9.80370370	0.99444444
0.783300	9.80925926	0.99444444
0.783400	9.81296296	0.99444444
0.783500	9.81851852	0.99444444
0.783600	9.80185185	0.99444444
0.783700	9.80925926	0.99444444
0.783800	9.81481481	0.99444444
0.783900	9.81296296	0.99444444
0.784000	9.79074074	0.99444444
0.784100	9.80370370	0.99444444
0.784200	9.80370370	0.99444444
0.784300	9.80555556	0.99259259
0.784400	9.80925926	0.99444444
0.784500	9.80555556	0.99444444
0.784600	9.81111111	0.99444444
0.784700	9.81296296	0.99444444
0.784800	9.80000000	0.99444444
0.784900	9.82407407	0.99444444
0.785000	9.79444444	0.99444444
0.785100	9.80555556	0.99444444
0.785200	9.81481481	0.99444444
0.785300	9.81111111	0.99444444
0.785400	9.80555556	0.99444444
0.785500	9.81851852	0.99444444
0.785600	9.80555556	0.99444444
0.785700	9.81111111	0.99444444
0.785800	9.81481481	0.99259259
0.785900	9.81296296	0.99444444
0.786000	9.82037037	0.99444444
0.786100	9.81296296	0.99444444
0.786200	9.82037037	0.99444444
0.786300	9.80555556	0.99444444
0.786400	9.81111111	0.99444444
0.786500	9.79074074	0.99444444
0.786600	9.79259259	0.99259259
0.786700	9.81111111	0.99444444
0.786800	9.80370370	0.99444444
0.786900	9.79814815	0.99444444
0.787000	9.80925926	0.99444444
0.787100	9.81666667	0.99444444
0.787200	9.80925926	0.99444444
0.787300	9.80370370	0.99444444
0.787400	9.81666667	0.99444444
0.787500	9.82592593	0.99444444
0.787600	9.81481481	0.99444444
0.787700	9.80555556	0.99444444
0.787800	9.80370370	0.99444444
0.787900	9.80555556	0.99444444
0.788000	9.81296296	0.99444444
0.788100	9.81296296	0.99444444
0.788200	9.80925926	0.99444444
0.788300	9.82222222	0.99444444
0.788400	9.81851852	0.99259259
0.788500	9.82407407	0.99444444
0.788600	9.79814815	0.99444444
0.788700	9.80000000	0.99444444
0.788800	9.81851852	0.99444444
0.788900	9.81481481	0.99444444
0.789000	9.82407407	0.99444444
0.789100	9.80925926	0.99444444
0.789200	9.81666667	0.99444444
0.789300	9.81296296	0.99444444
0.789400	9.82407407	0.99444444
0.789500	9.79259259	0.99444444
0.789600	9.81481481	0.99444444
0.789700	9.81666667	0.99444444
0.789800	9.81296296	0.99444444
0.789900	9.81851852	0.99444444
0.790000	9.80740741	0.99444444
0.790100	9.81296296	0.99444444
0.790200	9.81851852	0.99444444
0.790300	9.82222222	0.99444444
0.790400	9.81666667	0.99444444
0.790500	9.81481481	0.99444444
0.790600	9.82962963	0.99444444
0.790700	9.80555556	0.99444444
0.790800	9.81851852	0.99444444
0.790900	9.81296296	0.99444444
0.791000	9.80370370	0.99444444
0.791100	9.82222222	0.99444444
0.791200	9.82222222	0.99444444
0.791300	9.82777778	0.99444444
0.791400	9.80185185	0.99259259
0.791500	9.81481481	0.99444444
0.791600	9.81111111	0.99444444
0.791700	9.80925926	0.99444444
0.791800	9.81666667	0.99444444
0.791900	9.80740741	0.99444444
0.792000	9.82222222	0.99444444
0.792100	9.81666667	0.99444444
0.792200	9.81296296	0.99444444
0.792300	9.80370370	0.99259259
0.792400	9.82037037	0.99444444
0.792500	9.80555556	0.99444444
0.792600	9.82037037	0.99259259
0.792700	9.81296296	0.99444444
0.792800	9.81481481	0.99444444
0.792900	9.80740741	0.99444444
0.793000	9.81111111	0.99444444
0.793100	9.82407407	0.99444444
0.793200	9.80370370	0.99444444
0.793300	9.80740741	0.99444444
0.793400	9.82407407	0.99444444
0.793500	9.80370370	0.99259259
0.793600	9.81666667	0.99444444
0.793700	9.81666667	0.99444444
0.793800	9.82037037	0.99444444
0.793900	9.82592593	0.99444444
0.794000	9.80555556	0.99444444
0.794100	9.81851852	0.99444444
0.794200	9.81851852	0.99444444
0.794300	9.81111111	0.99444444
0.794400	9.81296296	0.99444444
0.794500	9.80925926	0.99444444
0.794600	9.80925926	0.99444444
0.794700	9.81666667	0.99444444
0.794800	9.81666667	0.99444444
0.794900	9.81296296	0.99444444
0.795000	9.82592593	0.99444444
0.795100	9.82592593	0.99444444
0.795200	9.82037037	0.99444444
0.795300	9.80555556	0.99444444
0.795400	9.82407407	0.99444444
0.795500	9.81296296	0.99444444
0.795600	9.82592593	0.99444444
0.795700	9.81296296	0.99444444
0.795800	9.80555556	0.99444444
0.795900	9.81481481	0.99444444
0.796000	9.81111111	0.99259259
0.796100	9.80925926	0.99444444
0.796200	9.81666667	0.99444444
0.796300	9.80370370	0.99259259
0.796400	9.82222222	0.99444444
0.796500	9.81851852	0.99444444
0.796600	9.82407407	0.99444444
0.796700	9.80740741	0.99444444
0.796800	9.82222222	0.99444444
0.796900	9.82222222	0.99444444
0.797000	9.82777778	0.99444444
0.797100	9.80185185	0.99444444
0.797200	9.81111111	0.99444444
0.797300	9.81296296	0.99444444
0.797400	9.81296296	0.99444444
0.797500	9.82777778	0.99444444
0.797600	9.80555556	0.99444444
0.797700	9.81851852	0.99444444
0.797800	9.81296296	0.99444444
0.797900	9.81481481	0.99444444
0.798000	9.82222222	0.99444444
0.798100	9.82037037	0.99444444
0.798200	9.79814815	0.99444444
0.798300	9.80555556	0.99444444
0.798400	9.82037037	0.99444444
0.798500	9.81111111	0.99444444
0.798600	9.82037037	0.99444444
0.798700	9.81296296	0.99444444
0.798800	9.81111111	0.99444444
0.798900	9.80925926	0.99444444
0.799000	9.80740741	0.99444444
0.799100	9.80740741	0.99444444
0.799200	9.81851852	0.99444444
0.799300	9.81666667	0.99444444
0.799400	9.81296296	0.99444444
0.799500	9.81111111	0.99444444
0.799600	9.80555556	0.99444444
0.799700	9.82777778	0.99444444
0.799800	9.82962963	0.99444444
0.799900	9.82037037	0.99444444
0.800000	9.81851852	0.99444444
0.800100	9.81666667	0.99444444
0.800200	9.81666667	0.99444444
0.800300	9.82407407	0.99444444
0.800400	9.81481481	0.99444444
0.800500	9.81666667	0.99444444
0.800600	9.81296296	0.99444444
0.800700	9.82037037	0.99444444
0.800800	9.81111111	0.99444444
0.800900	9.80740741	0.99444444
0.801000	9.81111111	0.99444444
0.801100	9.80370370	0.99444444
0.801200	9.79259259	0.99444444
0.801300	9.81481481	0.99259259
0.801400	9.80925926	0.99444444
0.801500	9.81851852	0.99444444
0.801600	9.82037037	0.99444444
0.801700	9.82592593	0.99444444
0.801800	9.80925926	0.99444444
0.801900	9.81666667	0.99444444
0.802000	9.81851852	0.99444444
0.802100	9.80740741	0.99444444
0.802200	9.80555556	0.99444444
0.802300	9.81481481	0.99444444
0.802400	9.81296296	0.99444444
0.802500	9.81296296	0.99444444
0.802600	9.80740741	0.99444444
0.802700	9.81296296	0.99444444
0.802800	9.82222222	0.99444444
0.802900	9.81481481	0.99444444
0.803000	9.81481481	0.99444444
0.803100	9.81111111	0.99444444
0.803200	9.81851852	0.99444444
0.803300	9.81666667	0.99444444
0.803400	9.81296296	0.99444444
0.803500	9.82592593	0.99444444
0.803600	9.83148148	0.99259259
0.803700	9.81851852	0.99444444
0.803800	9.82407407	0.99444444
0.803900	9.80370370	0.99444444
0.804000	9.81851852	0.99444444
0.804100	9.80740741	0.99444444
0.804200	9.79814815	0.99444444
0.804300	9.82962963	0.99444444
0.804400	9.81111111	0.99444444
0.804500	9.82037037	0.99444444
0.804600	9.80555556	0.99444444
0.804700	9.82037037	0.99444444
0.804800	9.81296296	0.99444444
0.804900	9.80740741	0.99444444
0.805000	9.81296296	0.99444444
0.805100	9.82222222	0.99444444
0.805200	9.82037037	0.99444444
0.805300	9.81851852	0.99444444
0.805400	9.81481481	0.99444444
0.805500	9.81481481	0.99444444
0.805600	9.82407407	0.99444444
0.805700	9.81111111	0.99444444
0.805800	9.81851852	0.99444444
0.805900	9.80185185	0.99444444
0.806000	9.81666667	0.99444444
0.806100	9.82592593	0.99444444
0.806200	9.81666667	0.99444444
0.806300	9.82037037	0.99444444
0.806400	9.82407407	0.99444444
0.806500	9.82407407	0.99444444
0.806600	9.81851852	0.99444444
0.806700	9.81111111	0.99444444
0.806800	9.80740741	0.99444444
0.806900	9.81851852	0.99444444
0.807000	9.80740741	0.99444444
0.807100	9.80740741	0.99444444
0.807200	9.82037037	0.99444444
0.807300	9.81851852	0.99444444
0.807400	9.81111111	0.99259259
0.807500	9.80555556	0.99444444
0.807600	9.82962963	0.99444444
0.807700	9.81851852	0.99444444
0.807800	9.81296296	0.99444444
0.807900	9.82222222	0.99444444
0.808000	9.81296296	0.99444444
0.808100	9.82407407	0.99444444
0.808200	9.81111111	0.99444444
0.808300	9.81111111	0.99444444
0.808400	9.81296296	0.99444444
0.808500	9.82407407	0.99444444
0.808600	9.84074074	0.99444444
0.808700	9.81851852	0.99444444
0.808800	9.81666667	0.99444444
0.808900	9.81666667	0.99444444
0.809000	9.82592593	0.99444444
0.809100	9.82407407	0.99444444
0.809200	9.81851852	0.99444444
0.809300	9.80370370	0.99444444
0.809400	9.81851852	0.99444444
0.809500	9.82037037	0.99444444
0.809600	9.80555556	0.99444444
0.809700	9.81851852	0.99444444
0.809800	9.82407407	0.99444444
0.809900	9.82592593	0.99444444
0.810000	9.82592593	0.99444444
0.810100	9.81666667	0.99444444
0.810200	9.81481481	0.99444444
0.810300	9.83518519	0.99444444
0.810400	9.82592593	0.99444444
0.810500	9.80740741	0.99444444
0.810600	9.82222222	0.99444444
0.810700	9.83333333	0.99444444
0.810800	9.81481481	0.99444444
0.810900	9.82037037	0.99444444
0.811000	9.81296296	0.99444444
0.811100	9.82407407	0.99444444
0.811200	9.82222222	0.99444444
0.811300	9.81851852	0.99444444
0.811400	9.81111111	0.99444444
0.811500	9.80000000	0.99259259
0.811600	9.80740741	0.99444444
0.811700	9.80555556	0.99444444
0.811800	9.82037037	0.99444444
0.811900	9.82407407	0.99444444
0.812000	9.82407407	0.99444444
0.812100	9.82592593	0.99444444
0.812200	9.81481481	0.99444444
0.812300	9.81481481	0.99444444
0.812400	9.81481481	0.99444444
0.812500	9.82407407	0.99444444
0.812600	9.81296296	0.99444444
0.812700	9.81296296	0.99444444
0.812800	9.81666667	0.99444444
0.812900	9.81111111	0.99444444
0.813000	9.81851852	0.99444444
0.813100	9.82037037	0.99444444
0.813200	9.81481481	0.99444444
0.813300	9.82592593	0.99444444
0.813400	9.82037037	0.99444444
0.813500	9.82962963	0.99444444
0.813600	9.81666667	0.99444444
0.813700	9.81851852	0.99444444
0.813800	9.82222222	0.99444444
0.813900	9.81111111	0.99444444
0.814000	9.80925926	0.99444444
0.814100	9.80925926	0.99444444
0.814200	9.81111111	0.99444444
0.814300	9.82777778	0.99444444
0.814400	9.82592593	0.99444444
0.814500	9.81481481	0.99444444
0.814600	9.82407407	0.99444444
0.814700	9.82037037	0.99444444
0.814800	9.82222222	0.99444444
0.814900	9.83333333	0.99444444
0.815000	9.81296296	0.99444444
0.815100	9.83703704	0.99444444
0.815200	9.80925926	0.99444444
0.815300	9.80925926	0.99444444
0.815400	9.82962963	0.99444444
0.815500	9.82407407	0.99444444
0.815600	9.81481481	0.99259259
0.815700	9.81296296	0.99444444
0.815800	9.81851852	0.99444444
0.815900	9.83888889	0.99444444
0.816000	9.82037037	0.99444444
0.816100	9.81666667	0.99444444
0.816200	9.81481481	0.99444444
0.816300	9.81111111	0.99444444
0.816400	9.82962963	0.99444444
0.816500	9.80370370	0.99444444
0.816600	9.81481481	0.99259259
0.816700	9.82037037	0.99444444
0.816800	9.81111111	0.99444444
0.816900	9.81296296	0.99444444
0.817000	9.82407407	0.99444444
0.817100	9.82222222	0.99259259
0.817200	9.82222222	0.99444444
0.817300	9.81851852	0.99444444
0.817400	9.82037037	0.99444444
0.817500	9.81111111	0.99444444
0.817600	9.80185185	0.99444444
0.817700	9.81666667	0.99444444
0.817800	9.81851852	0.99444444
0.817900	9.82037037	0.99444444
0.818000	9.80555556	0.99444444
0.818100	9.80740741	0.99444444
0.818200	9.82407407	0.99444444
0.818300	9.80925926	0.99444444
0.818400	9.82777778	0.99444444
0.818500	9.81666667	0.99259259
0.818600	9.82407407	0.99444444
0.818700	9.82777778	0.99444444
0.818800	9.81481481	0.99444444
0.818900	9.81851852	0.99444444
0.819000	9.83148148	0.99444444
0.819100	9.83148148	0.99444444
0.819200	9.81666667	0.99444444
0.819300	9.81296296	0.99444444
0.819400	9.81296296	0.99444444
0.819500	9.82962963	0.99444444
0.819600	9.82037037	0.99444444
0.819700	9.81111111	0.99259259
0.819800	9.81296296	0.99444444
0.819900	9.82037037	0.99444444
0.820000	9.82407407	0.99444444
0.820100	9.82962963	0.99444444
0.820200	9.82962963	0.99444444
0.820300	9.81296296	0.99444444
0.820400	9.83148148	0.99259259
0.820500	9.81666667	0.99444444
0.820600	9.81851852	0.99444444
0.820700	9.80925926	0.99259259
0.820800	9.82592593	0.99444444
0.820900	9.82407407	0.99444444
0.821000	9.82037037	0.99444444
0.821100	9.80370370	0.99444444
0.821200	9.83148148	0.99444444
0.821300	9.82962963	0.99444444
0.821400	9.81111111	0.99444444
0.821500	9.82037037	0.99444444
0.821600	9.81666667	0.99444444
0.821700	9.81666667	0.99444444
0.821800	9.81851852	0.99444444
0.821900	9.81666667	0.99259259
0.822000	9.82037037	0.99444444
0.822100	9.82962963	0.99444444
0.822200	9.82777778	0.99444444
0.822300	9.83148148	0.99444444
0.822400	9.81481481	0.99444444
0.822500	9.82407407	0.99444444
0.822600	9.82962963	0.99444444
0.822700	9.81851852	0.99259259
0.822800	9.82037037	0.99444444
0.822900	9.81851852	0.99444444
0.823000	9.82222222	0.99444444
0.823100	9.81111111	0.99444444
0.823200	9.81111111	0.99444444
0.823300	9.82592593	0.99444444
0.823400	9.81481481	0.99444444
0.823500	9.82777778	0.99444444
0.823600	9.82592593	0.99444444
0.823700	9.82037037	0.99444444
0.823800	9.80925926	0.99444444
0.823900	9.81666667	0.99444444
0.824000	9.82777778	0.99444444
0.824100	9.81851852	0.99444444
0.824200	9.82592593	0.99444444
0.824300	9.81296296	0.99444444
0.824400	9.81111111	0.99444444
0.824500	9.81851852	0.99444444
0.824600	9.82777778	0.99444444
0.824700	9.82777778	0.99259259
0.824800	9.81666667	0.99259259
0.824900	9.82777778	0.99444444
0.825000	9.81666667	0.99444444
0.825100	9.82777778	0.99444444
0.825200	9.82592593	0.99444444
0.825300	9.82037037	0.99444444
0.825400	9.81481481	0.99444444
0.825500	9.82222222	0.99444444
0.825600	9.82222222	0.99444444
0.825700	9.82222222	0.99444444
0.825800	9.81481481	0.99444444
0.825900	9.81666667	0.99444444
0.826000	9.84074074	0.99444444
0.826100	9.81481481	0.99444444
0.826200	9.82592593	0.99444444
0.826300	9.82962963	0.99444444
0.826400	9.81851852	0.99444444
0.826500	9.84444444	0.99444444
0.826600	9.82037037	0.99259259
0.826700	9.81296296	0.99444444
0.826800	9.82777778	0.99444444
0.826900	9.81851852	0.99444444
0.827000	9.80740741	0.99444444
0.827100	9.82777778	0.99444444
0.827200	9.82222222	0.99444444
0.827300	9.82037037	0.99444444
0.827400	9.82407407	0.99444444
0.827500	9.80740741	0.99444444
0.827600	9.81666667	0.99444444
0.827700	9.81666667	0.99444444
0.827800	9.81666667	0.99444444
0.827900	9.82407407	0.99444444
0.828000	9.81666667	0.99444444
0.828100	9.82037037	0.99444444
0.828200	9.81666667	0.99444444
0.828300	9.81666667	0.99444444
0.828400	9.82962963	0.99444444
0.828500	9.82592593	0.99444444
0.828600	9.81851852	0.99444444
0.828700	9.82037037	0.99444444
0.828800	9.81296296	0.99444444
0.828900	9.81851852	0.99444444
0.829000	9.82407407	0.99444444
0.829100	9.82407407	0.99444444
0.829200	9.82592593	0.99444444
0.829300	9.81666667	0.99444444
0.829400	9.81481481	0.99444444
0.829500	9.81481481	0.99444444
0.829600	9.83518519	0.99444444
0.829700	9.82592593	0.99444444
0.829800	9.82037037	0.99444444
0.829900	9.81296296	0.99444444
0.830000	9.81111111	0.99444444
0.830100	9.81481481	0.99444444
0.830200	9.81296296	0.99444444
0.830300	9.82222222	0.99444444
0.830400	9.82777778	0.99444444
0.830500	9.82407407	0.99444444
0.830600	9.82407407	0.99444444
0.830700	9.82037037	0.99444444
0.830800	9.81851852	0.99444444
0.830900	9.83148148	0.99444444
0.831000	9.81851852	0.99444444
0.831100	9.80740741	0.99444444
0.831200	9.83703704	0.99444444
0.831300	9.82592593	0.99444444
0.831400	9.82407407	0.99444444
0.831500	9.83148148	0.99444444
0.831600	9.82037037	0.99444444
0.831700	9.82777778	0.99444444
0.831800	9.82592593	0.99444444
0.831900	9.82592593	0.99444444
0.832000	9.82777778	0.99444444
0.832100	9.82407407	0.99444444
0.832200	9.82592593	0.99444444
0.832300	9.83333333	0.99444444
0.832400	9.82777778	0.99444444
0.832500	9.82407407	0.99444444
0.832600	9.82962963	0.99444444
0.832700	9.82037037	0.99444444
0.832800	9.82407407	0.99444444
0.832900	9.83703704	0.99444444
0.833000	9.82037037	0.99444444
0.833100	9.82592593	0.99444444
0.833200	9.82592593	0.99444444
0.833300	9.81666667	0.99444444
0.833400	9.83148148	0.99444444
0.833500	9.82777778	0.99444444
0.833600	9.83148148	0.99444444
0.833700	9.82592593	0.99444444
0.833800	9.84259259	0.99444444
0.833900	9.82037037	0.99444444
0.834000	9.82037037	0.99259259
0.834100	9.83518519	0.99444444
0.834200	9.83888889	0.99444444
0.834300	9.82222222	0.99444444
0.834400	9.83703704	0.99444444
0.834500	9.82222222	0.99444444
0.834600	9.82592593	0.99444444
0.834700	9.82592593	0.99444444
0.834800	9.82962963	0.99444444
0.834900	9.82407407	0.99444444
0.835000	9.81851852	0.99444444
0.835100	9.82777778	0.99444444
0.835200	9.82592593	0.99444444
0.835300	9.82037037	0.99444444
0.835400	9.82037037	0.99444444
0.835500	9.83333333	0.99444444
0.835600	9.82037037	0.99444444
0.835700	9.82962963	0.99444444
0.835800	9.81851852	0.99444444
0.835900	9.81481481	0.99444444
0.836000	9.82777778	0.99444444
0.836100	9.82962963	0.99444444
0.836200	9.83518519	0.99444444
0.836300	9.82222222	0.99444444
0.836400	9.82777778	0.99444444
0.836500	9.81666667	0.99444444
0.836600	9.82592593	0.99444444
0.836700	9.83148148	0.99444444
0.836800	9.82037037	0.99444444
0.836900	9.83148148	0.99444444
0.837000	9.81666667	0.99444444
0.837100	9.81666667	0.99444444
0.837200	9.82592593	0.99444444
0.837300	9.83148148	0.99444444
0.837400	9.81481481	0.99444444
0.837500	9.82037037	0.99444444
0.837600	9.82222222	0.99444444
0.837700	9.84074074	0.99444444
0.837800	9.83148148	0.99444444
0.837900	9.82222222	0.99444444
0.838000	9.82962963	0.99444444
0.838100	9.82222222	0.99444444
0.838200	9.82222222	0.99444444
0.838300	9.82592593	0.99444444
0.838400	9.82037037	0.99259259
0.838500	9.82222222	0.99444444
0.838600	9.82962963	0.99444444
0.838700	9.81851852	0.99444444
0.838800	9.81296296	0.99444444
0.838900	9.81851852	0.99444444
0.839000	9.82592593	0.99444444
0.839100	9.82592593	0.99444444
0.839200	9.82222222	0.99444444
0.839300	9.82962963	0.99444444
0.839400	9.83518519	0.99444444
0.839500	9.83148148	0.99444444
0.839600	9.82592593	0.99444444
0.839700	9.81851852	0.99444444
0.839800	9.82407407	0.99444444
0.839900	9.82037037	0.99444444
0.840000	9.81111111	0.99444444
0.840100	9.82962963	0.99444444
0.840200	9.82777778	0.99444444
0.840300	9.82222222	0.99444444
0.840400	9.82592593	0.99444444
0.840500	9.82777778	0.99444444
0.840600	9.82037037	0.99444444
0.840700	9.82592593	0.99444444
0.840800	9.83333333	0.99444444
0.840900	9.82222222	0.99444444
0.841000	9.82592593	0.99444444
0.841100	9.82592593	0.99444444
0.841200	9.81666667	0.99444444
0.841300	9.82037037	0.99444444
0.841400	9.83333333	0.99444444
0.841500	9.82407407	0.99444444
0.841600	9.83148148	0.99444444
0.841700	9.82777778	0.99444444
0.841800	9.83888889	0.99444444
0.841900	9.82592593	0.99444444
0.842000	9.82222222	0.99444444
0.842100	9.82592593	0.99444444
0.842200	9.82037037	0.99444444
0.842300	9.82037037	0.99444444
0.842400	9.82407407	0.99444444
0.842500	9.82962963	0.99444444
0.842600	9.82407407	0.99444444
0.842700	9.81481481	0.99444444
0.842800	9.81481481	0.99444444
0.842900	9.82222222	0.99444444
0.843000	9.82962963	0.99444444
0.843100	9.82777778	0.99444444
0.843200	9.82962963	0.99444444
0.843300	9.82592593	0.99444444
0.843400	9.82407407	0.99444444
0.843500	9.81481481	0.99444444
0.843600	9.83148148	0.99444444
0.843700	9.82592593	0.99259259
0.843800	9.82777778	0.99444444
0.843900	9.82592593	0.99444444
0.844000	9.81481481	0.99444444
0.844100	9.81851852	0.99444444
0.844200	9.82407407	0.99444444
0.844300	9.82592593	0.99444444
0.844400	9.82407407	0.99444444
0.844500	9.81851852	0.99444444
0.844600	9.82962963	0.99444444
0.844700	9.83333333	0.99444444
0.844800	9.83333333	0.99444444
0.844900	9.80925926	0.99444444
0.845000	9.83333333	0.99444444
0.845100	9.82777778	0.99444444
0.845200	9.81851852	0.99444444
0.845300	9.84074074	0.99444444
0.845400	9.82592593	0.99444444
0.845500	9.83333333	0.99444444
0.845600	9.82407407	0.99444444
0.845700	9.83333333	0.99444444
0.845800	9.83703704	0.99444444
0.845900	9.82777778	0.99444444
0.846000	9.82592593	0.99444444
0.846100	9.84074074	0.99444444
0.846200	9.83888889	0.99444444
0.846300	9.82592593	0.99444444
0.846400	9.83518519	0.99444444
0.846500	9.82407407	0.99444444
0.846600	9.83703704	0.99444444
0.846700	9.83333333	0.99444444
0.846800	9.82407407	0.99444444
0.846900	9.82407407	0.99444444
0.847000	9.82407407	0.99444444
0.847100	9.83333333	0.99444444
0.847200	9.83148148	0.99444444
0.847300	9.82407407	0.99444444
0.847400	9.83703704	0.99444444
0.847500	9.83518519	0.99444444
0.847600	9.83148148	0.99444444
0.847700	9.82592593	0.99444444
0.847800	9.82407407	0.99444444
0.847900	9.81851852	0.99444444
0.848000	9.82592593	0.99444444
0.848100	9.83148148	0.99444444
0.848200	9.83888889	0.99444444
0.848300	9.82037037	0.99444444
0.848400	9.82962963	0.99444444
0.848500	9.82037037	0.99444444
0.848600	9.82777778	0.99444444
0.848700	9.82222222	0.99444444
0.848800	9.82962963	0.99444444
0.848900	9.82962963	0.99444444
0.849000	9.83333333	0.99444444
0.849100	9.81481481	0.99444444
0.849200	9.83333333	0.99444444
0.849300	9.81666667	0.99444444
0.849400	9.84074074	0.99444444
0.849500	9.83333333	0.99444444
0.849600	9.82407407	0.99444444
0.849700	9.83333333	0.99444444
0.849800	9.81666667	0.99444444
0.849900	9.82962963	0.99444444
0.850000	9.82037037	0.99444444
0.850100	9.82777778	0.99444444
0.850200	9.81666667	0.99444444
0.850300	9.82037037	0.99444444
0.850400	9.83148148	0.99444444
0.850500	9.83333333	0.99444444
0.850600	9.82222222	0.99444444
0.850700	9.83888889	0.99444444
0.850800	9.83148148	0.99444444
0.850900	9.82962963	0.99444444
0.851000	9.83148148	0.99444444
0.851100	9.83333333	0.99444444
0.851200	9.83703704	0.99444444
0.851300	9.82592593	0.99259259
0.851400	9.83518519	0.99444444
0.851500	9.81851852	0.99444444
0.851600	9.82962963	0.99444444
0.851700	9.82037037	0.99444444
0.851800	9.81851852	0.99444444
0.851900	9.81851852	0.99444444
0.852000	9.81851852	0.99444444
0.852100	9.83703704	0.99444444
0.852200	9.82962963	0.99444444
0.852300	9.82222222	0.99259259
0.852400	9.82777778	0.99444444
0.852500	9.82962963	0.99444444
0.852600	9.83518519	0.99444444
0.852700	9.83333333	0.99444444
0.852800	9.82592593	0.99444444
0.852900	9.82592593	0.99444444
0.853000	9.82592593	0.99444444
0.853100	9.83333333	0.99444444
0.853200	9.83333333	0.99444444
0.853300	9.81111111	0.99444444
0.853400	9.81296296	0.99444444
0.853500	9.83148148	0.99444444
0.853600	9.82962963	0.99444444
0.853700	9.83518519	0.99444444
0.853800	9.82592593	0.99444444
0.853900	9.82962963	0.99444444
0.854000	9.82592593	0.99444444
0.854100	9.82222222	0.99444444
0.854200	9.82777778	0.99259259
0.854300	9.82407407	0.99444444
0.854400	9.82962963	0.99444444
0.854500	9.83333333	0.99444444
0.854600	9.82592593	0.99444444
0.854700	9.82592593	0.99444444
0.854800	9.82962963	0.99444444
0.854900	9.83148148	0.99444444
0.855000	9.82407407	0.99444444
0.855100	9.82592593	0.99444444
0.855200	9.83703704	0.99444444
0.855300	9.82407407	0.99444444
0.855400	9.82407407	0.99444444
0.855500	9.83148148	0.99444444
0.855600	9.83888889	0.99444444
0.855700	9.83148148	0.99444444
0.855800	9.82592593	0.99444444
0.855900	9.83148148	0.99444444
0.856000	9.82222222	0.99444444
0.856100	9.82037037	0.99259259
0.856200	9.83518519	0.99444444
0.856300	9.81851852	0.99444444
0.856400	9.83333333	0.99444444
0.856500	9.82407407	0.99444444
0.856600	9.83518519	0.99444444
0.856700	9.83518519	0.99444444
0.856800	9.83518519	0.99444444
0.856900	9.83703704	0.99444444
0.857000	9.81296296	0.99444444
0.857100	9.82592593	0.99444444
0.857200	9.82222222	0.99444444
0.857300	9.83703704	0.99444444
0.857400	9.83148148	0.99444444
0.857500	9.82962963	0.99444444
0.857600	9.82222222	0.99444444
0.857700	9.82777778	0.99444444
0.857800	9.83703704	0.99444444
0.857900	9.81851852	0.99444444
0.858000	9.83148148	0.99444444
0.858100	9.83148148	0.99444444
0.858200	9.83148148	0.99444444
0.858300	9.81851852	0.99444444
0.858400	9.82592593	0.99444444
0.858500	9.82222222	0.99444444
0.858600	9.83148148	0.99444444
0.858700	9.83518519	0.99444444
0.858800	9.83333333	0.99444444
0.858900	9.84074074	0.99444444
0.859000	9.82962963	0.99444444
0.859100	9.83703704	0.99444444
0.859200	9.82962963	0.99444444
0.859300	9.82222222	0.99444444
0.859400	9.83333333	0.99444444
0.859500	9.82962963	0.99444444
0.859600	9.84074074	0.99444444
0.859700	9.80555556	0.99444444
0.859800	9.83518519	0.99444444
0.859900	9.82592593	0.99444444
0.860000	9.82407407	0.99444444
0.860100	9.82962963	0.99444444
0.860200	9.82962963	0.99259259
0.860300	9.82592593	0.99444444
0.860400	9.83333333	0.99444444
0.860500	9.82592593	0.99259259
0.860600	9.83333333	0.99444444
0.860700	9.83518519	0.99444444
0.860800	9.83888889	0.99444444
0.860900	9.82407407	0.99444444
0.861000	9.84074074	0.99444444
0.861100	9.82592593	0.99444444
0.861200	9.82592593	0.99444444
0.861300	9.82407407	0.99444444
0.861400	9.82037037	0.99444444
0.861500	9.80555556	0.99444444
0.861600	9.83148148	0.99444444
0.861700	9.83333333	0.99444444
0.861800	9.83148148	0.99444444
0.861900	9.83148148	0.99444444
0.862000	9.84259259	0.99444444
0.862100	9.83703704	0.99444444
0.862200	9.83518519	0.99444444
0.862300	9.82962963	0.99444444
0.862400	9.81666667	0.99444444
0.862500	9.82962963	0.99444444
0.862600	9.81666667	0.99444444
0.862700	9.82592593	0.99444444
0.862800	9.82592593	0.99444444
0.862900	9.83888889	0.99444444
0.863000	9.83518519	0.99444444
0.863100	9.83888889	0.99444444
0.863200	9.83888889	0.99444444
0.863300	9.83148148	0.99444444
0.863400	9.83148148	0.99444444
0.863500	9.82962963	0.99444444
0.863600	9.83148148	0.99444444
0.863700	9.83703704	0.99444444
0.863800	9.82592593	0.99444444
0.863900	9.81851852	0.99444444
0.864000	9.82222222	0.99444444
0.864100	9.82592593	0.99444444
0.864200	9.83888889	0.99444444
0.864300	9.82592593	0.99444444
0.864400	9.82962963	0.99444444
0.864500	9.83518519	0.99444444
0.864600	9.83703704	0.99444444
0.864700	9.81296296	0.99444444
0.864800	9.82777778	0.99444444
0.864900	9.82777778	0.99444444
0.865000	9.83518519	0.99444444
0.865100	9.83148148	0.99444444
0.865200	9.84444444	0.99444444
0.865300	9.83888889	0.99444444
0.865400	9.82592593	0.99444444
0.865500	9.83703704	0.99444444
0.865600	9.83888889	0.99444444
0.865700	9.84259259	0.99444444
0.865800	9.83888889	0.99444444
0.865900	9.83333333	0.99259259
0.866000	9.82037037	0.99444444
0.866100	9.82962963	0.99444444
0.866200	9.82222222	0.99444444
0.866300	9.82592593	0.99444444
0.866400	9.83333333	0.99444444
0.866500	9.82962963	0.99444444
0.866600	9.82962963	0.99444444
0.866700	9.83888889	0.99444444
0.866800	9.83333333	0.99444444
0.866900	9.83518519	0.99444444
0.867000	9.83703704	0.99444444
0.867100	9.83148148	0.99444444
0.867200	9.84259259	0.99444444
0.867300	9.83703704	0.99444444
0.867400	9.83333333	0.99444444
0.867500	9.83148148	0.99444444
0.867600	9.82407407	0.99444444
0.867700	9.84444444	0.99444444
0.867800	9.83333333	0.99444444
0.867900	9.82592593	0.99444444
0.868000	9.83333333	0.99444444
0.868100	9.83703704	0.99444444
0.868200	9.82592593	0.99444444
0.868300	9.82777778	0.99444444
0.868400	9.83148148	0.99444444
0.868500	9.83888889	0.99444444
0.868600	9.83888889	0.99444444
0.868700	9.83703704	0.99444444
0.868800	9.83703704	0.99444444
0.868900	9.82407407	0.99444444
0.869000	9.83518519	0.99444444
0.869100	9.82962963	0.99444444
0.869200	9.82407407	0.99444444
0.869300	9.83703704	0.99444444
0.869400	9.82777778	0.99444444
0.869500	9.83888889	0.99444444
0.869600	9.82962963	0.99444444
0.869700	9.83148148	0.99444444
0.869800	9.83333333	0.99444444
0.869900	9.84074074	0.99444444
0.870000	9.83888889	0.99444444
0.870100	9.83703704	0.99444444
0.870200	9.82962963	0.99444444
0.870300	9.82962963	0.99444444
0.870400	9.84074074	0.99444444
0.870500	9.81481481	0.99444444
0.870600	9.82407407	0.99444444
0.870700	9.84074074	0.99444444
0.870800	9.83333333	0.99444444
0.870900	9.82777778	0.99444444
0.871000	9.83703704	0.99444444
0.871100	9.83333333	0.99444444
0.871200	9.84074074	0.99444444
0.871300	9.82592593	0.99444444
0.871400	9.83888889	0.99444444
0.871500	9.82962963	0.99444444
0.871600	9.83518519	0.99444444
0.871700	9.83333333	0.99444444
0.871800	9.83518519	0.99444444
0.871900	9.82407407	0.99444444
0.872000	9.83703704	0.99444444
0.872100	9.82592593	0.99444444
0.872200	9.82962963	0.99444444
0.872300	9.82777778	0.99444444
0.872400	9.82777778	0.99444444
0.872500	9.83703704	0.99444444
0.872600	9.82592593	0.99444444
0.872700	9.83703704	0.99444444
0.872800	9.83518519	0.99444444
0.872900	9.83888889	0.99444444
0.873000	9.83148148	0.99444444
0.873100	9.83148148	0.99444444
0.873200	9.84259259	0.99444444
0.873300	9.83333333	0.99444444
0.873400	9.82962963	0.99444444
0.873500	9.84074074	0.99444444
0.873600	9.82777778	0.99444444
0.873700	9.83333333	0.99444444
0.873800	9.82407407	0.99444444
0.873900	9.83333333	0.99444444
0.874000	9.83518519	0.99444444
0.874100	9.82962963	0.99444444
0.874200	9.83888889	0.99444444
0.874300	9.82962963	0.99444444
0.874400	9.83333333	0.99444444
0.874500	9.82222222	0.99444444
0.874600	9.83148148	0.99444444
0.874700	9.82592593	0.99444444
0.874800	9.82592593	0.99444444
0.874900	9.83333333	0.99259259
0.875000	9.83333333	0.99444444
0.875100	9.83703704	0.99444444
0.875200	9.84629630	0.99444444
0.875300	9.83703704	0.99444444
0.875400	9.84444444	0.99444444
0.875500	9.82962963	0.99444444
0.875600	9.83518519	0.99444444
0.875700	9.83888889	0.99444444
0.875800	9.83518519	0.99444444
0.875900	9.83518519	0.99444444
0.876000	9.84074074	0.99444444
0.876100	9.82962963	0.99444444
0.876200	9.82407407	0.99444444
0.876300	9.84074074	0.99444444
0.876400	9.82777778	0.99444444
0.876500	9.83518519	0.99444444
0.876600	9.83518519	0.99444444
0.876700	9.83518519	0.99444444
0.876800	9.83148148	0.99444444
0.876900	9.83148148	0.99444444
0.877000	9.83703704	0.99444444
0.877100	9.82962963	0.99444444
0.877200	9.82962963	0.99444444
0.877300	9.83703704	0.99444444
0.877400	9.82407407	0.99444444
0.877500	9.83888889	0.99444444
0.877600	9.81851852	0.99444444
0.877700	9.83703704	0.99444444
0.877800	9.83518519	0.99444444
0.877900	9.83703704	0.99444444
0.878000	9.82962963	0.99444444
0.878100	9.84259259	0.99444444
0.878200	9.83333333	0.99444444
0.878300	9.83148148	0.99444444
0.878400	9.82962963	0.99444444
0.878500	9.83333333	0.99444444
0.878600	9.82962963	0.99444444
0.878700	9.84074074	0.99444444
0.878800	9.82777778	0.99444444
0.878900	9.84074074	0.99444444
0.879000	9.82962963	0.99444444
0.879100	9.83333333	0.99444444
0.879200	9.84259259	0.99444444
0.879300	9.83518519	0.99444444
0.879400	9.83888889	0.99444444
0.879500	9.84074074	0.99444444
0.879600	9.82962963	0.99444444
0.879700	9.82777778	0.99259259
0.879800	9.83333333	0.99444444
0.879900	9.83518519	0.99444444
0.880000	9.83333333	0.99444444
0.880100	9.83333333	0.99444444
0.880200	9.83703704	0.99444444
0.880300	9.83703704	0.99444444
0.880400	9.82962963	0.99444444
0.880500	9.83518519	0.99444444
0.880600	9.83703704	0.99444444
0.880700	9.84259259	0.99444444
0.880800	9.83518519	0.99444444
0.880900	9.84814815	0.99444444
0.881000	9.83703704	0.99444444
0.881100	9.83148148	0.99444444
0.881200	9.82777778	0.99259259
0.881300	9.83888889	0.99444444
0.881400	9.84074074	0.99444444
0.881500	9.82592593	0.99444444
0.881600	9.83888889	0.99444444
0.881700	9.82222222	0.99444444
0.881800	9.82592593	0.99444444
0.881900	9.83518519	0.99444444
0.882000	9.83888889	0.99444444
0.882100	9.84074074	0.99444444
0.882200	9.83703704	0.99444444
0.882300	9.83703704	0.99444444
0.882400	9.83148148	0.99444444
0.882500	9.82407407	0.99444444
0.882600	9.83518519	0.99444444
0.882700	9.83333333	0.99444444
0.882800	9.83333333	0.99444444
0.882900	9.83888889	0.99444444
0.883000	9.83518519	0.99444444
0.883100	9.82962963	0.99444444
0.883200	9.82777778	0.99444444
0.883300	9.83518519	0.99444444
0.883400	9.82962963	0.99444444
0.883500	9.84074074	0.99444444
0.883600	9.83333333	0.99444444
0.883700	9.83518519	0.99444444
0.883800	9.83703704	0.99444444
0.883900	9.83148148	0.99444444
0.884000	9.83888889	0.99444444
0.884100	9.83333333	0.99444444
0.884200	9.82592593	0.99444444
0.884300	9.83333333	0.99444444
0.884400	9.83518519	0.99444444
0.884500	9.82592593	0.99444444
0.884600	9.83888889	0.99444444
0.884700	9.84814815	0.99444444
0.884800	9.83703704	0.99444444
0.884900	9.84074074	0.99444444
0.885000	9.82777778	0.99444444
0.885100	9.83703704	0.99444444
0.885200	9.84074074	0.99444444
0.885300	9.83703704	0.99444444
0.885400	9.83703704	0.99444444
0.885500	9.82962963	0.99444444
0.885600	9.83333333	0.99444444
0.885700	9.83703704	0.99444444
0.885800	9.83888889	0.99444444
0.885900	9.83518519	0.99444444
0.886000	9.84444444	0.99444444
0.886100	9.83703704	0.99444444
0.886200	9.82962963	0.99444444
0.886300	9.83888889	0.99444444
0.886400	9.84444444	0.99444444
0.886500	9.81851852	0.99444444
0.886600	9.82962963	0.99444444
0.886700	9.84259259	0.99444444
0.886800	9.83888889	0.99444444
0.886900	9.84444444	0.99444444
0.887000	9.84074074	0.99444444
0.887100	9.84259259	0.99444444
0.887200	9.83333333	0.99444444
0.887300	9.83518519	0.99444444
0.887400	9.82962963	0.99444444
0.887500	9.83518519	0.99444444
0.887600	9.84074074	0.99444444
0.887700	9.84629630	0.99444444
0.887800	9.83888889	0.99444444
0.887900	9.83888889	0.99444444
0.888000	9.82592593	0.99444444
0.888100	9.83333333	0.99444444
0.888200	9.83148148	0.99444444
0.888300	9.83333333	0.99444444
0.888400	9.84814815	0.99444444
0.888500	9.83518519	0.99444444
0.888600	9.83148148	0.99444444
0.888700	9.84074074	0.99444444
0.888800	9.82407407	0.99444444
0.888900	9.83703704	0.99444444
0.889000	9.82592593	0.99444444
0.889100	9.83703704	0.99444444
0.889200	9.83888889	0.99444444
0.889300	9.83703704	0.99444444
0.889400	9.83333333	0.99444444
0.889500	9.83333333	0.99444444
0.889600	9.84444444	0.99444444
0.889700	9.84444444	0.99444444
0.889800	9.83703704	0.99444444
0.889900	9.84259259	0.99444444
0.890000	9.82592593	0.99444444
0.890100	9.83888889	0.99444444
0.890200	9.83703704	0.99444444
0.890300	9.82777778	0.99444444
0.890400	9.84074074	0.99444444
0.890500	9.83333333	0.99444444
0.890600	9.82962963	0.99444444
0.890700	9.83148148	0.99444444
0.890800	9.83888889	0.99444444
0.890900	9.83703704	0.99444444
0.891000	9.84629630	0.99444444
0.891100	9.82592593	0.99444444
0.891200	9.83148148	0.99444444
0.891300	9.84074074	0.99444444
0.891400	9.83333333	0.99444444
0.891500	9.84074074	0.99444444
0.891600	9.82777778	0.99444444
0.891700	9.83703704	0.99444444
0.891800	9.83703704	0.99444444
0.891900	9.83333333	0.99444444
0.892000	9.83703704	0.99444444
0.892100	9.83148148	0.99444444
0.892200	9.83333333	0.99444444
0.892300	9.83888889	0.99444444
0.892400	9.83888889	0.99444444
0.892500	9.83148148	0.99444444
0.892600	9.83703704	0.99444444
0.892700	9.83703704	0.99444444
0.892800	9.83518519	0.99444444
0.892900	9.84259259	0.99444444
0.893000	9.84074074	0.99444444
0.893100	9.84074074	0.99444444
0.893200	9.83333333	0.99444444
0.893300	9.83148148	0.99444444
0.893400	9.82592593	0.99444444
0.893500	9.83333333	0.99444444
0.893600	9.83703704	0.99444444
0.893700	9.83333333	0.99444444
0.893800	9.82777778	0.99444444
0.893900	9.83518519	0.99444444
0.894000	9.84259259	0.99444444
0.894100	9.83333333	0.99444444
0.894200	9.83703704	0.99444444
0.894300	9.83333333	0.99444444
0.894400	9.83333333	0.99444444
0.894500	9.83888889	0.99444444
0.894600	9.84074074	0.99444444
0.894700	9.82962963	0.99444444
0.894800	9.83518519	0.99444444
0.894900	9.83518519	0.99444444
0.895000	9.84444444	0.99444444
0.895100	9.83148148	0.99444444
0.895200	9.83888889	0.99444444
0.895300	9.83703704	0.99444444
0.895400	9.84074074	0.99444444
0.895500	9.82962963	0.99444444
0.895600	9.83703704	0.99444444
0.895700	9.84074074	0.99444444
0.895800	9.82592593	0.99444444
0.895900	9.84629630	0.99444444
0.896000	9.83888889	0.99444444
0.896100	9.82407407	0.99444444
0.896200	9.83888889	0.99444444
0.896300	9.84259259	0.99444444
0.896400	9.83333333	0.99444444
0.896500	9.83888889	0.99259259
0.896600	9.83333333	0.99444444
0.896700	9.83333333	0.99444444
0.896800	9.82777778	0.99444444
0.896900	9.83703704	0.99444444
0.897000	9.84074074	0.99444444
0.897100	9.82962963	0.99444444
0.897200	9.82777778	0.99444444
0.897300	9.82777778	0.99444444
0.897400	9.84074074	0.99444444
0.897500	9.84444444	0.99444444
0.897600	9.83888889	0.99444444
0.897700	9.84074074	0.99444444
0.897800	9.83703704	0.99444444
0.897900	9.83518519	0.99444444
0.898000	9.83888889	0.99444444
0.898100	9.84629630	0.99444444
0.898200	9.82962963	0.99444444
0.898300	9.83703704	0.99444444
0.898400	9.83518519	0.99444444
0.898500	9.84074074	0.99444444
0.898600	9.84629630	0.99444444
0.898700	9.84259259	0.99444444
0.898800	9.83888889	0.99444444
0.898900	9.85000000	0.99444444
0.899000	9.83888889	0.99444444
0.899100	9.84259259	0.99444444
0.899200	9.83703704	0.99444444
0.899300	9.83703704	0.99444444
0.899400	9.83703704	0.99444444
0.899500	9.83148148	0.99444444
0.899600	9.83888889	0.99444444
0.899700	9.83888889	0.99444444
0.899800	9.83703704	0.99444444
0.899900	9.83333333	0.99444444
0.900000	9.83703704	0.99444444
0.900100	9.83888889	0.99444444
0.900200	9.83333333	0.99444444
0.900300	9.83888889	0.99444444
0.900400	9.84259259	0.99444444
0.900500	9.84074074	0.99444444
0.900600	9.83333333	0.99444444
0.900700	9.83148148	0.99444444
0.900800	9.84074074	0.99444444
0.900900	9.84629630	0.99444444
0.901000	9.83888889	0.99444444
0.901100	9.83148148	0.99444444
0.901200	9.84259259	0.99444444
0.901300	9.83703704	0.99444444
0.901400	9.83148148	0.99444444
0.901500	9.84259259	0.99444444
0.901600	9.83703704	0.99444444
0.901700	9.83888889	0.99444444
0.901800	9.83518519	0.99444444
0.901900	9.83148148	0.99444444
0.902000	9.83518519	0.99444444
0.902100	9.83333333	0.99444444
0.902200	9.83888889	0.99444444
0.902300	9.83333333	0.99444444
0.902400	9.84444444	0.99444444
0.902500	9.83518519	0.99444444
0.902600	9.83888889	0.99444444
0.902700	9.84259259	0.99444444
0.902800	9.83703704	0.99444444
0.902900	9.84444444	0.99444444
0.903000	9.83888889	0.99444444
0.903100	9.83703704	0.99444444
0.903200	9.83518519	0.99444444
0.903300	9.84074074	0.99444444
0.903400	9.83518519	0.99444444
0.903500	9.83888889	0.99444444
0.903600	9.83888889	0.99444444
0.903700	9.84074074	0.99444444
0.903800	9.83518519	0.99444444
0.903900	9.83703704	0.99444444
0.904000	9.83888889	0.99444444
0.904100	9.84629630	0.99444444
0.904200	9.83703704	0.99444444
0.904300	9.84259259	0.99444444
0.904400	9.84444444	0.99444444
0.904500	9.84444444	0.99444444
0.904600	9.84444444	0.99444444
0.904700	9.83888889	0.99444444
0.904800	9.83703704	0.99444444
0.904900	9.84074074	0.99444444
0.905000	9.83518519	0.99444444
0.905100	9.84444444	0.99444444
0.905200	9.83518519	0.99444444
0.905300	9.84259259	0.99444444
0.905400	9.84074074	0.99444444
0.905500	9.83148148	0.99444444
0.905600	9.83888889	0.99444444
0.905700	9.84259259	0.99444444
0.905800	9.84259259	0.99444444
0.905900	9.83148148	0.99444444
0.906000	9.83148148	0.99444444
0.906100	9.84259259	0.99444444
0.906200	9.83888889	0.99444444
0.906300	9.83333333	0.99444444
0.906400	9.84444444	0.99444444
0.906500	9.82777778	0.99444444
0.906600	9.83888889	0.99259259
0.906700	9.83888889	0.99444444
0.906800	9.82962963	0.99444444
0.906900	9.82962963	0.99444444
0.907000	9.83518519	0.99444444
0.907100	9.84259259	0.99444444
0.907200	9.83148148	0.99444444
0.907300	9.83888889	0.99444444
0.907400	9.83333333	0.99444444
0.907500	9.83703704	0.99444444
0.907600	9.83518519	0.99444444
0.907700	9.84259259	0.99444444
0.907800	9.83888889	0.99444444
0.907900	9.83333333	0.99444444
0.908000	9.83703704	0.99444444
0.908100	9.84074074	0.99444444
0.908200	9.84259259	0.99444444
0.908300	9.83888889	0.99444444
0.908400	9.83888889	0.99444444
0.908500	9.83703704	0.99444444
0.908600	9.85000000	0.99444444
0.908700	9.83888889	0.99444444
0.908800	9.83888889	0.99444444
0.908900	9.84444444	0.99444444
0.909000	9.83888889	0.99444444
0.909100	9.82962963	0.99444444
0.909200	9.83333333	0.99444444
0.909300	9.84259259	0.99444444
0.909400	9.83518519	0.99444444
0.909500	9.83703704	0.99444444
0.909600	9.84444444	0.99444444
0.909700	9.84259259	0.99444444
0.909800	9.84629630	0.99444444
0.909900	9.84259259	0.99444444
0.910000	9.84444444	0.99444444
0.910100	9.84259259	0.99444444
0.910200	9.83703704	0.99444444
0.910300	9.83703704	0.99444444
0.910400	9.84074074	0.99444444
0.910500	9.83703704	0.99444444
0.910600	9.83518519	0.99444444
0.910700	9.82407407	0.99444444
0.910800	9.84629630	0.99444444
0.910900	9.84074074	0.99444444
0.911000	9.83888889	0.99259259
0.911100	9.83333333	0.99444444
0.911200	9.84074074	0.99259259
0.911300	9.84259259	0.99444444
0.911400	9.83518519	0.99444444
0.911500	9.84629630	0.99444444
0.911600	9.84444444	0.99259259
0.911700	9.83703704	0.99444444
0.911800	9.84444444	0.99444444
0.911900	9.84259259	0.99444444
0.912000	9.84074074	0.99444444
0.912100	9.83888889	0.99444444
0.912200	9.83888889	0.99444444
0.912300	9.83703704	0.99444444
0.912400	9.84074074	0.99444444
0.912500	9.84629630	0.99444444
0.912600	9.84074074	0.99444444
0.912700	9.83703704	0.99444444
0.912800	9.83703704	0.99444444
0.912900	9.83888889	0.99444444
0.913000	9.83703704	0.99444444
0.913100	9.82037037	0.99444444
0.913200	9.83888889	0.99444444
0.913300	9.83518519	0.99444444
0.913400	9.83888889	0.99444444
0.913500	9.83888889	0.99444444
0.913600	9.83518519	0.99444444
0.913700	9.83888889	0.99444444
0.913800	9.84629630	0.99444444
0.913900	9.83148148	0.99444444
0.914000	9.83888889	0.99444444
0.914100	9.83888889	0.99444444
0.914200	9.84074074	0.99444444
0.914300	9.84629630	0.99444444
0.914400	9.83703704	0.99444444
0.914500	9.84259259	0.99444444
0.914600	9.84259259	0.99444444
0.914700	9.83148148	0.99444444
0.914800	9.84074074	0.99444444
0.914900	9.83703704	0.99444444
0.915000	9.83888889	0.99444444
0.915100	9.84629630	0.99444444
0.915200	9.84074074	0.99444444
0.915300	9.83888889	0.99444444
0.915400	9.84444444	0.99444444
0.915500	9.83518519	0.99444444
0.915600	9.84074074	0.99444444
0.915700	9.83703704	0.99444444
0.915800	9.84444444	0.99444444
0.915900	9.84814815	0.99444444
0.916000	9.83333333	0.99444444
0.916100	9.83333333	0.99444444
0.916200	9.84259259	0.99444444
0.916300	9.83888889	0.99444444
0.916400	9.83703704	0.99444444
0.916500	9.84074074	0.99444444
0.916600	9.84629630	0.99444444
0.916700	9.83888889	0.99444444
0.916800	9.84444444	0.99444444
0.916900	9.84074074	0.99444444
0.917000	9.82962963	0.99444444
0.917100	9.83703704	0.99444444
0.917200	9.84259259	0.99444444
0.917300	9.83333333	0.99444444
0.917400	9.83703704	0.99444444
0.917500	9.84444444	0.99444444
0.917600	9.84629630	0.99444444
0.917700	9.84259259	0.99444444
0.917800	9.83518519	0.99444444
0.917900	9.84074074	0.99444444
0.918000	9.84629630	0.99444444
0.918100	9.84074074	0.99444444
0.918200	9.83518519	0.99444444
0.918300	9.83703704	0.99444444
0.918400	9.84259259	0.99444444
0.918500	9.84074074	0.99444444
0.918600	9.84259259	0.99444444
0.918700	9.83518519	0.99444444
0.918800	9.84444444	0.99444444
0.918900	9.84259259	0.99444444
0.919000	9.83333333	0.99444444
0.919100	9.82962963	0.99444444
0.919200	9.84444444	0.99444444
0.919300	9.84074074	0.99444444
0.919400	9.83518519	0.99444444
0.919500	9.84629630	0.99444444
0.919600	9.83333333	0.99444444
0.919700	9.84629630	0.99444444
0.919800	9.84629630	0.99444444
0.919900	9.83888889	0.99444444
0.920000	9.84629630	0.99444444
0.920100	9.84259259	0.99444444
0.920200	9.83703704	0.99444444
0.920300	9.84074074	0.99444444
0.920400	9.84444444	0.99444444
0.920500	9.83518519	0.99444444
0.920600	9.84259259	0.99444444
0.920700	9.84814815	0.99259259
0.920800	9.84074074	0.99444444
0.920900	9.84074074	0.99444444
0.921000	9.85000000	0.99444444
0.921100	9.83703704	0.99444444
0.921200	9.84259259	0.99444444
0.921300	9.84074074	0.99444444
0.921400	9.84259259	0.99444444
0.921500	9.84629630	0.99444444
0.921600	9.83703704	0.99444444
0.921700	9.84074074	0.99444444
0.921800	9.84259259	0.99444444
0.921900	9.83888889	0.99444444
0.922000	9.84074074	0.99444444
0.922100	9.84074074	0.99444444
0.922200	9.83888889	0.99444444
0.922300	9.84814815	0.99444444
0.922400	9.84259259	0.99444444
0.922500	9.83333333	0.99444444
0.922600	9.84074074	0.99444444
0.922700	9.83703704	0.99444444
0.922800	9.84074074	0.99444444
0.922900	9.84629630	0.99444444
0.923000	9.84074074	0.99444444
0.923100	9.85000000	0.99444444
0.923200	9.84259259	0.99444444
0.923300	9.84074074	0.99444444
0.923400	9.83888889	0.99444444
0.923500	9.84259259	0.99444444
0.923600	9.83888889	0.99444444
0.923700	9.84259259	0.99444444
0.923800	9.84074074	0.99444444
0.923900	9.84814815	0.99444444
0.924000	9.83518519	0.99444444
0.924100	9.83518519	0.99444444
0.924200	9.84444444	0.99444444
0.924300	9.83148148	0.99444444
0.924400	9.84444444	0.99444444
0.924500	9.84814815	0.99444444
0.924600	9.83888889	0.99444444
0.924700	9.83888889	0.99444444
0.924800	9.84259259	0.99444444
0.924900	9.84629630	0.99444444
0.925000	9.84444444	0.99444444
0.925100	9.84814815	0.99444444
0.925200	9.83888889	0.99444444
0.925300	9.84814815	0.99444444
0.925400	9.84074074	0.99444444
0.925500	9.84444444	0.99444444
0.925600	9.84629630	0.99444444
0.925700	9.84074074	0.99444444
0.925800	9.84074074	0.99444444
0.925900	9.83888889	0.99444444
0.926000	9.84259259	0.99444444
0.926100	9.84074074	0.99444444
0.926200	9.83333333	0.99444444
0.926300	9.84074074	0.99444444
0.926400	9.84629630	0.99444444
0.926500	9.84814815	0.99444444
0.926600	9.84074074	0.99444444
0.926700	9.84629630	0.99444444
0.926800	9.84074074	0.99444444
0.926900	9.84629630	0.99444444
0.927000	9.84444444	0.99444444
0.927100	9.84074074	0.99444444
0.927200	9.84259259	0.99444444
0.927300	9.83703704	0.99444444
0.927400	9.83703704	0.99444444
0.927500	9.84074074	0.99444444
0.927600	9.84444444	0.99444444
0.927700	9.84444444	0.99444444
0.927800	9.84259259	0.99444444
0.927900	9.83518519	0.99444444
0.928000	9.84259259	0.99444444
0.928100	9.84259259	0.99444444
0.928200	9.84259259	0.99444444
0.928300	9.83518519	0.99444444
0.928400	9.84629630	0.99444444
0.928500	9.84074074	0.99444444
0.928600	9.83888889	0.99444444
0.928700	9.84814815	0.99444444
0.928800	9.84074074	0.99444444
0.928900	9.83518519	0.99444444
0.929000	9.84259259	0.99444444
0.929100	9.84629630	0.99444444
0.929200	9.84074074	0.99444444
0.929300	9.84629630	0.99444444
0.929400	9.84629630	0.99444444
0.929500	9.84629630	0.99444444
0.929600	9.84814815	0.99444444
0.929700	9.83703704	0.99444444
0.929800	9.84444444	0.99444444
0.929900	9.84444444	0.99444444
0.930000	9.84814815	0.99444444
0.930100	9.84444444	0.99444444
0.930200	9.85185185	0.99444444
0.930300	9.83888889	0.99444444
0.930400	9.84444444	0.99444444
0.930500	9.84074074	0.99444444
0.930600	9.84444444	0.99444444
0.930700	9.83703704	0.99444444
0.930800	9.84629630	0.99444444
0.930900	9.84444444	0.99444444
0.931000	9.84074074	0.99444444
0.931100	9.82962963	0.99444444
0.931200	9.84259259	0.99444444
0.931300	9.84444444	0.99444444
0.931400	9.84629630	0.99444444
0.931500	9.83888889	0.99444444
0.931600	9.84629630	0.99444444
0.931700	9.84259259	0.99444444
0.931800	9.84629630	0.99444444
0.931900	9.84259259	0.99444444
0.932000	9.83333333	0.99444444
0.932100	9.83888889	0.99444444
0.932200	9.83888889	0.99444444
0.932300	9.84074074	0.99444444
0.932400	9.84814815	0.99444444
0.932500	9.84259259	0.99444444
0.932600	9.84259259	0.99444444
0.932700	9.84814815	0.99444444
0.932800	9.84629630	0.99444444
0.932900	9.84074074	0.99444444
0.933000	9.83888889	0.99444444
0.933100	9.84074074	0.99444444
0.933200	9.85185185	0.99444444
0.933300	9.84629630	0.99444444
0.933400	9.85185185	0.99444444
0.933500	9.84444444	0.99444444
0.933600	9.84074074	0.99444444
0.933700	9.84629630	0.99444444
0.933800	9.83888889	0.99444444
0.933900	9.83888889	0.99444444
0.934000	9.84629630	0.99444444
0.934100	9.83333333	0.99444444
0.934200	9.84259259	0.99444444
0.934300	9.84259259	0.99444444
0.934400	9.84259259	0.99444444
0.934500	9.84444444	0.99444444
0.934600	9.84259259	0.99444444
0.934700	9.83703704	0.99444444
0.934800	9.83888889	0.99444444
0.934900	9.84259259	0.99444444
0.935000	9.84444444	0.99444444
0.935100	9.84444444	0.99444444
0.935200	9.84629630	0.99444444
0.935300	9.83518519	0.99444444
0.935400	9.84259259	0.99444444
0.935500	9.83888889	0.99444444
0.935600	9.84074074	0.99444444
0.935700	9.84444444	0.99444444
0.935800	9.85000000	0.99444444
0.935900	9.84074074	0.99444444
0.936000	9.83888889	0.99444444
0.936100	9.84629630	0.99444444
0.936200	9.84444444	0.99444444
0.936300	9.83888889	0.99444444
0.936400	9.84444444	0.99444444
0.936500	9.84444444	0.99444444
0.936600	9.85000000	0.99444444
0.936700	9.83518519	0.99444444
0.936800	9.84444444	0.99444444
0.936900	9.84074074	0.99444444
0.937000	9.83888889	0.99444444
0.937100	9.84629630	0.99444444
0.937200	9.84074074	0.99444444
0.937300	9.84444444	0.99444444
0.937400	9.83703704	0.99444444
0.937500	9.84259259	0.99444444
0.937600	9.84814815	0.99444444
0.937700	9.84259259	0.99444444
0.937800	9.84814815	0.99444444
0.937900	9.85000000	0.99444444
0.938000	9.84629630	0.99444444
0.938100	9.84074074	0.99444444
0.938200	9.83703704	0.99444444
0.938300	9.84259259	0.99444444
0.938400	9.84444444	0.99444444
0.938500	9.84444444	0.99444444
0.938600	9.84629630	0.99444444
0.938700	9.85185185	0.99444444
0.938800	9.84629630	0.99444444
0.938900	9.84629630	0.99444444
0.939000	9.83888889	0.99444444
0.939100	9.85000000	0.99444444
0.939200	9.85185185	0.99444444
0.939300	9.84629630	0.99444444
0.939400	9.85185185	0.99444444
0.939500	9.84444444	0.99444444
0.939600	9.83888889	0.99444444
0.939700	9.83518519	0.99444444
0.939800	9.84444444	0.99444444
0.939900	9.84814815	0.99444444
0.940000	9.84259259	0.99444444
0.940100	9.84259259	0.99444444
0.940200	9.84074074	0.99444444
0.940300	9.84814815	0.99444444
0.940400	9.85185185	0.99444444
0.940500	9.83888889	0.99444444
0.940600	9.84259259	0.99444444
0.940700	9.84259259	0.99444444
0.940800	9.85000000	0.99444444
0.940900	9.84074074	0.99444444
0.941000	9.84444444	0.99444444
0.941100	9.85370370	0.99444444
0.941200	9.84629630	0.99444444
0.941300	9.84259259	0.99444444
0.941400	9.84444444	0.99444444
0.941500	9.85000000	0.99444444
0.941600	9.85000000	0.99444444
0.941700	9.84259259	0.99444444
0.941800	9.84074074	0.99444444
0.941900	9.84814815	0.99444444
0.942000	9.84444444	0.99444444
0.942100	9.84259259	0.99444444
0.942200	9.84259259	0.99444444
0.942300	9.84259259	0.99444444
0.942400	9.84629630	0.99444444
0.942500	9.85185185	0.99444444
0.942600	9.84629630	0.99444444
0.942700	9.83703704	0.99444444
0.942800	9.84444444	0.99444444
0.942900	9.84814815	0.99444444
0.943000	9.84629630	0.99444444
0.943100	9.84629630	0.99444444
0.943200	9.84629630	0.99444444
0.943300	9.84444444	0.99444444
0.943400	9.84444444	0.99444444
0.943500	9.84444444	0.99444444
0.943600	9.85000000	0.99444444
0.943700	9.83888889	0.99444444
0.943800	9.84259259	0.99444444
0.943900	9.84629630	0.99444444
0.944000	9.84814815	0.99444444
0.944100	9.84074074	0.99444444
0.944200	9.84814815	0.99444444
0.944300	9.84814815	0.99444444
0.944400	9.85000000	0.99444444
0.944500	9.84074074	0.99444444
0.944600	9.84259259	0.99444444
0.944700	9.85185185	0.99444444
0.944800	9.84074074	0.99444444
0.944900	9.85000000	0.99444444
0.945000	9.85185185	0.99444444
0.945100	9.84629630	0.99444444
0.945200	9.84074074	0.99444444
0.945300	9.84814815	0.99444444
0.945400	9.84259259	0.99444444
0.945500	9.84629630	0.99444444
0.945600	9.84444444	0.99444444
0.945700	9.84259259	0.99444444
0.945800	9.84629630	0.99444444
0.945900	9.84444444	0.99444444
0.946000	9.84444444	0.99444444
0.946100	9.85370370	0.99444444
0.946200	9.84074074	0.99444444
0.946300	9.84444444	0.99444444
0.946400	9.85000000	0.99444444
0.946500	9.84629630	0.99444444
0.946600	9.84814815	0.99444444
0.946700	9.84074074	0.99444444
0.946800	9.84444444	0.99444444
0.946900	9.84444444	0.99444444
0.947000	9.84629630	0.99444444
0.947100	9.84444444	0.99444444
0.947200	9.84444444	0.99444444
0.947300	9.84444444	0.99444444
0.947400	9.85000000	0.99444444
0.947500	9.84444444	0.99444444
0.947600	9.84444444	0.99444444
0.947700	9.84814815	0.99444444
0.947800	9.84444444	0.99444444
0.947900	9.84259259	0.99444444
0.948000	9.84074074	0.99444444
0.948100	9.84259259	0.99444444
0.948200	9.84629630	0.99444444
0.948300	9.84814815	0.99444444
0.948400	9.84259259	0.99444444
0.948500	9.84814815	0.99444444
0.948600	9.84814815	0.99444444
0.948700	9.84814815	0.99444444
0.948800	9.84629630	0.99444444
0.948900	9.84259259	0.99444444
0.949000	9.84259259	0.99444444
0.949100	9.85185185	0.99444444
0.949200	9.85185185	0.99444444
0.949300	9.84444444	0.99444444
0.949400	9.84259259	0.99444444
0.949500	9.84629630	0.99444444
0.949600	9.84814815	0.99444444
0.949700	9.84259259	0.99444444
0.949800	9.85000000	0.99444444
0.949900	9.84259259	0.99444444
0.950000	9.84814815	0.99444444
0.950100	9.85185185	0.99444444
0.950200	9.85000000	0.99444444
0.950300	9.84444444	0.99444444
0.950400	9.84629630	0.99444444
0.950500	9.84444444	0.99444444
0.950600	9.83888889	0.99444444
0.950700	9.85000000	0.99444444
0.950800	9.84444444	0.99444444
0.950900	9.84074074	0.99444444
0.951000	9.84259259	0.99444444
0.951100	9.84629630	0.99444444
0.951200	9.85370370	0.99444444
0.951300	9.85000000	0.99444444
0.951400	9.84814815	0.99444444
0.951500	9.84814815	0.99444444
0.951600	9.84629630	0.99444444
0.951700	9.85185185	0.99444444
0.951800	9.84074074	0.99444444
0.951900	9.84814815	0.99444444
0.952000	9.85000000	0.99444444
0.952100	9.84814815	0.99444444
0.952200	9.83888889	0.99444444
0.952300	9.84814815	0.99444444
0.952400	9.84814815	0.99444444
0.952500	9.84444444	0.99444444
0.952600	9.84444444	0.99444444
0.952700	9.84444444	0.99444444
0.952800	9.84259259	0.99444444
0.952900	9.85000000	0.99444444
0.953000	9.84629630	0.99444444
0.953100	9.84629630	0.99444444
0.953200	9.85370370	0.99444444
0.953300	9.84259259	0.99444444
0.953400	9.85000000	0.99444444
0.953500	9.85000000	0.99444444
0.953600	9.84259259	0.99444444
0.953700	9.84814815	0.99444444
0.953800	9.84814815	0.99444444
0.953900	9.84444444	0.99444444
0.954000	9.84074074	0.99444444
0.954100	9.84814815	0.99444444
0.954200	9.84629630	0.99444444
0.954300	9.85000000	0.99444444
0.954400	9.84814815	0.99444444
0.954500	9.84444444	0.99444444
0.954600	9.84444444	0.99444444
0.954700	9.84814815	0.99444444
0.954800	9.84629630	0.99444444
0.954900	9.84259259	0.99444444
0.955000	9.85000000	0.99444444
0.955100	9.84259259	0.99444444
0.955200	9.85185185	0.99444444
0.955300	9.85000000	0.99444444
0.955400	9.85000000	0.99444444
0.955500	9.84259259	0.99444444
0.955600	9.85000000	0.99444444
0.955700	9.84629630	0.99444444
0.955800	9.85185185	0.99444444
0.955900	9.84814815	0.99444444
0.956000	9.85000000	0.99444444
0.956100	9.85000000	0.99444444
0.956200	9.84444444	0.99444444
0.956300	9.84629630	0.99444444
0.956400	9.84814815	0.99444444
0.956500	9.84629630	0.99444444
0.956600	9.84629630	0.99444444
0.956700	9.84074074	0.99444444
0.956800	9.84444444	0.99444444
0.956900	9.85185185	0.99444444
0.957000	9.84629630	0.99444444
0.957100	9.84814815	0.99444444
0.957200	9.84629630	0.99444444
0.957300	9.85000000	0.99444444
0.957400	9.84629630	0.99444444
0.957500	9.85185185	0.99444444
0.957600	9.85000000	0.99444444
0.957700	9.84629630	0.99444444
0.957800	9.85000000	0.99444444
0.957900	9.85000000	0.99444444
0.958000	9.84814815	0.99444444
0.958100	9.84814815	0.99444444
0.958200	9.84814815	0.99444444
0.958300	9.85000000	0.99444444
0.958400	9.84629630	0.99444444
0.958500	9.85000000	0.99444444
0.958600	9.85000000	0.99444444
0.958700	9.84444444	0.99444444
0.958800	9.84629630	0.99444444
0.958900	9.84814815	0.99444444
0.959000	9.84444444	0.99444444
0.959100	9.85185185	0.99444444
0.959200	9.85185185	0.99444444
0.959300	9.84444444	0.99444444
0.959400	9.85000000	0.99444444
0.959500	9.84629630	0.99444444
0.959600	9.84814815	0.99444444
0.959700	9.85000000	0.99444444
0.959800	9.85370370	0.99444444
0.959900	9.84629630	0.99444444
0.960000	9.84074074	0.99444444
0.960100	9.85000000	0.99444444
0.960200	9.85000000	0.99444444
0.960300	9.84444444	0.99444444
0.960400	9.84444444	0.99444444
0.960500	9.85000000	0.99444444
0.960600	9.85000000	0.99444444
0.960700	9.85000000	0.99444444
0.960800	9.85185185	0.99444444
0.960900	9.84629630	0.99444444
0.961000	9.85185185	0.99444444
0.961100	9.85370370	0.99444444
0.961200	9.84814815	0.99444444
0.961300	9.84814815	0.99444444
0.961400	9.85185185	0.99444444
0.961500	9.85000000	0.99444444
0.961600	9.85000000	0.99444444
0.961700	9.84814815	0.99444444
0.961800	9.85000000	0.99444444
0.961900	9.85000000	0.99444444
0.962000	9.84814815	0.99444444
0.962100	9.85000000	0.99444444
0.962200	9.84259259	0.99444444
0.962300	9.85185185	0.99444444
0.962400	9.84629630	0.99444444
0.962500	9.84814815	0.99444444
0.962600	9.85000000	0.99444444
0.962700	9.85000000	0.99444444
0.962800	9.85000000	0.99444444
0.962900	9.85000000	0.99444444
0.963000	9.85000000	0.99444444
0.963100	9.85000000	0.99444444
0.963200	9.85000000	0.99444444
0.963300	9.84444444	0.99444444
0.963400	9.84814815	0.99444444
0.963500	9.85185185	0.99444444
0.963600	9.85000000	0.99444444
0.963700	9.84629630	0.99444444
0.963800	9.84444444	0.99444444
0.963900	9.84814815	0.99444444
0.964000	9.84629630	0.99444444
0.964100	9.85370370	0.99444444
0.964200	9.84814815	0.99444444
0.964300	9.84444444	0.99444444
0.964400	9.85370370	0.99444444
0.964500	9.84629630	0.99444444
0.964600	9.84814815	0.99444444
0.964700	9.84629630	0.99444444
0.964800	9.85000000	0.99444444
0.964900	9.84259259	0.99444444
0.965000	9.85000000	0.99444444
0.965100	9.84259259	0.99444444
0.965200	9.84629630	0.99444444
0.965300	9.84629630	0.99444444
0.965400	9.85000000	0.99444444
0.965500	9.84629630	0.99444444
0.965600	9.84814815	0.99444444
0.965700	9.84444444	0.99444444
0.965800	9.84814815	0.99444444
0.965900	9.84814815	0.99444444
0.966000	9.85185185	0.99444444
0.966100	9.85000000	0.99444444
0.966200	9.85185185	0.99444444
0.966300	9.84814815	0.99444444
0.966400	9.84814815	0.99444444
0.966500	9.85185185	0.99444444
0.966600	9.85000000	0.99444444
0.966700	9.85000000	0.99444444
0.966800	9.84814815	0.99444444
0.966900	9.84629630	0.99444444
0.967000	9.85370370	0.99444444
0.967100	9.84629630	0.99444444
0.967200	9.85185185	0.99444444
0.967300	9.85000000	0.99444444
0.967400	9.85000000	0.99444444
0.967500	9.85370370	0.99444444
0.967600	9.85000000	0.99444444
0.967700	9.85000000	0.99444444
0.967800	9.85185185	0.99444444
0.967900	9.84814815	0.99444444
0.968000	9.85185185	0.99444444
0.968100	9.85185185	0.99444444
0.968200	9.85370370	0.99444444
0.968300	9.84629630	0.99444444
0.968400	9.85370370	0.99444444
0.968500	9.85000000	0.99444444
0.968600	9.84074074	0.99444444
0.968700	9.84629630	0.99444444
0.968800	9.85185185	0.99444444
0.968900	9.85370370	0.99444444
0.969000	9.85000000	0.99444444
0.969100	9.84444444	0.99444444
0.969200	9.85185185	0.99444444
0.969300	9.84629630	0.99444444
0.969400	9.85185185	0.99444444
0.969500	9.84629630	0.99444444
0.969600	9.84074074	0.99444444
0.969700	9.85370370	0.99444444
0.969800	9.85000000	0.99444444
0.969900	9.84444444	0.99444444
0.970000	9.85000000	0.99444444
0.970100	9.85000000	0.99444444
0.970200	9.84814815	0.99444444
0.970300	9.84814815	0.99444444
0.970400	9.85000000	0.99444444
0.970500	9.85185185	0.99444444
0.970600	9.85370370	0.99444444
0.970700	9.84814815	0.99444444
0.970800	9.85000000	0.99444444
0.970900	9.85185185	0.99444444
0.971000	9.84444444	0.99444444
0.971100	9.85370370	0.99444444
0.971200	9.84629630	0.99444444
0.971300	9.84814815	0.99444444
0.971400	9.84814815	0.99444444
0.971500	9.85185185	0.99444444
0.971600	9.85000000	0.99444444
0.971700	9.84814815	0.99444444
0.971800	9.85370370	0.99444444
0.971900	9.85185185	0.99444444
0.972000	9.84814815	0.99444444
0.972100	9.84814815	0.99444444
0.972200	9.84444444	0.99444444
0.972300	9.84814815	0.99444444
0.972400	9.85185185	0.99444444
0.972500	9.84629630	0.99444444
0.972600	9.85000000	0.99444444
0.972700	9.85185185	0.99444444
0.972800	9.84814815	0.99444444
0.972900	9.85185185	0.99444444
0.973000	9.85370370	0.99444444
0.973100	9.85185185	0.99444444
0.973200	9.84259259	0.99444444
0.973300	9.84629630	0.99444444
0.973400	9.85370370	0.99444444
0.973500	9.85000000	0.99444444
0.973600	9.84629630	0.99444444
0.973700	9.84814815	0.99444444
0.973800	9.84814815	0.99444444
0.973900	9.85370370	0.99444444
0.974000	9.85000000	0.99444444
0.974100	9.84814815	0.99444444
0.974200	9.84814815	0.99444444
0.974300	9.85185185	0.99444444
0.974400	9.85000000	0.99444444
0.974500	9.85185185	0.99444444
0.974600	9.85000000	0.99444444
0.974700	9.85000000	0.99444444
0.974800	9.84444444	0.99444444
0.974900	9.85000000	0.99444444
0.975000	9.85000000	0.99444444
0.975100	9.85185185	0.99444444
0.975200	9.85000000	0.99444444
0.975300	9.85370370	0.99444444
0.975400	9.85000000	0.99444444
0.975500	9.84444444	0.99444444
0.975600	9.85185185	0.99444444
0.975700	9.84814815	0.99444444
0.975800	9.85185185	0.99444444
0.975900	9.85000000	0.99444444
0.976000	9.84814815	0.99444444
0.976100	9.85185185	0.99444444
0.976200	9.85185185	0.99444444
0.976300	9.84814815	0.99444444
0.976400	9.85185185	0.99444444
0.976500	9.84814815	0.99444444
0.976600	9.85370370	0.99444444
0.976700	9.85000000	0.99444444
0.976800	9.85000000	0.99444444
0.976900	9.84629630	0.99444444
0.977000	9.85000000	0.99444444
0.977100	9.85185185	0.99444444
0.977200	9.84814815	0.99444444
0.977300	9.85370370	0.99444444
0.977400	9.84814815	0.99444444
0.977500	9.84814815	0.99444444
0.977600	9.85370370	0.99444444
0.977700	9.85185185	0.99444444
0.977800	9.84629630	0.99444444
0.977900	9.85185185	0.99444444
0.978000	9.85000000	0.99444444
0.978100	9.85370370	0.99444444
0.978200	9.85185185	0.99444444
0.978300	9.85185185	0.99444444
0.978400	9.85000000	0.99444444
0.978500	9.84814815	0.99444444
0.978600	9.85185185	0.99444444
0.978700	9.85000000	0.99444444
0.978800	9.85000000	0.99444444
0.978900	9.85000000	0.99444444
0.979000	9.85000000	0.99444444
0.979100	9.84814815	0.99444444
0.979200	9.85370370	0.99444444
0.979300	9.85000000	0.99444444
0.979400	9.85000000	0.99444444
0.979500	9.85370370	0.99444444
0.979600	9.85185185	0.99444444
0.979700	9.84814815	0.99444444
0.979800	9.85370370	0.99444444
0.979900	9.85185185	0.99444444
0.980000	9.85185185	0.99444444
0.980100	9.85370370	0.99444444
0.980200	9.85000000	0.99444444
0.980300	9.84814815	0.99444444
0.980400	9.84814815	0.99444444
0.980500	9.85185185	0.99444444
0.980600	9.85370370	0.99444444
0.980700	9.85185185	0.99444444
0.980800	9.84444444	0.99444444
0.980900	9.85185185	0.99444444
0.981000	9.85185185	0.99444444
0.981100	9.85000000	0.99444444
0.981200	9.85185185	0.99444444
0.981300	9.85370370	0.99444444
0.981400	9.85370370	0.99444444
0.981500	9.84814815	0.99444444
0.981600	9.85370370	0.99444444
0.981700	9.84814815	0.99444444
0.981800	9.85370370	0.99444444
0.981900	9.84814815	0.99444444
0.982000	9.85185185	0.99444444
0.982100	9.84814815	0.99444444
0.982200	9.85370370	0.99444444
0.982300	9.85185185	0.99444444
0.982400	9.85000000	0.99444444
0.982500	9.85370370	0.99444444
0.982600	9.84629630	0.99444444
0.982700	9.85000000	0.99444444
0.982800	9.85370370	0.99444444
0.982900	9.85185185	0.99444444
0.983000	9.85185185	0.99444444
0.983100	9.84814815	0.99444444
0.983200	9.85185185	0.99444444
0.983300	9.85370370	0.99444444
0.983400	9.85000000	0.99444444
0.983500	9.85370370	0.99444444
0.983600	9.85370370	0.99444444
0.983700	9.85370370	0.99444444
0.983800	9.85185185	0.99444444
0.983900	9.84814815	0.99444444
0.984000	9.85185185	0.99444444
0.984100	9.85185185	0.99444444
0.984200	9.84814815	0.99444444
0.984300	9.85185185	0.99444444
0.984400	9.85370370	0.99444444
0.984500	9.85370370	0.99444444
0.984600	9.85185185	0.99444444
0.984700	9.85185185	0.99444444
0.984800	9.85370370	0.99444444
0.984900	9.85370370	0.99444444
0.985000	9.85185185	0.99444444
0.985100	9.85185185	0.99444444
0.985200	9.85185185	0.99444444
0.985300	9.85185185	0.99444444
0.985400	9.85370370	0.99444444
0.985500	9.85185185	0.99444444
0.985600	9.85370370	0.99444444
0.985700	9.85370370	0.99444444
0.985800	9.85185185	0.99444444
0.985900	9.84629630	0.99444444
0.986000	9.85000000	0.99444444
0.986100	9.85185185	0.99444444
0.986200	9.85370370	0.99444444
0.986300	9.85185185	0.99444444
0.986400	9.85185185	0.99444444
0.986500	9.85000000	0.99444444
0.986600	9.85185185	0.99444444
0.986700	9.85370370	0.99444444
0.986800	9.85370370	0.99444444
0.986900	9.85185185	0.99444444
0.987000	9.85185185	0.99444444
0.987100	9.85185185	0.99444444
0.987200	9.85185185	0.99444444
0.987300	9.85000000	0.99444444
0.987400	9.85370370	0.99444444
0.987500	9.85185185	0.99444444
0.987600	9.85370370	0.99444444
0.987700	9.85185185	0.99444444
0.987800	9.85185185	0.99444444
0.987900	9.85370370	0.99444444
0.988000	9.85370370	0.99444444
0.988100	9.85185185	0.99444444
0.988200	9.85370370	0.99444444
0.988300	9.85185185	0.99444444
0.988400	9.85185185	0.99444444
0.988500	9.85185185	0.99444444
0.988600	9.85185185	0.99444444
0.988700	9.85370370	0.99444444
0.988800	9.85000000	0.99444444
0.988900	9.85370370	0.99444444
0.989000	9.85185185	0.99444444
0.989100	9.85185185	0.99444444
0.989200	9.84814815	0.99444444
0.989300	9.85185185	0.99444444
0.989400	9.84814815	0.99444444
0.989500	9.85185185	0.99444444
0.989600	9.85370370	0.99444444
0.989700	9.85000000	0.99444444
0.989800	9.85370370	0.99444444
0.989900	9.85185185	0.99444444
0.990000	9.85185185	0.99444444
0.990100	9.85185185	0.99444444
0.990200	9.85370370	0.99444444
0.990300	9.85185185	0.99444444
0.990400	9.85185185	0.99444444
0.990500	9.85000000	0.99444444
0.990600	9.85185185	0.99444444
0.990700	9.85370370	0.99444444
0.990800	9.85185185	0.99444444
0.990900	9.85370370	0.99444444
0.991000	9.85370370	0.99444444
0.991100	9.85000000	0.99444444
0.991200	9.85370370	0.99444444
0.991300	9.85185185	0.99444444
0.991400	9.85185185	0.99444444
0.991500	9.85370370	0.99444444
0.991600	9.85370370	0.99444444
0.991700	9.85370370	0.99444444
0.991800	9.85370370	0.99444444
0.991900	9.85370370	0.99444444
0.992000	9.85185185	0.99444444
0.992100	9.85185185	0.99444444
0.992200	9.85185185	0.99444444
0.992300	9.85000000	0.99444444
0.992400	9.85370370	0.99444444
0.992500	9.85370370	0.99444444
0.992600	9.85370370	0.99444444
0.992700	9.85370370	0.99444444
0.992800	9.85370370	0.99444444
0.992900	9.85185185	0.99444444
0.993000	9.85000000	0.99444444
0.993100	9.85370370	0.99444444
0.993200	9.85370370	0.99444444
0.993300	9.85370370	0.99444444
0.993400	9.85185185	0.99444444
0.993500	9.85370370	0.99444444
0.993600	9.85185185	0.99444444
0.993700	9.85185185	0.99444444
0.993800	9.85000000	0.99444444
0.993900	9.85185185	0.99444444
0.994000	9.85000000	0.99444444
0.994100	9.85185185	0.99444444
0.994200	9.85370370	0.99444444
0.994300	9.85370370	0.99444444
0.994400	9.85370370	0.99444444
0.994500	9.85370370	0.99444444
0.994600	9.85370370	0.99444444
0.994700	9.85185185	0.99444444
0.994800	9.85370370	0.99444444
0.994900	9.85370370	0.99444444
0.995000	9.85185185	0.99444444
0.995100	9.85370370	0.99444444
0.995200	9.85370370	0.99444444
0.995300	9.85370370	0.99444444
0.995400	9.85370370	0.99444444
0.995500	9.85370370	0.99444444
0.995600	9.85185185	0.99444444
0.995700	9.85370370	0.99444444
0.995800	9.85370370	0.99444444
0.995900	9.85370370	0.99444444
0.996000	9.85370370	0.99444444
0.996100	9.85370370	0.99444444
0.996200	9.85370370	0.99444444
0.996300	9.85185185	0.99444444
0.996400	9.85185185	0.99444444
0.996500	9.85370370	0.99444444
0.996600	9.85370370	0.99444444
0.996700	9.85185185	0.99444444
0.996800	9.85185185	0.99444444
0.996900	9.85370370	0.99444444
0.997000	9.85185185	0.99444444
0.997100	9.85370370	0.99444444
0.997200	9.85370370	0.99444444
0.997300	9.85370370	0.99444444
0.997400	9.85370370	0.99444444
0.997500	9.85370370	0.99444444
0.997600	9.85370370	0.99444444
0.997700	9.85185185	0.99444444
0.997800	9.85185185	0.99444444
0.997900	9.85370370	0.99444444
0.998000	9.85370370	0.99444444
0.998100	9.85370370	0.99444444
0.998200	9.85370370	0.99444444
0.998300	9.85370370	0.99444444
0.998400	9.85370370	0.99444444
0.998500	9.85185185	0.99444444
0.998600	9.85370370	0.99444444
0.998700	9.85370370	0.99444444
0.998800	9.85370370	0.99444444
0.998900	9.85370370	0.99444444
0.999000	9.85370370	0.99444444
0.999100	9.85370370	0.99444444
0.999200	9.85370370	0.99444444
0.999300	9.85370370	0.99444444
0.999400	9.85370370	0.99444444
0.999500	9.85370370	0.99444444
0.999600	9.85370370	0.99444444
0.999700	9.85370370	0.99444444
0.999800	9.85370370	0.99444444
0.999900	9.85370370	0.99444444
