base_sigma	MAX_EXC_WEIGHT	Gini	mean_peaks_height	std_peaks_height	fano_factor
0.040000	2.000000	0.000000	0.000000	0.000000	0.000000
0.040000	2.370000	0.000000	0.000000	0.000000	0.000000
0.040000	2.730000	0.000000	0.010815	0.000741	0.000051
0.040000	3.100000	0.000000	0.100960	0.024640	0.007616
0.040000	3.470000	0.000000	0.436646	0.276927	0.226014
0.040000	3.840000	0.000000	0.536890	0.211133	0.155007
0.040000	4.200000	0.000000	0.639765	0.158642	0.099181
0.040000	4.570000	0.000000	0.666313	0.220106	0.089187
0.040000	4.940000	0.000000	0.762820	0.097934	0.027604
0.040000	5.310000	0.000000	0.738563	0.161113	0.053751
0.040000	5.670000	0.000000	0.750097	0.110633	0.034607
0.040000	6.040000	0.000000	0.737994	0.128011	0.033936
0.040000	6.410000	0.000000	0.755447	0.115082	0.027336
0.040000	6.780000	0.000000	0.776627	0.120830	0.026178
0.040000	7.140000	0.000000	0.759040	0.130183	0.030522
0.040000	7.510000	0.000000	0.744873	0.152710	0.032588
0.040000	7.880000	0.000000	0.777087	0.157292	0.034479
0.040000	8.240000	0.000000	0.784773	0.166918	0.035907
0.040000	8.610000	0.000000	0.791137	0.154689	0.030755
0.040000	8.980000	0.000000	0.822591	0.149590	0.028062
0.040000	9.350000	0.000000	0.823788	0.167308	0.034144
0.040000	9.710000	0.000000	0.835473	0.158498	0.030798
0.040000	10.080000	0.000000	0.866804	0.127740	0.021585
0.040000	10.450000	0.000000	0.911289	0.096850	0.015033
0.040000	10.820000	0.000000	0.911038	0.089778	0.012832
0.040000	11.180000	0.000000	0.912833	0.094073	0.013087
0.040000	11.550000	0.000000	0.930195	0.076249	0.009130
0.040000	11.920000	0.000000	0.942999	0.079879	0.008819
0.040000	12.290000	0.000000	0.929027	0.085159	0.010204
0.040000	12.650000	0.000000	0.954694	0.060547	0.006928
0.040000	13.020000	0.000000	0.943805	0.078038	0.008492
0.040000	13.390000	0.000000	0.955252	0.058026	0.006222
0.040000	13.760000	0.000000	0.957298	0.055114	0.005657
0.040000	14.120000	0.000000	0.955042	0.057891	0.006178
0.040000	14.490000	0.000000	0.956612	0.058665	0.006261
0.040000	14.860000	0.000000	0.970006	0.052486	0.004788
0.040000	15.220000	0.000000	0.973423	0.033607	0.003417
0.040000	15.590000	0.000000	0.966597	0.039100	0.004330
0.040000	15.960000	0.000000	0.972949	0.042139	0.003616
0.040000	16.330000	0.000000	0.986258	0.026102	0.001723
0.040000	16.690000	0.000000	0.997398	0.000546	0.000000
0.040000	17.060000	0.000000	0.993863	0.010587	0.000515
0.040000	17.430000	0.000000	0.990601	0.014609	0.001056
0.040000	17.800000	0.000000	0.991836	0.013218	0.000843
0.040000	18.160000	0.000000	0.793230	0.011593	0.000654
0.040000	18.530000	0.000000	0.993413	0.011230	0.000613
0.040000	18.900000	0.000000	0.991567	0.013182	0.000848
0.040000	19.270000	0.000000	0.796827	0.006455	0.000196
0.040000	19.630000	0.000000	0.797707	0.004633	0.000098
0.040000	20.000000	0.000000	0.596369	0.008092	0.000318
0.051400	2.000000	0.000000	0.000000	0.000000	0.000000
0.051400	2.370000	0.000000	0.000000	0.000000	0.000000
0.051400	2.730000	0.000000	0.000000	0.000000	0.000000
0.051400	3.100000	0.000000	0.000000	0.000000	0.000000
0.051400	3.470000	0.000000	0.000000	0.000000	0.000000
0.051400	3.840000	0.000000	0.194314	0.048500	0.050900
0.051400	4.200000	0.000000	0.313334	0.140377	0.098600
0.051400	4.570000	0.000000	0.394075	0.198252	0.140451
0.051400	4.940000	0.000000	0.470561	0.190319	0.103329
0.051400	5.310000	0.000000	0.592260	0.135261	0.044808
0.051400	5.670000	0.000000	0.588327	0.137232	0.047319
0.051400	6.040000	0.000000	0.620743	0.120608	0.033111
0.051400	6.410000	0.000000	0.670750	0.140330	0.037228
0.051400	6.780000	0.000000	0.673600	0.135684	0.035723
0.051400	7.140000	0.000000	0.672697	0.103682	0.031272
0.051400	7.510000	0.000000	0.631774	0.156339	0.057344
0.051400	7.880000	0.000000	0.682801	0.169399	0.052390
0.051400	8.240000	0.000000	0.662627	0.169332	0.063538
0.051400	8.610000	0.000000	0.666428	0.196981	0.063101
0.051400	8.980000	0.000000	0.665542	0.207975	0.066367
0.051400	9.350000	0.000000	0.688513	0.202566	0.061589
0.051400	9.710000	0.000000	0.699556	0.190345	0.052552
0.051400	10.080000	0.000000	0.717455	0.201253	0.057494
0.051400	10.450000	0.000000	0.763928	0.189271	0.047257
0.051400	10.820000	0.000000	0.774236	0.181742	0.043286
0.051400	11.180000	0.000000	0.820338	0.154063	0.030125
0.051400	11.550000	0.000000	0.824200	0.145338	0.026846
0.051400	11.920000	0.000000	0.832421	0.145928	0.025637
0.051400	12.290000	0.000000	0.835077	0.139205	0.024420
0.051400	12.650000	0.000000	0.852841	0.128353	0.021499
0.051400	13.020000	0.000000	0.852856	0.128942	0.020774
0.051400	13.390000	0.000000	0.850444	0.119410	0.019393
0.051400	13.760000	0.000000	0.857516	0.118978	0.018373
0.051400	14.120000	0.000000	0.870775	0.112299	0.017049
0.051400	14.490000	0.000000	0.871963	0.110759	0.016096
0.051400	14.860000	0.000000	0.861014	0.126318	0.020367
0.051400	15.220000	0.000000	0.880360	0.124530	0.019936
0.051400	15.590000	0.000000	0.874518	0.121097	0.018763
0.051400	15.960000	0.000000	0.868797	0.121652	0.018259
0.051400	16.330000	0.000000	0.876665	0.115478	0.016437
0.051400	16.690000	0.000000	0.873194	0.124095	0.020434
0.051400	17.060000	0.000000	0.883890	0.114002	0.016328
0.051400	17.430000	0.000000	0.871668	0.115615	0.017371
0.051400	17.800000	0.000000	0.893911	0.111253	0.015199
0.051400	18.160000	0.000000	0.892571	0.120329	0.017905
0.051400	18.530000	0.000000	0.911588	0.093073	0.012559
0.051400	18.900000	0.000000	0.902237	0.103577	0.013514
0.051400	19.270000	0.000000	0.907921	0.096246	0.012523
0.051400	19.630000	0.000000	0.929022	0.099383	0.010880
0.051400	20.000000	0.000000	0.943050	0.077432	0.008473
0.062900	2.000000	0.000000	0.000000	0.000000	0.000000
0.062900	2.370000	0.000000	0.000000	0.000000	0.000000
0.062900	2.730000	0.000000	0.000000	0.000000	0.000000
0.062900	3.100000	0.000000	0.000000	0.000000	0.000000
0.062900	3.470000	0.000000	0.000000	0.000000	0.000000
0.062900	3.840000	0.000000	0.000000	0.000000	0.000000
0.062900	4.200000	0.000000	0.000000	0.000000	0.000000
0.062900	4.570000	0.000000	0.219276	0.010142	0.000870
0.062900	4.940000	0.000000	0.364700	0.039293	0.008077
0.062900	5.310000	0.000000	0.497382	0.136657	0.128336
0.062900	5.670000	0.000000	0.530300	0.255470	0.138573
0.062900	6.040000	0.000000	0.643749	0.272030	0.144392
0.062900	6.410000	0.000000	0.684926	0.255316	0.134604
0.062900	6.780000	0.000000	0.767121	0.224941	0.093865
0.062900	7.140000	0.000000	0.820451	0.174585	0.050161
0.062900	7.510000	0.000000	0.866865	0.131182	0.042633
0.062900	7.880000	0.000000	0.890909	0.107066	0.024199
0.062900	8.240000	0.000000	0.894720	0.052261	0.018017
0.062900	8.610000	0.000000	0.897397	0.050714	0.020118
0.062900	8.980000	0.000000	0.908041	0.053966	0.020454
0.062900	9.350000	0.000000	0.903589	0.051925	0.020516
0.062900	9.710000	0.000000	0.871416	0.088708	0.029872
0.062900	10.080000	0.000000	0.873939	0.074747	0.019779
0.062900	10.450000	0.000000	0.763493	0.194351	0.067992
0.062900	10.820000	0.000000	0.886581	0.111452	0.026421
0.062900	11.180000	0.000000	0.851476	0.125110	0.033115
0.062900	11.550000	0.000000	0.849324	0.129450	0.036383
0.062900	11.920000	0.000000	0.820117	0.132103	0.036401
0.062900	12.290000	0.000000	0.850956	0.139604	0.031702
0.062900	12.650000	0.000000	0.826742	0.158658	0.043104
0.062900	13.020000	0.000000	0.808545	0.160618	0.043448
0.062900	13.390000	0.000000	0.814863	0.153321	0.040249
0.062900	13.760000	0.000000	0.807329	0.150739	0.037735
0.062900	14.120000	0.000000	0.828634	0.171904	0.037394
0.062900	14.490000	0.000000	0.816039	0.177838	0.040353
0.062900	14.860000	0.000000	0.791843	0.170544	0.037894
0.062900	15.220000	0.000000	0.818541	0.174356	0.039971
0.062900	15.590000	0.000000	0.843460	0.155052	0.031861
0.062900	15.960000	0.000000	0.838519	0.158863	0.033259
0.062900	16.330000	0.000000	0.867014	0.139197	0.025000
0.062900	16.690000	0.000000	0.861559	0.156094	0.029613
0.062900	17.060000	0.000000	0.873306	0.140952	0.025330
0.062900	17.430000	0.000000	0.880861	0.135885	0.021535
0.062900	17.800000	0.000000	0.869422	0.140925	0.024942
0.062900	18.160000	0.000000	0.874479	0.142933	0.024612
0.062900	18.530000	0.000000	0.869501	0.144659	0.025243
0.062900	18.900000	0.000000	0.891976	0.115477	0.016959
0.062900	19.270000	0.000000	0.894522	0.123572	0.018090
0.062900	19.630000	0.000000	0.914658	0.094370	0.013909
0.062900	20.000000	0.000000	0.898362	0.126771	0.019193
0.074300	2.000000	0.000000	0.000000	0.000000	0.000000
0.074300	2.370000	0.000000	0.000000	0.000000	0.000000
0.074300	2.730000	0.000000	0.000000	0.000000	0.000000
0.074300	3.100000	0.000000	0.000000	0.000000	0.000000
0.074300	3.470000	0.000000	0.000000	0.000000	0.000000
0.074300	3.840000	0.000000	0.000000	0.000000	0.000000
0.074300	4.200000	0.000000	0.010671	0.000000	0.000000
0.074300	4.570000	0.000000	0.010671	0.000000	0.000000
0.074300	4.940000	0.000000	0.025232	0.004116	0.001195
0.074300	5.310000	0.000000	0.273010	0.039204	0.020828
0.074300	5.670000	0.000000	0.264374	0.123158	0.073850
0.074300	6.040000	0.000000	0.389103	0.171766	0.085185
0.074300	6.410000	0.000000	0.436205	0.169437	0.099816
0.074300	6.780000	0.000000	0.532166	0.191393	0.085007
0.074300	7.140000	0.000000	0.610151	0.175052	0.065325
0.074300	7.510000	0.000000	0.687340	0.161965	0.042002
0.074300	7.880000	0.000000	0.719417	0.171120	0.043651
0.074300	8.240000	0.000000	0.775892	0.107756	0.022709
0.074300	8.610000	0.000000	0.798499	0.121406	0.024830
0.074300	8.980000	0.000000	0.776947	0.153978	0.034392
0.074300	9.350000	0.000000	0.829174	0.089089	0.018062
0.074300	9.710000	0.000000	0.839665	0.070809	0.019487
0.074300	10.080000	0.000000	0.849245	0.077429	0.020326
0.074300	10.450000	0.000000	0.857206	0.082145	0.021281
0.074300	10.820000	0.000000	0.866880	0.074582	0.017158
0.074300	11.180000	0.000000	0.868675	0.053293	0.016275
0.074300	11.550000	0.000000	0.837262	0.081769	0.024603
0.074300	11.920000	0.000000	0.836077	0.122174	0.033288
0.074300	12.290000	0.000000	0.850071	0.067393	0.018725
0.074300	12.650000	0.000000	0.824633	0.112364	0.028807
0.074300	13.020000	0.000000	0.818237	0.118322	0.033390
0.074300	13.390000	0.000000	0.810814	0.114256	0.031498
0.074300	13.760000	0.000000	0.780479	0.129434	0.042424
0.074300	14.120000	0.000000	0.791885	0.125401	0.038257
0.074300	14.490000	0.000000	0.773788	0.152668	0.045201
0.074300	14.860000	0.000000	0.747321	0.153930	0.043766
0.074300	15.220000	0.000000	0.775839	0.134226	0.039821
0.074300	15.590000	0.000000	0.751214	0.148304	0.041136
0.074300	15.960000	0.000000	0.745426	0.157165	0.042284
0.074300	16.330000	0.000000	0.719603	0.186477	0.049120
0.074300	16.690000	0.000000	0.746191	0.179364	0.044270
0.074300	17.060000	0.000000	0.741413	0.184165	0.046799
0.074300	17.430000	0.000000	0.748061	0.169826	0.039934
0.074300	17.800000	0.000000	0.756416	0.183543	0.045592
0.074300	18.160000	0.000000	0.796740	0.145542	0.031276
0.074300	18.530000	0.000000	0.762570	0.179910	0.043864
0.074300	18.900000	0.000000	0.767327	0.176521	0.043169
0.074300	19.270000	0.000000	0.770945	0.171953	0.039558
0.074300	19.630000	0.000000	0.787380	0.161837	0.036312
0.074300	20.000000	0.000000	0.764839	0.178882	0.043593
0.085700	2.000000	0.000000	0.000000	0.000000	0.000000
0.085700	2.370000	0.000000	0.000000	0.000000	0.000000
0.085700	2.730000	0.000000	0.000000	0.000000	0.000000
0.085700	3.100000	0.000000	0.000000	0.000000	0.000000
0.085700	3.470000	0.000000	0.000000	0.000000	0.000000
0.085700	3.840000	0.000000	0.000000	0.000000	0.000000
0.085700	4.200000	0.000000	0.000000	0.000000	0.000000
0.085700	4.570000	0.000000	0.000000	0.000000	0.000000
0.085700	4.940000	0.000000	0.000000	0.000000	0.000000
0.085700	5.310000	0.000000	0.062068	0.000000	0.000000
0.085700	5.670000	0.000000	0.217874	0.002052	0.000025
0.085700	6.040000	0.000000	0.171286	0.052551	0.021444
0.085700	6.410000	0.000000	0.290033	0.068005	0.016809
0.085700	6.780000	0.000000	0.316863	0.052544	0.012982
0.085700	7.140000	0.000000	0.324585	0.092702	0.026674
0.085700	7.510000	0.000000	0.326317	0.105296	0.034429
0.085700	7.880000	0.000000	0.403928	0.093805	0.040983
0.085700	8.240000	0.000000	0.454798	0.110992	0.036890
0.085700	8.610000	0.000000	0.484879	0.124758	0.046627
0.085700	8.980000	0.000000	0.519963	0.124658	0.042891
0.085700	9.350000	0.000000	0.540677	0.148035	0.050060
0.085700	9.710000	0.000000	0.555349	0.129339	0.044968
0.085700	10.080000	0.000000	0.566877	0.122341	0.043528
0.085700	10.450000	0.000000	0.568676	0.148390	0.054566
0.085700	10.820000	0.000000	0.597568	0.133867	0.041592
0.085700	11.180000	0.000000	0.590981	0.180276	0.060269
0.085700	11.550000	0.000000	0.601168	0.143884	0.048266
0.085700	11.920000	0.000000	0.636459	0.153057	0.043868
0.085700	12.290000	0.000000	0.610605	0.155614	0.050120
0.085700	12.650000	0.000000	0.671858	0.136118	0.041994
0.085700	13.020000	0.000000	0.647459	0.134213	0.039461
0.085700	13.390000	0.000000	0.634913	0.176359	0.053877
0.085700	13.760000	0.000000	0.677088	0.135426	0.042103
0.085700	14.120000	0.000000	0.708035	0.093529	0.025135
0.085700	14.490000	0.000000	0.656866	0.137617	0.039906
0.085700	14.860000	0.000000	0.645196	0.158150	0.047801
0.085700	15.220000	0.000000	0.667807	0.134259	0.038677
0.085700	15.590000	0.000000	0.654858	0.136824	0.043698
0.085700	15.960000	0.000000	0.656025	0.131927	0.040927
0.085700	16.330000	0.000000	0.680668	0.138415	0.039866
0.085700	16.690000	0.000000	0.673188	0.131217	0.035370
0.085700	17.060000	0.000000	0.659719	0.128946	0.037276
0.085700	17.430000	0.000000	0.682807	0.129236	0.036401
0.085700	17.800000	0.000000	0.672133	0.129846	0.035767
0.085700	18.160000	0.000000	0.688000	0.123590	0.033445
0.085700	18.530000	0.000000	0.682095	0.126945	0.034756
0.085700	18.900000	0.000000	0.700011	0.125723	0.033412
0.085700	19.270000	0.000000	0.717965	0.120555	0.027675
0.085700	19.630000	0.000000	0.727718	0.118343	0.027188
0.085700	20.000000	0.000000	0.748075	0.113812	0.024630
0.097100	2.000000	0.000000	0.000000	0.000000	0.000000
0.097100	2.370000	0.000000	0.000000	0.000000	0.000000
0.097100	2.730000	0.000000	0.000000	0.000000	0.000000
0.097100	3.100000	0.000000	0.000000	0.000000	0.000000
0.097100	3.470000	0.000000	0.000000	0.000000	0.000000
0.097100	3.840000	0.000000	0.000000	0.000000	0.000000
0.097100	4.200000	0.000000	0.000000	0.000000	0.000000
0.097100	4.570000	0.000000	0.000000	0.000000	0.000000
0.097100	4.940000	0.000000	0.000000	0.000000	0.000000
0.097100	5.310000	0.000000	0.000000	0.000000	0.000000
0.097100	5.670000	0.000000	0.000000	0.000000	0.000000
0.097100	6.040000	0.000000	0.000000	0.000000	0.000000
0.097100	6.410000	0.000000	0.041811	0.001727	0.000174
0.097100	6.780000	0.000000	0.075195	0.031564	0.019912
0.097100	7.140000	0.000000	0.102004	0.042542	0.021698
0.097100	7.510000	0.000000	0.205117	0.091005	0.050789
0.097100	7.880000	0.000000	0.225479	0.115867	0.071714
0.097100	8.240000	0.000000	0.282355	0.121578	0.060499
0.097100	8.610000	0.000000	0.336218	0.115077	0.078533
0.097100	8.980000	0.000000	0.412156	0.164654	0.068788
0.097100	9.350000	0.000000	0.438936	0.159379	0.067067
0.097100	9.710000	0.000000	0.451978	0.139938	0.063261
0.097100	10.080000	0.000000	0.445302	0.127860	0.060129
0.097100	10.450000	0.000000	0.499055	0.156169	0.054017
0.097100	10.820000	0.000000	0.498583	0.160592	0.056387
0.097100	11.180000	0.000000	0.513965	0.151826	0.051086
0.097100	11.550000	0.000000	0.513819	0.162489	0.061045
0.097100	11.920000	0.000000	0.537903	0.180077	0.066173
0.097100	12.290000	0.000000	0.541092	0.177868	0.068224
0.097100	12.650000	0.000000	0.564539	0.192001	0.071867
0.097100	13.020000	0.000000	0.553172	0.179489	0.074369
0.097100	13.390000	0.000000	0.570802	0.212788	0.087526
0.097100	13.760000	0.000000	0.593341	0.186261	0.081652
0.097100	14.120000	0.000000	0.608944	0.159073	0.061679
0.097100	14.490000	0.000000	0.596292	0.173789	0.073346
0.097100	14.860000	0.000000	0.595274	0.195680	0.075235
0.097100	15.220000	0.000000	0.578023	0.177682	0.080545
0.097100	15.590000	0.000000	0.629723	0.144297	0.051510
0.097100	15.960000	0.000000	0.647966	0.189886	0.081765
0.097100	16.330000	0.000000	0.641046	0.162922	0.063603
0.097100	16.690000	0.000000	0.634966	0.174162	0.058656
0.097100	17.060000	0.000000	0.622531	0.159435	0.061039
0.097100	17.430000	0.000000	0.681737	0.139781	0.046900
0.097100	17.800000	0.000000	0.642633	0.167285	0.063511
0.097100	18.160000	0.000000	0.660668	0.158477	0.053019
0.097100	18.530000	0.000000	0.670656	0.157583	0.060540
0.097100	18.900000	0.000000	0.684568	0.186093	0.062542
0.097100	19.270000	0.000000	0.667062	0.148447	0.050521
0.097100	19.630000	0.000000	0.695936	0.158428	0.050290
0.097100	20.000000	0.000000	0.702398	0.138830	0.042088
0.108600	2.000000	0.000000	0.000000	0.000000	0.000000
0.108600	2.370000	0.000000	0.000000	0.000000	0.000000
0.108600	2.730000	0.000000	0.000000	0.000000	0.000000
0.108600	3.100000	0.000000	0.000000	0.000000	0.000000
0.108600	3.470000	0.000000	0.000000	0.000000	0.000000
0.108600	3.840000	0.000000	0.000000	0.000000	0.000000
0.108600	4.200000	0.000000	0.000000	0.000000	0.000000
0.108600	4.570000	0.000000	0.000000	0.000000	0.000000
0.108600	4.940000	0.000000	0.000000	0.000000	0.000000
0.108600	5.310000	0.000000	0.000000	0.000000	0.000000
0.108600	5.670000	0.000000	0.000000	0.000000	0.000000
0.108600	6.040000	0.000000	0.000000	0.000000	0.000000
0.108600	6.410000	0.000000	0.000000	0.000000	0.000000
0.108600	6.780000	0.000000	0.010560	0.000000	0.000000
0.108600	7.140000	0.000000	0.012460	0.000000	0.000000
0.108600	7.510000	0.000000	0.054347	0.000000	0.000000
0.108600	7.880000	0.000000	0.099028	0.050772	0.037838
0.108600	8.240000	0.000000	0.132289	0.073997	0.048583
0.108600	8.610000	0.000000	0.165901	0.058402	0.023435
0.108600	8.980000	0.000000	0.236307	0.081780	0.030013
0.108600	9.350000	0.000000	0.278498	0.085809	0.031637
0.108600	9.710000	0.000000	0.276992	0.112422	0.051403
0.108600	10.080000	0.000000	0.353066	0.106986	0.036229
0.108600	10.450000	0.000000	0.345316	0.113622	0.043120
0.108600	10.820000	0.000000	0.398055	0.109364	0.043625
0.108600	11.180000	0.000000	0.414259	0.132221	0.048809
0.108600	11.550000	0.000000	0.449779	0.146259	0.053334
0.108600	11.920000	0.000000	0.439744	0.140601	0.050917
0.108600	12.290000	0.000000	0.472120	0.169584	0.063131
0.108600	12.650000	0.000000	0.463922	0.173932	0.066784
0.108600	13.020000	0.000000	0.505252	0.158140	0.057161
0.108600	13.390000	0.000000	0.523349	0.151585	0.052784
0.108600	13.760000	0.000000	0.531641	0.159096	0.051680
0.108600	14.120000	0.000000	0.528153	0.185289	0.067578
0.108600	14.490000	0.000000	0.550171	0.171915	0.059053
0.108600	14.860000	0.000000	0.564682	0.171907	0.063832
0.108600	15.220000	0.000000	0.595525	0.160136	0.052911
0.108600	15.590000	0.000000	0.595550	0.160614	0.057936
0.108600	15.960000	0.000000	0.613078	0.146707	0.052167
0.108600	16.330000	0.000000	0.597227	0.203253	0.075175
0.108600	16.690000	0.000000	0.615336	0.165522	0.057581
0.108600	17.060000	0.000000	0.593234	0.202671	0.077344
0.108600	17.430000	0.000000	0.628740	0.195553	0.072276
0.108600	17.800000	0.000000	0.637648	0.160231	0.056011
0.108600	18.160000	0.000000	0.646495	0.168781	0.058839
0.108600	18.530000	0.000000	0.643511	0.171738	0.056460
0.108600	18.900000	0.000000	0.641668	0.186710	0.074034
0.108600	19.270000	0.000000	0.650344	0.144232	0.059742
0.108600	19.630000	0.000000	0.695917	0.125554	0.041686
0.108600	20.000000	0.000000	0.663576	0.157269	0.057418
0.120000	2.000000	0.000000	0.000000	0.000000	0.000000
0.120000	2.370000	0.000000	0.000000	0.000000	0.000000
0.120000	2.730000	0.000000	0.000000	0.000000	0.000000
0.120000	3.100000	0.000000	0.000000	0.000000	0.000000
0.120000	3.470000	0.000000	0.000000	0.000000	0.000000
0.120000	3.840000	0.000000	0.000000	0.000000	0.000000
0.120000	4.200000	0.000000	0.000000	0.000000	0.000000
0.120000	4.570000	0.000000	0.000000	0.000000	0.000000
0.120000	4.940000	0.000000	0.000000	0.000000	0.000000
0.120000	5.310000	0.000000	0.000000	0.000000	0.000000
0.120000	5.670000	0.000000	0.000000	0.000000	0.000000
0.120000	6.040000	0.000000	0.000000	0.000000	0.000000
0.120000	6.410000	0.000000	0.000000	0.000000	0.000000
0.120000	6.780000	0.000000	0.000000	0.000000	0.000000
0.120000	7.140000	0.000000	0.000000	0.000000	0.000000
0.120000	7.510000	0.000000	0.000000	0.000000	0.000000
0.120000	7.880000	0.000000	0.011465	0.000000	0.000000
0.120000	8.240000	0.000000	0.077884	0.018437	0.011301
0.120000	8.610000	0.000000	0.078939	0.030045	0.011704
0.120000	8.980000	0.000000	0.108867	0.040284	0.019137
0.120000	9.350000	0.000000	0.133932	0.060069	0.029593
0.120000	9.710000	0.000000	0.174225	0.065705	0.026030
0.120000	10.080000	0.000000	0.230065	0.108235	0.053560
0.120000	10.450000	0.000000	0.264785	0.120265	0.054977
0.120000	10.820000	0.000000	0.305396	0.126667	0.057146
0.120000	11.180000	0.000000	0.312081	0.130187	0.059368
0.120000	11.550000	0.000000	0.337981	0.109986	0.048941
0.120000	11.920000	0.000000	0.363089	0.142575	0.062338
0.120000	12.290000	0.000000	0.363166	0.144714	0.061332
0.120000	12.650000	0.000000	0.393426	0.149746	0.059998
0.120000	13.020000	0.000000	0.399683	0.150690	0.060277
0.120000	13.390000	0.000000	0.402920	0.163286	0.068773
0.120000	13.760000	0.000000	0.410319	0.164282	0.069662
0.120000	14.120000	0.000000	0.425328	0.164306	0.067559
0.120000	14.490000	0.000000	0.434523	0.178729	0.074976
0.120000	14.860000	0.000000	0.468188	0.199956	0.086886
0.120000	15.220000	0.000000	0.460590	0.188757	0.081035
0.120000	15.590000	0.000000	0.457212	0.180001	0.072967
0.120000	15.960000	0.000000	0.467763	0.189352	0.079679
0.120000	16.330000	0.000000	0.478330	0.190248	0.080083
0.120000	16.690000	0.000000	0.455728	0.184856	0.080370
0.120000	17.060000	0.000000	0.535688	0.191263	0.073839
0.120000	17.430000	0.000000	0.588978	0.191459	0.070099
0.120000	17.800000	0.000000	0.608325	0.169749	0.059690
0.120000	18.160000	0.000000	0.565679	0.188997	0.069332
0.120000	18.530000	0.000000	0.582026	0.200867	0.078894
0.120000	18.900000	0.000000	0.577197	0.179412	0.062504
0.120000	19.270000	0.000000	0.593683	0.186803	0.068172
0.120000	19.630000	0.000000	0.620383	0.152591	0.055586
0.120000	20.000000	0.000000	0.595140	0.185020	0.067853
0.131400	2.000000	0.000000	0.000000	0.000000	0.000000
0.131400	2.370000	0.000000	0.000000	0.000000	0.000000
0.131400	2.730000	0.000000	0.000000	0.000000	0.000000
0.131400	3.100000	0.000000	0.000000	0.000000	0.000000
0.131400	3.470000	0.000000	0.000000	0.000000	0.000000
0.131400	3.840000	0.000000	0.000000	0.000000	0.000000
0.131400	4.200000	0.000000	0.000000	0.000000	0.000000
0.131400	4.570000	0.000000	0.000000	0.000000	0.000000
0.131400	4.940000	0.000000	0.000000	0.000000	0.000000
0.131400	5.310000	0.000000	0.000000	0.000000	0.000000
0.131400	5.670000	0.000000	0.000000	0.000000	0.000000
0.131400	6.040000	0.000000	0.000000	0.000000	0.000000
0.131400	6.410000	0.000000	0.000000	0.000000	0.000000
0.131400	6.780000	0.000000	0.000000	0.000000	0.000000
0.131400	7.140000	0.000000	0.000000	0.000000	0.000000
0.131400	7.510000	0.000000	0.010993	0.000780	0.000055
0.131400	7.880000	0.000000	0.020836	0.000000	0.000000
0.131400	8.240000	0.000000	0.051012	0.030086	0.021553
0.131400	8.610000	0.000000	0.109636	0.035621	0.014968
0.131400	8.980000	0.000000	0.133536	0.034019	0.026814
0.131400	9.350000	0.000000	0.172199	0.057619	0.025968
0.131400	9.710000	0.000000	0.198905	0.064605	0.025282
0.131400	10.080000	0.000000	0.248716	0.066009	0.027513
0.131400	10.450000	0.000000	0.255724	0.090986	0.045312
0.131400	10.820000	0.000000	0.271289	0.089812	0.041711
0.131400	11.180000	0.000000	0.290751	0.084706	0.042772
0.131400	11.550000	0.000000	0.324931	0.087075	0.040412
0.131400	11.920000	0.000000	0.331507	0.097749	0.047164
0.131400	12.290000	0.000000	0.350409	0.105518	0.051190
0.131400	12.650000	0.000000	0.387594	0.105119	0.042828
0.131400	13.020000	0.000000	0.406609	0.098869	0.035117
0.131400	13.390000	0.000000	0.422886	0.118610	0.050281
0.131400	13.760000	0.000000	0.441823	0.138480	0.054519
0.131400	14.120000	0.000000	0.437446	0.123637	0.052359
0.131400	14.490000	0.000000	0.450763	0.144662	0.055173
0.131400	14.860000	0.000000	0.481883	0.145662	0.064440
0.131400	15.220000	0.000000	0.491037	0.136451	0.056086
0.131400	15.590000	0.000000	0.497065	0.176248	0.067574
0.131400	15.960000	0.000000	0.549755	0.134548	0.046462
0.131400	16.330000	0.000000	0.551165	0.137009	0.047512
0.131400	16.690000	0.000000	0.577942	0.131239	0.043453
0.131400	17.060000	0.000000	0.549344	0.121008	0.044937
0.131400	17.430000	0.000000	0.594001	0.118959	0.034102
0.131400	17.800000	0.000000	0.621658	0.130211	0.034933
0.131400	18.160000	0.000000	0.599950	0.127058	0.040489
0.131400	18.530000	0.000000	0.640040	0.125451	0.035176
0.131400	18.900000	0.000000	0.622976	0.127961	0.042001
0.131400	19.270000	0.000000	0.654296	0.133429	0.042100
0.131400	19.630000	0.000000	0.634157	0.155648	0.053547
0.131400	20.000000	0.000000	0.689659	0.113534	0.030081
0.142900	2.000000	0.000000	0.000000	0.000000	0.000000
0.142900	2.370000	0.000000	0.000000	0.000000	0.000000
0.142900	2.730000	0.000000	0.000000	0.000000	0.000000
0.142900	3.100000	0.000000	0.000000	0.000000	0.000000
0.142900	3.470000	0.000000	0.000000	0.000000	0.000000
0.142900	3.840000	0.000000	0.000000	0.000000	0.000000
0.142900	4.200000	0.000000	0.000000	0.000000	0.000000
0.142900	4.570000	0.000000	0.000000	0.000000	0.000000
0.142900	4.940000	0.000000	0.000000	0.000000	0.000000
0.142900	5.310000	0.000000	0.000000	0.000000	0.000000
0.142900	5.670000	0.000000	0.000000	0.000000	0.000000
0.142900	6.040000	0.000000	0.000000	0.000000	0.000000
0.142900	6.410000	0.000000	0.000000	0.000000	0.000000
0.142900	6.780000	0.000000	0.000000	0.000000	0.000000
0.142900	7.140000	0.000000	0.000000	0.000000	0.000000
0.142900	7.510000	0.000000	0.000000	0.000000	0.000000
0.142900	7.880000	0.000000	0.000000	0.000000	0.000000
0.142900	8.240000	0.000000	0.000000	0.000000	0.000000
0.142900	8.610000	0.000000	0.000000	0.000000	0.000000
0.142900	8.980000	0.000000	0.000000	0.000000	0.000000
0.142900	9.350000	0.000000	0.010443	0.000000	0.000000
0.142900	9.710000	0.000000	0.024288	0.002933	0.000373
0.142900	10.080000	0.000000	0.057469	0.002786	0.000400
0.142900	10.450000	0.000000	0.061688	0.009009	0.002486
0.142900	10.820000	0.000000	0.061933	0.010782	0.002125
0.142900	11.180000	0.000000	0.067080	0.015968	0.004280
0.142900	11.550000	0.000000	0.072739	0.020516	0.006252
0.142900	11.920000	0.000000	0.079621	0.024342	0.007537
0.142900	12.290000	0.000000	0.097682	0.036273	0.013711
0.142900	12.650000	0.000000	0.111647	0.044144	0.017723
0.142900	13.020000	0.000000	0.120956	0.048081	0.019339
0.142900	13.390000	0.000000	0.132244	0.054996	0.023146
0.142900	13.760000	0.000000	0.150967	0.066519	0.029575
0.142900	14.120000	0.000000	0.172980	0.078664	0.036257
0.142900	14.490000	0.000000	0.201503	0.087342	0.038461
0.142900	14.860000	0.000000	0.218209	0.081828	0.031302
0.142900	15.220000	0.000000	0.232739	0.099623	0.043012
0.142900	15.590000	0.000000	0.264528	0.103356	0.041522
0.142900	15.960000	0.000000	0.267630	0.096986	0.036054
0.142900	16.330000	0.000000	0.299081	0.111075	0.041872
0.142900	16.690000	0.000000	0.303962	0.122611	0.050310
0.142900	17.060000	0.000000	0.303158	0.116737	0.046016
0.142900	17.430000	0.000000	0.348417	0.124145	0.046101
0.142900	17.800000	0.000000	0.353545	0.112614	0.040270
0.142900	18.160000	0.000000	0.389727	0.134596	0.052062
0.142900	18.530000	0.000000	0.413004	0.149628	0.058646
0.142900	18.900000	0.000000	0.421118	0.137478	0.050829
0.142900	19.270000	0.000000	0.412877	0.144107	0.056422
0.142900	19.630000	0.000000	0.439456	0.134260	0.045166
0.142900	20.000000	0.000000	0.448901	0.153246	0.061257
0.154300	2.000000	0.000000	0.000000	0.000000	0.000000
0.154300	2.370000	0.000000	0.000000	0.000000	0.000000
0.154300	2.730000	0.000000	0.000000	0.000000	0.000000
0.154300	3.100000	0.000000	0.000000	0.000000	0.000000
0.154300	3.470000	0.000000	0.000000	0.000000	0.000000
0.154300	3.840000	0.000000	0.000000	0.000000	0.000000
0.154300	4.200000	0.000000	0.000000	0.000000	0.000000
0.154300	4.570000	0.000000	0.000000	0.000000	0.000000
0.154300	4.940000	0.000000	0.000000	0.000000	0.000000
0.154300	5.310000	0.000000	0.000000	0.000000	0.000000
0.154300	5.670000	0.000000	0.000000	0.000000	0.000000
0.154300	6.040000	0.000000	0.000000	0.000000	0.000000
0.154300	6.410000	0.000000	0.000000	0.000000	0.000000
0.154300	6.780000	0.000000	0.000000	0.000000	0.000000
0.154300	7.140000	0.000000	0.000000	0.000000	0.000000
0.154300	7.510000	0.000000	0.000000	0.000000	0.000000
0.154300	7.880000	0.000000	0.000000	0.000000	0.000000
0.154300	8.240000	0.000000	0.000000	0.000000	0.000000
0.154300	8.610000	0.000000	0.000000	0.000000	0.000000
0.154300	8.980000	0.000000	0.011595	0.000351	0.000011
0.154300	9.350000	0.000000	0.000000	0.000000	0.000000
0.154300	9.710000	0.000000	0.037439	0.001865	0.000123
0.154300	10.080000	0.000000	0.051590	0.011099	0.003606
0.154300	10.450000	0.000000	0.060100	0.012426	0.003434
0.154300	10.820000	0.000000	0.074980	0.015278	0.003986
0.154300	11.180000	0.000000	0.089360	0.022992	0.007015
0.154300	11.550000	0.000000	0.079970	0.018385	0.004500
0.154300	11.920000	0.000000	0.101904	0.025753	0.006938
0.154300	12.290000	0.000000	0.110930	0.028578	0.008271
0.154300	12.650000	0.000000	0.108390	0.036193	0.012346
0.154300	13.020000	0.000000	0.116766	0.042896	0.016524
0.154300	13.390000	0.000000	0.124951	0.043546	0.015657
0.154300	13.760000	0.000000	0.127219	0.045117	0.017070
0.154300	14.120000	0.000000	0.137761	0.055725	0.022907
0.154300	14.490000	0.000000	0.144377	0.059472	0.025473
0.154300	14.860000	0.000000	0.151020	0.065554	0.029175
0.154300	15.220000	0.000000	0.163266	0.071338	0.031917
0.154300	15.590000	0.000000	0.182276	0.078931	0.034751
0.154300	15.960000	0.000000	0.202631	0.095148	0.046656
0.154300	16.330000	0.000000	0.213729	0.093119	0.041473
0.154300	16.690000	0.000000	0.223773	0.105166	0.051289
0.154300	17.060000	0.000000	0.228163	0.098852	0.043758
0.154300	17.430000	0.000000	0.247108	0.106424	0.046982
0.154300	17.800000	0.000000	0.262213	0.119715	0.055711
0.154300	18.160000	0.000000	0.265192	0.126807	0.061820
0.154300	18.530000	0.000000	0.281049	0.132160	0.063528
0.154300	18.900000	0.000000	0.280080	0.131763	0.063311
0.154300	19.270000	0.000000	0.304935	0.148319	0.073278
0.154300	19.630000	0.000000	0.295487	0.138938	0.065957
0.154300	20.000000	0.000000	0.322800	0.149023	0.070153
0.165700	2.000000	0.000000	0.000000	0.000000	0.000000
0.165700	2.370000	0.000000	0.000000	0.000000	0.000000
0.165700	2.730000	0.000000	0.000000	0.000000	0.000000
0.165700	3.100000	0.000000	0.000000	0.000000	0.000000
0.165700	3.470000	0.000000	0.000000	0.000000	0.000000
0.165700	3.840000	0.000000	0.000000	0.000000	0.000000
0.165700	4.200000	0.000000	0.000000	0.000000	0.000000
0.165700	4.570000	0.000000	0.000000	0.000000	0.000000
0.165700	4.940000	0.000000	0.000000	0.000000	0.000000
0.165700	5.310000	0.000000	0.000000	0.000000	0.000000
0.165700	5.670000	0.000000	0.000000	0.000000	0.000000
0.165700	6.040000	0.000000	0.000000	0.000000	0.000000
0.165700	6.410000	0.000000	0.000000	0.000000	0.000000
0.165700	6.780000	0.000000	0.000000	0.000000	0.000000
0.165700	7.140000	0.000000	0.000000	0.000000	0.000000
0.165700	7.510000	0.000000	0.000000	0.000000	0.000000
0.165700	7.880000	0.000000	0.000000	0.000000	0.000000
0.165700	8.240000	0.000000	0.000000	0.000000	0.000000
0.165700	8.610000	0.000000	0.000000	0.000000	0.000000
0.165700	8.980000	0.000000	0.000000	0.000000	0.000000
0.165700	9.350000	0.000000	0.000000	0.000000	0.000000
0.165700	9.710000	0.000000	0.000000	0.000000	0.000000
0.165700	10.080000	0.000000	0.010636	0.000072	0.000000
0.165700	10.450000	0.000000	0.030582	0.000158	0.000002
0.165700	10.820000	0.000000	0.043621	0.007611	0.002182
0.165700	11.180000	0.000000	0.063197	0.010603	0.002654
0.165700	11.550000	0.000000	0.079854	0.015194	0.003443
0.165700	11.920000	0.000000	0.071245	0.016499	0.004604
0.165700	12.290000	0.000000	0.090298	0.016143	0.003180
0.165700	12.650000	0.000000	0.097936	0.027840	0.008185
0.165700	13.020000	0.000000	0.101961	0.034446	0.011910
0.165700	13.390000	0.000000	0.107789	0.038843	0.014363
0.165700	13.760000	0.000000	0.114991	0.044531	0.017660
0.165700	14.120000	0.000000	0.124067	0.048477	0.019359
0.165700	14.490000	0.000000	0.136769	0.057714	0.024560
0.165700	14.860000	0.000000	0.150123	0.061064	0.025595
0.165700	15.220000	0.000000	0.163087	0.070191	0.030872
0.165700	15.590000	0.000000	0.171467	0.073973	0.033314
0.165700	15.960000	0.000000	0.184160	0.080500	0.036367
0.165700	16.330000	0.000000	0.202759	0.082411	0.034746
0.165700	16.690000	0.000000	0.206033	0.087091	0.038441
0.165700	17.060000	0.000000	0.236223	0.093150	0.038394
0.165700	17.430000	0.000000	0.243953	0.103033	0.045086
0.165700	17.800000	0.000000	0.244623	0.096562	0.039384
0.165700	18.160000	0.000000	0.270307	0.099071	0.038731
0.165700	18.530000	0.000000	0.278184	0.114864	0.048094
0.165700	18.900000	0.000000	0.277233	0.112793	0.046159
0.165700	19.270000	0.000000	0.313414	0.122011	0.048324
0.165700	19.630000	0.000000	0.328213	0.129707	0.052436
0.165700	20.000000	0.000000	0.311301	0.127077	0.052856
0.177100	2.000000	0.000000	0.000000	0.000000	0.000000
0.177100	2.370000	0.000000	0.000000	0.000000	0.000000
0.177100	2.730000	0.000000	0.000000	0.000000	0.000000
0.177100	3.100000	0.000000	0.000000	0.000000	0.000000
0.177100	3.470000	0.000000	0.000000	0.000000	0.000000
0.177100	3.840000	0.000000	0.000000	0.000000	0.000000
0.177100	4.200000	0.000000	0.000000	0.000000	0.000000
0.177100	4.570000	0.000000	0.000000	0.000000	0.000000
0.177100	4.940000	0.000000	0.000000	0.000000	0.000000
0.177100	5.310000	0.000000	0.000000	0.000000	0.000000
0.177100	5.670000	0.000000	0.000000	0.000000	0.000000
0.177100	6.040000	0.000000	0.000000	0.000000	0.000000
0.177100	6.410000	0.000000	0.000000	0.000000	0.000000
0.177100	6.780000	0.000000	0.000000	0.000000	0.000000
0.177100	7.140000	0.000000	0.000000	0.000000	0.000000
0.177100	7.510000	0.000000	0.000000	0.000000	0.000000
0.177100	7.880000	0.000000	0.000000	0.000000	0.000000
0.177100	8.240000	0.000000	0.000000	0.000000	0.000000
0.177100	8.610000	0.000000	0.000000	0.000000	0.000000
0.177100	8.980000	0.000000	0.000000	0.000000	0.000000
0.177100	9.350000	0.000000	0.000000	0.000000	0.000000
0.177100	9.710000	0.000000	0.000000	0.000000	0.000000
0.177100	10.080000	0.000000	0.000000	0.000000	0.000000
0.177100	10.450000	0.000000	0.010448	0.000344	0.000011
0.177100	10.820000	0.000000	0.010333	0.000230	0.000005
0.177100	11.180000	0.000000	0.022244	0.000839	0.000062
0.177100	11.550000	0.000000	0.033242	0.002859	0.000317
0.177100	11.920000	0.000000	0.047066	0.005645	0.001695
0.177100	12.290000	0.000000	0.058885	0.006686	0.001109
0.177100	12.650000	0.000000	0.064245	0.013308	0.003949
0.177100	13.020000	0.000000	0.068237	0.013168	0.003038
0.177100	13.390000	0.000000	0.074076	0.021993	0.006937
0.177100	13.760000	0.000000	0.080220	0.024548	0.008549
0.177100	14.120000	0.000000	0.097176	0.034997	0.014020
0.177100	14.490000	0.000000	0.124656	0.049132	0.020460
0.177100	14.860000	0.000000	0.133901	0.053842	0.022832
0.177100	15.220000	0.000000	0.153184	0.058843	0.023426
0.177100	15.590000	0.000000	0.177179	0.065790	0.024967
0.177100	15.960000	0.000000	0.224272	0.060714	0.019556
0.177100	16.330000	0.000000	0.223951	0.071499	0.024337
0.177100	16.690000	0.000000	0.247584	0.078542	0.028992
0.177100	17.060000	0.000000	0.266083	0.079000	0.029346
0.177100	17.430000	0.000000	0.287693	0.069288	0.024637
0.177100	17.800000	0.000000	0.290122	0.094651	0.036091
0.177100	18.160000	0.000000	0.310490	0.081943	0.030202
0.177100	18.530000	0.000000	0.314779	0.098052	0.034904
0.177100	18.900000	0.000000	0.320826	0.090052	0.031550
0.177100	19.270000	0.000000	0.338907	0.099280	0.035445
0.177100	19.630000	0.000000	0.368419	0.088312	0.030912
0.177100	20.000000	0.000000	0.365414	0.101984	0.034890
0.188600	2.000000	0.000000	0.000000	0.000000	0.000000
0.188600	2.370000	0.000000	0.000000	0.000000	0.000000
0.188600	2.730000	0.000000	0.000000	0.000000	0.000000
0.188600	3.100000	0.000000	0.000000	0.000000	0.000000
0.188600	3.470000	0.000000	0.000000	0.000000	0.000000
0.188600	3.840000	0.000000	0.000000	0.000000	0.000000
0.188600	4.200000	0.000000	0.000000	0.000000	0.000000
0.188600	4.570000	0.000000	0.000000	0.000000	0.000000
0.188600	4.940000	0.000000	0.000000	0.000000	0.000000
0.188600	5.310000	0.000000	0.000000	0.000000	0.000000
0.188600	5.670000	0.000000	0.000000	0.000000	0.000000
0.188600	6.040000	0.000000	0.000000	0.000000	0.000000
0.188600	6.410000	0.000000	0.000000	0.000000	0.000000
0.188600	6.780000	0.000000	0.000000	0.000000	0.000000
0.188600	7.140000	0.000000	0.000000	0.000000	0.000000
0.188600	7.510000	0.000000	0.000000	0.000000	0.000000
0.188600	7.880000	0.000000	0.000000	0.000000	0.000000
0.188600	8.240000	0.000000	0.000000	0.000000	0.000000
0.188600	8.610000	0.000000	0.000000	0.000000	0.000000
0.188600	8.980000	0.000000	0.000000	0.000000	0.000000
0.188600	9.350000	0.000000	0.000000	0.000000	0.000000
0.188600	9.710000	0.000000	0.000000	0.000000	0.000000
0.188600	10.080000	0.000000	0.011797	0.000000	0.000000
0.188600	10.450000	0.000000	0.012258	0.001751	0.000250
0.188600	10.820000	0.000000	0.013978	0.004166	0.001242
0.188600	11.180000	0.000000	0.012648	0.002038	0.000328
0.188600	11.550000	0.000000	0.020055	0.008167	0.003325
0.188600	11.920000	0.000000	0.028684	0.009273	0.004302
0.188600	12.290000	0.000000	0.031407	0.013931	0.007759
0.188600	12.650000	0.000000	0.037348	0.016128	0.008449
0.188600	13.020000	0.000000	0.050579	0.016985	0.009661
0.188600	13.390000	0.000000	0.055974	0.022634	0.013294
0.188600	13.760000	0.000000	0.071039	0.026928	0.015849
0.188600	14.120000	0.000000	0.093976	0.024113	0.008310
0.188600	14.490000	0.000000	0.096963	0.032404	0.014583
0.188600	14.860000	0.000000	0.125839	0.033552	0.010188
0.188600	15.220000	0.000000	0.125803	0.042395	0.016427
0.188600	15.590000	0.000000	0.139470	0.046674	0.017429
0.188600	15.960000	0.000000	0.153510	0.042725	0.012819
0.188600	16.330000	0.000000	0.170251	0.041748	0.011587
0.188600	16.690000	0.000000	0.183365	0.040050	0.011530
0.188600	17.060000	0.000000	0.198000	0.047075	0.014293
0.188600	17.430000	0.000000	0.186226	0.054865	0.017476
0.188600	17.800000	0.000000	0.227609	0.041079	0.014224
0.188600	18.160000	0.000000	0.242772	0.045219	0.014929
0.188600	18.530000	0.000000	0.247577	0.051329	0.019983
0.188600	18.900000	0.000000	0.252701	0.066635	0.021654
0.188600	19.270000	0.000000	0.277171	0.070522	0.021509
0.188600	19.630000	0.000000	0.284980	0.067887	0.024497
0.188600	20.000000	0.000000	0.303356	0.087736	0.030743
0.200000	2.000000	0.000000	0.000000	0.000000	0.000000
0.200000	2.370000	0.000000	0.000000	0.000000	0.000000
0.200000	2.730000	0.000000	0.000000	0.000000	0.000000
0.200000	3.100000	0.000000	0.000000	0.000000	0.000000
0.200000	3.470000	0.000000	0.000000	0.000000	0.000000
0.200000	3.840000	0.000000	0.000000	0.000000	0.000000
0.200000	4.200000	0.000000	0.000000	0.000000	0.000000
0.200000	4.570000	0.000000	0.000000	0.000000	0.000000
0.200000	4.940000	0.000000	0.000000	0.000000	0.000000
0.200000	5.310000	0.000000	0.000000	0.000000	0.000000
0.200000	5.670000	0.000000	0.000000	0.000000	0.000000
0.200000	6.040000	0.000000	0.000000	0.000000	0.000000
0.200000	6.410000	0.000000	0.000000	0.000000	0.000000
0.200000	6.780000	0.000000	0.000000	0.000000	0.000000
0.200000	7.140000	0.000000	0.000000	0.000000	0.000000
0.200000	7.510000	0.000000	0.000000	0.000000	0.000000
0.200000	7.880000	0.000000	0.000000	0.000000	0.000000
0.200000	8.240000	0.000000	0.000000	0.000000	0.000000
0.200000	8.610000	0.000000	0.000000	0.000000	0.000000
0.200000	8.980000	0.000000	0.000000	0.000000	0.000000
0.200000	9.350000	0.000000	0.000000	0.000000	0.000000
0.200000	9.710000	0.000000	0.000000	0.000000	0.000000
0.200000	10.080000	0.000000	0.010334	0.000000	0.000000
0.200000	10.450000	0.000000	0.013814	0.003635	0.000956
0.200000	10.820000	0.000000	0.021660	0.006455	0.001924
0.200000	11.180000	0.000000	0.023143	0.009067	0.003552
0.200000	11.550000	0.000000	0.024327	0.009556	0.003754
0.200000	11.920000	0.000000	0.038782	0.008494	0.002565
0.200000	12.290000	0.000000	0.041423	0.010667	0.003595
0.200000	12.650000	0.000000	0.059360	0.010682	0.002315
0.200000	13.020000	0.000000	0.067461	0.005075	0.000441
0.200000	13.390000	0.000000	0.088033	0.014281	0.003082
0.200000	13.760000	0.000000	0.090707	0.015146	0.003159
0.200000	14.120000	0.000000	0.087413	0.019812	0.006076
0.200000	14.490000	0.000000	0.090707	0.023843	0.007996
0.200000	14.860000	0.000000	0.094848	0.027335	0.009808
0.200000	15.220000	0.000000	0.094512	0.032059	0.013736
0.200000	15.590000	0.000000	0.102988	0.035144	0.013071
0.200000	15.960000	0.000000	0.111180	0.041640	0.016984
0.200000	16.330000	0.000000	0.118013	0.044307	0.017704
0.200000	16.690000	0.000000	0.128458	0.052227	0.022589
0.200000	17.060000	0.000000	0.134616	0.057929	0.026252
0.200000	17.430000	0.000000	0.141443	0.059560	0.025741
0.200000	17.800000	0.000000	0.153340	0.065244	0.028616
0.200000	18.160000	0.000000	0.167095	0.070387	0.030037
0.200000	18.530000	0.000000	0.178830	0.078166	0.034936
0.200000	18.900000	0.000000	0.186785	0.077097	0.032392
0.200000	19.270000	0.000000	0.185727	0.080797	0.036652
0.200000	19.630000	0.000000	0.210356	0.085909	0.035709
0.200000	20.000000	0.000000	0.218962	0.093456	0.040555
0.211400	2.000000	0.000000	0.000000	0.000000	0.000000
0.211400	2.370000	0.000000	0.000000	0.000000	0.000000
0.211400	2.730000	0.000000	0.000000	0.000000	0.000000
0.211400	3.100000	0.000000	0.000000	0.000000	0.000000
0.211400	3.470000	0.000000	0.000000	0.000000	0.000000
0.211400	3.840000	0.000000	0.000000	0.000000	0.000000
0.211400	4.200000	0.000000	0.000000	0.000000	0.000000
0.211400	4.570000	0.000000	0.000000	0.000000	0.000000
0.211400	4.940000	0.000000	0.000000	0.000000	0.000000
0.211400	5.310000	0.000000	0.000000	0.000000	0.000000
0.211400	5.670000	0.000000	0.000000	0.000000	0.000000
0.211400	6.040000	0.000000	0.000000	0.000000	0.000000
0.211400	6.410000	0.000000	0.000000	0.000000	0.000000
0.211400	6.780000	0.000000	0.000000	0.000000	0.000000
0.211400	7.140000	0.000000	0.000000	0.000000	0.000000
0.211400	7.510000	0.000000	0.000000	0.000000	0.000000
0.211400	7.880000	0.000000	0.000000	0.000000	0.000000
0.211400	8.240000	0.000000	0.000000	0.000000	0.000000
0.211400	8.610000	0.000000	0.000000	0.000000	0.000000
0.211400	8.980000	0.000000	0.000000	0.000000	0.000000
0.211400	9.350000	0.000000	0.000000	0.000000	0.000000
0.211400	9.710000	0.000000	0.000000	0.000000	0.000000
0.211400	10.080000	0.000000	0.000000	0.000000	0.000000
0.211400	10.450000	0.000000	0.000000	0.000000	0.000000
0.211400	10.820000	0.000000	0.000000	0.000000	0.000000
0.211400	11.180000	0.000000	0.000000	0.000000	0.000000
0.211400	11.550000	0.000000	0.000000	0.000000	0.000000
0.211400	11.920000	0.000000	0.000000	0.000000	0.000000
0.211400	12.290000	0.000000	0.000000	0.000000	0.000000
0.211400	12.650000	0.000000	0.021895	0.001873	0.000297
0.211400	13.020000	0.000000	0.022901	0.001823	0.000272
0.211400	13.390000	0.000000	0.033201	0.001848	0.000290
0.211400	13.760000	0.000000	0.050784	0.004523	0.000788
0.211400	14.120000	0.000000	0.048694	0.007665	0.001819
0.211400	14.490000	0.000000	0.050529	0.009449	0.001985
0.211400	14.860000	0.000000	0.055471	0.013193	0.003367
0.211400	15.220000	0.000000	0.065050	0.012360	0.002733
0.211400	15.590000	0.000000	0.073821	0.015987	0.004579
0.211400	15.960000	0.000000	0.075712	0.017608	0.004754
0.211400	16.330000	0.000000	0.079777	0.020645	0.006298
0.211400	16.690000	0.000000	0.093512	0.026800	0.008232
0.211400	17.060000	0.000000	0.098681	0.028695	0.009109
0.211400	17.430000	0.000000	0.109534	0.033917	0.011122
0.211400	17.800000	0.000000	0.125472	0.037679	0.011628
0.211400	18.160000	0.000000	0.133958	0.045916	0.016304
0.211400	18.530000	0.000000	0.144743	0.047901	0.016366
0.211400	18.900000	0.000000	0.158686	0.049132	0.015981
0.211400	19.270000	0.000000	0.170152	0.053924	0.017428
0.211400	19.630000	0.000000	0.171915	0.063393	0.023892
0.211400	20.000000	0.000000	0.182260	0.068826	0.026624
0.222900	2.000000	0.000000	0.000000	0.000000	0.000000
0.222900	2.370000	0.000000	0.000000	0.000000	0.000000
0.222900	2.730000	0.000000	0.000000	0.000000	0.000000
0.222900	3.100000	0.000000	0.000000	0.000000	0.000000
0.222900	3.470000	0.000000	0.000000	0.000000	0.000000
0.222900	3.840000	0.000000	0.000000	0.000000	0.000000
0.222900	4.200000	0.000000	0.000000	0.000000	0.000000
0.222900	4.570000	0.000000	0.000000	0.000000	0.000000
0.222900	4.940000	0.000000	0.000000	0.000000	0.000000
0.222900	5.310000	0.000000	0.000000	0.000000	0.000000
0.222900	5.670000	0.000000	0.000000	0.000000	0.000000
0.222900	6.040000	0.000000	0.000000	0.000000	0.000000
0.222900	6.410000	0.000000	0.000000	0.000000	0.000000
0.222900	6.780000	0.000000	0.000000	0.000000	0.000000
0.222900	7.140000	0.000000	0.000000	0.000000	0.000000
0.222900	7.510000	0.000000	0.000000	0.000000	0.000000
0.222900	7.880000	0.000000	0.000000	0.000000	0.000000
0.222900	8.240000	0.000000	0.000000	0.000000	0.000000
0.222900	8.610000	0.000000	0.000000	0.000000	0.000000
0.222900	8.980000	0.000000	0.000000	0.000000	0.000000
0.222900	9.350000	0.000000	0.000000	0.000000	0.000000
0.222900	9.710000	0.000000	0.000000	0.000000	0.000000
0.222900	10.080000	0.000000	0.000000	0.000000	0.000000
0.222900	10.450000	0.000000	0.000000	0.000000	0.000000
0.222900	10.820000	0.000000	0.000000	0.000000	0.000000
0.222900	11.180000	0.000000	0.011039	0.000000	0.000000
0.222900	11.550000	0.000000	0.010823	0.000000	0.000000
0.222900	11.920000	0.000000	0.029919	0.005404	0.001216
0.222900	12.290000	0.000000	0.030784	0.008137	0.003188
0.222900	12.650000	0.000000	0.025751	0.003616	0.000703
0.222900	13.020000	0.000000	0.036771	0.005544	0.001312
0.222900	13.390000	0.000000	0.058686	0.006563	0.001595
0.222900	13.760000	0.000000	0.059891	0.007584	0.001517
0.222900	14.120000	0.000000	0.066417	0.012127	0.002927
0.222900	14.490000	0.000000	0.071970	0.015566	0.004751
0.222900	14.860000	0.000000	0.075694	0.019627	0.005813
0.222900	15.220000	0.000000	0.072216	0.018602	0.005799
0.222900	15.590000	0.000000	0.080269	0.024833	0.009068
0.222900	15.960000	0.000000	0.086504	0.025141	0.008096
0.222900	16.330000	0.000000	0.090965	0.027809	0.009623
0.222900	16.690000	0.000000	0.110867	0.036747	0.012837
0.222900	17.060000	0.000000	0.117865	0.036203	0.011336
0.222900	17.430000	0.000000	0.113408	0.043374	0.017452
0.222900	17.800000	0.000000	0.123966	0.045764	0.017506
0.222900	18.160000	0.000000	0.130764	0.047196	0.017284
0.222900	18.530000	0.000000	0.143472	0.054075	0.020582
0.222900	18.900000	0.000000	0.151004	0.057701	0.022189
0.222900	19.270000	0.000000	0.161904	0.065319	0.026792
0.222900	19.630000	0.000000	0.170563	0.071987	0.030758
0.222900	20.000000	0.000000	0.169353	0.068968	0.028185
0.234300	2.000000	0.000000	0.000000	0.000000	0.000000
0.234300	2.370000	0.000000	0.000000	0.000000	0.000000
0.234300	2.730000	0.000000	0.000000	0.000000	0.000000
0.234300	3.100000	0.000000	0.000000	0.000000	0.000000
0.234300	3.470000	0.000000	0.000000	0.000000	0.000000
0.234300	3.840000	0.000000	0.000000	0.000000	0.000000
0.234300	4.200000	0.000000	0.000000	0.000000	0.000000
0.234300	4.570000	0.000000	0.000000	0.000000	0.000000
0.234300	4.940000	0.000000	0.000000	0.000000	0.000000
0.234300	5.310000	0.000000	0.000000	0.000000	0.000000
0.234300	5.670000	0.000000	0.000000	0.000000	0.000000
0.234300	6.040000	0.000000	0.000000	0.000000	0.000000
0.234300	6.410000	0.000000	0.000000	0.000000	0.000000
0.234300	6.780000	0.000000	0.000000	0.000000	0.000000
0.234300	7.140000	0.000000	0.000000	0.000000	0.000000
0.234300	7.510000	0.000000	0.000000	0.000000	0.000000
0.234300	7.880000	0.000000	0.000000	0.000000	0.000000
0.234300	8.240000	0.000000	0.000000	0.000000	0.000000
0.234300	8.610000	0.000000	0.000000	0.000000	0.000000
0.234300	8.980000	0.000000	0.000000	0.000000	0.000000
0.234300	9.350000	0.000000	0.000000	0.000000	0.000000
0.234300	9.710000	0.000000	0.000000	0.000000	0.000000
0.234300	10.080000	0.000000	0.000000	0.000000	0.000000
0.234300	10.450000	0.000000	0.000000	0.000000	0.000000
0.234300	10.820000	0.000000	0.000000	0.000000	0.000000
0.234300	11.180000	0.000000	0.000000	0.000000	0.000000
0.234300	11.550000	0.000000	0.011557	0.000000	0.000000
0.234300	11.920000	0.000000	0.010849	0.000000	0.000000
0.234300	12.290000	0.000000	0.010142	0.000000	0.000000
0.234300	12.650000	0.000000	0.000000	0.000000	0.000000
0.234300	13.020000	0.000000	0.000000	0.000000	0.000000
0.234300	13.390000	0.000000	0.036271	0.001997	0.000327
0.234300	13.760000	0.000000	0.023547	0.001733	0.000232
0.234300	14.120000	0.000000	0.043553	0.002334	0.000264
0.234300	14.490000	0.000000	0.043720	0.001914	0.000104
0.234300	14.860000	0.000000	0.045782	0.004226	0.000438
0.234300	15.220000	0.000000	0.056678	0.004197	0.000444
0.234300	15.590000	0.000000	0.061854	0.008285	0.001236
0.234300	15.960000	0.000000	0.060333	0.008203	0.001169
0.234300	16.330000	0.000000	0.062488	0.009663	0.001548
0.234300	16.690000	0.000000	0.065614	0.012738	0.002569
0.234300	17.060000	0.000000	0.068013	0.013782	0.002830
0.234300	17.430000	0.000000	0.067513	0.014468	0.003115
0.234300	17.800000	0.000000	0.068719	0.014476	0.003133
0.234300	18.160000	0.000000	0.076217	0.019481	0.005221
0.234300	18.530000	0.000000	0.081478	0.022723	0.006483
0.234300	18.900000	0.000000	0.088129	0.025757	0.007703
0.234300	19.270000	0.000000	0.091483	0.027272	0.008408
0.234300	19.630000	0.000000	0.095483	0.030226	0.009735
0.234300	20.000000	0.000000	0.099231	0.030010	0.009155
0.245700	2.000000	0.000000	0.000000	0.000000	0.000000
0.245700	2.370000	0.000000	0.000000	0.000000	0.000000
0.245700	2.730000	0.000000	0.000000	0.000000	0.000000
0.245700	3.100000	0.000000	0.000000	0.000000	0.000000
0.245700	3.470000	0.000000	0.000000	0.000000	0.000000
0.245700	3.840000	0.000000	0.000000	0.000000	0.000000
0.245700	4.200000	0.000000	0.000000	0.000000	0.000000
0.245700	4.570000	0.000000	0.000000	0.000000	0.000000
0.245700	4.940000	0.000000	0.000000	0.000000	0.000000
0.245700	5.310000	0.000000	0.000000	0.000000	0.000000
0.245700	5.670000	0.000000	0.000000	0.000000	0.000000
0.245700	6.040000	0.000000	0.000000	0.000000	0.000000
0.245700	6.410000	0.000000	0.000000	0.000000	0.000000
0.245700	6.780000	0.000000	0.000000	0.000000	0.000000
0.245700	7.140000	0.000000	0.000000	0.000000	0.000000
0.245700	7.510000	0.000000	0.000000	0.000000	0.000000
0.245700	7.880000	0.000000	0.000000	0.000000	0.000000
0.245700	8.240000	0.000000	0.000000	0.000000	0.000000
0.245700	8.610000	0.000000	0.000000	0.000000	0.000000
0.245700	8.980000	0.000000	0.000000	0.000000	0.000000
0.245700	9.350000	0.000000	0.000000	0.000000	0.000000
0.245700	9.710000	0.000000	0.000000	0.000000	0.000000
0.245700	10.080000	0.000000	0.000000	0.000000	0.000000
0.245700	10.450000	0.000000	0.000000	0.000000	0.000000
0.245700	10.820000	0.000000	0.000000	0.000000	0.000000
0.245700	11.180000	0.000000	0.000000	0.000000	0.000000
0.245700	11.550000	0.000000	0.000000	0.000000	0.000000
0.245700	11.920000	0.000000	0.000000	0.000000	0.000000
0.245700	12.290000	0.000000	0.010408	0.000000	0.000000
0.245700	12.650000	0.000000	0.011529	0.000000	0.000000
0.245700	13.020000	0.000000	0.023496	0.002033	0.000328
0.245700	13.390000	0.000000	0.022149	0.000871	0.000065
0.245700	13.760000	0.000000	0.056192	0.003106	0.000296
0.245700	14.120000	0.000000	0.048843	0.008024	0.001525
0.245700	14.490000	0.000000	0.059165	0.007492	0.001072
0.245700	14.860000	0.000000	0.060998	0.008479	0.001471
0.245700	15.220000	0.000000	0.063472	0.011382	0.002303
0.245700	15.590000	0.000000	0.069758	0.013486	0.002887
0.245700	15.960000	0.000000	0.076655	0.017468	0.004114
0.245700	16.330000	0.000000	0.076663	0.017676	0.004239
0.245700	16.690000	0.000000	0.079572	0.019130	0.004798
0.245700	17.060000	0.000000	0.093382	0.025327	0.007341
0.245700	17.430000	0.000000	0.096930	0.028116	0.008746
0.245700	17.800000	0.000000	0.106852	0.030794	0.009384
0.245700	18.160000	0.000000	0.112365	0.032696	0.009795
0.245700	18.530000	0.000000	0.120115	0.042875	0.015584
0.245700	18.900000	0.000000	0.124177	0.046995	0.017967
0.245700	19.270000	0.000000	0.127548	0.048558	0.018747
0.245700	19.630000	0.000000	0.130284	0.049423	0.018960
0.245700	20.000000	0.000000	0.143576	0.053638	0.020107
0.257100	2.000000	0.000000	0.000000	0.000000	0.000000
0.257100	2.370000	0.000000	0.000000	0.000000	0.000000
0.257100	2.730000	0.000000	0.000000	0.000000	0.000000
0.257100	3.100000	0.000000	0.000000	0.000000	0.000000
0.257100	3.470000	0.000000	0.000000	0.000000	0.000000
0.257100	3.840000	0.000000	0.000000	0.000000	0.000000
0.257100	4.200000	0.000000	0.000000	0.000000	0.000000
0.257100	4.570000	0.000000	0.000000	0.000000	0.000000
0.257100	4.940000	0.000000	0.000000	0.000000	0.000000
0.257100	5.310000	0.000000	0.000000	0.000000	0.000000
0.257100	5.670000	0.000000	0.000000	0.000000	0.000000
0.257100	6.040000	0.000000	0.000000	0.000000	0.000000
0.257100	6.410000	0.000000	0.000000	0.000000	0.000000
0.257100	6.780000	0.000000	0.000000	0.000000	0.000000
0.257100	7.140000	0.000000	0.000000	0.000000	0.000000
0.257100	7.510000	0.000000	0.000000	0.000000	0.000000
0.257100	7.880000	0.000000	0.000000	0.000000	0.000000
0.257100	8.240000	0.000000	0.000000	0.000000	0.000000
0.257100	8.610000	0.000000	0.000000	0.000000	0.000000
0.257100	8.980000	0.000000	0.000000	0.000000	0.000000
0.257100	9.350000	0.000000	0.000000	0.000000	0.000000
0.257100	9.710000	0.000000	0.000000	0.000000	0.000000
0.257100	10.080000	0.000000	0.000000	0.000000	0.000000
0.257100	10.450000	0.000000	0.000000	0.000000	0.000000
0.257100	10.820000	0.000000	0.000000	0.000000	0.000000
0.257100	11.180000	0.000000	0.000000	0.000000	0.000000
0.257100	11.550000	0.000000	0.000000	0.000000	0.000000
0.257100	11.920000	0.000000	0.000000	0.000000	0.000000
0.257100	12.290000	0.000000	0.000000	0.000000	0.000000
0.257100	12.650000	0.000000	0.010701	0.000000	0.000000
0.257100	13.020000	0.000000	0.011070	0.000000	0.000000
0.257100	13.390000	0.000000	0.010556	0.000000	0.000000
0.257100	13.760000	0.000000	0.010332	0.000000	0.000000
0.257100	14.120000	0.000000	0.011808	0.000000	0.000000
0.257100	14.490000	0.000000	0.012915	0.002372	0.000436
0.257100	14.860000	0.000000	0.022325	0.002051	0.000353
0.257100	15.220000	0.000000	0.044366	0.001773	0.000255
0.257100	15.590000	0.000000	0.045664	0.003322	0.000388
0.257100	15.960000	0.000000	0.057911	0.005449	0.000933
0.257100	16.330000	0.000000	0.046586	0.006323	0.001037
0.257100	16.690000	0.000000	0.058529	0.007489	0.001082
0.257100	17.060000	0.000000	0.062215	0.010009	0.001797
0.257100	17.430000	0.000000	0.059399	0.007673	0.001087
0.257100	17.800000	0.000000	0.062126	0.009267	0.001432
0.257100	18.160000	0.000000	0.064879	0.012431	0.002429
0.257100	18.530000	0.000000	0.067843	0.014712	0.003296
0.257100	18.900000	0.000000	0.072320	0.016306	0.003702
0.257100	19.270000	0.000000	0.076104	0.018981	0.004821
0.257100	19.630000	0.000000	0.076629	0.019702	0.005131
0.257100	20.000000	0.000000	0.086814	0.024192	0.006873
0.268600	2.000000	0.000000	0.000000	0.000000	0.000000
0.268600	2.370000	0.000000	0.000000	0.000000	0.000000
0.268600	2.730000	0.000000	0.000000	0.000000	0.000000
0.268600	3.100000	0.000000	0.000000	0.000000	0.000000
0.268600	3.470000	0.000000	0.000000	0.000000	0.000000
0.268600	3.840000	0.000000	0.000000	0.000000	0.000000
0.268600	4.200000	0.000000	0.000000	0.000000	0.000000
0.268600	4.570000	0.000000	0.000000	0.000000	0.000000
0.268600	4.940000	0.000000	0.000000	0.000000	0.000000
0.268600	5.310000	0.000000	0.000000	0.000000	0.000000
0.268600	5.670000	0.000000	0.000000	0.000000	0.000000
0.268600	6.040000	0.000000	0.000000	0.000000	0.000000
0.268600	6.410000	0.000000	0.000000	0.000000	0.000000
0.268600	6.780000	0.000000	0.000000	0.000000	0.000000
0.268600	7.140000	0.000000	0.000000	0.000000	0.000000
0.268600	7.510000	0.000000	0.000000	0.000000	0.000000
0.268600	7.880000	0.000000	0.000000	0.000000	0.000000
0.268600	8.240000	0.000000	0.000000	0.000000	0.000000
0.268600	8.610000	0.000000	0.000000	0.000000	0.000000
0.268600	8.980000	0.000000	0.000000	0.000000	0.000000
0.268600	9.350000	0.000000	0.000000	0.000000	0.000000
0.268600	9.710000	0.000000	0.000000	0.000000	0.000000
0.268600	10.080000	0.000000	0.000000	0.000000	0.000000
0.268600	10.450000	0.000000	0.000000	0.000000	0.000000
0.268600	10.820000	0.000000	0.000000	0.000000	0.000000
0.268600	11.180000	0.000000	0.000000	0.000000	0.000000
0.268600	11.550000	0.000000	0.000000	0.000000	0.000000
0.268600	11.920000	0.000000	0.000000	0.000000	0.000000
0.268600	12.290000	0.000000	0.000000	0.000000	0.000000
0.268600	12.650000	0.000000	0.010591	0.000000	0.000000
0.268600	13.020000	0.000000	0.000000	0.000000	0.000000
0.268600	13.390000	0.000000	0.021542	0.000179	0.000003
0.268600	13.760000	0.000000	0.023697	0.003413	0.000677
0.268600	14.120000	0.000000	0.035346	0.004491	0.000801
0.268600	14.490000	0.000000	0.033728	0.003137	0.000379
0.268600	14.860000	0.000000	0.035529	0.003773	0.000463
0.268600	15.220000	0.000000	0.037074	0.006353	0.001259
0.268600	15.590000	0.000000	0.038756	0.007004	0.001455
0.268600	15.960000	0.000000	0.053337	0.009138	0.002224
0.268600	16.330000	0.000000	0.056034	0.013726	0.004048
0.268600	16.690000	0.000000	0.057681	0.014068	0.004254
0.268600	17.060000	0.000000	0.072042	0.016455	0.005221
0.268600	17.430000	0.000000	0.081899	0.022356	0.007848
0.268600	17.800000	0.000000	0.099208	0.024788	0.007647
0.268600	18.160000	0.000000	0.103429	0.030163	0.010322
0.268600	18.530000	0.000000	0.111275	0.030535	0.009643
0.268600	18.900000	0.000000	0.134166	0.036261	0.010803
0.268600	19.270000	0.000000	0.141940	0.037519	0.010512
0.268600	19.630000	0.000000	0.138013	0.037162	0.011118
0.268600	20.000000	0.000000	0.172878	0.044332	0.012231
0.280000	2.000000	0.000000	0.000000	0.000000	0.000000
0.280000	2.370000	0.000000	0.000000	0.000000	0.000000
0.280000	2.730000	0.000000	0.000000	0.000000	0.000000
0.280000	3.100000	0.000000	0.000000	0.000000	0.000000
0.280000	3.470000	0.000000	0.000000	0.000000	0.000000
0.280000	3.840000	0.000000	0.000000	0.000000	0.000000
0.280000	4.200000	0.000000	0.000000	0.000000	0.000000
0.280000	4.570000	0.000000	0.000000	0.000000	0.000000
0.280000	4.940000	0.000000	0.000000	0.000000	0.000000
0.280000	5.310000	0.000000	0.000000	0.000000	0.000000
0.280000	5.670000	0.000000	0.000000	0.000000	0.000000
0.280000	6.040000	0.000000	0.000000	0.000000	0.000000
0.280000	6.410000	0.000000	0.000000	0.000000	0.000000
0.280000	6.780000	0.000000	0.000000	0.000000	0.000000
0.280000	7.140000	0.000000	0.000000	0.000000	0.000000
0.280000	7.510000	0.000000	0.000000	0.000000	0.000000
0.280000	7.880000	0.000000	0.000000	0.000000	0.000000
0.280000	8.240000	0.000000	0.000000	0.000000	0.000000
0.280000	8.610000	0.000000	0.000000	0.000000	0.000000
0.280000	8.980000	0.000000	0.000000	0.000000	0.000000
0.280000	9.350000	0.000000	0.000000	0.000000	0.000000
0.280000	9.710000	0.000000	0.000000	0.000000	0.000000
0.280000	10.080000	0.000000	0.000000	0.000000	0.000000
0.280000	10.450000	0.000000	0.000000	0.000000	0.000000
0.280000	10.820000	0.000000	0.000000	0.000000	0.000000
0.280000	11.180000	0.000000	0.000000	0.000000	0.000000
0.280000	11.550000	0.000000	0.000000	0.000000	0.000000
0.280000	11.920000	0.000000	0.000000	0.000000	0.000000
0.280000	12.290000	0.000000	0.000000	0.000000	0.000000
0.280000	12.650000	0.000000	0.000000	0.000000	0.000000
0.280000	13.020000	0.000000	0.010221	0.000000	0.000000
0.280000	13.390000	0.000000	0.000000	0.000000	0.000000
0.280000	13.760000	0.000000	0.010132	0.000000	0.000000
0.280000	14.120000	0.000000	0.010990	0.000921	0.000077
0.280000	14.490000	0.000000	0.012116	0.001437	0.000170
0.280000	14.860000	0.000000	0.024134	0.002719	0.000562
0.280000	15.220000	0.000000	0.033109	0.002610	0.000235
0.280000	15.590000	0.000000	0.044485	0.003325	0.000455
0.280000	15.960000	0.000000	0.048863	0.005779	0.001131
0.280000	16.330000	0.000000	0.049171	0.007479	0.001520
0.280000	16.690000	0.000000	0.062928	0.007545	0.001721
0.280000	17.060000	0.000000	0.065396	0.011402	0.002836
0.280000	17.430000	0.000000	0.069707	0.013362	0.003790
0.280000	17.800000	0.000000	0.075566	0.017681	0.005188
0.280000	18.160000	0.000000	0.077984	0.017958	0.004907
0.280000	18.530000	0.000000	0.086737	0.022215	0.006427
0.280000	18.900000	0.000000	0.099636	0.022615	0.005539
0.280000	19.270000	0.000000	0.100792	0.026421	0.007275
0.280000	19.630000	0.000000	0.111827	0.028540	0.007656
0.280000	20.000000	0.000000	0.124687	0.029565	0.007448
0.291400	2.000000	0.000000	0.000000	0.000000	0.000000
0.291400	2.370000	0.000000	0.000000	0.000000	0.000000
0.291400	2.730000	0.000000	0.000000	0.000000	0.000000
0.291400	3.100000	0.000000	0.000000	0.000000	0.000000
0.291400	3.470000	0.000000	0.000000	0.000000	0.000000
0.291400	3.840000	0.000000	0.000000	0.000000	0.000000
0.291400	4.200000	0.000000	0.000000	0.000000	0.000000
0.291400	4.570000	0.000000	0.000000	0.000000	0.000000
0.291400	4.940000	0.000000	0.000000	0.000000	0.000000
0.291400	5.310000	0.000000	0.000000	0.000000	0.000000
0.291400	5.670000	0.000000	0.000000	0.000000	0.000000
0.291400	6.040000	0.000000	0.000000	0.000000	0.000000
0.291400	6.410000	0.000000	0.000000	0.000000	0.000000
0.291400	6.780000	0.000000	0.000000	0.000000	0.000000
0.291400	7.140000	0.000000	0.000000	0.000000	0.000000
0.291400	7.510000	0.000000	0.000000	0.000000	0.000000
0.291400	7.880000	0.000000	0.000000	0.000000	0.000000
0.291400	8.240000	0.000000	0.000000	0.000000	0.000000
0.291400	8.610000	0.000000	0.000000	0.000000	0.000000
0.291400	8.980000	0.000000	0.000000	0.000000	0.000000
0.291400	9.350000	0.000000	0.000000	0.000000	0.000000
0.291400	9.710000	0.000000	0.000000	0.000000	0.000000
0.291400	10.080000	0.000000	0.000000	0.000000	0.000000
0.291400	10.450000	0.000000	0.000000	0.000000	0.000000
0.291400	10.820000	0.000000	0.000000	0.000000	0.000000
0.291400	11.180000	0.000000	0.011287	0.000000	0.000000
0.291400	11.550000	0.000000	0.011287	0.000000	0.000000
0.291400	11.920000	0.000000	0.000000	0.000000	0.000000
0.291400	12.290000	0.000000	0.000000	0.000000	0.000000
0.291400	12.650000	0.000000	0.000000	0.000000	0.000000
0.291400	13.020000	0.000000	0.000000	0.000000	0.000000
0.291400	13.390000	0.000000	0.000000	0.000000	0.000000
0.291400	13.760000	0.000000	0.000000	0.000000	0.000000
0.291400	14.120000	0.000000	0.011229	0.000591	0.000031
0.291400	14.490000	0.000000	0.024029	0.001070	0.000083
0.291400	14.860000	0.000000	0.034286	0.003375	0.000594
0.291400	15.220000	0.000000	0.032170	0.001716	0.000159
0.291400	15.590000	0.000000	0.034085	0.003593	0.000428
0.291400	15.960000	0.000000	0.033891	0.003293	0.000523
0.291400	16.330000	0.000000	0.034408	0.004248	0.000672
0.291400	16.690000	0.000000	0.035455	0.004581	0.000750
0.291400	17.060000	0.000000	0.047160	0.006144	0.000866
0.291400	17.430000	0.000000	0.058160	0.006765	0.001134
0.291400	17.800000	0.000000	0.060290	0.008454	0.001398
0.291400	18.160000	0.000000	0.063374	0.010503	0.002130
0.291400	18.530000	0.000000	0.064702	0.011684	0.002533
0.291400	18.900000	0.000000	0.070055	0.015677	0.004245
0.291400	19.270000	0.000000	0.071281	0.016102	0.004123
0.291400	19.630000	0.000000	0.071272	0.016765	0.004346
0.291400	20.000000	0.000000	0.078158	0.019540	0.005329
0.302900	2.000000	0.000000	0.000000	0.000000	0.000000
0.302900	2.370000	0.000000	0.000000	0.000000	0.000000
0.302900	2.730000	0.000000	0.000000	0.000000	0.000000
0.302900	3.100000	0.000000	0.000000	0.000000	0.000000
0.302900	3.470000	0.000000	0.000000	0.000000	0.000000
0.302900	3.840000	0.000000	0.000000	0.000000	0.000000
0.302900	4.200000	0.000000	0.000000	0.000000	0.000000
0.302900	4.570000	0.000000	0.000000	0.000000	0.000000
0.302900	4.940000	0.000000	0.000000	0.000000	0.000000
0.302900	5.310000	0.000000	0.000000	0.000000	0.000000
0.302900	5.670000	0.000000	0.000000	0.000000	0.000000
0.302900	6.040000	0.000000	0.000000	0.000000	0.000000
0.302900	6.410000	0.000000	0.000000	0.000000	0.000000
0.302900	6.780000	0.000000	0.000000	0.000000	0.000000
0.302900	7.140000	0.000000	0.000000	0.000000	0.000000
0.302900	7.510000	0.000000	0.000000	0.000000	0.000000
0.302900	7.880000	0.000000	0.000000	0.000000	0.000000
0.302900	8.240000	0.000000	0.000000	0.000000	0.000000
0.302900	8.610000	0.000000	0.000000	0.000000	0.000000
0.302900	8.980000	0.000000	0.000000	0.000000	0.000000
0.302900	9.350000	0.000000	0.000000	0.000000	0.000000
0.302900	9.710000	0.000000	0.000000	0.000000	0.000000
0.302900	10.080000	0.000000	0.000000	0.000000	0.000000
0.302900	10.450000	0.000000	0.000000	0.000000	0.000000
0.302900	10.820000	0.000000	0.000000	0.000000	0.000000
0.302900	11.180000	0.000000	0.000000	0.000000	0.000000
0.302900	11.550000	0.000000	0.012789	0.002177	0.000371
0.302900	11.920000	0.000000	0.012154	0.002016	0.000334
0.302900	12.290000	0.000000	0.013061	0.000000	0.000000
0.302900	12.650000	0.000000	0.011769	0.001310	0.000146
0.302900	13.020000	0.000000	0.012245	0.001284	0.000135
0.302900	13.390000	0.000000	0.012056	0.001811	0.000272
0.302900	13.760000	0.000000	0.012643	0.002064	0.000337
0.302900	14.120000	0.000000	0.022974	0.002818	0.000619
0.302900	14.490000	0.000000	0.024053	0.003763	0.001028
0.302900	14.860000	0.000000	0.024791	0.004507	0.001087
0.302900	15.220000	0.000000	0.025935	0.005289	0.001311
0.302900	15.590000	0.000000	0.038841	0.006844	0.002324
0.302900	15.960000	0.000000	0.039513	0.008638	0.003107
0.302900	16.330000	0.000000	0.052706	0.011035	0.004294
0.302900	16.690000	0.000000	0.056791	0.011788	0.004242
0.302900	17.060000	0.000000	0.057928	0.013820	0.005198
0.302900	17.430000	0.000000	0.063372	0.017226	0.006858
0.302900	17.800000	0.000000	0.076909	0.020138	0.007613
0.302900	18.160000	0.000000	0.085519	0.024922	0.009844
0.302900	18.530000	0.000000	0.092601	0.025573	0.009244
0.302900	18.900000	0.000000	0.110963	0.028440	0.008192
0.302900	19.270000	0.000000	0.116065	0.028555	0.007291
0.302900	19.630000	0.000000	0.115946	0.034874	0.011604
0.302900	20.000000	0.000000	0.123400	0.037002	0.012322
0.314300	2.000000	0.000000	0.000000	0.000000	0.000000
0.314300	2.370000	0.000000	0.000000	0.000000	0.000000
0.314300	2.730000	0.000000	0.000000	0.000000	0.000000
0.314300	3.100000	0.000000	0.000000	0.000000	0.000000
0.314300	3.470000	0.000000	0.000000	0.000000	0.000000
0.314300	3.840000	0.000000	0.000000	0.000000	0.000000
0.314300	4.200000	0.000000	0.000000	0.000000	0.000000
0.314300	4.570000	0.000000	0.000000	0.000000	0.000000
0.314300	4.940000	0.000000	0.000000	0.000000	0.000000
0.314300	5.310000	0.000000	0.000000	0.000000	0.000000
0.314300	5.670000	0.000000	0.000000	0.000000	0.000000
0.314300	6.040000	0.000000	0.000000	0.000000	0.000000
0.314300	6.410000	0.000000	0.000000	0.000000	0.000000
0.314300	6.780000	0.000000	0.000000	0.000000	0.000000
0.314300	7.140000	0.000000	0.000000	0.000000	0.000000
0.314300	7.510000	0.000000	0.000000	0.000000	0.000000
0.314300	7.880000	0.000000	0.000000	0.000000	0.000000
0.314300	8.240000	0.000000	0.000000	0.000000	0.000000
0.314300	8.610000	0.000000	0.000000	0.000000	0.000000
0.314300	8.980000	0.000000	0.000000	0.000000	0.000000
0.314300	9.350000	0.000000	0.000000	0.000000	0.000000
0.314300	9.710000	0.000000	0.000000	0.000000	0.000000
0.314300	10.080000	0.000000	0.000000	0.000000	0.000000
0.314300	10.450000	0.000000	0.000000	0.000000	0.000000
0.314300	10.820000	0.000000	0.000000	0.000000	0.000000
0.314300	11.180000	0.000000	0.000000	0.000000	0.000000
0.314300	11.550000	0.000000	0.000000	0.000000	0.000000
0.314300	11.920000	0.000000	0.000000	0.000000	0.000000
0.314300	12.290000	0.000000	0.000000	0.000000	0.000000
0.314300	12.650000	0.000000	0.011443	0.000000	0.000000
0.314300	13.020000	0.000000	0.021510	0.000000	0.000000
0.314300	13.390000	0.000000	0.021051	0.000553	0.000029
0.314300	13.760000	0.000000	0.032613	0.001438	0.000178
0.314300	14.120000	0.000000	0.022622	0.001484	0.000121
0.314300	14.490000	0.000000	0.033020	0.001636	0.000144
0.314300	14.860000	0.000000	0.047286	0.003501	0.000508
0.314300	15.220000	0.000000	0.037015	0.005574	0.001144
0.314300	15.590000	0.000000	0.049203	0.007816	0.001762
0.314300	15.960000	0.000000	0.049165	0.008004	0.001502
0.314300	16.330000	0.000000	0.051616	0.008916	0.001849
0.314300	16.690000	0.000000	0.053917	0.010428	0.002435
0.314300	17.060000	0.000000	0.056115	0.011169	0.002582
0.314300	17.430000	0.000000	0.059157	0.013220	0.003566
0.314300	17.800000	0.000000	0.070108	0.015117	0.004438
0.314300	18.160000	0.000000	0.064643	0.015968	0.004307
0.314300	18.530000	0.000000	0.083188	0.018899	0.004861
0.314300	18.900000	0.000000	0.088534	0.022382	0.006432
0.314300	19.270000	0.000000	0.085329	0.024032	0.007543
0.314300	19.630000	0.000000	0.086396	0.024577	0.007665
0.314300	20.000000	0.000000	0.097945	0.029611	0.009638
0.325700	2.000000	0.000000	0.000000	0.000000	0.000000
0.325700	2.370000	0.000000	0.000000	0.000000	0.000000
0.325700	2.730000	0.000000	0.000000	0.000000	0.000000
0.325700	3.100000	0.000000	0.000000	0.000000	0.000000
0.325700	3.470000	0.000000	0.000000	0.000000	0.000000
0.325700	3.840000	0.000000	0.000000	0.000000	0.000000
0.325700	4.200000	0.000000	0.000000	0.000000	0.000000
0.325700	4.570000	0.000000	0.000000	0.000000	0.000000
0.325700	4.940000	0.000000	0.000000	0.000000	0.000000
0.325700	5.310000	0.000000	0.000000	0.000000	0.000000
0.325700	5.670000	0.000000	0.000000	0.000000	0.000000
0.325700	6.040000	0.000000	0.000000	0.000000	0.000000
0.325700	6.410000	0.000000	0.000000	0.000000	0.000000
0.325700	6.780000	0.000000	0.000000	0.000000	0.000000
0.325700	7.140000	0.000000	0.000000	0.000000	0.000000
0.325700	7.510000	0.000000	0.000000	0.000000	0.000000
0.325700	7.880000	0.000000	0.000000	0.000000	0.000000
0.325700	8.240000	0.000000	0.000000	0.000000	0.000000
0.325700	8.610000	0.000000	0.000000	0.000000	0.000000
0.325700	8.980000	0.000000	0.000000	0.000000	0.000000
0.325700	9.350000	0.000000	0.000000	0.000000	0.000000
0.325700	9.710000	0.000000	0.000000	0.000000	0.000000
0.325700	10.080000	0.000000	0.000000	0.000000	0.000000
0.325700	10.450000	0.000000	0.000000	0.000000	0.000000
0.325700	10.820000	0.000000	0.000000	0.000000	0.000000
0.325700	11.180000	0.000000	0.000000	0.000000	0.000000
0.325700	11.550000	0.000000	0.000000	0.000000	0.000000
0.325700	11.920000	0.000000	0.000000	0.000000	0.000000
0.325700	12.290000	0.000000	0.000000	0.000000	0.000000
0.325700	12.650000	0.000000	0.000000	0.000000	0.000000
0.325700	13.020000	0.000000	0.000000	0.000000	0.000000
0.325700	13.390000	0.000000	0.000000	0.000000	0.000000
0.325700	13.760000	0.000000	0.000000	0.000000	0.000000
0.325700	14.120000	0.000000	0.000000	0.000000	0.000000
0.325700	14.490000	0.000000	0.000000	0.000000	0.000000
0.325700	14.860000	0.000000	0.000000	0.000000	0.000000
0.325700	15.220000	0.000000	0.000000	0.000000	0.000000
0.325700	15.590000	0.000000	0.011176	0.000219	0.000004
0.325700	15.960000	0.000000	0.010665	0.000146	0.000002
0.325700	16.330000	0.000000	0.020843	0.000364	0.000012
0.325700	16.690000	0.000000	0.011249	0.000789	0.000055
0.325700	17.060000	0.000000	0.031424	0.001121	0.000053
0.325700	17.430000	0.000000	0.042187	0.001468	0.000064
0.325700	17.800000	0.000000	0.042891	0.002144	0.000186
0.325700	18.160000	0.000000	0.053941	0.002552	0.000201
0.325700	18.530000	0.000000	0.055204	0.003558	0.000294
0.325700	18.900000	0.000000	0.056325	0.005800	0.000690
0.325700	19.270000	0.000000	0.056993	0.006157	0.000806
0.325700	19.630000	0.000000	0.059326	0.007510	0.001022
0.325700	20.000000	0.000000	0.059216	0.007757	0.001093
0.337100	2.000000	0.000000	0.000000	0.000000	0.000000
0.337100	2.370000	0.000000	0.000000	0.000000	0.000000
0.337100	2.730000	0.000000	0.000000	0.000000	0.000000
0.337100	3.100000	0.000000	0.000000	0.000000	0.000000
0.337100	3.470000	0.000000	0.000000	0.000000	0.000000
0.337100	3.840000	0.000000	0.000000	0.000000	0.000000
0.337100	4.200000	0.000000	0.000000	0.000000	0.000000
0.337100	4.570000	0.000000	0.000000	0.000000	0.000000
0.337100	4.940000	0.000000	0.000000	0.000000	0.000000
0.337100	5.310000	0.000000	0.000000	0.000000	0.000000
0.337100	5.670000	0.000000	0.000000	0.000000	0.000000
0.337100	6.040000	0.000000	0.000000	0.000000	0.000000
0.337100	6.410000	0.000000	0.000000	0.000000	0.000000
0.337100	6.780000	0.000000	0.000000	0.000000	0.000000
0.337100	7.140000	0.000000	0.000000	0.000000	0.000000
0.337100	7.510000	0.000000	0.000000	0.000000	0.000000
0.337100	7.880000	0.000000	0.000000	0.000000	0.000000
0.337100	8.240000	0.000000	0.000000	0.000000	0.000000
0.337100	8.610000	0.000000	0.000000	0.000000	0.000000
0.337100	8.980000	0.000000	0.000000	0.000000	0.000000
0.337100	9.350000	0.000000	0.000000	0.000000	0.000000
0.337100	9.710000	0.000000	0.000000	0.000000	0.000000
0.337100	10.080000	0.000000	0.000000	0.000000	0.000000
0.337100	10.450000	0.000000	0.000000	0.000000	0.000000
0.337100	10.820000	0.000000	0.000000	0.000000	0.000000
0.337100	11.180000	0.000000	0.000000	0.000000	0.000000
0.337100	11.550000	0.000000	0.000000	0.000000	0.000000
0.337100	11.920000	0.000000	0.000000	0.000000	0.000000
0.337100	12.290000	0.000000	0.000000	0.000000	0.000000
0.337100	12.650000	0.000000	0.000000	0.000000	0.000000
0.337100	13.020000	0.000000	0.000000	0.000000	0.000000
0.337100	13.390000	0.000000	0.000000	0.000000	0.000000
0.337100	13.760000	0.000000	0.000000	0.000000	0.000000
0.337100	14.120000	0.000000	0.000000	0.000000	0.000000
0.337100	14.490000	0.000000	0.000000	0.000000	0.000000
0.337100	14.860000	0.000000	0.010111	0.000000	0.000000
0.337100	15.220000	0.000000	0.010090	0.000000	0.000000
0.337100	15.590000	0.000000	0.030917	0.000000	0.000000
0.337100	15.960000	0.000000	0.022087	0.000000	0.000000
0.337100	16.330000	0.000000	0.021318	0.000286	0.000008
0.337100	16.690000	0.000000	0.032427	0.000979	0.000031
0.337100	17.060000	0.000000	0.031708	0.001167	0.000044
0.337100	17.430000	0.000000	0.042769	0.002115	0.000125
0.337100	17.800000	0.000000	0.054880	0.002520	0.000152
0.337100	18.160000	0.000000	0.055930	0.005046	0.000473
0.337100	18.530000	0.000000	0.055714	0.005269	0.000584
0.337100	18.900000	0.000000	0.057365	0.006179	0.000709
0.337100	19.270000	0.000000	0.059719	0.008595	0.001281
0.337100	19.630000	0.000000	0.059982	0.008909	0.001434
0.337100	20.000000	0.000000	0.061363	0.009944	0.001759
0.348600	2.000000	0.000000	0.000000	0.000000	0.000000
0.348600	2.370000	0.000000	0.000000	0.000000	0.000000
0.348600	2.730000	0.000000	0.000000	0.000000	0.000000
0.348600	3.100000	0.000000	0.000000	0.000000	0.000000
0.348600	3.470000	0.000000	0.000000	0.000000	0.000000
0.348600	3.840000	0.000000	0.000000	0.000000	0.000000
0.348600	4.200000	0.000000	0.000000	0.000000	0.000000
0.348600	4.570000	0.000000	0.000000	0.000000	0.000000
0.348600	4.940000	0.000000	0.000000	0.000000	0.000000
0.348600	5.310000	0.000000	0.000000	0.000000	0.000000
0.348600	5.670000	0.000000	0.000000	0.000000	0.000000
0.348600	6.040000	0.000000	0.000000	0.000000	0.000000
0.348600	6.410000	0.000000	0.000000	0.000000	0.000000
0.348600	6.780000	0.000000	0.000000	0.000000	0.000000
0.348600	7.140000	0.000000	0.000000	0.000000	0.000000
0.348600	7.510000	0.000000	0.000000	0.000000	0.000000
0.348600	7.880000	0.000000	0.000000	0.000000	0.000000
0.348600	8.240000	0.000000	0.000000	0.000000	0.000000
0.348600	8.610000	0.000000	0.000000	0.000000	0.000000
0.348600	8.980000	0.000000	0.000000	0.000000	0.000000
0.348600	9.350000	0.000000	0.000000	0.000000	0.000000
0.348600	9.710000	0.000000	0.000000	0.000000	0.000000
0.348600	10.080000	0.000000	0.000000	0.000000	0.000000
0.348600	10.450000	0.000000	0.000000	0.000000	0.000000
0.348600	10.820000	0.000000	0.000000	0.000000	0.000000
0.348600	11.180000	0.000000	0.000000	0.000000	0.000000
0.348600	11.550000	0.000000	0.000000	0.000000	0.000000
0.348600	11.920000	0.000000	0.000000	0.000000	0.000000
0.348600	12.290000	0.000000	0.000000	0.000000	0.000000
0.348600	12.650000	0.000000	0.000000	0.000000	0.000000
0.348600	13.020000	0.000000	0.000000	0.000000	0.000000
0.348600	13.390000	0.000000	0.000000	0.000000	0.000000
0.348600	13.760000	0.000000	0.000000	0.000000	0.000000
0.348600	14.120000	0.000000	0.000000	0.000000	0.000000
0.348600	14.490000	0.000000	0.000000	0.000000	0.000000
0.348600	14.860000	0.000000	0.000000	0.000000	0.000000
0.348600	15.220000	0.000000	0.000000	0.000000	0.000000
0.348600	15.590000	0.000000	0.000000	0.000000	0.000000
0.348600	15.960000	0.000000	0.000000	0.000000	0.000000
0.348600	16.330000	0.000000	0.010769	0.000342	0.000011
0.348600	16.690000	0.000000	0.000000	0.000000	0.000000
0.348600	17.060000	0.000000	0.010136	0.000000	0.000000
0.348600	17.430000	0.000000	0.020857	0.000000	0.000000
0.348600	17.800000	0.000000	0.032219	0.001353	0.000063
0.348600	18.160000	0.000000	0.032702	0.000812	0.000032
0.348600	18.530000	0.000000	0.031438	0.000438	0.000011
0.348600	18.900000	0.000000	0.043067	0.002598	0.000307
0.348600	19.270000	0.000000	0.054466	0.003150	0.000265
0.348600	19.630000	0.000000	0.054506	0.004151	0.000406
0.348600	20.000000	0.000000	0.056203	0.004825	0.000516
0.360000	2.000000	0.000000	0.000000	0.000000	0.000000
0.360000	2.370000	0.000000	0.000000	0.000000	0.000000
0.360000	2.730000	0.000000	0.000000	0.000000	0.000000
0.360000	3.100000	0.000000	0.000000	0.000000	0.000000
0.360000	3.470000	0.000000	0.000000	0.000000	0.000000
0.360000	3.840000	0.000000	0.000000	0.000000	0.000000
0.360000	4.200000	0.000000	0.000000	0.000000	0.000000
0.360000	4.570000	0.000000	0.000000	0.000000	0.000000
0.360000	4.940000	0.000000	0.000000	0.000000	0.000000
0.360000	5.310000	0.000000	0.000000	0.000000	0.000000
0.360000	5.670000	0.000000	0.000000	0.000000	0.000000
0.360000	6.040000	0.000000	0.000000	0.000000	0.000000
0.360000	6.410000	0.000000	0.000000	0.000000	0.000000
0.360000	6.780000	0.000000	0.000000	0.000000	0.000000
0.360000	7.140000	0.000000	0.000000	0.000000	0.000000
0.360000	7.510000	0.000000	0.000000	0.000000	0.000000
0.360000	7.880000	0.000000	0.000000	0.000000	0.000000
0.360000	8.240000	0.000000	0.000000	0.000000	0.000000
0.360000	8.610000	0.000000	0.000000	0.000000	0.000000
0.360000	8.980000	0.000000	0.000000	0.000000	0.000000
0.360000	9.350000	0.000000	0.000000	0.000000	0.000000
0.360000	9.710000	0.000000	0.000000	0.000000	0.000000
0.360000	10.080000	0.000000	0.000000	0.000000	0.000000
0.360000	10.450000	0.000000	0.000000	0.000000	0.000000
0.360000	10.820000	0.000000	0.000000	0.000000	0.000000
0.360000	11.180000	0.000000	0.000000	0.000000	0.000000
0.360000	11.550000	0.000000	0.000000	0.000000	0.000000
0.360000	11.920000	0.000000	0.000000	0.000000	0.000000
0.360000	12.290000	0.000000	0.000000	0.000000	0.000000
0.360000	12.650000	0.000000	0.000000	0.000000	0.000000
0.360000	13.020000	0.000000	0.000000	0.000000	0.000000
0.360000	13.390000	0.000000	0.000000	0.000000	0.000000
0.360000	13.760000	0.000000	0.000000	0.000000	0.000000
0.360000	14.120000	0.000000	0.000000	0.000000	0.000000
0.360000	14.490000	0.000000	0.010230	0.000000	0.000000
0.360000	14.860000	0.000000	0.000000	0.000000	0.000000
0.360000	15.220000	0.000000	0.000000	0.000000	0.000000
0.360000	15.590000	0.000000	0.020466	0.000000	0.000000
0.360000	15.960000	0.000000	0.031950	0.000452	0.000012
0.360000	16.330000	0.000000	0.023593	0.001058	0.000074
0.360000	16.690000	0.000000	0.022061	0.001639	0.000122
0.360000	17.060000	0.000000	0.045347	0.004216	0.000642
0.360000	17.430000	0.000000	0.045783	0.005552	0.000769
0.360000	17.800000	0.000000	0.045066	0.004874	0.000632
0.360000	18.160000	0.000000	0.057604	0.006005	0.000842
0.360000	18.530000	0.000000	0.058692	0.006388	0.000803
0.360000	18.900000	0.000000	0.059482	0.008207	0.001217
0.360000	19.270000	0.000000	0.064918	0.012625	0.002894
0.360000	19.630000	0.000000	0.063886	0.011990	0.002499
0.360000	20.000000	0.000000	0.066978	0.014024	0.003182
0.371400	2.000000	0.000000	0.000000	0.000000	0.000000
0.371400	2.370000	0.000000	0.000000	0.000000	0.000000
0.371400	2.730000	0.000000	0.000000	0.000000	0.000000
0.371400	3.100000	0.000000	0.000000	0.000000	0.000000
0.371400	3.470000	0.000000	0.000000	0.000000	0.000000
0.371400	3.840000	0.000000	0.000000	0.000000	0.000000
0.371400	4.200000	0.000000	0.000000	0.000000	0.000000
0.371400	4.570000	0.000000	0.000000	0.000000	0.000000
0.371400	4.940000	0.000000	0.000000	0.000000	0.000000
0.371400	5.310000	0.000000	0.000000	0.000000	0.000000
0.371400	5.670000	0.000000	0.000000	0.000000	0.000000
0.371400	6.040000	0.000000	0.000000	0.000000	0.000000
0.371400	6.410000	0.000000	0.000000	0.000000	0.000000
0.371400	6.780000	0.000000	0.000000	0.000000	0.000000
0.371400	7.140000	0.000000	0.000000	0.000000	0.000000
0.371400	7.510000	0.000000	0.000000	0.000000	0.000000
0.371400	7.880000	0.000000	0.000000	0.000000	0.000000
0.371400	8.240000	0.000000	0.000000	0.000000	0.000000
0.371400	8.610000	0.000000	0.000000	0.000000	0.000000
0.371400	8.980000	0.000000	0.000000	0.000000	0.000000
0.371400	9.350000	0.000000	0.000000	0.000000	0.000000
0.371400	9.710000	0.000000	0.000000	0.000000	0.000000
0.371400	10.080000	0.000000	0.000000	0.000000	0.000000
0.371400	10.450000	0.000000	0.000000	0.000000	0.000000
0.371400	10.820000	0.000000	0.000000	0.000000	0.000000
0.371400	11.180000	0.000000	0.000000	0.000000	0.000000
0.371400	11.550000	0.000000	0.000000	0.000000	0.000000
0.371400	11.920000	0.000000	0.000000	0.000000	0.000000
0.371400	12.290000	0.000000	0.010652	0.000000	0.000000
0.371400	12.650000	0.000000	0.010919	0.000000	0.000000
0.371400	13.020000	0.000000	0.000000	0.000000	0.000000
0.371400	13.390000	0.000000	0.012155	0.000000	0.000000
0.371400	13.760000	0.000000	0.012523	0.000000	0.000000
0.371400	14.120000	0.000000	0.013260	0.000000	0.000000
0.371400	14.490000	0.000000	0.000000	0.000000	0.000000
0.371400	14.860000	0.000000	0.022372	0.000000	0.000000
0.371400	15.220000	0.000000	0.032978	0.000929	0.000041
0.371400	15.590000	0.000000	0.033973	0.001375	0.000064
0.371400	15.960000	0.000000	0.031706	0.000450	0.000011
0.371400	16.330000	0.000000	0.032998	0.001005	0.000034
0.371400	16.690000	0.000000	0.023365	0.002358	0.000320
0.371400	17.060000	0.000000	0.055565	0.002445	0.000309
0.371400	17.430000	0.000000	0.056423	0.003254	0.000414
0.371400	17.800000	0.000000	0.055722	0.004412	0.000612
0.371400	18.160000	0.000000	0.055960	0.003804	0.000480
0.371400	18.530000	0.000000	0.055820	0.004871	0.000582
0.371400	18.900000	0.000000	0.060621	0.008746	0.001684
0.371400	19.270000	0.000000	0.061313	0.009207	0.001944
0.371400	19.630000	0.000000	0.064124	0.011383	0.002843
0.371400	20.000000	0.000000	0.066638	0.012357	0.002861
0.382900	2.000000	0.000000	0.000000	0.000000	0.000000
0.382900	2.370000	0.000000	0.000000	0.000000	0.000000
0.382900	2.730000	0.000000	0.000000	0.000000	0.000000
0.382900	3.100000	0.000000	0.000000	0.000000	0.000000
0.382900	3.470000	0.000000	0.000000	0.000000	0.000000
0.382900	3.840000	0.000000	0.000000	0.000000	0.000000
0.382900	4.200000	0.000000	0.000000	0.000000	0.000000
0.382900	4.570000	0.000000	0.000000	0.000000	0.000000
0.382900	4.940000	0.000000	0.000000	0.000000	0.000000
0.382900	5.310000	0.000000	0.000000	0.000000	0.000000
0.382900	5.670000	0.000000	0.000000	0.000000	0.000000
0.382900	6.040000	0.000000	0.000000	0.000000	0.000000
0.382900	6.410000	0.000000	0.000000	0.000000	0.000000
0.382900	6.780000	0.000000	0.000000	0.000000	0.000000
0.382900	7.140000	0.000000	0.000000	0.000000	0.000000
0.382900	7.510000	0.000000	0.000000	0.000000	0.000000
0.382900	7.880000	0.000000	0.000000	0.000000	0.000000
0.382900	8.240000	0.000000	0.000000	0.000000	0.000000
0.382900	8.610000	0.000000	0.000000	0.000000	0.000000
0.382900	8.980000	0.000000	0.000000	0.000000	0.000000
0.382900	9.350000	0.000000	0.000000	0.000000	0.000000
0.382900	9.710000	0.000000	0.000000	0.000000	0.000000
0.382900	10.080000	0.000000	0.000000	0.000000	0.000000
0.382900	10.450000	0.000000	0.000000	0.000000	0.000000
0.382900	10.820000	0.000000	0.000000	0.000000	0.000000
0.382900	11.180000	0.000000	0.000000	0.000000	0.000000
0.382900	11.550000	0.000000	0.000000	0.000000	0.000000
0.382900	11.920000	0.000000	0.000000	0.000000	0.000000
0.382900	12.290000	0.000000	0.000000	0.000000	0.000000
0.382900	12.650000	0.000000	0.000000	0.000000	0.000000
0.382900	13.020000	0.000000	0.000000	0.000000	0.000000
0.382900	13.390000	0.000000	0.000000	0.000000	0.000000
0.382900	13.760000	0.000000	0.011091	0.000000	0.000000
0.382900	14.120000	0.000000	0.013309	0.000000	0.000000
0.382900	14.490000	0.000000	0.013309	0.000000	0.000000
0.382900	14.860000	0.000000	0.010721	0.000000	0.000000
0.382900	15.220000	0.000000	0.012200	0.000000	0.000000
0.382900	15.590000	0.000000	0.021372	0.000185	0.000003
0.382900	15.960000	0.000000	0.010647	0.000277	0.000007
0.382900	16.330000	0.000000	0.010721	0.000302	0.000008
0.382900	16.690000	0.000000	0.010721	0.000370	0.000013
0.382900	17.060000	0.000000	0.022221	0.001109	0.000107
0.382900	17.430000	0.000000	0.031933	0.000712	0.000026
0.382900	17.800000	0.000000	0.033955	0.002743	0.000235
0.382900	18.160000	0.000000	0.053844	0.002362	0.000188
0.382900	18.530000	0.000000	0.055320	0.002186	0.000175
0.382900	18.900000	0.000000	0.043605	0.002219	0.000173
0.382900	19.270000	0.000000	0.055771	0.003739	0.000291
0.382900	19.630000	0.000000	0.056416	0.005136	0.000591
0.382900	20.000000	0.000000	0.056392	0.004953	0.000560
0.394300	2.000000	0.000000	0.000000	0.000000	0.000000
0.394300	2.370000	0.000000	0.000000	0.000000	0.000000
0.394300	2.730000	0.000000	0.000000	0.000000	0.000000
0.394300	3.100000	0.000000	0.000000	0.000000	0.000000
0.394300	3.470000	0.000000	0.000000	0.000000	0.000000
0.394300	3.840000	0.000000	0.000000	0.000000	0.000000
0.394300	4.200000	0.000000	0.000000	0.000000	0.000000
0.394300	4.570000	0.000000	0.000000	0.000000	0.000000
0.394300	4.940000	0.000000	0.000000	0.000000	0.000000
0.394300	5.310000	0.000000	0.000000	0.000000	0.000000
0.394300	5.670000	0.000000	0.000000	0.000000	0.000000
0.394300	6.040000	0.000000	0.000000	0.000000	0.000000
0.394300	6.410000	0.000000	0.000000	0.000000	0.000000
0.394300	6.780000	0.000000	0.000000	0.000000	0.000000
0.394300	7.140000	0.000000	0.000000	0.000000	0.000000
0.394300	7.510000	0.000000	0.000000	0.000000	0.000000
0.394300	7.880000	0.000000	0.000000	0.000000	0.000000
0.394300	8.240000	0.000000	0.000000	0.000000	0.000000
0.394300	8.610000	0.000000	0.000000	0.000000	0.000000
0.394300	8.980000	0.000000	0.000000	0.000000	0.000000
0.394300	9.350000	0.000000	0.000000	0.000000	0.000000
0.394300	9.710000	0.000000	0.000000	0.000000	0.000000
0.394300	10.080000	0.000000	0.000000	0.000000	0.000000
0.394300	10.450000	0.000000	0.000000	0.000000	0.000000
0.394300	10.820000	0.000000	0.000000	0.000000	0.000000
0.394300	11.180000	0.000000	0.000000	0.000000	0.000000
0.394300	11.550000	0.000000	0.000000	0.000000	0.000000
0.394300	11.920000	0.000000	0.000000	0.000000	0.000000
0.394300	12.290000	0.000000	0.000000	0.000000	0.000000
0.394300	12.650000	0.000000	0.000000	0.000000	0.000000
0.394300	13.020000	0.000000	0.000000	0.000000	0.000000
0.394300	13.390000	0.000000	0.000000	0.000000	0.000000
0.394300	13.760000	0.000000	0.000000	0.000000	0.000000
0.394300	14.120000	0.000000	0.000000	0.000000	0.000000
0.394300	14.490000	0.000000	0.000000	0.000000	0.000000
0.394300	14.860000	0.000000	0.012672	0.000000	0.000000
0.394300	15.220000	0.000000	0.010468	0.000000	0.000000
0.394300	15.590000	0.000000	0.000000	0.000000	0.000000
0.394300	15.960000	0.000000	0.010376	0.000260	0.000007
0.394300	16.330000	0.000000	0.011226	0.001038	0.000096
0.394300	16.690000	0.000000	0.021482	0.001030	0.000093
0.394300	17.060000	0.000000	0.025339	0.001978	0.000324
0.394300	17.430000	0.000000	0.033597	0.003327	0.000575
0.394300	17.800000	0.000000	0.046210	0.003194	0.000423
0.394300	18.160000	0.000000	0.034496	0.003103	0.000530
0.394300	18.530000	0.000000	0.044613	0.002853	0.000517
0.394300	18.900000	0.000000	0.046001	0.004526	0.000633
0.394300	19.270000	0.000000	0.057173	0.005166	0.000915
0.394300	19.630000	0.000000	0.047652	0.005690	0.001052
0.394300	20.000000	0.000000	0.058897	0.007431	0.001439
0.405700	2.000000	0.000000	0.000000	0.000000	0.000000
0.405700	2.370000	0.000000	0.000000	0.000000	0.000000
0.405700	2.730000	0.000000	0.000000	0.000000	0.000000
0.405700	3.100000	0.000000	0.000000	0.000000	0.000000
0.405700	3.470000	0.000000	0.000000	0.000000	0.000000
0.405700	3.840000	0.000000	0.000000	0.000000	0.000000
0.405700	4.200000	0.000000	0.000000	0.000000	0.000000
0.405700	4.570000	0.000000	0.000000	0.000000	0.000000
0.405700	4.940000	0.000000	0.000000	0.000000	0.000000
0.405700	5.310000	0.000000	0.000000	0.000000	0.000000
0.405700	5.670000	0.000000	0.000000	0.000000	0.000000
0.405700	6.040000	0.000000	0.000000	0.000000	0.000000
0.405700	6.410000	0.000000	0.000000	0.000000	0.000000
0.405700	6.780000	0.000000	0.000000	0.000000	0.000000
0.405700	7.140000	0.000000	0.000000	0.000000	0.000000
0.405700	7.510000	0.000000	0.000000	0.000000	0.000000
0.405700	7.880000	0.000000	0.000000	0.000000	0.000000
0.405700	8.240000	0.000000	0.000000	0.000000	0.000000
0.405700	8.610000	0.000000	0.000000	0.000000	0.000000
0.405700	8.980000	0.000000	0.000000	0.000000	0.000000
0.405700	9.350000	0.000000	0.000000	0.000000	0.000000
0.405700	9.710000	0.000000	0.000000	0.000000	0.000000
0.405700	10.080000	0.000000	0.000000	0.000000	0.000000
0.405700	10.450000	0.000000	0.000000	0.000000	0.000000
0.405700	10.820000	0.000000	0.000000	0.000000	0.000000
0.405700	11.180000	0.000000	0.000000	0.000000	0.000000
0.405700	11.550000	0.000000	0.000000	0.000000	0.000000
0.405700	11.920000	0.000000	0.000000	0.000000	0.000000
0.405700	12.290000	0.000000	0.000000	0.000000	0.000000
0.405700	12.650000	0.000000	0.000000	0.000000	0.000000
0.405700	13.020000	0.000000	0.000000	0.000000	0.000000
0.405700	13.390000	0.000000	0.010132	0.000000	0.000000
0.405700	13.760000	0.000000	0.010132	0.000000	0.000000
0.405700	14.120000	0.000000	0.010132	0.000000	0.000000
0.405700	14.490000	0.000000	0.010132	0.000000	0.000000
0.405700	14.860000	0.000000	0.012335	0.000441	0.000016
0.405700	15.220000	0.000000	0.012775	0.000441	0.000015
0.405700	15.590000	0.000000	0.021934	0.001297	0.000147
0.405700	15.960000	0.000000	0.011564	0.001538	0.000205
0.405700	16.330000	0.000000	0.042372	0.000872	0.000038
0.405700	16.690000	0.000000	0.021600	0.001151	0.000078
0.405700	17.060000	0.000000	0.043191	0.001442	0.000103
0.405700	17.430000	0.000000	0.043266	0.002765	0.000221
0.405700	17.800000	0.000000	0.043625	0.002905	0.000253
0.405700	18.160000	0.000000	0.056573	0.005713	0.000637
0.405700	18.530000	0.000000	0.055630	0.004600	0.000474
0.405700	18.900000	0.000000	0.057083	0.005538	0.000564
0.405700	19.270000	0.000000	0.056996	0.006119	0.000720
0.405700	19.630000	0.000000	0.056581	0.006121	0.000764
0.405700	20.000000	0.000000	0.058176	0.007663	0.001244
0.417100	2.000000	0.000000	0.000000	0.000000	0.000000
0.417100	2.370000	0.000000	0.000000	0.000000	0.000000
0.417100	2.730000	0.000000	0.000000	0.000000	0.000000
0.417100	3.100000	0.000000	0.000000	0.000000	0.000000
0.417100	3.470000	0.000000	0.000000	0.000000	0.000000
0.417100	3.840000	0.000000	0.000000	0.000000	0.000000
0.417100	4.200000	0.000000	0.000000	0.000000	0.000000
0.417100	4.570000	0.000000	0.000000	0.000000	0.000000
0.417100	4.940000	0.000000	0.000000	0.000000	0.000000
0.417100	5.310000	0.000000	0.000000	0.000000	0.000000
0.417100	5.670000	0.000000	0.000000	0.000000	0.000000
0.417100	6.040000	0.000000	0.000000	0.000000	0.000000
0.417100	6.410000	0.000000	0.000000	0.000000	0.000000
0.417100	6.780000	0.000000	0.000000	0.000000	0.000000
0.417100	7.140000	0.000000	0.010183	0.000000	0.000000
0.417100	7.510000	0.000000	0.010183	0.000000	0.000000
0.417100	7.880000	0.000000	0.010183	0.000000	0.000000
0.417100	8.240000	0.000000	0.010183	0.000000	0.000000
0.417100	8.610000	0.000000	0.000000	0.000000	0.000000
0.417100	8.980000	0.000000	0.000000	0.000000	0.000000
0.417100	9.350000	0.000000	0.000000	0.000000	0.000000
0.417100	9.710000	0.000000	0.000000	0.000000	0.000000
0.417100	10.080000	0.000000	0.000000	0.000000	0.000000
0.417100	10.450000	0.000000	0.000000	0.000000	0.000000
0.417100	10.820000	0.000000	0.000000	0.000000	0.000000
0.417100	11.180000	0.000000	0.000000	0.000000	0.000000
0.417100	11.550000	0.000000	0.000000	0.000000	0.000000
0.417100	11.920000	0.000000	0.010183	0.000000	0.000000
0.417100	12.290000	0.000000	0.010591	0.000000	0.000000
0.417100	12.650000	0.000000	0.010387	0.000204	0.000004
0.417100	13.020000	0.000000	0.010591	0.000000	0.000000
0.417100	13.390000	0.000000	0.000000	0.000000	0.000000
0.417100	13.760000	0.000000	0.021961	0.000456	0.000019
0.417100	14.120000	0.000000	0.032752	0.000683	0.000042
0.417100	14.490000	0.000000	0.021430	0.000000	0.000000
0.417100	14.860000	0.000000	0.021590	0.000000	0.000000
0.417100	15.220000	0.000000	0.031640	0.000407	0.000016
0.417100	15.590000	0.000000	0.031352	0.001159	0.000043
0.417100	15.960000	0.000000	0.041845	0.000934	0.000031
0.417100	16.330000	0.000000	0.042375	0.000875	0.000047
0.417100	16.690000	0.000000	0.043512	0.002594	0.000257
0.417100	17.060000	0.000000	0.045414	0.004766	0.000675
0.417100	17.430000	0.000000	0.044530	0.002684	0.000313
0.417100	17.800000	0.000000	0.053657	0.002728	0.000284
0.417100	18.160000	0.000000	0.055052	0.003315	0.000309
0.417100	18.530000	0.000000	0.055964	0.005361	0.000663
0.417100	18.900000	0.000000	0.055159	0.005912	0.000706
0.417100	19.270000	0.000000	0.055833	0.005553	0.000591
0.417100	19.630000	0.000000	0.056453	0.005034	0.000467
0.417100	20.000000	0.000000	0.056584	0.005198	0.000527
0.428600	2.000000	0.000000	0.000000	0.000000	0.000000
0.428600	2.370000	0.000000	0.000000	0.000000	0.000000
0.428600	2.730000	0.000000	0.000000	0.000000	0.000000
0.428600	3.100000	0.000000	0.000000	0.000000	0.000000
0.428600	3.470000	0.000000	0.000000	0.000000	0.000000
0.428600	3.840000	0.000000	0.000000	0.000000	0.000000
0.428600	4.200000	0.000000	0.000000	0.000000	0.000000
0.428600	4.570000	0.000000	0.000000	0.000000	0.000000
0.428600	4.940000	0.000000	0.000000	0.000000	0.000000
0.428600	5.310000	0.000000	0.000000	0.000000	0.000000
0.428600	5.670000	0.000000	0.000000	0.000000	0.000000
0.428600	6.040000	0.000000	0.000000	0.000000	0.000000
0.428600	6.410000	0.000000	0.000000	0.000000	0.000000
0.428600	6.780000	0.000000	0.000000	0.000000	0.000000
0.428600	7.140000	0.000000	0.010563	0.000000	0.000000
0.428600	7.510000	0.000000	0.010563	0.000000	0.000000
0.428600	7.880000	0.000000	0.010563	0.000000	0.000000
0.428600	8.240000	0.000000	0.010563	0.000000	0.000000
0.428600	8.610000	0.000000	0.000000	0.000000	0.000000
0.428600	8.980000	0.000000	0.000000	0.000000	0.000000
0.428600	9.350000	0.000000	0.000000	0.000000	0.000000
0.428600	9.710000	0.000000	0.000000	0.000000	0.000000
0.428600	10.080000	0.000000	0.000000	0.000000	0.000000
0.428600	10.450000	0.000000	0.000000	0.000000	0.000000
0.428600	10.820000	0.000000	0.010563	0.000000	0.000000
0.428600	11.180000	0.000000	0.000000	0.000000	0.000000
0.428600	11.550000	0.000000	0.010563	0.000000	0.000000
0.428600	11.920000	0.000000	0.010563	0.000000	0.000000
0.428600	12.290000	0.000000	0.010563	0.000000	0.000000
0.428600	12.650000	0.000000	0.010563	0.000000	0.000000
0.428600	13.020000	0.000000	0.010563	0.000000	0.000000
0.428600	13.390000	0.000000	0.011502	0.001328	0.000153
0.428600	13.760000	0.000000	0.011268	0.001220	0.000132
0.428600	14.120000	0.000000	0.022196	0.001127	0.000114
0.428600	14.490000	0.000000	0.011620	0.001056	0.000096
0.428600	14.860000	0.000000	0.043701	0.001481	0.000119
0.428600	15.220000	0.000000	0.034081	0.001180	0.000121
0.428600	15.590000	0.000000	0.034555	0.001247	0.000099
0.428600	15.960000	0.000000	0.021700	0.000884	0.000047
0.428600	16.330000	0.000000	0.032323	0.001531	0.000117
0.428600	16.690000	0.000000	0.032960	0.002478	0.000269
0.428600	17.060000	0.000000	0.044465	0.002940	0.000337
0.428600	17.430000	0.000000	0.047346	0.004049	0.000482
0.428600	17.800000	0.000000	0.058217	0.004976	0.000537
0.428600	18.160000	0.000000	0.056900	0.004512	0.000529
0.428600	18.530000	0.000000	0.058094	0.005637	0.000585
0.428600	18.900000	0.000000	0.057296	0.005424	0.000581
0.428600	19.270000	0.000000	0.058130	0.005496	0.000659
0.428600	19.630000	0.000000	0.059202	0.007017	0.000916
0.428600	20.000000	0.000000	0.059501	0.007562	0.001131
0.440000	2.000000	0.000000	0.000000	0.000000	0.000000
0.440000	2.370000	0.000000	0.000000	0.000000	0.000000
0.440000	2.730000	0.000000	0.000000	0.000000	0.000000
0.440000	3.100000	0.000000	0.000000	0.000000	0.000000
0.440000	3.470000	0.000000	0.000000	0.000000	0.000000
0.440000	3.840000	0.000000	0.000000	0.000000	0.000000
0.440000	4.200000	0.000000	0.000000	0.000000	0.000000
0.440000	4.570000	0.000000	0.000000	0.000000	0.000000
0.440000	4.940000	0.000000	0.000000	0.000000	0.000000
0.440000	5.310000	0.000000	0.000000	0.000000	0.000000
0.440000	5.670000	0.000000	0.000000	0.000000	0.000000
0.440000	6.040000	0.000000	0.000000	0.000000	0.000000
0.440000	6.410000	0.000000	0.000000	0.000000	0.000000
0.440000	6.780000	0.000000	0.000000	0.000000	0.000000
0.440000	7.140000	0.000000	0.000000	0.000000	0.000000
0.440000	7.510000	0.000000	0.000000	0.000000	0.000000
0.440000	7.880000	0.000000	0.000000	0.000000	0.000000
0.440000	8.240000	0.000000	0.000000	0.000000	0.000000
0.440000	8.610000	0.000000	0.000000	0.000000	0.000000
0.440000	8.980000	0.000000	0.000000	0.000000	0.000000
0.440000	9.350000	0.000000	0.000000	0.000000	0.000000
0.440000	9.710000	0.000000	0.000000	0.000000	0.000000
0.440000	10.080000	0.000000	0.000000	0.000000	0.000000
0.440000	10.450000	0.000000	0.000000	0.000000	0.000000
0.440000	10.820000	0.000000	0.000000	0.000000	0.000000
0.440000	11.180000	0.000000	0.000000	0.000000	0.000000
0.440000	11.550000	0.000000	0.000000	0.000000	0.000000
0.440000	11.920000	0.000000	0.000000	0.000000	0.000000
0.440000	12.290000	0.000000	0.000000	0.000000	0.000000
0.440000	12.650000	0.000000	0.000000	0.000000	0.000000
0.440000	13.020000	0.000000	0.000000	0.000000	0.000000
0.440000	13.390000	0.000000	0.000000	0.000000	0.000000
0.440000	13.760000	0.000000	0.000000	0.000000	0.000000
0.440000	14.120000	0.000000	0.000000	0.000000	0.000000
0.440000	14.490000	0.000000	0.000000	0.000000	0.000000
0.440000	14.860000	0.000000	0.000000	0.000000	0.000000
0.440000	15.220000	0.000000	0.010866	0.000157	0.000002
0.440000	15.590000	0.000000	0.010551	0.000157	0.000002
0.440000	15.960000	0.000000	0.000000	0.000000	0.000000
0.440000	16.330000	0.000000	0.000000	0.000000	0.000000
0.440000	16.690000	0.000000	0.000000	0.000000	0.000000
0.440000	17.060000	0.000000	0.021230	0.000091	0.000001
0.440000	17.430000	0.000000	0.032055	0.000903	0.000041
0.440000	17.800000	0.000000	0.021787	0.001263	0.000076
0.440000	18.160000	0.000000	0.021332	0.001307	0.000081
0.440000	18.530000	0.000000	0.042816	0.001597	0.000115
0.440000	18.900000	0.000000	0.022982	0.000802	0.000058
0.440000	19.270000	0.000000	0.034854	0.003694	0.000410
0.440000	19.630000	0.000000	0.046258	0.005631	0.000906
0.440000	20.000000	0.000000	0.045467	0.003708	0.000413
0.451400	2.000000	0.000000	0.000000	0.000000	0.000000
0.451400	2.370000	0.000000	0.000000	0.000000	0.000000
0.451400	2.730000	0.000000	0.000000	0.000000	0.000000
0.451400	3.100000	0.000000	0.000000	0.000000	0.000000
0.451400	3.470000	0.000000	0.000000	0.000000	0.000000
0.451400	3.840000	0.000000	0.000000	0.000000	0.000000
0.451400	4.200000	0.000000	0.000000	0.000000	0.000000
0.451400	4.570000	0.000000	0.000000	0.000000	0.000000
0.451400	4.940000	0.000000	0.000000	0.000000	0.000000
0.451400	5.310000	0.000000	0.000000	0.000000	0.000000
0.451400	5.670000	0.000000	0.000000	0.000000	0.000000
0.451400	6.040000	0.000000	0.000000	0.000000	0.000000
0.451400	6.410000	0.000000	0.000000	0.000000	0.000000
0.451400	6.780000	0.000000	0.000000	0.000000	0.000000
0.451400	7.140000	0.000000	0.000000	0.000000	0.000000
0.451400	7.510000	0.000000	0.000000	0.000000	0.000000
0.451400	7.880000	0.000000	0.000000	0.000000	0.000000
0.451400	8.240000	0.000000	0.000000	0.000000	0.000000
0.451400	8.610000	0.000000	0.000000	0.000000	0.000000
0.451400	8.980000	0.000000	0.000000	0.000000	0.000000
0.451400	9.350000	0.000000	0.000000	0.000000	0.000000
0.451400	9.710000	0.000000	0.000000	0.000000	0.000000
0.451400	10.080000	0.000000	0.000000	0.000000	0.000000
0.451400	10.450000	0.000000	0.000000	0.000000	0.000000
0.451400	10.820000	0.000000	0.000000	0.000000	0.000000
0.451400	11.180000	0.000000	0.000000	0.000000	0.000000
0.451400	11.550000	0.000000	0.000000	0.000000	0.000000
0.451400	11.920000	0.000000	0.000000	0.000000	0.000000
0.451400	12.290000	0.000000	0.000000	0.000000	0.000000
0.451400	12.650000	0.000000	0.010140	0.000000	0.000000
0.451400	13.020000	0.000000	0.000000	0.000000	0.000000
0.451400	13.390000	0.000000	0.000000	0.000000	0.000000
0.451400	13.760000	0.000000	0.000000	0.000000	0.000000
0.451400	14.120000	0.000000	0.000000	0.000000	0.000000
0.451400	14.490000	0.000000	0.000000	0.000000	0.000000
0.451400	14.860000	0.000000	0.010339	0.000000	0.000000
0.451400	15.220000	0.000000	0.000000	0.000000	0.000000
0.451400	15.590000	0.000000	0.000000	0.000000	0.000000
0.451400	15.960000	0.000000	0.010577	0.000454	0.000020
0.451400	16.330000	0.000000	0.021205	0.000580	0.000031
0.451400	16.690000	0.000000	0.021346	0.001078	0.000080
0.451400	17.060000	0.000000	0.033259	0.001198	0.000068
0.451400	17.430000	0.000000	0.032759	0.002053	0.000186
0.451400	17.800000	0.000000	0.044120	0.002322	0.000186
0.451400	18.160000	0.000000	0.043840	0.002653	0.000187
0.451400	18.530000	0.000000	0.054099	0.003069	0.000242
0.451400	18.900000	0.000000	0.055356	0.003433	0.000332
0.451400	19.270000	0.000000	0.054382	0.003524	0.000283
0.451400	19.630000	0.000000	0.057025	0.005109	0.000539
0.451400	20.000000	0.000000	0.057061	0.005468	0.000592
0.462900	2.000000	0.000000	0.010548	0.000631	0.000038
0.462900	2.370000	0.000000	0.010445	0.000614	0.000036
0.462900	2.730000	0.000000	0.010548	0.000631	0.000038
0.462900	3.100000	0.000000	0.010415	0.000590	0.000033
0.462900	3.470000	0.000000	0.010445	0.000614	0.000036
0.462900	3.840000	0.000000	0.010445	0.000614	0.000036
0.462900	4.200000	0.000000	0.010507	0.000611	0.000036
0.462900	4.570000	0.000000	0.010507	0.000737	0.000052
0.462900	4.940000	0.000000	0.000000	0.000000	0.000000
0.462900	5.310000	0.000000	0.000000	0.000000	0.000000
0.462900	5.670000	0.000000	0.000000	0.000000	0.000000
0.462900	6.040000	0.000000	0.010138	0.000000	0.000000
0.462900	6.410000	0.000000	0.010138	0.000000	0.000000
0.462900	6.780000	0.000000	0.010138	0.000000	0.000000
0.462900	7.140000	0.000000	0.010138	0.000000	0.000000
0.462900	7.510000	0.000000	0.011060	0.000000	0.000000
0.462900	7.880000	0.000000	0.011060	0.000000	0.000000
0.462900	8.240000	0.000000	0.011060	0.000000	0.000000
0.462900	8.610000	0.000000	0.011060	0.000000	0.000000
0.462900	8.980000	0.000000	0.011060	0.000000	0.000000
0.462900	9.350000	0.000000	0.011060	0.000000	0.000000
0.462900	9.710000	0.000000	0.011060	0.000000	0.000000
0.462900	10.080000	0.000000	0.011060	0.000000	0.000000
0.462900	10.450000	0.000000	0.011060	0.000000	0.000000
0.462900	10.820000	0.000000	0.010138	0.000000	0.000000
0.462900	11.180000	0.000000	0.010138	0.000000	0.000000
0.462900	11.550000	0.000000	0.010138	0.000000	0.000000
0.462900	11.920000	0.000000	0.020736	0.000434	0.000018
0.462900	12.290000	0.000000	0.020736	0.000434	0.000018
0.462900	12.650000	0.000000	0.020659	0.000399	0.000015
0.462900	13.020000	0.000000	0.020736	0.000434	0.000018
0.462900	13.390000	0.000000	0.022897	0.000399	0.000015
0.462900	13.760000	0.000000	0.022469	0.001681	0.000132
0.462900	14.120000	0.000000	0.022557	0.002308	0.000237
0.462900	14.490000	0.000000	0.024101	0.001578	0.000160
0.462900	14.860000	0.000000	0.022776	0.002078	0.000209
0.462900	15.220000	0.000000	0.022790	0.002260	0.000254
0.462900	15.590000	0.000000	0.023417	0.001565	0.000208
0.462900	15.960000	0.000000	0.022771	0.002308	0.000268
0.462900	16.330000	0.000000	0.022869	0.002401	0.000312
0.462900	16.690000	0.000000	0.022873	0.001630	0.000128
0.462900	17.060000	0.000000	0.022735	0.002280	0.000243
0.462900	17.430000	0.000000	0.023893	0.002736	0.000327
0.462900	17.800000	0.000000	0.044053	0.002858	0.000361
0.462900	18.160000	0.000000	0.054734	0.003593	0.000454
0.462900	18.530000	0.000000	0.045317	0.004198	0.000730
0.462900	18.900000	0.000000	0.056223	0.005360	0.000804
0.462900	19.270000	0.000000	0.045838	0.004996	0.000745
0.462900	19.630000	0.000000	0.045745	0.005084	0.000650
0.462900	20.000000	0.000000	0.057322	0.007119	0.001029
0.474300	2.000000	0.000000	0.000000	0.000000	0.000000
0.474300	2.370000	0.000000	0.000000	0.000000	0.000000
0.474300	2.730000	0.000000	0.000000	0.000000	0.000000
0.474300	3.100000	0.000000	0.000000	0.000000	0.000000
0.474300	3.470000	0.000000	0.000000	0.000000	0.000000
0.474300	3.840000	0.000000	0.000000	0.000000	0.000000
0.474300	4.200000	0.000000	0.000000	0.000000	0.000000
0.474300	4.570000	0.000000	0.000000	0.000000	0.000000
0.474300	4.940000	0.000000	0.000000	0.000000	0.000000
0.474300	5.310000	0.000000	0.000000	0.000000	0.000000
0.474300	5.670000	0.000000	0.000000	0.000000	0.000000
0.474300	6.040000	0.000000	0.000000	0.000000	0.000000
0.474300	6.410000	0.000000	0.000000	0.000000	0.000000
0.474300	6.780000	0.000000	0.000000	0.000000	0.000000
0.474300	7.140000	0.000000	0.010309	0.000000	0.000000
0.474300	7.510000	0.000000	0.020836	0.000000	0.000000
0.474300	7.880000	0.000000	0.010309	0.000000	0.000000
0.474300	8.240000	0.000000	0.020836	0.000000	0.000000
0.474300	8.610000	0.000000	0.010526	0.000000	0.000000
0.474300	8.980000	0.000000	0.010526	0.000000	0.000000
0.474300	9.350000	0.000000	0.000000	0.000000	0.000000
0.474300	9.710000	0.000000	0.000000	0.000000	0.000000
0.474300	10.080000	0.000000	0.000000	0.000000	0.000000
0.474300	10.450000	0.000000	0.000000	0.000000	0.000000
0.474300	10.820000	0.000000	0.000000	0.000000	0.000000
0.474300	11.180000	0.000000	0.010767	0.000648	0.000039
0.474300	11.550000	0.000000	0.021800	0.001249	0.000093
0.474300	11.920000	0.000000	0.021800	0.001249	0.000093
0.474300	12.290000	0.000000	0.021708	0.001233	0.000092
0.474300	12.650000	0.000000	0.021800	0.001249	0.000093
0.474300	13.020000	0.000000	0.022029	0.001134	0.000073
0.474300	13.390000	0.000000	0.021800	0.001249	0.000093
0.474300	13.760000	0.000000	0.010882	0.001005	0.000093
0.474300	14.120000	0.000000	0.010859	0.001100	0.000111
0.474300	14.490000	0.000000	0.010997	0.000972	0.000086
0.474300	14.860000	0.000000	0.010825	0.000893	0.000074
0.474300	15.220000	0.000000	0.031408	0.000952	0.000084
0.474300	15.590000	0.000000	0.021403	0.000972	0.000086
0.474300	15.960000	0.000000	0.032207	0.000763	0.000029
0.474300	16.330000	0.000000	0.032534	0.001002	0.000047
0.474300	16.690000	0.000000	0.031958	0.000897	0.000029
0.474300	17.060000	0.000000	0.032047	0.001178	0.000055
0.474300	17.430000	0.000000	0.031920	0.000777	0.000029
0.474300	17.800000	0.000000	0.032859	0.001578	0.000092
0.474300	18.160000	0.000000	0.044629	0.003293	0.000343
0.474300	18.530000	0.000000	0.054340	0.003501	0.000289
0.474300	18.900000	0.000000	0.045629	0.003741	0.000328
0.474300	19.270000	0.000000	0.044631	0.003435	0.000294
0.474300	19.630000	0.000000	0.055492	0.004396	0.000444
0.474300	20.000000	0.000000	0.057302	0.005470	0.000630
0.485700	2.000000	0.000000	0.010734	0.000565	0.000030
0.485700	2.370000	0.000000	0.011017	0.000282	0.000007
0.485700	2.730000	0.000000	0.010734	0.000000	0.000000
0.485700	3.100000	0.000000	0.010734	0.000000	0.000000
0.485700	3.470000	0.000000	0.000000	0.000000	0.000000
0.485700	3.840000	0.000000	0.000000	0.000000	0.000000
0.485700	4.200000	0.000000	0.000000	0.000000	0.000000
0.485700	4.570000	0.000000	0.000000	0.000000	0.000000
0.485700	4.940000	0.000000	0.000000	0.000000	0.000000
0.485700	5.310000	0.000000	0.000000	0.000000	0.000000
0.485700	5.670000	0.000000	0.010169	0.000000	0.000000
0.485700	6.040000	0.000000	0.010169	0.000000	0.000000
0.485700	6.410000	0.000000	0.010169	0.000000	0.000000
0.485700	6.780000	0.000000	0.010169	0.000000	0.000000
0.485700	7.140000	0.000000	0.010169	0.000000	0.000000
0.485700	7.510000	0.000000	0.010169	0.000000	0.000000
0.485700	7.880000	0.000000	0.000000	0.000000	0.000000
0.485700	8.240000	0.000000	0.000000	0.000000	0.000000
0.485700	8.610000	0.000000	0.000000	0.000000	0.000000
0.485700	8.980000	0.000000	0.000000	0.000000	0.000000
0.485700	9.350000	0.000000	0.000000	0.000000	0.000000
0.485700	9.710000	0.000000	0.000000	0.000000	0.000000
0.485700	10.080000	0.000000	0.000000	0.000000	0.000000
0.485700	10.450000	0.000000	0.000000	0.000000	0.000000
0.485700	10.820000	0.000000	0.000000	0.000000	0.000000
0.485700	11.180000	0.000000	0.000000	0.000000	0.000000
0.485700	11.550000	0.000000	0.000000	0.000000	0.000000
0.485700	11.920000	0.000000	0.010734	0.000000	0.000000
0.485700	12.290000	0.000000	0.010734	0.000000	0.000000
0.485700	12.650000	0.000000	0.010734	0.000000	0.000000
0.485700	13.020000	0.000000	0.010734	0.000000	0.000000
0.485700	13.390000	0.000000	0.010734	0.000000	0.000000
0.485700	13.760000	0.000000	0.000000	0.000000	0.000000
0.485700	14.120000	0.000000	0.000000	0.000000	0.000000
0.485700	14.490000	0.000000	0.000000	0.000000	0.000000
0.485700	14.860000	0.000000	0.010169	0.000000	0.000000
0.485700	15.220000	0.000000	0.010169	0.000000	0.000000
0.485700	15.590000	0.000000	0.010169	0.000000	0.000000
0.485700	15.960000	0.000000	0.010609	0.000582	0.000032
0.485700	16.330000	0.000000	0.010821	0.000794	0.000058
0.485700	16.690000	0.000000	0.020783	0.000657	0.000040
0.485700	17.060000	0.000000	0.042241	0.001170	0.000071
0.485700	17.430000	0.000000	0.031510	0.000820	0.000061
0.485700	17.800000	0.000000	0.046016	0.002701	0.000341
0.485700	18.160000	0.000000	0.045521	0.002527	0.000284
0.485700	18.530000	0.000000	0.043747	0.003117	0.000358
0.485700	18.900000	0.000000	0.044093	0.003341	0.000340
0.485700	19.270000	0.000000	0.044908	0.003855	0.000499
0.485700	19.630000	0.000000	0.058216	0.006309	0.000833
0.485700	20.000000	0.000000	0.056045	0.005192	0.000590
0.497100	2.000000	0.000000	0.000000	0.000000	0.000000
0.497100	2.370000	0.000000	0.000000	0.000000	0.000000
0.497100	2.730000	0.000000	0.000000	0.000000	0.000000
0.497100	3.100000	0.000000	0.000000	0.000000	0.000000
0.497100	3.470000	0.000000	0.000000	0.000000	0.000000
0.497100	3.840000	0.000000	0.000000	0.000000	0.000000
0.497100	4.200000	0.000000	0.000000	0.000000	0.000000
0.497100	4.570000	0.000000	0.000000	0.000000	0.000000
0.497100	4.940000	0.000000	0.000000	0.000000	0.000000
0.497100	5.310000	0.000000	0.000000	0.000000	0.000000
0.497100	5.670000	0.000000	0.000000	0.000000	0.000000
0.497100	6.040000	0.000000	0.000000	0.000000	0.000000
0.497100	6.410000	0.000000	0.000000	0.000000	0.000000
0.497100	6.780000	0.000000	0.010000	0.000000	0.000000
0.497100	7.140000	0.000000	0.000000	0.000000	0.000000
0.497100	7.510000	0.000000	0.000000	0.000000	0.000000
0.497100	7.880000	0.000000	0.000000	0.000000	0.000000
0.497100	8.240000	0.000000	0.000000	0.000000	0.000000
0.497100	8.610000	0.000000	0.000000	0.000000	0.000000
0.497100	8.980000	0.000000	0.000000	0.000000	0.000000
0.497100	9.350000	0.000000	0.000000	0.000000	0.000000
0.497100	9.710000	0.000000	0.000000	0.000000	0.000000
0.497100	10.080000	0.000000	0.000000	0.000000	0.000000
0.497100	10.450000	0.000000	0.000000	0.000000	0.000000
0.497100	10.820000	0.000000	0.000000	0.000000	0.000000
0.497100	11.180000	0.000000	0.000000	0.000000	0.000000
0.497100	11.550000	0.000000	0.000000	0.000000	0.000000
0.497100	11.920000	0.000000	0.000000	0.000000	0.000000
0.497100	12.290000	0.000000	0.000000	0.000000	0.000000
0.497100	12.650000	0.000000	0.010549	0.000000	0.000000
0.497100	13.020000	0.000000	0.010970	0.000000	0.000000
0.497100	13.390000	0.000000	0.011392	0.000000	0.000000
0.497100	13.760000	0.000000	0.011392	0.000000	0.000000
0.497100	14.120000	0.000000	0.011392	0.000000	0.000000
0.497100	14.490000	0.000000	0.030805	0.000000	0.000000
0.497100	14.860000	0.000000	0.020383	0.000000	0.000000
0.497100	15.220000	0.000000	0.010127	0.000000	0.000000
0.497100	15.590000	0.000000	0.032801	0.000000	0.000000
0.497100	15.960000	0.000000	0.032645	0.000000	0.000000
0.497100	16.330000	0.000000	0.031602	0.000691	0.000023
0.497100	16.690000	0.000000	0.031896	0.001220	0.000054
0.497100	17.060000	0.000000	0.032580	0.001282	0.000052
0.497100	17.430000	0.000000	0.031950	0.001032	0.000055
0.497100	17.800000	0.000000	0.031962	0.001499	0.000084
0.497100	18.160000	0.000000	0.042937	0.001933	0.000117
0.497100	18.530000	0.000000	0.053189	0.002122	0.000144
0.497100	18.900000	0.000000	0.054786	0.003313	0.000288
0.497100	19.270000	0.000000	0.044878	0.003547	0.000330
0.497100	19.630000	0.000000	0.055417	0.004052	0.000405
0.497100	20.000000	0.000000	0.055824	0.004679	0.000454
0.508600	2.000000	0.000000	0.000000	0.000000	0.000000
0.508600	2.370000	0.000000	0.000000	0.000000	0.000000
0.508600	2.730000	0.000000	0.000000	0.000000	0.000000
0.508600	3.100000	0.000000	0.000000	0.000000	0.000000
0.508600	3.470000	0.000000	0.000000	0.000000	0.000000
0.508600	3.840000	0.000000	0.000000	0.000000	0.000000
0.508600	4.200000	0.000000	0.000000	0.000000	0.000000
0.508600	4.570000	0.000000	0.000000	0.000000	0.000000
0.508600	4.940000	0.000000	0.000000	0.000000	0.000000
0.508600	5.310000	0.000000	0.000000	0.000000	0.000000
0.508600	5.670000	0.000000	0.000000	0.000000	0.000000
0.508600	6.040000	0.000000	0.000000	0.000000	0.000000
0.508600	6.410000	0.000000	0.000000	0.000000	0.000000
0.508600	6.780000	0.000000	0.000000	0.000000	0.000000
0.508600	7.140000	0.000000	0.000000	0.000000	0.000000
0.508600	7.510000	0.000000	0.000000	0.000000	0.000000
0.508600	7.880000	0.000000	0.000000	0.000000	0.000000
0.508600	8.240000	0.000000	0.000000	0.000000	0.000000
0.508600	8.610000	0.000000	0.000000	0.000000	0.000000
0.508600	8.980000	0.000000	0.000000	0.000000	0.000000
0.508600	9.350000	0.000000	0.000000	0.000000	0.000000
0.508600	9.710000	0.000000	0.000000	0.000000	0.000000
0.508600	10.080000	0.000000	0.000000	0.000000	0.000000
0.508600	10.450000	0.000000	0.000000	0.000000	0.000000
0.508600	10.820000	0.000000	0.000000	0.000000	0.000000
0.508600	11.180000	0.000000	0.000000	0.000000	0.000000
0.508600	11.550000	0.000000	0.000000	0.000000	0.000000
0.508600	11.920000	0.000000	0.000000	0.000000	0.000000
0.508600	12.290000	0.000000	0.000000	0.000000	0.000000
0.508600	12.650000	0.000000	0.000000	0.000000	0.000000
0.508600	13.020000	0.000000	0.000000	0.000000	0.000000
0.508600	13.390000	0.000000	0.000000	0.000000	0.000000
0.508600	13.760000	0.000000	0.000000	0.000000	0.000000
0.508600	14.120000	0.000000	0.000000	0.000000	0.000000
0.508600	14.490000	0.000000	0.000000	0.000000	0.000000
0.508600	14.860000	0.000000	0.000000	0.000000	0.000000
0.508600	15.220000	0.000000	0.010175	0.000000	0.000000
0.508600	15.590000	0.000000	0.010175	0.000000	0.000000
0.508600	15.960000	0.000000	0.010731	0.000611	0.000035
0.508600	16.330000	0.000000	0.011023	0.000793	0.000057
0.508600	16.690000	0.000000	0.021610	0.000833	0.000064
0.508600	17.060000	0.000000	0.021705	0.001140	0.000063
0.508600	17.430000	0.000000	0.032480	0.001734	0.000134
0.508600	17.800000	0.000000	0.032403	0.001710	0.000177
0.508600	18.160000	0.000000	0.032552	0.002147	0.000197
0.508600	18.530000	0.000000	0.035129	0.003536	0.000425
0.508600	18.900000	0.000000	0.045081	0.003337	0.000368
0.508600	19.270000	0.000000	0.055053	0.004099	0.000370
0.508600	19.630000	0.000000	0.055486	0.004245	0.000459
0.508600	20.000000	0.000000	0.056332	0.005189	0.000570
0.520000	2.000000	0.000000	0.010025	0.000000	0.000000
0.520000	2.370000	0.000000	0.000000	0.000000	0.000000
0.520000	2.730000	0.000000	0.000000	0.000000	0.000000
0.520000	3.100000	0.000000	0.000000	0.000000	0.000000
0.520000	3.470000	0.000000	0.000000	0.000000	0.000000
0.520000	3.840000	0.000000	0.000000	0.000000	0.000000
0.520000	4.200000	0.000000	0.000000	0.000000	0.000000
0.520000	4.570000	0.000000	0.000000	0.000000	0.000000
0.520000	4.940000	0.000000	0.010127	0.000000	0.000000
0.520000	5.310000	0.000000	0.000000	0.000000	0.000000
0.520000	5.670000	0.000000	0.000000	0.000000	0.000000
0.520000	6.040000	0.000000	0.000000	0.000000	0.000000
0.520000	6.410000	0.000000	0.000000	0.000000	0.000000
0.520000	6.780000	0.000000	0.000000	0.000000	0.000000
0.520000	7.140000	0.000000	0.000000	0.000000	0.000000
0.520000	7.510000	0.000000	0.000000	0.000000	0.000000
0.520000	7.880000	0.000000	0.000000	0.000000	0.000000
0.520000	8.240000	0.000000	0.000000	0.000000	0.000000
0.520000	8.610000	0.000000	0.010169	0.000000	0.000000
0.520000	8.980000	0.000000	0.000000	0.000000	0.000000
0.520000	9.350000	0.000000	0.000000	0.000000	0.000000
0.520000	9.710000	0.000000	0.000000	0.000000	0.000000
0.520000	10.080000	0.000000	0.000000	0.000000	0.000000
0.520000	10.450000	0.000000	0.000000	0.000000	0.000000
0.520000	10.820000	0.000000	0.000000	0.000000	0.000000
0.520000	11.180000	0.000000	0.000000	0.000000	0.000000
0.520000	11.550000	0.000000	0.000000	0.000000	0.000000
0.520000	11.920000	0.000000	0.000000	0.000000	0.000000
0.520000	12.290000	0.000000	0.000000	0.000000	0.000000
0.520000	12.650000	0.000000	0.010025	0.000000	0.000000
0.520000	13.020000	0.000000	0.010526	0.000000	0.000000
0.520000	13.390000	0.000000	0.010526	0.000000	0.000000
0.520000	13.760000	0.000000	0.010526	0.000000	0.000000
0.520000	14.120000	0.000000	0.010127	0.000000	0.000000
0.520000	14.490000	0.000000	0.020574	0.000000	0.000000
0.520000	14.860000	0.000000	0.020864	0.000211	0.000004
0.520000	15.220000	0.000000	0.020855	0.000717	0.000047
0.520000	15.590000	0.000000	0.031614	0.000968	0.000054
0.520000	15.960000	0.000000	0.031666	0.000409	0.000016
0.520000	16.330000	0.000000	0.031951	0.000556	0.000015
0.520000	16.690000	0.000000	0.032989	0.000748	0.000018
0.520000	17.060000	0.000000	0.043131	0.001007	0.000048
0.520000	17.430000	0.000000	0.042908	0.002420	0.000277
0.520000	17.800000	0.000000	0.045165	0.002855	0.000352
0.520000	18.160000	0.000000	0.045747	0.004571	0.000553
0.520000	18.530000	0.000000	0.045485	0.003963	0.000482
0.520000	18.900000	0.000000	0.044389	0.002952	0.000261
0.520000	19.270000	0.000000	0.054876	0.002999	0.000281
0.520000	19.630000	0.000000	0.056062	0.005354	0.000656
0.520000	20.000000	0.000000	0.055359	0.004984	0.000495
0.531400	2.000000	0.000000	0.010695	0.000000	0.000000
0.531400	2.370000	0.000000	0.010695	0.000000	0.000000
0.531400	2.730000	0.000000	0.010695	0.000000	0.000000
0.531400	3.100000	0.000000	0.010695	0.000000	0.000000
0.531400	3.470000	0.000000	0.010695	0.000000	0.000000
0.531400	3.840000	0.000000	0.011052	0.000504	0.000023
0.531400	4.200000	0.000000	0.010695	0.000000	0.000000
0.531400	4.570000	0.000000	0.010695	0.000000	0.000000
0.531400	4.940000	0.000000	0.012834	0.001513	0.000178
0.531400	5.310000	0.000000	0.012834	0.001172	0.000107
0.531400	5.670000	0.000000	0.013048	0.001419	0.000154
0.531400	6.040000	0.000000	0.011551	0.001247	0.000135
0.531400	6.410000	0.000000	0.011230	0.001196	0.000127
0.531400	6.780000	0.000000	0.011337	0.001283	0.000145
0.531400	7.140000	0.000000	0.011230	0.001196	0.000127
0.531400	7.510000	0.000000	0.011194	0.000768	0.000053
0.531400	7.880000	0.000000	0.011266	0.000768	0.000052
0.531400	8.240000	0.000000	0.011146	0.000721	0.000047
0.531400	8.610000	0.000000	0.000000	0.000000	0.000000
0.531400	8.980000	0.000000	0.000000	0.000000	0.000000
0.531400	9.350000	0.000000	0.000000	0.000000	0.000000
0.531400	9.710000	0.000000	0.000000	0.000000	0.000000
0.531400	10.080000	0.000000	0.011408	0.000504	0.000022
0.531400	10.450000	0.000000	0.011230	0.000535	0.000025
0.531400	10.820000	0.000000	0.011765	0.000873	0.000065
0.531400	11.180000	0.000000	0.011497	0.000887	0.000068
0.531400	11.550000	0.000000	0.011084	0.000688	0.000043
0.531400	11.920000	0.000000	0.011181	0.000701	0.000044
0.531400	12.290000	0.000000	0.011230	0.000783	0.000055
0.531400	12.650000	0.000000	0.011646	0.001376	0.000162
0.531400	13.020000	0.000000	0.011631	0.001357	0.000158
0.531400	13.390000	0.000000	0.011376	0.001230	0.000133
0.531400	13.760000	0.000000	0.011570	0.001191	0.000123
0.531400	14.120000	0.000000	0.011631	0.000991	0.000085
0.531400	14.490000	0.000000	0.011667	0.000963	0.000079
0.531400	14.860000	0.000000	0.011765	0.001020	0.000088
0.531400	15.220000	0.000000	0.010848	0.000374	0.000013
0.531400	15.590000	0.000000	0.011171	0.001022	0.000094
0.531400	15.960000	0.000000	0.011631	0.001458	0.000183
0.531400	16.330000	0.000000	0.022605	0.001706	0.000250
0.531400	16.690000	0.000000	0.012264	0.001227	0.000123
0.531400	17.060000	0.000000	0.012478	0.001687	0.000228
0.531400	17.430000	0.000000	0.012834	0.002139	0.000357
0.531400	17.800000	0.000000	0.034001	0.002103	0.000337
0.531400	18.160000	0.000000	0.033959	0.001417	0.000168
0.531400	18.530000	0.000000	0.032203	0.001516	0.000155
0.531400	18.900000	0.000000	0.032863	0.002487	0.000292
0.531400	19.270000	0.000000	0.054063	0.003304	0.000476
0.531400	19.630000	0.000000	0.054846	0.003471	0.000470
0.531400	20.000000	0.000000	0.056255	0.004145	0.000558
0.542900	2.000000	0.000000	0.010514	0.000405	0.000016
0.542900	2.370000	0.000000	0.010748	0.000467	0.000020
0.542900	2.730000	0.000000	0.010903	0.000441	0.000018
0.542900	3.100000	0.000000	0.010748	0.000467	0.000020
0.542900	3.470000	0.000000	0.011287	0.000774	0.000053
0.542900	3.840000	0.000000	0.011148	0.000826	0.000061
0.542900	4.200000	0.000000	0.011215	0.000790	0.000056
0.542900	4.570000	0.000000	0.011449	0.000864	0.000065
0.542900	4.940000	0.000000	0.010280	0.000000	0.000000
0.542900	5.310000	0.000000	0.010280	0.000000	0.000000
0.542900	5.670000	0.000000	0.010280	0.000000	0.000000
0.542900	6.040000	0.000000	0.010280	0.000000	0.000000
0.542900	6.410000	0.000000	0.010903	0.000441	0.000018
0.542900	6.780000	0.000000	0.010514	0.000405	0.000016
0.542900	7.140000	0.000000	0.010592	0.000441	0.000018
0.542900	7.510000	0.000000	0.021150	0.000348	0.000012
0.542900	7.880000	0.000000	0.020671	0.000374	0.000013
0.542900	8.240000	0.000000	0.020858	0.000458	0.000020
0.542900	8.610000	0.000000	0.021462	0.000467	0.000020
0.542900	8.980000	0.000000	0.021607	0.000927	0.000079
0.542900	9.350000	0.000000	0.021097	0.001020	0.000096
0.542900	9.710000	0.000000	0.011022	0.001261	0.000144
0.542900	10.080000	0.000000	0.010748	0.000467	0.000020
0.542900	10.450000	0.000000	0.010935	0.000598	0.000033
0.542900	10.820000	0.000000	0.011143	0.000774	0.000054
0.542900	11.180000	0.000000	0.010784	0.000788	0.000058
0.542900	11.550000	0.000000	0.021796	0.000671	0.000041
0.542900	11.920000	0.000000	0.021796	0.000753	0.000051
0.542900	12.290000	0.000000	0.022237	0.000812	0.000060
0.542900	12.650000	0.000000	0.022913	0.000661	0.000041
0.542900	13.020000	0.000000	0.034038	0.001589	0.000121
0.542900	13.390000	0.000000	0.021972	0.001457	0.000099
0.542900	13.760000	0.000000	0.022024	0.001747	0.000139
0.542900	14.120000	0.000000	0.032553	0.002025	0.000188
0.542900	14.490000	0.000000	0.033899	0.003070	0.000473
0.542900	14.860000	0.000000	0.033585	0.002986	0.000437
0.542900	15.220000	0.000000	0.022176	0.002234	0.000232
0.542900	15.590000	0.000000	0.032447	0.002256	0.000237
0.542900	15.960000	0.000000	0.032980	0.002679	0.000334
0.542900	16.330000	0.000000	0.022626	0.002949	0.000385
0.542900	16.690000	0.000000	0.022604	0.002699	0.000323
0.542900	17.060000	0.000000	0.033384	0.002981	0.000302
0.542900	17.430000	0.000000	0.044295	0.002581	0.000237
0.542900	17.800000	0.000000	0.044747	0.002605	0.000245
0.542900	18.160000	0.000000	0.046012	0.004034	0.000517
0.542900	18.530000	0.000000	0.045436	0.004501	0.000514
0.542900	18.900000	0.000000	0.057678	0.004779	0.000664
0.542900	19.270000	0.000000	0.056413	0.005186	0.000682
0.542900	19.630000	0.000000	0.057374	0.005891	0.000767
0.542900	20.000000	0.000000	0.059846	0.009213	0.002251
0.554300	2.000000	0.000000	0.011621	0.000000	0.000000
0.554300	2.370000	0.000000	0.011621	0.000000	0.000000
0.554300	2.730000	0.000000	0.011621	0.000000	0.000000
0.554300	3.100000	0.000000	0.021068	0.000000	0.000000
0.554300	3.470000	0.000000	0.020721	0.000368	0.000013
0.554300	3.840000	0.000000	0.011029	0.000735	0.000049
0.554300	4.200000	0.000000	0.011765	0.000000	0.000000
0.554300	4.570000	0.000000	0.011029	0.000735	0.000049
0.554300	4.940000	0.000000	0.011397	0.000368	0.000012
0.554300	5.310000	0.000000	0.011765	0.000735	0.000046
0.554300	5.670000	0.000000	0.010294	0.000000	0.000000
0.554300	6.040000	0.000000	0.010294	0.000000	0.000000
0.554300	6.410000	0.000000	0.010294	0.000000	0.000000
0.554300	6.780000	0.000000	0.020353	0.000000	0.000000
0.554300	7.140000	0.000000	0.020353	0.000000	0.000000
0.554300	7.510000	0.000000	0.020353	0.000000	0.000000
0.554300	7.880000	0.000000	0.010294	0.000000	0.000000
0.554300	8.240000	0.000000	0.010662	0.000368	0.000013
0.554300	8.610000	0.000000	0.010662	0.000368	0.000013
0.554300	8.980000	0.000000	0.010662	0.000368	0.000013
0.554300	9.350000	0.000000	0.010662	0.000368	0.000013
0.554300	9.710000	0.000000	0.010662	0.000368	0.000013
0.554300	10.080000	0.000000	0.010294	0.000000	0.000000
0.554300	10.450000	0.000000	0.010294	0.000000	0.000000
0.554300	10.820000	0.000000	0.030751	0.000000	0.000000
0.554300	11.180000	0.000000	0.030751	0.000000	0.000000
0.554300	11.550000	0.000000	0.031782	0.000296	0.000008
0.554300	11.920000	0.000000	0.031414	0.000663	0.000021
0.554300	12.290000	0.000000	0.042236	0.002181	0.000244
0.554300	12.650000	0.000000	0.032422	0.001747	0.000192
0.554300	13.020000	0.000000	0.022039	0.001243	0.000140
0.554300	13.390000	0.000000	0.021855	0.001205	0.000134
0.554300	13.760000	0.000000	0.023202	0.002024	0.000204
0.554300	14.120000	0.000000	0.011471	0.001364	0.000162
0.554300	14.490000	0.000000	0.033258	0.002448	0.000262
0.554300	14.860000	0.000000	0.033701	0.002841	0.000347
0.554300	15.220000	0.000000	0.033563	0.003102	0.000336
0.554300	15.590000	0.000000	0.044817	0.003094	0.000278
0.554300	15.960000	0.000000	0.044991	0.004249	0.000415
0.554300	16.330000	0.000000	0.055108	0.003638	0.000291
0.554300	16.690000	0.000000	0.055033	0.003732	0.000326
0.554300	17.060000	0.000000	0.044899	0.003774	0.000369
0.554300	17.430000	0.000000	0.055377	0.004174	0.000462
0.554300	17.800000	0.000000	0.057687	0.007469	0.001153
0.554300	18.160000	0.000000	0.059893	0.006471	0.000987
0.554300	18.530000	0.000000	0.056748	0.006579	0.000859
0.554300	18.900000	0.000000	0.057391	0.006741	0.000869
0.554300	19.270000	0.000000	0.058301	0.007690	0.001016
0.554300	19.630000	0.000000	0.059237	0.008497	0.001223
0.554300	20.000000	0.000000	0.059238	0.008783	0.001320
0.565700	2.000000	0.000000	0.010811	0.000000	0.000000
0.565700	2.370000	0.000000	0.010811	0.000000	0.000000
0.565700	2.730000	0.000000	0.010811	0.000000	0.000000
0.565700	3.100000	0.000000	0.010811	0.000000	0.000000
0.565700	3.470000	0.000000	0.010811	0.000000	0.000000
0.565700	3.840000	0.000000	0.010811	0.000000	0.000000
0.565700	4.200000	0.000000	0.010811	0.000000	0.000000
0.565700	4.570000	0.000000	0.010811	0.000000	0.000000
0.565700	4.940000	0.000000	0.010811	0.000000	0.000000
0.565700	5.310000	0.000000	0.010811	0.000000	0.000000
0.565700	5.670000	0.000000	0.010811	0.000000	0.000000
0.565700	6.040000	0.000000	0.000000	0.000000	0.000000
0.565700	6.410000	0.000000	0.010811	0.000000	0.000000
0.565700	6.780000	0.000000	0.010811	0.000000	0.000000
0.565700	7.140000	0.000000	0.010811	0.000000	0.000000
0.565700	7.510000	0.000000	0.010811	0.000000	0.000000
0.565700	7.880000	0.000000	0.010811	0.000000	0.000000
0.565700	8.240000	0.000000	0.010811	0.000000	0.000000
0.565700	8.610000	0.000000	0.010811	0.000000	0.000000
0.565700	8.980000	0.000000	0.010811	0.000000	0.000000
0.565700	9.350000	0.000000	0.010811	0.000000	0.000000
0.565700	9.710000	0.000000	0.010811	0.000000	0.000000
0.565700	10.080000	0.000000	0.010811	0.000000	0.000000
0.565700	10.450000	0.000000	0.010811	0.000000	0.000000
0.565700	10.820000	0.000000	0.010811	0.000000	0.000000
0.565700	11.180000	0.000000	0.010811	0.000000	0.000000
0.565700	11.550000	0.000000	0.010811	0.000000	0.000000
0.565700	11.920000	0.000000	0.011892	0.000000	0.000000
0.565700	12.290000	0.000000	0.011622	0.000468	0.000019
0.565700	12.650000	0.000000	0.011243	0.000530	0.000025
0.565700	13.020000	0.000000	0.011243	0.000530	0.000025
0.565700	13.390000	0.000000	0.021263	0.000510	0.000023
0.565700	13.760000	0.000000	0.021443	0.000541	0.000026
0.565700	14.120000	0.000000	0.021443	0.000541	0.000026
0.565700	14.490000	0.000000	0.031589	0.000510	0.000023
0.565700	14.860000	0.000000	0.021497	0.000806	0.000058
0.565700	15.220000	0.000000	0.031383	0.000378	0.000013
0.565700	15.590000	0.000000	0.021497	0.000721	0.000046
0.565700	15.960000	0.000000	0.022316	0.001490	0.000185
0.565700	16.330000	0.000000	0.033234	0.001701	0.000135
0.565700	16.690000	0.000000	0.033058	0.001846	0.000123
0.565700	17.060000	0.000000	0.044702	0.002876	0.000256
0.565700	17.430000	0.000000	0.045891	0.003515	0.000368
0.565700	17.800000	0.000000	0.056315	0.002766	0.000230
0.565700	18.160000	0.000000	0.046510	0.003454	0.000344
0.565700	18.530000	0.000000	0.036382	0.004248	0.000504
0.565700	18.900000	0.000000	0.045720	0.003619	0.000404
0.565700	19.270000	0.000000	0.056856	0.003843	0.000392
0.565700	19.630000	0.000000	0.057630	0.003980	0.000441
0.565700	20.000000	0.000000	0.056830	0.004805	0.000533
0.577100	2.000000	0.000000	0.021976	0.000000	0.000000
0.577100	2.370000	0.000000	0.021976	0.000000	0.000000
0.577100	2.730000	0.000000	0.021976	0.000000	0.000000
0.577100	3.100000	0.000000	0.022942	0.000000	0.000000
0.577100	3.470000	0.000000	0.022942	0.000000	0.000000
0.577100	3.840000	0.000000	0.022942	0.000000	0.000000
0.577100	4.200000	0.000000	0.022942	0.000000	0.000000
0.577100	4.570000	0.000000	0.021976	0.000000	0.000000
0.577100	4.940000	0.000000	0.023110	0.001554	0.000193
0.577100	5.310000	0.000000	0.022803	0.001289	0.000137
0.577100	5.670000	0.000000	0.023217	0.001602	0.000204
0.577100	6.040000	0.000000	0.023147	0.001299	0.000135
0.577100	6.410000	0.000000	0.023052	0.001474	0.000175
0.577100	6.780000	0.000000	0.023337	0.001527	0.000183
0.577100	7.140000	0.000000	0.033610	0.001601	0.000207
0.577100	7.510000	0.000000	0.044429	0.001497	0.000179
0.577100	7.880000	0.000000	0.045053	0.002271	0.000219
0.577100	8.240000	0.000000	0.033641	0.000966	0.000081
0.577100	8.610000	0.000000	0.033803	0.001821	0.000160
0.577100	8.980000	0.000000	0.033820	0.001766	0.000148
0.577100	9.350000	0.000000	0.033416	0.001088	0.000053
0.577100	9.710000	0.000000	0.033191	0.000974	0.000044
0.577100	10.080000	0.000000	0.033581	0.001417	0.000063
0.577100	10.450000	0.000000	0.034279	0.001859	0.000106
0.577100	10.820000	0.000000	0.034416	0.001835	0.000104
0.577100	11.180000	0.000000	0.035032	0.002243	0.000151
0.577100	11.550000	0.000000	0.035005	0.002898	0.000251
0.577100	11.920000	0.000000	0.035750	0.002113	0.000197
0.577100	12.290000	0.000000	0.046317	0.002358	0.000240
0.577100	12.650000	0.000000	0.045864	0.001669	0.000168
0.577100	13.020000	0.000000	0.045052	0.002643	0.000249
0.577100	13.390000	0.000000	0.045765	0.002062	0.000220
0.577100	13.760000	0.000000	0.045663	0.002301	0.000220
0.577100	14.120000	0.000000	0.046088	0.002778	0.000306
0.577100	14.490000	0.000000	0.046451	0.002961	0.000341
0.577100	14.860000	0.000000	0.046652	0.003493	0.000501
0.577100	15.220000	0.000000	0.057216	0.002927	0.000275
0.577100	15.590000	0.000000	0.057822	0.004149	0.000442
0.577100	15.960000	0.000000	0.046966	0.004600	0.000558
0.577100	16.330000	0.000000	0.047265	0.003730	0.000352
0.577100	16.690000	0.000000	0.047531	0.004600	0.000513
0.577100	17.060000	0.000000	0.047933	0.004851	0.000577
0.577100	17.430000	0.000000	0.048403	0.005157	0.000631
0.577100	17.800000	0.000000	0.048854	0.006115	0.000846
0.577100	18.160000	0.000000	0.059580	0.006661	0.000957
0.577100	18.530000	0.000000	0.061093	0.007363	0.001184
0.577100	18.900000	0.000000	0.060902	0.007467	0.001194
0.577100	19.270000	0.000000	0.061671	0.009689	0.001805
0.577100	19.630000	0.000000	0.062181	0.010234	0.001910
0.577100	20.000000	0.000000	0.062754	0.010501	0.001925
0.588600	2.000000	0.000000	0.033050	0.001790	0.000141
0.588600	2.370000	0.000000	0.032894	0.001718	0.000131
0.588600	2.730000	0.000000	0.033050	0.001790	0.000141
0.588600	3.100000	0.000000	0.032894	0.001718	0.000131
0.588600	3.470000	0.000000	0.032728	0.001535	0.000110
0.588600	3.840000	0.000000	0.021942	0.000621	0.000035
0.588600	4.200000	0.000000	0.021774	0.000465	0.000020
0.588600	4.570000	0.000000	0.021864	0.000626	0.000036
0.588600	4.940000	0.000000	0.021908	0.000657	0.000039
0.588600	5.310000	0.000000	0.021824	0.000653	0.000039
0.588600	5.670000	0.000000	0.021824	0.000455	0.000019
0.588600	6.040000	0.000000	0.022709	0.002150	0.000224
0.588600	6.410000	0.000000	0.046230	0.003111	0.000307
0.588600	6.780000	0.000000	0.045266	0.002709	0.000236
0.588600	7.140000	0.000000	0.034755	0.002932	0.000292
0.588600	7.510000	0.000000	0.034641	0.002757	0.000251
0.588600	7.880000	0.000000	0.034670	0.002720	0.000242
0.588600	8.240000	0.000000	0.045170	0.003197	0.000239
0.588600	8.610000	0.000000	0.044379	0.003309	0.000268
0.588600	8.980000	0.000000	0.043399	0.002353	0.000182
0.588600	9.350000	0.000000	0.032442	0.001551	0.000123
0.588600	9.710000	0.000000	0.032576	0.001924	0.000181
0.588600	10.080000	0.000000	0.043014	0.002007	0.000227
0.588600	10.450000	0.000000	0.043644	0.001965	0.000216
0.588600	10.820000	0.000000	0.043202	0.002391	0.000271
0.588600	11.180000	0.000000	0.044259	0.002277	0.000233
0.588600	11.550000	0.000000	0.043442	0.002001	0.000221
0.588600	11.920000	0.000000	0.043404	0.002069	0.000237
0.588600	12.290000	0.000000	0.043780	0.002093	0.000244
0.588600	12.650000	0.000000	0.044998	0.003581	0.000352
0.588600	13.020000	0.000000	0.045064	0.003177	0.000329
0.588600	13.390000	0.000000	0.044976	0.003128	0.000317
0.588600	13.760000	0.000000	0.044909	0.003489	0.000356
0.588600	14.120000	0.000000	0.045632	0.005638	0.000825
0.588600	14.490000	0.000000	0.046212	0.005563	0.000795
0.588600	14.860000	0.000000	0.043571	0.002067	0.000233
0.588600	15.220000	0.000000	0.044435	0.003882	0.000426
0.588600	15.590000	0.000000	0.044373	0.003814	0.000429
0.588600	15.960000	0.000000	0.045153	0.003964	0.000450
0.588600	16.330000	0.000000	0.048426	0.003348	0.000411
0.588600	16.690000	0.000000	0.046642	0.005703	0.000833
0.588600	17.060000	0.000000	0.045452	0.004656	0.000553
0.588600	17.430000	0.000000	0.056081	0.004674	0.000563
0.588600	17.800000	0.000000	0.048042	0.006956	0.001171
0.588600	18.160000	0.000000	0.049670	0.008290	0.001459
0.588600	18.530000	0.000000	0.051096	0.010538	0.002278
0.588600	18.900000	0.000000	0.050758	0.010247	0.002248
0.588600	19.270000	0.000000	0.062222	0.010641	0.002327
0.588600	19.630000	0.000000	0.062293	0.011063	0.002469
0.588600	20.000000	0.000000	0.063386	0.012732	0.003113
0.600000	2.000000	0.000000	0.021192	0.000000	0.000000
0.600000	2.370000	0.000000	0.021192	0.000000	0.000000
0.600000	2.730000	0.000000	0.021192	0.000000	0.000000
0.600000	3.100000	0.000000	0.021192	0.000000	0.000000
0.600000	3.470000	0.000000	0.021192	0.000000	0.000000
0.600000	3.840000	0.000000	0.021192	0.000000	0.000000
0.600000	4.200000	0.000000	0.020992	0.000000	0.000000
0.600000	4.570000	0.000000	0.020992	0.000000	0.000000
0.600000	4.940000	0.000000	0.021857	0.000479	0.000021
0.600000	5.310000	0.000000	0.022004	0.000593	0.000031
0.600000	5.670000	0.000000	0.021335	0.000593	0.000031
0.600000	6.040000	0.000000	0.021164	0.000453	0.000018
0.600000	6.410000	0.000000	0.022175	0.000663	0.000038
0.600000	6.780000	0.000000	0.032351	0.000646	0.000037
0.600000	7.140000	0.000000	0.032408	0.000663	0.000038
0.600000	7.510000	0.000000	0.031529	0.000570	0.000029
0.600000	7.880000	0.000000	0.031362	0.000411	0.000015
0.600000	8.240000	0.000000	0.031616	0.000619	0.000034
0.600000	8.610000	0.000000	0.031682	0.000646	0.000037
0.600000	8.980000	0.000000	0.031910	0.000685	0.000040
0.600000	9.350000	0.000000	0.031910	0.000685	0.000040
0.600000	9.710000	0.000000	0.032693	0.001784	0.000150
0.600000	10.080000	0.000000	0.033068	0.002337	0.000243
0.600000	10.450000	0.000000	0.032904	0.002266	0.000229
0.600000	10.820000	0.000000	0.032913	0.002150	0.000204
0.600000	11.180000	0.000000	0.034420	0.002345	0.000239
0.600000	11.550000	0.000000	0.033903	0.001776	0.000149
0.600000	11.920000	0.000000	0.034749	0.001775	0.000148
0.600000	12.290000	0.000000	0.033619	0.002945	0.000276
0.600000	12.650000	0.000000	0.033023	0.002247	0.000162
0.600000	13.020000	0.000000	0.032837	0.002303	0.000167
0.600000	13.390000	0.000000	0.032990	0.001887	0.000112
0.600000	13.760000	0.000000	0.033720	0.002725	0.000250
0.600000	14.120000	0.000000	0.033579	0.002502	0.000200
0.600000	14.490000	0.000000	0.033330	0.002563	0.000203
0.600000	14.860000	0.000000	0.043314	0.002526	0.000212
0.600000	15.220000	0.000000	0.044631	0.003648	0.000355
0.600000	15.590000	0.000000	0.044487	0.003137	0.000269
0.600000	15.960000	0.000000	0.045768	0.002893	0.000281
0.600000	16.330000	0.000000	0.044989	0.003576	0.000332
0.600000	16.690000	0.000000	0.045117	0.004241	0.000441
0.600000	17.060000	0.000000	0.044601	0.003916	0.000458
0.600000	17.430000	0.000000	0.044873	0.003579	0.000393
0.600000	17.800000	0.000000	0.055457	0.004485	0.000512
0.600000	18.160000	0.000000	0.056162	0.005805	0.000764
0.600000	18.530000	0.000000	0.057425	0.006459	0.000929
0.600000	18.900000	0.000000	0.057501	0.006505	0.000981
0.600000	19.270000	0.000000	0.058089	0.007280	0.001068
0.600000	19.630000	0.000000	0.058443	0.007901	0.001215
0.600000	20.000000	0.000000	0.057868	0.007584	0.001098
