base_sigma	n_centers	Gini
0.0400	10	0.908549
0.0400	11	0.895552
0.0400	12	0.894239
0.0400	13	0.884311
0.0400	14	0.885430
0.0400	15	0.886301
0.0400	16	0.877519
0.0400	17	0.883832
0.0400	18	0.872881
0.0400	19	0.874145
0.0400	20	0.865680
0.0400	21	0.867423
0.0400	22	0.863959
0.0400	23	0.861357
0.0400	24	0.860027
0.0400	25	0.853192
0.0400	26	0.849356
0.0400	27	0.846397
0.0400	28	0.842710
0.0400	29	0.837987
0.0400	30	0.843345
0.0400	31	0.843978
0.0400	32	0.843689
0.0400	33	0.824587
0.0400	34	0.831275
0.0400	35	0.844248
0.0400	36	0.831090
0.0400	37	0.830514
0.0400	38	0.828519
0.0400	39	0.812211
0.0400	40	0.832813
0.0400	41	0.815758
0.0400	42	0.809012
0.0400	43	0.809670
0.0400	44	0.796528
0.0400	45	0.814005
0.0400	46	0.801554
0.0400	47	0.818720
0.0400	48	0.792044
0.0400	49	0.800535
0.0400	50	0.784306
0.0400	51	0.774326
0.0400	52	0.791736
0.0400	53	0.801958
0.0400	54	0.802214
0.0400	55	0.780716
0.0400	56	0.790627
0.0400	57	0.780662
0.0400	58	0.771450
0.0400	59	0.774771
0.0400	60	0.781364
0.0400	61	0.773332
0.0400	62	0.768741
0.0400	63	0.765786
0.0400	64	0.756177
0.0400	65	0.761810
0.0400	66	0.760399
0.0400	67	0.769995
0.0400	68	0.764058
0.0400	69	0.766295
0.0400	70	0.761954
0.0400	71	0.756735
0.0400	72	0.757007
0.0400	73	0.752406
0.0400	74	0.747128
0.0400	75	0.737405
0.0400	76	0.744309
0.0400	77	0.708534
0.0400	78	0.714784
0.0400	79	0.738675
0.0400	80	0.732885
0.0400	81	0.736689
0.0400	82	0.735051
0.0400	83	0.729375
0.0400	84	0.724080
0.0400	85	0.733880
0.0400	86	0.738347
0.0400	87	0.728620
0.0400	88	0.703490
0.0400	89	0.732873
0.0400	90	0.699639
0.0400	91	0.707867
0.0400	92	0.721510
0.0400	93	0.689671
0.0400	94	0.705967
0.0400	95	0.689741
0.0400	96	0.732985
0.0400	97	0.716474
0.0400	98	0.691550
0.0400	99	0.710201
0.0400	100	0.702524
0.0400	101	0.690626
0.0400	102	0.690278
0.0400	103	0.709003
0.0400	104	0.690314
0.0400	105	0.686992
0.0400	106	0.673605
0.0400	107	0.695642
0.0400	108	0.695478
0.0400	110	0.686035
0.0497	10	0.894440
0.0497	11	0.887165
0.0497	12	0.882869
0.0497	13	0.875394
0.0497	14	0.872772
0.0497	15	0.874047
0.0497	16	0.878627
0.0497	17	0.870850
0.0497	18	0.857724
0.0497	19	0.856520
0.0497	20	0.851036
0.0497	21	0.854135
0.0497	22	0.838556
0.0497	23	0.842990
0.0497	24	0.846576
0.0497	25	0.838057
0.0497	26	0.828187
0.0497	27	0.838194
0.0497	28	0.822225
0.0497	29	0.833249
0.0497	30	0.826626
0.0497	31	0.809514
0.0497	32	0.820971
0.0497	33	0.823201
0.0497	34	0.791265
0.0497	35	0.800504
0.0497	36	0.800198
0.0497	37	0.806689
0.0497	38	0.794202
0.0497	39	0.785421
0.0497	40	0.781780
0.0497	41	0.772564
0.0497	42	0.763529
0.0497	43	0.780859
0.0497	44	0.772894
0.0497	45	0.764574
0.0497	46	0.790705
0.0497	47	0.776190
0.0497	48	0.770550
0.0497	49	0.770216
0.0497	50	0.739489
0.0497	51	0.757541
0.0497	52	0.775694
0.0497	53	0.747943
0.0497	54	0.756823
0.0497	55	0.742544
0.0497	56	0.746974
0.0497	57	0.749519
0.0497	58	0.737056
0.0497	59	0.758582
0.0497	60	0.729189
0.0497	61	0.730622
0.0497	62	0.722313
0.0497	63	0.734451
0.0497	64	0.722871
0.0497	65	0.724047
0.0497	66	0.726756
0.0497	67	0.696803
0.0497	68	0.726073
0.0497	69	0.727527
0.0497	70	0.711298
0.0497	71	0.728974
0.0497	72	0.715562
0.0497	73	0.693785
0.0497	74	0.710235
0.0497	75	0.709824
0.0497	76	0.721420
0.0497	77	0.703889
0.0497	78	0.693964
0.0497	79	0.688625
0.0497	80	0.693582
0.0497	81	0.677364
0.0497	82	0.683013
0.0497	83	0.685233
0.0497	84	0.690383
0.0497	85	0.650207
0.0497	86	0.664060
0.0497	87	0.688325
0.0497	88	0.680490
0.0497	89	0.671532
0.0497	90	0.675187
0.0497	91	0.659117
0.0497	92	0.679498
0.0497	93	0.670492
0.0497	94	0.682563
0.0497	95	0.692025
0.0497	96	0.677473
0.0497	97	0.663042
0.0497	98	0.639555
0.0497	99	0.647133
0.0497	100	0.653135
0.0497	101	0.664964
0.0497	102	0.670461
0.0497	103	0.654299
0.0497	104	0.669485
0.0497	105	0.678059
0.0497	106	0.662870
0.0497	107	0.671348
0.0497	108	0.646423
0.0497	110	0.620416
0.0594	10	0.882062
0.0594	11	0.871352
0.0594	12	0.882164
0.0594	13	0.864921
0.0594	14	0.861492
0.0594	15	0.851145
0.0594	16	0.845986
0.0594	17	0.846663
0.0594	18	0.847098
0.0594	19	0.839398
0.0594	20	0.842229
0.0594	21	0.812428
0.0594	22	0.813567
0.0594	23	0.821590
0.0594	24	0.813623
0.0594	25	0.808169
0.0594	26	0.803359
0.0594	27	0.799542
0.0594	28	0.826986
0.0594	29	0.790743
0.0594	30	0.789925
0.0594	31	0.774973
0.0594	32	0.803119
0.0594	33	0.766748
0.0594	34	0.793866
0.0594	35	0.773978
0.0594	36	0.785250
0.0594	37	0.761892
0.0594	38	0.743783
0.0594	39	0.767695
0.0594	40	0.752758
0.0594	41	0.727563
0.0594	42	0.749803
0.0594	43	0.775282
0.0594	44	0.747511
0.0594	45	0.735331
0.0594	46	0.754719
0.0594	47	0.753031
0.0594	48	0.726503
0.0594	49	0.724664
0.0594	50	0.698985
0.0594	51	0.715452
0.0594	52	0.707837
0.0594	53	0.714475
0.0594	54	0.705546
0.0594	55	0.697838
0.0594	56	0.711731
0.0594	57	0.713930
0.0594	58	0.688802
0.0594	59	0.701586
0.0594	60	0.699872
0.0594	61	0.696117
0.0594	62	0.716816
0.0594	63	0.697495
0.0594	64	0.690444
0.0594	65	0.694509
0.0594	66	0.671005
0.0594	67	0.662764
0.0594	68	0.690921
0.0594	69	0.680934
0.0594	70	0.669721
0.0594	71	0.657322
0.0594	72	0.663990
0.0594	73	0.698005
0.0594	74	0.657875
0.0594	75	0.683880
0.0594	76	0.645928
0.0594	77	0.685234
0.0594	78	0.670359
0.0594	79	0.642847
0.0594	80	0.648603
0.0594	81	0.649140
0.0594	82	0.656847
0.0594	83	0.655028
0.0594	84	0.635518
0.0594	85	0.640137
0.0594	86	0.638473
0.0594	87	0.615295
0.0594	88	0.636653
0.0594	89	0.623225
0.0594	90	0.647848
0.0594	91	0.628151
0.0594	92	0.612298
0.0594	93	0.623078
0.0594	94	0.611058
0.0594	95	0.617601
0.0594	96	0.602711
0.0594	97	0.619983
0.0594	98	0.599990
0.0594	99	0.598643
0.0594	100	0.591347
0.0594	101	0.591044
0.0594	102	0.596621
0.0594	103	0.610482
0.0594	104	0.619919
0.0594	105	0.626900
0.0594	106	0.605117
0.0594	107	0.600671
0.0594	108	0.598287
0.0594	110	0.604130
0.0691	10	0.883117
0.0691	11	0.860617
0.0691	12	0.850724
0.0691	13	0.840017
0.0691	14	0.836044
0.0691	15	0.841062
0.0691	16	0.824259
0.0691	17	0.826798
0.0691	18	0.820677
0.0691	19	0.814446
0.0691	20	0.811778
0.0691	21	0.817149
0.0691	22	0.788539
0.0691	23	0.795997
0.0691	24	0.784341
0.0691	25	0.800304
0.0691	26	0.776332
0.0691	27	0.772013
0.0691	28	0.761935
0.0691	29	0.740340
0.0691	30	0.747128
0.0691	31	0.764873
0.0691	32	0.760360
0.0691	33	0.762696
0.0691	34	0.729125
0.0691	35	0.720350
0.0691	36	0.720178
0.0691	37	0.727591
0.0691	38	0.715156
0.0691	39	0.720440
0.0691	40	0.706342
0.0691	41	0.708997
0.0691	42	0.711858
0.0691	43	0.707753
0.0691	44	0.709854
0.0691	45	0.693141
0.0691	46	0.723505
0.0691	47	0.701046
0.0691	48	0.690132
0.0691	49	0.682733
0.0691	50	0.685265
0.0691	51	0.689562
0.0691	52	0.683856
0.0691	53	0.674313
0.0691	54	0.684013
0.0691	55	0.662337
0.0691	56	0.701360
0.0691	57	0.677220
0.0691	58	0.674523
0.0691	59	0.671155
0.0691	60	0.673099
0.0691	61	0.649175
0.0691	62	0.670892
0.0691	63	0.657766
0.0691	64	0.662942
0.0691	65	0.677923
0.0691	66	0.652163
0.0691	67	0.610933
0.0691	68	0.627526
0.0691	69	0.624653
0.0691	70	0.621958
0.0691	71	0.625841
0.0691	72	0.614073
0.0691	73	0.635275
0.0691	74	0.636356
0.0691	75	0.611345
0.0691	76	0.658074
0.0691	77	0.623862
0.0691	78	0.626741
0.0691	79	0.606482
0.0691	80	0.613883
0.0691	81	0.608615
0.0691	82	0.603792
0.0691	83	0.619712
0.0691	84	0.589584
0.0691	85	0.608525
0.0691	86	0.622055
0.0691	87	0.607186
0.0691	88	0.592689
0.0691	89	0.582862
0.0691	90	0.594322
0.0691	91	0.574016
0.0691	92	0.609441
0.0691	93	0.598696
0.0691	94	0.591368
0.0691	95	0.606853
0.0691	96	0.598523
0.0691	97	0.599173
0.0691	98	0.562287
0.0691	99	0.559913
0.0691	100	0.592684
0.0691	101	0.562014
0.0691	102	0.578329
0.0691	103	0.583093
0.0691	104	0.563525
0.0691	105	0.556970
0.0691	106	0.559292
0.0691	107	0.557364
0.0691	108	0.565731
0.0691	110	0.545137
0.0788	10	0.857059
0.0788	11	0.828455
0.0788	12	0.831911
0.0788	13	0.838374
0.0788	14	0.819993
0.0788	15	0.808710
0.0788	16	0.831833
0.0788	17	0.800926
0.0788	18	0.791758
0.0788	19	0.781331
0.0788	20	0.786025
0.0788	21	0.783586
0.0788	22	0.754254
0.0788	23	0.771327
0.0788	24	0.758025
0.0788	25	0.737040
0.0788	26	0.750020
0.0788	27	0.726096
0.0788	28	0.739338
0.0788	29	0.725743
0.0788	30	0.703501
0.0788	31	0.725180
0.0788	32	0.711939
0.0788	33	0.738526
0.0788	34	0.720096
0.0788	35	0.696989
0.0788	36	0.710425
0.0788	37	0.707742
0.0788	38	0.688665
0.0788	39	0.714023
0.0788	40	0.685853
0.0788	41	0.702585
0.0788	42	0.696510
0.0788	43	0.688276
0.0788	44	0.723941
0.0788	45	0.671148
0.0788	46	0.625502
0.0788	47	0.668841
0.0788	48	0.640995
0.0788	49	0.686103
0.0788	50	0.624921
0.0788	51	0.647398
0.0788	52	0.655341
0.0788	53	0.621877
0.0788	54	0.645423
0.0788	55	0.641637
0.0788	56	0.654418
0.0788	57	0.629037
0.0788	58	0.608474
0.0788	59	0.634381
0.0788	60	0.618727
0.0788	61	0.645176
0.0788	62	0.600905
0.0788	63	0.648479
0.0788	64	0.589471
0.0788	65	0.594900
0.0788	66	0.606073
0.0788	67	0.600479
0.0788	68	0.583582
0.0788	69	0.560485
0.0788	70	0.584514
0.0788	71	0.598145
0.0788	72	0.574376
0.0788	73	0.600766
0.0788	74	0.574928
0.0788	75	0.591693
0.0788	76	0.562477
0.0788	77	0.564827
0.0788	78	0.566775
0.0788	79	0.572061
0.0788	80	0.557343
0.0788	81	0.583632
0.0788	82	0.529370
0.0788	83	0.579229
0.0788	84	0.577484
0.0788	85	0.590197
0.0788	86	0.596263
0.0788	87	0.569792
0.0788	88	0.563701
0.0788	89	0.552079
0.0788	90	0.566305
0.0788	91	0.550067
0.0788	92	0.544082
0.0788	93	0.572310
0.0788	94	0.560141
0.0788	95	0.564889
0.0788	96	0.558314
0.0788	97	0.565872
0.0788	98	0.527527
0.0788	99	0.553560
0.0788	100	0.531030
0.0788	101	0.532839
0.0788	102	0.551924
0.0788	103	0.521061
0.0788	104	0.531737
0.0788	105	0.520301
0.0788	106	0.519226
0.0788	107	0.516606
0.0788	108	0.528146
0.0788	110	0.557626
0.0885	10	0.834915
0.0885	11	0.819274
0.0885	12	0.801419
0.0885	13	0.795410
0.0885	14	0.797665
0.0885	15	0.790923
0.0885	16	0.776707
0.0885	17	0.791459
0.0885	18	0.736116
0.0885	19	0.800326
0.0885	20	0.746982
0.0885	21	0.749467
0.0885	22	0.724710
0.0885	23	0.736691
0.0885	24	0.734539
0.0885	25	0.693191
0.0885	26	0.750478
0.0885	27	0.722286
0.0885	28	0.730704
0.0885	29	0.703186
0.0885	30	0.733292
0.0885	31	0.696849
0.0885	32	0.702562
0.0885	33	0.681839
0.0885	34	0.648490
0.0885	35	0.659832
0.0885	36	0.678720
0.0885	37	0.670066
0.0885	38	0.672784
0.0885	39	0.702529
0.0885	40	0.675154
0.0885	41	0.687261
0.0885	42	0.681064
0.0885	43	0.655137
0.0885	44	0.635934
0.0885	45	0.661589
0.0885	46	0.677180
0.0885	47	0.612069
0.0885	48	0.625282
0.0885	49	0.665997
0.0885	50	0.590037
0.0885	51	0.652371
0.0885	52	0.598013
0.0885	53	0.623930
0.0885	54	0.569771
0.0885	55	0.602922
0.0885	56	0.615976
0.0885	57	0.596295
0.0885	58	0.603550
0.0885	59	0.603154
0.0885	60	0.583705
0.0885	61	0.569811
0.0885	62	0.554942
0.0885	63	0.599949
0.0885	64	0.577381
0.0885	65	0.577657
0.0885	66	0.568612
0.0885	67	0.595998
0.0885	68	0.576190
0.0885	69	0.584409
0.0885	70	0.563224
0.0885	71	0.605809
0.0885	72	0.579079
0.0885	73	0.568533
0.0885	74	0.563924
0.0885	75	0.557709
0.0885	76	0.544878
0.0885	77	0.579269
0.0885	78	0.586042
0.0885	79	0.548419
0.0885	80	0.553318
0.0885	81	0.533524
0.0885	82	0.589576
0.0885	83	0.551666
0.0885	84	0.557024
0.0885	85	0.522740
0.0885	86	0.527046
0.0885	87	0.531050
0.0885	88	0.550553
0.0885	89	0.549227
0.0885	90	0.567474
0.0885	91	0.513777
0.0885	92	0.529650
0.0885	93	0.518919
0.0885	94	0.509471
0.0885	95	0.521414
0.0885	96	0.510215
0.0885	97	0.528355
0.0885	98	0.497078
0.0885	99	0.523723
0.0885	100	0.511587
0.0885	101	0.513613
0.0885	102	0.494601
0.0885	103	0.530490
0.0885	104	0.521248
0.0885	105	0.530925
0.0885	106	0.509500
0.0885	107	0.501306
0.0885	108	0.501866
0.0885	110	0.512344
0.0982	10	0.820813
0.0982	11	0.818174
0.0982	12	0.796769
0.0982	13	0.796084
0.0982	14	0.804447
0.0982	15	0.765740
0.0982	16	0.780851
0.0982	17	0.764595
0.0982	18	0.786284
0.0982	19	0.732642
0.0982	20	0.719529
0.0982	21	0.728638
0.0982	22	0.719648
0.0982	23	0.704831
0.0982	24	0.688149
0.0982	25	0.713281
0.0982	26	0.700657
0.0982	27	0.713056
0.0982	28	0.703751
0.0982	29	0.690311
0.0982	30	0.727238
0.0982	31	0.688345
0.0982	32	0.650049
0.0982	33	0.643244
0.0982	34	0.702486
0.0982	35	0.611750
0.0982	36	0.666047
0.0982	37	0.627325
0.0982	38	0.671600
0.0982	39	0.643436
0.0982	40	0.603918
0.0982	41	0.623236
0.0982	42	0.625044
0.0982	43	0.652837
0.0982	44	0.608614
0.0982	45	0.618227
0.0982	46	0.584157
0.0982	47	0.603763
0.0982	48	0.612116
0.0982	49	0.609315
0.0982	50	0.628303
0.0982	51	0.553336
0.0982	52	0.618349
0.0982	53	0.618103
0.0982	54	0.555849
0.0982	55	0.563906
0.0982	56	0.561942
0.0982	57	0.601438
0.0982	58	0.569326
0.0982	59	0.547595
0.0982	60	0.573220
0.0982	61	0.560386
0.0982	62	0.575442
0.0982	63	0.573096
0.0982	64	0.552299
0.0982	65	0.556087
0.0982	66	0.586393
0.0982	67	0.534267
0.0982	68	0.560060
0.0982	69	0.530670
0.0982	70	0.549348
0.0982	71	0.513309
0.0982	72	0.540625
0.0982	73	0.528865
0.0982	74	0.513649
0.0982	75	0.537485
0.0982	76	0.523317
0.0982	77	0.540126
0.0982	78	0.531704
0.0982	79	0.502335
0.0982	80	0.523984
0.0982	81	0.502067
0.0982	82	0.490338
0.0982	83	0.496733
0.0982	84	0.528870
0.0982	85	0.516833
0.0982	86	0.535824
0.0982	87	0.510373
0.0982	88	0.525739
0.0982	89	0.550608
0.0982	90	0.514512
0.0982	91	0.497642
0.0982	92	0.503754
0.0982	93	0.501066
0.0982	94	0.510199
0.0982	95	0.507263
0.0982	96	0.507924
0.0982	97	0.487351
0.0982	98	0.474768
0.0982	99	0.493295
0.0982	100	0.503971
0.0982	101	0.474101
0.0982	102	0.472025
0.0982	103	0.488426
0.0982	104	0.489078
0.0982	105	0.483853
0.0982	106	0.504728
0.0982	107	0.513720
0.0982	108	0.494149
0.0982	110	0.464241
0.1079	10	0.812242
0.1079	11	0.794354
0.1079	12	0.773335
0.1079	13	0.765988
0.1079	14	0.751337
0.1079	15	0.740309
0.1079	16	0.723830
0.1079	17	0.748494
0.1079	18	0.714826
0.1079	19	0.720886
0.1079	20	0.702165
0.1079	21	0.685601
0.1079	22	0.691203
0.1079	23	0.699029
0.1079	24	0.677807
0.1079	25	0.666514
0.1079	26	0.670515
0.1079	27	0.672401
0.1079	28	0.686680
0.1079	29	0.637938
0.1079	30	0.644329
0.1079	31	0.662711
0.1079	32	0.619295
0.1079	33	0.666074
0.1079	34	0.611833
0.1079	35	0.614063
0.1079	36	0.679194
0.1079	37	0.624476
0.1079	38	0.626772
0.1079	39	0.593984
0.1079	40	0.587722
0.1079	41	0.600122
0.1079	42	0.599380
0.1079	43	0.593121
0.1079	44	0.572731
0.1079	45	0.569618
0.1079	46	0.586697
0.1079	47	0.602504
0.1079	48	0.611390
0.1079	49	0.552272
0.1079	50	0.577049
0.1079	51	0.531438
0.1079	52	0.525599
0.1079	53	0.558556
0.1079	54	0.569067
0.1079	55	0.572293
0.1079	56	0.529982
0.1079	57	0.572533
0.1079	58	0.568606
0.1079	59	0.599112
0.1079	60	0.584623
0.1079	61	0.520278
0.1079	62	0.537994
0.1079	63	0.573312
0.1079	64	0.535390
0.1079	65	0.551657
0.1079	66	0.518516
0.1079	67	0.491346
0.1079	68	0.488428
0.1079	69	0.505588
0.1079	70	0.549267
0.1079	71	0.510339
0.1079	72	0.525377
0.1079	73	0.524312
0.1079	74	0.514964
0.1079	75	0.519257
0.1079	76	0.484504
0.1079	77	0.522576
0.1079	78	0.528552
0.1079	79	0.518309
0.1079	80	0.518497
0.1079	81	0.476547
0.1079	82	0.484871
0.1079	83	0.517345
0.1079	84	0.497987
0.1079	85	0.527103
0.1079	86	0.514945
0.1079	87	0.499241
0.1079	88	0.520471
0.1079	89	0.504435
0.1079	90	0.451812
0.1079	91	0.466804
0.1079	92	0.478959
0.1079	93	0.489208
0.1079	94	0.494084
0.1079	95	0.519380
0.1079	96	0.501077
0.1079	97	0.503927
0.1079	98	0.497055
0.1079	99	0.469431
0.1079	100	0.499796
0.1079	101	0.482998
0.1079	102	0.465146
0.1079	103	0.472659
0.1079	104	0.501611
0.1079	105	0.493608
0.1079	106	0.487392
0.1079	107	0.458842
0.1079	108	0.455392
0.1079	110	0.465544
0.1176	10	0.787719
0.1176	11	0.751600
0.1176	12	0.739863
0.1176	13	0.730790
0.1176	14	0.752566
0.1176	15	0.741680
0.1176	16	0.736982
0.1176	17	0.703485
0.1176	18	0.728132
0.1176	19	0.727545
0.1176	20	0.690752
0.1176	21	0.715587
0.1176	22	0.639974
0.1176	23	0.630490
0.1176	24	0.650428
0.1176	25	0.603946
0.1176	26	0.635878
0.1176	27	0.620056
0.1176	28	0.668725
0.1176	29	0.656722
0.1176	30	0.593220
0.1176	31	0.597013
0.1176	32	0.638908
0.1176	33	0.632207
0.1176	34	0.574245
0.1176	35	0.593230
0.1176	36	0.599057
0.1176	37	0.598737
0.1176	38	0.592708
0.1176	39	0.598674
0.1176	40	0.584638
0.1176	41	0.586395
0.1176	42	0.536474
0.1176	43	0.566355
0.1176	44	0.567841
0.1176	45	0.566805
0.1176	46	0.543638
0.1176	47	0.528570
0.1176	48	0.544229
0.1176	49	0.561420
0.1176	50	0.544329
0.1176	51	0.545495
0.1176	52	0.529035
0.1176	53	0.529537
0.1176	54	0.501765
0.1176	55	0.507774
0.1176	56	0.538415
0.1176	57	0.512823
0.1176	58	0.510264
0.1176	59	0.534479
0.1176	60	0.500106
0.1176	61	0.465596
0.1176	62	0.499358
0.1176	63	0.511177
0.1176	64	0.523564
0.1176	65	0.520894
0.1176	66	0.512858
0.1176	67	0.484663
0.1176	68	0.499240
0.1176	69	0.540884
0.1176	70	0.496139
0.1176	71	0.525907
0.1176	72	0.532525
0.1176	73	0.485343
0.1176	74	0.500734
0.1176	75	0.478945
0.1176	76	0.461733
0.1176	77	0.475454
0.1176	78	0.456740
0.1176	79	0.496740
0.1176	80	0.486364
0.1176	81	0.472925
0.1176	82	0.461183
0.1176	83	0.461802
0.1176	84	0.475571
0.1176	85	0.491264
0.1176	86	0.485407
0.1176	87	0.492473
0.1176	88	0.466115
0.1176	89	0.450097
0.1176	90	0.481170
0.1176	91	0.454406
0.1176	92	0.454581
0.1176	93	0.449022
0.1176	94	0.445989
0.1176	95	0.461650
0.1176	96	0.488683
0.1176	97	0.469883
0.1176	98	0.461804
0.1176	99	0.479208
0.1176	100	0.477178
0.1176	101	0.455288
0.1176	102	0.441654
0.1176	103	0.481504
0.1176	104	0.437204
0.1176	105	0.442059
0.1176	106	0.456910
0.1176	107	0.446587
0.1176	108	0.416499
0.1176	110	0.467900
0.1273	10	0.792620
0.1273	11	0.769103
0.1273	12	0.727839
0.1273	13	0.688824
0.1273	14	0.737428
0.1273	15	0.707147
0.1273	16	0.705574
0.1273	17	0.703246
0.1273	18	0.674694
0.1273	19	0.649767
0.1273	20	0.625420
0.1273	21	0.701303
0.1273	22	0.640322
0.1273	23	0.652586
0.1273	24	0.633312
0.1273	25	0.614459
0.1273	26	0.623474
0.1273	27	0.614232
0.1273	28	0.565932
0.1273	29	0.602930
0.1273	30	0.599994
0.1273	31	0.573497
0.1273	32	0.559821
0.1273	33	0.614068
0.1273	34	0.597215
0.1273	35	0.544873
0.1273	36	0.607597
0.1273	37	0.599996
0.1273	38	0.548836
0.1273	39	0.570300
0.1273	40	0.548095
0.1273	41	0.514817
0.1273	42	0.562653
0.1273	43	0.511906
0.1273	44	0.540510
0.1273	45	0.568450
0.1273	46	0.536420
0.1273	47	0.517271
0.1273	48	0.553443
0.1273	49	0.534370
0.1273	50	0.535307
0.1273	51	0.518380
0.1273	52	0.512745
0.1273	53	0.483674
0.1273	54	0.488086
0.1273	55	0.491333
0.1273	56	0.472261
0.1273	57	0.485073
0.1273	58	0.474492
0.1273	59	0.514282
0.1273	60	0.523559
0.1273	61	0.488307
0.1273	62	0.487076
0.1273	63	0.516286
0.1273	64	0.492520
0.1273	65	0.459215
0.1273	66	0.482929
0.1273	67	0.470026
0.1273	68	0.463851
0.1273	69	0.459230
0.1273	70	0.462149
0.1273	71	0.502183
0.1273	72	0.473227
0.1273	73	0.481408
0.1273	74	0.459326
0.1273	75	0.492316
0.1273	76	0.479725
0.1273	77	0.478999
0.1273	78	0.462241
0.1273	79	0.470134
0.1273	80	0.453868
0.1273	81	0.458738
0.1273	82	0.487764
0.1273	83	0.462551
0.1273	84	0.457012
0.1273	85	0.446762
0.1273	86	0.470672
0.1273	87	0.433094
0.1273	88	0.455527
0.1273	89	0.447387
0.1273	90	0.455994
0.1273	91	0.447125
0.1273	92	0.439805
0.1273	93	0.431779
0.1273	94	0.471047
0.1273	95	0.479683
0.1273	96	0.458149
0.1273	97	0.422241
0.1273	98	0.477342
0.1273	99	0.425700
0.1273	100	0.416237
0.1273	101	0.436855
0.1273	102	0.442858
0.1273	103	0.465219
0.1273	104	0.486858
0.1273	105	0.470553
0.1273	106	0.453592
0.1273	107	0.455357
0.1273	108	0.451441
0.1273	110	0.439239
0.1370	10	0.700242
0.1370	11	0.772814
0.1370	12	0.691403
0.1370	13	0.749879
0.1370	14	0.670132
0.1370	15	0.712186
0.1370	16	0.671586
0.1370	17	0.636589
0.1370	18	0.650238
0.1370	19	0.626248
0.1370	20	0.652814
0.1370	21	0.625273
0.1370	22	0.658764
0.1370	23	0.609635
0.1370	24	0.583566
0.1370	25	0.568123
0.1370	26	0.633692
0.1370	27	0.562901
0.1370	28	0.619659
0.1370	29	0.604929
0.1370	30	0.589058
0.1370	31	0.569938
0.1370	32	0.536459
0.1370	33	0.604101
0.1370	34	0.552846
0.1370	35	0.572899
0.1370	36	0.566877
0.1370	37	0.562171
0.1370	38	0.524978
0.1370	39	0.539390
0.1370	40	0.552753
0.1370	41	0.541910
0.1370	42	0.484918
0.1370	43	0.527219
0.1370	44	0.509491
0.1370	45	0.486968
0.1370	46	0.491066
0.1370	47	0.541377
0.1370	48	0.496046
0.1370	49	0.529078
0.1370	50	0.523477
0.1370	51	0.500622
0.1370	52	0.455108
0.1370	53	0.482823
0.1370	54	0.505161
0.1370	55	0.478837
0.1370	56	0.490844
0.1370	57	0.477943
0.1370	58	0.488575
0.1370	59	0.482067
0.1370	60	0.468308
0.1370	61	0.449776
0.1370	62	0.463114
0.1370	63	0.451341
0.1370	64	0.461620
0.1370	65	0.479267
0.1370	66	0.482669
0.1370	67	0.474980
0.1370	68	0.476696
0.1370	69	0.443771
0.1370	70	0.493285
0.1370	71	0.441984
0.1370	72	0.467908
0.1370	73	0.469089
0.1370	74	0.478888
0.1370	75	0.458472
0.1370	76	0.462847
0.1370	77	0.455477
0.1370	78	0.457193
0.1370	79	0.473167
0.1370	80	0.471243
0.1370	81	0.467142
0.1370	82	0.463060
0.1370	83	0.453320
0.1370	84	0.463358
0.1370	85	0.441790
0.1370	86	0.451753
0.1370	87	0.447042
0.1370	88	0.429174
0.1370	89	0.438070
0.1370	90	0.478094
0.1370	91	0.425768
0.1370	92	0.421854
0.1370	93	0.455805
0.1370	94	0.445626
0.1370	95	0.426141
0.1370	96	0.422842
0.1370	97	0.435648
0.1370	98	0.438145
0.1370	99	0.425346
0.1370	100	0.440079
0.1370	101	0.422468
0.1370	102	0.426131
0.1370	103	0.412259
0.1370	104	0.402244
0.1370	105	0.420476
0.1370	106	0.411064
0.1370	107	0.436082
0.1370	108	0.423854
0.1370	110	0.424527
0.1467	10	0.749584
0.1467	11	0.757569
0.1467	12	0.709977
0.1467	13	0.736227
0.1467	14	0.659814
0.1467	15	0.648444
0.1467	16	0.681882
0.1467	17	0.694656
0.1467	18	0.667028
0.1467	19	0.677160
0.1467	20	0.620475
0.1467	21	0.598483
0.1467	22	0.582244
0.1467	23	0.641069
0.1467	24	0.614588
0.1467	25	0.645817
0.1467	26	0.553988
0.1467	27	0.586019
0.1467	28	0.526464
0.1467	29	0.549265
0.1467	30	0.578762
0.1467	31	0.565105
0.1467	32	0.513224
0.1467	33	0.510503
0.1467	34	0.555777
0.1467	35	0.503909
0.1467	36	0.501698
0.1467	37	0.512915
0.1467	38	0.596745
0.1467	39	0.519616
0.1467	40	0.490577
0.1467	41	0.532019
0.1467	42	0.521669
0.1467	43	0.528295
0.1467	44	0.475909
0.1467	45	0.446489
0.1467	46	0.498375
0.1467	47	0.502660
0.1467	48	0.487408
0.1467	49	0.484663
0.1467	50	0.504403
0.1467	51	0.508562
0.1467	52	0.483512
0.1467	53	0.493199
0.1467	54	0.486670
0.1467	55	0.484152
0.1467	56	0.456769
0.1467	57	0.492246
0.1467	58	0.482197
0.1467	59	0.494535
0.1467	60	0.452697
0.1467	61	0.523611
0.1467	62	0.468785
0.1467	63	0.504927
0.1467	64	0.518401
0.1467	65	0.453140
0.1467	66	0.499708
0.1467	67	0.460226
0.1467	68	0.451717
0.1467	69	0.446175
0.1467	70	0.457184
0.1467	71	0.453932
0.1467	72	0.462891
0.1467	73	0.451122
0.1467	74	0.443816
0.1467	75	0.435339
0.1467	76	0.410361
0.1467	77	0.437519
0.1467	78	0.444560
0.1467	79	0.475557
0.1467	80	0.422027
0.1467	81	0.418122
0.1467	82	0.432702
0.1467	83	0.389301
0.1467	84	0.445096
0.1467	85	0.447501
0.1467	86	0.469994
0.1467	87	0.460191
0.1467	88	0.430038
0.1467	89	0.425182
0.1467	90	0.426948
0.1467	91	0.401526
0.1467	92	0.431685
0.1467	93	0.437455
0.1467	94	0.412601
0.1467	95	0.449318
0.1467	96	0.435382
0.1467	97	0.425716
0.1467	98	0.417547
0.1467	99	0.414448
0.1467	100	0.386774
0.1467	101	0.395273
0.1467	102	0.393914
0.1467	103	0.387449
0.1467	104	0.424203
0.1467	105	0.401142
0.1467	106	0.427022
0.1467	107	0.421652
0.1467	108	0.433852
0.1467	110	0.425089
0.1564	10	0.699419
0.1564	11	0.664833
0.1564	12	0.665937
0.1564	13	0.670842
0.1564	14	0.623940
0.1564	15	0.648664
0.1564	16	0.634320
0.1564	17	0.584638
0.1564	18	0.622265
0.1564	19	0.614165
0.1564	20	0.608010
0.1564	21	0.565335
0.1564	22	0.566486
0.1564	23	0.658203
0.1564	24	0.532950
0.1564	25	0.577829
0.1564	26	0.576854
0.1564	27	0.590443
0.1564	28	0.588163
0.1564	29	0.494398
0.1564	30	0.547050
0.1564	31	0.511071
0.1564	32	0.590456
0.1564	33	0.496020
0.1564	34	0.494021
0.1564	35	0.506736
0.1564	36	0.533004
0.1564	37	0.542295
0.1564	38	0.494137
0.1564	39	0.492698
0.1564	40	0.464248
0.1564	41	0.525613
0.1564	42	0.492185
0.1564	43	0.508579
0.1564	44	0.434567
0.1564	45	0.493388
0.1564	46	0.462009
0.1564	47	0.446021
0.1564	48	0.453534
0.1564	49	0.465511
0.1564	50	0.491561
0.1564	51	0.472400
0.1564	52	0.450602
0.1564	53	0.445756
0.1564	54	0.484610
0.1564	55	0.474512
0.1564	56	0.475631
0.1564	57	0.469102
0.1564	58	0.457376
0.1564	59	0.465079
0.1564	60	0.439344
0.1564	61	0.435564
0.1564	62	0.474214
0.1564	63	0.430434
0.1564	64	0.430100
0.1564	65	0.441619
0.1564	66	0.436837
0.1564	67	0.443831
0.1564	68	0.436865
0.1564	69	0.447330
0.1564	70	0.421523
0.1564	71	0.452796
0.1564	72	0.452819
0.1564	73	0.432117
0.1564	74	0.416175
0.1564	75	0.436105
0.1564	76	0.426777
0.1564	77	0.434498
0.1564	78	0.449901
0.1564	79	0.422635
0.1564	80	0.435880
0.1564	81	0.436828
0.1564	82	0.394653
0.1564	83	0.428438
0.1564	84	0.421194
0.1564	85	0.399194
0.1564	86	0.455345
0.1564	87	0.426807
0.1564	88	0.394497
0.1564	89	0.419749
0.1564	90	0.453570
0.1564	91	0.446801
0.1564	92	0.407021
0.1564	93	0.437242
0.1564	94	0.432787
0.1564	95	0.405043
0.1564	96	0.403392
0.1564	97	0.392827
0.1564	98	0.406355
0.1564	99	0.434109
0.1564	100	0.371055
0.1564	101	0.395153
0.1564	102	0.397511
0.1564	103	0.396115
0.1564	104	0.397460
0.1564	105	0.377912
0.1564	106	0.403194
0.1564	107	0.406574
0.1564	108	0.396150
0.1564	110	0.406297
0.1661	10	0.690153
0.1661	11	0.666328
0.1661	12	0.652881
0.1661	13	0.676711
0.1661	14	0.636856
0.1661	15	0.619213
0.1661	16	0.658193
0.1661	17	0.630826
0.1661	18	0.614017
0.1661	19	0.615972
0.1661	20	0.604620
0.1661	21	0.607661
0.1661	22	0.595663
0.1661	23	0.590493
0.1661	24	0.566899
0.1661	25	0.574607
0.1661	26	0.562282
0.1661	27	0.541204
0.1661	28	0.558847
0.1661	29	0.539623
0.1661	30	0.538669
0.1661	31	0.515666
0.1661	32	0.526176
0.1661	33	0.504570
0.1661	34	0.534556
0.1661	35	0.526614
0.1661	36	0.505880
0.1661	37	0.516739
0.1661	38	0.509069
0.1661	39	0.520087
0.1661	40	0.448657
0.1661	41	0.476146
0.1661	42	0.503528
0.1661	43	0.462621
0.1661	44	0.448841
0.1661	45	0.475874
0.1661	46	0.506379
0.1661	47	0.482068
0.1661	48	0.530661
0.1661	49	0.460871
0.1661	50	0.469342
0.1661	51	0.489120
0.1661	52	0.480646
0.1661	53	0.463202
0.1661	54	0.519747
0.1661	55	0.474261
0.1661	56	0.510446
0.1661	57	0.462596
0.1661	58	0.460215
0.1661	59	0.418646
0.1661	60	0.437229
0.1661	61	0.462420
0.1661	62	0.437693
0.1661	63	0.419963
0.1661	64	0.443278
0.1661	65	0.458054
0.1661	66	0.463633
0.1661	67	0.432045
0.1661	68	0.437397
0.1661	69	0.448453
0.1661	70	0.441018
0.1661	71	0.415549
0.1661	72	0.422624
0.1661	73	0.415424
0.1661	74	0.429296
0.1661	75	0.420501
0.1661	76	0.438057
0.1661	77	0.413020
0.1661	78	0.426758
0.1661	79	0.387283
0.1661	80	0.414227
0.1661	81	0.431139
0.1661	82	0.405655
0.1661	83	0.405093
0.1661	84	0.394185
0.1661	85	0.427717
0.1661	86	0.416841
0.1661	87	0.445376
0.1661	88	0.441159
0.1661	89	0.428904
0.1661	90	0.430899
0.1661	91	0.445045
0.1661	92	0.413598
0.1661	93	0.415867
0.1661	94	0.410300
0.1661	95	0.441044
0.1661	96	0.404120
0.1661	97	0.443326
0.1661	98	0.433001
0.1661	99	0.402896
0.1661	100	0.409418
0.1661	101	0.435058
0.1661	102	0.431773
0.1661	103	0.392654
0.1661	104	0.402117
0.1661	105	0.424019
0.1661	106	0.421577
0.1661	107	0.399482
0.1661	108	0.405799
0.1661	110	0.404006
0.1758	10	0.709787
0.1758	11	0.661966
0.1758	12	0.639779
0.1758	13	0.696647
0.1758	14	0.629269
0.1758	15	0.630181
0.1758	16	0.632923
0.1758	17	0.621257
0.1758	18	0.549267
0.1758	19	0.589565
0.1758	20	0.575967
0.1758	21	0.556159
0.1758	22	0.550375
0.1758	23	0.579412
0.1758	24	0.512907
0.1758	25	0.533344
0.1758	26	0.571057
0.1758	27	0.524232
0.1758	28	0.488427
0.1758	29	0.512125
0.1758	30	0.537320
0.1758	31	0.458021
0.1758	32	0.496758
0.1758	33	0.528646
0.1758	34	0.506939
0.1758	35	0.491836
0.1758	36	0.440663
0.1758	37	0.472212
0.1758	38	0.506571
0.1758	39	0.477745
0.1758	40	0.455275
0.1758	41	0.499046
0.1758	42	0.477672
0.1758	43	0.433250
0.1758	44	0.499787
0.1758	45	0.462655
0.1758	46	0.495809
0.1758	47	0.434798
0.1758	48	0.435878
0.1758	49	0.459464
0.1758	50	0.427913
0.1758	51	0.457924
0.1758	52	0.430269
0.1758	53	0.436168
0.1758	54	0.442390
0.1758	55	0.470586
0.1758	56	0.435290
0.1758	57	0.406807
0.1758	58	0.421636
0.1758	59	0.465623
0.1758	60	0.439897
0.1758	61	0.423965
0.1758	62	0.424513
0.1758	63	0.416673
0.1758	64	0.439728
0.1758	65	0.394272
0.1758	66	0.404324
0.1758	67	0.404742
0.1758	68	0.437938
0.1758	69	0.454097
0.1758	70	0.414266
0.1758	71	0.475097
0.1758	72	0.452002
0.1758	73	0.420418
0.1758	74	0.438688
0.1758	75	0.410860
0.1758	76	0.417655
0.1758	77	0.422913
0.1758	78	0.438328
0.1758	79	0.396629
0.1758	80	0.419746
0.1758	81	0.411798
0.1758	82	0.410910
0.1758	83	0.405375
0.1758	84	0.432529
0.1758	85	0.398953
0.1758	86	0.414240
0.1758	87	0.429580
0.1758	88	0.411373
0.1758	89	0.379789
0.1758	90	0.410396
0.1758	91	0.400402
0.1758	92	0.422208
0.1758	93	0.409777
0.1758	94	0.404366
0.1758	95	0.419929
0.1758	96	0.385227
0.1758	97	0.380201
0.1758	98	0.424284
0.1758	99	0.395012
0.1758	100	0.395707
0.1758	101	0.379685
0.1758	102	0.385972
0.1758	103	0.382998
0.1758	104	0.394334
0.1758	105	0.402436
0.1758	106	0.395804
0.1758	107	0.406916
0.1758	108	0.370448
0.1758	110	0.382658
0.1855	10	0.698457
0.1855	11	0.650685
0.1855	12	0.604648
0.1855	13	0.581037
0.1855	14	0.616607
0.1855	15	0.594587
0.1855	16	0.563834
0.1855	17	0.570312
0.1855	18	0.631068
0.1855	19	0.569595
0.1855	20	0.493782
0.1855	21	0.578064
0.1855	22	0.522972
0.1855	23	0.495648
0.1855	24	0.549331
0.1855	25	0.554903
0.1855	26	0.553103
0.1855	27	0.548665
0.1855	28	0.525381
0.1855	29	0.498460
0.1855	30	0.517190
0.1855	31	0.468931
0.1855	32	0.513077
0.1855	33	0.501736
0.1855	34	0.495940
0.1855	35	0.477666
0.1855	36	0.499144
0.1855	37	0.500148
0.1855	38	0.472325
0.1855	39	0.471959
0.1855	40	0.499973
0.1855	41	0.491115
0.1855	42	0.475850
0.1855	43	0.456874
0.1855	44	0.453796
0.1855	45	0.471908
0.1855	46	0.471671
0.1855	47	0.445444
0.1855	48	0.436468
0.1855	49	0.467796
0.1855	50	0.422887
0.1855	51	0.465046
0.1855	52	0.437296
0.1855	53	0.415229
0.1855	54	0.440359
0.1855	55	0.455799
0.1855	56	0.438928
0.1855	57	0.424219
0.1855	58	0.413843
0.1855	59	0.434304
0.1855	60	0.437627
0.1855	61	0.452828
0.1855	62	0.422621
0.1855	63	0.428976
0.1855	64	0.419475
0.1855	65	0.416160
0.1855	66	0.436977
0.1855	67	0.418627
0.1855	68	0.409077
0.1855	69	0.403918
0.1855	70	0.454433
0.1855	71	0.434611
0.1855	72	0.386612
0.1855	73	0.392157
0.1855	74	0.395618
0.1855	75	0.414771
0.1855	76	0.386239
0.1855	77	0.416119
0.1855	78	0.429939
0.1855	79	0.437922
0.1855	80	0.400662
0.1855	81	0.394288
0.1855	82	0.401104
0.1855	83	0.405712
0.1855	84	0.414563
0.1855	85	0.426172
0.1855	86	0.456662
0.1855	87	0.410239
0.1855	88	0.384929
0.1855	89	0.413731
0.1855	90	0.419518
0.1855	91	0.411338
0.1855	92	0.414144
0.1855	93	0.420184
0.1855	94	0.421244
0.1855	95	0.426738
0.1855	96	0.407806
0.1855	97	0.398015
0.1855	98	0.377483
0.1855	99	0.392185
0.1855	100	0.391288
0.1855	101	0.412198
0.1855	102	0.396529
0.1855	103	0.369343
0.1855	104	0.383917
0.1855	105	0.402867
0.1855	106	0.369627
0.1855	107	0.403115
0.1855	108	0.368296
0.1855	110	0.387561
0.1952	10	0.688716
0.1952	11	0.678339
0.1952	12	0.620727
0.1952	13	0.635548
0.1952	14	0.575760
0.1952	15	0.571795
0.1952	16	0.571290
0.1952	17	0.570178
0.1952	18	0.516793
0.1952	19	0.556301
0.1952	20	0.559764
0.1952	21	0.528595
0.1952	22	0.558063
0.1952	23	0.497450
0.1952	24	0.491991
0.1952	25	0.477122
0.1952	26	0.517537
0.1952	27	0.501002
0.1952	28	0.473418
0.1952	29	0.502189
0.1952	30	0.546462
0.1952	31	0.481410
0.1952	32	0.493639
0.1952	33	0.466103
0.1952	34	0.489226
0.1952	35	0.438994
0.1952	36	0.481658
0.1952	37	0.460147
0.1952	38	0.522522
0.1952	39	0.455856
0.1952	40	0.451672
0.1952	41	0.438728
0.1952	42	0.446062
0.1952	43	0.434351
0.1952	44	0.426975
0.1952	45	0.424670
0.1952	46	0.437129
0.1952	47	0.474631
0.1952	48	0.423742
0.1952	49	0.444168
0.1952	50	0.420162
0.1952	51	0.436148
0.1952	52	0.418994
0.1952	53	0.423467
0.1952	54	0.419397
0.1952	55	0.429453
0.1952	56	0.407827
0.1952	57	0.479280
0.1952	58	0.466064
0.1952	59	0.390532
0.1952	60	0.425661
0.1952	61	0.425073
0.1952	62	0.360856
0.1952	63	0.452831
0.1952	64	0.412737
0.1952	65	0.399927
0.1952	66	0.419751
0.1952	67	0.424994
0.1952	68	0.405198
0.1952	69	0.415136
0.1952	70	0.433076
0.1952	71	0.399312
0.1952	72	0.394607
0.1952	73	0.391855
0.1952	74	0.396011
0.1952	75	0.388955
0.1952	76	0.378939
0.1952	77	0.387139
0.1952	78	0.384902
0.1952	79	0.382003
0.1952	80	0.407863
0.1952	81	0.423465
0.1952	82	0.412410
0.1952	83	0.413896
0.1952	84	0.383883
0.1952	85	0.375953
0.1952	86	0.371970
0.1952	87	0.423843
0.1952	88	0.387824
0.1952	89	0.402454
0.1952	90	0.392499
0.1952	91	0.393311
0.1952	92	0.410484
0.1952	93	0.381237
0.1952	94	0.384239
0.1952	95	0.389725
0.1952	96	0.392280
0.1952	97	0.384175
0.1952	98	0.395085
0.1952	99	0.384130
0.1952	100	0.401977
0.1952	101	0.387618
0.1952	102	0.402960
0.1952	103	0.400224
0.1952	104	0.409426
0.1952	105	0.403800
0.1952	106	0.389679
0.1952	107	0.384038
0.1952	108	0.394498
0.1952	110	0.384946
0.2048	10	0.601204
0.2048	11	0.611614
0.2048	12	0.626474
0.2048	13	0.567947
0.2048	14	0.596590
0.2048	15	0.537677
0.2048	16	0.567741
0.2048	17	0.551425
0.2048	18	0.513213
0.2048	19	0.533660
0.2048	20	0.534605
0.2048	21	0.543648
0.2048	22	0.522754
0.2048	23	0.523858
0.2048	24	0.469354
0.2048	25	0.546118
0.2048	26	0.509536
0.2048	27	0.509938
0.2048	28	0.458163
0.2048	29	0.478981
0.2048	30	0.500011
0.2048	31	0.521108
0.2048	32	0.437484
0.2048	33	0.479227
0.2048	34	0.483599
0.2048	35	0.418550
0.2048	36	0.476318
0.2048	37	0.456582
0.2048	38	0.455216
0.2048	39	0.441729
0.2048	40	0.464359
0.2048	41	0.465325
0.2048	42	0.420182
0.2048	43	0.404310
0.2048	44	0.533307
0.2048	45	0.446934
0.2048	46	0.450991
0.2048	47	0.418918
0.2048	48	0.440809
0.2048	49	0.493802
0.2048	50	0.468349
0.2048	51	0.461299
0.2048	52	0.395579
0.2048	53	0.447131
0.2048	54	0.404042
0.2048	55	0.446655
0.2048	56	0.421890
0.2048	57	0.426560
0.2048	58	0.420748
0.2048	59	0.404298
0.2048	60	0.414011
0.2048	61	0.386189
0.2048	62	0.396149
0.2048	63	0.399835
0.2048	64	0.422191
0.2048	65	0.422892
0.2048	66	0.443679
0.2048	67	0.412168
0.2048	68	0.446909
0.2048	69	0.419050
0.2048	70	0.383726
0.2048	71	0.395240
0.2048	72	0.420602
0.2048	73	0.387830
0.2048	74	0.394177
0.2048	75	0.404415
0.2048	76	0.395493
0.2048	77	0.393471
0.2048	78	0.408544
0.2048	79	0.386802
0.2048	80	0.346955
0.2048	81	0.385340
0.2048	82	0.380929
0.2048	83	0.409655
0.2048	84	0.396301
0.2048	85	0.386581
0.2048	86	0.390540
0.2048	87	0.346598
0.2048	88	0.404300
0.2048	89	0.402162
0.2048	90	0.424376
0.2048	91	0.394486
0.2048	92	0.389534
0.2048	93	0.377208
0.2048	94	0.380349
0.2048	95	0.395088
0.2048	96	0.391327
0.2048	97	0.400865
0.2048	98	0.378750
0.2048	99	0.451390
0.2048	100	0.432166
0.2048	101	0.405553
0.2048	102	0.400420
0.2048	103	0.403369
0.2048	104	0.371908
0.2048	105	0.362253
0.2048	106	0.391927
0.2048	107	0.370416
0.2048	108	0.382249
0.2048	110	0.380338
0.2145	10	0.581637
0.2145	11	0.646160
0.2145	12	0.594178
0.2145	13	0.539552
0.2145	14	0.572066
0.2145	15	0.555879
0.2145	16	0.529466
0.2145	17	0.538730
0.2145	18	0.483975
0.2145	19	0.519826
0.2145	20	0.503472
0.2145	21	0.463447
0.2145	22	0.550398
0.2145	23	0.508294
0.2145	24	0.583166
0.2145	25	0.537848
0.2145	26	0.479064
0.2145	27	0.492131
0.2145	28	0.489533
0.2145	29	0.473974
0.2145	30	0.486165
0.2145	31	0.459119
0.2145	32	0.429885
0.2145	33	0.521494
0.2145	34	0.427935
0.2145	35	0.440511
0.2145	36	0.388363
0.2145	37	0.469797
0.2145	38	0.474025
0.2145	39	0.438627
0.2145	40	0.430360
0.2145	41	0.462334
0.2145	42	0.497329
0.2145	43	0.453994
0.2145	44	0.471676
0.2145	45	0.465449
0.2145	46	0.399932
0.2145	47	0.372256
0.2145	48	0.434065
0.2145	49	0.420317
0.2145	50	0.412544
0.2145	51	0.415900
0.2145	52	0.437257
0.2145	53	0.418286
0.2145	54	0.413783
0.2145	55	0.413233
0.2145	56	0.422388
0.2145	57	0.403478
0.2145	58	0.415752
0.2145	59	0.420071
0.2145	60	0.412900
0.2145	61	0.401333
0.2145	62	0.422190
0.2145	63	0.449685
0.2145	64	0.412520
0.2145	65	0.399947
0.2145	66	0.378996
0.2145	67	0.403079
0.2145	68	0.416213
0.2145	69	0.406936
0.2145	70	0.405312
0.2145	71	0.399456
0.2145	72	0.392738
0.2145	73	0.414026
0.2145	74	0.387841
0.2145	75	0.376633
0.2145	76	0.419070
0.2145	77	0.389247
0.2145	78	0.410714
0.2145	79	0.404055
0.2145	80	0.387267
0.2145	81	0.428651
0.2145	82	0.397664
0.2145	83	0.364507
0.2145	84	0.403291
0.2145	85	0.402069
0.2145	86	0.406352
0.2145	87	0.401718
0.2145	88	0.386026
0.2145	89	0.393679
0.2145	90	0.375359
0.2145	91	0.398089
0.2145	92	0.398524
0.2145	93	0.390665
0.2145	94	0.399157
0.2145	95	0.390117
0.2145	96	0.396085
0.2145	97	0.391978
0.2145	98	0.378362
0.2145	99	0.349688
0.2145	100	0.376767
0.2145	101	0.368928
0.2145	102	0.361994
0.2145	103	0.370963
0.2145	104	0.355394
0.2145	105	0.364425
0.2145	106	0.370951
0.2145	107	0.374522
0.2145	108	0.358277
0.2145	110	0.376735
0.2242	10	0.616911
0.2242	11	0.544706
0.2242	12	0.571929
0.2242	13	0.581502
0.2242	14	0.540315
0.2242	15	0.625993
0.2242	16	0.514029
0.2242	17	0.553039
0.2242	18	0.504295
0.2242	19	0.517977
0.2242	20	0.524130
0.2242	21	0.535566
0.2242	22	0.505983
0.2242	23	0.443674
0.2242	24	0.504377
0.2242	25	0.483144
0.2242	26	0.511529
0.2242	27	0.493583
0.2242	28	0.421613
0.2242	29	0.481118
0.2242	30	0.473169
0.2242	31	0.444661
0.2242	32	0.477524
0.2242	33	0.468611
0.2242	34	0.408941
0.2242	35	0.449612
0.2242	36	0.459448
0.2242	37	0.491667
0.2242	38	0.389256
0.2242	39	0.435487
0.2242	40	0.464791
0.2242	41	0.452385
0.2242	42	0.499629
0.2242	43	0.443396
0.2242	44	0.394538
0.2242	45	0.423986
0.2242	46	0.425503
0.2242	47	0.428357
0.2242	48	0.429526
0.2242	49	0.417911
0.2242	50	0.432190
0.2242	51	0.408494
0.2242	52	0.432196
0.2242	53	0.402836
0.2242	54	0.405553
0.2242	55	0.424119
0.2242	56	0.396040
0.2242	57	0.413866
0.2242	58	0.484973
0.2242	59	0.409704
0.2242	60	0.430597
0.2242	61	0.444208
0.2242	62	0.377555
0.2242	63	0.402952
0.2242	64	0.384955
0.2242	65	0.419584
0.2242	66	0.407314
0.2242	67	0.405561
0.2242	68	0.393362
0.2242	69	0.398978
0.2242	70	0.390122
0.2242	71	0.391658
0.2242	72	0.411444
0.2242	73	0.397210
0.2242	74	0.418973
0.2242	75	0.401075
0.2242	76	0.401393
0.2242	77	0.408103
0.2242	78	0.390231
0.2242	79	0.359254
0.2242	80	0.403515
0.2242	81	0.413248
0.2242	82	0.374344
0.2242	83	0.395629
0.2242	84	0.379499
0.2242	85	0.378399
0.2242	86	0.376617
0.2242	87	0.369490
0.2242	88	0.382046
0.2242	89	0.401450
0.2242	90	0.364609
0.2242	91	0.382088
0.2242	92	0.375982
0.2242	93	0.399778
0.2242	94	0.382441
0.2242	95	0.370857
0.2242	96	0.362548
0.2242	97	0.372799
0.2242	98	0.380014
0.2242	99	0.363247
0.2242	100	0.377080
0.2242	101	0.378451
0.2242	102	0.377067
0.2242	103	0.411388
0.2242	104	0.369628
0.2242	105	0.354315
0.2242	106	0.357311
0.2242	107	0.380777
0.2242	108	0.370156
0.2242	110	0.401155
0.2339	10	0.599099
0.2339	11	0.566999
0.2339	12	0.507517
0.2339	13	0.613906
0.2339	14	0.510967
0.2339	15	0.554375
0.2339	16	0.526551
0.2339	17	0.471496
0.2339	18	0.539731
0.2339	19	0.536755
0.2339	20	0.502124
0.2339	21	0.598117
0.2339	22	0.507762
0.2339	23	0.458985
0.2339	24	0.452463
0.2339	25	0.476510
0.2339	26	0.405816
0.2339	27	0.431482
0.2339	28	0.442941
0.2339	29	0.413611
0.2339	30	0.441437
0.2339	31	0.478955
0.2339	32	0.464208
0.2339	33	0.418098
0.2339	34	0.422471
0.2339	35	0.447547
0.2339	36	0.434104
0.2339	37	0.455920
0.2339	38	0.430993
0.2339	39	0.441067
0.2339	40	0.417908
0.2339	41	0.433315
0.2339	42	0.444768
0.2339	43	0.404974
0.2339	44	0.420038
0.2339	45	0.435224
0.2339	46	0.431910
0.2339	47	0.433697
0.2339	48	0.424707
0.2339	49	0.438150
0.2339	50	0.433203
0.2339	51	0.399296
0.2339	52	0.389910
0.2339	53	0.415740
0.2339	54	0.447219
0.2339	55	0.373668
0.2339	56	0.399428
0.2339	57	0.376007
0.2339	58	0.403147
0.2339	59	0.400448
0.2339	60	0.386322
0.2339	61	0.404468
0.2339	62	0.436833
0.2339	63	0.389589
0.2339	64	0.387256
0.2339	65	0.413734
0.2339	66	0.406302
0.2339	67	0.404595
0.2339	68	0.359209
0.2339	69	0.386556
0.2339	70	0.367614
0.2339	71	0.385492
0.2339	72	0.371663
0.2339	73	0.399324
0.2339	74	0.406700
0.2339	75	0.387856
0.2339	76	0.386099
0.2339	77	0.375017
0.2339	78	0.370220
0.2339	79	0.385814
0.2339	80	0.379659
0.2339	81	0.394700
0.2339	82	0.401949
0.2339	83	0.390570
0.2339	84	0.388958
0.2339	85	0.375465
0.2339	86	0.381102
0.2339	87	0.407648
0.2339	88	0.389192
0.2339	89	0.388074
0.2339	90	0.396569
0.2339	91	0.374291
0.2339	92	0.402622
0.2339	93	0.355832
0.2339	94	0.369188
0.2339	95	0.347437
0.2339	96	0.373340
0.2339	97	0.381470
0.2339	98	0.384363
0.2339	99	0.381008
0.2339	100	0.390882
0.2339	101	0.385669
0.2339	102	0.389327
0.2339	103	0.351801
0.2339	104	0.365080
0.2339	105	0.390686
0.2339	106	0.383904
0.2339	107	0.365138
0.2339	108	0.369419
0.2339	110	0.395981
0.2436	10	0.535380
0.2436	11	0.589307
0.2436	12	0.557941
0.2436	13	0.543338
0.2436	14	0.567011
0.2436	15	0.466004
0.2436	16	0.540652
0.2436	17	0.519075
0.2436	18	0.449944
0.2436	19	0.494524
0.2436	20	0.498867
0.2436	21	0.474219
0.2436	22	0.496198
0.2436	23	0.439955
0.2436	24	0.479679
0.2436	25	0.522687
0.2436	26	0.462067
0.2436	27	0.459951
0.2436	28	0.459079
0.2436	29	0.482513
0.2436	30	0.489931
0.2436	31	0.448546
0.2436	32	0.444291
0.2436	33	0.443677
0.2436	34	0.458348
0.2436	35	0.406969
0.2436	36	0.461978
0.2436	37	0.430361
0.2436	38	0.441678
0.2436	39	0.398979
0.2436	40	0.427821
0.2436	41	0.414545
0.2436	42	0.380336
0.2436	43	0.413687
0.2436	44	0.422052
0.2436	45	0.398343
0.2436	46	0.422519
0.2436	47	0.376049
0.2436	48	0.418000
0.2436	49	0.426130
0.2436	50	0.406963
0.2436	51	0.392664
0.2436	52	0.411338
0.2436	53	0.405309
0.2436	54	0.428343
0.2436	55	0.387984
0.2436	56	0.393855
0.2436	57	0.404054
0.2436	58	0.378721
0.2436	59	0.389060
0.2436	60	0.406134
0.2436	61	0.403182
0.2436	62	0.407795
0.2436	63	0.440875
0.2436	64	0.380009
0.2436	65	0.388526
0.2436	66	0.413150
0.2436	67	0.390434
0.2436	68	0.374159
0.2436	69	0.368297
0.2436	70	0.373081
0.2436	71	0.424408
0.2436	72	0.389310
0.2436	73	0.401980
0.2436	74	0.374913
0.2436	75	0.372001
0.2436	76	0.374256
0.2436	77	0.399120
0.2436	78	0.416540
0.2436	79	0.384718
0.2436	80	0.403747
0.2436	81	0.393695
0.2436	82	0.401920
0.2436	83	0.380666
0.2436	84	0.382395
0.2436	85	0.384025
0.2436	86	0.379218
0.2436	87	0.386986
0.2436	88	0.383236
0.2436	89	0.365204
0.2436	90	0.397075
0.2436	91	0.375776
0.2436	92	0.381679
0.2436	93	0.393311
0.2436	94	0.389980
0.2436	95	0.370120
0.2436	96	0.363273
0.2436	97	0.368874
0.2436	98	0.359858
0.2436	99	0.366114
0.2436	100	0.389748
0.2436	101	0.358758
0.2436	102	0.384443
0.2436	103	0.366915
0.2436	104	0.382163
0.2436	105	0.381315
0.2436	106	0.374673
0.2436	107	0.357155
0.2436	108	0.363043
0.2436	110	0.368885
0.2533	10	0.551002
0.2533	11	0.647286
0.2533	12	0.533411
0.2533	13	0.536425
0.2533	14	0.457175
0.2533	15	0.499855
0.2533	16	0.514249
0.2533	17	0.447789
0.2533	18	0.488609
0.2533	19	0.498238
0.2533	20	0.532474
0.2533	21	0.468764
0.2533	22	0.432830
0.2533	23	0.493472
0.2533	24	0.518353
0.2533	25	0.442121
0.2533	26	0.477964
0.2533	27	0.439052
0.2533	28	0.398020
0.2533	29	0.459333
0.2533	30	0.460790
0.2533	31	0.430679
0.2533	32	0.467732
0.2533	33	0.423119
0.2533	34	0.436186
0.2533	35	0.467042
0.2533	36	0.460969
0.2533	37	0.411427
0.2533	38	0.389199
0.2533	39	0.405700
0.2533	40	0.428030
0.2533	41	0.385262
0.2533	42	0.429537
0.2533	43	0.400037
0.2533	44	0.421254
0.2533	45	0.398891
0.2533	46	0.374809
0.2533	47	0.403237
0.2533	48	0.407638
0.2533	49	0.394336
0.2533	50	0.422487
0.2533	51	0.402976
0.2533	52	0.380522
0.2533	53	0.411050
0.2533	54	0.371090
0.2533	55	0.364853
0.2533	56	0.392162
0.2533	57	0.394720
0.2533	58	0.407452
0.2533	59	0.355538
0.2533	60	0.388546
0.2533	61	0.417494
0.2533	62	0.399183
0.2533	63	0.380154
0.2533	64	0.428697
0.2533	65	0.368387
0.2533	66	0.364185
0.2533	67	0.405935
0.2533	68	0.381953
0.2533	69	0.396871
0.2533	70	0.398469
0.2533	71	0.397174
0.2533	72	0.409386
0.2533	73	0.374640
0.2533	74	0.369441
0.2533	75	0.367286
0.2533	76	0.380456
0.2533	77	0.359549
0.2533	78	0.363786
0.2533	79	0.375656
0.2533	80	0.389180
0.2533	81	0.394236
0.2533	82	0.388258
0.2533	83	0.370225
0.2533	84	0.361521
0.2533	85	0.360293
0.2533	86	0.375818
0.2533	87	0.378536
0.2533	88	0.365701
0.2533	89	0.387719
0.2533	90	0.395557
0.2533	91	0.378011
0.2533	92	0.402571
0.2533	93	0.375776
0.2533	94	0.383957
0.2533	95	0.363283
0.2533	96	0.380141
0.2533	97	0.377724
0.2533	98	0.386505
0.2533	99	0.354113
0.2533	100	0.337887
0.2533	101	0.352200
0.2533	102	0.384723
0.2533	103	0.340239
0.2533	104	0.359244
0.2533	105	0.367500
0.2533	106	0.340786
0.2533	107	0.349140
0.2533	108	0.355300
0.2533	110	0.350114
0.2630	10	0.489524
0.2630	11	0.498431
0.2630	12	0.491392
0.2630	13	0.563483
0.2630	14	0.507562
0.2630	15	0.459167
0.2630	16	0.479426
0.2630	17	0.465543
0.2630	18	0.421278
0.2630	19	0.438174
0.2630	20	0.453425
0.2630	21	0.457536
0.2630	22	0.442280
0.2630	23	0.454431
0.2630	24	0.415780
0.2630	25	0.475682
0.2630	26	0.446409
0.2630	27	0.440561
0.2630	28	0.435563
0.2630	29	0.423926
0.2630	30	0.417769
0.2630	31	0.445794
0.2630	32	0.436147
0.2630	33	0.408615
0.2630	34	0.421152
0.2630	35	0.422726
0.2630	36	0.391448
0.2630	37	0.364403
0.2630	38	0.397632
0.2630	39	0.432212
0.2630	40	0.417789
0.2630	41	0.386626
0.2630	42	0.415538
0.2630	43	0.386631
0.2630	44	0.402567
0.2630	45	0.387944
0.2630	46	0.421709
0.2630	47	0.401729
0.2630	48	0.391737
0.2630	49	0.377674
0.2630	50	0.362687
0.2630	51	0.379400
0.2630	52	0.374497
0.2630	53	0.407382
0.2630	54	0.390419
0.2630	55	0.416073
0.2630	56	0.392655
0.2630	57	0.385540
0.2630	58	0.385572
0.2630	59	0.396567
0.2630	60	0.404348
0.2630	61	0.377148
0.2630	62	0.397154
0.2630	63	0.378669
0.2630	64	0.369011
0.2630	65	0.379494
0.2630	66	0.393132
0.2630	67	0.404449
0.2630	68	0.381086
0.2630	69	0.384481
0.2630	70	0.377518
0.2630	71	0.388795
0.2630	72	0.392284
0.2630	73	0.402884
0.2630	74	0.367621
0.2630	75	0.356415
0.2630	76	0.409094
0.2630	77	0.364923
0.2630	78	0.363332
0.2630	79	0.391717
0.2630	80	0.370474
0.2630	81	0.364660
0.2630	82	0.373354
0.2630	83	0.381042
0.2630	84	0.371760
0.2630	85	0.375888
0.2630	86	0.340870
0.2630	87	0.380726
0.2630	88	0.392481
0.2630	89	0.371421
0.2630	90	0.385690
0.2630	91	0.366765
0.2630	92	0.380927
0.2630	93	0.361209
0.2630	94	0.372396
0.2630	95	0.390978
0.2630	96	0.364379
0.2630	97	0.400566
0.2630	98	0.392933
0.2630	99	0.362444
0.2630	100	0.380196
0.2630	101	0.372934
0.2630	102	0.371029
0.2630	103	0.352402
0.2630	104	0.374144
0.2630	105	0.367591
0.2630	106	0.392872
0.2630	107	0.354180
0.2630	108	0.360699
0.2630	110	0.344269
0.2727	10	0.545360
0.2727	11	0.497028
0.2727	12	0.556760
0.2727	13	0.518666
0.2727	14	0.497322
0.2727	15	0.457353
0.2727	16	0.499774
0.2727	17	0.560419
0.2727	18	0.496712
0.2727	19	0.480399
0.2727	20	0.435003
0.2727	21	0.444983
0.2727	22	0.443350
0.2727	23	0.420878
0.2727	24	0.492656
0.2727	25	0.439180
0.2727	26	0.452185
0.2727	27	0.415379
0.2727	28	0.434570
0.2727	29	0.456923
0.2727	30	0.450739
0.2727	31	0.409165
0.2727	32	0.423162
0.2727	33	0.412428
0.2727	34	0.384705
0.2727	35	0.398516
0.2727	36	0.375582
0.2727	37	0.459281
0.2727	38	0.389200
0.2727	39	0.414104
0.2727	40	0.387193
0.2727	41	0.424013
0.2727	42	0.406571
0.2727	43	0.390150
0.2727	44	0.395789
0.2727	45	0.396799
0.2727	46	0.382955
0.2727	47	0.400608
0.2727	48	0.407398
0.2727	49	0.397925
0.2727	50	0.399507
0.2727	51	0.404073
0.2727	52	0.401846
0.2727	53	0.430725
0.2727	54	0.415287
0.2727	55	0.362810
0.2727	56	0.380240
0.2727	57	0.354379
0.2727	58	0.365694
0.2727	59	0.388490
0.2727	60	0.398865
0.2727	61	0.392338
0.2727	62	0.403496
0.2727	63	0.383142
0.2727	64	0.401201
0.2727	65	0.376360
0.2727	66	0.374868
0.2727	67	0.380790
0.2727	68	0.409186
0.2727	69	0.404771
0.2727	70	0.365616
0.2727	71	0.399284
0.2727	72	0.396310
0.2727	73	0.355188
0.2727	74	0.363524
0.2727	75	0.376575
0.2727	76	0.389586
0.2727	77	0.393210
0.2727	78	0.361361
0.2727	79	0.369405
0.2727	80	0.397812
0.2727	81	0.393847
0.2727	82	0.366333
0.2727	83	0.384854
0.2727	84	0.382136
0.2727	85	0.392406
0.2727	86	0.371748
0.2727	87	0.380822
0.2727	88	0.358975
0.2727	89	0.412662
0.2727	90	0.402348
0.2727	91	0.364619
0.2727	92	0.379334
0.2727	93	0.352781
0.2727	94	0.368468
0.2727	95	0.360482
0.2727	96	0.369607
0.2727	97	0.353144
0.2727	98	0.356032
0.2727	99	0.387413
0.2727	100	0.381652
0.2727	101	0.389426
0.2727	102	0.360290
0.2727	103	0.354436
0.2727	104	0.370127
0.2727	105	0.375493
0.2727	106	0.357622
0.2727	107	0.341027
0.2727	108	0.349254
0.2727	110	0.358235
0.2824	10	0.539069
0.2824	11	0.567690
0.2824	12	0.497939
0.2824	13	0.530692
0.2824	14	0.522305
0.2824	15	0.461885
0.2824	16	0.501372
0.2824	17	0.494400
0.2824	18	0.427265
0.2824	19	0.466787
0.2824	20	0.473856
0.2824	21	0.406054
0.2824	22	0.459281
0.2824	23	0.406403
0.2824	24	0.412293
0.2824	25	0.379190
0.2824	26	0.478316
0.2824	27	0.468311
0.2824	28	0.409466
0.2824	29	0.432735
0.2824	30	0.403903
0.2824	31	0.456074
0.2824	32	0.449039
0.2824	33	0.422577
0.2824	34	0.389240
0.2824	35	0.399513
0.2824	36	0.364635
0.2824	37	0.458007
0.2824	38	0.381418
0.2824	39	0.385329
0.2824	40	0.413876
0.2824	41	0.338255
0.2824	42	0.410971
0.2824	43	0.377708
0.2824	44	0.418304
0.2824	45	0.422112
0.2824	46	0.436354
0.2824	47	0.392542
0.2824	48	0.416279
0.2824	49	0.391878
0.2824	50	0.373148
0.2824	51	0.440429
0.2824	52	0.384725
0.2824	53	0.398585
0.2824	54	0.363794
0.2824	55	0.386639
0.2824	56	0.393138
0.2824	57	0.367090
0.2824	58	0.387470
0.2824	59	0.378763
0.2824	60	0.382189
0.2824	61	0.382823
0.2824	62	0.397897
0.2824	63	0.385478
0.2824	64	0.436327
0.2824	65	0.390508
0.2824	66	0.401412
0.2824	67	0.393489
0.2824	68	0.376935
0.2824	69	0.385660
0.2824	70	0.381645
0.2824	71	0.362945
0.2824	72	0.408019
0.2824	73	0.370662
0.2824	74	0.354524
0.2824	75	0.360017
0.2824	76	0.398510
0.2824	77	0.369977
0.2824	78	0.378606
0.2824	79	0.378523
0.2824	80	0.344869
0.2824	81	0.382795
0.2824	82	0.374926
0.2824	83	0.378965
0.2824	84	0.364777
0.2824	85	0.379053
0.2824	86	0.388495
0.2824	87	0.389248
0.2824	88	0.391556
0.2824	89	0.370346
0.2824	90	0.345767
0.2824	91	0.358706
0.2824	92	0.357929
0.2824	93	0.364766
0.2824	94	0.351203
0.2824	95	0.367926
0.2824	96	0.336060
0.2824	97	0.364967
0.2824	98	0.366294
0.2824	99	0.363565
0.2824	100	0.388821
0.2824	101	0.354377
0.2824	102	0.390750
0.2824	103	0.376213
0.2824	104	0.370046
0.2824	105	0.379991
0.2824	106	0.348708
0.2824	107	0.386846
0.2824	108	0.347015
0.2824	110	0.373866
0.2921	10	0.550957
0.2921	11	0.545774
0.2921	12	0.537068
0.2921	13	0.509720
0.2921	14	0.456055
0.2921	15	0.576714
0.2921	16	0.433240
0.2921	17	0.444367
0.2921	18	0.399813
0.2921	19	0.470573
0.2921	20	0.417730
0.2921	21	0.423161
0.2921	22	0.407663
0.2921	23	0.414747
0.2921	24	0.408319
0.2921	25	0.422608
0.2921	26	0.428162
0.2921	27	0.408541
0.2921	28	0.388314
0.2921	29	0.412837
0.2921	30	0.417110
0.2921	31	0.427874
0.2921	32	0.383512
0.2921	33	0.401223
0.2921	34	0.363931
0.2921	35	0.417551
0.2921	36	0.401238
0.2921	37	0.384251
0.2921	38	0.409878
0.2921	39	0.375787
0.2921	40	0.459919
0.2921	41	0.379211
0.2921	42	0.378753
0.2921	43	0.388724
0.2921	44	0.401685
0.2921	45	0.369062
0.2921	46	0.402650
0.2921	47	0.436065
0.2921	48	0.407450
0.2921	49	0.392964
0.2921	50	0.398387
0.2921	51	0.396776
0.2921	52	0.421227
0.2921	53	0.392319
0.2921	54	0.433021
0.2921	55	0.367039
0.2921	56	0.363658
0.2921	57	0.420064
0.2921	58	0.394804
0.2921	59	0.378318
0.2921	60	0.368921
0.2921	61	0.405273
0.2921	62	0.400002
0.2921	63	0.363719
0.2921	64	0.362284
0.2921	65	0.375880
0.2921	66	0.381477
0.2921	67	0.359479
0.2921	68	0.359504
0.2921	69	0.376941
0.2921	70	0.375799
0.2921	71	0.359692
0.2921	72	0.378400
0.2921	73	0.356465
0.2921	74	0.367848
0.2921	75	0.374181
0.2921	76	0.371116
0.2921	77	0.368060
0.2921	78	0.373671
0.2921	79	0.371731
0.2921	80	0.405783
0.2921	81	0.377414
0.2921	82	0.372647
0.2921	83	0.367384
0.2921	84	0.382810
0.2921	85	0.398077
0.2921	86	0.389346
0.2921	87	0.363890
0.2921	88	0.373568
0.2921	89	0.376004
0.2921	90	0.352617
0.2921	91	0.366152
0.2921	92	0.358580
0.2921	93	0.371031
0.2921	94	0.389550
0.2921	95	0.390111
0.2921	96	0.348152
0.2921	97	0.369171
0.2921	98	0.343590
0.2921	99	0.349357
0.2921	100	0.345732
0.2921	101	0.362814
0.2921	102	0.378211
0.2921	103	0.363202
0.2921	104	0.343512
0.2921	105	0.346597
0.2921	106	0.355242
0.2921	107	0.332621
0.2921	108	0.360301
0.2921	110	0.355625
0.3018	10	0.525338
0.3018	11	0.514333
0.3018	12	0.524678
0.3018	13	0.478111
0.3018	14	0.441774
0.3018	15	0.479080
0.3018	16	0.487686
0.3018	17	0.487000
0.3018	18	0.405389
0.3018	19	0.432410
0.3018	20	0.482414
0.3018	21	0.477486
0.3018	22	0.434937
0.3018	23	0.492734
0.3018	24	0.390065
0.3018	25	0.372443
0.3018	26	0.438724
0.3018	27	0.393301
0.3018	28	0.440432
0.3018	29	0.403817
0.3018	30	0.427658
0.3018	31	0.423680
0.3018	32	0.401503
0.3018	33	0.411660
0.3018	34	0.411001
0.3018	35	0.364462
0.3018	36	0.374821
0.3018	37	0.401130
0.3018	38	0.384978
0.3018	39	0.371993
0.3018	40	0.360727
0.3018	41	0.415955
0.3018	42	0.402126
0.3018	43	0.399388
0.3018	44	0.355128
0.3018	45	0.426594
0.3018	46	0.363699
0.3018	47	0.371850
0.3018	48	0.365756
0.3018	49	0.397225
0.3018	50	0.394990
0.3018	51	0.401539
0.3018	52	0.410865
0.3018	53	0.387208
0.3018	54	0.382391
0.3018	55	0.392037
0.3018	56	0.372192
0.3018	57	0.376888
0.3018	58	0.390898
0.3018	59	0.362963
0.3018	60	0.372760
0.3018	61	0.352573
0.3018	62	0.352279
0.3018	63	0.360738
0.3018	64	0.362041
0.3018	65	0.364897
0.3018	66	0.360302
0.3018	67	0.376933
0.3018	68	0.370630
0.3018	69	0.358522
0.3018	70	0.363661
0.3018	71	0.388202
0.3018	72	0.369021
0.3018	73	0.349750
0.3018	74	0.403334
0.3018	75	0.402667
0.3018	76	0.351195
0.3018	77	0.362352
0.3018	78	0.366541
0.3018	79	0.363224
0.3018	80	0.365912
0.3018	81	0.358583
0.3018	82	0.360745
0.3018	83	0.349683
0.3018	84	0.341800
0.3018	85	0.359263
0.3018	86	0.390084
0.3018	87	0.375152
0.3018	88	0.361918
0.3018	89	0.367986
0.3018	90	0.354711
0.3018	91	0.365661
0.3018	92	0.356910
0.3018	93	0.389440
0.3018	94	0.372092
0.3018	95	0.375565
0.3018	96	0.358482
0.3018	97	0.348783
0.3018	98	0.355749
0.3018	99	0.357557
0.3018	100	0.357165
0.3018	101	0.366504
0.3018	102	0.392990
0.3018	103	0.373098
0.3018	104	0.377394
0.3018	105	0.366419
0.3018	106	0.342388
0.3018	107	0.363692
0.3018	108	0.362120
0.3018	110	0.350985
0.3115	10	0.509550
0.3115	11	0.487564
0.3115	12	0.552361
0.3115	13	0.478726
0.3115	14	0.481380
0.3115	15	0.492677
0.3115	16	0.480887
0.3115	17	0.455022
0.3115	18	0.434671
0.3115	19	0.469706
0.3115	20	0.440980
0.3115	21	0.431360
0.3115	22	0.429015
0.3115	23	0.403144
0.3115	24	0.514186
0.3115	25	0.517867
0.3115	26	0.399238
0.3115	27	0.419237
0.3115	28	0.416814
0.3115	29	0.439186
0.3115	30	0.421971
0.3115	31	0.421669
0.3115	32	0.379153
0.3115	33	0.388475
0.3115	34	0.368437
0.3115	35	0.379501
0.3115	36	0.364366
0.3115	37	0.384894
0.3115	38	0.432077
0.3115	39	0.393357
0.3115	40	0.435314
0.3115	41	0.394317
0.3115	42	0.365462
0.3115	43	0.405590
0.3115	44	0.403144
0.3115	45	0.380626
0.3115	46	0.403047
0.3115	47	0.370512
0.3115	48	0.412485
0.3115	49	0.381345
0.3115	50	0.407164
0.3115	51	0.351019
0.3115	52	0.357238
0.3115	53	0.421334
0.3115	54	0.389917
0.3115	55	0.382227
0.3115	56	0.390963
0.3115	57	0.361304
0.3115	58	0.358165
0.3115	59	0.379461
0.3115	60	0.376041
0.3115	61	0.362802
0.3115	62	0.365722
0.3115	63	0.353573
0.3115	64	0.396364
0.3115	65	0.351678
0.3115	66	0.361766
0.3115	67	0.379598
0.3115	68	0.385756
0.3115	69	0.420670
0.3115	70	0.365783
0.3115	71	0.378356
0.3115	72	0.356951
0.3115	73	0.400297
0.3115	74	0.374496
0.3115	75	0.383217
0.3115	76	0.370722
0.3115	77	0.339678
0.3115	78	0.370452
0.3115	79	0.361254
0.3115	80	0.364610
0.3115	81	0.356366
0.3115	82	0.353057
0.3115	83	0.356966
0.3115	84	0.338856
0.3115	85	0.428388
0.3115	86	0.364809
0.3115	87	0.372953
0.3115	88	0.354050
0.3115	89	0.372485
0.3115	90	0.363461
0.3115	91	0.358446
0.3115	92	0.348044
0.3115	93	0.369723
0.3115	94	0.375615
0.3115	95	0.376900
0.3115	96	0.365997
0.3115	97	0.361017
0.3115	98	0.349967
0.3115	99	0.371966
0.3115	100	0.371285
0.3115	101	0.359495
0.3115	102	0.353002
0.3115	103	0.350067
0.3115	104	0.359126
0.3115	105	0.359260
0.3115	106	0.345694
0.3115	107	0.346347
0.3115	108	0.354768
0.3115	110	0.375362
0.3212	10	0.642684
0.3212	11	0.460343
0.3212	12	0.460371
0.3212	13	0.500467
0.3212	14	0.496892
0.3212	15	0.398220
0.3212	16	0.443734
0.3212	17	0.465574
0.3212	18	0.422237
0.3212	19	0.440975
0.3212	20	0.481872
0.3212	21	0.569637
0.3212	22	0.431548
0.3212	23	0.411616
0.3212	24	0.384931
0.3212	25	0.412243
0.3212	26	0.460697
0.3212	27	0.393144
0.3212	28	0.373299
0.3212	29	0.408945
0.3212	30	0.390650
0.3212	31	0.394921
0.3212	32	0.382678
0.3212	33	0.409391
0.3212	34	0.455040
0.3212	35	0.401926
0.3212	36	0.388611
0.3212	37	0.366757
0.3212	38	0.388304
0.3212	39	0.394659
0.3212	40	0.396260
0.3212	41	0.415962
0.3212	42	0.356793
0.3212	43	0.365944
0.3212	44	0.385416
0.3212	45	0.378087
0.3212	46	0.405078
0.3212	47	0.394143
0.3212	48	0.396013
0.3212	49	0.347533
0.3212	50	0.391962
0.3212	51	0.398412
0.3212	52	0.400027
0.3212	53	0.379888
0.3212	54	0.359315
0.3212	55	0.373009
0.3212	56	0.351479
0.3212	57	0.357735
0.3212	58	0.378317
0.3212	59	0.373012
0.3212	60	0.385235
0.3212	61	0.367564
0.3212	62	0.400744
0.3212	63	0.395519
0.3212	64	0.353519
0.3212	65	0.392043
0.3212	66	0.380573
0.3212	67	0.353526
0.3212	68	0.366123
0.3212	69	0.357156
0.3212	70	0.370908
0.3212	71	0.382261
0.3212	72	0.388577
0.3212	73	0.368027
0.3212	74	0.338005
0.3212	75	0.343995
0.3212	76	0.370416
0.3212	77	0.362527
0.3212	78	0.358333
0.3212	79	0.357850
0.3212	80	0.377829
0.3212	81	0.393072
0.3212	82	0.354126
0.3212	83	0.361389
0.3212	84	0.367170
0.3212	85	0.368049
0.3212	86	0.377595
0.3212	87	0.364298
0.3212	88	0.355696
0.3212	89	0.348979
0.3212	90	0.363573
0.3212	91	0.363955
0.3212	92	0.373296
0.3212	93	0.356042
0.3212	94	0.342192
0.3212	95	0.357570
0.3212	96	0.369765
0.3212	97	0.350752
0.3212	98	0.379488
0.3212	99	0.361507
0.3212	100	0.361572
0.3212	101	0.353444
0.3212	102	0.366265
0.3212	103	0.346031
0.3212	104	0.368375
0.3212	105	0.367556
0.3212	106	0.347135
0.3212	107	0.355798
0.3212	108	0.364388
0.3212	110	0.356612
0.3309	10	0.453757
0.3309	11	0.505183
0.3309	12	0.458321
0.3309	13	0.497656
0.3309	14	0.446909
0.3309	15	0.441765
0.3309	16	0.472973
0.3309	17	0.413868
0.3309	18	0.449086
0.3309	19	0.447552
0.3309	20	0.374157
0.3309	21	0.401877
0.3309	22	0.430379
0.3309	23	0.452768
0.3309	24	0.438955
0.3309	25	0.457812
0.3309	26	0.378142
0.3309	27	0.448451
0.3309	28	0.405603
0.3309	29	0.399078
0.3309	30	0.434119
0.3309	31	0.425930
0.3309	32	0.412450
0.3309	33	0.379561
0.3309	34	0.369192
0.3309	35	0.384555
0.3309	36	0.371834
0.3309	37	0.379644
0.3309	38	0.435690
0.3309	39	0.424533
0.3309	40	0.406116
0.3309	41	0.367128
0.3309	42	0.365681
0.3309	43	0.418946
0.3309	44	0.353961
0.3309	45	0.397834
0.3309	46	0.407363
0.3309	47	0.390535
0.3309	48	0.407107
0.3309	49	0.356603
0.3309	50	0.367820
0.3309	51	0.371709
0.3309	52	0.394860
0.3309	53	0.361248
0.3309	54	0.367384
0.3309	55	0.399477
0.3309	56	0.368635
0.3309	57	0.377177
0.3309	58	0.376466
0.3309	59	0.361756
0.3309	60	0.377297
0.3309	61	0.355551
0.3309	62	0.385574
0.3309	63	0.366624
0.3309	64	0.364021
0.3309	65	0.368811
0.3309	66	0.380104
0.3309	67	0.346678
0.3309	68	0.364494
0.3309	69	0.367561
0.3309	70	0.357336
0.3309	71	0.359605
0.3309	72	0.384064
0.3309	73	0.365096
0.3309	74	0.371440
0.3309	75	0.371691
0.3309	76	0.352664
0.3309	77	0.354454
0.3309	78	0.347560
0.3309	79	0.341919
0.3309	80	0.380158
0.3309	81	0.376086
0.3309	82	0.357018
0.3309	83	0.349009
0.3309	84	0.361865
0.3309	85	0.376836
0.3309	86	0.375322
0.3309	87	0.363830
0.3309	88	0.383353
0.3309	89	0.350649
0.3309	90	0.345364
0.3309	91	0.361170
0.3309	92	0.339942
0.3309	93	0.362509
0.3309	94	0.369880
0.3309	95	0.376530
0.3309	96	0.373168
0.3309	97	0.379967
0.3309	98	0.370902
0.3309	99	0.381170
0.3309	100	0.368872
0.3309	101	0.382834
0.3309	102	0.356065
0.3309	103	0.360525
0.3309	104	0.360497
0.3309	105	0.360273
0.3309	106	0.366714
0.3309	107	0.366072
0.3309	108	0.353893
0.3309	110	0.369734
0.3406	10	0.484640
0.3406	11	0.447988
0.3406	12	0.480050
0.3406	13	0.526684
0.3406	14	0.468650
0.3406	15	0.474432
0.3406	16	0.420641
0.3406	17	0.473847
0.3406	18	0.459749
0.3406	19	0.446237
0.3406	20	0.445572
0.3406	21	0.482426
0.3406	22	0.404738
0.3406	23	0.413010
0.3406	24	0.400774
0.3406	25	0.450896
0.3406	26	0.403253
0.3406	27	0.393295
0.3406	28	0.376045
0.3406	29	0.373678
0.3406	30	0.390552
0.3406	31	0.413990
0.3406	32	0.406093
0.3406	33	0.393642
0.3406	34	0.402000
0.3406	35	0.385273
0.3406	36	0.393648
0.3406	37	0.409401
0.3406	38	0.398621
0.3406	39	0.378933
0.3406	40	0.376300
0.3406	41	0.366589
0.3406	42	0.392027
0.3406	43	0.394707
0.3406	44	0.384153
0.3406	45	0.365053
0.3406	46	0.367625
0.3406	47	0.359872
0.3406	48	0.395632
0.3406	49	0.390298
0.3406	50	0.378013
0.3406	51	0.380084
0.3406	52	0.364648
0.3406	53	0.406957
0.3406	54	0.371386
0.3406	55	0.404050
0.3406	56	0.376996
0.3406	57	0.357312
0.3406	58	0.354524
0.3406	59	0.380493
0.3406	60	0.359882
0.3406	61	0.383388
0.3406	62	0.388637
0.3406	63	0.366047
0.3406	64	0.403331
0.3406	65	0.363035
0.3406	66	0.335459
0.3406	67	0.382037
0.3406	68	0.363139
0.3406	69	0.352954
0.3406	70	0.366128
0.3406	71	0.370758
0.3406	72	0.379191
0.3406	73	0.353699
0.3406	74	0.364426
0.3406	75	0.361322
0.3406	76	0.348553
0.3406	77	0.356363
0.3406	78	0.348661
0.3406	79	0.365190
0.3406	80	0.358439
0.3406	81	0.353563
0.3406	82	0.349417
0.3406	83	0.361766
0.3406	84	0.353506
0.3406	85	0.356416
0.3406	86	0.346045
0.3406	87	0.364370
0.3406	88	0.345376
0.3406	89	0.355140
0.3406	90	0.368902
0.3406	91	0.374460
0.3406	92	0.357088
0.3406	93	0.374172
0.3406	94	0.384914
0.3406	95	0.378105
0.3406	96	0.360089
0.3406	97	0.353926
0.3406	98	0.354265
0.3406	99	0.334046
0.3406	100	0.363048
0.3406	101	0.355738
0.3406	102	0.360386
0.3406	103	0.373245
0.3406	104	0.350494
0.3406	105	0.364701
0.3406	106	0.355889
0.3406	107	0.362470
0.3406	108	0.337491
0.3406	110	0.343908
0.3503	10	0.550349
0.3503	11	0.444568
0.3503	12	0.518694
0.3503	13	0.490508
0.3503	14	0.455508
0.3503	15	0.445008
0.3503	16	0.487938
0.3503	17	0.467529
0.3503	18	0.512282
0.3503	19	0.368388
0.3503	20	0.410499
0.3503	21	0.401528
0.3503	22	0.400880
0.3503	23	0.387019
0.3503	24	0.426730
0.3503	25	0.411422
0.3503	26	0.361332
0.3503	27	0.420790
0.3503	28	0.432362
0.3503	29	0.363356
0.3503	30	0.373738
0.3503	31	0.386639
0.3503	32	0.386269
0.3503	33	0.384115
0.3503	34	0.362717
0.3503	35	0.408014
0.3503	36	0.399014
0.3503	37	0.372621
0.3503	38	0.377070
0.3503	39	0.364184
0.3503	40	0.375070
0.3503	41	0.357891
0.3503	42	0.371402
0.3503	43	0.374027
0.3503	44	0.395943
0.3503	45	0.400245
0.3503	46	0.390956
0.3503	47	0.374645
0.3503	48	0.361723
0.3503	49	0.365183
0.3503	50	0.364717
0.3503	51	0.366117
0.3503	52	0.348968
0.3503	53	0.390773
0.3503	54	0.351851
0.3503	55	0.339527
0.3503	56	0.338781
0.3503	57	0.363013
0.3503	58	0.354350
0.3503	59	0.383882
0.3503	60	0.404458
0.3503	61	0.369281
0.3503	62	0.369626
0.3503	63	0.385497
0.3503	64	0.358477
0.3503	65	0.376103
0.3503	66	0.342222
0.3503	67	0.372806
0.3503	68	0.364023
0.3503	69	0.355537
0.3503	70	0.348970
0.3503	71	0.355168
0.3503	72	0.351956
0.3503	73	0.357633
0.3503	74	0.379707
0.3503	75	0.380427
0.3503	76	0.366647
0.3503	77	0.382838
0.3503	78	0.381204
0.3503	79	0.360371
0.3503	80	0.374014
0.3503	81	0.353582
0.3503	82	0.369158
0.3503	83	0.365878
0.3503	84	0.362984
0.3503	85	0.369387
0.3503	86	0.363255
0.3503	87	0.367145
0.3503	88	0.360874
0.3503	89	0.361552
0.3503	90	0.351036
0.3503	91	0.380786
0.3503	92	0.340488
0.3503	93	0.356574
0.3503	94	0.355361
0.3503	95	0.347878
0.3503	96	0.355767
0.3503	97	0.348230
0.3503	98	0.365354
0.3503	99	0.369172
0.3503	100	0.366682
0.3503	101	0.368593
0.3503	102	0.350446
0.3503	103	0.362858
0.3503	104	0.378575
0.3503	105	0.365437
0.3503	106	0.367779
0.3503	107	0.365383
0.3503	108	0.360354
0.3503	110	0.361395
0.3600	10	0.599547
0.3600	11	0.448350
0.3600	12	0.452980
0.3600	13	0.450647
0.3600	14	0.392213
0.3600	15	0.414530
0.3600	16	0.446324
0.3600	17	0.438674
0.3600	18	0.414945
0.3600	19	0.426053
0.3600	20	0.405125
0.3600	21	0.421834
0.3600	22	0.419976
0.3600	23	0.400394
0.3600	24	0.441244
0.3600	25	0.407714
0.3600	26	0.376323
0.3600	27	0.407415
0.3600	28	0.372368
0.3600	29	0.413111
0.3600	30	0.412689
0.3600	31	0.400790
0.3600	32	0.384805
0.3600	33	0.385071
0.3600	34	0.413033
0.3600	35	0.369714
0.3600	36	0.393975
0.3600	37	0.373292
0.3600	38	0.363059
0.3600	39	0.411848
0.3600	40	0.394814
0.3600	41	0.386051
0.3600	42	0.385984
0.3600	43	0.399024
0.3600	44	0.390965
0.3600	45	0.371368
0.3600	46	0.374846
0.3600	47	0.363153
0.3600	48	0.341879
0.3600	49	0.377015
0.3600	50	0.392861
0.3600	51	0.404516
0.3600	52	0.358845
0.3600	53	0.357950
0.3600	54	0.371036
0.3600	55	0.355555
0.3600	56	0.359986
0.3600	57	0.391551
0.3600	58	0.368516
0.3600	59	0.364294
0.3600	60	0.355339
0.3600	61	0.364255
0.3600	62	0.363322
0.3600	63	0.358796
0.3600	64	0.369806
0.3600	65	0.373500
0.3600	66	0.390863
0.3600	67	0.364705
0.3600	68	0.388069
0.3600	69	0.385482
0.3600	70	0.353740
0.3600	71	0.346262
0.3600	72	0.352576
0.3600	73	0.353666
0.3600	74	0.354978
0.3600	75	0.375071
0.3600	76	0.334695
0.3600	77	0.327885
0.3600	78	0.329144
0.3600	79	0.367347
0.3600	80	0.352581
0.3600	81	0.350987
0.3600	82	0.343783
0.3600	83	0.355409
0.3600	84	0.350575
0.3600	85	0.342301
0.3600	86	0.339678
0.3600	87	0.362161
0.3600	88	0.393721
0.3600	89	0.351066
0.3600	90	0.328430
0.3600	91	0.352920
0.3600	92	0.327209
0.3600	93	0.377811
0.3600	94	0.363688
0.3600	95	0.362834
0.3600	96	0.350922
0.3600	97	0.331716
0.3600	98	0.349900
0.3600	99	0.335374
0.3600	100	0.378409
0.3600	101	0.367414
0.3600	102	0.355616
0.3600	103	0.386313
0.3600	104	0.353875
0.3600	105	0.348035
0.3600	106	0.344489
0.3600	107	0.350580
0.3600	108	0.369602
0.3600	110	0.369180
0.3697	10	0.438156
0.3697	11	0.481505
0.3697	12	0.421142
0.3697	13	0.422907
0.3697	14	0.468863
0.3697	15	0.469980
0.3697	16	0.468061
0.3697	17	0.372329
0.3697	18	0.397330
0.3697	19	0.390970
0.3697	20	0.370558
0.3697	21	0.439489
0.3697	22	0.420915
0.3697	23	0.450235
0.3697	24	0.386874
0.3697	25	0.405395
0.3697	26	0.366198
0.3697	27	0.392094
0.3697	28	0.448134
0.3697	29	0.371130
0.3697	30	0.381427
0.3697	31	0.372403
0.3697	32	0.429200
0.3697	33	0.401535
0.3697	34	0.403667
0.3697	35	0.363534
0.3697	36	0.365169
0.3697	37	0.427642
0.3697	38	0.388035
0.3697	39	0.360243
0.3697	40	0.383439
0.3697	41	0.387793
0.3697	42	0.372227
0.3697	43	0.396582
0.3697	44	0.391340
0.3697	45	0.368679
0.3697	46	0.359832
0.3697	47	0.367158
0.3697	48	0.368614
0.3697	49	0.348479
0.3697	50	0.378945
0.3697	51	0.357444
0.3697	52	0.344403
0.3697	53	0.383363
0.3697	54	0.343843
0.3697	55	0.360710
0.3697	56	0.371383
0.3697	57	0.358971
0.3697	58	0.360765
0.3697	59	0.386719
0.3697	60	0.370872
0.3697	61	0.360684
0.3697	62	0.354697
0.3697	63	0.351308
0.3697	64	0.359863
0.3697	65	0.360763
0.3697	66	0.363756
0.3697	67	0.364775
0.3697	68	0.362625
0.3697	69	0.364257
0.3697	70	0.372275
0.3697	71	0.357241
0.3697	72	0.360785
0.3697	73	0.389863
0.3697	74	0.363910
0.3697	75	0.362927
0.3697	76	0.346330
0.3697	77	0.348455
0.3697	78	0.354577
0.3697	79	0.358506
0.3697	80	0.354316
0.3697	81	0.364951
0.3697	82	0.366090
0.3697	83	0.339889
0.3697	84	0.365260
0.3697	85	0.345734
0.3697	86	0.351955
0.3697	87	0.329457
0.3697	88	0.365147
0.3697	89	0.358982
0.3697	90	0.351465
0.3697	91	0.355069
0.3697	92	0.363323
0.3697	93	0.352966
0.3697	94	0.372458
0.3697	95	0.357243
0.3697	96	0.365313
0.3697	97	0.357227
0.3697	98	0.381909
0.3697	99	0.352996
0.3697	100	0.351289
0.3697	101	0.347053
0.3697	102	0.363049
0.3697	103	0.366068
0.3697	104	0.356513
0.3697	105	0.366680
0.3697	106	0.341450
0.3697	107	0.378916
0.3697	108	0.344234
0.3697	110	0.360313
0.3794	10	0.507237
0.3794	11	0.448605
0.3794	12	0.412407
0.3794	13	0.410457
0.3794	14	0.426826
0.3794	15	0.456667
0.3794	16	0.402682
0.3794	17	0.397773
0.3794	18	0.384240
0.3794	19	0.373245
0.3794	20	0.383188
0.3794	21	0.360505
0.3794	22	0.427482
0.3794	23	0.366674
0.3794	24	0.405712
0.3794	25	0.359676
0.3794	26	0.467611
0.3794	27	0.397807
0.3794	28	0.409280
0.3794	29	0.440281
0.3794	30	0.404379
0.3794	31	0.380705
0.3794	32	0.375054
0.3794	33	0.384370
0.3794	34	0.426911
0.3794	35	0.398544
0.3794	36	0.371132
0.3794	37	0.405347
0.3794	38	0.411770
0.3794	39	0.385863
0.3794	40	0.376067
0.3794	41	0.376439
0.3794	42	0.342471
0.3794	43	0.397704
0.3794	44	0.399994
0.3794	45	0.352524
0.3794	46	0.377674
0.3794	47	0.335934
0.3794	48	0.339814
0.3794	49	0.387877
0.3794	50	0.381327
0.3794	51	0.385204
0.3794	52	0.352055
0.3794	53	0.349527
0.3794	54	0.384163
0.3794	55	0.376443
0.3794	56	0.368021
0.3794	57	0.345008
0.3794	58	0.366227
0.3794	59	0.355452
0.3794	60	0.373156
0.3794	61	0.358883
0.3794	62	0.353797
0.3794	63	0.372251
0.3794	64	0.364803
0.3794	65	0.360526
0.3794	66	0.360395
0.3794	67	0.342486
0.3794	68	0.355698
0.3794	69	0.356216
0.3794	70	0.359598
0.3794	71	0.351303
0.3794	72	0.380093
0.3794	73	0.383565
0.3794	74	0.390697
0.3794	75	0.373127
0.3794	76	0.377301
0.3794	77	0.354447
0.3794	78	0.362472
0.3794	79	0.361207
0.3794	80	0.363575
0.3794	81	0.358123
0.3794	82	0.346394
0.3794	83	0.363370
0.3794	84	0.347584
0.3794	85	0.360515
0.3794	86	0.362978
0.3794	87	0.350778
0.3794	88	0.349139
0.3794	89	0.364117
0.3794	90	0.368864
0.3794	91	0.360404
0.3794	92	0.372730
0.3794	93	0.359734
0.3794	94	0.359872
0.3794	95	0.371133
0.3794	96	0.358148
0.3794	97	0.345905
0.3794	98	0.355907
0.3794	99	0.363902
0.3794	100	0.361449
0.3794	101	0.366612
0.3794	102	0.346788
0.3794	103	0.346357
0.3794	104	0.331996
0.3794	105	0.330518
0.3794	106	0.346171
0.3794	107	0.337755
0.3794	108	0.348435
0.3794	110	0.357653
0.3891	10	0.467285
0.3891	11	0.417995
0.3891	12	0.399063
0.3891	13	0.389095
0.3891	14	0.415703
0.3891	15	0.412513
0.3891	16	0.394396
0.3891	17	0.374751
0.3891	18	0.465094
0.3891	19	0.421447
0.3891	20	0.392320
0.3891	21	0.432107
0.3891	22	0.405751
0.3891	23	0.420188
0.3891	24	0.354302
0.3891	25	0.418973
0.3891	26	0.397417
0.3891	27	0.392486
0.3891	28	0.354821
0.3891	29	0.384879
0.3891	30	0.388483
0.3891	31	0.370707
0.3891	32	0.364682
0.3891	33	0.370261
0.3891	34	0.399169
0.3891	35	0.413059
0.3891	36	0.385282
0.3891	37	0.365101
0.3891	38	0.370209
0.3891	39	0.401837
0.3891	40	0.394325
0.3891	41	0.380294
0.3891	42	0.342371
0.3891	43	0.379568
0.3891	44	0.405893
0.3891	45	0.380515
0.3891	46	0.394372
0.3891	47	0.352644
0.3891	48	0.370856
0.3891	49	0.415513
0.3891	50	0.372451
0.3891	51	0.377577
0.3891	52	0.391573
0.3891	53	0.369854
0.3891	54	0.376119
0.3891	55	0.352594
0.3891	56	0.383516
0.3891	57	0.350669
0.3891	58	0.368116
0.3891	59	0.403029
0.3891	60	0.340187
0.3891	61	0.359072
0.3891	62	0.367453
0.3891	63	0.371437
0.3891	64	0.384885
0.3891	65	0.373605
0.3891	66	0.362804
0.3891	67	0.374153
0.3891	68	0.383504
0.3891	69	0.360377
0.3891	70	0.370678
0.3891	71	0.343345
0.3891	72	0.358887
0.3891	73	0.332878
0.3891	74	0.334932
0.3891	75	0.340505
0.3891	76	0.346090
0.3891	77	0.359106
0.3891	78	0.353142
0.3891	79	0.355749
0.3891	80	0.356860
0.3891	81	0.367285
0.3891	82	0.347205
0.3891	83	0.364432
0.3891	84	0.362498
0.3891	85	0.347287
0.3891	86	0.359289
0.3891	87	0.352374
0.3891	88	0.347884
0.3891	89	0.363098
0.3891	90	0.332164
0.3891	91	0.351226
0.3891	92	0.359480
0.3891	93	0.359785
0.3891	94	0.360643
0.3891	95	0.339569
0.3891	96	0.358231
0.3891	97	0.331873
0.3891	98	0.355589
0.3891	99	0.339832
0.3891	100	0.357510
0.3891	101	0.339317
0.3891	102	0.375636
0.3891	103	0.345565
0.3891	104	0.339750
0.3891	105	0.343403
0.3891	106	0.345086
0.3891	107	0.348493
0.3891	108	0.347259
0.3891	110	0.356018
0.3988	10	0.393455
0.3988	11	0.444007
0.3988	12	0.420466
0.3988	13	0.455778
0.3988	14	0.433811
0.3988	15	0.386612
0.3988	16	0.462813
0.3988	17	0.438019
0.3988	18	0.404799
0.3988	19	0.408932
0.3988	20	0.429240
0.3988	21	0.422590
0.3988	22	0.478882
0.3988	23	0.394925
0.3988	24	0.396201
0.3988	25	0.365126
0.3988	26	0.380486
0.3988	27	0.456634
0.3988	28	0.390043
0.3988	29	0.472892
0.3988	30	0.415532
0.3988	31	0.381512
0.3988	32	0.458488
0.3988	33	0.359877
0.3988	34	0.397105
0.3988	35	0.413494
0.3988	36	0.354685
0.3988	37	0.385966
0.3988	38	0.405292
0.3988	39	0.382786
0.3988	40	0.369511
0.3988	41	0.375310
0.3988	42	0.412589
0.3988	43	0.385866
0.3988	44	0.364768
0.3988	45	0.383354
0.3988	46	0.352172
0.3988	47	0.384360
0.3988	48	0.360409
0.3988	49	0.370720
0.3988	50	0.392097
0.3988	51	0.366206
0.3988	52	0.363148
0.3988	53	0.353746
0.3988	54	0.350642
0.3988	55	0.365380
0.3988	56	0.370216
0.3988	57	0.379352
0.3988	58	0.363971
0.3988	59	0.351955
0.3988	60	0.362720
0.3988	61	0.380799
0.3988	62	0.367833
0.3988	63	0.368156
0.3988	64	0.380041
0.3988	65	0.350339
0.3988	66	0.361377
0.3988	67	0.354785
0.3988	68	0.364983
0.3988	69	0.378768
0.3988	70	0.348330
0.3988	71	0.343709
0.3988	72	0.341367
0.3988	73	0.370225
0.3988	74	0.364044
0.3988	75	0.352499
0.3988	76	0.363204
0.3988	77	0.358647
0.3988	78	0.366902
0.3988	79	0.351787
0.3988	80	0.399907
0.3988	81	0.369880
0.3988	82	0.385218
0.3988	83	0.364337
0.3988	84	0.355440
0.3988	85	0.367513
0.3988	86	0.357046
0.3988	87	0.347388
0.3988	88	0.367819
0.3988	89	0.359813
0.3988	90	0.366459
0.3988	91	0.354349
0.3988	92	0.359731
0.3988	93	0.343120
0.3988	94	0.343423
0.3988	95	0.352474
0.3988	96	0.331891
0.3988	97	0.331151
0.3988	98	0.369523
0.3988	99	0.335749
0.3988	100	0.341351
0.3988	101	0.344392
0.3988	102	0.338012
0.3988	103	0.343166
0.3988	104	0.362330
0.3988	105	0.372877
0.3988	106	0.365262
0.3988	107	0.362074
0.3988	108	0.351383
0.3988	110	0.351011
0.4085	10	0.410872
0.4085	11	0.536101
0.4085	12	0.518514
0.4085	13	0.448892
0.4085	14	0.452000
0.4085	15	0.389338
0.4085	16	0.459570
0.4085	17	0.433283
0.4085	18	0.446378
0.4085	19	0.390038
0.4085	20	0.436984
0.4085	21	0.438390
0.4085	22	0.390105
0.4085	23	0.386237
0.4085	24	0.353798
0.4085	25	0.410368
0.4085	26	0.388208
0.4085	27	0.376067
0.4085	28	0.370266
0.4085	29	0.370515
0.4085	30	0.419585
0.4085	31	0.370913
0.4085	32	0.381751
0.4085	33	0.417846
0.4085	34	0.347917
0.4085	35	0.354833
0.4085	36	0.382642
0.4085	37	0.386875
0.4085	38	0.374273
0.4085	39	0.355213
0.4085	40	0.366111
0.4085	41	0.355206
0.4085	42	0.367968
0.4085	43	0.412205
0.4085	44	0.347873
0.4085	45	0.367884
0.4085	46	0.350794
0.4085	47	0.378298
0.4085	48	0.367946
0.4085	49	0.340733
0.4085	50	0.362955
0.4085	51	0.363122
0.4085	52	0.373172
0.4085	53	0.389043
0.4085	54	0.378910
0.4085	55	0.366346
0.4085	56	0.382332
0.4085	57	0.358073
0.4085	58	0.372618
0.4085	59	0.354767
0.4085	60	0.391815
0.4085	61	0.377341
0.4085	62	0.379427
0.4085	63	0.340146
0.4085	64	0.348958
0.4085	65	0.351918
0.4085	66	0.354817
0.4085	67	0.355499
0.4085	68	0.343200
0.4085	69	0.335109
0.4085	70	0.369536
0.4085	71	0.370875
0.4085	72	0.346790
0.4085	73	0.348402
0.4085	74	0.338081
0.4085	75	0.346270
0.4085	76	0.356695
0.4085	77	0.377371
0.4085	78	0.370234
0.4085	79	0.361379
0.4085	80	0.349212
0.4085	81	0.360722
0.4085	82	0.361490
0.4085	83	0.340658
0.4085	84	0.344982
0.4085	85	0.358587
0.4085	86	0.356415
0.4085	87	0.337838
0.4085	88	0.343819
0.4085	89	0.383877
0.4085	90	0.357977
0.4085	91	0.357774
0.4085	92	0.347318
0.4085	93	0.344776
0.4085	94	0.357824
0.4085	95	0.362008
0.4085	96	0.350066
0.4085	97	0.347417
0.4085	98	0.382922
0.4085	99	0.361168
0.4085	100	0.352352
0.4085	101	0.350511
0.4085	102	0.344594
0.4085	103	0.360622
0.4085	104	0.347261
0.4085	105	0.344678
0.4085	106	0.340343
0.4085	107	0.347287
0.4085	108	0.363177
0.4085	110	0.356692
0.4182	10	0.437655
0.4182	11	0.489865
0.4182	12	0.373116
0.4182	13	0.390742
0.4182	14	0.468190
0.4182	15	0.448226
0.4182	16	0.406424
0.4182	17	0.409109
0.4182	18	0.424686
0.4182	19	0.404440
0.4182	20	0.458249
0.4182	21	0.426647
0.4182	22	0.370788
0.4182	23	0.375091
0.4182	24	0.412559
0.4182	25	0.373133
0.4182	26	0.380116
0.4182	27	0.388991
0.4182	28	0.410124
0.4182	29	0.389531
0.4182	30	0.388752
0.4182	31	0.397184
0.4182	32	0.369297
0.4182	33	0.351711
0.4182	34	0.344928
0.4182	35	0.367774
0.4182	36	0.363463
0.4182	37	0.362199
0.4182	38	0.378107
0.4182	39	0.393027
0.4182	40	0.351790
0.4182	41	0.396287
0.4182	42	0.351799
0.4182	43	0.337920
0.4182	44	0.369738
0.4182	45	0.369926
0.4182	46	0.378260
0.4182	47	0.389376
0.4182	48	0.351526
0.4182	49	0.350250
0.4182	50	0.355074
0.4182	51	0.373111
0.4182	52	0.380233
0.4182	53	0.370080
0.4182	54	0.355119
0.4182	55	0.350729
0.4182	56	0.373842
0.4182	57	0.370376
0.4182	58	0.382219
0.4182	59	0.365608
0.4182	60	0.371143
0.4182	61	0.349140
0.4182	62	0.372376
0.4182	63	0.370118
0.4182	64	0.345800
0.4182	65	0.357373
0.4182	66	0.376782
0.4182	67	0.371683
0.4182	68	0.373976
0.4182	69	0.358999
0.4182	70	0.357022
0.4182	71	0.385575
0.4182	72	0.364021
0.4182	73	0.343162
0.4182	74	0.370076
0.4182	75	0.374498
0.4182	76	0.367805
0.4182	77	0.365622
0.4182	78	0.361636
0.4182	79	0.369930
0.4182	80	0.342727
0.4182	81	0.379572
0.4182	82	0.368928
0.4182	83	0.370697
0.4182	84	0.352306
0.4182	85	0.345312
0.4182	86	0.345604
0.4182	87	0.349137
0.4182	88	0.362567
0.4182	89	0.371452
0.4182	90	0.365285
0.4182	91	0.364354
0.4182	92	0.355706
0.4182	93	0.348350
0.4182	94	0.332117
0.4182	95	0.369743
0.4182	96	0.372991
0.4182	97	0.332532
0.4182	98	0.368155
0.4182	99	0.363360
0.4182	100	0.361374
0.4182	101	0.327905
0.4182	102	0.349724
0.4182	103	0.367401
0.4182	104	0.359643
0.4182	105	0.359732
0.4182	106	0.367205
0.4182	107	0.348989
0.4182	108	0.337777
0.4182	110	0.355830
0.4279	10	0.400555
0.4279	11	0.478001
0.4279	12	0.450515
0.4279	13	0.391108
0.4279	14	0.459512
0.4279	15	0.428703
0.4279	16	0.394365
0.4279	17	0.404782
0.4279	18	0.428988
0.4279	19	0.354788
0.4279	20	0.376787
0.4279	21	0.379154
0.4279	22	0.374916
0.4279	23	0.368654
0.4279	24	0.405235
0.4279	25	0.373166
0.4279	26	0.375271
0.4279	27	0.382353
0.4279	28	0.381539
0.4279	29	0.370440
0.4279	30	0.433498
0.4279	31	0.399220
0.4279	32	0.378762
0.4279	33	0.367512
0.4279	34	0.336492
0.4279	35	0.379823
0.4279	36	0.352118
0.4279	37	0.397601
0.4279	38	0.404325
0.4279	39	0.372620
0.4279	40	0.353134
0.4279	41	0.378677
0.4279	42	0.353697
0.4279	43	0.369732
0.4279	44	0.351883
0.4279	45	0.350228
0.4279	46	0.405700
0.4279	47	0.360657
0.4279	48	0.388410
0.4279	49	0.331805
0.4279	50	0.361377
0.4279	51	0.340514
0.4279	52	0.355632
0.4279	53	0.395135
0.4279	54	0.381085
0.4279	55	0.356047
0.4279	56	0.385772
0.4279	57	0.370349
0.4279	58	0.357093
0.4279	59	0.364682
0.4279	60	0.388198
0.4279	61	0.423498
0.4279	62	0.377967
0.4279	63	0.383834
0.4279	64	0.350020
0.4279	65	0.353695
0.4279	66	0.374036
0.4279	67	0.350984
0.4279	68	0.344086
0.4279	69	0.351870
0.4279	70	0.374759
0.4279	71	0.371612
0.4279	72	0.347670
0.4279	73	0.363918
0.4279	74	0.349315
0.4279	75	0.347328
0.4279	76	0.365439
0.4279	77	0.348607
0.4279	78	0.354930
0.4279	79	0.360748
0.4279	80	0.386810
0.4279	81	0.341438
0.4279	82	0.340454
0.4279	83	0.338054
0.4279	84	0.340423
0.4279	85	0.348802
0.4279	86	0.346542
0.4279	87	0.357698
0.4279	88	0.358067
0.4279	89	0.351794
0.4279	90	0.364147
0.4279	91	0.352931
0.4279	92	0.349345
0.4279	93	0.359942
0.4279	94	0.353663
0.4279	95	0.345158
0.4279	96	0.350323
0.4279	97	0.365239
0.4279	98	0.361472
0.4279	99	0.356362
0.4279	100	0.350335
0.4279	101	0.354153
0.4279	102	0.370710
0.4279	103	0.350604
0.4279	104	0.373316
0.4279	105	0.369544
0.4279	106	0.371684
0.4279	107	0.333423
0.4279	108	0.379944
0.4279	110	0.357546
0.4376	10	0.413777
0.4376	11	0.406125
0.4376	12	0.411696
0.4376	13	0.441880
0.4376	14	0.381438
0.4376	15	0.352731
0.4376	16	0.390135
0.4376	17	0.384715
0.4376	18	0.430573
0.4376	19	0.387384
0.4376	20	0.413864
0.4376	21	0.402591
0.4376	22	0.421402
0.4376	23	0.388751
0.4376	24	0.400660
0.4376	25	0.394189
0.4376	26	0.450900
0.4376	27	0.387302
0.4376	28	0.371399
0.4376	29	0.416419
0.4376	30	0.405446
0.4376	31	0.390039
0.4376	32	0.385479
0.4376	33	0.373206
0.4376	34	0.378258
0.4376	35	0.423618
0.4376	36	0.371939
0.4376	37	0.387097
0.4376	38	0.385851
0.4376	39	0.376802
0.4376	40	0.383280
0.4376	41	0.337510
0.4376	42	0.369188
0.4376	43	0.364734
0.4376	44	0.357729
0.4376	45	0.357727
0.4376	46	0.349769
0.4376	47	0.372390
0.4376	48	0.382076
0.4376	49	0.348761
0.4376	50	0.364454
0.4376	51	0.373034
0.4376	52	0.364553
0.4376	53	0.398257
0.4376	54	0.372289
0.4376	55	0.350148
0.4376	56	0.358255
0.4376	57	0.358437
0.4376	58	0.352858
0.4376	59	0.362084
0.4376	60	0.374453
0.4376	61	0.364174
0.4376	62	0.365659
0.4376	63	0.373243
0.4376	64	0.359322
0.4376	65	0.362392
0.4376	66	0.350241
0.4376	67	0.354352
0.4376	68	0.364122
0.4376	69	0.345214
0.4376	70	0.359817
0.4376	71	0.352068
0.4376	72	0.338155
0.4376	73	0.362737
0.4376	74	0.372142
0.4376	75	0.346571
0.4376	76	0.359045
0.4376	77	0.355838
0.4376	78	0.361662
0.4376	79	0.377671
0.4376	80	0.344190
0.4376	81	0.359414
0.4376	82	0.343986
0.4376	83	0.394025
0.4376	84	0.368279
0.4376	85	0.354655
0.4376	86	0.348006
0.4376	87	0.358472
0.4376	88	0.376814
0.4376	89	0.335279
0.4376	90	0.325611
0.4376	91	0.351349
0.4376	92	0.342970
0.4376	93	0.359260
0.4376	94	0.365833
0.4376	95	0.356686
0.4376	96	0.380955
0.4376	97	0.364032
0.4376	98	0.366825
0.4376	99	0.353587
0.4376	100	0.351943
0.4376	101	0.345224
0.4376	102	0.370318
0.4376	103	0.344296
0.4376	104	0.365296
0.4376	105	0.360229
0.4376	106	0.366459
0.4376	107	0.356348
0.4376	108	0.343812
0.4376	110	0.346973
0.4473	10	0.476858
0.4473	11	0.457980
0.4473	12	0.407792
0.4473	13	0.403185
0.4473	14	0.480818
0.4473	15	0.394041
0.4473	16	0.404805
0.4473	17	0.426621
0.4473	18	0.387290
0.4473	19	0.370284
0.4473	20	0.384155
0.4473	21	0.437789
0.4473	22	0.384214
0.4473	23	0.368254
0.4473	24	0.381228
0.4473	25	0.394007
0.4473	26	0.381976
0.4473	27	0.366950
0.4473	28	0.381955
0.4473	29	0.372813
0.4473	30	0.398888
0.4473	31	0.410704
0.4473	32	0.377752
0.4473	33	0.347946
0.4473	34	0.415125
0.4473	35	0.370847
0.4473	36	0.349191
0.4473	37	0.375241
0.4473	38	0.387687
0.4473	39	0.360552
0.4473	40	0.365898
0.4473	41	0.342038
0.4473	42	0.357603
0.4473	43	0.359911
0.4473	44	0.353561
0.4473	45	0.382027
0.4473	46	0.352762
0.4473	47	0.369517
0.4473	48	0.336075
0.4473	49	0.370095
0.4473	50	0.354862
0.4473	51	0.349126
0.4473	52	0.351927
0.4473	53	0.341500
0.4473	54	0.354736
0.4473	55	0.355907
0.4473	56	0.349040
0.4473	57	0.364179
0.4473	58	0.350046
0.4473	59	0.363020
0.4473	60	0.348224
0.4473	61	0.354824
0.4473	62	0.343974
0.4473	63	0.356936
0.4473	64	0.347675
0.4473	65	0.342073
0.4473	66	0.361123
0.4473	67	0.353367
0.4473	68	0.353509
0.4473	69	0.366756
0.4473	70	0.356608
0.4473	71	0.377044
0.4473	72	0.345273
0.4473	73	0.356642
0.4473	74	0.341528
0.4473	75	0.345977
0.4473	76	0.343692
0.4473	77	0.369212
0.4473	78	0.367423
0.4473	79	0.359909
0.4473	80	0.327181
0.4473	81	0.355066
0.4473	82	0.344076
0.4473	83	0.363339
0.4473	84	0.361181
0.4473	85	0.353049
0.4473	86	0.355911
0.4473	87	0.360218
0.4473	88	0.352253
0.4473	89	0.343551
0.4473	90	0.353330
0.4473	91	0.349284
0.4473	92	0.320421
0.4473	93	0.344867
0.4473	94	0.340576
0.4473	95	0.349433
0.4473	96	0.348728
0.4473	97	0.351652
0.4473	98	0.358044
0.4473	99	0.342837
0.4473	100	0.349196
0.4473	101	0.342445
0.4473	102	0.339032
0.4473	103	0.338792
0.4473	104	0.339796
0.4473	105	0.345026
0.4473	106	0.345328
0.4473	107	0.343810
0.4473	108	0.367891
0.4473	110	0.357990
0.4570	10	0.436591
0.4570	11	0.451842
0.4570	12	0.410242
0.4570	13	0.385020
0.4570	14	0.405465
0.4570	15	0.350505
0.4570	16	0.455108
0.4570	17	0.427181
0.4570	18	0.360435
0.4570	19	0.392833
0.4570	20	0.390768
0.4570	21	0.376506
0.4570	22	0.438836
0.4570	23	0.344411
0.4570	24	0.391596
0.4570	25	0.362271
0.4570	26	0.415477
0.4570	27	0.411957
0.4570	28	0.387106
0.4570	29	0.374407
0.4570	30	0.349794
0.4570	31	0.381003
0.4570	32	0.368313
0.4570	33	0.359040
0.4570	34	0.389107
0.4570	35	0.350881
0.4570	36	0.389026
0.4570	37	0.382155
0.4570	38	0.381778
0.4570	39	0.356234
0.4570	40	0.351695
0.4570	41	0.368909
0.4570	42	0.355167
0.4570	43	0.352133
0.4570	44	0.351201
0.4570	45	0.385017
0.4570	46	0.360302
0.4570	47	0.344951
0.4570	48	0.391554
0.4570	49	0.336464
0.4570	50	0.365599
0.4570	51	0.348304
0.4570	52	0.360553
0.4570	53	0.346860
0.4570	54	0.364627
0.4570	55	0.367040
0.4570	56	0.356324
0.4570	57	0.356770
0.4570	58	0.339936
0.4570	59	0.359250
0.4570	60	0.345574
0.4570	61	0.364910
0.4570	62	0.344458
0.4570	63	0.352745
0.4570	64	0.331671
0.4570	65	0.327008
0.4570	66	0.367008
0.4570	67	0.361289
0.4570	68	0.346730
0.4570	69	0.347869
0.4570	70	0.347351
0.4570	71	0.357189
0.4570	72	0.331592
0.4570	73	0.353853
0.4570	74	0.351122
0.4570	75	0.344793
0.4570	76	0.350107
0.4570	77	0.351802
0.4570	78	0.345988
0.4570	79	0.340229
0.4570	80	0.359742
0.4570	81	0.352396
0.4570	82	0.350499
0.4570	83	0.365167
0.4570	84	0.365018
0.4570	85	0.337516
0.4570	86	0.358687
0.4570	87	0.360913
0.4570	88	0.360951
0.4570	89	0.365250
0.4570	90	0.354561
0.4570	91	0.344298
0.4570	92	0.362004
0.4570	93	0.355779
0.4570	94	0.350991
0.4570	95	0.342358
0.4570	96	0.340740
0.4570	97	0.361722
0.4570	98	0.359760
0.4570	99	0.352187
0.4570	100	0.359563
0.4570	101	0.371182
0.4570	102	0.361321
0.4570	103	0.361660
0.4570	104	0.361328
0.4570	105	0.345932
0.4570	106	0.343260
0.4570	107	0.359001
0.4570	108	0.360201
0.4570	110	0.356158
0.4667	10	0.416663
0.4667	11	0.448302
0.4667	12	0.430583
0.4667	13	0.377996
0.4667	14	0.423833
0.4667	15	0.422820
0.4667	16	0.368969
0.4667	17	0.351568
0.4667	18	0.390302
0.4667	19	0.422688
0.4667	20	0.399013
0.4667	21	0.384542
0.4667	22	0.397594
0.4667	23	0.366703
0.4667	24	0.352920
0.4667	25	0.365917
0.4667	26	0.385911
0.4667	27	0.368786
0.4667	28	0.370951
0.4667	29	0.354252
0.4667	30	0.443442
0.4667	31	0.391329
0.4667	32	0.431607
0.4667	33	0.366929
0.4667	34	0.396037
0.4667	35	0.369690
0.4667	36	0.345703
0.4667	37	0.350186
0.4667	38	0.379319
0.4667	39	0.332796
0.4667	40	0.392345
0.4667	41	0.365818
0.4667	42	0.373120
0.4667	43	0.349510
0.4667	44	0.357279
0.4667	45	0.340373
0.4667	46	0.380873
0.4667	47	0.370743
0.4667	48	0.342182
0.4667	49	0.346233
0.4667	50	0.335018
0.4667	51	0.371543
0.4667	52	0.368880
0.4667	53	0.364760
0.4667	54	0.329065
0.4667	55	0.348033
0.4667	56	0.355163
0.4667	57	0.395594
0.4667	58	0.359093
0.4667	59	0.363113
0.4667	60	0.356049
0.4667	61	0.359270
0.4667	62	0.364240
0.4667	63	0.345173
0.4667	64	0.388715
0.4667	65	0.345095
0.4667	66	0.339204
0.4667	67	0.343515
0.4667	68	0.341646
0.4667	69	0.348991
0.4667	70	0.340928
0.4667	71	0.351578
0.4667	72	0.385385
0.4667	73	0.354970
0.4667	74	0.355531
0.4667	75	0.378747
0.4667	76	0.382385
0.4667	77	0.357222
0.4667	78	0.350039
0.4667	79	0.349985
0.4667	80	0.364181
0.4667	81	0.349714
0.4667	82	0.353713
0.4667	83	0.353575
0.4667	84	0.365396
0.4667	85	0.357531
0.4667	86	0.340001
0.4667	87	0.333867
0.4667	88	0.343410
0.4667	89	0.350855
0.4667	90	0.350039
0.4667	91	0.388918
0.4667	92	0.341092
0.4667	93	0.348498
0.4667	94	0.345784
0.4667	95	0.340201
0.4667	96	0.337460
0.4667	97	0.365603
0.4667	98	0.338797
0.4667	99	0.357485
0.4667	100	0.361804
0.4667	101	0.362334
0.4667	102	0.361823
0.4667	103	0.358281
0.4667	104	0.352451
0.4667	105	0.347845
0.4667	106	0.344923
0.4667	107	0.347350
0.4667	108	0.346264
0.4667	110	0.367468
0.4764	10	0.379430
0.4764	11	0.412575
0.4764	12	0.405770
0.4764	13	0.387249
0.4764	14	0.481150
0.4764	15	0.429275
0.4764	16	0.423569
0.4764	17	0.453701
0.4764	18	0.363615
0.4764	19	0.419194
0.4764	20	0.385360
0.4764	21	0.366827
0.4764	22	0.404864
0.4764	23	0.353590
0.4764	24	0.355792
0.4764	25	0.371281
0.4764	26	0.353328
0.4764	27	0.385214
0.4764	28	0.428896
0.4764	29	0.381269
0.4764	30	0.340233
0.4764	31	0.427548
0.4764	32	0.393262
0.4764	33	0.344083
0.4764	34	0.360189
0.4764	35	0.338467
0.4764	36	0.361647
0.4764	37	0.353799
0.4764	38	0.402262
0.4764	39	0.391945
0.4764	40	0.348165
0.4764	41	0.357460
0.4764	42	0.341453
0.4764	43	0.368371
0.4764	44	0.369848
0.4764	45	0.368749
0.4764	46	0.371980
0.4764	47	0.407161
0.4764	48	0.353055
0.4764	49	0.352171
0.4764	50	0.367894
0.4764	51	0.356215
0.4764	52	0.350622
0.4764	53	0.367344
0.4764	54	0.408712
0.4764	55	0.361590
0.4764	56	0.368313
0.4764	57	0.351597
0.4764	58	0.335478
0.4764	59	0.353065
0.4764	60	0.345121
0.4764	61	0.363795
0.4764	62	0.367470
0.4764	63	0.377007
0.4764	64	0.352045
0.4764	65	0.387173
0.4764	66	0.357425
0.4764	67	0.347591
0.4764	68	0.339534
0.4764	69	0.345932
0.4764	70	0.345181
0.4764	71	0.347600
0.4764	72	0.342229
0.4764	73	0.357478
0.4764	74	0.350527
0.4764	75	0.345224
0.4764	76	0.351635
0.4764	77	0.351058
0.4764	78	0.333314
0.4764	79	0.343487
0.4764	80	0.346577
0.4764	81	0.359315
0.4764	82	0.366758
0.4764	83	0.364589
0.4764	84	0.353306
0.4764	85	0.371142
0.4764	86	0.360477
0.4764	87	0.343683
0.4764	88	0.387323
0.4764	89	0.349464
0.4764	90	0.348656
0.4764	91	0.351571
0.4764	92	0.350688
0.4764	93	0.341765
0.4764	94	0.346448
0.4764	95	0.340161
0.4764	96	0.351282
0.4764	97	0.351894
0.4764	98	0.340176
0.4764	99	0.338013
0.4764	100	0.332161
0.4764	101	0.351795
0.4764	102	0.349701
0.4764	103	0.350232
0.4764	104	0.355097
0.4764	105	0.355610
0.4764	106	0.356221
0.4764	107	0.352009
0.4764	108	0.334175
0.4764	110	0.350922
0.4861	10	0.556568
0.4861	11	0.419765
0.4861	12	0.420864
0.4861	13	0.346164
0.4861	14	0.417823
0.4861	15	0.365653
0.4861	16	0.377466
0.4861	17	0.367972
0.4861	18	0.427216
0.4861	19	0.398086
0.4861	20	0.373164
0.4861	21	0.397869
0.4861	22	0.388787
0.4861	23	0.383166
0.4861	24	0.407749
0.4861	25	0.370957
0.4861	26	0.354555
0.4861	27	0.370526
0.4861	28	0.364005
0.4861	29	0.349890
0.4861	30	0.386721
0.4861	31	0.371567
0.4861	32	0.363734
0.4861	33	0.404732
0.4861	34	0.372828
0.4861	35	0.343001
0.4861	36	0.362217
0.4861	37	0.336027
0.4861	38	0.372536
0.4861	39	0.361961
0.4861	40	0.348059
0.4861	41	0.367727
0.4861	42	0.356543
0.4861	43	0.366005
0.4861	44	0.348690
0.4861	45	0.347671
0.4861	46	0.358045
0.4861	47	0.363334
0.4861	48	0.338023
0.4861	49	0.385013
0.4861	50	0.387007
0.4861	51	0.350865
0.4861	52	0.356050
0.4861	53	0.347602
0.4861	54	0.384987
0.4861	55	0.363877
0.4861	56	0.366373
0.4861	57	0.359875
0.4861	58	0.352216
0.4861	59	0.340611
0.4861	60	0.370631
0.4861	61	0.367263
0.4861	62	0.337993
0.4861	63	0.370376
0.4861	64	0.361425
0.4861	65	0.338138
0.4861	66	0.380473
0.4861	67	0.358217
0.4861	68	0.358420
0.4861	69	0.350982
0.4861	70	0.377133
0.4861	71	0.364766
0.4861	72	0.349047
0.4861	73	0.356566
0.4861	74	0.383804
0.4861	75	0.361855
0.4861	76	0.358099
0.4861	77	0.356168
0.4861	78	0.346604
0.4861	79	0.362944
0.4861	80	0.355808
0.4861	81	0.363696
0.4861	82	0.352018
0.4861	83	0.343057
0.4861	84	0.346375
0.4861	85	0.370394
0.4861	86	0.378473
0.4861	87	0.372752
0.4861	88	0.374182
0.4861	89	0.333364
0.4861	90	0.343896
0.4861	91	0.352648
0.4861	92	0.342905
0.4861	93	0.360233
0.4861	94	0.365655
0.4861	95	0.354447
0.4861	96	0.371252
0.4861	97	0.377271
0.4861	98	0.343499
0.4861	99	0.359317
0.4861	100	0.372579
0.4861	101	0.346727
0.4861	102	0.347127
0.4861	103	0.355377
0.4861	104	0.340657
0.4861	105	0.350823
0.4861	106	0.348519
0.4861	107	0.343912
0.4861	108	0.341659
0.4861	110	0.351223
0.4958	10	0.432500
0.4958	11	0.396263
0.4958	12	0.479525
0.4958	13	0.455910
0.4958	14	0.402437
0.4958	15	0.432329
0.4958	16	0.485280
0.4958	17	0.369692
0.4958	18	0.363493
0.4958	19	0.393586
0.4958	20	0.351673
0.4958	21	0.414845
0.4958	22	0.367777
0.4958	23	0.363599
0.4958	24	0.407868
0.4958	25	0.386802
0.4958	26	0.361845
0.4958	27	0.361946
0.4958	28	0.407267
0.4958	29	0.358515
0.4958	30	0.378062
0.4958	31	0.395458
0.4958	32	0.371791
0.4958	33	0.351604
0.4958	34	0.350157
0.4958	35	0.352380
0.4958	36	0.400644
0.4958	37	0.334188
0.4958	38	0.329287
0.4958	39	0.341165
0.4958	40	0.347908
0.4958	41	0.373264
0.4958	42	0.347633
0.4958	43	0.382905
0.4958	44	0.365735
0.4958	45	0.367202
0.4958	46	0.362740
0.4958	47	0.354463
0.4958	48	0.374611
0.4958	49	0.357483
0.4958	50	0.326011
0.4958	51	0.363028
0.4958	52	0.354641
0.4958	53	0.357436
0.4958	54	0.363273
0.4958	55	0.384190
0.4958	56	0.362399
0.4958	57	0.355035
0.4958	58	0.356338
0.4958	59	0.340038
0.4958	60	0.345709
0.4958	61	0.331472
0.4958	62	0.355758
0.4958	63	0.343368
0.4958	64	0.357656
0.4958	65	0.355332
0.4958	66	0.353140
0.4958	67	0.367069
0.4958	68	0.353575
0.4958	69	0.362426
0.4958	70	0.372058
0.4958	71	0.356984
0.4958	72	0.380860
0.4958	73	0.339819
0.4958	74	0.347685
0.4958	75	0.351247
0.4958	76	0.356586
0.4958	77	0.351813
0.4958	78	0.355444
0.4958	79	0.330462
0.4958	80	0.345668
0.4958	81	0.353500
0.4958	82	0.335346
0.4958	83	0.340642
0.4958	84	0.351765
0.4958	85	0.374378
0.4958	86	0.363367
0.4958	87	0.347544
0.4958	88	0.355818
0.4958	89	0.344349
0.4958	90	0.355347
0.4958	91	0.357069
0.4958	92	0.340166
0.4958	93	0.340555
0.4958	94	0.324864
0.4958	95	0.343051
0.4958	96	0.365102
0.4958	97	0.334811
0.4958	98	0.348155
0.4958	99	0.351507
0.4958	100	0.363501
0.4958	101	0.346668
0.4958	102	0.339854
0.4958	103	0.343371
0.4958	104	0.356931
0.4958	105	0.332768
0.4958	106	0.341431
0.4958	107	0.347135
0.4958	108	0.334552
0.4958	110	0.364871
0.5055	10	0.449891
0.5055	11	0.413222
0.5055	12	0.407801
0.5055	13	0.515601
0.5055	14	0.377091
0.5055	15	0.454847
0.5055	16	0.390585
0.5055	17	0.403437
0.5055	18	0.361360
0.5055	19	0.338015
0.5055	20	0.382064
0.5055	21	0.425375
0.5055	22	0.364143
0.5055	23	0.411440
0.5055	24	0.364931
0.5055	25	0.353296
0.5055	26	0.403690
0.5055	27	0.408752
0.5055	28	0.370616
0.5055	29	0.360077
0.5055	30	0.423867
0.5055	31	0.349972
0.5055	32	0.356907
0.5055	33	0.382329
0.5055	34	0.375375
0.5055	35	0.408835
0.5055	36	0.354324
0.5055	37	0.346935
0.5055	38	0.374976
0.5055	39	0.366201
0.5055	40	0.362553
0.5055	41	0.365230
0.5055	42	0.387473
0.5055	43	0.342551
0.5055	44	0.356462
0.5055	45	0.379740
0.5055	46	0.379170
0.5055	47	0.369487
0.5055	48	0.348687
0.5055	49	0.409782
0.5055	50	0.375419
0.5055	51	0.350598
0.5055	52	0.362158
0.5055	53	0.372551
0.5055	54	0.361261
0.5055	55	0.353033
0.5055	56	0.366229
0.5055	57	0.376242
0.5055	58	0.371269
0.5055	59	0.341871
0.5055	60	0.340587
0.5055	61	0.360008
0.5055	62	0.363661
0.5055	63	0.340184
0.5055	64	0.366806
0.5055	65	0.341397
0.5055	66	0.351780
0.5055	67	0.351317
0.5055	68	0.370905
0.5055	69	0.371082
0.5055	70	0.361672
0.5055	71	0.349987
0.5055	72	0.357331
0.5055	73	0.371547
0.5055	74	0.344471
0.5055	75	0.367124
0.5055	76	0.367569
0.5055	77	0.359986
0.5055	78	0.376596
0.5055	79	0.377787
0.5055	80	0.361737
0.5055	81	0.356035
0.5055	82	0.361665
0.5055	83	0.353239
0.5055	84	0.350427
0.5055	85	0.361972
0.5055	86	0.336462
0.5055	87	0.359880
0.5055	88	0.359539
0.5055	89	0.360722
0.5055	90	0.361893
0.5055	91	0.338521
0.5055	92	0.360244
0.5055	93	0.369973
0.5055	94	0.365080
0.5055	95	0.348783
0.5055	96	0.341921
0.5055	97	0.347257
0.5055	98	0.332074
0.5055	99	0.358164
0.5055	100	0.342885
0.5055	101	0.357690
0.5055	102	0.350315
0.5055	103	0.368742
0.5055	104	0.365841
0.5055	105	0.346040
0.5055	106	0.356084
0.5055	107	0.354013
0.5055	108	0.362566
0.5055	110	0.342921
0.5152	10	0.373384
0.5152	11	0.414873
0.5152	12	0.401224
0.5152	13	0.410682
0.5152	14	0.359229
0.5152	15	0.382213
0.5152	16	0.331479
0.5152	17	0.357926
0.5152	18	0.336112
0.5152	19	0.387747
0.5152	20	0.339511
0.5152	21	0.371187
0.5152	22	0.363195
0.5152	23	0.397149
0.5152	24	0.380623
0.5152	25	0.355374
0.5152	26	0.383282
0.5152	27	0.379743
0.5152	28	0.375662
0.5152	29	0.395019
0.5152	30	0.356258
0.5152	31	0.379733
0.5152	32	0.337738
0.5152	33	0.348724
0.5152	34	0.364541
0.5152	35	0.359183
0.5152	36	0.359692
0.5152	37	0.356891
0.5152	38	0.363451
0.5152	39	0.430577
0.5152	40	0.342346
0.5152	41	0.377326
0.5152	42	0.460999
0.5152	43	0.368041
0.5152	44	0.390454
0.5152	45	0.368651
0.5152	46	0.363256
0.5152	47	0.381778
0.5152	48	0.362972
0.5152	49	0.351753
0.5152	50	0.386792
0.5152	51	0.351148
0.5152	52	0.337162
0.5152	53	0.351926
0.5152	54	0.343478
0.5152	55	0.353865
0.5152	56	0.345967
0.5152	57	0.352528
0.5152	58	0.363143
0.5152	59	0.379936
0.5152	60	0.363856
0.5152	61	0.374585
0.5152	62	0.351600
0.5152	63	0.355201
0.5152	64	0.374776
0.5152	65	0.356572
0.5152	66	0.365994
0.5152	67	0.363307
0.5152	68	0.343597
0.5152	69	0.365318
0.5152	70	0.350120
0.5152	71	0.371244
0.5152	72	0.343564
0.5152	73	0.336952
0.5152	74	0.380422
0.5152	75	0.348437
0.5152	76	0.378607
0.5152	77	0.342060
0.5152	78	0.352351
0.5152	79	0.361512
0.5152	80	0.347089
0.5152	81	0.347991
0.5152	82	0.350430
0.5152	83	0.347426
0.5152	84	0.353060
0.5152	85	0.350930
0.5152	86	0.364491
0.5152	87	0.361822
0.5152	88	0.368960
0.5152	89	0.328853
0.5152	90	0.353939
0.5152	91	0.339392
0.5152	92	0.333441
0.5152	93	0.343185
0.5152	94	0.343346
0.5152	95	0.335611
0.5152	96	0.346252
0.5152	97	0.354392
0.5152	98	0.344514
0.5152	99	0.350984
0.5152	100	0.350032
0.5152	101	0.344876
0.5152	102	0.355741
0.5152	103	0.343511
0.5152	104	0.345351
0.5152	105	0.359106
0.5152	106	0.343349
0.5152	107	0.333479
0.5152	108	0.363124
0.5152	110	0.334858
0.5248	10	0.402804
0.5248	11	0.434919
0.5248	12	0.388046
0.5248	13	0.397917
0.5248	14	0.371041
0.5248	15	0.389463
0.5248	16	0.371063
0.5248	17	0.355967
0.5248	18	0.394259
0.5248	19	0.374925
0.5248	20	0.402279
0.5248	21	0.367661
0.5248	22	0.365946
0.5248	23	0.384848
0.5248	24	0.403181
0.5248	25	0.334679
0.5248	26	0.362677
0.5248	27	0.354460
0.5248	28	0.367546
0.5248	29	0.392559
0.5248	30	0.384129
0.5248	31	0.398825
0.5248	32	0.395071
0.5248	33	0.362352
0.5248	34	0.379457
0.5248	35	0.358678
0.5248	36	0.378242
0.5248	37	0.356082
0.5248	38	0.369252
0.5248	39	0.371269
0.5248	40	0.363274
0.5248	41	0.359437
0.5248	42	0.349234
0.5248	43	0.373060
0.5248	44	0.361095
0.5248	45	0.379044
0.5248	46	0.374988
0.5248	47	0.367516
0.5248	48	0.355613
0.5248	49	0.350700
0.5248	50	0.373653
0.5248	51	0.381109
0.5248	52	0.367965
0.5248	53	0.358308
0.5248	54	0.336673
0.5248	55	0.351875
0.5248	56	0.367650
0.5248	57	0.349265
0.5248	58	0.357571
0.5248	59	0.349483
0.5248	60	0.348865
0.5248	61	0.348062
0.5248	62	0.361400
0.5248	63	0.347430
0.5248	64	0.355987
0.5248	65	0.359439
0.5248	66	0.366762
0.5248	67	0.347682
0.5248	68	0.361446
0.5248	69	0.348240
0.5248	70	0.367044
0.5248	71	0.331440
0.5248	72	0.354729
0.5248	73	0.366147
0.5248	74	0.347102
0.5248	75	0.356935
0.5248	76	0.346995
0.5248	77	0.356985
0.5248	78	0.373808
0.5248	79	0.348074
0.5248	80	0.350834
0.5248	81	0.347370
0.5248	82	0.346314
0.5248	83	0.347055
0.5248	84	0.355632
0.5248	85	0.344890
0.5248	86	0.346889
0.5248	87	0.342233
0.5248	88	0.341970
0.5248	89	0.334056
0.5248	90	0.337352
0.5248	91	0.357864
0.5248	92	0.356600
0.5248	93	0.352740
0.5248	94	0.357502
0.5248	95	0.357994
0.5248	96	0.338743
0.5248	97	0.339449
0.5248	98	0.345648
0.5248	99	0.351995
0.5248	100	0.363323
0.5248	101	0.355771
0.5248	102	0.347645
0.5248	103	0.361560
0.5248	104	0.357635
0.5248	105	0.352580
0.5248	106	0.352999
0.5248	107	0.361539
0.5248	108	0.346717
0.5248	110	0.341086
0.5345	10	0.476288
0.5345	11	0.395466
0.5345	12	0.390830
0.5345	13	0.440907
0.5345	14	0.373211
0.5345	15	0.373543
0.5345	16	0.392464
0.5345	17	0.377828
0.5345	18	0.371679
0.5345	19	0.372215
0.5345	20	0.383941
0.5345	21	0.427732
0.5345	22	0.367200
0.5345	23	0.369988
0.5345	24	0.355779
0.5345	25	0.381108
0.5345	26	0.442135
0.5345	27	0.385829
0.5345	28	0.365202
0.5345	29	0.358558
0.5345	30	0.368660
0.5345	31	0.371934
0.5345	32	0.374331
0.5345	33	0.360385
0.5345	34	0.367746
0.5345	35	0.371718
0.5345	36	0.389403
0.5345	37	0.420533
0.5345	38	0.370293
0.5345	39	0.360946
0.5345	40	0.381323
0.5345	41	0.356131
0.5345	42	0.356645
0.5345	43	0.377914
0.5345	44	0.355420
0.5345	45	0.348484
0.5345	46	0.352998
0.5345	47	0.343613
0.5345	48	0.385683
0.5345	49	0.351549
0.5345	50	0.354062
0.5345	51	0.366960
0.5345	52	0.339361
0.5345	53	0.354635
0.5345	54	0.360445
0.5345	55	0.359609
0.5345	56	0.365540
0.5345	57	0.368449
0.5345	58	0.345396
0.5345	59	0.345719
0.5345	60	0.348636
0.5345	61	0.355248
0.5345	62	0.369505
0.5345	63	0.343903
0.5345	64	0.355497
0.5345	65	0.353395
0.5345	66	0.355650
0.5345	67	0.341640
0.5345	68	0.350744
0.5345	69	0.346893
0.5345	70	0.346583
0.5345	71	0.381479
0.5345	72	0.376475
0.5345	73	0.356878
0.5345	74	0.341503
0.5345	75	0.358385
0.5345	76	0.350765
0.5345	77	0.355636
0.5345	78	0.353631
0.5345	79	0.323162
0.5345	80	0.360572
0.5345	81	0.360086
0.5345	82	0.350869
0.5345	83	0.357847
0.5345	84	0.340564
0.5345	85	0.354916
0.5345	86	0.349818
0.5345	87	0.351296
0.5345	88	0.351887
0.5345	89	0.365409
0.5345	90	0.354011
0.5345	91	0.344687
0.5345	92	0.353427
0.5345	93	0.354991
0.5345	94	0.365169
0.5345	95	0.356734
0.5345	96	0.383377
0.5345	97	0.371128
0.5345	98	0.337268
0.5345	99	0.348149
0.5345	100	0.353049
0.5345	101	0.349295
0.5345	102	0.361608
0.5345	103	0.340463
0.5345	104	0.362658
0.5345	105	0.359033
0.5345	106	0.356913
0.5345	107	0.342354
0.5345	108	0.350808
0.5345	110	0.346215
0.5442	10	0.447570
0.5442	11	0.333971
0.5442	12	0.460446
0.5442	13	0.387962
0.5442	14	0.383909
0.5442	15	0.415238
0.5442	16	0.354798
0.5442	17	0.364496
0.5442	18	0.401767
0.5442	19	0.377428
0.5442	20	0.380164
0.5442	21	0.390698
0.5442	22	0.363588
0.5442	23	0.374082
0.5442	24	0.414099
0.5442	25	0.420679
0.5442	26	0.377494
0.5442	27	0.348824
0.5442	28	0.339101
0.5442	29	0.404377
0.5442	30	0.361770
0.5442	31	0.335920
0.5442	32	0.368620
0.5442	33	0.391668
0.5442	34	0.380197
0.5442	35	0.351903
0.5442	36	0.353496
0.5442	37	0.371618
0.5442	38	0.378986
0.5442	39	0.355123
0.5442	40	0.368475
0.5442	41	0.372324
0.5442	42	0.377966
0.5442	43	0.331050
0.5442	44	0.353967
0.5442	45	0.347586
0.5442	46	0.358260
0.5442	47	0.343330
0.5442	48	0.410631
0.5442	49	0.345134
0.5442	50	0.350120
0.5442	51	0.332376
0.5442	52	0.346248
0.5442	53	0.349390
0.5442	54	0.355204
0.5442	55	0.356462
0.5442	56	0.349593
0.5442	57	0.355544
0.5442	58	0.374556
0.5442	59	0.338228
0.5442	60	0.344636
0.5442	61	0.381114
0.5442	62	0.351362
0.5442	63	0.360877
0.5442	64	0.341559
0.5442	65	0.372532
0.5442	66	0.338222
0.5442	67	0.343190
0.5442	68	0.378111
0.5442	69	0.381557
0.5442	70	0.354089
0.5442	71	0.347918
0.5442	72	0.354471
0.5442	73	0.342401
0.5442	74	0.343391
0.5442	75	0.327221
0.5442	76	0.334172
0.5442	77	0.343542
0.5442	78	0.356460
0.5442	79	0.333498
0.5442	80	0.360852
0.5442	81	0.334539
0.5442	82	0.357181
0.5442	83	0.343792
0.5442	84	0.358755
0.5442	85	0.363724
0.5442	86	0.349553
0.5442	87	0.378762
0.5442	88	0.361192
0.5442	89	0.344241
0.5442	90	0.353348
0.5442	91	0.343967
0.5442	92	0.356479
0.5442	93	0.358818
0.5442	94	0.357152
0.5442	95	0.344785
0.5442	96	0.331412
0.5442	97	0.356873
0.5442	98	0.350194
0.5442	99	0.346389
0.5442	100	0.359526
0.5442	101	0.335942
0.5442	102	0.342236
0.5442	103	0.347496
0.5442	104	0.330291
0.5442	105	0.331461
0.5442	106	0.342846
0.5442	107	0.330324
0.5442	108	0.333581
0.5442	110	0.342172
0.5539	10	0.473540
0.5539	11	0.373925
0.5539	12	0.412802
0.5539	13	0.395472
0.5539	14	0.385371
0.5539	15	0.425946
0.5539	16	0.430617
0.5539	17	0.406912
0.5539	18	0.356995
0.5539	19	0.388970
0.5539	20	0.363244
0.5539	21	0.380290
0.5539	22	0.405549
0.5539	23	0.414505
0.5539	24	0.372263
0.5539	25	0.424536
0.5539	26	0.351388
0.5539	27	0.383791
0.5539	28	0.377006
0.5539	29	0.361778
0.5539	30	0.401337
0.5539	31	0.368333
0.5539	32	0.357291
0.5539	33	0.359181
0.5539	34	0.348437
0.5539	35	0.350496
0.5539	36	0.372187
0.5539	37	0.393480
0.5539	38	0.382388
0.5539	39	0.346201
0.5539	40	0.369169
0.5539	41	0.335470
0.5539	42	0.365250
0.5539	43	0.357853
0.5539	44	0.351438
0.5539	45	0.392592
0.5539	46	0.354247
0.5539	47	0.341861
0.5539	48	0.363770
0.5539	49	0.348495
0.5539	50	0.353741
0.5539	51	0.354099
0.5539	52	0.349567
0.5539	53	0.344931
0.5539	54	0.355624
0.5539	55	0.389437
0.5539	56	0.344723
0.5539	57	0.345831
0.5539	58	0.356220
0.5539	59	0.376743
0.5539	60	0.372999
0.5539	61	0.374016
0.5539	62	0.369221
0.5539	63	0.350788
0.5539	64	0.346215
0.5539	65	0.351656
0.5539	66	0.339835
0.5539	67	0.355374
0.5539	68	0.367696
0.5539	69	0.360605
0.5539	70	0.349874
0.5539	71	0.347211
0.5539	72	0.350830
0.5539	73	0.357669
0.5539	74	0.359546
0.5539	75	0.341031
0.5539	76	0.346290
0.5539	77	0.352129
0.5539	78	0.352075
0.5539	79	0.343346
0.5539	80	0.350209
0.5539	81	0.347201
0.5539	82	0.361443
0.5539	83	0.348408
0.5539	84	0.358637
0.5539	85	0.358296
0.5539	86	0.359101
0.5539	87	0.365765
0.5539	88	0.347262
0.5539	89	0.382899
0.5539	90	0.358008
0.5539	91	0.356166
0.5539	92	0.354328
0.5539	93	0.363328
0.5539	94	0.356882
0.5539	95	0.356577
0.5539	96	0.364094
0.5539	97	0.360754
0.5539	98	0.372155
0.5539	99	0.350492
0.5539	100	0.358581
0.5539	101	0.356092
0.5539	102	0.339942
0.5539	103	0.350110
0.5539	104	0.344782
0.5539	105	0.337146
0.5539	106	0.338461
0.5539	107	0.331046
0.5539	108	0.333186
0.5539	110	0.357614
0.5636	10	0.438011
0.5636	11	0.377005
0.5636	12	0.425946
0.5636	13	0.384821
0.5636	14	0.406893
0.5636	15	0.411308
0.5636	16	0.385976
0.5636	17	0.379567
0.5636	18	0.407722
0.5636	19	0.412566
0.5636	20	0.392489
0.5636	21	0.380091
0.5636	22	0.383966
0.5636	23	0.392263
0.5636	24	0.372836
0.5636	25	0.403594
0.5636	26	0.376142
0.5636	27	0.375542
0.5636	28	0.360004
0.5636	29	0.351380
0.5636	30	0.356898
0.5636	31	0.335122
0.5636	32	0.359719
0.5636	33	0.361712
0.5636	34	0.356877
0.5636	35	0.348182
0.5636	36	0.352515
0.5636	37	0.356138
0.5636	38	0.362933
0.5636	39	0.395045
0.5636	40	0.369520
0.5636	41	0.359844
0.5636	42	0.366179
0.5636	43	0.368191
0.5636	44	0.363487
0.5636	45	0.353121
0.5636	46	0.364000
0.5636	47	0.355272
0.5636	48	0.358393
0.5636	49	0.344422
0.5636	50	0.352460
0.5636	51	0.374958
0.5636	52	0.356042
0.5636	53	0.345692
0.5636	54	0.362378
0.5636	55	0.361482
0.5636	56	0.362471
0.5636	57	0.361070
0.5636	58	0.351861
0.5636	59	0.385854
0.5636	60	0.356267
0.5636	61	0.360254
0.5636	62	0.350536
0.5636	63	0.356562
0.5636	64	0.339825
0.5636	65	0.366130
0.5636	66	0.361010
0.5636	67	0.357641
0.5636	68	0.357645
0.5636	69	0.355840
0.5636	70	0.381335
0.5636	71	0.341726
0.5636	72	0.348304
0.5636	73	0.339397
0.5636	74	0.338173
0.5636	75	0.356080
0.5636	76	0.367757
0.5636	77	0.360109
0.5636	78	0.353599
0.5636	79	0.362219
0.5636	80	0.370954
0.5636	81	0.372965
0.5636	82	0.349770
0.5636	83	0.355060
0.5636	84	0.357048
0.5636	85	0.351901
0.5636	86	0.367269
0.5636	87	0.358572
0.5636	88	0.356372
0.5636	89	0.343942
0.5636	90	0.358792
0.5636	91	0.356261
0.5636	92	0.360497
0.5636	93	0.364863
0.5636	94	0.380516
0.5636	95	0.348374
0.5636	96	0.340695
0.5636	97	0.349259
0.5636	98	0.355527
0.5636	99	0.354178
0.5636	100	0.358977
0.5636	101	0.360543
0.5636	102	0.356787
0.5636	103	0.345962
0.5636	104	0.353216
0.5636	105	0.354716
0.5636	106	0.351820
0.5636	107	0.359447
0.5636	108	0.355228
0.5636	110	0.353370
0.5733	10	0.434349
0.5733	11	0.393555
0.5733	12	0.416175
0.5733	13	0.399962
0.5733	14	0.381431
0.5733	15	0.426521
0.5733	16	0.389027
0.5733	17	0.394967
0.5733	18	0.403693
0.5733	19	0.387150
0.5733	20	0.366165
0.5733	21	0.372144
0.5733	22	0.397053
0.5733	23	0.347145
0.5733	24	0.372247
0.5733	25	0.368134
0.5733	26	0.373342
0.5733	27	0.381801
0.5733	28	0.336574
0.5733	29	0.354063
0.5733	30	0.355925
0.5733	31	0.369053
0.5733	32	0.360628
0.5733	33	0.368720
0.5733	34	0.368882
0.5733	35	0.387244
0.5733	36	0.362148
0.5733	37	0.390053
0.5733	38	0.367133
0.5733	39	0.343702
0.5733	40	0.356193
0.5733	41	0.350088
0.5733	42	0.376855
0.5733	43	0.346656
0.5733	44	0.352696
0.5733	45	0.357560
0.5733	46	0.365614
0.5733	47	0.370207
0.5733	48	0.361123
0.5733	49	0.362182
0.5733	50	0.352437
0.5733	51	0.357483
0.5733	52	0.344759
0.5733	53	0.350055
0.5733	54	0.371473
0.5733	55	0.351145
0.5733	56	0.355269
0.5733	57	0.363241
0.5733	58	0.378597
0.5733	59	0.333790
0.5733	60	0.356118
0.5733	61	0.361815
0.5733	62	0.354649
0.5733	63	0.335019
0.5733	64	0.369962
0.5733	65	0.358332
0.5733	66	0.359817
0.5733	67	0.357266
0.5733	68	0.360202
0.5733	69	0.357252
0.5733	70	0.348535
0.5733	71	0.349689
0.5733	72	0.358033
0.5733	73	0.344027
0.5733	74	0.344904
0.5733	75	0.354690
0.5733	76	0.337626
0.5733	77	0.352123
0.5733	78	0.346970
0.5733	79	0.348993
0.5733	80	0.336294
0.5733	81	0.377491
0.5733	82	0.355024
0.5733	83	0.359104
0.5733	84	0.345091
0.5733	85	0.348381
0.5733	86	0.347504
0.5733	87	0.358763
0.5733	88	0.360313
0.5733	89	0.337207
0.5733	90	0.354270
0.5733	91	0.364435
0.5733	92	0.353661
0.5733	93	0.347290
0.5733	94	0.346056
0.5733	95	0.359134
0.5733	96	0.329438
0.5733	97	0.354169
0.5733	98	0.354484
0.5733	99	0.351009
0.5733	100	0.351887
0.5733	101	0.354500
0.5733	102	0.359092
0.5733	103	0.355746
0.5733	104	0.341577
0.5733	105	0.358270
0.5733	106	0.364001
0.5733	107	0.368337
0.5733	108	0.349011
0.5733	110	0.359396
0.5830	10	0.422726
0.5830	11	0.394039
0.5830	12	0.405248
0.5830	13	0.384270
0.5830	14	0.353429
0.5830	15	0.374899
0.5830	16	0.411059
0.5830	17	0.374540
0.5830	18	0.379960
0.5830	19	0.459263
0.5830	20	0.345452
0.5830	21	0.375817
0.5830	22	0.351031
0.5830	23	0.367146
0.5830	24	0.367965
0.5830	25	0.393419
0.5830	26	0.357642
0.5830	27	0.368684
0.5830	28	0.335934
0.5830	29	0.415214
0.5830	30	0.372905
0.5830	31	0.331471
0.5830	32	0.357859
0.5830	33	0.360895
0.5830	34	0.355752
0.5830	35	0.363807
0.5830	36	0.339280
0.5830	37	0.416169
0.5830	38	0.354866
0.5830	39	0.378707
0.5830	40	0.378959
0.5830	41	0.364981
0.5830	42	0.351498
0.5830	43	0.357445
0.5830	44	0.366368
0.5830	45	0.359358
0.5830	46	0.372002
0.5830	47	0.352506
0.5830	48	0.363183
0.5830	49	0.348026
0.5830	50	0.360701
0.5830	51	0.358148
0.5830	52	0.353230
0.5830	53	0.345148
0.5830	54	0.357015
0.5830	55	0.386017
0.5830	56	0.331263
0.5830	57	0.345147
0.5830	58	0.360920
0.5830	59	0.347502
0.5830	60	0.340539
0.5830	61	0.342943
0.5830	62	0.359516
0.5830	63	0.347198
0.5830	64	0.354091
0.5830	65	0.349731
0.5830	66	0.348452
0.5830	67	0.334667
0.5830	68	0.338484
0.5830	69	0.355205
0.5830	70	0.352987
0.5830	71	0.365258
0.5830	72	0.354961
0.5830	73	0.360793
0.5830	74	0.342991
0.5830	75	0.347386
0.5830	76	0.342415
0.5830	77	0.354648
0.5830	78	0.368932
0.5830	79	0.359337
0.5830	80	0.340607
0.5830	81	0.350138
0.5830	82	0.352296
0.5830	83	0.355011
0.5830	84	0.321286
0.5830	85	0.341467
0.5830	86	0.342242
0.5830	87	0.356701
0.5830	88	0.351720
0.5830	89	0.362974
0.5830	90	0.348325
0.5830	91	0.372194
0.5830	92	0.352063
0.5830	93	0.371058
0.5830	94	0.364872
0.5830	95	0.371862
0.5830	96	0.366313
0.5830	97	0.361688
0.5830	98	0.332010
0.5830	99	0.354278
0.5830	100	0.357130
0.5830	101	0.349917
0.5830	102	0.349413
0.5830	103	0.336365
0.5830	104	0.350515
0.5830	105	0.340531
0.5830	106	0.354484
0.5830	107	0.344188
0.5830	108	0.349052
0.5830	110	0.346049
0.5927	10	0.409018
0.5927	11	0.434834
0.5927	12	0.396949
0.5927	13	0.364981
0.5927	14	0.469623
0.5927	15	0.358928
0.5927	16	0.355707
0.5927	17	0.402489
0.5927	18	0.361517
0.5927	19	0.381104
0.5927	20	0.377468
0.5927	21	0.351132
0.5927	22	0.371835
0.5927	23	0.371176
0.5927	24	0.356563
0.5927	25	0.376753
0.5927	26	0.374608
0.5927	27	0.405237
0.5927	28	0.353635
0.5927	29	0.395465
0.5927	30	0.345598
0.5927	31	0.370315
0.5927	32	0.384107
0.5927	33	0.376043
0.5927	34	0.371481
0.5927	35	0.391588
0.5927	36	0.400015
0.5927	37	0.335214
0.5927	38	0.365690
0.5927	39	0.371689
0.5927	40	0.358353
0.5927	41	0.341240
0.5927	42	0.379188
0.5927	43	0.360251
0.5927	44	0.381013
0.5927	45	0.353869
0.5927	46	0.361097
0.5927	47	0.347865
0.5927	48	0.346708
0.5927	49	0.354143
0.5927	50	0.341721
0.5927	51	0.371972
0.5927	52	0.362477
0.5927	53	0.366085
0.5927	54	0.339125
0.5927	55	0.349789
0.5927	56	0.365875
0.5927	57	0.357233
0.5927	58	0.350621
0.5927	59	0.343558
0.5927	60	0.340499
0.5927	61	0.339375
0.5927	62	0.333381
0.5927	63	0.344508
0.5927	64	0.357817
0.5927	65	0.354298
0.5927	66	0.346928
0.5927	67	0.354175
0.5927	68	0.349724
0.5927	69	0.357820
0.5927	70	0.347630
0.5927	71	0.364722
0.5927	72	0.346755
0.5927	73	0.348653
0.5927	74	0.346016
0.5927	75	0.350539
0.5927	76	0.340812
0.5927	77	0.349935
0.5927	78	0.359632
0.5927	79	0.353448
0.5927	80	0.342558
0.5927	81	0.339879
0.5927	82	0.359571
0.5927	83	0.349335
0.5927	84	0.354524
0.5927	85	0.346941
0.5927	86	0.338217
0.5927	87	0.355331
0.5927	88	0.346059
0.5927	89	0.335463
0.5927	90	0.341462
0.5927	91	0.352685
0.5927	92	0.352738
0.5927	93	0.363116
0.5927	94	0.357970
0.5927	95	0.359348
0.5927	96	0.350044
0.5927	97	0.355381
0.5927	98	0.363805
0.5927	99	0.349608
0.5927	100	0.354174
0.5927	101	0.347100
0.5927	102	0.358372
0.5927	103	0.329694
0.5927	104	0.345881
0.5927	105	0.343239
0.5927	106	0.354142
0.5927	107	0.343875
0.5927	108	0.350987
0.5927	110	0.347926
0.6024	10	0.366709
0.6024	11	0.415843
0.6024	12	0.418107
0.6024	13	0.366219
0.6024	14	0.353875
0.6024	15	0.392444
0.6024	16	0.387842
0.6024	17	0.361911
0.6024	18	0.347231
0.6024	19	0.424379
0.6024	20	0.345632
0.6024	21	0.372082
0.6024	22	0.340119
0.6024	23	0.351565
0.6024	24	0.363859
0.6024	25	0.358115
0.6024	26	0.379812
0.6024	27	0.366596
0.6024	28	0.360286
0.6024	29	0.346481
0.6024	30	0.360508
0.6024	31	0.363857
0.6024	32	0.357277
0.6024	33	0.394229
0.6024	34	0.358822
0.6024	35	0.363370
0.6024	36	0.363331
0.6024	37	0.383879
0.6024	38	0.365646
0.6024	39	0.362928
0.6024	40	0.338882
0.6024	41	0.368806
0.6024	42	0.343815
0.6024	43	0.377485
0.6024	44	0.340840
0.6024	45	0.374563
0.6024	46	0.362445
0.6024	47	0.347057
0.6024	48	0.348633
0.6024	49	0.351858
0.6024	50	0.347940
0.6024	51	0.356547
0.6024	52	0.381549
0.6024	53	0.356373
0.6024	54	0.362451
0.6024	55	0.336149
0.6024	56	0.350499
0.6024	57	0.368676
0.6024	58	0.355864
0.6024	59	0.346645
0.6024	60	0.371659
0.6024	61	0.355306
0.6024	62	0.369712
0.6024	63	0.348526
0.6024	64	0.355906
0.6024	65	0.357542
0.6024	66	0.354500
0.6024	67	0.337150
0.6024	68	0.342015
0.6024	69	0.341665
0.6024	70	0.348778
0.6024	71	0.341273
0.6024	72	0.372240
0.6024	73	0.344113
0.6024	74	0.365713
0.6024	75	0.345749
0.6024	76	0.356077
0.6024	77	0.373924
0.6024	78	0.365956
0.6024	79	0.356693
0.6024	80	0.359164
0.6024	81	0.352399
0.6024	82	0.349681
0.6024	83	0.347192
0.6024	84	0.350762
0.6024	85	0.350250
0.6024	86	0.355120
0.6024	87	0.352297
0.6024	88	0.351079
0.6024	89	0.365639
0.6024	90	0.361471
0.6024	91	0.351817
0.6024	92	0.350574
0.6024	93	0.350122
0.6024	94	0.353298
0.6024	95	0.359486
0.6024	96	0.340205
0.6024	97	0.338569
0.6024	98	0.320642
0.6024	99	0.364408
0.6024	100	0.354996
0.6024	101	0.332601
0.6024	102	0.351637
0.6024	103	0.359259
0.6024	104	0.361748
0.6024	105	0.369861
0.6024	106	0.377868
0.6024	107	0.346154
0.6024	108	0.333783
0.6024	110	0.346561
0.6121	10	0.406775
0.6121	11	0.387910
0.6121	12	0.406707
0.6121	13	0.350966
0.6121	14	0.385423
0.6121	15	0.371981
0.6121	16	0.352167
0.6121	17	0.348933
0.6121	18	0.347920
0.6121	19	0.347081
0.6121	20	0.409274
0.6121	21	0.358317
0.6121	22	0.364378
0.6121	23	0.366091
0.6121	24	0.387793
0.6121	25	0.371980
0.6121	26	0.376653
0.6121	27	0.393004
0.6121	28	0.337696
0.6121	29	0.381268
0.6121	30	0.381657
0.6121	31	0.355006
0.6121	32	0.371468
0.6121	33	0.385384
0.6121	34	0.370666
0.6121	35	0.349027
0.6121	36	0.366087
0.6121	37	0.357100
0.6121	38	0.358390
0.6121	39	0.353668
0.6121	40	0.348950
0.6121	41	0.347115
0.6121	42	0.336172
0.6121	43	0.358644
0.6121	44	0.373388
0.6121	45	0.350464
0.6121	46	0.357217
0.6121	47	0.357402
0.6121	48	0.358716
0.6121	49	0.373717
0.6121	50	0.354450
0.6121	51	0.360394
0.6121	52	0.331592
0.6121	53	0.352477
0.6121	54	0.361369
0.6121	55	0.329968
0.6121	56	0.346922
0.6121	57	0.340232
0.6121	58	0.348763
0.6121	59	0.353076
0.6121	60	0.356319
0.6121	61	0.339949
0.6121	62	0.347928
0.6121	63	0.340093
0.6121	64	0.345306
0.6121	65	0.363405
0.6121	66	0.370776
0.6121	67	0.379517
0.6121	68	0.355841
0.6121	69	0.333761
0.6121	70	0.352925
0.6121	71	0.339292
0.6121	72	0.342405
0.6121	73	0.378845
0.6121	74	0.357221
0.6121	75	0.348616
0.6121	76	0.347489
0.6121	77	0.346222
0.6121	78	0.347989
0.6121	79	0.347468
0.6121	80	0.335945
0.6121	81	0.344061
0.6121	82	0.335144
0.6121	83	0.340361
0.6121	84	0.378017
0.6121	85	0.341204
0.6121	86	0.339306
0.6121	87	0.351653
0.6121	88	0.351999
0.6121	89	0.359076
0.6121	90	0.338896
0.6121	91	0.353482
0.6121	92	0.349024
0.6121	93	0.350437
0.6121	94	0.342792
0.6121	95	0.345625
0.6121	96	0.348166
0.6121	97	0.336748
0.6121	98	0.350771
0.6121	99	0.366952
0.6121	100	0.360783
0.6121	101	0.351550
0.6121	102	0.351987
0.6121	103	0.350082
0.6121	104	0.352829
0.6121	105	0.350042
0.6121	106	0.341026
0.6121	107	0.345918
0.6121	108	0.343721
0.6121	110	0.345604
0.6218	10	0.452381
0.6218	11	0.354447
0.6218	12	0.376567
0.6218	13	0.399265
0.6218	14	0.451282
0.6218	15	0.356507
0.6218	16	0.367439
0.6218	17	0.354111
0.6218	18	0.385230
0.6218	19	0.373465
0.6218	20	0.348552
0.6218	21	0.417506
0.6218	22	0.355196
0.6218	23	0.354629
0.6218	24	0.367322
0.6218	25	0.351484
0.6218	26	0.354979
0.6218	27	0.375830
0.6218	28	0.373723
0.6218	29	0.343334
0.6218	30	0.392014
0.6218	31	0.340684
0.6218	32	0.355783
0.6218	33	0.389524
0.6218	34	0.371230
0.6218	35	0.360476
0.6218	36	0.358618
0.6218	37	0.357525
0.6218	38	0.360160
0.6218	39	0.374370
0.6218	40	0.349666
0.6218	41	0.366207
0.6218	42	0.333247
0.6218	43	0.351452
0.6218	44	0.355321
0.6218	45	0.358603
0.6218	46	0.347317
0.6218	47	0.365361
0.6218	48	0.357422
0.6218	49	0.352598
0.6218	50	0.345134
0.6218	51	0.337576
0.6218	52	0.349116
0.6218	53	0.349094
0.6218	54	0.352205
0.6218	55	0.347256
0.6218	56	0.367071
0.6218	57	0.355795
0.6218	58	0.354088
0.6218	59	0.340127
0.6218	60	0.349603
0.6218	61	0.348292
0.6218	62	0.352443
0.6218	63	0.380720
0.6218	64	0.364556
0.6218	65	0.352411
0.6218	66	0.355683
0.6218	67	0.367798
0.6218	68	0.352988
0.6218	69	0.342151
0.6218	70	0.342124
0.6218	71	0.341726
0.6218	72	0.338848
0.6218	73	0.337761
0.6218	74	0.360908
0.6218	75	0.347359
0.6218	76	0.348141
0.6218	77	0.366618
0.6218	78	0.362277
0.6218	79	0.349595
0.6218	80	0.345836
0.6218	81	0.353488
0.6218	82	0.330247
0.6218	83	0.342389
0.6218	84	0.360526
0.6218	85	0.371710
0.6218	86	0.352783
0.6218	87	0.354085
0.6218	88	0.343594
0.6218	89	0.347910
0.6218	90	0.333677
0.6218	91	0.340645
0.6218	92	0.356229
0.6218	93	0.339845
0.6218	94	0.338909
0.6218	95	0.338131
0.6218	96	0.342152
0.6218	97	0.342105
0.6218	98	0.356062
0.6218	99	0.364766
0.6218	100	0.366262
0.6218	101	0.366278
0.6218	102	0.351597
0.6218	103	0.357682
0.6218	104	0.341327
0.6218	105	0.345685
0.6218	106	0.348627
0.6218	107	0.341298
0.6218	108	0.322908
0.6218	110	0.347927
0.6315	10	0.418967
0.6315	11	0.398186
0.6315	12	0.386327
0.6315	13	0.400253
0.6315	14	0.374175
0.6315	15	0.357467
0.6315	16	0.380921
0.6315	17	0.387287
0.6315	18	0.370033
0.6315	19	0.374412
0.6315	20	0.378682
0.6315	21	0.391227
0.6315	22	0.378949
0.6315	23	0.354983
0.6315	24	0.357278
0.6315	25	0.362900
0.6315	26	0.377499
0.6315	27	0.354658
0.6315	28	0.346713
0.6315	29	0.355841
0.6315	30	0.365028
0.6315	31	0.361748
0.6315	32	0.375878
0.6315	33	0.357157
0.6315	34	0.367212
0.6315	35	0.356381
0.6315	36	0.346377
0.6315	37	0.353717
0.6315	38	0.349113
0.6315	39	0.335893
0.6315	40	0.378797
0.6315	41	0.365705
0.6315	42	0.354109
0.6315	43	0.362605
0.6315	44	0.341746
0.6315	45	0.360085
0.6315	46	0.357383
0.6315	47	0.366161
0.6315	48	0.351429
0.6315	49	0.372466
0.6315	50	0.356268
0.6315	51	0.330844
0.6315	52	0.378481
0.6315	53	0.354654
0.6315	54	0.365537
0.6315	55	0.373376
0.6315	56	0.363742
0.6315	57	0.369012
0.6315	58	0.353375
0.6315	59	0.345981
0.6315	60	0.376478
0.6315	61	0.353232
0.6315	62	0.345587
0.6315	63	0.361157
0.6315	64	0.335906
0.6315	65	0.360673
0.6315	66	0.359032
0.6315	67	0.366232
0.6315	68	0.337963
0.6315	69	0.350605
0.6315	70	0.365344
0.6315	71	0.360889
0.6315	72	0.346464
0.6315	73	0.360125
0.6315	74	0.354815
0.6315	75	0.338151
0.6315	76	0.345488
0.6315	77	0.362520
0.6315	78	0.377948
0.6315	79	0.352701
0.6315	80	0.347950
0.6315	81	0.354391
0.6315	82	0.352174
0.6315	83	0.355619
0.6315	84	0.357445
0.6315	85	0.336021
0.6315	86	0.349525
0.6315	87	0.361739
0.6315	88	0.359180
0.6315	89	0.353579
0.6315	90	0.345333
0.6315	91	0.353216
0.6315	92	0.358378
0.6315	93	0.348411
0.6315	94	0.353420
0.6315	95	0.346781
0.6315	96	0.349783
0.6315	97	0.355064
0.6315	98	0.332822
0.6315	99	0.359999
0.6315	100	0.353408
0.6315	101	0.344597
0.6315	102	0.333296
0.6315	103	0.354724
0.6315	104	0.351111
0.6315	105	0.343226
0.6315	106	0.348248
0.6315	107	0.334507
0.6315	108	0.346436
0.6315	110	0.361976
0.6412	10	0.413156
0.6412	11	0.359902
0.6412	12	0.376879
0.6412	13	0.343930
0.6412	14	0.358553
0.6412	15	0.410324
0.6412	16	0.437867
0.6412	17	0.378668
0.6412	18	0.401858
0.6412	19	0.364320
0.6412	20	0.385060
0.6412	21	0.333307
0.6412	22	0.434652
0.6412	23	0.361783
0.6412	24	0.373868
0.6412	25	0.358187
0.6412	26	0.357913
0.6412	27	0.362937
0.6412	28	0.346545
0.6412	29	0.377406
0.6412	30	0.376120
0.6412	31	0.358169
0.6412	32	0.347686
0.6412	33	0.368151
0.6412	34	0.357408
0.6412	35	0.363886
0.6412	36	0.347037
0.6412	37	0.333111
0.6412	38	0.350478
0.6412	39	0.349418
0.6412	40	0.356213
0.6412	41	0.341820
0.6412	42	0.346087
0.6412	43	0.350006
0.6412	44	0.349854
0.6412	45	0.358501
0.6412	46	0.337033
0.6412	47	0.355148
0.6412	48	0.345757
0.6412	49	0.366199
0.6412	50	0.356696
0.6412	51	0.358324
0.6412	52	0.353136
0.6412	53	0.356459
0.6412	54	0.347938
0.6412	55	0.367113
0.6412	56	0.329654
0.6412	57	0.339514
0.6412	58	0.339482
0.6412	59	0.370354
0.6412	60	0.350993
0.6412	61	0.362364
0.6412	62	0.350565
0.6412	63	0.354360
0.6412	64	0.344199
0.6412	65	0.342845
0.6412	66	0.323519
0.6412	67	0.340818
0.6412	68	0.369971
0.6412	69	0.344317
0.6412	70	0.357041
0.6412	71	0.362340
0.6412	72	0.349107
0.6412	73	0.358354
0.6412	74	0.373702
0.6412	75	0.390597
0.6412	76	0.359971
0.6412	77	0.359363
0.6412	78	0.342019
0.6412	79	0.356670
0.6412	80	0.349018
0.6412	81	0.342274
0.6412	82	0.351645
0.6412	83	0.338026
0.6412	84	0.332989
0.6412	85	0.344355
0.6412	86	0.355166
0.6412	87	0.341709
0.6412	88	0.382168
0.6412	89	0.345319
0.6412	90	0.358260
0.6412	91	0.357429
0.6412	92	0.334778
0.6412	93	0.349788
0.6412	94	0.346265
0.6412	95	0.347449
0.6412	96	0.345807
0.6412	97	0.331033
0.6412	98	0.361568
0.6412	99	0.357251
0.6412	100	0.368588
0.6412	101	0.364111
0.6412	102	0.348037
0.6412	103	0.353668
0.6412	104	0.342571
0.6412	105	0.353576
0.6412	106	0.356697
0.6412	107	0.364140
0.6412	108	0.354239
0.6412	110	0.350058
0.6509	10	0.338372
0.6509	11	0.408005
0.6509	12	0.384088
0.6509	13	0.388327
0.6509	14	0.384802
0.6509	15	0.332227
0.6509	16	0.391632
0.6509	17	0.403067
0.6509	18	0.356762
0.6509	19	0.374574
0.6509	20	0.355831
0.6509	21	0.343051
0.6509	22	0.359532
0.6509	23	0.358437
0.6509	24	0.343449
0.6509	25	0.367079
0.6509	26	0.371720
0.6509	27	0.346043
0.6509	28	0.360348
0.6509	29	0.334145
0.6509	30	0.390833
0.6509	31	0.343220
0.6509	32	0.356239
0.6509	33	0.346275
0.6509	34	0.363289
0.6509	35	0.376658
0.6509	36	0.365447
0.6509	37	0.343300
0.6509	38	0.348042
0.6509	39	0.331617
0.6509	40	0.346819
0.6509	41	0.357220
0.6509	42	0.357855
0.6509	43	0.357764
0.6509	44	0.346142
0.6509	45	0.352816
0.6509	46	0.354118
0.6509	47	0.341370
0.6509	48	0.360071
0.6509	49	0.347077
0.6509	50	0.357524
0.6509	51	0.357173
0.6509	52	0.358710
0.6509	53	0.358033
0.6509	54	0.348489
0.6509	55	0.354057
0.6509	56	0.348493
0.6509	57	0.356874
0.6509	58	0.355368
0.6509	59	0.357570
0.6509	60	0.344805
0.6509	61	0.347806
0.6509	62	0.313178
0.6509	63	0.351569
0.6509	64	0.343679
0.6509	65	0.354539
0.6509	66	0.361695
0.6509	67	0.365669
0.6509	68	0.355932
0.6509	69	0.368711
0.6509	70	0.354994
0.6509	71	0.370724
0.6509	72	0.346637
0.6509	73	0.344954
0.6509	74	0.377555
0.6509	75	0.360388
0.6509	76	0.345981
0.6509	77	0.340320
0.6509	78	0.337757
0.6509	79	0.344887
0.6509	80	0.368861
0.6509	81	0.343647
0.6509	82	0.358231
0.6509	83	0.343715
0.6509	84	0.350968
0.6509	85	0.344870
0.6509	86	0.353237
0.6509	87	0.350640
0.6509	88	0.348918
0.6509	89	0.352582
0.6509	90	0.370459
0.6509	91	0.355688
0.6509	92	0.368769
0.6509	93	0.356262
0.6509	94	0.361291
0.6509	95	0.347362
0.6509	96	0.368901
0.6509	97	0.346467
0.6509	98	0.333095
0.6509	99	0.334381
0.6509	100	0.350366
0.6509	101	0.351586
0.6509	102	0.331218
0.6509	103	0.337737
0.6509	104	0.337171
0.6509	105	0.338571
0.6509	106	0.342894
0.6509	107	0.343355
0.6509	108	0.366258
0.6509	110	0.368944
0.6606	10	0.359959
0.6606	11	0.371685
0.6606	12	0.359059
0.6606	13	0.357278
0.6606	14	0.365388
0.6606	15	0.332140
0.6606	16	0.358746
0.6606	17	0.354608
0.6606	18	0.371615
0.6606	19	0.365396
0.6606	20	0.388618
0.6606	21	0.358567
0.6606	22	0.331613
0.6606	23	0.360801
0.6606	24	0.357791
0.6606	25	0.363309
0.6606	26	0.352383
0.6606	27	0.364387
0.6606	28	0.389739
0.6606	29	0.361160
0.6606	30	0.365193
0.6606	31	0.336370
0.6606	32	0.334285
0.6606	33	0.362816
0.6606	34	0.375820
0.6606	35	0.345580
0.6606	36	0.379656
0.6606	37	0.330053
0.6606	38	0.352393
0.6606	39	0.334728
0.6606	40	0.363826
0.6606	41	0.344966
0.6606	42	0.348608
0.6606	43	0.370799
0.6606	44	0.348332
0.6606	45	0.339427
0.6606	46	0.355774
0.6606	47	0.366113
0.6606	48	0.370611
0.6606	49	0.348511
0.6606	50	0.350805
0.6606	51	0.369509
0.6606	52	0.374049
0.6606	53	0.380116
0.6606	54	0.350849
0.6606	55	0.355917
0.6606	56	0.360281
0.6606	57	0.341758
0.6606	58	0.339379
0.6606	59	0.350170
0.6606	60	0.347874
0.6606	61	0.364741
0.6606	62	0.346783
0.6606	63	0.344937
0.6606	64	0.338532
0.6606	65	0.355474
0.6606	66	0.368692
0.6606	67	0.373976
0.6606	68	0.348384
0.6606	69	0.360286
0.6606	70	0.349477
0.6606	71	0.350091
0.6606	72	0.344575
0.6606	73	0.350329
0.6606	74	0.358636
0.6606	75	0.372478
0.6606	76	0.356035
0.6606	77	0.352917
0.6606	78	0.361935
0.6606	79	0.389389
0.6606	80	0.360485
0.6606	81	0.367150
0.6606	82	0.373493
0.6606	83	0.340955
0.6606	84	0.359243
0.6606	85	0.350443
0.6606	86	0.359082
0.6606	87	0.356317
0.6606	88	0.341986
0.6606	89	0.353561
0.6606	90	0.355779
0.6606	91	0.345454
0.6606	92	0.371637
0.6606	93	0.361764
0.6606	94	0.370336
0.6606	95	0.366613
0.6606	96	0.358679
0.6606	97	0.350603
0.6606	98	0.351309
0.6606	99	0.336695
0.6606	100	0.337124
0.6606	101	0.355283
0.6606	102	0.345165
0.6606	103	0.350899
0.6606	104	0.351525
0.6606	105	0.359160
0.6606	106	0.360671
0.6606	107	0.365754
0.6606	108	0.345421
0.6606	110	0.360807
0.6703	10	0.372618
0.6703	11	0.460016
0.6703	12	0.395984
0.6703	13	0.355361
0.6703	14	0.375607
0.6703	15	0.476172
0.6703	16	0.413151
0.6703	17	0.389294
0.6703	18	0.384922
0.6703	19	0.411930
0.6703	20	0.373646
0.6703	21	0.346351
0.6703	22	0.397585
0.6703	23	0.381728
0.6703	24	0.333023
0.6703	25	0.386961
0.6703	26	0.374211
0.6703	27	0.414227
0.6703	28	0.363364
0.6703	29	0.339756
0.6703	30	0.339769
0.6703	31	0.357227
0.6703	32	0.360927
0.6703	33	0.352819
0.6703	34	0.376568
0.6703	35	0.364197
0.6703	36	0.353287
0.6703	37	0.360173
0.6703	38	0.344580
0.6703	39	0.354228
0.6703	40	0.345977
0.6703	41	0.377521
0.6703	42	0.363239
0.6703	43	0.352895
0.6703	44	0.348675
0.6703	45	0.365349
0.6703	46	0.350126
0.6703	47	0.350489
0.6703	48	0.348418
0.6703	49	0.340859
0.6703	50	0.357912
0.6703	51	0.360507
0.6703	52	0.376278
0.6703	53	0.359753
0.6703	54	0.353222
0.6703	55	0.356543
0.6703	56	0.369854
0.6703	57	0.365699
0.6703	58	0.358683
0.6703	59	0.354779
0.6703	60	0.340253
0.6703	61	0.339663
0.6703	62	0.344219
0.6703	63	0.362783
0.6703	64	0.331178
0.6703	65	0.338662
0.6703	66	0.337424
0.6703	67	0.343261
0.6703	68	0.335957
0.6703	69	0.338109
0.6703	70	0.349719
0.6703	71	0.331046
0.6703	72	0.340584
0.6703	73	0.341878
0.6703	74	0.356764
0.6703	75	0.352779
0.6703	76	0.347082
0.6703	77	0.363784
0.6703	78	0.346520
0.6703	79	0.343097
0.6703	80	0.349271
0.6703	81	0.352756
0.6703	82	0.346316
0.6703	83	0.340488
0.6703	84	0.367733
0.6703	85	0.349948
0.6703	86	0.362982
0.6703	87	0.354941
0.6703	88	0.350874
0.6703	89	0.347204
0.6703	90	0.333552
0.6703	91	0.342972
0.6703	92	0.348656
0.6703	93	0.345545
0.6703	94	0.347247
0.6703	95	0.348335
0.6703	96	0.342537
0.6703	97	0.346980
0.6703	98	0.342047
0.6703	99	0.338534
0.6703	100	0.336081
0.6703	101	0.366735
0.6703	102	0.350172
0.6703	103	0.340477
0.6703	104	0.355820
0.6703	105	0.348897
0.6703	106	0.335330
0.6703	107	0.363059
0.6703	108	0.345625
0.6703	110	0.338688
0.6800	10	0.378977
0.6800	11	0.409128
0.6800	12	0.401071
0.6800	13	0.372495
0.6800	14	0.382096
0.6800	15	0.367284
0.6800	16	0.372340
0.6800	17	0.379920
0.6800	18	0.372797
0.6800	19	0.348131
0.6800	20	0.346458
0.6800	21	0.360480
0.6800	22	0.404586
0.6800	23	0.378392
0.6800	24	0.388977
0.6800	25	0.387239
0.6800	26	0.391378
0.6800	27	0.385683
0.6800	28	0.358810
0.6800	29	0.378039
0.6800	30	0.356002
0.6800	31	0.346607
0.6800	32	0.331549
0.6800	33	0.353480
0.6800	34	0.343108
0.6800	35	0.345050
0.6800	36	0.352804
0.6800	37	0.357846
0.6800	38	0.352395
0.6800	39	0.333718
0.6800	40	0.352041
0.6800	41	0.345604
0.6800	42	0.338054
0.6800	43	0.359529
0.6800	44	0.367592
0.6800	45	0.341465
0.6800	46	0.357775
0.6800	47	0.377375
0.6800	48	0.376234
0.6800	49	0.355483
0.6800	50	0.363704
0.6800	51	0.344478
0.6800	52	0.359099
0.6800	53	0.336826
0.6800	54	0.320346
0.6800	55	0.351438
0.6800	56	0.356930
0.6800	57	0.369544
0.6800	58	0.360796
0.6800	59	0.335684
0.6800	60	0.335164
0.6800	61	0.352936
0.6800	62	0.364195
0.6800	63	0.358460
0.6800	64	0.360007
0.6800	65	0.366919
0.6800	66	0.370248
0.6800	67	0.345231
0.6800	68	0.355906
0.6800	69	0.359783
0.6800	70	0.353796
0.6800	71	0.371442
0.6800	72	0.353397
0.6800	73	0.370420
0.6800	74	0.353283
0.6800	75	0.358122
0.6800	76	0.347386
0.6800	77	0.336694
0.6800	78	0.337955
0.6800	79	0.349189
0.6800	80	0.358332
0.6800	81	0.334593
0.6800	82	0.342820
0.6800	83	0.345636
0.6800	84	0.342640
0.6800	85	0.347121
0.6800	86	0.344561
0.6800	87	0.335797
0.6800	88	0.330316
0.6800	89	0.344823
0.6800	90	0.357733
0.6800	91	0.351457
0.6800	92	0.356527
0.6800	93	0.351214
0.6800	94	0.354098
0.6800	95	0.349878
0.6800	96	0.342663
0.6800	97	0.349305
0.6800	98	0.359214
0.6800	99	0.343405
0.6800	100	0.339707
0.6800	101	0.358146
0.6800	102	0.356674
0.6800	103	0.356435
0.6800	104	0.362166
0.6800	105	0.355802
0.6800	106	0.356443
0.6800	107	0.355398
0.6800	108	0.354484
0.6800	110	0.333481
0.6897	10	0.380294
0.6897	11	0.366345
0.6897	12	0.354311
0.6897	13	0.374017
0.6897	14	0.371914
0.6897	15	0.359412
0.6897	16	0.370791
0.6897	17	0.379278
0.6897	18	0.398274
0.6897	19	0.361484
0.6897	20	0.369899
0.6897	21	0.367101
0.6897	22	0.374841
0.6897	23	0.354955
0.6897	24	0.362655
0.6897	25	0.352116
0.6897	26	0.359503
0.6897	27	0.399697
0.6897	28	0.355265
0.6897	29	0.362111
0.6897	30	0.356179
0.6897	31	0.353636
0.6897	32	0.350544
0.6897	33	0.372178
0.6897	34	0.360294
0.6897	35	0.347935
0.6897	36	0.346930
0.6897	37	0.370403
0.6897	38	0.343412
0.6897	39	0.358848
0.6897	40	0.351332
0.6897	41	0.355884
0.6897	42	0.363773
0.6897	43	0.345867
0.6897	44	0.357665
0.6897	45	0.349189
0.6897	46	0.380185
0.6897	47	0.344325
0.6897	48	0.338343
0.6897	49	0.353308
0.6897	50	0.338172
0.6897	51	0.334472
0.6897	52	0.375313
0.6897	53	0.340886
0.6897	54	0.363582
0.6897	55	0.339923
0.6897	56	0.354157
0.6897	57	0.362886
0.6897	58	0.380362
0.6897	59	0.349758
0.6897	60	0.351763
0.6897	61	0.348839
0.6897	62	0.351978
0.6897	63	0.360823
0.6897	64	0.342572
0.6897	65	0.347116
0.6897	66	0.338562
0.6897	67	0.359894
0.6897	68	0.351612
0.6897	69	0.360234
0.6897	70	0.350390
0.6897	71	0.328299
0.6897	72	0.336289
0.6897	73	0.339888
0.6897	74	0.354929
0.6897	75	0.355282
0.6897	76	0.353311
0.6897	77	0.343215
0.6897	78	0.345553
0.6897	79	0.350619
0.6897	80	0.353033
0.6897	81	0.356502
0.6897	82	0.346575
0.6897	83	0.338090
0.6897	84	0.362313
0.6897	85	0.342897
0.6897	86	0.340760
0.6897	87	0.351817
0.6897	88	0.346328
0.6897	89	0.334283
0.6897	90	0.336867
0.6897	91	0.345908
0.6897	92	0.339975
0.6897	93	0.346610
0.6897	94	0.343867
0.6897	95	0.350843
0.6897	96	0.347905
0.6897	97	0.377282
0.6897	98	0.347115
0.6897	99	0.350356
0.6897	100	0.350734
0.6897	101	0.343000
0.6897	102	0.364967
0.6897	103	0.351811
0.6897	104	0.352269
0.6897	105	0.356991
0.6897	106	0.355221
0.6897	107	0.358379
0.6897	108	0.337411
0.6897	110	0.345877
0.6994	10	0.378148
0.6994	11	0.395302
0.6994	12	0.359914
0.6994	13	0.348299
0.6994	14	0.358736
0.6994	15	0.407954
0.6994	16	0.352053
0.6994	17	0.371905
0.6994	18	0.372885
0.6994	19	0.367418
0.6994	20	0.353598
0.6994	21	0.389617
0.6994	22	0.357747
0.6994	23	0.358037
0.6994	24	0.384904
0.6994	25	0.367460
0.6994	26	0.381650
0.6994	27	0.337264
0.6994	28	0.369111
0.6994	29	0.368820
0.6994	30	0.356062
0.6994	31	0.368958
0.6994	32	0.340801
0.6994	33	0.357162
0.6994	34	0.372925
0.6994	35	0.368684
0.6994	36	0.337041
0.6994	37	0.371108
0.6994	38	0.351307
0.6994	39	0.361487
0.6994	40	0.352224
0.6994	41	0.361274
0.6994	42	0.338365
0.6994	43	0.358865
0.6994	44	0.369024
0.6994	45	0.350369
0.6994	46	0.351234
0.6994	47	0.355962
0.6994	48	0.328083
0.6994	49	0.349281
0.6994	50	0.374850
0.6994	51	0.341177
0.6994	52	0.349913
0.6994	53	0.361629
0.6994	54	0.338663
0.6994	55	0.362830
0.6994	56	0.334397
0.6994	57	0.363732
0.6994	58	0.351093
0.6994	59	0.350710
0.6994	60	0.363551
0.6994	61	0.360691
0.6994	62	0.345249
0.6994	63	0.354493
0.6994	64	0.345527
0.6994	65	0.333106
0.6994	66	0.344010
0.6994	67	0.338481
0.6994	68	0.347254
0.6994	69	0.353441
0.6994	70	0.349060
0.6994	71	0.348432
0.6994	72	0.345323
0.6994	73	0.341671
0.6994	74	0.336373
0.6994	75	0.347393
0.6994	76	0.344998
0.6994	77	0.351175
0.6994	78	0.353844
0.6994	79	0.345295
0.6994	80	0.342580
0.6994	81	0.358942
0.6994	82	0.350921
0.6994	83	0.362710
0.6994	84	0.372665
0.6994	85	0.344435
0.6994	86	0.349572
0.6994	87	0.345974
0.6994	88	0.348027
0.6994	89	0.356992
0.6994	90	0.339256
0.6994	91	0.344601
0.6994	92	0.348846
0.6994	93	0.327702
0.6994	94	0.344646
0.6994	95	0.340062
0.6994	96	0.349529
0.6994	97	0.333172
0.6994	98	0.353368
0.6994	99	0.346276
0.6994	100	0.361027
0.6994	101	0.344848
0.6994	102	0.348183
0.6994	103	0.349654
0.6994	104	0.343504
0.6994	105	0.352671
0.6994	106	0.332628
0.6994	107	0.347648
0.6994	108	0.358993
0.6994	110	0.356665
0.7091	10	0.386004
0.7091	11	0.396175
0.7091	12	0.444278
0.7091	13	0.356084
0.7091	14	0.364067
0.7091	15	0.376455
0.7091	16	0.348732
0.7091	17	0.377880
0.7091	18	0.390088
0.7091	19	0.409907
0.7091	20	0.339907
0.7091	21	0.347019
0.7091	22	0.344376
0.7091	23	0.349908
0.7091	24	0.334965
0.7091	25	0.352411
0.7091	26	0.380445
0.7091	27	0.343157
0.7091	28	0.382369
0.7091	29	0.355647
0.7091	30	0.340845
0.7091	31	0.377022
0.7091	32	0.348802
0.7091	33	0.352395
0.7091	34	0.337437
0.7091	35	0.352749
0.7091	36	0.373511
0.7091	37	0.356026
0.7091	38	0.348054
0.7091	39	0.357666
0.7091	40	0.349929
0.7091	41	0.361251
0.7091	42	0.357421
0.7091	43	0.355492
0.7091	44	0.355581
0.7091	45	0.355492
0.7091	46	0.359678
0.7091	47	0.348293
0.7091	48	0.341413
0.7091	49	0.344422
0.7091	50	0.350004
0.7091	51	0.359118
0.7091	52	0.366561
0.7091	53	0.363220
0.7091	54	0.336441
0.7091	55	0.347849
0.7091	56	0.352357
0.7091	57	0.352817
0.7091	58	0.370861
0.7091	59	0.359920
0.7091	60	0.365135
0.7091	61	0.362666
0.7091	62	0.351459
0.7091	63	0.353583
0.7091	64	0.382200
0.7091	65	0.369558
0.7091	66	0.360680
0.7091	67	0.362860
0.7091	68	0.349945
0.7091	69	0.346450
0.7091	70	0.359902
0.7091	71	0.365216
0.7091	72	0.346073
0.7091	73	0.353397
0.7091	74	0.338414
0.7091	75	0.353283
0.7091	76	0.350927
0.7091	77	0.336597
0.7091	78	0.333679
0.7091	79	0.340508
0.7091	80	0.342836
0.7091	81	0.362906
0.7091	82	0.344732
0.7091	83	0.351818
0.7091	84	0.344196
0.7091	85	0.349946
0.7091	86	0.339208
0.7091	87	0.346805
0.7091	88	0.351483
0.7091	89	0.352962
0.7091	90	0.339288
0.7091	91	0.338358
0.7091	92	0.348533
0.7091	93	0.351979
0.7091	94	0.342930
0.7091	95	0.358799
0.7091	96	0.338686
0.7091	97	0.348595
0.7091	98	0.345398
0.7091	99	0.346610
0.7091	100	0.355790
0.7091	101	0.354670
0.7091	102	0.356284
0.7091	103	0.341740
0.7091	104	0.340134
0.7091	105	0.331318
0.7091	106	0.330728
0.7091	107	0.348543
0.7091	108	0.352678
0.7091	110	0.340765
0.7188	10	0.396470
0.7188	11	0.388708
0.7188	12	0.427233
0.7188	13	0.377709
0.7188	14	0.357060
0.7188	15	0.357980
0.7188	16	0.357003
0.7188	17	0.368142
0.7188	18	0.338084
0.7188	19	0.365529
0.7188	20	0.358680
0.7188	21	0.352610
0.7188	22	0.394989
0.7188	23	0.350821
0.7188	24	0.351663
0.7188	25	0.361859
0.7188	26	0.376100
0.7188	27	0.341357
0.7188	28	0.348185
0.7188	29	0.348562
0.7188	30	0.366148
0.7188	31	0.360061
0.7188	32	0.341924
0.7188	33	0.353823
0.7188	34	0.362926
0.7188	35	0.330203
0.7188	36	0.360028
0.7188	37	0.347721
0.7188	38	0.360797
0.7188	39	0.338900
0.7188	40	0.324182
0.7188	41	0.385798
0.7188	42	0.365087
0.7188	43	0.364047
0.7188	44	0.361839
0.7188	45	0.367477
0.7188	46	0.352092
0.7188	47	0.346207
0.7188	48	0.341940
0.7188	49	0.365325
0.7188	50	0.356825
0.7188	51	0.341041
0.7188	52	0.363610
0.7188	53	0.355766
0.7188	54	0.347905
0.7188	55	0.331803
0.7188	56	0.345286
0.7188	57	0.351653
0.7188	58	0.359139
0.7188	59	0.350673
0.7188	60	0.354751
0.7188	61	0.355960
0.7188	62	0.339957
0.7188	63	0.367694
0.7188	64	0.352459
0.7188	65	0.346347
0.7188	66	0.332333
0.7188	67	0.358298
0.7188	68	0.344209
0.7188	69	0.352504
0.7188	70	0.333127
0.7188	71	0.345712
0.7188	72	0.344209
0.7188	73	0.329253
0.7188	74	0.366416
0.7188	75	0.341065
0.7188	76	0.343710
0.7188	77	0.343307
0.7188	78	0.346997
0.7188	79	0.343887
0.7188	80	0.343822
0.7188	81	0.337275
0.7188	82	0.337899
0.7188	83	0.355102
0.7188	84	0.340842
0.7188	85	0.352227
0.7188	86	0.349070
0.7188	87	0.364679
0.7188	88	0.350805
0.7188	89	0.345981
0.7188	90	0.339445
0.7188	91	0.346327
0.7188	92	0.337210
0.7188	93	0.334589
0.7188	94	0.350947
0.7188	95	0.342192
0.7188	96	0.340418
0.7188	97	0.324194
0.7188	98	0.346276
0.7188	99	0.349636
0.7188	100	0.353746
0.7188	101	0.338668
0.7188	102	0.341370
0.7188	103	0.346052
0.7188	104	0.359504
0.7188	105	0.358137
0.7188	106	0.352619
0.7188	107	0.335305
0.7188	108	0.341437
0.7188	110	0.350436
0.7285	10	0.390265
0.7285	11	0.370111
0.7285	12	0.382528
0.7285	13	0.367762
0.7285	14	0.364850
0.7285	15	0.345014
0.7285	16	0.434497
0.7285	17	0.367788
0.7285	18	0.347280
0.7285	19	0.349021
0.7285	20	0.366311
0.7285	21	0.364799
0.7285	22	0.383811
0.7285	23	0.351599
0.7285	24	0.386371
0.7285	25	0.362447
0.7285	26	0.378254
0.7285	27	0.358474
0.7285	28	0.356959
0.7285	29	0.357898
0.7285	30	0.326658
0.7285	31	0.349607
0.7285	32	0.348064
0.7285	33	0.353476
0.7285	34	0.347918
0.7285	35	0.371675
0.7285	36	0.342663
0.7285	37	0.328339
0.7285	38	0.367242
0.7285	39	0.367924
0.7285	40	0.341260
0.7285	41	0.338410
0.7285	42	0.363814
0.7285	43	0.351568
0.7285	44	0.341693
0.7285	45	0.350393
0.7285	46	0.344122
0.7285	47	0.365928
0.7285	48	0.339455
0.7285	49	0.340154
0.7285	50	0.365762
0.7285	51	0.337426
0.7285	52	0.370321
0.7285	53	0.348320
0.7285	54	0.344220
0.7285	55	0.337194
0.7285	56	0.333749
0.7285	57	0.348432
0.7285	58	0.369434
0.7285	59	0.343554
0.7285	60	0.330513
0.7285	61	0.346280
0.7285	62	0.350427
0.7285	63	0.349268
0.7285	64	0.353253
0.7285	65	0.341736
0.7285	66	0.353138
0.7285	67	0.352059
0.7285	68	0.342382
0.7285	69	0.364293
0.7285	70	0.358186
0.7285	71	0.341755
0.7285	72	0.341165
0.7285	73	0.362056
0.7285	74	0.360213
0.7285	75	0.350197
0.7285	76	0.335340
0.7285	77	0.356220
0.7285	78	0.337649
0.7285	79	0.350713
0.7285	80	0.357696
0.7285	81	0.354836
0.7285	82	0.346995
0.7285	83	0.351668
0.7285	84	0.359640
0.7285	85	0.337492
0.7285	86	0.356146
0.7285	87	0.332256
0.7285	88	0.342921
0.7285	89	0.338142
0.7285	90	0.335191
0.7285	91	0.353754
0.7285	92	0.376506
0.7285	93	0.331667
0.7285	94	0.346344
0.7285	95	0.338860
0.7285	96	0.347640
0.7285	97	0.328939
0.7285	98	0.327980
0.7285	99	0.345628
0.7285	100	0.341695
0.7285	101	0.344800
0.7285	102	0.356268
0.7285	103	0.343131
0.7285	104	0.319140
0.7285	105	0.329888
0.7285	106	0.330435
0.7285	107	0.338751
0.7285	108	0.348705
0.7285	110	0.337018
0.7382	10	0.410238
0.7382	11	0.381535
0.7382	12	0.412569
0.7382	13	0.362026
0.7382	14	0.400020
0.7382	15	0.364119
0.7382	16	0.385634
0.7382	17	0.384994
0.7382	18	0.373743
0.7382	19	0.336773
0.7382	20	0.364848
0.7382	21	0.362525
0.7382	22	0.357678
0.7382	23	0.347639
0.7382	24	0.361413
0.7382	25	0.379580
0.7382	26	0.346909
0.7382	27	0.360872
0.7382	28	0.364180
0.7382	29	0.375825
0.7382	30	0.347957
0.7382	31	0.328869
0.7382	32	0.341559
0.7382	33	0.352669
0.7382	34	0.352429
0.7382	35	0.360915
0.7382	36	0.336084
0.7382	37	0.387557
0.7382	38	0.342725
0.7382	39	0.352900
0.7382	40	0.369469
0.7382	41	0.335180
0.7382	42	0.340867
0.7382	43	0.340188
0.7382	44	0.346641
0.7382	45	0.331088
0.7382	46	0.346900
0.7382	47	0.354616
0.7382	48	0.363130
0.7382	49	0.357673
0.7382	50	0.344896
0.7382	51	0.332231
0.7382	52	0.352055
0.7382	53	0.334677
0.7382	54	0.349278
0.7382	55	0.357314
0.7382	56	0.350206
0.7382	57	0.368879
0.7382	58	0.371695
0.7382	59	0.352250
0.7382	60	0.355852
0.7382	61	0.353373
0.7382	62	0.362352
0.7382	63	0.366656
0.7382	64	0.350118
0.7382	65	0.336816
0.7382	66	0.326778
0.7382	67	0.343215
0.7382	68	0.349078
0.7382	69	0.358343
0.7382	70	0.365681
0.7382	71	0.353201
0.7382	72	0.380999
0.7382	73	0.346341
0.7382	74	0.344102
0.7382	75	0.361555
0.7382	76	0.351123
0.7382	77	0.369869
0.7382	78	0.379689
0.7382	79	0.349981
0.7382	80	0.346205
0.7382	81	0.350855
0.7382	82	0.349185
0.7382	83	0.366558
0.7382	84	0.348158
0.7382	85	0.355673
0.7382	86	0.360086
0.7382	87	0.359553
0.7382	88	0.338444
0.7382	89	0.345641
0.7382	90	0.338610
0.7382	91	0.365107
0.7382	92	0.358768
0.7382	93	0.346513
0.7382	94	0.352448
0.7382	95	0.347930
0.7382	96	0.361628
0.7382	97	0.345673
0.7382	98	0.350872
0.7382	99	0.346384
0.7382	100	0.340867
0.7382	101	0.354227
0.7382	102	0.354104
0.7382	103	0.335626
0.7382	104	0.355469
0.7382	105	0.357530
0.7382	106	0.348371
0.7382	107	0.349785
0.7382	108	0.343547
0.7382	110	0.362746
0.7479	10	0.351709
0.7479	11	0.370958
0.7479	12	0.339060
0.7479	13	0.398325
0.7479	14	0.360242
0.7479	15	0.338457
0.7479	16	0.352257
0.7479	17	0.353663
0.7479	18	0.371066
0.7479	19	0.354930
0.7479	20	0.368619
0.7479	21	0.370158
0.7479	22	0.351639
0.7479	23	0.353606
0.7479	24	0.351215
0.7479	25	0.368605
0.7479	26	0.374555
0.7479	27	0.349835
0.7479	28	0.375600
0.7479	29	0.360188
0.7479	30	0.362658
0.7479	31	0.366149
0.7479	32	0.355263
0.7479	33	0.346812
0.7479	34	0.364469
0.7479	35	0.391000
0.7479	36	0.349688
0.7479	37	0.338644
0.7479	38	0.326425
0.7479	39	0.354192
0.7479	40	0.361552
0.7479	41	0.367959
0.7479	42	0.335486
0.7479	43	0.367151
0.7479	44	0.345392
0.7479	45	0.348319
0.7479	46	0.351118
0.7479	47	0.356690
0.7479	48	0.375202
0.7479	49	0.351197
0.7479	50	0.335807
0.7479	51	0.354509
0.7479	52	0.356341
0.7479	53	0.352546
0.7479	54	0.349728
0.7479	55	0.337585
0.7479	56	0.372003
0.7479	57	0.360447
0.7479	58	0.350948
0.7479	59	0.344341
0.7479	60	0.355662
0.7479	61	0.348728
0.7479	62	0.353038
0.7479	63	0.343089
0.7479	64	0.335659
0.7479	65	0.341872
0.7479	66	0.352624
0.7479	67	0.340065
0.7479	68	0.340542
0.7479	69	0.351019
0.7479	70	0.345823
0.7479	71	0.352654
0.7479	72	0.371617
0.7479	73	0.349554
0.7479	74	0.346617
0.7479	75	0.377494
0.7479	76	0.374163
0.7479	77	0.362713
0.7479	78	0.364765
0.7479	79	0.371402
0.7479	80	0.349864
0.7479	81	0.357902
0.7479	82	0.357248
0.7479	83	0.353507
0.7479	84	0.349397
0.7479	85	0.328730
0.7479	86	0.347263
0.7479	87	0.347721
0.7479	88	0.357929
0.7479	89	0.341496
0.7479	90	0.346092
0.7479	91	0.331994
0.7479	92	0.330507
0.7479	93	0.345550
0.7479	94	0.335606
0.7479	95	0.334936
0.7479	96	0.350317
0.7479	97	0.339747
0.7479	98	0.344194
0.7479	99	0.351490
0.7479	100	0.352954
0.7479	101	0.355808
0.7479	102	0.355021
0.7479	103	0.344699
0.7479	104	0.346022
0.7479	105	0.334319
0.7479	106	0.349966
0.7479	107	0.340559
0.7479	108	0.330035
0.7479	110	0.358467
0.7576	10	0.376149
0.7576	11	0.372433
0.7576	12	0.377287
0.7576	13	0.462427
0.7576	14	0.342402
0.7576	15	0.354165
0.7576	16	0.369216
0.7576	17	0.366712
0.7576	18	0.371449
0.7576	19	0.350924
0.7576	20	0.424665
0.7576	21	0.355279
0.7576	22	0.386952
0.7576	23	0.330147
0.7576	24	0.354467
0.7576	25	0.393681
0.7576	26	0.370037
0.7576	27	0.367239
0.7576	28	0.352117
0.7576	29	0.342782
0.7576	30	0.348393
0.7576	31	0.351797
0.7576	32	0.333977
0.7576	33	0.362726
0.7576	34	0.364243
0.7576	35	0.334728
0.7576	36	0.354584
0.7576	37	0.371182
0.7576	38	0.352912
0.7576	39	0.341284
0.7576	40	0.358137
0.7576	41	0.369601
0.7576	42	0.350160
0.7576	43	0.354286
0.7576	44	0.346467
0.7576	45	0.362549
0.7576	46	0.355151
0.7576	47	0.357661
0.7576	48	0.365810
0.7576	49	0.342975
0.7576	50	0.337077
0.7576	51	0.357514
0.7576	52	0.360111
0.7576	53	0.369235
0.7576	54	0.364149
0.7576	55	0.349890
0.7576	56	0.358645
0.7576	57	0.347559
0.7576	58	0.342176
0.7576	59	0.360217
0.7576	60	0.355285
0.7576	61	0.349802
0.7576	62	0.351264
0.7576	63	0.349769
0.7576	64	0.356751
0.7576	65	0.345085
0.7576	66	0.344765
0.7576	67	0.327510
0.7576	68	0.366994
0.7576	69	0.355623
0.7576	70	0.347541
0.7576	71	0.331208
0.7576	72	0.337711
0.7576	73	0.363306
0.7576	74	0.337176
0.7576	75	0.355649
0.7576	76	0.366215
0.7576	77	0.339395
0.7576	78	0.350001
0.7576	79	0.365713
0.7576	80	0.358318
0.7576	81	0.351829
0.7576	82	0.360402
0.7576	83	0.345668
0.7576	84	0.364896
0.7576	85	0.348222
0.7576	86	0.330544
0.7576	87	0.353706
0.7576	88	0.345592
0.7576	89	0.345127
0.7576	90	0.348408
0.7576	91	0.350009
0.7576	92	0.349396
0.7576	93	0.350542
0.7576	94	0.337578
0.7576	95	0.342719
0.7576	96	0.346136
0.7576	97	0.359856
0.7576	98	0.359208
0.7576	99	0.356146
0.7576	100	0.352821
0.7576	101	0.329222
0.7576	102	0.346143
0.7576	103	0.346245
0.7576	104	0.348838
0.7576	105	0.346670
0.7576	106	0.324625
0.7576	107	0.329271
0.7576	108	0.348115
0.7576	110	0.364385
0.7673	10	0.392758
0.7673	11	0.374692
0.7673	12	0.357875
0.7673	13	0.374567
0.7673	14	0.372686
0.7673	15	0.372190
0.7673	16	0.372433
0.7673	17	0.377543
0.7673	18	0.364424
0.7673	19	0.361078
0.7673	20	0.355157
0.7673	21	0.356272
0.7673	22	0.367619
0.7673	23	0.355130
0.7673	24	0.349333
0.7673	25	0.348778
0.7673	26	0.358758
0.7673	27	0.392327
0.7673	28	0.347051
0.7673	29	0.353270
0.7673	30	0.380035
0.7673	31	0.354800
0.7673	32	0.346112
0.7673	33	0.379122
0.7673	34	0.342936
0.7673	35	0.359567
0.7673	36	0.360421
0.7673	37	0.357549
0.7673	38	0.361559
0.7673	39	0.350993
0.7673	40	0.356026
0.7673	41	0.342048
0.7673	42	0.334808
0.7673	43	0.338257
0.7673	44	0.357556
0.7673	45	0.350163
0.7673	46	0.358898
0.7673	47	0.350517
0.7673	48	0.344066
0.7673	49	0.356320
0.7673	50	0.337037
0.7673	51	0.382266
0.7673	52	0.364142
0.7673	53	0.362934
0.7673	54	0.338776
0.7673	55	0.339817
0.7673	56	0.366192
0.7673	57	0.335673
0.7673	58	0.333535
0.7673	59	0.345729
0.7673	60	0.358691
0.7673	61	0.346582
0.7673	62	0.345328
0.7673	63	0.337165
0.7673	64	0.352760
0.7673	65	0.358587
0.7673	66	0.350478
0.7673	67	0.339481
0.7673	68	0.355969
0.7673	69	0.340668
0.7673	70	0.339860
0.7673	71	0.342941
0.7673	72	0.355977
0.7673	73	0.346751
0.7673	74	0.343673
0.7673	75	0.350286
0.7673	76	0.337066
0.7673	77	0.333351
0.7673	78	0.349534
0.7673	79	0.362344
0.7673	80	0.344864
0.7673	81	0.351175
0.7673	82	0.368643
0.7673	83	0.343320
0.7673	84	0.354655
0.7673	85	0.346016
0.7673	86	0.359545
0.7673	87	0.331951
0.7673	88	0.349373
0.7673	89	0.362605
0.7673	90	0.359222
0.7673	91	0.347513
0.7673	92	0.339988
0.7673	93	0.355925
0.7673	94	0.351099
0.7673	95	0.375173
0.7673	96	0.362204
0.7673	97	0.352531
0.7673	98	0.354304
0.7673	99	0.368882
0.7673	100	0.363733
0.7673	101	0.345575
0.7673	102	0.347224
0.7673	103	0.360106
0.7673	104	0.359272
0.7673	105	0.358407
0.7673	106	0.365979
0.7673	107	0.350566
0.7673	108	0.358778
0.7673	110	0.349371
0.7770	10	0.351054
0.7770	11	0.411038
0.7770	12	0.391714
0.7770	13	0.362141
0.7770	14	0.363833
0.7770	15	0.394479
0.7770	16	0.367699
0.7770	17	0.371650
0.7770	18	0.354416
0.7770	19	0.369816
0.7770	20	0.361191
0.7770	21	0.368310
0.7770	22	0.358753
0.7770	23	0.342753
0.7770	24	0.369091
0.7770	25	0.334498
0.7770	26	0.349392
0.7770	27	0.352766
0.7770	28	0.366941
0.7770	29	0.365325
0.7770	30	0.359093
0.7770	31	0.353697
0.7770	32	0.367954
0.7770	33	0.330004
0.7770	34	0.341922
0.7770	35	0.355635
0.7770	36	0.354974
0.7770	37	0.346601
0.7770	38	0.344320
0.7770	39	0.343389
0.7770	40	0.368092
0.7770	41	0.356624
0.7770	42	0.348642
0.7770	43	0.347991
0.7770	44	0.357549
0.7770	45	0.379604
0.7770	46	0.328252
0.7770	47	0.359303
0.7770	48	0.345673
0.7770	49	0.339572
0.7770	50	0.349313
0.7770	51	0.363623
0.7770	52	0.352347
0.7770	53	0.356805
0.7770	54	0.353716
0.7770	55	0.354593
0.7770	56	0.328565
0.7770	57	0.338072
0.7770	58	0.338731
0.7770	59	0.351068
0.7770	60	0.361126
0.7770	61	0.351986
0.7770	62	0.359202
0.7770	63	0.334489
0.7770	64	0.342738
0.7770	65	0.343915
0.7770	66	0.352030
0.7770	67	0.367354
0.7770	68	0.338162
0.7770	69	0.343942
0.7770	70	0.337551
0.7770	71	0.351370
0.7770	72	0.342589
0.7770	73	0.358730
0.7770	74	0.355954
0.7770	75	0.371272
0.7770	76	0.352352
0.7770	77	0.361361
0.7770	78	0.358548
0.7770	79	0.331839
0.7770	80	0.352651
0.7770	81	0.344265
0.7770	82	0.354033
0.7770	83	0.354482
0.7770	84	0.341598
0.7770	85	0.360994
0.7770	86	0.354400
0.7770	87	0.351296
0.7770	88	0.354970
0.7770	89	0.355940
0.7770	90	0.367405
0.7770	91	0.350627
0.7770	92	0.351658
0.7770	93	0.348850
0.7770	94	0.344314
0.7770	95	0.351626
0.7770	96	0.355088
0.7770	97	0.340159
0.7770	98	0.350847
0.7770	99	0.341128
0.7770	100	0.338187
0.7770	101	0.356957
0.7770	102	0.336333
0.7770	103	0.363187
0.7770	104	0.355413
0.7770	105	0.353306
0.7770	106	0.361414
0.7770	107	0.367614
0.7770	108	0.366361
0.7770	110	0.339973
0.7867	10	0.444110
0.7867	11	0.343155
0.7867	12	0.368951
0.7867	13	0.334845
0.7867	14	0.380326
0.7867	15	0.362939
0.7867	16	0.344521
0.7867	17	0.370963
0.7867	18	0.341544
0.7867	19	0.350849
0.7867	20	0.363196
0.7867	21	0.373800
0.7867	22	0.351066
0.7867	23	0.366298
0.7867	24	0.346733
0.7867	25	0.359713
0.7867	26	0.353494
0.7867	27	0.349580
0.7867	28	0.348383
0.7867	29	0.353737
0.7867	30	0.361126
0.7867	31	0.375456
0.7867	32	0.337069
0.7867	33	0.365614
0.7867	34	0.353228
0.7867	35	0.354103
0.7867	36	0.341490
0.7867	37	0.367020
0.7867	38	0.344772
0.7867	39	0.364057
0.7867	40	0.355008
0.7867	41	0.347526
0.7867	42	0.330449
0.7867	43	0.358827
0.7867	44	0.346356
0.7867	45	0.339012
0.7867	46	0.355696
0.7867	47	0.365463
0.7867	48	0.366293
0.7867	49	0.353463
0.7867	50	0.357720
0.7867	51	0.366670
0.7867	52	0.359481
0.7867	53	0.346672
0.7867	54	0.354597
0.7867	55	0.350899
0.7867	56	0.341813
0.7867	57	0.370206
0.7867	58	0.362735
0.7867	59	0.339041
0.7867	60	0.354054
0.7867	61	0.366727
0.7867	62	0.360840
0.7867	63	0.349770
0.7867	64	0.353428
0.7867	65	0.349536
0.7867	66	0.348833
0.7867	67	0.347577
0.7867	68	0.360753
0.7867	69	0.354765
0.7867	70	0.364290
0.7867	71	0.360829
0.7867	72	0.349649
0.7867	73	0.330270
0.7867	74	0.349468
0.7867	75	0.339832
0.7867	76	0.338359
0.7867	77	0.345579
0.7867	78	0.339771
0.7867	79	0.341846
0.7867	80	0.340346
0.7867	81	0.324343
0.7867	82	0.339023
0.7867	83	0.339130
0.7867	84	0.341457
0.7867	85	0.350770
0.7867	86	0.347338
0.7867	87	0.348616
0.7867	88	0.378328
0.7867	89	0.345990
0.7867	90	0.352813
0.7867	91	0.336644
0.7867	92	0.349069
0.7867	93	0.337592
0.7867	94	0.332853
0.7867	95	0.331795
0.7867	96	0.356232
0.7867	97	0.341431
0.7867	98	0.342226
0.7867	99	0.347524
0.7867	100	0.332874
0.7867	101	0.359553
0.7867	102	0.348414
0.7867	103	0.337442
0.7867	104	0.344348
0.7867	105	0.353075
0.7867	106	0.355942
0.7867	107	0.365168
0.7867	108	0.361766
0.7867	110	0.359781
0.7964	10	0.384641
0.7964	11	0.371568
0.7964	12	0.369538
0.7964	13	0.345735
0.7964	14	0.353519
0.7964	15	0.390478
0.7964	16	0.364097
0.7964	17	0.344924
0.7964	18	0.364365
0.7964	19	0.349823
0.7964	20	0.372478
0.7964	21	0.359810
0.7964	22	0.358933
0.7964	23	0.342569
0.7964	24	0.357456
0.7964	25	0.398520
0.7964	26	0.352371
0.7964	27	0.352102
0.7964	28	0.335318
0.7964	29	0.345394
0.7964	30	0.368231
0.7964	31	0.372216
0.7964	32	0.359887
0.7964	33	0.346551
0.7964	34	0.342621
0.7964	35	0.341733
0.7964	36	0.348113
0.7964	37	0.354956
0.7964	38	0.348187
0.7964	39	0.356943
0.7964	40	0.346776
0.7964	41	0.349992
0.7964	42	0.335754
0.7964	43	0.357460
0.7964	44	0.391845
0.7964	45	0.346402
0.7964	46	0.359133
0.7964	47	0.345612
0.7964	48	0.366622
0.7964	49	0.350315
0.7964	50	0.349663
0.7964	51	0.346693
0.7964	52	0.348869
0.7964	53	0.352140
0.7964	54	0.353251
0.7964	55	0.350790
0.7964	56	0.363798
0.7964	57	0.345096
0.7964	58	0.356871
0.7964	59	0.330473
0.7964	60	0.347509
0.7964	61	0.349118
0.7964	62	0.359721
0.7964	63	0.341531
0.7964	64	0.341099
0.7964	65	0.347572
0.7964	66	0.345319
0.7964	67	0.339620
0.7964	68	0.349954
0.7964	69	0.348181
0.7964	70	0.352606
0.7964	71	0.351321
0.7964	72	0.344311
0.7964	73	0.336682
0.7964	74	0.358311
0.7964	75	0.355412
0.7964	76	0.349983
0.7964	77	0.348547
0.7964	78	0.362477
0.7964	79	0.353724
0.7964	80	0.354446
0.7964	81	0.357986
0.7964	82	0.357676
0.7964	83	0.339549
0.7964	84	0.346151
0.7964	85	0.356809
0.7964	86	0.347019
0.7964	87	0.349606
0.7964	88	0.341361
0.7964	89	0.344025
0.7964	90	0.348689
0.7964	91	0.330421
0.7964	92	0.330950
0.7964	93	0.335562
0.7964	94	0.341580
0.7964	95	0.338717
0.7964	96	0.357391
0.7964	97	0.346491
0.7964	98	0.341850
0.7964	99	0.354702
0.7964	100	0.340246
0.7964	101	0.351834
0.7964	102	0.334272
0.7964	103	0.343600
0.7964	104	0.332950
0.7964	105	0.335153
0.7964	106	0.348281
0.7964	107	0.336545
0.7964	108	0.337348
0.7964	110	0.344800
0.8061	10	0.350274
0.8061	11	0.347449
0.8061	12	0.350995
0.8061	13	0.359452
0.8061	14	0.379197
0.8061	15	0.341373
0.8061	16	0.350526
0.8061	17	0.354400
0.8061	18	0.345984
0.8061	19	0.368859
0.8061	20	0.369012
0.8061	21	0.341010
0.8061	22	0.360944
0.8061	23	0.347343
0.8061	24	0.372770
0.8061	25	0.340102
0.8061	26	0.368843
0.8061	27	0.341500
0.8061	28	0.355112
0.8061	29	0.354182
0.8061	30	0.384700
0.8061	31	0.340099
0.8061	32	0.343919
0.8061	33	0.333309
0.8061	34	0.353854
0.8061	35	0.346427
0.8061	36	0.349895
0.8061	37	0.347893
0.8061	38	0.371007
0.8061	39	0.347819
0.8061	40	0.374515
0.8061	41	0.347139
0.8061	42	0.342357
0.8061	43	0.351755
0.8061	44	0.375781
0.8061	45	0.320806
0.8061	46	0.365036
0.8061	47	0.352521
0.8061	48	0.359005
0.8061	49	0.358363
0.8061	50	0.336298
0.8061	51	0.343381
0.8061	52	0.324945
0.8061	53	0.357621
0.8061	54	0.356605
0.8061	55	0.362203
0.8061	56	0.352646
0.8061	57	0.336821
0.8061	58	0.340886
0.8061	59	0.341824
0.8061	60	0.364991
0.8061	61	0.342352
0.8061	62	0.347724
0.8061	63	0.355927
0.8061	64	0.344313
0.8061	65	0.337535
0.8061	66	0.358585
0.8061	67	0.342830
0.8061	68	0.355029
0.8061	69	0.350845
0.8061	70	0.362383
0.8061	71	0.332318
0.8061	72	0.351415
0.8061	73	0.365673
0.8061	74	0.363730
0.8061	75	0.344373
0.8061	76	0.357561
0.8061	77	0.351416
0.8061	78	0.348019
0.8061	79	0.350692
0.8061	80	0.350262
0.8061	81	0.339544
0.8061	82	0.341918
0.8061	83	0.355770
0.8061	84	0.343935
0.8061	85	0.358596
0.8061	86	0.361047
0.8061	87	0.346631
0.8061	88	0.359867
0.8061	89	0.348558
0.8061	90	0.336014
0.8061	91	0.347294
0.8061	92	0.352707
0.8061	93	0.336949
0.8061	94	0.343795
0.8061	95	0.333287
0.8061	96	0.335517
0.8061	97	0.351841
0.8061	98	0.367722
0.8061	99	0.341649
0.8061	100	0.346475
0.8061	101	0.357905
0.8061	102	0.349644
0.8061	103	0.342406
0.8061	104	0.363113
0.8061	105	0.360808
0.8061	106	0.358977
0.8061	107	0.369254
0.8061	108	0.353614
0.8061	110	0.346261
0.8158	10	0.345169
0.8158	11	0.358487
0.8158	12	0.360540
0.8158	13	0.357281
0.8158	14	0.360837
0.8158	15	0.358215
0.8158	16	0.373317
0.8158	17	0.340995
0.8158	18	0.371164
0.8158	19	0.341254
0.8158	20	0.372418
0.8158	21	0.362531
0.8158	22	0.365517
0.8158	23	0.354389
0.8158	24	0.360832
0.8158	25	0.386746
0.8158	26	0.342979
0.8158	27	0.361004
0.8158	28	0.352711
0.8158	29	0.350577
0.8158	30	0.358804
0.8158	31	0.343154
0.8158	32	0.371753
0.8158	33	0.354739
0.8158	34	0.344879
0.8158	35	0.335206
0.8158	36	0.335726
0.8158	37	0.352465
0.8158	38	0.349964
0.8158	39	0.373996
0.8158	40	0.349643
0.8158	41	0.361227
0.8158	42	0.364934
0.8158	43	0.333610
0.8158	44	0.329986
0.8158	45	0.352960
0.8158	46	0.347991
0.8158	47	0.328166
0.8158	48	0.348587
0.8158	49	0.343639
0.8158	50	0.350513
0.8158	51	0.328679
0.8158	52	0.354594
0.8158	53	0.338454
0.8158	54	0.343872
0.8158	55	0.368803
0.8158	56	0.344214
0.8158	57	0.338328
0.8158	58	0.342190
0.8158	59	0.339675
0.8158	60	0.344133
0.8158	61	0.367671
0.8158	62	0.346716
0.8158	63	0.355299
0.8158	64	0.345513
0.8158	65	0.326151
0.8158	66	0.339512
0.8158	67	0.352168
0.8158	68	0.347243
0.8158	69	0.350666
0.8158	70	0.339276
0.8158	71	0.361871
0.8158	72	0.338818
0.8158	73	0.331639
0.8158	74	0.352350
0.8158	75	0.347706
0.8158	76	0.333701
0.8158	77	0.352682
0.8158	78	0.349186
0.8158	79	0.356188
0.8158	80	0.332940
0.8158	81	0.341240
0.8158	82	0.329964
0.8158	83	0.338827
0.8158	84	0.365893
0.8158	85	0.347416
0.8158	86	0.347888
0.8158	87	0.338716
0.8158	88	0.343324
0.8158	89	0.352653
0.8158	90	0.342427
0.8158	91	0.349595
0.8158	92	0.350845
0.8158	93	0.351916
0.8158	94	0.350739
0.8158	95	0.353598
0.8158	96	0.337270
0.8158	97	0.354257
0.8158	98	0.334071
0.8158	99	0.341043
0.8158	100	0.346520
0.8158	101	0.349194
0.8158	102	0.343962
0.8158	103	0.348985
0.8158	104	0.346257
0.8158	105	0.346438
0.8158	106	0.343486
0.8158	107	0.338174
0.8158	108	0.345201
0.8158	110	0.336517
0.8255	10	0.359851
0.8255	11	0.357056
0.8255	12	0.377419
0.8255	13	0.333036
0.8255	14	0.342932
0.8255	15	0.352414
0.8255	16	0.371682
0.8255	17	0.357721
0.8255	18	0.358737
0.8255	19	0.386185
0.8255	20	0.361619
0.8255	21	0.362767
0.8255	22	0.352120
0.8255	23	0.344195
0.8255	24	0.346746
0.8255	25	0.334907
0.8255	26	0.352134
0.8255	27	0.345296
0.8255	28	0.355588
0.8255	29	0.351684
0.8255	30	0.374317
0.8255	31	0.361517
0.8255	32	0.379551
0.8255	33	0.352039
0.8255	34	0.349881
0.8255	35	0.340698
0.8255	36	0.347189
0.8255	37	0.369437
0.8255	38	0.330621
0.8255	39	0.368972
0.8255	40	0.359248
0.8255	41	0.337863
0.8255	42	0.352138
0.8255	43	0.355608
0.8255	44	0.343680
0.8255	45	0.361768
0.8255	46	0.349577
0.8255	47	0.349818
0.8255	48	0.355603
0.8255	49	0.350387
0.8255	50	0.356815
0.8255	51	0.333262
0.8255	52	0.356311
0.8255	53	0.349551
0.8255	54	0.348749
0.8255	55	0.349281
0.8255	56	0.359037
0.8255	57	0.348618
0.8255	58	0.334496
0.8255	59	0.362332
0.8255	60	0.340191
0.8255	61	0.347614
0.8255	62	0.347035
0.8255	63	0.366262
0.8255	64	0.347939
0.8255	65	0.343501
0.8255	66	0.365598
0.8255	67	0.333110
0.8255	68	0.334155
0.8255	69	0.322932
0.8255	70	0.357677
0.8255	71	0.351214
0.8255	72	0.342711
0.8255	73	0.368149
0.8255	74	0.349997
0.8255	75	0.359108
0.8255	76	0.335728
0.8255	77	0.359634
0.8255	78	0.364581
0.8255	79	0.361126
0.8255	80	0.350545
0.8255	81	0.357570
0.8255	82	0.365114
0.8255	83	0.338446
0.8255	84	0.362894
0.8255	85	0.347642
0.8255	86	0.359107
0.8255	87	0.356834
0.8255	88	0.337530
0.8255	89	0.353478
0.8255	90	0.356038
0.8255	91	0.349660
0.8255	92	0.340531
0.8255	93	0.341338
0.8255	94	0.330546
0.8255	95	0.336896
0.8255	96	0.338211
0.8255	97	0.347079
0.8255	98	0.344919
0.8255	99	0.349341
0.8255	100	0.341682
0.8255	101	0.346172
0.8255	102	0.343318
0.8255	103	0.352255
0.8255	104	0.341928
0.8255	105	0.355033
0.8255	106	0.356366
0.8255	107	0.349859
0.8255	108	0.346233
0.8255	110	0.341840
0.8352	10	0.357572
0.8352	11	0.372262
0.8352	12	0.349119
0.8352	13	0.378612
0.8352	14	0.350122
0.8352	15	0.357118
0.8352	16	0.394083
0.8352	17	0.354082
0.8352	18	0.332691
0.8352	19	0.333987
0.8352	20	0.349753
0.8352	21	0.361133
0.8352	22	0.356499
0.8352	23	0.369129
0.8352	24	0.329688
0.8352	25	0.337823
0.8352	26	0.352678
0.8352	27	0.354354
0.8352	28	0.350935
0.8352	29	0.370790
0.8352	30	0.363254
0.8352	31	0.343934
0.8352	32	0.366529
0.8352	33	0.357846
0.8352	34	0.347936
0.8352	35	0.339236
0.8352	36	0.352591
0.8352	37	0.351327
0.8352	38	0.337908
0.8352	39	0.354689
0.8352	40	0.355148
0.8352	41	0.344922
0.8352	42	0.350584
0.8352	43	0.344161
0.8352	44	0.345221
0.8352	45	0.335678
0.8352	46	0.353142
0.8352	47	0.352206
0.8352	48	0.356095
0.8352	49	0.337093
0.8352	50	0.352640
0.8352	51	0.350451
0.8352	52	0.341547
0.8352	53	0.331664
0.8352	54	0.352921
0.8352	55	0.338359
0.8352	56	0.339569
0.8352	57	0.366591
0.8352	58	0.337858
0.8352	59	0.353452
0.8352	60	0.359292
0.8352	61	0.340279
0.8352	62	0.337145
0.8352	63	0.341853
0.8352	64	0.340023
0.8352	65	0.367882
0.8352	66	0.336838
0.8352	67	0.327633
0.8352	68	0.348360
0.8352	69	0.346391
0.8352	70	0.361811
0.8352	71	0.364043
0.8352	72	0.355668
0.8352	73	0.343581
0.8352	74	0.355226
0.8352	75	0.336417
0.8352	76	0.347528
0.8352	77	0.355680
0.8352	78	0.331247
0.8352	79	0.351270
0.8352	80	0.354525
0.8352	81	0.345626
0.8352	82	0.358202
0.8352	83	0.357771
0.8352	84	0.343224
0.8352	85	0.362088
0.8352	86	0.353918
0.8352	87	0.342525
0.8352	88	0.344711
0.8352	89	0.348491
0.8352	90	0.336281
0.8352	91	0.336221
0.8352	92	0.348192
0.8352	93	0.351443
0.8352	94	0.367031
0.8352	95	0.365745
0.8352	96	0.348106
0.8352	97	0.336885
0.8352	98	0.351584
0.8352	99	0.344537
0.8352	100	0.358600
0.8352	101	0.355960
0.8352	102	0.374772
0.8352	103	0.353682
0.8352	104	0.349042
0.8352	105	0.352329
0.8352	106	0.344358
0.8352	107	0.342766
0.8352	108	0.327463
0.8352	110	0.351060
0.8448	10	0.388873
0.8448	11	0.360627
0.8448	12	0.374669
0.8448	13	0.371507
0.8448	14	0.378204
0.8448	15	0.364627
0.8448	16	0.369647
0.8448	17	0.359318
0.8448	18	0.379689
0.8448	19	0.353625
0.8448	20	0.365128
0.8448	21	0.352184
0.8448	22	0.354290
0.8448	23	0.339539
0.8448	24	0.354355
0.8448	25	0.345163
0.8448	26	0.346585
0.8448	27	0.368288
0.8448	28	0.349333
0.8448	29	0.349523
0.8448	30	0.341375
0.8448	31	0.358534
0.8448	32	0.354601
0.8448	33	0.345413
0.8448	34	0.344230
0.8448	35	0.341563
0.8448	36	0.358385
0.8448	37	0.349134
0.8448	38	0.339806
0.8448	39	0.338298
0.8448	40	0.351108
0.8448	41	0.356894
0.8448	42	0.350586
0.8448	43	0.353568
0.8448	44	0.345174
0.8448	45	0.349307
0.8448	46	0.336628
0.8448	47	0.342414
0.8448	48	0.345675
0.8448	49	0.345262
0.8448	50	0.332825
0.8448	51	0.335691
0.8448	52	0.350839
0.8448	53	0.361728
0.8448	54	0.349810
0.8448	55	0.351586
0.8448	56	0.360074
0.8448	57	0.354666
0.8448	58	0.349048
0.8448	59	0.339147
0.8448	60	0.332287
0.8448	61	0.353146
0.8448	62	0.346791
0.8448	63	0.349335
0.8448	64	0.330748
0.8448	65	0.365217
0.8448	66	0.350874
0.8448	67	0.349350
0.8448	68	0.338567
0.8448	69	0.334238
0.8448	70	0.346026
0.8448	71	0.364407
0.8448	72	0.354921
0.8448	73	0.365763
0.8448	74	0.339033
0.8448	75	0.345527
0.8448	76	0.339829
0.8448	77	0.349255
0.8448	78	0.353140
0.8448	79	0.333067
0.8448	80	0.358591
0.8448	81	0.343649
0.8448	82	0.341888
0.8448	83	0.367077
0.8448	84	0.351407
0.8448	85	0.353475
0.8448	86	0.357638
0.8448	87	0.352200
0.8448	88	0.345269
0.8448	89	0.355057
0.8448	90	0.351890
0.8448	91	0.356730
0.8448	92	0.335104
0.8448	93	0.351401
0.8448	94	0.342687
0.8448	95	0.344686
0.8448	96	0.349568
0.8448	97	0.372766
0.8448	98	0.351302
0.8448	99	0.349244
0.8448	100	0.355066
0.8448	101	0.341301
0.8448	102	0.363313
0.8448	103	0.337685
0.8448	104	0.339671
0.8448	105	0.325902
0.8448	106	0.344268
0.8448	107	0.348063
0.8448	108	0.341264
0.8448	110	0.354373
0.8545	10	0.343429
0.8545	11	0.373906
0.8545	12	0.367662
0.8545	13	0.355747
0.8545	14	0.386612
0.8545	15	0.384517
0.8545	16	0.358887
0.8545	17	0.345668
0.8545	18	0.336168
0.8545	19	0.348013
0.8545	20	0.356722
0.8545	21	0.348266
0.8545	22	0.342823
0.8545	23	0.346408
0.8545	24	0.349436
0.8545	25	0.363616
0.8545	26	0.369601
0.8545	27	0.351595
0.8545	28	0.349210
0.8545	29	0.345421
0.8545	30	0.366203
0.8545	31	0.374138
0.8545	32	0.332699
0.8545	33	0.358644
0.8545	34	0.356185
0.8545	35	0.345198
0.8545	36	0.339021
0.8545	37	0.342895
0.8545	38	0.357124
0.8545	39	0.358649
0.8545	40	0.352314
0.8545	41	0.350446
0.8545	42	0.347959
0.8545	43	0.338185
0.8545	44	0.346463
0.8545	45	0.348829
0.8545	46	0.348689
0.8545	47	0.351222
0.8545	48	0.345715
0.8545	49	0.356418
0.8545	50	0.343744
0.8545	51	0.347770
0.8545	52	0.329642
0.8545	53	0.343239
0.8545	54	0.341232
0.8545	55	0.364493
0.8545	56	0.362406
0.8545	57	0.355572
0.8545	58	0.334202
0.8545	59	0.350937
0.8545	60	0.350031
0.8545	61	0.354497
0.8545	62	0.357778
0.8545	63	0.353508
0.8545	64	0.339934
0.8545	65	0.362978
0.8545	66	0.353757
0.8545	67	0.353476
0.8545	68	0.340436
0.8545	69	0.357998
0.8545	70	0.350110
0.8545	71	0.335143
0.8545	72	0.345025
0.8545	73	0.355367
0.8545	74	0.329120
0.8545	75	0.335927
0.8545	76	0.351416
0.8545	77	0.358260
0.8545	78	0.345993
0.8545	79	0.355026
0.8545	80	0.341105
0.8545	81	0.349922
0.8545	82	0.358386
0.8545	83	0.334338
0.8545	84	0.341590
0.8545	85	0.361108
0.8545	86	0.338099
0.8545	87	0.346343
0.8545	88	0.344811
0.8545	89	0.355198
0.8545	90	0.357891
0.8545	91	0.353795
0.8545	92	0.329549
0.8545	93	0.350460
0.8545	94	0.347916
0.8545	95	0.349794
0.8545	96	0.352567
0.8545	97	0.367441
0.8545	98	0.360292
0.8545	99	0.329393
0.8545	100	0.310282
0.8545	101	0.332337
0.8545	102	0.341372
0.8545	103	0.348984
0.8545	104	0.349535
0.8545	105	0.338953
0.8545	106	0.340399
0.8545	107	0.349012
0.8545	108	0.355246
0.8545	110	0.341293
0.8642	10	0.396583
0.8642	11	0.350986
0.8642	12	0.357449
0.8642	13	0.352281
0.8642	14	0.369270
0.8642	15	0.374227
0.8642	16	0.339411
0.8642	17	0.351230
0.8642	18	0.344426
0.8642	19	0.343977
0.8642	20	0.376711
0.8642	21	0.350051
0.8642	22	0.348538
0.8642	23	0.378324
0.8642	24	0.371968
0.8642	25	0.331062
0.8642	26	0.369319
0.8642	27	0.356861
0.8642	28	0.355115
0.8642	29	0.346592
0.8642	30	0.363618
0.8642	31	0.364531
0.8642	32	0.342803
0.8642	33	0.360794
0.8642	34	0.354846
0.8642	35	0.357693
0.8642	36	0.338138
0.8642	37	0.352933
0.8642	38	0.348694
0.8642	39	0.350197
0.8642	40	0.331491
0.8642	41	0.356256
0.8642	42	0.342610
0.8642	43	0.352055
0.8642	44	0.352044
0.8642	45	0.353459
0.8642	46	0.368588
0.8642	47	0.342548
0.8642	48	0.370581
0.8642	49	0.349085
0.8642	50	0.359578
0.8642	51	0.350961
0.8642	52	0.345139
0.8642	53	0.360856
0.8642	54	0.340772
0.8642	55	0.333491
0.8642	56	0.345865
0.8642	57	0.348943
0.8642	58	0.350442
0.8642	59	0.357103
0.8642	60	0.346698
0.8642	61	0.351741
0.8642	62	0.368596
0.8642	63	0.342161
0.8642	64	0.354171
0.8642	65	0.345350
0.8642	66	0.341585
0.8642	67	0.349949
0.8642	68	0.344029
0.8642	69	0.365696
0.8642	70	0.355766
0.8642	71	0.356671
0.8642	72	0.360690
0.8642	73	0.364444
0.8642	74	0.343788
0.8642	75	0.339323
0.8642	76	0.351452
0.8642	77	0.350771
0.8642	78	0.341331
0.8642	79	0.346567
0.8642	80	0.364203
0.8642	81	0.364917
0.8642	82	0.361912
0.8642	83	0.357405
0.8642	84	0.350397
0.8642	85	0.347324
0.8642	86	0.349840
0.8642	87	0.348545
0.8642	88	0.342258
0.8642	89	0.352247
0.8642	90	0.354708
0.8642	91	0.336853
0.8642	92	0.345373
0.8642	93	0.348197
0.8642	94	0.357948
0.8642	95	0.350536
0.8642	96	0.356393
0.8642	97	0.339385
0.8642	98	0.356931
0.8642	99	0.354990
0.8642	100	0.354859
0.8642	101	0.348068
0.8642	102	0.346223
0.8642	103	0.330734
0.8642	104	0.362053
0.8642	105	0.359946
0.8642	106	0.348643
0.8642	107	0.358749
0.8642	108	0.353956
0.8642	110	0.344926
0.8739	10	0.342128
0.8739	11	0.376930
0.8739	12	0.340682
0.8739	13	0.343764
0.8739	14	0.365154
0.8739	15	0.365127
0.8739	16	0.379565
0.8739	17	0.364384
0.8739	18	0.359472
0.8739	19	0.340879
0.8739	20	0.352222
0.8739	21	0.354077
0.8739	22	0.354718
0.8739	23	0.376113
0.8739	24	0.367909
0.8739	25	0.348453
0.8739	26	0.363647
0.8739	27	0.354334
0.8739	28	0.351338
0.8739	29	0.350375
0.8739	30	0.350073
0.8739	31	0.361058
0.8739	32	0.347170
0.8739	33	0.337843
0.8739	34	0.343746
0.8739	35	0.366145
0.8739	36	0.363029
0.8739	37	0.349986
0.8739	38	0.346373
0.8739	39	0.332464
0.8739	40	0.349751
0.8739	41	0.355905
0.8739	42	0.344294
0.8739	43	0.343308
0.8739	44	0.369262
0.8739	45	0.351478
0.8739	46	0.369139
0.8739	47	0.347242
0.8739	48	0.351922
0.8739	49	0.349344
0.8739	50	0.342483
0.8739	51	0.367649
0.8739	52	0.347089
0.8739	53	0.341855
0.8739	54	0.355024
0.8739	55	0.349791
0.8739	56	0.349456
0.8739	57	0.350176
0.8739	58	0.355048
0.8739	59	0.336292
0.8739	60	0.327469
0.8739	61	0.340284
0.8739	62	0.334932
0.8739	63	0.339895
0.8739	64	0.340245
0.8739	65	0.343320
0.8739	66	0.348822
0.8739	67	0.356513
0.8739	68	0.347650
0.8739	69	0.343667
0.8739	70	0.364008
0.8739	71	0.356224
0.8739	72	0.340244
0.8739	73	0.338814
0.8739	74	0.341197
0.8739	75	0.346463
0.8739	76	0.347412
0.8739	77	0.354784
0.8739	78	0.370931
0.8739	79	0.352354
0.8739	80	0.349061
0.8739	81	0.354128
0.8739	82	0.355324
0.8739	83	0.350489
0.8739	84	0.342708
0.8739	85	0.350924
0.8739	86	0.354740
0.8739	87	0.341587
0.8739	88	0.328583
0.8739	89	0.347077
0.8739	90	0.344547
0.8739	91	0.350885
0.8739	92	0.345139
0.8739	93	0.342490
0.8739	94	0.337796
0.8739	95	0.341380
0.8739	96	0.342984
0.8739	97	0.344642
0.8739	98	0.340398
0.8739	99	0.332528
0.8739	100	0.348229
0.8739	101	0.346988
0.8739	102	0.340802
0.8739	103	0.340621
0.8739	104	0.352081
0.8739	105	0.361427
0.8739	106	0.341379
0.8739	107	0.348169
0.8739	108	0.354694
0.8739	110	0.335019
0.8836	10	0.370263
0.8836	11	0.366077
0.8836	12	0.376165
0.8836	13	0.355243
0.8836	14	0.346279
0.8836	15	0.336138
0.8836	16	0.341693
0.8836	17	0.339315
0.8836	18	0.344431
0.8836	19	0.387406
0.8836	20	0.344424
0.8836	21	0.346721
0.8836	22	0.340974
0.8836	23	0.354989
0.8836	24	0.361583
0.8836	25	0.328881
0.8836	26	0.353963
0.8836	27	0.362815
0.8836	28	0.358317
0.8836	29	0.351730
0.8836	30	0.355472
0.8836	31	0.336928
0.8836	32	0.336193
0.8836	33	0.354457
0.8836	34	0.339485
0.8836	35	0.348785
0.8836	36	0.337120
0.8836	37	0.341056
0.8836	38	0.369883
0.8836	39	0.354208
0.8836	40	0.349710
0.8836	41	0.352079
0.8836	42	0.339125
0.8836	43	0.343773
0.8836	44	0.349770
0.8836	45	0.357357
0.8836	46	0.364291
0.8836	47	0.351855
0.8836	48	0.350872
0.8836	49	0.348773
0.8836	50	0.351775
0.8836	51	0.353560
0.8836	52	0.347300
0.8836	53	0.338082
0.8836	54	0.347187
0.8836	55	0.346994
0.8836	56	0.350238
0.8836	57	0.355623
0.8836	58	0.351640
0.8836	59	0.368429
0.8836	60	0.341114
0.8836	61	0.360584
0.8836	62	0.342473
0.8836	63	0.340640
0.8836	64	0.333300
0.8836	65	0.337200
0.8836	66	0.361371
0.8836	67	0.355771
0.8836	68	0.347391
0.8836	69	0.335243
0.8836	70	0.353936
0.8836	71	0.344747
0.8836	72	0.342133
0.8836	73	0.355259
0.8836	74	0.341929
0.8836	75	0.345390
0.8836	76	0.351712
0.8836	77	0.349295
0.8836	78	0.354474
0.8836	79	0.354137
0.8836	80	0.347883
0.8836	81	0.333732
0.8836	82	0.350076
0.8836	83	0.338257
0.8836	84	0.328333
0.8836	85	0.348611
0.8836	86	0.353885
0.8836	87	0.365921
0.8836	88	0.346117
0.8836	89	0.348522
0.8836	90	0.350437
0.8836	91	0.354590
0.8836	92	0.343651
0.8836	93	0.333518
0.8836	94	0.340859
0.8836	95	0.342772
0.8836	96	0.319650
0.8836	97	0.339206
0.8836	98	0.351999
0.8836	99	0.347941
0.8836	100	0.356842
0.8836	101	0.344303
0.8836	102	0.349251
0.8836	103	0.354179
0.8836	104	0.331485
0.8836	105	0.340818
0.8836	106	0.349826
0.8836	107	0.335461
0.8836	108	0.346187
0.8836	110	0.340385
0.8933	10	0.369454
0.8933	11	0.351317
0.8933	12	0.370184
0.8933	13	0.369585
0.8933	14	0.346038
0.8933	15	0.333611
0.8933	16	0.336190
0.8933	17	0.350690
0.8933	18	0.354924
0.8933	19	0.349202
0.8933	20	0.375886
0.8933	21	0.354928
0.8933	22	0.348026
0.8933	23	0.343881
0.8933	24	0.351600
0.8933	25	0.346762
0.8933	26	0.358145
0.8933	27	0.350167
0.8933	28	0.346547
0.8933	29	0.351070
0.8933	30	0.349844
0.8933	31	0.351342
0.8933	32	0.363564
0.8933	33	0.333443
0.8933	34	0.345585
0.8933	35	0.350452
0.8933	36	0.332626
0.8933	37	0.329671
0.8933	38	0.359378
0.8933	39	0.349767
0.8933	40	0.348720
0.8933	41	0.365429
0.8933	42	0.341864
0.8933	43	0.339003
0.8933	44	0.346352
0.8933	45	0.357537
0.8933	46	0.350086
0.8933	47	0.354263
0.8933	48	0.351839
0.8933	49	0.346074
0.8933	50	0.339648
0.8933	51	0.347027
0.8933	52	0.345424
0.8933	53	0.353102
0.8933	54	0.356268
0.8933	55	0.333627
0.8933	56	0.356699
0.8933	57	0.355163
0.8933	58	0.351499
0.8933	59	0.353790
0.8933	60	0.345501
0.8933	61	0.341135
0.8933	62	0.362566
0.8933	63	0.338003
0.8933	64	0.363917
0.8933	65	0.350376
0.8933	66	0.341560
0.8933	67	0.349297
0.8933	68	0.336132
0.8933	69	0.361735
0.8933	70	0.332766
0.8933	71	0.358006
0.8933	72	0.340628
0.8933	73	0.344261
0.8933	74	0.343486
0.8933	75	0.345304
0.8933	76	0.348083
0.8933	77	0.345261
0.8933	78	0.356668
0.8933	79	0.354364
0.8933	80	0.346337
0.8933	81	0.340449
0.8933	82	0.365722
0.8933	83	0.355402
0.8933	84	0.345038
0.8933	85	0.348420
0.8933	86	0.342850
0.8933	87	0.342791
0.8933	88	0.359274
0.8933	89	0.336732
0.8933	90	0.342310
0.8933	91	0.339057
0.8933	92	0.355388
0.8933	93	0.370034
0.8933	94	0.349381
0.8933	95	0.329505
0.8933	96	0.342541
0.8933	97	0.348818
0.8933	98	0.354399
0.8933	99	0.346438
0.8933	100	0.341637
0.8933	101	0.348955
0.8933	102	0.354577
0.8933	103	0.353002
0.8933	104	0.344844
0.8933	105	0.346516
0.8933	106	0.347000
0.8933	107	0.362193
0.8933	108	0.339032
0.8933	110	0.338807
0.9030	10	0.331979
0.9030	11	0.360786
0.9030	12	0.343464
0.9030	13	0.353604
0.9030	14	0.361829
0.9030	15	0.346776
0.9030	16	0.344072
0.9030	17	0.347048
0.9030	18	0.371288
0.9030	19	0.347059
0.9030	20	0.349691
0.9030	21	0.344759
0.9030	22	0.343119
0.9030	23	0.329147
0.9030	24	0.350764
0.9030	25	0.364125
0.9030	26	0.348252
0.9030	27	0.366162
0.9030	28	0.351453
0.9030	29	0.357155
0.9030	30	0.353671
0.9030	31	0.370362
0.9030	32	0.370007
0.9030	33	0.342273
0.9030	34	0.348077
0.9030	35	0.340260
0.9030	36	0.341427
0.9030	37	0.360988
0.9030	38	0.342931
0.9030	39	0.340748
0.9030	40	0.354967
0.9030	41	0.362793
0.9030	42	0.333938
0.9030	43	0.359257
0.9030	44	0.362402
0.9030	45	0.353371
0.9030	46	0.356865
0.9030	47	0.331614
0.9030	48	0.337205
0.9030	49	0.346091
0.9030	50	0.336473
0.9030	51	0.351104
0.9030	52	0.364923
0.9030	53	0.350653
0.9030	54	0.344728
0.9030	55	0.345619
0.9030	56	0.356210
0.9030	57	0.322892
0.9030	58	0.329398
0.9030	59	0.336826
0.9030	60	0.343267
0.9030	61	0.334263
0.9030	62	0.337449
0.9030	63	0.336017
0.9030	64	0.351802
0.9030	65	0.354942
0.9030	66	0.352367
0.9030	67	0.349235
0.9030	68	0.338647
0.9030	69	0.335888
0.9030	70	0.357672
0.9030	71	0.338785
0.9030	72	0.337149
0.9030	73	0.344173
0.9030	74	0.336731
0.9030	75	0.321636
0.9030	76	0.328172
0.9030	77	0.350181
0.9030	78	0.356870
0.9030	79	0.351654
0.9030	80	0.352011
0.9030	81	0.338981
0.9030	82	0.311982
0.9030	83	0.364722
0.9030	84	0.324127
0.9030	85	0.360049
0.9030	86	0.350753
0.9030	87	0.360200
0.9030	88	0.350599
0.9030	89	0.345699
0.9030	90	0.332715
0.9030	91	0.333967
0.9030	92	0.347663
0.9030	93	0.342138
0.9030	94	0.340340
0.9030	95	0.342410
0.9030	96	0.339182
0.9030	97	0.358448
0.9030	98	0.345213
0.9030	99	0.341402
0.9030	100	0.342327
0.9030	101	0.343306
0.9030	102	0.352312
0.9030	103	0.333586
0.9030	104	0.343568
0.9030	105	0.340453
0.9030	106	0.333748
0.9030	107	0.342420
0.9030	108	0.343016
0.9030	110	0.340926
0.9127	10	0.372061
0.9127	11	0.412389
0.9127	12	0.349485
0.9127	13	0.395303
0.9127	14	0.336965
0.9127	15	0.358049
0.9127	16	0.356077
0.9127	17	0.365315
0.9127	18	0.343763
0.9127	19	0.362327
0.9127	20	0.356454
0.9127	21	0.340184
0.9127	22	0.338957
0.9127	23	0.359050
0.9127	24	0.344296
0.9127	25	0.363533
0.9127	26	0.342131
0.9127	27	0.356381
0.9127	28	0.361718
0.9127	29	0.357577
0.9127	30	0.341520
0.9127	31	0.361294
0.9127	32	0.337921
0.9127	33	0.346624
0.9127	34	0.372186
0.9127	35	0.346126
0.9127	36	0.367981
0.9127	37	0.349326
0.9127	38	0.344598
0.9127	39	0.342390
0.9127	40	0.349786
0.9127	41	0.361173
0.9127	42	0.344873
0.9127	43	0.332029
0.9127	44	0.354988
0.9127	45	0.350124
0.9127	46	0.342752
0.9127	47	0.351882
0.9127	48	0.346730
0.9127	49	0.337722
0.9127	50	0.352775
0.9127	51	0.346066
0.9127	52	0.347021
0.9127	53	0.350592
0.9127	54	0.363011
0.9127	55	0.366379
0.9127	56	0.343860
0.9127	57	0.344334
0.9127	58	0.349921
0.9127	59	0.348860
0.9127	60	0.343153
0.9127	61	0.363073
0.9127	62	0.344545
0.9127	63	0.357091
0.9127	64	0.345867
0.9127	65	0.348160
0.9127	66	0.341711
0.9127	67	0.347171
0.9127	68	0.345479
0.9127	69	0.345321
0.9127	70	0.354338
0.9127	71	0.353688
0.9127	72	0.342550
0.9127	73	0.356861
0.9127	74	0.348055
0.9127	75	0.343119
0.9127	76	0.331684
0.9127	77	0.363207
0.9127	78	0.344834
0.9127	79	0.321918
0.9127	80	0.351830
0.9127	81	0.337760
0.9127	82	0.349376
0.9127	83	0.349520
0.9127	84	0.351374
0.9127	85	0.344584
0.9127	86	0.329402
0.9127	87	0.343920
0.9127	88	0.337416
0.9127	89	0.350574
0.9127	90	0.336727
0.9127	91	0.355869
0.9127	92	0.337016
0.9127	93	0.348638
0.9127	94	0.346287
0.9127	95	0.359025
0.9127	96	0.341540
0.9127	97	0.349399
0.9127	98	0.337078
0.9127	99	0.348575
0.9127	100	0.334603
0.9127	101	0.343932
0.9127	102	0.340248
0.9127	103	0.333643
0.9127	104	0.351014
0.9127	105	0.341280
0.9127	106	0.341181
0.9127	107	0.356347
0.9127	108	0.367931
0.9127	110	0.342684
0.9224	10	0.351768
0.9224	11	0.360252
0.9224	12	0.356182
0.9224	13	0.350801
0.9224	14	0.365146
0.9224	15	0.355300
0.9224	16	0.363677
0.9224	17	0.359967
0.9224	18	0.355542
0.9224	19	0.362302
0.9224	20	0.344510
0.9224	21	0.356585
0.9224	22	0.345515
0.9224	23	0.382298
0.9224	24	0.349473
0.9224	25	0.341588
0.9224	26	0.328873
0.9224	27	0.351807
0.9224	28	0.342797
0.9224	29	0.340682
0.9224	30	0.350508
0.9224	31	0.343447
0.9224	32	0.326553
0.9224	33	0.337307
0.9224	34	0.370493
0.9224	35	0.343311
0.9224	36	0.369990
0.9224	37	0.343410
0.9224	38	0.349599
0.9224	39	0.372022
0.9224	40	0.335627
0.9224	41	0.342509
0.9224	42	0.344158
0.9224	43	0.344215
0.9224	44	0.349356
0.9224	45	0.345171
0.9224	46	0.354770
0.9224	47	0.358208
0.9224	48	0.348461
0.9224	49	0.339381
0.9224	50	0.350230
0.9224	51	0.343547
0.9224	52	0.361138
0.9224	53	0.369074
0.9224	54	0.334140
0.9224	55	0.343052
0.9224	56	0.340238
0.9224	57	0.345555
0.9224	58	0.342734
0.9224	59	0.333272
0.9224	60	0.351949
0.9224	61	0.350916
0.9224	62	0.344772
0.9224	63	0.350713
0.9224	64	0.334133
0.9224	65	0.352333
0.9224	66	0.331438
0.9224	67	0.323895
0.9224	68	0.357764
0.9224	69	0.356592
0.9224	70	0.353572
0.9224	71	0.350289
0.9224	72	0.352275
0.9224	73	0.336759
0.9224	74	0.365752
0.9224	75	0.355630
0.9224	76	0.354240
0.9224	77	0.339827
0.9224	78	0.349603
0.9224	79	0.339753
0.9224	80	0.349814
0.9224	81	0.338477
0.9224	82	0.338535
0.9224	83	0.343881
0.9224	84	0.330094
0.9224	85	0.348499
0.9224	86	0.357128
0.9224	87	0.345800
0.9224	88	0.346005
0.9224	89	0.345780
0.9224	90	0.348472
0.9224	91	0.351617
0.9224	92	0.344371
0.9224	93	0.336022
0.9224	94	0.339623
0.9224	95	0.340205
0.9224	96	0.338487
0.9224	97	0.334189
0.9224	98	0.352605
0.9224	99	0.339609
0.9224	100	0.356661
0.9224	101	0.342412
0.9224	102	0.352058
0.9224	103	0.350509
0.9224	104	0.349987
0.9224	105	0.339935
0.9224	106	0.348135
0.9224	107	0.345197
0.9224	108	0.352724
0.9224	110	0.363084
0.9321	10	0.365285
0.9321	11	0.362581
0.9321	12	0.350173
0.9321	13	0.364435
0.9321	14	0.340947
0.9321	15	0.363578
0.9321	16	0.354938
0.9321	17	0.338081
0.9321	18	0.371575
0.9321	19	0.347769
0.9321	20	0.359944
0.9321	21	0.357836
0.9321	22	0.370644
0.9321	23	0.342463
0.9321	24	0.357180
0.9321	25	0.344784
0.9321	26	0.349477
0.9321	27	0.346679
0.9321	28	0.327364
0.9321	29	0.360508
0.9321	30	0.348306
0.9321	31	0.363169
0.9321	32	0.339262
0.9321	33	0.342072
0.9321	34	0.347418
0.9321	35	0.341901
0.9321	36	0.353029
0.9321	37	0.346940
0.9321	38	0.344288
0.9321	39	0.344622
0.9321	40	0.346152
0.9321	41	0.347914
0.9321	42	0.348716
0.9321	43	0.347096
0.9321	44	0.354607
0.9321	45	0.347017
0.9321	46	0.346061
0.9321	47	0.349512
0.9321	48	0.339167
0.9321	49	0.350728
0.9321	50	0.349644
0.9321	51	0.349642
0.9321	52	0.352874
0.9321	53	0.342491
0.9321	54	0.341310
0.9321	55	0.346853
0.9321	56	0.346438
0.9321	57	0.336847
0.9321	58	0.354145
0.9321	59	0.330084
0.9321	60	0.354337
0.9321	61	0.333425
0.9321	62	0.331128
0.9321	63	0.328957
0.9321	64	0.335107
0.9321	65	0.337848
0.9321	66	0.343910
0.9321	67	0.347973
0.9321	68	0.344061
0.9321	69	0.335434
0.9321	70	0.355658
0.9321	71	0.347789
0.9321	72	0.341455
0.9321	73	0.343277
0.9321	74	0.347317
0.9321	75	0.350242
0.9321	76	0.353371
0.9321	77	0.359208
0.9321	78	0.349000
0.9321	79	0.331221
0.9321	80	0.337419
0.9321	81	0.344357
0.9321	82	0.343152
0.9321	83	0.353263
0.9321	84	0.341002
0.9321	85	0.336730
0.9321	86	0.346363
0.9321	87	0.340129
0.9321	88	0.357588
0.9321	89	0.354155
0.9321	90	0.356403
0.9321	91	0.346595
0.9321	92	0.352038
0.9321	93	0.352385
0.9321	94	0.360413
0.9321	95	0.330289
0.9321	96	0.354045
0.9321	97	0.343536
0.9321	98	0.358848
0.9321	99	0.343555
0.9321	100	0.338890
0.9321	101	0.336469
0.9321	102	0.347363
0.9321	103	0.343224
0.9321	104	0.332571
0.9321	105	0.330259
0.9321	106	0.332580
0.9321	107	0.334089
0.9321	108	0.344892
0.9321	110	0.335348
0.9418	10	0.364302
0.9418	11	0.386814
0.9418	12	0.361389
0.9418	13	0.333954
0.9418	14	0.349453
0.9418	15	0.354035
0.9418	16	0.358570
0.9418	17	0.355226
0.9418	18	0.352103
0.9418	19	0.365871
0.9418	20	0.330444
0.9418	21	0.341371
0.9418	22	0.340658
0.9418	23	0.341754
0.9418	24	0.338786
0.9418	25	0.348978
0.9418	26	0.367345
0.9418	27	0.338629
0.9418	28	0.343676
0.9418	29	0.335158
0.9418	30	0.339673
0.9418	31	0.354447
0.9418	32	0.349277
0.9418	33	0.346611
0.9418	34	0.347966
0.9418	35	0.342549
0.9418	36	0.352997
0.9418	37	0.337124
0.9418	38	0.341019
0.9418	39	0.344289
0.9418	40	0.365317
0.9418	41	0.356074
0.9418	42	0.357249
0.9418	43	0.344278
0.9418	44	0.340747
0.9418	45	0.349375
0.9418	46	0.348501
0.9418	47	0.349589
0.9418	48	0.349387
0.9418	49	0.347214
0.9418	50	0.359748
0.9418	51	0.347365
0.9418	52	0.354623
0.9418	53	0.347912
0.9418	54	0.328147
0.9418	55	0.330826
0.9418	56	0.336730
0.9418	57	0.334829
0.9418	58	0.358984
0.9418	59	0.350707
0.9418	60	0.347843
0.9418	61	0.342343
0.9418	62	0.349567
0.9418	63	0.349042
0.9418	64	0.351454
0.9418	65	0.365213
0.9418	66	0.349591
0.9418	67	0.368323
0.9418	68	0.359353
0.9418	69	0.352395
0.9418	70	0.338863
0.9418	71	0.339933
0.9418	72	0.344075
0.9418	73	0.355003
0.9418	74	0.352239
0.9418	75	0.355511
0.9418	76	0.337340
0.9418	77	0.335516
0.9418	78	0.334252
0.9418	79	0.350100
0.9418	80	0.354138
0.9418	81	0.369772
0.9418	82	0.352819
0.9418	83	0.343477
0.9418	84	0.334304
0.9418	85	0.344807
0.9418	86	0.346718
0.9418	87	0.358627
0.9418	88	0.340705
0.9418	89	0.333251
0.9418	90	0.328870
0.9418	91	0.349390
0.9418	92	0.347081
0.9418	93	0.344528
0.9418	94	0.330427
0.9418	95	0.314888
0.9418	96	0.340031
0.9418	97	0.351543
0.9418	98	0.352805
0.9418	99	0.341910
0.9418	100	0.340482
0.9418	101	0.351483
0.9418	102	0.339571
0.9418	103	0.352190
0.9418	104	0.342772
0.9418	105	0.341122
0.9418	106	0.347594
0.9418	107	0.344243
0.9418	108	0.358824
0.9418	110	0.338283
0.9515	10	0.357740
0.9515	11	0.347292
0.9515	12	0.365852
0.9515	13	0.345009
0.9515	14	0.364206
0.9515	15	0.364869
0.9515	16	0.360911
0.9515	17	0.356760
0.9515	18	0.347875
0.9515	19	0.348294
0.9515	20	0.370662
0.9515	21	0.355200
0.9515	22	0.368894
0.9515	23	0.352256
0.9515	24	0.357673
0.9515	25	0.353990
0.9515	26	0.346068
0.9515	27	0.367541
0.9515	28	0.343412
0.9515	29	0.344882
0.9515	30	0.350462
0.9515	31	0.363831
0.9515	32	0.351982
0.9515	33	0.346086
0.9515	34	0.353969
0.9515	35	0.347331
0.9515	36	0.362289
0.9515	37	0.343784
0.9515	38	0.355018
0.9515	39	0.341324
0.9515	40	0.361120
0.9515	41	0.349786
0.9515	42	0.345243
0.9515	43	0.337706
0.9515	44	0.352841
0.9515	45	0.338194
0.9515	46	0.356814
0.9515	47	0.344306
0.9515	48	0.332964
0.9515	49	0.352879
0.9515	50	0.344752
0.9515	51	0.343327
0.9515	52	0.343461
0.9515	53	0.354839
0.9515	54	0.349082
0.9515	55	0.337684
0.9515	56	0.342342
0.9515	57	0.355328
0.9515	58	0.351401
0.9515	59	0.343431
0.9515	60	0.369666
0.9515	61	0.360588
0.9515	62	0.341906
0.9515	63	0.352702
0.9515	64	0.333838
0.9515	65	0.337042
0.9515	66	0.330307
0.9515	67	0.309206
0.9515	68	0.342471
0.9515	69	0.339524
0.9515	70	0.351727
0.9515	71	0.343079
0.9515	72	0.342648
0.9515	73	0.352218
0.9515	74	0.333859
0.9515	75	0.343170
0.9515	76	0.330882
0.9515	77	0.337665
0.9515	78	0.352527
0.9515	79	0.337361
0.9515	80	0.337865
0.9515	81	0.338122
0.9515	82	0.338393
0.9515	83	0.357081
0.9515	84	0.351650
0.9515	85	0.349132
0.9515	86	0.352506
0.9515	87	0.337256
0.9515	88	0.347770
0.9515	89	0.345969
0.9515	90	0.346022
0.9515	91	0.354924
0.9515	92	0.356599
0.9515	93	0.341747
0.9515	94	0.346062
0.9515	95	0.352110
0.9515	96	0.340164
0.9515	97	0.346733
0.9515	98	0.346122
0.9515	99	0.347742
0.9515	100	0.332722
0.9515	101	0.349998
0.9515	102	0.348834
0.9515	103	0.350367
0.9515	104	0.342321
0.9515	105	0.340251
0.9515	106	0.349527
0.9515	107	0.348054
0.9515	108	0.335826
0.9515	110	0.332169
0.9612	10	0.337586
0.9612	11	0.359802
0.9612	12	0.397400
0.9612	13	0.351872
0.9612	14	0.345145
0.9612	15	0.360129
0.9612	16	0.356444
0.9612	17	0.318493
0.9612	18	0.343457
0.9612	19	0.351308
0.9612	20	0.362083
0.9612	21	0.338561
0.9612	22	0.340648
0.9612	23	0.356077
0.9612	24	0.358123
0.9612	25	0.342945
0.9612	26	0.362361
0.9612	27	0.361903
0.9612	28	0.349907
0.9612	29	0.337931
0.9612	30	0.356347
0.9612	31	0.353799
0.9612	32	0.352529
0.9612	33	0.344085
0.9612	34	0.341128
0.9612	35	0.335445
0.9612	36	0.347618
0.9612	37	0.355963
0.9612	38	0.357504
0.9612	39	0.358233
0.9612	40	0.354440
0.9612	41	0.363656
0.9612	42	0.336581
0.9612	43	0.358861
0.9612	44	0.328011
0.9612	45	0.353707
0.9612	46	0.357958
0.9612	47	0.342833
0.9612	48	0.359430
0.9612	49	0.335278
0.9612	50	0.347417
0.9612	51	0.366898
0.9612	52	0.347369
0.9612	53	0.342594
0.9612	54	0.353437
0.9612	55	0.334583
0.9612	56	0.353976
0.9612	57	0.344006
0.9612	58	0.350731
0.9612	59	0.363084
0.9612	60	0.344223
0.9612	61	0.340397
0.9612	62	0.346310
0.9612	63	0.346790
0.9612	64	0.364887
0.9612	65	0.356524
0.9612	66	0.340836
0.9612	67	0.348625
0.9612	68	0.349650
0.9612	69	0.345974
0.9612	70	0.351378
0.9612	71	0.350152
0.9612	72	0.344945
0.9612	73	0.357813
0.9612	74	0.330283
0.9612	75	0.341627
0.9612	76	0.350893
0.9612	77	0.345532
0.9612	78	0.351667
0.9612	79	0.363984
0.9612	80	0.326077
0.9612	81	0.340616
0.9612	82	0.335571
0.9612	83	0.348297
0.9612	84	0.352262
0.9612	85	0.355491
0.9612	86	0.345308
0.9612	87	0.357181
0.9612	88	0.340530
0.9612	89	0.339771
0.9612	90	0.349913
0.9612	91	0.340682
0.9612	92	0.346895
0.9612	93	0.337528
0.9612	94	0.333216
0.9612	95	0.344524
0.9612	96	0.341524
0.9612	97	0.357457
0.9612	98	0.337175
0.9612	99	0.332501
0.9612	100	0.345873
0.9612	101	0.340839
0.9612	102	0.349222
0.9612	103	0.346208
0.9612	104	0.351477
0.9612	105	0.358899
0.9612	106	0.357827
0.9612	107	0.355529
0.9612	108	0.343927
0.9612	110	0.340241
0.9709	10	0.380483
0.9709	11	0.347277
0.9709	12	0.364374
0.9709	13	0.380884
0.9709	14	0.367016
0.9709	15	0.375287
0.9709	16	0.347261
0.9709	17	0.351822
0.9709	18	0.338004
0.9709	19	0.366459
0.9709	20	0.365172
0.9709	21	0.345039
0.9709	22	0.339762
0.9709	23	0.367300
0.9709	24	0.346862
0.9709	25	0.355984
0.9709	26	0.359557
0.9709	27	0.361360
0.9709	28	0.352879
0.9709	29	0.361804
0.9709	30	0.353335
0.9709	31	0.351046
0.9709	32	0.340376
0.9709	33	0.347786
0.9709	34	0.341888
0.9709	35	0.339759
0.9709	36	0.338776
0.9709	37	0.350400
0.9709	38	0.329408
0.9709	39	0.354445
0.9709	40	0.344237
0.9709	41	0.344787
0.9709	42	0.326396
0.9709	43	0.348183
0.9709	44	0.326960
0.9709	45	0.344690
0.9709	46	0.342255
0.9709	47	0.345475
0.9709	48	0.344091
0.9709	49	0.335615
0.9709	50	0.344397
0.9709	51	0.355752
0.9709	52	0.344446
0.9709	53	0.348897
0.9709	54	0.350244
0.9709	55	0.350404
0.9709	56	0.338022
0.9709	57	0.341010
0.9709	58	0.334191
0.9709	59	0.347163
0.9709	60	0.339993
0.9709	61	0.359061
0.9709	62	0.350207
0.9709	63	0.335737
0.9709	64	0.345255
0.9709	65	0.355622
0.9709	66	0.341152
0.9709	67	0.351962
0.9709	68	0.331676
0.9709	69	0.332299
0.9709	70	0.347650
0.9709	71	0.333462
0.9709	72	0.331501
0.9709	73	0.338636
0.9709	74	0.344391
0.9709	75	0.346906
0.9709	76	0.337855
0.9709	77	0.347872
0.9709	78	0.350178
0.9709	79	0.342029
0.9709	80	0.336549
0.9709	81	0.351070
0.9709	82	0.360352
0.9709	83	0.348239
0.9709	84	0.338791
0.9709	85	0.353257
0.9709	86	0.345137
0.9709	87	0.333938
0.9709	88	0.342810
0.9709	89	0.332625
0.9709	90	0.348007
0.9709	91	0.362269
0.9709	92	0.332350
0.9709	93	0.333475
0.9709	94	0.332403
0.9709	95	0.349158
0.9709	96	0.361871
0.9709	97	0.338331
0.9709	98	0.351819
0.9709	99	0.340837
0.9709	100	0.331968
0.9709	101	0.337330
0.9709	102	0.359163
0.9709	103	0.340192
0.9709	104	0.343013
0.9709	105	0.336711
0.9709	106	0.341912
0.9709	107	0.347002
0.9709	108	0.343466
0.9709	110	0.355240
0.9806	10	0.335535
0.9806	11	0.359722
0.9806	12	0.337302
0.9806	13	0.351415
0.9806	14	0.342384
0.9806	15	0.332172
0.9806	16	0.341970
0.9806	17	0.360632
0.9806	18	0.339867
0.9806	19	0.350332
0.9806	20	0.338641
0.9806	21	0.352305
0.9806	22	0.338405
0.9806	23	0.359236
0.9806	24	0.354668
0.9806	25	0.353693
0.9806	26	0.354237
0.9806	27	0.342204
0.9806	28	0.375684
0.9806	29	0.345237
0.9806	30	0.338993
0.9806	31	0.338929
0.9806	32	0.344606
0.9806	33	0.341352
0.9806	34	0.347422
0.9806	35	0.340766
0.9806	36	0.347679
0.9806	37	0.336455
0.9806	38	0.341513
0.9806	39	0.349836
0.9806	40	0.358279
0.9806	41	0.340524
0.9806	42	0.350376
0.9806	43	0.343771
0.9806	44	0.355734
0.9806	45	0.342539
0.9806	46	0.345884
0.9806	47	0.346026
0.9806	48	0.355128
0.9806	49	0.354180
0.9806	50	0.363053
0.9806	51	0.354871
0.9806	52	0.336722
0.9806	53	0.343851
0.9806	54	0.358333
0.9806	55	0.353583
0.9806	56	0.337423
0.9806	57	0.353872
0.9806	58	0.357159
0.9806	59	0.343207
0.9806	60	0.331223
0.9806	61	0.369566
0.9806	62	0.340048
0.9806	63	0.345897
0.9806	64	0.347079
0.9806	65	0.347547
0.9806	66	0.370022
0.9806	67	0.340682
0.9806	68	0.341453
0.9806	69	0.333005
0.9806	70	0.361376
0.9806	71	0.333844
0.9806	72	0.360861
0.9806	73	0.334779
0.9806	74	0.349264
0.9806	75	0.354430
0.9806	76	0.354011
0.9806	77	0.358293
0.9806	78	0.352652
0.9806	79	0.349408
0.9806	80	0.332697
0.9806	81	0.337288
0.9806	82	0.342436
0.9806	83	0.345253
0.9806	84	0.337264
0.9806	85	0.345681
0.9806	86	0.349237
0.9806	87	0.340060
0.9806	88	0.340164
0.9806	89	0.346799
0.9806	90	0.346940
0.9806	91	0.334060
0.9806	92	0.338524
0.9806	93	0.340650
0.9806	94	0.338518
0.9806	95	0.340058
0.9806	96	0.360476
0.9806	97	0.347801
0.9806	98	0.331735
0.9806	99	0.337080
0.9806	100	0.331741
0.9806	101	0.335266
0.9806	102	0.337795
0.9806	103	0.363512
0.9806	104	0.350626
0.9806	105	0.353474
0.9806	106	0.353789
0.9806	107	0.352249
0.9806	108	0.347247
0.9806	110	0.338518
0.9903	10	0.346622
0.9903	11	0.338686
0.9903	12	0.370325
0.9903	13	0.351764
0.9903	14	0.340152
0.9903	15	0.368120
0.9903	16	0.356187
0.9903	17	0.347286
0.9903	18	0.357955
0.9903	19	0.369205
0.9903	20	0.349199
0.9903	21	0.350993
0.9903	22	0.347600
0.9903	23	0.358945
0.9903	24	0.357426
0.9903	25	0.355327
0.9903	26	0.361452
0.9903	27	0.325975
0.9903	28	0.355629
0.9903	29	0.361001
0.9903	30	0.340966
0.9903	31	0.345432
0.9903	32	0.351785
0.9903	33	0.358083
0.9903	34	0.340444
0.9903	35	0.355136
0.9903	36	0.336179
0.9903	37	0.361855
0.9903	38	0.366856
0.9903	39	0.362121
0.9903	40	0.328293
0.9903	41	0.356919
0.9903	42	0.347010
0.9903	43	0.358046
0.9903	44	0.346325
0.9903	45	0.341514
0.9903	46	0.328033
0.9903	47	0.348212
0.9903	48	0.364713
0.9903	49	0.346629
0.9903	50	0.347064
0.9903	51	0.336366
0.9903	52	0.343300
0.9903	53	0.348634
0.9903	54	0.356680
0.9903	55	0.338733
0.9903	56	0.348387
0.9903	57	0.337983
0.9903	58	0.338356
0.9903	59	0.342491
0.9903	60	0.333152
0.9903	61	0.339228
0.9903	62	0.347390
0.9903	63	0.344591
0.9903	64	0.351426
0.9903	65	0.362932
0.9903	66	0.336971
0.9903	67	0.334311
0.9903	68	0.342118
0.9903	69	0.341248
0.9903	70	0.347759
0.9903	71	0.342143
0.9903	72	0.327905
0.9903	73	0.327316
0.9903	74	0.338936
0.9903	75	0.331746
0.9903	76	0.337185
0.9903	77	0.339950
0.9903	78	0.341933
0.9903	79	0.329850
0.9903	80	0.342462
0.9903	81	0.346538
0.9903	82	0.342940
0.9903	83	0.333775
0.9903	84	0.358964
0.9903	85	0.344485
0.9903	86	0.343456
0.9903	87	0.330823
0.9903	88	0.355652
0.9903	89	0.343978
0.9903	90	0.353484
0.9903	91	0.344587
0.9903	92	0.344337
0.9903	93	0.323514
0.9903	94	0.339427
0.9903	95	0.323063
0.9903	96	0.330806
0.9903	97	0.342406
0.9903	98	0.335612
0.9903	99	0.344492
0.9903	100	0.342928
0.9903	101	0.360369
0.9903	102	0.346784
0.9903	103	0.368834
0.9903	104	0.342866
0.9903	105	0.343430
0.9903	106	0.337521
0.9903	107	0.323545
0.9903	108	0.315158
0.9903	110	0.352359
1.0000	10	0.348515
1.0000	11	0.353881
1.0000	12	0.351377
1.0000	13	0.359782
1.0000	14	0.345636
1.0000	15	0.366852
1.0000	16	0.372040
1.0000	17	0.358227
1.0000	18	0.359024
1.0000	19	0.348186
1.0000	20	0.352353
1.0000	21	0.353308
1.0000	22	0.344453
1.0000	23	0.341622
1.0000	24	0.327719
1.0000	25	0.378184
1.0000	26	0.339856
1.0000	27	0.345240
1.0000	28	0.336238
1.0000	29	0.367195
1.0000	30	0.327106
1.0000	31	0.347912
1.0000	32	0.347322
1.0000	33	0.349510
1.0000	34	0.331313
1.0000	35	0.348377
1.0000	36	0.339930
1.0000	37	0.351196
1.0000	38	0.347237
1.0000	39	0.342867
1.0000	40	0.352327
1.0000	41	0.339946
1.0000	42	0.344173
1.0000	43	0.336170
1.0000	44	0.344637
1.0000	45	0.355600
1.0000	46	0.339491
1.0000	47	0.328985
1.0000	48	0.338443
1.0000	49	0.349472
1.0000	50	0.341074
1.0000	51	0.329677
1.0000	52	0.333039
1.0000	53	0.339238
1.0000	54	0.341997
1.0000	55	0.349544
1.0000	56	0.339612
1.0000	57	0.347744
1.0000	58	0.353407
1.0000	59	0.347303
1.0000	60	0.360609
1.0000	61	0.347520
1.0000	62	0.356534
1.0000	63	0.339579
1.0000	64	0.328014
1.0000	65	0.350152
1.0000	66	0.357770
1.0000	67	0.351143
1.0000	68	0.352550
1.0000	69	0.342328
1.0000	70	0.333860
1.0000	71	0.342490
1.0000	72	0.340553
1.0000	73	0.342494
1.0000	74	0.346851
1.0000	75	0.354290
1.0000	76	0.346058
1.0000	77	0.340160
1.0000	78	0.344969
1.0000	79	0.349155
1.0000	80	0.359233
1.0000	81	0.356099
1.0000	82	0.364389
1.0000	83	0.335970
1.0000	84	0.350467
1.0000	85	0.341545
1.0000	86	0.341932
1.0000	87	0.340572
1.0000	88	0.344820
1.0000	89	0.357216
1.0000	90	0.356852
1.0000	91	0.359374
1.0000	92	0.339332
1.0000	93	0.348325
1.0000	94	0.353637
1.0000	95	0.367562
1.0000	96	0.358000
1.0000	97	0.352034
1.0000	98	0.339798
1.0000	99	0.334272
1.0000	100	0.339188
1.0000	101	0.337823
1.0000	102	0.338887
1.0000	103	0.335401
1.0000	104	0.345802
1.0000	105	0.347255
1.0000	106	0.351167
1.0000	107	0.348018
1.0000	108	0.345250
1.0000	110	0.345380
