base_sigma	MAX_EXC_WEIGHT	Gini	mean_peaks_height	std_peaks_height	fano_factor
0.0400	2.00	0.928849	0.053571	0.004183	0.000327
0.0400	2.37	0.928849	0.052469	0.003086	0.000182
0.0400	2.73	0.928849	0.053241	0.003274	0.000201
0.0400	3.10	0.928849	0.053241	0.003274	0.000201
0.0400	3.47	0.928849	0.055556	0.004009	0.000289
0.0400	3.84	0.928849	0.054784	0.003181	0.000185
0.0400	4.20	0.928849	0.054012	0.003780	0.000265
0.0400	4.57	0.928849	0.051852	0.001852	0.000066
0.0400	4.94	0.928849	0.051852	0.001852	0.000066
0.0400	5.31	0.928849	0.051587	0.001620	0.000051
0.0400	5.67	0.928849	0.052910	0.002291	0.000099
0.0400	6.04	0.928849	0.053571	0.004860	0.000441
0.0400	6.41	0.928849	0.054012	0.005774	0.000617
0.0400	6.78	0.928849	0.051955	0.001925	0.000071
0.0400	7.14	0.928849	0.054977	0.003614	0.000238
0.0400	7.51	0.928849	0.054167	0.003616	0.000241
0.0400	7.88	0.928849	0.062243	0.012367	0.002457
0.0400	8.24	0.928849	0.077020	0.049284	0.031536
0.0400	8.61	0.928849	0.073269	0.044587	0.027133
0.0400	8.98	0.928849	0.107890	0.081025	0.060849
0.0400	9.35	0.928849	0.120211	0.093778	0.073158
0.0400	9.71	0.928849	0.134755	0.109818	0.089495
0.0400	10.08	0.928849	0.146296	0.116362	0.092552
0.0400	10.45	0.928849	0.158504	0.121199	0.092674
0.0400	10.82	0.928849	0.191919	0.152546	0.121251
0.0400	11.18	0.928849	0.154359	0.121785	0.096085
0.0400	11.55	0.928849	0.212616	0.151104	0.107388
0.0400	11.92	0.928849	0.227141	0.156661	0.108050
0.0400	12.29	0.928849	0.266345	0.166486	0.104066
0.0400	12.65	0.928849	0.287945	0.172715	0.103598
0.0400	13.02	0.928849	0.306001	0.189259	0.117055
0.0400	13.39	0.928849	0.326345	0.185187	0.105085
0.0400	13.76	0.928849	0.302279	0.165640	0.090766
0.0400	14.12	0.928849	0.351030	0.189901	0.102733
0.0400	14.49	0.928849	0.385417	0.163377	0.069255
0.0400	14.86	0.928849	0.378154	0.175572	0.081515
0.0400	15.22	0.928849	0.404915	0.158477	0.062025
0.0400	15.59	0.928849	0.405910	0.157496	0.061110
0.0400	15.96	0.928849	0.395409	0.171124	0.074058
0.0400	16.33	0.928849	0.406283	0.141986	0.049621
0.0400	16.69	0.928849	0.438151	0.168480	0.064785
0.0400	17.06	0.928849	0.470978	0.225320	0.107795
0.0400	17.43	0.928849	0.486039	0.225293	0.104430
0.0400	17.80	0.928849	0.535840	0.219854	0.090206
0.0400	18.16	0.928849	0.502242	0.216664	0.093467
0.0400	18.53	0.928849	0.569024	0.230454	0.093334
0.0400	18.90	0.928849	0.527554	0.226827	0.097526
0.0400	19.27	0.928849	0.582912	0.236210	0.095718
0.0400	19.63	0.928849	0.633916	0.232697	0.085418
0.0400	20.00	0.928849	0.597142	0.238025	0.094878
0.0514	2.00	0.913495	0.051402	0.000000	0.000000
0.0514	2.37	0.913495	0.056075	0.000000	0.000000
0.0514	2.73	0.913495	0.056075	0.000000	0.000000
0.0514	3.10	0.913495	0.056075	0.000000	0.000000
0.0514	3.47	0.913495	0.056075	0.000000	0.000000
0.0514	3.84	0.913495	0.051402	0.000000	0.000000
0.0514	4.20	0.913495	0.000000	0.000000	0.000000
0.0514	4.57	0.913495	0.000000	0.000000	0.000000
0.0514	4.94	0.913495	0.051402	0.000000	0.000000
0.0514	5.31	0.913495	0.051402	0.000000	0.000000
0.0514	5.67	0.913495	0.051402	0.000000	0.000000
0.0514	6.04	0.913495	0.051402	0.000000	0.000000
0.0514	6.41	0.913495	0.052570	0.002023	0.000078
0.0514	6.78	0.913495	0.051402	0.000000	0.000000
0.0514	7.14	0.913495	0.056075	0.000000	0.000000
0.0514	7.51	0.913495	0.058411	0.002336	0.000093
0.0514	7.88	0.913495	0.063084	0.007009	0.000779
0.0514	8.24	0.913495	0.056075	0.005723	0.000584
0.0514	8.61	0.913495	0.056854	0.008279	0.001206
0.0514	8.98	0.913495	0.060748	0.009674	0.001541
0.0514	9.35	0.913495	0.062928	0.016085	0.004112
0.0514	9.71	0.913495	0.071963	0.030893	0.013262
0.0514	10.08	0.913495	0.084424	0.041216	0.020122
0.0514	10.45	0.913495	0.081386	0.040579	0.020232
0.0514	10.82	0.913495	0.074172	0.038203	0.019677
0.0514	11.18	0.913495	0.079202	0.042926	0.023266
0.0514	11.55	0.913495	0.092839	0.056994	0.034989
0.0514	11.92	0.913495	0.106325	0.065234	0.040023
0.0514	12.29	0.913495	0.124852	0.075104	0.045178
0.0514	12.65	0.913495	0.134016	0.080456	0.048302
0.0514	13.02	0.913495	0.169614	0.096340	0.054720
0.0514	13.39	0.913495	0.208879	0.095956	0.044081
0.0514	13.76	0.913495	0.208064	0.104930	0.052917
0.0514	14.12	0.913495	0.197838	0.111392	0.062719
0.0514	14.49	0.913495	0.212560	0.111062	0.058030
0.0514	14.86	0.913495	0.225202	0.123025	0.067207
0.0514	15.22	0.913495	0.244837	0.124845	0.063660
0.0514	15.59	0.913495	0.272909	0.137444	0.069220
0.0514	15.96	0.913495	0.291816	0.133400	0.060982
0.0514	16.33	0.913495	0.334242	0.145205	0.063081
0.0514	16.69	0.913495	0.321129	0.120547	0.045252
0.0514	17.06	0.913495	0.371560	0.149255	0.059955
0.0514	17.43	0.913495	0.407422	0.167206	0.068621
0.0514	17.80	0.913495	0.444290	0.180530	0.073355
0.0514	18.16	0.913495	0.397456	0.179803	0.081341
0.0514	18.53	0.913495	0.392587	0.173894	0.077025
0.0514	18.90	0.913495	0.384714	0.169212	0.074426
0.0514	19.27	0.913495	0.412025	0.175338	0.074616
0.0514	19.63	0.913495	0.421457	0.190091	0.085737
0.0514	20.00	0.913495	0.336764	0.136464	0.055298
0.0629	2.00	0.889458	0.000000	0.000000	0.000000
0.0629	2.37	0.889458	0.000000	0.000000	0.000000
0.0629	2.73	0.889458	0.000000	0.000000	0.000000
0.0629	3.10	0.889458	0.000000	0.000000	0.000000
0.0629	3.47	0.889458	0.000000	0.000000	0.000000
0.0629	3.84	0.889458	0.000000	0.000000	0.000000
0.0629	4.20	0.889458	0.000000	0.000000	0.000000
0.0629	4.57	0.889458	0.053659	0.000000	0.000000
0.0629	4.94	0.889458	0.053659	0.000000	0.000000
0.0629	5.31	0.889458	0.053659	0.000000	0.000000
0.0629	5.67	0.889458	0.053659	0.000000	0.000000
0.0629	6.04	0.889458	0.058537	0.000000	0.000000
0.0629	6.41	0.889458	0.063415	0.000000	0.000000
0.0629	6.78	0.889458	0.068293	0.000000	0.000000
0.0629	7.14	0.889458	0.068293	0.000000	0.000000
0.0629	7.51	0.889458	0.068293	0.000000	0.000000
0.0629	7.88	0.889458	0.000000	0.000000	0.000000
0.0629	8.24	0.889458	0.000000	0.000000	0.000000
0.0629	8.61	0.889458	0.053659	0.000000	0.000000
0.0629	8.98	0.889458	0.053659	0.000000	0.000000
0.0629	9.35	0.889458	0.055285	0.002300	0.000096
0.0629	9.71	0.889458	0.060488	0.006617	0.000724
0.0629	10.08	0.889458	0.056098	0.002439	0.000106
0.0629	10.45	0.889458	0.058093	0.007908	0.001076
0.0629	10.82	0.889458	0.062927	0.012427	0.002454
0.0629	11.18	0.889458	0.068641	0.026492	0.010225
0.0629	11.55	0.889458	0.071220	0.026896	0.010157
0.0629	11.92	0.889458	0.075813	0.030004	0.011874
0.0629	12.29	0.889458	0.072493	0.027261	0.010251
0.0629	12.65	0.889458	0.080976	0.035325	0.015410
0.0629	13.02	0.889458	0.098839	0.044962	0.020453
0.0629	13.39	0.889458	0.103083	0.052913	0.027161
0.0629	13.76	0.889458	0.106543	0.051736	0.025122
0.0629	14.12	0.889458	0.115942	0.067853	0.039709
0.0629	14.49	0.889458	0.125092	0.072804	0.042372
0.0629	14.86	0.889458	0.133333	0.080081	0.048097
0.0629	15.22	0.889458	0.153437	0.102083	0.067916
0.0629	15.59	0.889458	0.160212	0.099018	0.061197
0.0629	15.96	0.889458	0.177298	0.111332	0.069910
0.0629	16.33	0.889458	0.197026	0.121091	0.074422
0.0629	16.69	0.889458	0.210511	0.128805	0.078812
0.0629	17.06	0.889458	0.250592	0.141449	0.079843
0.0629	17.43	0.889458	0.249921	0.146860	0.086299
0.0629	17.80	0.889458	0.262644	0.149976	0.085640
0.0629	18.16	0.889458	0.286220	0.161114	0.090691
0.0629	18.53	0.889458	0.285160	0.158564	0.088169
0.0629	18.90	0.889458	0.329461	0.177841	0.095998
0.0629	19.27	0.889458	0.327134	0.176913	0.095674
0.0629	19.63	0.889458	0.322011	0.170782	0.090576
0.0629	20.00	0.889458	0.339087	0.170146	0.085375
0.0743	2.00	0.858223	0.000000	0.000000	0.000000
0.0743	2.37	0.858223	0.000000	0.000000	0.000000
0.0743	2.73	0.858223	0.000000	0.000000	0.000000
0.0743	3.10	0.858223	0.000000	0.000000	0.000000
0.0743	3.47	0.858223	0.000000	0.000000	0.000000
0.0743	3.84	0.858223	0.000000	0.000000	0.000000
0.0743	4.20	0.858223	0.000000	0.000000	0.000000
0.0743	4.57	0.858223	0.000000	0.000000	0.000000
0.0743	4.94	0.858223	0.000000	0.000000	0.000000
0.0743	5.31	0.858223	0.000000	0.000000	0.000000
0.0743	5.67	0.858223	0.000000	0.000000	0.000000
0.0743	6.04	0.858223	0.000000	0.000000	0.000000
0.0743	6.41	0.858223	0.000000	0.000000	0.000000
0.0743	6.78	0.858223	0.000000	0.000000	0.000000
0.0743	7.14	0.858223	0.000000	0.000000	0.000000
0.0743	7.51	0.858223	0.000000	0.000000	0.000000
0.0743	7.88	0.858223	0.000000	0.000000	0.000000
0.0743	8.24	0.858223	0.000000	0.000000	0.000000
0.0743	8.61	0.858223	0.051225	0.000000	0.000000
0.0743	8.98	0.858223	0.000000	0.000000	0.000000
0.0743	9.35	0.858223	0.051225	0.000000	0.000000
0.0743	9.71	0.858223	0.056793	0.001114	0.000022
0.0743	10.08	0.858223	0.068300	0.017941	0.004713
0.0743	10.45	0.858223	0.070824	0.012709	0.002280
0.0743	10.82	0.858223	0.061470	0.008165	0.001085
0.0743	11.18	0.858223	0.064588	0.015313	0.003630
0.0743	11.55	0.858223	0.067112	0.013988	0.002916
0.0743	11.92	0.858223	0.072469	0.020236	0.005651
0.0743	12.29	0.858223	0.074536	0.024429	0.008007
0.0743	12.65	0.858223	0.079908	0.027369	0.009374
0.0743	13.02	0.858223	0.084760	0.028635	0.009674
0.0743	13.39	0.858223	0.081663	0.029834	0.010900
0.0743	13.76	0.858223	0.088808	0.034511	0.013411
0.0743	14.12	0.858223	0.092763	0.038131	0.015674
0.0743	14.49	0.858223	0.096309	0.037705	0.014762
0.0743	14.86	0.858223	0.099618	0.037325	0.013985
0.0743	15.22	0.858223	0.109936	0.047270	0.020325
0.0743	15.59	0.858223	0.113911	0.052560	0.024252
0.0743	15.96	0.858223	0.130024	0.069401	0.037043
0.0743	16.33	0.858223	0.134040	0.057330	0.024521
0.0743	16.69	0.858223	0.153953	0.082262	0.043955
0.0743	17.06	0.858223	0.166766	0.083983	0.042293
0.0743	17.43	0.858223	0.179500	0.097716	0.053195
0.0743	17.80	0.858223	0.178702	0.098841	0.054670
0.0743	18.16	0.858223	0.184537	0.096212	0.050162
0.0743	18.53	0.858223	0.187774	0.101491	0.054856
0.0743	18.90	0.858223	0.196958	0.104916	0.055886
0.0743	19.27	0.858223	0.206784	0.105898	0.054232
0.0743	19.63	0.858223	0.211079	0.128351	0.078047
0.0743	20.00	0.858223	0.216246	0.130190	0.078380
0.0857	2.00	0.861905	0.000000	0.000000	0.000000
0.0857	2.37	0.861905	0.050388	0.000000	0.000000
0.0857	2.73	0.861905	0.050388	0.000000	0.000000
0.0857	3.10	0.861905	0.050388	0.000000	0.000000
0.0857	3.47	0.861905	0.054264	0.003876	0.000277
0.0857	3.84	0.861905	0.052326	0.001938	0.000072
0.0857	4.20	0.861905	0.052326	0.001938	0.000072
0.0857	4.57	0.861905	0.050388	0.000000	0.000000
0.0857	4.94	0.861905	0.052326	0.001938	0.000072
0.0857	5.31	0.861905	0.050388	0.000000	0.000000
0.0857	5.67	0.861905	0.054264	0.000000	0.000000
0.0857	6.04	0.861905	0.052326	0.001938	0.000072
0.0857	6.41	0.861905	0.054264	0.000000	0.000000
0.0857	6.78	0.861905	0.052326	0.003357	0.000215
0.0857	7.14	0.861905	0.051680	0.002889	0.000161
0.0857	7.51	0.861905	0.052713	0.003101	0.000182
0.0857	7.88	0.861905	0.051495	0.002713	0.000143
0.0857	8.24	0.861905	0.051680	0.002889	0.000161
0.0857	8.61	0.861905	0.051495	0.002713	0.000143
0.0857	8.98	0.861905	0.055039	0.004520	0.000371
0.0857	9.35	0.861905	0.056589	0.005801	0.000595
0.0857	9.71	0.861905	0.053156	0.005368	0.000542
0.0857	10.08	0.861905	0.053206	0.004701	0.000415
0.0857	10.45	0.861905	0.056202	0.006128	0.000668
0.0857	10.82	0.861905	0.055321	0.005980	0.000646
0.0857	11.18	0.861905	0.059288	0.013210	0.002943
0.0857	11.55	0.861905	0.060078	0.014660	0.003577
0.0857	11.92	0.861905	0.066834	0.021218	0.006736
0.0857	12.29	0.861905	0.067264	0.024494	0.008920
0.0857	12.65	0.861905	0.073896	0.035158	0.016727
0.0857	13.02	0.861905	0.077519	0.031735	0.012992
0.0857	13.39	0.861905	0.079845	0.032018	0.012840
0.0857	13.76	0.861905	0.080600	0.034792	0.015018
0.0857	14.12	0.861905	0.087019	0.038709	0.017219
0.0857	14.49	0.861905	0.097868	0.045595	0.021242
0.0857	14.86	0.861905	0.092204	0.040143	0.017477
0.0857	15.22	0.861905	0.106775	0.051525	0.024863
0.0857	15.59	0.861905	0.133362	0.080806	0.048961
0.0857	15.96	0.861905	0.141657	0.084446	0.050341
0.0857	16.33	0.861905	0.163130	0.093080	0.053111
0.0857	16.69	0.861905	0.180735	0.104266	0.060151
0.0857	17.06	0.861905	0.196203	0.114695	0.067048
0.0857	17.43	0.861905	0.212933	0.108416	0.055200
0.0857	17.80	0.861905	0.222509	0.122076	0.066975
0.0857	18.16	0.861905	0.212815	0.125985	0.074583
0.0857	18.53	0.861905	0.244498	0.133121	0.072480
0.0857	18.90	0.861905	0.256245	0.146830	0.084135
0.0857	19.27	0.861905	0.269466	0.146527	0.079677
0.0857	19.63	0.861905	0.303885	0.158005	0.082154
0.0857	20.00	0.861905	0.325151	0.155651	0.074511
0.0971	2.00	0.829273	0.000000	0.000000	0.000000
0.0971	2.37	0.829273	0.000000	0.000000	0.000000
0.0971	2.73	0.829273	0.000000	0.000000	0.000000
0.0971	3.10	0.829273	0.000000	0.000000	0.000000
0.0971	3.47	0.829273	0.000000	0.000000	0.000000
0.0971	3.84	0.829273	0.000000	0.000000	0.000000
0.0971	4.20	0.829273	0.052863	0.000000	0.000000
0.0971	4.57	0.829273	0.052863	0.000000	0.000000
0.0971	4.94	0.829273	0.052863	0.000000	0.000000
0.0971	5.31	0.829273	0.061674	0.000000	0.000000
0.0971	5.67	0.829273	0.061674	0.000000	0.000000
0.0971	6.04	0.829273	0.061674	0.000000	0.000000
0.0971	6.41	0.829273	0.061674	0.000000	0.000000
0.0971	6.78	0.829273	0.061674	0.000000	0.000000
0.0971	7.14	0.829273	0.066079	0.000000	0.000000
0.0971	7.51	0.829273	0.066079	0.000000	0.000000
0.0971	7.88	0.829273	0.061674	0.004405	0.000315
0.0971	8.24	0.829273	0.061674	0.004405	0.000315
0.0971	8.61	0.829273	0.060206	0.007488	0.000931
0.0971	8.98	0.829273	0.058737	0.005494	0.000514
0.0971	9.35	0.829273	0.063877	0.011013	0.001899
0.0971	9.71	0.829273	0.064821	0.008396	0.001088
0.0971	10.08	0.829273	0.066418	0.015010	0.003392
0.0971	10.45	0.829273	0.068282	0.022517	0.007425
0.0971	10.82	0.829273	0.070065	0.020569	0.006038
0.0971	11.18	0.829273	0.070333	0.025959	0.009581
0.0971	11.55	0.829273	0.077874	0.036092	0.016727
0.0971	11.92	0.829273	0.093539	0.050609	0.027382
0.0971	12.29	0.829273	0.092172	0.048764	0.025799
0.0971	12.65	0.829273	0.100797	0.052382	0.027222
0.0971	13.02	0.829273	0.112205	0.072650	0.047040
0.0971	13.39	0.829273	0.106976	0.065424	0.040012
0.0971	13.76	0.829273	0.127248	0.079412	0.049559
0.0971	14.12	0.829273	0.142647	0.085373	0.051095
0.0971	14.49	0.829273	0.173065	0.107945	0.067329
0.0971	14.86	0.829273	0.184299	0.114195	0.070757
0.0971	15.22	0.829273	0.202014	0.124267	0.076441
0.0971	15.59	0.829273	0.233006	0.128298	0.070644
0.0971	15.96	0.829273	0.248202	0.144478	0.084101
0.0971	16.33	0.829273	0.318476	0.149757	0.070420
0.0971	16.69	0.829273	0.323948	0.169114	0.088284
0.0971	17.06	0.829273	0.358036	0.169311	0.080065
0.0971	17.43	0.829273	0.364916	0.186189	0.094998
0.0971	17.80	0.829273	0.374384	0.183214	0.089660
0.0971	18.16	0.829273	0.415845	0.189203	0.086084
0.0971	18.53	0.829273	0.480617	0.224747	0.105097
0.0971	18.90	0.829273	0.430760	0.243779	0.137962
0.0971	19.27	0.829273	0.565373	0.217923	0.083998
0.0971	19.63	0.829273	0.544246	0.251193	0.115936
0.0971	20.00	0.829273	0.564277	0.237690	0.100122
0.1086	2.00	0.804016	0.055970	0.002154	0.000083
0.1086	2.37	0.804016	0.055970	0.002154	0.000083
0.1086	2.73	0.804016	0.055721	0.001990	0.000071
0.1086	3.10	0.804016	0.055970	0.002154	0.000083
0.1086	3.47	0.804016	0.057214	0.002488	0.000108
0.1086	3.84	0.804016	0.055721	0.001990	0.000071
0.1086	4.20	0.804016	0.055721	0.001990	0.000071
0.1086	4.57	0.804016	0.055970	0.002154	0.000083
0.1086	4.94	0.804016	0.059701	0.000000	0.000000
0.1086	5.31	0.804016	0.059701	0.000000	0.000000
0.1086	5.67	0.804016	0.059701	0.000000	0.000000
0.1086	6.04	0.804016	0.059701	0.000000	0.000000
0.1086	6.41	0.804016	0.059701	0.000000	0.000000
0.1086	6.78	0.804016	0.059701	0.000000	0.000000
0.1086	7.14	0.804016	0.059701	0.000000	0.000000
0.1086	7.51	0.804016	0.059701	0.000000	0.000000
0.1086	7.88	0.804016	0.058043	0.002345	0.000095
0.1086	8.24	0.804016	0.058043	0.002345	0.000095
0.1086	8.61	0.804016	0.058280	0.003482	0.000208
0.1086	8.98	0.804016	0.057569	0.003624	0.000228
0.1086	9.35	0.804016	0.057214	0.003518	0.000216
0.1086	9.71	0.804016	0.057569	0.003624	0.000228
0.1086	10.08	0.804016	0.059204	0.004694	0.000372
0.1086	10.45	0.804016	0.058872	0.004465	0.000339
0.1086	10.82	0.804016	0.059701	0.004542	0.000345
0.1086	11.18	0.804016	0.062380	0.010972	0.001930
0.1086	11.55	0.804016	0.065032	0.010548	0.001711
0.1086	11.92	0.804016	0.065229	0.012398	0.002356
0.1086	12.29	0.804016	0.064903	0.012858	0.002547
0.1086	12.65	0.804016	0.065326	0.015822	0.003832
0.1086	13.02	0.804016	0.065782	0.015399	0.003605
0.1086	13.39	0.804016	0.066231	0.015557	0.003654
0.1086	13.76	0.804016	0.067662	0.015240	0.003432
0.1086	14.12	0.804016	0.065807	0.013578	0.002802
0.1086	14.49	0.804016	0.069259	0.013619	0.002678
0.1086	14.86	0.804016	0.072637	0.016762	0.003868
0.1086	15.22	0.804016	0.073769	0.020032	0.005440
0.1086	15.59	0.804016	0.076713	0.019932	0.005179
0.1086	15.96	0.804016	0.079524	0.023027	0.006667
0.1086	16.33	0.804016	0.083937	0.030273	0.010918
0.1086	16.69	0.804016	0.087800	0.029488	0.009903
0.1086	17.06	0.804016	0.093827	0.033674	0.012085
0.1086	17.43	0.804016	0.097717	0.037324	0.014256
0.1086	17.80	0.804016	0.111043	0.047803	0.020579
0.1086	18.16	0.804016	0.119353	0.049299	0.020363
0.1086	18.53	0.804016	0.117486	0.048414	0.019950
0.1086	18.90	0.804016	0.126427	0.055257	0.024151
0.1086	19.27	0.804016	0.138021	0.058319	0.024642
0.1086	19.63	0.804016	0.141960	0.062030	0.027104
0.1086	20.00	0.804016	0.151100	0.061189	0.024779
0.1200	2.00	0.798717	0.000000	0.000000	0.000000
0.1200	2.37	0.798717	0.000000	0.000000	0.000000
0.1200	2.73	0.798717	0.000000	0.000000	0.000000
0.1200	3.10	0.798717	0.000000	0.000000	0.000000
0.1200	3.47	0.798717	0.000000	0.000000	0.000000
0.1200	3.84	0.798717	0.000000	0.000000	0.000000
0.1200	4.20	0.798717	0.000000	0.000000	0.000000
0.1200	4.57	0.798717	0.000000	0.000000	0.000000
0.1200	4.94	0.798717	0.000000	0.000000	0.000000
0.1200	5.31	0.798717	0.000000	0.000000	0.000000
0.1200	5.67	0.798717	0.000000	0.000000	0.000000
0.1200	6.04	0.798717	0.000000	0.000000	0.000000
0.1200	6.41	0.798717	0.000000	0.000000	0.000000
0.1200	6.78	0.798717	0.000000	0.000000	0.000000
0.1200	7.14	0.798717	0.051562	0.001562	0.000047
0.1200	7.51	0.798717	0.051562	0.001562	0.000047
0.1200	7.88	0.798717	0.053125	0.003125	0.000184
0.1200	8.24	0.798717	0.053125	0.003125	0.000184
0.1200	8.61	0.798717	0.054167	0.003898	0.000280
0.1200	8.98	0.798717	0.053125	0.004419	0.000368
0.1200	9.35	0.798717	0.060156	0.009726	0.001573
0.1200	9.71	0.798717	0.058750	0.008705	0.001290
0.1200	10.08	0.798717	0.059766	0.014187	0.003368
0.1200	10.45	0.798717	0.057386	0.012232	0.002607
0.1200	10.82	0.798717	0.059856	0.012491	0.002607
0.1200	11.18	0.798717	0.063170	0.012056	0.002301
0.1200	11.55	0.798717	0.064583	0.015464	0.003703
0.1200	11.92	0.798717	0.060085	0.015509	0.004003
0.1200	12.29	0.798717	0.063542	0.017693	0.004927
0.1200	12.65	0.798717	0.062269	0.015378	0.003798
0.1200	13.02	0.798717	0.065015	0.017395	0.004654
0.1200	13.39	0.798717	0.069260	0.020520	0.006079
0.1200	13.76	0.798717	0.077141	0.027009	0.009456
0.1200	14.12	0.798717	0.083036	0.034004	0.013925
0.1200	14.49	0.798717	0.080385	0.037176	0.017193
0.1200	14.86	0.798717	0.087029	0.038965	0.017445
0.1200	15.22	0.798717	0.105295	0.054993	0.028722
0.1200	15.59	0.798717	0.105154	0.052665	0.026377
0.1200	15.96	0.798717	0.119228	0.061233	0.031448
0.1200	16.33	0.798717	0.126369	0.069693	0.038436
0.1200	16.69	0.798717	0.142960	0.075344	0.039708
0.1200	17.06	0.798717	0.135589	0.070457	0.036612
0.1200	17.43	0.798717	0.153225	0.083337	0.045326
0.1200	17.80	0.798717	0.164433	0.088208	0.047318
0.1200	18.16	0.798717	0.178225	0.095408	0.051074
0.1200	18.53	0.798717	0.199451	0.100812	0.050955
0.1200	18.90	0.798717	0.211973	0.114313	0.061647
0.1200	19.27	0.798717	0.208454	0.111345	0.059475
0.1200	19.63	0.798717	0.206832	0.110108	0.058616
0.1200	20.00	0.798717	0.227847	0.114911	0.057954
0.1314	2.00	0.793405	0.000000	0.000000	0.000000
0.1314	2.37	0.793405	0.000000	0.000000	0.000000
0.1314	2.73	0.793405	0.000000	0.000000	0.000000
0.1314	3.10	0.793405	0.000000	0.000000	0.000000
0.1314	3.47	0.793405	0.000000	0.000000	0.000000
0.1314	3.84	0.793405	0.000000	0.000000	0.000000
0.1314	4.20	0.793405	0.000000	0.000000	0.000000
0.1314	4.57	0.793405	0.000000	0.000000	0.000000
0.1314	4.94	0.793405	0.000000	0.000000	0.000000
0.1314	5.31	0.793405	0.000000	0.000000	0.000000
0.1314	5.67	0.793405	0.000000	0.000000	0.000000
0.1314	6.04	0.793405	0.053381	0.000000	0.000000
0.1314	6.41	0.793405	0.053381	0.000000	0.000000
0.1314	6.78	0.793405	0.053381	0.000000	0.000000
0.1314	7.14	0.793405	0.053381	0.000000	0.000000
0.1314	7.51	0.793405	0.053381	0.000000	0.000000
0.1314	7.88	0.793405	0.053381	0.000000	0.000000
0.1314	8.24	0.793405	0.000000	0.000000	0.000000
0.1314	8.61	0.793405	0.053381	0.000000	0.000000
0.1314	8.98	0.793405	0.060498	0.000000	0.000000
0.1314	9.35	0.793405	0.060498	0.000000	0.000000
0.1314	9.71	0.793405	0.060498	0.000000	0.000000
0.1314	10.08	0.793405	0.056940	0.002906	0.000148
0.1314	10.45	0.793405	0.056940	0.003559	0.000222
0.1314	10.82	0.793405	0.060498	0.005033	0.000419
0.1314	11.18	0.793405	0.058973	0.004981	0.000421
0.1314	11.55	0.793405	0.060103	0.007769	0.001004
0.1314	11.92	0.793405	0.058856	0.006490	0.000716
0.1314	12.29	0.793405	0.063549	0.010832	0.001846
0.1314	12.65	0.793405	0.063920	0.009795	0.001501
0.1314	13.02	0.793405	0.065480	0.011201	0.001916
0.1314	13.39	0.793405	0.069108	0.015858	0.003639
0.1314	13.76	0.793405	0.071085	0.019918	0.005581
0.1314	14.12	0.793405	0.079699	0.025013	0.007850
0.1314	14.49	0.793405	0.077123	0.023545	0.007188
0.1314	14.86	0.793405	0.083333	0.028290	0.009604
0.1314	15.22	0.793405	0.095119	0.036588	0.014074
0.1314	15.59	0.793405	0.094499	0.038580	0.015751
0.1314	15.96	0.793405	0.108162	0.048027	0.021325
0.1314	16.33	0.793405	0.118914	0.055013	0.025450
0.1314	16.69	0.793405	0.132408	0.064838	0.031750
0.1314	17.06	0.793405	0.147635	0.078469	0.041707
0.1314	17.43	0.793405	0.172055	0.088862	0.045895
0.1314	17.80	0.793405	0.209924	0.105379	0.052899
0.1314	18.16	0.793405	0.188256	0.099815	0.052923
0.1314	18.53	0.793405	0.218255	0.107475	0.052924
0.1314	18.90	0.793405	0.227995	0.114987	0.057992
0.1314	19.27	0.793405	0.239474	0.124028	0.064237
0.1314	19.63	0.793405	0.259059	0.131714	0.066968
0.1314	20.00	0.793405	0.271539	0.134557	0.066678
0.1429	2.00	0.770972	0.000000	0.000000	0.000000
0.1429	2.37	0.770972	0.000000	0.000000	0.000000
0.1429	2.73	0.770972	0.000000	0.000000	0.000000
0.1429	3.10	0.770972	0.055215	0.000000	0.000000
0.1429	3.47	0.770972	0.055215	0.000000	0.000000
0.1429	3.84	0.770972	0.000000	0.000000	0.000000
0.1429	4.20	0.770972	0.055215	0.000000	0.000000
0.1429	4.57	0.770972	0.055215	0.000000	0.000000
0.1429	4.94	0.770972	0.055215	0.000000	0.000000
0.1429	5.31	0.770972	0.055215	0.000000	0.000000
0.1429	5.67	0.770972	0.055215	0.000000	0.000000
0.1429	6.04	0.770972	0.055215	0.000000	0.000000
0.1429	6.41	0.770972	0.055215	0.000000	0.000000
0.1429	6.78	0.770972	0.055215	0.000000	0.000000
0.1429	7.14	0.770972	0.055215	0.000000	0.000000
0.1429	7.51	0.770972	0.059305	0.002892	0.000141
0.1429	7.88	0.770972	0.057260	0.002892	0.000146
0.1429	8.24	0.770972	0.055215	0.000000	0.000000
0.1429	8.61	0.770972	0.055215	0.000000	0.000000
0.1429	8.98	0.770972	0.058282	0.003067	0.000161
0.1429	9.35	0.770972	0.059305	0.006782	0.000776
0.1429	9.71	0.770972	0.059509	0.006166	0.000639
0.1429	10.08	0.770972	0.059119	0.006007	0.000610
0.1429	10.45	0.770972	0.061822	0.006117	0.000605
0.1429	10.82	0.770972	0.065031	0.007362	0.000833
0.1429	11.18	0.770972	0.066041	0.009764	0.001444
0.1429	11.55	0.770972	0.067193	0.012045	0.002159
0.1429	11.92	0.770972	0.063541	0.007552	0.000898
0.1429	12.29	0.770972	0.066121	0.010928	0.001806
0.1429	12.65	0.770972	0.064417	0.013532	0.002843
0.1429	13.02	0.770972	0.066503	0.011203	0.001887
0.1429	13.39	0.770972	0.074195	0.022508	0.006828
0.1429	13.76	0.770972	0.074847	0.023530	0.007397
0.1429	14.12	0.770972	0.072981	0.025147	0.008665
0.1429	14.49	0.770972	0.078713	0.033064	0.013889
0.1429	14.86	0.770972	0.085305	0.038935	0.017771
0.1429	15.22	0.770972	0.099603	0.051423	0.026549
0.1429	15.59	0.770972	0.094229	0.046538	0.022984
0.1429	15.96	0.770972	0.111763	0.064199	0.036877
0.1429	16.33	0.770972	0.124744	0.077339	0.047949
0.1429	16.69	0.770972	0.133962	0.082939	0.051349
0.1429	17.06	0.770972	0.141025	0.087017	0.053693
0.1429	17.43	0.770972	0.158282	0.096046	0.058281
0.1429	17.80	0.770972	0.200967	0.104131	0.053955
0.1429	18.16	0.770972	0.239483	0.124876	0.065116
0.1429	18.53	0.770972	0.280809	0.129103	0.059356
0.1429	18.90	0.770972	0.258253	0.140034	0.075932
0.1429	19.27	0.770972	0.285909	0.146011	0.074566
0.1429	19.63	0.770972	0.356130	0.164489	0.075974
0.1429	20.00	0.770972	0.348639	0.171342	0.084208
0.1543	2.00	0.773608	0.054237	0.000000	0.000000
0.1543	2.37	0.773608	0.054237	0.000000	0.000000
0.1543	2.73	0.773608	0.054237	0.000000	0.000000
0.1543	3.10	0.773608	0.054237	0.000000	0.000000
0.1543	3.47	0.773608	0.054237	0.000000	0.000000
0.1543	3.84	0.773608	0.000000	0.000000	0.000000
0.1543	4.20	0.773608	0.000000	0.000000	0.000000
0.1543	4.57	0.773608	0.000000	0.000000	0.000000
0.1543	4.94	0.773608	0.000000	0.000000	0.000000
0.1543	5.31	0.773608	0.000000	0.000000	0.000000
0.1543	5.67	0.773608	0.000000	0.000000	0.000000
0.1543	6.04	0.773608	0.000000	0.000000	0.000000
0.1543	6.41	0.773608	0.000000	0.000000	0.000000
0.1543	6.78	0.773608	0.053559	0.002537	0.000120
0.1543	7.14	0.773608	0.052542	0.001695	0.000055
0.1543	7.51	0.773608	0.054915	0.002537	0.000117
0.1543	7.88	0.773608	0.055206	0.003934	0.000280
0.1543	8.24	0.773608	0.054237	0.003138	0.000182
0.1543	8.61	0.773608	0.057627	0.006533	0.000741
0.1543	8.98	0.773608	0.057627	0.006564	0.000748
0.1543	9.35	0.773608	0.053107	0.001598	0.000048
0.1543	9.71	0.773608	0.050847	0.000000	0.000000
0.1543	10.08	0.773608	0.053107	0.001598	0.000048
0.1543	10.45	0.773608	0.051695	0.001468	0.000042
0.1543	10.82	0.773608	0.051412	0.001263	0.000031
0.1543	11.18	0.773608	0.053313	0.003849	0.000278
0.1543	11.55	0.773608	0.055367	0.005300	0.000507
0.1543	11.92	0.773608	0.054237	0.005053	0.000471
0.1543	12.29	0.773608	0.054545	0.005863	0.000630
0.1543	12.65	0.773608	0.059821	0.011329	0.002146
0.1543	13.02	0.773608	0.057935	0.010062	0.001747
0.1543	13.39	0.773608	0.061966	0.013611	0.002990
0.1543	13.76	0.773608	0.065662	0.013311	0.002698
0.1543	14.12	0.773608	0.072349	0.026332	0.009584
0.1543	14.49	0.773608	0.067398	0.018983	0.005346
0.1543	14.86	0.773608	0.078719	0.032589	0.013492
0.1543	15.22	0.773608	0.084262	0.039118	0.018161
0.1543	15.59	0.773608	0.083281	0.038355	0.017664
0.1543	15.96	0.773608	0.101648	0.052717	0.027340
0.1543	16.33	0.773608	0.108915	0.058206	0.031107
0.1543	16.69	0.773608	0.111219	0.064958	0.037939
0.1543	17.06	0.773608	0.122152	0.067835	0.037671
0.1543	17.43	0.773608	0.136066	0.086375	0.054831
0.1543	17.80	0.773608	0.215785	0.122844	0.069934
0.1543	18.16	0.773608	0.230259	0.127176	0.070241
0.1543	18.53	0.773608	0.228154	0.138508	0.084085
0.1543	18.90	0.773608	0.252736	0.142204	0.080012
0.1543	19.27	0.773608	0.252113	0.146671	0.085329
0.1543	19.63	0.773608	0.256812	0.153897	0.092224
0.1543	20.00	0.773608	0.260235	0.160082	0.098474
0.1657	2.00	0.756020	0.000000	0.000000	0.000000
0.1657	2.37	0.756020	0.000000	0.000000	0.000000
0.1657	2.73	0.756020	0.000000	0.000000	0.000000
0.1657	3.10	0.756020	0.000000	0.000000	0.000000
0.1657	3.47	0.756020	0.000000	0.000000	0.000000
0.1657	3.84	0.756020	0.000000	0.000000	0.000000
0.1657	4.20	0.756020	0.000000	0.000000	0.000000
0.1657	4.57	0.756020	0.000000	0.000000	0.000000
0.1657	4.94	0.756020	0.000000	0.000000	0.000000
0.1657	5.31	0.756020	0.000000	0.000000	0.000000
0.1657	5.67	0.756020	0.000000	0.000000	0.000000
0.1657	6.04	0.756020	0.000000	0.000000	0.000000
0.1657	6.41	0.756020	0.000000	0.000000	0.000000
0.1657	6.78	0.756020	0.000000	0.000000	0.000000
0.1657	7.14	0.756020	0.000000	0.000000	0.000000
0.1657	7.51	0.756020	0.000000	0.000000	0.000000
0.1657	7.88	0.756020	0.000000	0.000000	0.000000
0.1657	8.24	0.756020	0.000000	0.000000	0.000000
0.1657	8.61	0.756020	0.051522	0.000000	0.000000
0.1657	8.98	0.756020	0.051522	0.000000	0.000000
0.1657	9.35	0.756020	0.051522	0.000000	0.000000
0.1657	9.71	0.756020	0.051522	0.000000	0.000000
0.1657	10.08	0.756020	0.051522	0.000000	0.000000
0.1657	10.45	0.756020	0.053864	0.000000	0.000000
0.1657	10.82	0.756020	0.053864	0.000000	0.000000
0.1657	11.18	0.756020	0.052303	0.001104	0.000023
0.1657	11.55	0.756020	0.053864	0.001912	0.000068
0.1657	11.92	0.756020	0.053864	0.001912	0.000068
0.1657	12.29	0.756020	0.054450	0.003839	0.000271
0.1657	12.65	0.756020	0.056792	0.004792	0.000404
0.1657	13.02	0.756020	0.057247	0.007332	0.000939
0.1657	13.39	0.756020	0.056747	0.005893	0.000612
0.1657	13.76	0.756020	0.056938	0.004199	0.000310
0.1657	14.12	0.756020	0.058548	0.009032	0.001393
0.1657	14.49	0.756020	0.060890	0.009830	0.001587
0.1657	14.86	0.756020	0.063232	0.010962	0.001900
0.1657	15.22	0.756020	0.063607	0.009973	0.001564
0.1657	15.59	0.756020	0.065496	0.012734	0.002476
0.1657	15.96	0.756020	0.067614	0.014236	0.002997
0.1657	16.33	0.756020	0.065676	0.017436	0.004629
0.1657	16.69	0.756020	0.070708	0.021723	0.006674
0.1657	17.06	0.756020	0.073955	0.022083	0.006594
0.1657	17.43	0.756020	0.074409	0.022591	0.006859
0.1657	17.80	0.756020	0.085129	0.025386	0.007570
0.1657	18.16	0.756020	0.085468	0.026231	0.008050
0.1657	18.53	0.756020	0.093800	0.033021	0.011625
0.1657	18.90	0.756020	0.101265	0.035565	0.012491
0.1657	19.27	0.756020	0.108548	0.037490	0.012948
0.1657	19.63	0.756020	0.113402	0.043163	0.016429
0.1657	20.00	0.756020	0.100312	0.033546	0.011218
0.1771	2.00	0.714258	0.051471	0.000000	0.000000
0.1771	2.37	0.714258	0.000000	0.000000	0.000000
0.1771	2.73	0.714258	0.000000	0.000000	0.000000
0.1771	3.10	0.714258	0.051471	0.000000	0.000000
0.1771	3.47	0.714258	0.000000	0.000000	0.000000
0.1771	3.84	0.714258	0.000000	0.000000	0.000000
0.1771	4.20	0.714258	0.000000	0.000000	0.000000
0.1771	4.57	0.714258	0.000000	0.000000	0.000000
0.1771	4.94	0.714258	0.000000	0.000000	0.000000
0.1771	5.31	0.714258	0.000000	0.000000	0.000000
0.1771	5.67	0.714258	0.000000	0.000000	0.000000
0.1771	6.04	0.714258	0.000000	0.000000	0.000000
0.1771	6.41	0.714258	0.058824	0.000000	0.000000
0.1771	6.78	0.714258	0.062500	0.000000	0.000000
0.1771	7.14	0.714258	0.062500	0.000000	0.000000
0.1771	7.51	0.714258	0.062500	0.000000	0.000000
0.1771	7.88	0.714258	0.062500	0.000000	0.000000
0.1771	8.24	0.714258	0.062500	0.000000	0.000000
0.1771	8.61	0.714258	0.062500	0.000000	0.000000
0.1771	8.98	0.714258	0.062500	0.000000	0.000000
0.1771	9.35	0.714258	0.051471	0.000000	0.000000
0.1771	9.71	0.714258	0.051471	0.000000	0.000000
0.1771	10.08	0.714258	0.053309	0.003184	0.000190
0.1771	10.45	0.714258	0.054228	0.003048	0.000171
0.1771	10.82	0.714258	0.055147	0.004503	0.000368
0.1771	11.18	0.714258	0.055760	0.004940	0.000438
0.1771	11.55	0.714258	0.056618	0.004987	0.000439
0.1771	11.92	0.714258	0.057598	0.008871	0.001366
0.1771	12.29	0.714258	0.057988	0.009972	0.001715
0.1771	12.65	0.714258	0.059436	0.011365	0.002173
0.1771	13.02	0.714258	0.059777	0.010617	0.001886
0.1771	13.39	0.714258	0.061029	0.016321	0.004365
0.1771	13.76	0.714258	0.064528	0.016960	0.004458
0.1771	14.12	0.714258	0.063990	0.016474	0.004241
0.1771	14.49	0.714258	0.065422	0.019705	0.005935
0.1771	14.86	0.714258	0.069444	0.021158	0.006447
0.1771	15.22	0.714258	0.071768	0.022020	0.006756
0.1771	15.59	0.714258	0.076090	0.023622	0.007333
0.1771	15.96	0.714258	0.085930	0.038152	0.016939
0.1771	16.33	0.714258	0.083238	0.038605	0.017905
0.1771	16.69	0.714258	0.088419	0.038655	0.016899
0.1771	17.06	0.714258	0.095500	0.046423	0.022567
0.1771	17.43	0.714258	0.112003	0.056630	0.028633
0.1771	17.80	0.714258	0.118975	0.062305	0.032628
0.1771	18.16	0.714258	0.126441	0.066879	0.035374
0.1771	18.53	0.714258	0.143175	0.069139	0.033387
0.1771	18.90	0.714258	0.146060	0.076257	0.039813
0.1771	19.27	0.714258	0.172847	0.089818	0.046673
0.1771	19.63	0.714258	0.170424	0.096405	0.054534
0.1771	20.00	0.714258	0.151675	0.081368	0.043651
0.1886	2.00	0.729880	0.057778	0.005543	0.000532
0.1886	2.37	0.729880	0.057239	0.005553	0.000539
0.1886	2.73	0.729880	0.057778	0.005543	0.000532
0.1886	3.10	0.729880	0.056410	0.005465	0.000530
0.1886	3.47	0.729880	0.056410	0.005465	0.000530
0.1886	3.84	0.729880	0.056790	0.005521	0.000537
0.1886	4.20	0.729880	0.055379	0.007792	0.001096
0.1886	4.57	0.729880	0.055219	0.006598	0.000788
0.1886	4.94	0.729880	0.056085	0.008105	0.001171
0.1886	5.31	0.729880	0.056530	0.008735	0.001350
0.1886	5.67	0.729880	0.056039	0.008690	0.001347
0.1886	6.04	0.729880	0.057037	0.008796	0.001356
0.1886	6.41	0.729880	0.057700	0.008524	0.001259
0.1886	6.78	0.729880	0.055704	0.006665	0.000797
0.1886	7.14	0.729880	0.056593	0.008349	0.001232
0.1886	7.51	0.729880	0.056790	0.008312	0.001217
0.1886	7.88	0.729880	0.056790	0.008730	0.001342
0.1886	8.24	0.729880	0.057185	0.008516	0.001268
0.1886	8.61	0.729880	0.056790	0.008988	0.001422
0.1886	8.98	0.729880	0.057971	0.009177	0.001453
0.1886	9.35	0.729880	0.056450	0.008571	0.001301
0.1886	9.71	0.729880	0.057407	0.007826	0.001067
0.1886	10.08	0.729880	0.057587	0.009353	0.001519
0.1886	10.45	0.729880	0.058230	0.009900	0.001683
0.1886	10.82	0.729880	0.057930	0.010186	0.001791
0.1886	11.18	0.729880	0.058226	0.010051	0.001735
0.1886	11.55	0.729880	0.058999	0.008661	0.001271
0.1886	11.92	0.729880	0.062455	0.012382	0.002455
0.1886	12.29	0.729880	0.061235	0.012237	0.002445
0.1886	12.65	0.729880	0.062902	0.015620	0.003879
0.1886	13.02	0.729880	0.064158	0.017086	0.004550
0.1886	13.39	0.729880	0.066319	0.020006	0.006035
0.1886	13.76	0.729880	0.070265	0.025252	0.009075
0.1886	14.12	0.729880	0.073481	0.028797	0.011286
0.1886	14.49	0.729880	0.075056	0.028993	0.011200
0.1886	14.86	0.729880	0.072365	0.029794	0.012266
0.1886	15.22	0.729880	0.083919	0.039315	0.018419
0.1886	15.59	0.729880	0.088340	0.047946	0.026022
0.1886	15.96	0.729880	0.090387	0.049137	0.026713
0.1886	16.33	0.729880	0.093588	0.048650	0.025290
0.1886	16.69	0.729880	0.106759	0.057933	0.031437
0.1886	17.06	0.729880	0.120687	0.067767	0.038052
0.1886	17.43	0.729880	0.136372	0.078728	0.045450
0.1886	17.80	0.729880	0.142186	0.081715	0.046962
0.1886	18.16	0.729880	0.151440	0.086479	0.049383
0.1886	18.53	0.729880	0.123906	0.073979	0.044170
0.1886	18.90	0.729880	0.134605	0.076894	0.043926
0.1886	19.27	0.729880	0.155088	0.087149	0.048972
0.1886	19.63	0.729880	0.153858	0.095554	0.059345
0.1886	20.00	0.729880	0.176049	0.103816	0.061220
0.2000	2.00	0.736223	0.051852	0.000000	0.000000
0.2000	2.37	0.736223	0.051852	0.000000	0.000000
0.2000	2.73	0.736223	0.000000	0.000000	0.000000
0.2000	3.10	0.736223	0.000000	0.000000	0.000000
0.2000	3.47	0.736223	0.000000	0.000000	0.000000
0.2000	3.84	0.736223	0.000000	0.000000	0.000000
0.2000	4.20	0.736223	0.000000	0.000000	0.000000
0.2000	4.57	0.736223	0.000000	0.000000	0.000000
0.2000	4.94	0.736223	0.000000	0.000000	0.000000
0.2000	5.31	0.736223	0.000000	0.000000	0.000000
0.2000	5.67	0.736223	0.000000	0.000000	0.000000
0.2000	6.04	0.736223	0.000000	0.000000	0.000000
0.2000	6.41	0.736223	0.000000	0.000000	0.000000
0.2000	6.78	0.736223	0.000000	0.000000	0.000000
0.2000	7.14	0.736223	0.000000	0.000000	0.000000
0.2000	7.51	0.736223	0.000000	0.000000	0.000000
0.2000	7.88	0.736223	0.000000	0.000000	0.000000
0.2000	8.24	0.736223	0.000000	0.000000	0.000000
0.2000	8.61	0.736223	0.000000	0.000000	0.000000
0.2000	8.98	0.736223	0.051852	0.000000	0.000000
0.2000	9.35	0.736223	0.054321	0.000000	0.000000
0.2000	9.71	0.736223	0.054321	0.000000	0.000000
0.2000	10.08	0.736223	0.053086	0.001235	0.000029
0.2000	10.45	0.736223	0.051852	0.000000	0.000000
0.2000	10.82	0.736223	0.054321	0.000000	0.000000
0.2000	11.18	0.736223	0.052675	0.001164	0.000026
0.2000	11.55	0.736223	0.054733	0.002635	0.000127
0.2000	11.92	0.736223	0.054321	0.002922	0.000157
0.2000	12.29	0.736223	0.057407	0.001069	0.000020
0.2000	12.65	0.736223	0.059877	0.007065	0.000834
0.2000	13.02	0.736223	0.062346	0.017288	0.004794
0.2000	13.39	0.736223	0.063735	0.013246	0.002753
0.2000	13.76	0.736223	0.062593	0.010008	0.001600
0.2000	14.12	0.736223	0.066192	0.014560	0.003203
0.2000	14.49	0.736223	0.068148	0.018470	0.005006
0.2000	14.86	0.736223	0.072580	0.019256	0.005109
0.2000	15.22	0.736223	0.072866	0.019327	0.005127
0.2000	15.59	0.736223	0.077947	0.028613	0.010503
0.2000	15.96	0.736223	0.078978	0.027018	0.009243
0.2000	16.33	0.736223	0.084452	0.031678	0.011882
0.2000	16.69	0.736223	0.092561	0.033665	0.012244
0.2000	17.06	0.736223	0.091858	0.039436	0.016930
0.2000	17.43	0.736223	0.100298	0.045054	0.020238
0.2000	17.80	0.736223	0.101914	0.043312	0.018407
0.2000	18.16	0.736223	0.112858	0.049394	0.021618
0.2000	18.53	0.736223	0.124585	0.052407	0.022045
0.2000	18.90	0.736223	0.124125	0.056237	0.025479
0.2000	19.27	0.736223	0.130752	0.058021	0.025747
0.2000	19.63	0.736223	0.136641	0.063706	0.029701
0.2000	20.00	0.736223	0.144173	0.069758	0.033753
0.2114	2.00	0.725754	0.051429	0.002259	0.000099
0.2114	2.37	0.725754	0.051250	0.002165	0.000091
0.2114	2.73	0.725754	0.050714	0.001750	0.000060
0.2114	3.10	0.725754	0.050833	0.001863	0.000068
0.2114	3.47	0.725754	0.000000	0.000000	0.000000
0.2114	3.84	0.725754	0.055000	0.000000	0.000000
0.2114	4.20	0.725754	0.052500	0.002500	0.000119
0.2114	4.57	0.725754	0.052500	0.002500	0.000119
0.2114	4.94	0.725754	0.052500	0.002500	0.000119
0.2114	5.31	0.725754	0.051667	0.002357	0.000108
0.2114	5.67	0.725754	0.051250	0.002165	0.000091
0.2114	6.04	0.725754	0.052500	0.002500	0.000119
0.2114	6.41	0.725754	0.054167	0.004488	0.000372
0.2114	6.78	0.725754	0.052857	0.003642	0.000251
0.2114	7.14	0.725754	0.054000	0.003742	0.000259
0.2114	7.51	0.725754	0.053333	0.003727	0.000260
0.2114	7.88	0.725754	0.055000	0.005000	0.000455
0.2114	8.24	0.725754	0.052727	0.003910	0.000290
0.2114	8.61	0.725754	0.053182	0.004407	0.000365
0.2114	8.98	0.725754	0.053333	0.005137	0.000495
0.2114	9.35	0.725754	0.067000	0.018330	0.005015
0.2114	9.71	0.725754	0.062143	0.017291	0.004811
0.2114	10.08	0.725754	0.061250	0.016910	0.004668
0.2114	10.45	0.725754	0.059000	0.015297	0.003966
0.2114	10.82	0.725754	0.059583	0.014643	0.003598
0.2114	11.18	0.725754	0.063636	0.017721	0.004935
0.2114	11.55	0.725754	0.064286	0.016675	0.004325
0.2114	11.92	0.725754	0.063889	0.015860	0.003937
0.2114	12.29	0.725754	0.057544	0.009917	0.001709
0.2114	12.65	0.725754	0.060000	0.012732	0.002702
0.2114	13.02	0.725754	0.061712	0.016680	0.004509
0.2114	13.39	0.725754	0.065338	0.021155	0.006849
0.2114	13.76	0.725754	0.068442	0.025178	0.009262
0.2114	14.12	0.725754	0.069121	0.024254	0.008510
0.2114	14.49	0.725754	0.075756	0.030628	0.012383
0.2114	14.86	0.725754	0.076714	0.043580	0.024757
0.2114	15.22	0.725754	0.083542	0.047004	0.026446
0.2114	15.59	0.725754	0.089634	0.053743	0.032223
0.2114	15.96	0.725754	0.100197	0.064962	0.042117
0.2114	16.33	0.725754	0.098500	0.071657	0.052129
0.2114	16.69	0.725754	0.109235	0.075472	0.052146
0.2114	17.06	0.725754	0.126084	0.082914	0.054525
0.2114	17.43	0.725754	0.124651	0.074891	0.044994
0.2114	17.80	0.725754	0.149286	0.087355	0.051117
0.2114	18.16	0.725754	0.140488	0.086865	0.053709
0.2114	18.53	0.725754	0.165195	0.094166	0.053677
0.2114	18.90	0.725754	0.181554	0.113044	0.070387
0.2114	19.27	0.725754	0.205068	0.123771	0.074703
0.2114	19.63	0.725754	0.273623	0.161054	0.094796
0.2114	20.00	0.725754	0.259667	0.171033	0.112653
0.2229	2.00	0.694084	0.000000	0.000000	0.000000
0.2229	2.37	0.694084	0.000000	0.000000	0.000000
0.2229	2.73	0.694084	0.000000	0.000000	0.000000
0.2229	3.10	0.694084	0.000000	0.000000	0.000000
0.2229	3.47	0.694084	0.058219	0.005231	0.000470
0.2229	3.84	0.694084	0.058219	0.005231	0.000470
0.2229	4.20	0.694084	0.056751	0.004794	0.000405
0.2229	4.57	0.694084	0.056751	0.004794	0.000405
0.2229	4.94	0.694084	0.058219	0.007658	0.001007
0.2229	5.31	0.694084	0.057363	0.006796	0.000805
0.2229	5.67	0.694084	0.057363	0.004767	0.000396
0.2229	6.04	0.694084	0.056751	0.004794	0.000405
0.2229	6.41	0.694084	0.056507	0.004530	0.000363
0.2229	6.78	0.694084	0.061644	0.006849	0.000761
0.2229	7.14	0.694084	0.061644	0.006849	0.000761
0.2229	7.51	0.694084	0.060122	0.006276	0.000655
0.2229	7.88	0.694084	0.061644	0.005932	0.000571
0.2229	8.24	0.694084	0.061644	0.005932	0.000571
0.2229	8.61	0.694084	0.061644	0.005932	0.000571
0.2229	8.98	0.694084	0.061644	0.005932	0.000571
0.2229	9.35	0.694084	0.060788	0.006349	0.000663
0.2229	9.71	0.694084	0.060788	0.006349	0.000663
0.2229	10.08	0.694084	0.059361	0.003229	0.000176
0.2229	10.45	0.694084	0.058219	0.003425	0.000201
0.2229	10.82	0.694084	0.060502	0.002553	0.000108
0.2229	11.18	0.694084	0.060665	0.004376	0.000316
0.2229	11.55	0.694084	0.058708	0.003390	0.000196
0.2229	11.92	0.694084	0.060883	0.005048	0.000419
0.2229	12.29	0.694084	0.062889	0.009606	0.001467
0.2229	12.65	0.694084	0.062072	0.009524	0.001461
0.2229	13.02	0.694084	0.065449	0.011691	0.002088
0.2229	13.39	0.694084	0.061390	0.007335	0.000876
0.2229	13.76	0.694084	0.063071	0.008384	0.001114
0.2229	14.12	0.694084	0.063992	0.012246	0.002344
0.2229	14.49	0.694084	0.064640	0.014624	0.003308
0.2229	14.86	0.694084	0.065639	0.015849	0.003827
0.2229	15.22	0.694084	0.067088	0.016790	0.004202
0.2229	15.59	0.694084	0.065906	0.015233	0.003521
0.2229	15.96	0.694084	0.069254	0.018334	0.004854
0.2229	16.33	0.694084	0.075068	0.024732	0.008148
0.2229	16.69	0.694084	0.080732	0.028393	0.009986
0.2229	17.06	0.694084	0.081764	0.030580	0.011437
0.2229	17.43	0.694084	0.085279	0.036367	0.015508
0.2229	17.80	0.694084	0.090375	0.043920	0.021344
0.2229	18.16	0.694084	0.093029	0.047109	0.023856
0.2229	18.53	0.694084	0.101166	0.055147	0.030061
0.2229	18.90	0.694084	0.108077	0.053496	0.026480
0.2229	19.27	0.694084	0.112237	0.058632	0.030628
0.2229	19.63	0.694084	0.118236	0.061727	0.032225
0.2229	20.00	0.694084	0.098070	0.041103	0.017227
0.2343	2.00	0.700649	0.000000	0.000000	0.000000
0.2343	2.37	0.700649	0.000000	0.000000	0.000000
0.2343	2.73	0.700649	0.000000	0.000000	0.000000
0.2343	3.10	0.700649	0.000000	0.000000	0.000000
0.2343	3.47	0.700649	0.000000	0.000000	0.000000
0.2343	3.84	0.700649	0.050633	0.000000	0.000000
0.2343	4.20	0.700649	0.050633	0.000000	0.000000
0.2343	4.57	0.700649	0.052215	0.001582	0.000048
0.2343	4.94	0.700649	0.052215	0.001582	0.000048
0.2343	5.31	0.700649	0.051688	0.001492	0.000043
0.2343	5.67	0.700649	0.051688	0.001492	0.000043
0.2343	6.04	0.700649	0.050633	0.000000	0.000000
0.2343	6.41	0.700649	0.050633	0.000000	0.000000
0.2343	6.78	0.700649	0.050633	0.000000	0.000000
0.2343	7.14	0.700649	0.050633	0.000000	0.000000
0.2343	7.51	0.700649	0.050633	0.000000	0.000000
0.2343	7.88	0.700649	0.050633	0.000000	0.000000
0.2343	8.24	0.700649	0.000000	0.000000	0.000000
0.2343	8.61	0.700649	0.000000	0.000000	0.000000
0.2343	8.98	0.700649	0.000000	0.000000	0.000000
0.2343	9.35	0.700649	0.000000	0.000000	0.000000
0.2343	9.71	0.700649	0.000000	0.000000	0.000000
0.2343	10.08	0.700649	0.000000	0.000000	0.000000
0.2343	10.45	0.700649	0.050633	0.000000	0.000000
0.2343	10.82	0.700649	0.050633	0.000000	0.000000
0.2343	11.18	0.700649	0.050633	0.000000	0.000000
0.2343	11.55	0.700649	0.052215	0.001582	0.000048
0.2343	11.92	0.700649	0.056962	0.000000	0.000000
0.2343	12.29	0.700649	0.052893	0.003260	0.000201
0.2343	12.65	0.700649	0.057278	0.006555	0.000750
0.2343	13.02	0.700649	0.056764	0.007627	0.001025
0.2343	13.39	0.700649	0.058347	0.005478	0.000514
0.2343	13.76	0.700649	0.059031	0.010639	0.001918
0.2343	14.12	0.700649	0.060549	0.011461	0.002169
0.2343	14.49	0.700649	0.061654	0.011444	0.002124
0.2343	14.86	0.700649	0.060918	0.011535	0.002184
0.2343	15.22	0.700649	0.062278	0.010879	0.001900
0.2343	15.59	0.700649	0.063526	0.015138	0.003607
0.2343	15.96	0.700649	0.066034	0.013067	0.002586
0.2343	16.33	0.700649	0.065913	0.014814	0.003329
0.2343	16.69	0.700649	0.074308	0.024091	0.007810
0.2343	17.06	0.700649	0.075230	0.028175	0.010552
0.2343	17.43	0.700649	0.078518	0.031463	0.012607
0.2343	17.80	0.700649	0.081575	0.035177	0.015169
0.2343	18.16	0.700649	0.081653	0.035121	0.015106
0.2343	18.53	0.700649	0.088337	0.034508	0.013480
0.2343	18.90	0.700649	0.099439	0.036893	0.013688
0.2343	19.27	0.700649	0.103158	0.042887	0.017830
0.2343	19.63	0.700649	0.114799	0.049930	0.021716
0.2343	20.00	0.700649	0.116995	0.054546	0.025431
0.2457	2.00	0.711721	0.054187	0.000000	0.000000
0.2457	2.37	0.711721	0.059113	0.000000	0.000000
0.2457	2.73	0.711721	0.059113	0.000000	0.000000
0.2457	3.10	0.711721	0.059113	0.000000	0.000000
0.2457	3.47	0.711721	0.059113	0.000000	0.000000
0.2457	3.84	0.711721	0.059113	0.000000	0.000000
0.2457	4.20	0.711721	0.059113	0.000000	0.000000
0.2457	4.57	0.711721	0.059113	0.000000	0.000000
0.2457	4.94	0.711721	0.059113	0.000000	0.000000
0.2457	5.31	0.711721	0.057471	0.004644	0.000375
0.2457	5.67	0.711721	0.059113	0.004022	0.000274
0.2457	6.04	0.711721	0.057471	0.004644	0.000375
0.2457	6.41	0.711721	0.059113	0.004926	0.000411
0.2457	6.78	0.711721	0.062397	0.002322	0.000086
0.2457	7.14	0.711721	0.062397	0.002322	0.000086
0.2457	7.51	0.711721	0.061576	0.002463	0.000099
0.2457	7.88	0.711721	0.059113	0.004926	0.000411
0.2457	8.24	0.711721	0.059113	0.000000	0.000000
0.2457	8.61	0.711721	0.059113	0.000000	0.000000
0.2457	8.98	0.711721	0.054187	0.000000	0.000000
0.2457	9.35	0.711721	0.059113	0.000000	0.000000
0.2457	9.71	0.711721	0.059113	0.000000	0.000000
0.2457	10.08	0.711721	0.056650	0.002463	0.000107
0.2457	10.45	0.711721	0.059113	0.000000	0.000000
0.2457	10.82	0.711721	0.058410	0.003147	0.000170
0.2457	11.18	0.711721	0.059817	0.004103	0.000281
0.2457	11.55	0.711721	0.059113	0.004022	0.000274
0.2457	11.92	0.711721	0.058621	0.005143	0.000451
0.2457	12.29	0.711721	0.056874	0.003229	0.000183
0.2457	12.65	0.711721	0.057706	0.004721	0.000386
0.2457	13.02	0.711721	0.057471	0.003444	0.000206
0.2457	13.39	0.711721	0.063300	0.010597	0.001774
0.2457	13.76	0.711721	0.065967	0.010649	0.001719
0.2457	14.12	0.711721	0.065799	0.011110	0.001876
0.2457	14.49	0.711721	0.068966	0.013549	0.002662
0.2457	14.86	0.711721	0.066927	0.013661	0.002789
0.2457	15.22	0.711721	0.070279	0.013987	0.002784
0.2457	15.59	0.711721	0.071802	0.015626	0.003401
0.2457	15.96	0.711721	0.077241	0.022018	0.006276
0.2457	16.33	0.711721	0.075728	0.020258	0.005419
0.2457	16.69	0.711721	0.079500	0.023804	0.007127
0.2457	17.06	0.711721	0.084172	0.028672	0.009766
0.2457	17.43	0.711721	0.084907	0.029947	0.010563
0.2457	17.80	0.711721	0.091687	0.034994	0.013356
0.2457	18.16	0.711721	0.094060	0.038177	0.015495
0.2457	18.53	0.711721	0.098466	0.036672	0.013658
0.2457	18.90	0.711721	0.117241	0.044627	0.016987
0.2457	19.27	0.711721	0.127258	0.051511	0.020850
0.2457	19.63	0.711721	0.140345	0.061046	0.026553
0.2457	20.00	0.711721	0.144897	0.061758	0.026322
0.2571	2.00	0.647094	0.053232	0.000000	0.000000
0.2571	2.37	0.647094	0.053232	0.000000	0.000000
0.2571	2.73	0.647094	0.053232	0.000000	0.000000
0.2571	3.10	0.647094	0.000000	0.000000	0.000000
0.2571	3.47	0.647094	0.000000	0.000000	0.000000
0.2571	3.84	0.647094	0.000000	0.000000	0.000000
0.2571	4.20	0.647094	0.000000	0.000000	0.000000
0.2571	4.57	0.647094	0.000000	0.000000	0.000000
0.2571	4.94	0.647094	0.000000	0.000000	0.000000
0.2571	5.31	0.647094	0.053232	0.000000	0.000000
0.2571	5.67	0.647094	0.053232	0.000000	0.000000
0.2571	6.04	0.647094	0.053232	0.000000	0.000000
0.2571	6.41	0.647094	0.053232	0.000000	0.000000
0.2571	6.78	0.647094	0.053232	0.000000	0.000000
0.2571	7.14	0.647094	0.053232	0.000000	0.000000
0.2571	7.51	0.647094	0.000000	0.000000	0.000000
0.2571	7.88	0.647094	0.000000	0.000000	0.000000
0.2571	8.24	0.647094	0.000000	0.000000	0.000000
0.2571	8.61	0.647094	0.000000	0.000000	0.000000
0.2571	8.98	0.647094	0.000000	0.000000	0.000000
0.2571	9.35	0.647094	0.000000	0.000000	0.000000
0.2571	9.71	0.647094	0.053232	0.000000	0.000000
0.2571	10.08	0.647094	0.057034	0.000000	0.000000
0.2571	10.45	0.647094	0.055133	0.001901	0.000066
0.2571	10.82	0.647094	0.057034	0.003802	0.000253
0.2571	11.18	0.647094	0.057034	0.003802	0.000253
0.2571	11.55	0.647094	0.057034	0.003802	0.000253
0.2571	11.92	0.647094	0.056084	0.003153	0.000177
0.2571	12.29	0.647094	0.058935	0.007839	0.001043
0.2571	12.65	0.647094	0.057985	0.006233	0.000670
0.2571	13.02	0.647094	0.058935	0.007198	0.000879
0.2571	13.39	0.647094	0.060293	0.008485	0.001194
0.2571	13.76	0.647094	0.060520	0.008425	0.001173
0.2571	14.12	0.647094	0.058789	0.008386	0.001196
0.2571	14.49	0.647094	0.058600	0.004890	0.000408
0.2571	14.86	0.647094	0.060076	0.004849	0.000391
0.2571	15.22	0.647094	0.060228	0.006053	0.000608
0.2571	15.59	0.647094	0.060469	0.005743	0.000545
0.2571	15.96	0.647094	0.062961	0.006726	0.000718
0.2571	16.33	0.647094	0.063566	0.008301	0.001084
0.2571	16.69	0.647094	0.066751	0.010062	0.001517
0.2571	17.06	0.647094	0.062210	0.010496	0.001771
0.2571	17.43	0.647094	0.063794	0.011689	0.002142
0.2571	17.80	0.647094	0.065260	0.012154	0.002264
0.2571	18.16	0.647094	0.068441	0.013634	0.002716
0.2571	18.53	0.647094	0.069999	0.015493	0.003429
0.2571	18.90	0.647094	0.070916	0.016611	0.003891
0.2571	19.27	0.647094	0.073689	0.017434	0.004125
0.2571	19.63	0.647094	0.076672	0.022813	0.006788
0.2571	20.00	0.647094	0.082587	0.028614	0.009914
0.2686	2.00	0.692686	0.000000	0.000000	0.000000
0.2686	2.37	0.692686	0.000000	0.000000	0.000000
0.2686	2.73	0.692686	0.000000	0.000000	0.000000
0.2686	3.10	0.692686	0.000000	0.000000	0.000000
0.2686	3.47	0.692686	0.000000	0.000000	0.000000
0.2686	3.84	0.692686	0.000000	0.000000	0.000000
0.2686	4.20	0.692686	0.000000	0.000000	0.000000
0.2686	4.57	0.692686	0.000000	0.000000	0.000000
0.2686	4.94	0.692686	0.000000	0.000000	0.000000
0.2686	5.31	0.692686	0.000000	0.000000	0.000000
0.2686	5.67	0.692686	0.000000	0.000000	0.000000
0.2686	6.04	0.692686	0.000000	0.000000	0.000000
0.2686	6.41	0.692686	0.000000	0.000000	0.000000
0.2686	6.78	0.692686	0.000000	0.000000	0.000000
0.2686	7.14	0.692686	0.000000	0.000000	0.000000
0.2686	7.51	0.692686	0.052350	0.001511	0.000044
0.2686	7.88	0.692686	0.052885	0.001603	0.000049
0.2686	8.24	0.692686	0.054487	0.003205	0.000189
0.2686	8.61	0.692686	0.052350	0.001511	0.000044
0.2686	8.98	0.692686	0.054487	0.002617	0.000126
0.2686	9.35	0.692686	0.056891	0.004740	0.000395
0.2686	9.71	0.692686	0.056090	0.004437	0.000351
0.2686	10.08	0.692686	0.051282	0.000000	0.000000
0.2686	10.45	0.692686	0.052350	0.001511	0.000044
0.2686	10.82	0.692686	0.054487	0.003205	0.000189
0.2686	11.18	0.692686	0.052885	0.001603	0.000049
0.2686	11.55	0.692686	0.054487	0.002617	0.000126
0.2686	11.92	0.692686	0.054487	0.002423	0.000108
0.2686	12.29	0.692686	0.057692	0.008480	0.001246
0.2686	12.65	0.692686	0.056561	0.006310	0.000704
0.2686	13.02	0.692686	0.060096	0.011771	0.002306
0.2686	13.39	0.692686	0.060577	0.010722	0.001898
0.2686	13.76	0.692686	0.060460	0.010332	0.001765
0.2686	14.12	0.692686	0.061813	0.013513	0.002954
0.2686	14.49	0.692686	0.067113	0.015094	0.003395
0.2686	14.86	0.692686	0.073413	0.021339	0.006202
0.2686	15.22	0.692686	0.075321	0.022493	0.006717
0.2686	15.59	0.692686	0.079327	0.028641	0.010341
0.2686	15.96	0.692686	0.084258	0.033132	0.013028
0.2686	16.33	0.692686	0.081989	0.034248	0.014306
0.2686	16.69	0.692686	0.070646	0.021330	0.006440
0.2686	17.06	0.692686	0.074992	0.023605	0.007430
0.2686	17.43	0.692686	0.082772	0.029605	0.010589
0.2686	17.80	0.692686	0.086538	0.033605	0.013050
0.2686	18.16	0.692686	0.098427	0.048300	0.023701
0.2686	18.53	0.692686	0.096930	0.043773	0.019768
0.2686	18.90	0.692686	0.096994	0.045404	0.021254
0.2686	19.27	0.692686	0.101304	0.050444	0.025118
0.2686	19.63	0.692686	0.115645	0.051469	0.022906
0.2686	20.00	0.692686	0.128658	0.063516	0.031356
0.2800	2.00	0.635067	0.057041	0.002521	0.000111
0.2800	2.37	0.635067	0.057041	0.002521	0.000111
0.2800	2.73	0.635067	0.056150	0.002674	0.000127
0.2800	3.10	0.635067	0.056150	0.002674	0.000127
0.2800	3.47	0.635067	0.056150	0.002674	0.000127
0.2800	3.84	0.635067	0.055258	0.002521	0.000115
0.2800	4.20	0.635067	0.055258	0.002521	0.000115
0.2800	4.57	0.635067	0.055258	0.002521	0.000115
0.2800	4.94	0.635067	0.055258	0.002521	0.000115
0.2800	5.31	0.635067	0.055258	0.002521	0.000115
0.2800	5.67	0.635067	0.056150	0.002674	0.000127
0.2800	6.04	0.635067	0.056150	0.002674	0.000127
0.2800	6.41	0.635067	0.056150	0.002674	0.000127
0.2800	6.78	0.635067	0.055258	0.002521	0.000115
0.2800	7.14	0.635067	0.056150	0.002674	0.000127
0.2800	7.51	0.635067	0.056150	0.002674	0.000127
0.2800	7.88	0.635067	0.055258	0.002521	0.000115
0.2800	8.24	0.635067	0.056150	0.002674	0.000127
0.2800	8.61	0.635067	0.060606	0.006670	0.000734
0.2800	8.98	0.635067	0.060606	0.006670	0.000734
0.2800	9.35	0.635067	0.060606	0.006670	0.000734
0.2800	9.71	0.635067	0.057754	0.006236	0.000673
0.2800	10.08	0.635067	0.059893	0.007859	0.001031
0.2800	10.45	0.635067	0.057932	0.007821	0.001056
0.2800	10.82	0.635067	0.059893	0.007859	0.001031
0.2800	11.18	0.635067	0.056879	0.002572	0.000116
0.2800	11.55	0.635067	0.057219	0.003424	0.000205
0.2800	11.92	0.635067	0.057041	0.003335	0.000195
0.2800	12.29	0.635067	0.058824	0.008390	0.001197
0.2800	12.65	0.635067	0.057365	0.006072	0.000643
0.2800	13.02	0.635067	0.058194	0.006051	0.000629
0.2800	13.39	0.635067	0.057487	0.006126	0.000653
0.2800	13.76	0.635067	0.060309	0.012064	0.002413
0.2800	14.12	0.635067	0.060768	0.007656	0.000965
0.2800	14.49	0.635067	0.061832	0.009818	0.001559
0.2800	14.86	0.635067	0.063662	0.009889	0.001536
0.2800	15.22	0.635067	0.062956	0.009530	0.001442
0.2800	15.59	0.635067	0.065882	0.011883	0.002143
0.2800	15.96	0.635067	0.066845	0.010356	0.001604
0.2800	16.33	0.635067	0.068966	0.011265	0.001840
0.2800	16.69	0.635067	0.069357	0.015267	0.003361
0.2800	17.06	0.635067	0.070588	0.013644	0.002637
0.2800	17.43	0.635067	0.067924	0.019136	0.005391
0.2800	17.80	0.635067	0.071060	0.021796	0.006685
0.2800	18.16	0.635067	0.073879	0.026146	0.009253
0.2800	18.53	0.635067	0.077233	0.029057	0.010932
0.2800	18.90	0.635067	0.078586	0.030622	0.011932
0.2800	19.27	0.635067	0.079011	0.030001	0.011392
0.2800	19.63	0.635067	0.077358	0.028977	0.010854
0.2800	20.00	0.635067	0.081416	0.030701	0.011577
0.2914	2.00	0.659314	0.054520	0.006936	0.000882
0.2914	2.37	0.659314	0.053560	0.005547	0.000575
0.2914	2.73	0.659314	0.053830	0.005733	0.000611
0.2914	3.10	0.659314	0.053442	0.005460	0.000558
0.2914	3.47	0.659314	0.053623	0.006149	0.000705
0.2914	3.84	0.659314	0.054018	0.006455	0.000771
0.2914	4.20	0.659314	0.053333	0.005376	0.000542
0.2914	4.57	0.659314	0.053623	0.006149	0.000705
0.2914	4.94	0.659314	0.055901	0.007465	0.000997
0.2914	5.31	0.659314	0.055254	0.007190	0.000935
0.2914	5.67	0.659314	0.054750	0.006926	0.000876
0.2914	6.04	0.659314	0.054750	0.006926	0.000876
0.2914	6.41	0.659314	0.054348	0.006681	0.000821
0.2914	6.78	0.659314	0.054018	0.006455	0.000771
0.2914	7.14	0.659314	0.054018	0.006455	0.000771
0.2914	7.51	0.659314	0.053140	0.006158	0.000714
0.2914	7.88	0.659314	0.054677	0.006455	0.000762
0.2914	8.24	0.659314	0.056653	0.008068	0.001149
0.2914	8.61	0.659314	0.054348	0.003623	0.000242
0.2914	8.98	0.659314	0.054348	0.003623	0.000242
0.2914	9.35	0.659314	0.054348	0.003623	0.000242
0.2914	9.71	0.659314	0.054348	0.003623	0.000242
0.2914	10.08	0.659314	0.053623	0.003550	0.000235
0.2914	10.45	0.659314	0.052536	0.003138	0.000187
0.2914	10.82	0.659314	0.052536	0.003138	0.000187
0.2914	11.18	0.659314	0.053140	0.003416	0.000220
0.2914	11.55	0.659314	0.053830	0.003586	0.000239
0.2914	11.92	0.659314	0.056936	0.007838	0.001079
0.2914	12.29	0.659314	0.056246	0.007038	0.000881
0.2914	12.65	0.659314	0.058286	0.007548	0.000978
0.2914	13.02	0.659314	0.055972	0.006834	0.000834
0.2914	13.39	0.659314	0.057504	0.007113	0.000880
0.2914	13.76	0.659314	0.058575	0.008079	0.001114
0.2914	14.12	0.659314	0.059115	0.010452	0.001848
0.2914	14.49	0.659314	0.061785	0.012187	0.002404
0.2914	14.86	0.659314	0.062566	0.013838	0.003061
0.2914	15.22	0.659314	0.063255	0.014698	0.003415
0.2914	15.59	0.659314	0.063680	0.016995	0.004536
0.2914	15.96	0.659314	0.067029	0.018827	0.005288
0.2914	16.33	0.659314	0.065961	0.019746	0.005911
0.2914	16.69	0.659314	0.067577	0.019751	0.005773
0.2914	17.06	0.659314	0.069628	0.021606	0.006705
0.2914	17.43	0.659314	0.070098	0.022027	0.006922
0.2914	17.80	0.659314	0.071390	0.027271	0.010418
0.2914	18.16	0.659314	0.075181	0.028809	0.011039
0.2914	18.53	0.659314	0.075808	0.031524	0.013109
0.2914	18.90	0.659314	0.078484	0.031868	0.012940
0.2914	19.27	0.659314	0.077427	0.025581	0.008452
0.2914	19.63	0.659314	0.081522	0.032356	0.012842
0.2914	20.00	0.659314	0.081275	0.031783	0.012429
0.3029	2.00	0.702226	0.000000	0.000000	0.000000
0.3029	2.37	0.702226	0.000000	0.000000	0.000000
0.3029	2.73	0.702226	0.000000	0.000000	0.000000
0.3029	3.10	0.702226	0.000000	0.000000	0.000000
0.3029	3.47	0.702226	0.000000	0.000000	0.000000
0.3029	3.84	0.702226	0.000000	0.000000	0.000000
0.3029	4.20	0.702226	0.000000	0.000000	0.000000
0.3029	4.57	0.702226	0.000000	0.000000	0.000000
0.3029	4.94	0.702226	0.000000	0.000000	0.000000
0.3029	5.31	0.702226	0.000000	0.000000	0.000000
0.3029	5.67	0.702226	0.000000	0.000000	0.000000
0.3029	6.04	0.702226	0.000000	0.000000	0.000000
0.3029	6.41	0.702226	0.000000	0.000000	0.000000
0.3029	6.78	0.702226	0.000000	0.000000	0.000000
0.3029	7.14	0.702226	0.052889	0.002393	0.000108
0.3029	7.51	0.702226	0.053333	0.002385	0.000107
0.3029	7.88	0.702226	0.053867	0.002613	0.000127
0.3029	8.24	0.702226	0.053867	0.003110	0.000180
0.3029	8.61	0.702226	0.054933	0.002719	0.000135
0.3029	8.98	0.702226	0.054933	0.002719	0.000135
0.3029	9.35	0.702226	0.000000	0.000000	0.000000
0.3029	9.71	0.702226	0.000000	0.000000	0.000000
0.3029	10.08	0.702226	0.050667	0.000000	0.000000
0.3029	10.45	0.702226	0.050667	0.000000	0.000000
0.3029	10.82	0.702226	0.050667	0.000000	0.000000
0.3029	11.18	0.702226	0.000000	0.000000	0.000000
0.3029	11.55	0.702226	0.000000	0.000000	0.000000
0.3029	11.92	0.702226	0.000000	0.000000	0.000000
0.3029	12.29	0.702226	0.050667	0.000000	0.000000
0.3029	12.65	0.702226	0.050667	0.000000	0.000000
0.3029	13.02	0.702226	0.000000	0.000000	0.000000
0.3029	13.39	0.702226	0.053333	0.002385	0.000107
0.3029	13.76	0.702226	0.053867	0.003919	0.000285
0.3029	14.12	0.702226	0.054222	0.002948	0.000160
0.3029	14.49	0.702226	0.055238	0.003095	0.000173
0.3029	14.86	0.702226	0.055030	0.004861	0.000429
0.3029	15.22	0.702226	0.055810	0.005917	0.000627
0.3029	15.59	0.702226	0.061481	0.011842	0.002281
0.3029	15.96	0.702226	0.061973	0.010377	0.001738
0.3029	16.33	0.702226	0.066051	0.012024	0.002189
0.3029	16.69	0.702226	0.063765	0.011059	0.001918
0.3029	17.06	0.702226	0.065515	0.013650	0.002844
0.3029	17.43	0.702226	0.065353	0.015972	0.003903
0.3029	17.80	0.702226	0.065889	0.015022	0.003425
0.3029	18.16	0.702226	0.068051	0.015835	0.003685
0.3029	18.53	0.702226	0.069778	0.019216	0.005292
0.3029	18.90	0.702226	0.071648	0.020163	0.005674
0.3029	19.27	0.702226	0.074804	0.021611	0.006244
0.3029	19.63	0.702226	0.076261	0.021446	0.006031
0.3029	20.00	0.702226	0.077719	0.026017	0.008710
0.3143	2.00	0.686771	0.056169	0.002059	0.000075
0.3143	2.37	0.686771	0.057090	0.002604	0.000119
0.3143	2.73	0.686771	0.058011	0.002762	0.000132
0.3143	3.10	0.686771	0.055249	0.000000	0.000000
0.3143	3.47	0.686771	0.055249	0.000000	0.000000
0.3143	3.84	0.686771	0.055249	0.000000	0.000000
0.3143	4.20	0.686771	0.055249	0.000000	0.000000
0.3143	4.57	0.686771	0.055249	0.000000	0.000000
0.3143	4.94	0.686771	0.055249	0.000000	0.000000
0.3143	5.31	0.686771	0.055249	0.000000	0.000000
0.3143	5.67	0.686771	0.055249	0.000000	0.000000
0.3143	6.04	0.686771	0.055249	0.000000	0.000000
0.3143	6.41	0.686771	0.057090	0.002604	0.000119
0.3143	6.78	0.686771	0.057090	0.002604	0.000119
0.3143	7.14	0.686771	0.057090	0.002604	0.000119
0.3143	7.51	0.686771	0.057090	0.002604	0.000119
0.3143	7.88	0.686771	0.056354	0.002210	0.000087
0.3143	8.24	0.686771	0.056354	0.002210	0.000087
0.3143	8.61	0.686771	0.056354	0.002210	0.000087
0.3143	8.98	0.686771	0.056038	0.001933	0.000067
0.3143	9.35	0.686771	0.056038	0.001933	0.000067
0.3143	9.71	0.686771	0.060773	0.003907	0.000251
0.3143	10.08	0.686771	0.055939	0.001827	0.000060
0.3143	10.45	0.686771	0.057320	0.003845	0.000258
0.3143	10.82	0.686771	0.058011	0.002762	0.000132
0.3143	11.18	0.686771	0.057320	0.002675	0.000125
0.3143	11.55	0.686771	0.057320	0.002675	0.000125
0.3143	11.92	0.686771	0.058564	0.003665	0.000229
0.3143	12.29	0.686771	0.057827	0.004450	0.000343
0.3143	12.65	0.686771	0.059320	0.005020	0.000425
0.3143	13.02	0.686771	0.060448	0.010631	0.001870
0.3143	13.39	0.686771	0.063812	0.011252	0.001984
0.3143	13.76	0.686771	0.064136	0.012163	0.002307
0.3143	14.12	0.686771	0.064530	0.012474	0.002411
0.3143	14.49	0.686771	0.065562	0.012166	0.002258
0.3143	14.86	0.686771	0.065811	0.012738	0.002466
0.3143	15.22	0.686771	0.069557	0.013517	0.002627
0.3143	15.59	0.686771	0.070304	0.016712	0.003972
0.3143	15.96	0.686771	0.074212	0.023564	0.007482
0.3143	16.33	0.686771	0.077611	0.024941	0.008015
0.3143	16.69	0.686771	0.077974	0.025995	0.008666
0.3143	17.06	0.686771	0.082194	0.028343	0.009774
0.3143	17.43	0.686771	0.081003	0.028276	0.009870
0.3143	17.80	0.686771	0.089913	0.043346	0.020897
0.3143	18.16	0.686771	0.094297	0.039604	0.016633
0.3143	18.53	0.686771	0.097480	0.044098	0.019949
0.3143	18.90	0.686771	0.102026	0.050863	0.025357
0.3143	19.27	0.686771	0.114731	0.060632	0.032043
0.3143	19.63	0.686771	0.117058	0.065424	0.036566
0.3143	20.00	0.686771	0.138263	0.078338	0.044386
0.3257	2.00	0.650810	0.000000	0.000000	0.000000
0.3257	2.37	0.650810	0.000000	0.000000	0.000000
0.3257	2.73	0.650810	0.000000	0.000000	0.000000
0.3257	3.10	0.650810	0.000000	0.000000	0.000000
0.3257	3.47	0.650810	0.000000	0.000000	0.000000
0.3257	3.84	0.650810	0.000000	0.000000	0.000000
0.3257	4.20	0.650810	0.000000	0.000000	0.000000
0.3257	4.57	0.650810	0.000000	0.000000	0.000000
0.3257	4.94	0.650810	0.000000	0.000000	0.000000
0.3257	5.31	0.650810	0.000000	0.000000	0.000000
0.3257	5.67	0.650810	0.000000	0.000000	0.000000
0.3257	6.04	0.650810	0.000000	0.000000	0.000000
0.3257	6.41	0.650810	0.000000	0.000000	0.000000
0.3257	6.78	0.650810	0.000000	0.000000	0.000000
0.3257	7.14	0.650810	0.000000	0.000000	0.000000
0.3257	7.51	0.650810	0.000000	0.000000	0.000000
0.3257	7.88	0.650810	0.000000	0.000000	0.000000
0.3257	8.24	0.650810	0.000000	0.000000	0.000000
0.3257	8.61	0.650810	0.000000	0.000000	0.000000
0.3257	8.98	0.650810	0.000000	0.000000	0.000000
0.3257	9.35	0.650810	0.000000	0.000000	0.000000
0.3257	9.71	0.650810	0.000000	0.000000	0.000000
0.3257	10.08	0.650810	0.000000	0.000000	0.000000
0.3257	10.45	0.650810	0.000000	0.000000	0.000000
0.3257	10.82	0.650810	0.052632	0.000000	0.000000
0.3257	11.18	0.650810	0.052632	0.000000	0.000000
0.3257	11.55	0.650810	0.058480	0.000000	0.000000
0.3257	11.92	0.650810	0.052632	0.000000	0.000000
0.3257	12.29	0.650810	0.052632	0.000000	0.000000
0.3257	12.65	0.650810	0.054386	0.001432	0.000038
0.3257	13.02	0.650810	0.054094	0.001462	0.000040
0.3257	13.39	0.650810	0.053728	0.001416	0.000037
0.3257	13.76	0.650810	0.054758	0.003546	0.000230
0.3257	14.12	0.650810	0.054302	0.002642	0.000129
0.3257	14.49	0.650810	0.055068	0.004276	0.000332
0.3257	14.86	0.650810	0.056287	0.005615	0.000560
0.3257	15.22	0.650810	0.055312	0.004988	0.000450
0.3257	15.59	0.650810	0.057749	0.005519	0.000527
0.3257	15.96	0.650810	0.056469	0.005035	0.000449
0.3257	16.33	0.650810	0.059249	0.005912	0.000590
0.3257	16.69	0.650810	0.058480	0.005645	0.000545
0.3257	17.06	0.650810	0.057721	0.005716	0.000566
0.3257	17.43	0.650810	0.058382	0.007338	0.000922
0.3257	17.80	0.650810	0.059906	0.008497	0.001205
0.3257	18.16	0.650810	0.060452	0.006929	0.000794
0.3257	18.53	0.650810	0.065607	0.011196	0.001911
0.3257	18.90	0.650810	0.064815	0.011551	0.002059
0.3257	19.27	0.650810	0.067380	0.013469	0.002692
0.3257	19.63	0.650810	0.068343	0.015935	0.003716
0.3257	20.00	0.650810	0.072396	0.017978	0.004464
0.3371	2.00	0.653180	0.054834	0.002041	0.000076
0.3371	2.37	0.653180	0.054834	0.002041	0.000076
0.3371	2.73	0.653180	0.054113	0.002165	0.000087
0.3371	3.10	0.653180	0.054113	0.002165	0.000087
0.3371	3.47	0.653180	0.053030	0.001875	0.000066
0.3371	3.84	0.653180	0.054113	0.002165	0.000087
0.3371	4.20	0.653180	0.054113	0.002165	0.000087
0.3371	4.57	0.653180	0.051948	0.000000	0.000000
0.3371	4.94	0.653180	0.051948	0.000000	0.000000
0.3371	5.31	0.653180	0.051948	0.000000	0.000000
0.3371	5.67	0.653180	0.051948	0.000000	0.000000
0.3371	6.04	0.653180	0.051948	0.000000	0.000000
0.3371	6.41	0.653180	0.051948	0.000000	0.000000
0.3371	6.78	0.653180	0.051948	0.000000	0.000000
0.3371	7.14	0.653180	0.056277	0.000000	0.000000
0.3371	7.51	0.653180	0.054834	0.002041	0.000076
0.3371	7.88	0.653180	0.054834	0.002041	0.000076
0.3371	8.24	0.653180	0.054834	0.002041	0.000076
0.3371	8.61	0.653180	0.054834	0.002041	0.000076
0.3371	8.98	0.653180	0.056277	0.000000	0.000000
0.3371	9.35	0.653180	0.056277	0.000000	0.000000
0.3371	9.71	0.653180	0.056277	0.000000	0.000000
0.3371	10.08	0.653180	0.000000	0.000000	0.000000
0.3371	10.45	0.653180	0.000000	0.000000	0.000000
0.3371	10.82	0.653180	0.000000	0.000000	0.000000
0.3371	11.18	0.653180	0.000000	0.000000	0.000000
0.3371	11.55	0.653180	0.000000	0.000000	0.000000
0.3371	11.92	0.653180	0.000000	0.000000	0.000000
0.3371	12.29	0.653180	0.000000	0.000000	0.000000
0.3371	12.65	0.653180	0.054113	0.002165	0.000087
0.3371	13.02	0.653180	0.059819	0.008217	0.001129
0.3371	13.39	0.653180	0.059452	0.008434	0.001196
0.3371	13.76	0.653180	0.060606	0.007904	0.001031
0.3371	14.12	0.653180	0.060895	0.008581	0.001209
0.3371	14.49	0.653180	0.061879	0.008499	0.001167
0.3371	14.86	0.653180	0.061688	0.008535	0.001181
0.3371	15.22	0.653180	0.063286	0.008809	0.001226
0.3371	15.59	0.653180	0.056049	0.005343	0.000509
0.3371	15.96	0.653180	0.057102	0.006762	0.000801
0.3371	16.33	0.653180	0.059819	0.008320	0.001157
0.3371	16.69	0.653180	0.062229	0.009082	0.001325
0.3371	17.06	0.653180	0.063293	0.012054	0.002295
0.3371	17.43	0.653180	0.062898	0.015966	0.004053
0.3371	17.80	0.653180	0.064713	0.014306	0.003162
0.3371	18.16	0.653180	0.064743	0.015753	0.003833
0.3371	18.53	0.653180	0.063925	0.011891	0.002212
0.3371	18.90	0.653180	0.066428	0.014878	0.003332
0.3371	19.27	0.653180	0.067065	0.013222	0.002607
0.3371	19.63	0.653180	0.069458	0.015171	0.003314
0.3371	20.00	0.653180	0.068581	0.017087	0.004257
0.3486	2.00	0.685007	0.000000	0.000000	0.000000
0.3486	2.37	0.685007	0.052795	0.000000	0.000000
0.3486	2.73	0.685007	0.052795	0.000000	0.000000
0.3486	3.10	0.685007	0.052795	0.000000	0.000000
0.3486	3.47	0.685007	0.052795	0.000000	0.000000
0.3486	3.84	0.685007	0.052795	0.000000	0.000000
0.3486	4.20	0.685007	0.052795	0.000000	0.000000
0.3486	4.57	0.685007	0.052795	0.000000	0.000000
0.3486	4.94	0.685007	0.000000	0.000000	0.000000
0.3486	5.31	0.685007	0.000000	0.000000	0.000000
0.3486	5.67	0.685007	0.000000	0.000000	0.000000
0.3486	6.04	0.685007	0.000000	0.000000	0.000000
0.3486	6.41	0.685007	0.000000	0.000000	0.000000
0.3486	6.78	0.685007	0.000000	0.000000	0.000000
0.3486	7.14	0.685007	0.000000	0.000000	0.000000
0.3486	7.51	0.685007	0.000000	0.000000	0.000000
0.3486	7.88	0.685007	0.000000	0.000000	0.000000
0.3486	8.24	0.685007	0.000000	0.000000	0.000000
0.3486	8.61	0.685007	0.000000	0.000000	0.000000
0.3486	8.98	0.685007	0.000000	0.000000	0.000000
0.3486	9.35	0.685007	0.000000	0.000000	0.000000
0.3486	9.71	0.685007	0.000000	0.000000	0.000000
0.3486	10.08	0.685007	0.000000	0.000000	0.000000
0.3486	10.45	0.685007	0.052795	0.000000	0.000000
0.3486	10.82	0.685007	0.052795	0.000000	0.000000
0.3486	11.18	0.685007	0.052795	0.000000	0.000000
0.3486	11.55	0.685007	0.052795	0.000000	0.000000
0.3486	11.92	0.685007	0.052795	0.000000	0.000000
0.3486	12.29	0.685007	0.057453	0.001553	0.000042
0.3486	12.65	0.685007	0.055901	0.003106	0.000173
0.3486	13.02	0.685007	0.055901	0.003106	0.000173
0.3486	13.39	0.685007	0.054865	0.002928	0.000156
0.3486	13.76	0.685007	0.056591	0.004806	0.000408
0.3486	14.12	0.685007	0.056748	0.004971	0.000435
0.3486	14.49	0.685007	0.060440	0.006401	0.000678
0.3486	14.86	0.685007	0.059006	0.006661	0.000752
0.3486	15.22	0.685007	0.060559	0.008168	0.001102
0.3486	15.59	0.685007	0.062260	0.007575	0.000922
0.3486	15.96	0.685007	0.060769	0.010963	0.001978
0.3486	16.33	0.685007	0.069323	0.017024	0.004181
0.3486	16.69	0.685007	0.073653	0.020182	0.005530
0.3486	17.06	0.685007	0.072276	0.020199	0.005645
0.3486	17.43	0.685007	0.076640	0.022456	0.006580
0.3486	17.80	0.685007	0.082668	0.025248	0.007711
0.3486	18.16	0.685007	0.084413	0.026332	0.008214
0.3486	18.53	0.685007	0.086228	0.025179	0.007353
0.3486	18.90	0.685007	0.089697	0.028703	0.009185
0.3486	19.27	0.685007	0.096760	0.032193	0.010711
0.3486	19.63	0.685007	0.099132	0.032960	0.010959
0.3486	20.00	0.685007	0.106672	0.037770	0.013373
0.3600	2.00	0.691653	0.000000	0.000000	0.000000
0.3600	2.37	0.691653	0.000000	0.000000	0.000000
0.3600	2.73	0.691653	0.000000	0.000000	0.000000
0.3600	3.10	0.691653	0.000000	0.000000	0.000000
0.3600	3.47	0.691653	0.000000	0.000000	0.000000
0.3600	3.84	0.691653	0.000000	0.000000	0.000000
0.3600	4.20	0.691653	0.000000	0.000000	0.000000
0.3600	4.57	0.691653	0.000000	0.000000	0.000000
0.3600	4.94	0.691653	0.000000	0.000000	0.000000
0.3600	5.31	0.691653	0.000000	0.000000	0.000000
0.3600	5.67	0.691653	0.051213	0.000000	0.000000
0.3600	6.04	0.691653	0.000000	0.000000	0.000000
0.3600	6.41	0.691653	0.000000	0.000000	0.000000
0.3600	6.78	0.691653	0.000000	0.000000	0.000000
0.3600	7.14	0.691653	0.000000	0.000000	0.000000
0.3600	7.51	0.691653	0.000000	0.000000	0.000000
0.3600	7.88	0.691653	0.000000	0.000000	0.000000
0.3600	8.24	0.691653	0.000000	0.000000	0.000000
0.3600	8.61	0.691653	0.000000	0.000000	0.000000
0.3600	8.98	0.691653	0.000000	0.000000	0.000000
0.3600	9.35	0.691653	0.000000	0.000000	0.000000
0.3600	9.71	0.691653	0.000000	0.000000	0.000000
0.3600	10.08	0.691653	0.051213	0.000000	0.000000
0.3600	10.45	0.691653	0.000000	0.000000	0.000000
0.3600	10.82	0.691653	0.000000	0.000000	0.000000
0.3600	11.18	0.691653	0.000000	0.000000	0.000000
0.3600	11.55	0.691653	0.000000	0.000000	0.000000
0.3600	11.92	0.691653	0.000000	0.000000	0.000000
0.3600	12.29	0.691653	0.000000	0.000000	0.000000
0.3600	12.65	0.691653	0.051213	0.000000	0.000000
0.3600	13.02	0.691653	0.052561	0.001348	0.000035
0.3600	13.39	0.691653	0.057278	0.005176	0.000468
0.3600	13.76	0.691653	0.055449	0.005363	0.000519
0.3600	14.12	0.691653	0.057339	0.009129	0.001453
0.3600	14.49	0.691653	0.054807	0.003362	0.000206
0.3600	14.86	0.691653	0.057502	0.005083	0.000449
0.3600	15.22	0.691653	0.055705	0.004018	0.000290
0.3600	15.59	0.691653	0.055834	0.005137	0.000473
0.3600	15.96	0.691653	0.055481	0.004464	0.000359
0.3600	16.33	0.691653	0.057682	0.005282	0.000484
0.3600	16.69	0.691653	0.066867	0.012970	0.002516
0.3600	17.06	0.691653	0.066405	0.013252	0.002644
0.3600	17.43	0.691653	0.065139	0.012885	0.002549
0.3600	17.80	0.691653	0.066655	0.015025	0.003387
0.3600	18.16	0.691653	0.065852	0.014525	0.003204
0.3600	18.53	0.691653	0.062893	0.011268	0.002019
0.3600	18.90	0.691653	0.067722	0.015886	0.003726
0.3600	19.27	0.691653	0.068880	0.015724	0.003589
0.3600	19.63	0.691653	0.073043	0.018963	0.004923
0.3600	20.00	0.691653	0.075608	0.022136	0.006481
0.3714	2.00	0.658174	0.000000	0.000000	0.000000
0.3714	2.37	0.658174	0.000000	0.000000	0.000000
0.3714	2.73	0.658174	0.000000	0.000000	0.000000
0.3714	3.10	0.658174	0.000000	0.000000	0.000000
0.3714	3.47	0.658174	0.000000	0.000000	0.000000
0.3714	3.84	0.658174	0.000000	0.000000	0.000000
0.3714	4.20	0.658174	0.000000	0.000000	0.000000
0.3714	4.57	0.658174	0.000000	0.000000	0.000000
0.3714	4.94	0.658174	0.000000	0.000000	0.000000
0.3714	5.31	0.658174	0.000000	0.000000	0.000000
0.3714	5.67	0.658174	0.000000	0.000000	0.000000
0.3714	6.04	0.658174	0.000000	0.000000	0.000000
0.3714	6.41	0.658174	0.000000	0.000000	0.000000
0.3714	6.78	0.658174	0.000000	0.000000	0.000000
0.3714	7.14	0.658174	0.000000	0.000000	0.000000
0.3714	7.51	0.658174	0.000000	0.000000	0.000000
0.3714	7.88	0.658174	0.000000	0.000000	0.000000
0.3714	8.24	0.658174	0.000000	0.000000	0.000000
0.3714	8.61	0.658174	0.000000	0.000000	0.000000
0.3714	8.98	0.658174	0.000000	0.000000	0.000000
0.3714	9.35	0.658174	0.000000	0.000000	0.000000
0.3714	9.71	0.658174	0.000000	0.000000	0.000000
0.3714	10.08	0.658174	0.000000	0.000000	0.000000
0.3714	10.45	0.658174	0.000000	0.000000	0.000000
0.3714	10.82	0.658174	0.000000	0.000000	0.000000
0.3714	11.18	0.658174	0.000000	0.000000	0.000000
0.3714	11.55	0.658174	0.000000	0.000000	0.000000
0.3714	11.92	0.658174	0.000000	0.000000	0.000000
0.3714	12.29	0.658174	0.000000	0.000000	0.000000
0.3714	12.65	0.658174	0.000000	0.000000	0.000000
0.3714	13.02	0.658174	0.000000	0.000000	0.000000
0.3714	13.39	0.658174	0.000000	0.000000	0.000000
0.3714	13.76	0.658174	0.000000	0.000000	0.000000
0.3714	14.12	0.658174	0.054701	0.004681	0.000401
0.3714	14.49	0.658174	0.054986	0.004699	0.000402
0.3714	14.86	0.658174	0.055819	0.005241	0.000492
0.3714	15.22	0.658174	0.058013	0.005430	0.000508
0.3714	15.59	0.658174	0.060897	0.007167	0.000843
0.3714	15.96	0.658174	0.056624	0.004497	0.000357
0.3714	16.33	0.658174	0.056593	0.006747	0.000804
0.3714	16.69	0.658174	0.055556	0.005669	0.000579
0.3714	17.06	0.658174	0.059402	0.009903	0.001651
0.3714	17.43	0.658174	0.059707	0.010940	0.002005
0.3714	17.80	0.658174	0.059215	0.009644	0.001571
0.3714	18.16	0.658174	0.062821	0.011662	0.002165
0.3714	18.53	0.658174	0.062759	0.011753	0.002201
0.3714	18.90	0.658174	0.063700	0.011437	0.002054
0.3714	19.27	0.658174	0.065651	0.011812	0.002125
0.3714	19.63	0.658174	0.066749	0.013418	0.002697
0.3714	20.00	0.658174	0.068836	0.018458	0.004950
0.3829	2.00	0.668090	0.000000	0.000000	0.000000
0.3829	2.37	0.668090	0.000000	0.000000	0.000000
0.3829	2.73	0.668090	0.000000	0.000000	0.000000
0.3829	3.10	0.668090	0.000000	0.000000	0.000000
0.3829	3.47	0.668090	0.000000	0.000000	0.000000
0.3829	3.84	0.668090	0.000000	0.000000	0.000000
0.3829	4.20	0.668090	0.000000	0.000000	0.000000
0.3829	4.57	0.668090	0.000000	0.000000	0.000000
0.3829	4.94	0.668090	0.000000	0.000000	0.000000
0.3829	5.31	0.668090	0.000000	0.000000	0.000000
0.3829	5.67	0.668090	0.000000	0.000000	0.000000
0.3829	6.04	0.668090	0.000000	0.000000	0.000000
0.3829	6.41	0.668090	0.000000	0.000000	0.000000
0.3829	6.78	0.668090	0.000000	0.000000	0.000000
0.3829	7.14	0.668090	0.000000	0.000000	0.000000
0.3829	7.51	0.668090	0.000000	0.000000	0.000000
0.3829	7.88	0.668090	0.000000	0.000000	0.000000
0.3829	8.24	0.668090	0.000000	0.000000	0.000000
0.3829	8.61	0.668090	0.000000	0.000000	0.000000
0.3829	8.98	0.668090	0.000000	0.000000	0.000000
0.3829	9.35	0.668090	0.000000	0.000000	0.000000
0.3829	9.71	0.668090	0.000000	0.000000	0.000000
0.3829	10.08	0.668090	0.000000	0.000000	0.000000
0.3829	10.45	0.668090	0.000000	0.000000	0.000000
0.3829	10.82	0.668090	0.000000	0.000000	0.000000
0.3829	11.18	0.668090	0.000000	0.000000	0.000000
0.3829	11.55	0.668090	0.000000	0.000000	0.000000
0.3829	11.92	0.668090	0.050667	0.000000	0.000000
0.3829	12.29	0.668090	0.000000	0.000000	0.000000
0.3829	12.65	0.668090	0.000000	0.000000	0.000000
0.3829	13.02	0.668090	0.000000	0.000000	0.000000
0.3829	13.39	0.668090	0.056762	0.010050	0.001779
0.3829	13.76	0.668090	0.055407	0.008222	0.001220
0.3829	14.12	0.668090	0.057524	0.009222	0.001478
0.3829	14.49	0.668090	0.057436	0.007441	0.000964
0.3829	14.86	0.668090	0.057569	0.012969	0.002922
0.3829	15.22	0.668090	0.057926	0.010880	0.002043
0.3829	15.59	0.668090	0.063289	0.009808	0.001520
0.3829	15.96	0.668090	0.060242	0.010985	0.002003
0.3829	16.33	0.668090	0.060800	0.010342	0.001759
0.3829	16.69	0.668090	0.061235	0.011532	0.002172
0.3829	17.06	0.668090	0.062989	0.012457	0.002464
0.3829	17.43	0.668090	0.063733	0.011913	0.002227
0.3829	17.80	0.668090	0.062019	0.012866	0.002669
0.3829	18.16	0.668090	0.061984	0.011628	0.002181
0.3829	18.53	0.668090	0.063175	0.013516	0.002892
0.3829	18.90	0.668090	0.062783	0.012977	0.002682
0.3829	19.27	0.668090	0.064611	0.013314	0.002743
0.3829	19.63	0.668090	0.068315	0.017555	0.004511
0.3829	20.00	0.668090	0.069639	0.019329	0.005365
0.3943	2.00	0.667098	0.055901	0.000000	0.000000
0.3943	2.37	0.667098	0.055901	0.000000	0.000000
0.3943	2.73	0.667098	0.055901	0.000000	0.000000
0.3943	3.10	0.667098	0.055901	0.000000	0.000000
0.3943	3.47	0.667098	0.055901	0.000000	0.000000
0.3943	3.84	0.667098	0.055901	0.000000	0.000000
0.3943	4.20	0.667098	0.055901	0.000000	0.000000
0.3943	4.57	0.667098	0.055901	0.000000	0.000000
0.3943	4.94	0.667098	0.055901	0.000000	0.000000
0.3943	5.31	0.667098	0.055901	0.000000	0.000000
0.3943	5.67	0.667098	0.055901	0.000000	0.000000
0.3943	6.04	0.667098	0.055901	0.000000	0.000000
0.3943	6.41	0.667098	0.059006	0.003106	0.000163
0.3943	6.78	0.667098	0.055901	0.000000	0.000000
0.3943	7.14	0.667098	0.057971	0.002928	0.000148
0.3943	7.51	0.667098	0.057971	0.002928	0.000148
0.3943	7.88	0.667098	0.060041	0.002928	0.000143
0.3943	8.24	0.667098	0.060559	0.002690	0.000119
0.3943	8.61	0.667098	0.059627	0.004969	0.000414
0.3943	8.98	0.667098	0.060041	0.004630	0.000357
0.3943	9.35	0.667098	0.057675	0.002806	0.000137
0.3943	9.71	0.667098	0.059450	0.003074	0.000159
0.3943	10.08	0.667098	0.060559	0.005150	0.000438
0.3943	10.45	0.667098	0.059853	0.006081	0.000618
0.3943	10.82	0.667098	0.060982	0.005175	0.000439
0.3943	11.18	0.667098	0.059627	0.005462	0.000500
0.3943	11.55	0.667098	0.061668	0.007594	0.000935
0.3943	11.92	0.667098	0.063886	0.011363	0.002021
0.3943	12.29	0.667098	0.062500	0.010863	0.001888
0.3943	12.65	0.667098	0.061180	0.008623	0.001215
0.3943	13.02	0.667098	0.060491	0.007818	0.001010
0.3943	13.39	0.667098	0.063295	0.010607	0.001777
0.3943	13.76	0.667098	0.065365	0.008704	0.001159
0.3943	14.12	0.667098	0.066347	0.009620	0.001395
0.3943	14.49	0.667098	0.067547	0.011242	0.001871
0.3943	14.86	0.667098	0.068988	0.012570	0.002290
0.3943	15.22	0.667098	0.071084	0.014962	0.003149
0.3943	15.59	0.667098	0.070623	0.013852	0.002717
0.3943	15.96	0.667098	0.073175	0.016340	0.003649
0.3943	16.33	0.667098	0.076863	0.017482	0.003976
0.3943	16.69	0.667098	0.073738	0.016713	0.003788
0.3943	17.06	0.667098	0.076549	0.019106	0.004769
0.3943	17.43	0.667098	0.077261	0.021649	0.006066
0.3943	17.80	0.667098	0.077510	0.024189	0.007549
0.3943	18.16	0.667098	0.080492	0.025746	0.008235
0.3943	18.53	0.667098	0.079527	0.025238	0.008009
0.3943	18.90	0.667098	0.087072	0.029559	0.010035
0.3943	19.27	0.667098	0.088777	0.033824	0.012887
0.3943	19.63	0.667098	0.091966	0.035433	0.013652
0.3943	20.00	0.667098	0.093878	0.034908	0.012981
0.4057	2.00	0.642520	0.000000	0.000000	0.000000
0.4057	2.37	0.642520	0.000000	0.000000	0.000000
0.4057	2.73	0.642520	0.000000	0.000000	0.000000
0.4057	3.10	0.642520	0.000000	0.000000	0.000000
0.4057	3.47	0.642520	0.000000	0.000000	0.000000
0.4057	3.84	0.642520	0.000000	0.000000	0.000000
0.4057	4.20	0.642520	0.000000	0.000000	0.000000
0.4057	4.57	0.642520	0.000000	0.000000	0.000000
0.4057	4.94	0.642520	0.000000	0.000000	0.000000
0.4057	5.31	0.642520	0.000000	0.000000	0.000000
0.4057	5.67	0.642520	0.000000	0.000000	0.000000
0.4057	6.04	0.642520	0.000000	0.000000	0.000000
0.4057	6.41	0.642520	0.000000	0.000000	0.000000
0.4057	6.78	0.642520	0.000000	0.000000	0.000000
0.4057	7.14	0.642520	0.000000	0.000000	0.000000
0.4057	7.51	0.642520	0.000000	0.000000	0.000000
0.4057	7.88	0.642520	0.052493	0.000000	0.000000
0.4057	8.24	0.642520	0.052493	0.000000	0.000000
0.4057	8.61	0.642520	0.052493	0.000000	0.000000
0.4057	8.98	0.642520	0.052493	0.000000	0.000000
0.4057	9.35	0.642520	0.000000	0.000000	0.000000
0.4057	9.71	0.642520	0.000000	0.000000	0.000000
0.4057	10.08	0.642520	0.000000	0.000000	0.000000
0.4057	10.45	0.642520	0.000000	0.000000	0.000000
0.4057	10.82	0.642520	0.000000	0.000000	0.000000
0.4057	11.18	0.642520	0.000000	0.000000	0.000000
0.4057	11.55	0.642520	0.000000	0.000000	0.000000
0.4057	11.92	0.642520	0.000000	0.000000	0.000000
0.4057	12.29	0.642520	0.052493	0.000000	0.000000
0.4057	12.65	0.642520	0.055118	0.000000	0.000000
0.4057	13.02	0.642520	0.055118	0.000000	0.000000
0.4057	13.39	0.642520	0.055118	0.000000	0.000000
0.4057	13.76	0.642520	0.059055	0.003937	0.000262
0.4057	14.12	0.642520	0.055993	0.004949	0.000437
0.4057	14.49	0.642520	0.057743	0.005249	0.000477
0.4057	14.86	0.642520	0.056243	0.004405	0.000345
0.4057	15.22	0.642520	0.056430	0.004482	0.000356
0.4057	15.59	0.642520	0.058071	0.004811	0.000399
0.4057	15.96	0.642520	0.057907	0.004864	0.000408
0.4057	16.33	0.642520	0.059618	0.007518	0.000948
0.4057	16.69	0.642520	0.057629	0.006943	0.000837
0.4057	17.06	0.642520	0.060992	0.008217	0.001107
0.4057	17.43	0.642520	0.059964	0.006498	0.000704
0.4057	17.80	0.642520	0.061844	0.008194	0.001086
0.4057	18.16	0.642520	0.065985	0.012548	0.002386
0.4057	18.53	0.642520	0.064840	0.012219	0.002303
0.4057	18.90	0.642520	0.068560	0.014027	0.002870
0.4057	19.27	0.642520	0.068828	0.016096	0.003764
0.4057	19.63	0.642520	0.070689	0.016872	0.004027
0.4057	20.00	0.642520	0.069019	0.015310	0.003396
0.4171	2.00	0.651411	0.000000	0.000000	0.000000
0.4171	2.37	0.651411	0.000000	0.000000	0.000000
0.4171	2.73	0.651411	0.000000	0.000000	0.000000
0.4171	3.10	0.651411	0.000000	0.000000	0.000000
0.4171	3.47	0.651411	0.000000	0.000000	0.000000
0.4171	3.84	0.651411	0.051020	0.000000	0.000000
0.4171	4.20	0.651411	0.051020	0.000000	0.000000
0.4171	4.57	0.651411	0.051020	0.000000	0.000000
0.4171	4.94	0.651411	0.051020	0.000000	0.000000
0.4171	5.31	0.651411	0.051020	0.000000	0.000000
0.4171	5.67	0.651411	0.051020	0.000000	0.000000
0.4171	6.04	0.651411	0.000000	0.000000	0.000000
0.4171	6.41	0.651411	0.000000	0.000000	0.000000
0.4171	6.78	0.651411	0.000000	0.000000	0.000000
0.4171	7.14	0.651411	0.000000	0.000000	0.000000
0.4171	7.51	0.651411	0.000000	0.000000	0.000000
0.4171	7.88	0.651411	0.000000	0.000000	0.000000
0.4171	8.24	0.651411	0.000000	0.000000	0.000000
0.4171	8.61	0.651411	0.051020	0.000000	0.000000
0.4171	8.98	0.651411	0.000000	0.000000	0.000000
0.4171	9.35	0.651411	0.000000	0.000000	0.000000
0.4171	9.71	0.651411	0.051020	0.000000	0.000000
0.4171	10.08	0.651411	0.000000	0.000000	0.000000
0.4171	10.45	0.651411	0.051020	0.000000	0.000000
0.4171	10.82	0.651411	0.052154	0.001603	0.000049
0.4171	11.18	0.651411	0.054422	0.002777	0.000142
0.4171	11.55	0.651411	0.054422	0.002777	0.000142
0.4171	11.92	0.651411	0.054422	0.002777	0.000142
0.4171	12.29	0.651411	0.055782	0.004614	0.000382
0.4171	12.65	0.651411	0.053936	0.003366	0.000210
0.4171	13.02	0.651411	0.054422	0.005378	0.000531
0.4171	13.39	0.651411	0.054422	0.004102	0.000309
0.4171	13.76	0.651411	0.054875	0.006317	0.000727
0.4171	14.12	0.651411	0.055556	0.006708	0.000810
0.4171	14.49	0.651411	0.055813	0.006124	0.000672
0.4171	14.86	0.651411	0.056735	0.007245	0.000925
0.4171	15.22	0.651411	0.058231	0.007025	0.000847
0.4171	15.59	0.651411	0.057354	0.005700	0.000567
0.4171	15.96	0.651411	0.059902	0.008108	0.001097
0.4171	16.33	0.651411	0.060440	0.007624	0.000962
0.4171	16.69	0.651411	0.061710	0.009347	0.001416
0.4171	17.06	0.651411	0.061969	0.010814	0.001887
0.4171	17.43	0.651411	0.063006	0.014068	0.003141
0.4171	17.80	0.651411	0.064838	0.012544	0.002427
0.4171	18.16	0.651411	0.065760	0.014441	0.003171
0.4171	18.53	0.651411	0.060204	0.010096	0.001693
0.4171	18.90	0.651411	0.062140	0.011164	0.002006
0.4171	19.27	0.651411	0.065036	0.016017	0.003945
0.4171	19.63	0.651411	0.064626	0.014920	0.003445
0.4171	20.00	0.651411	0.068219	0.015747	0.003635
0.4286	2.00	0.643162	0.060197	0.006729	0.000752
0.4286	2.37	0.643162	0.059685	0.006662	0.000744
0.4286	2.73	0.643162	0.060197	0.006729	0.000752
0.4286	3.10	0.643162	0.060197	0.006729	0.000752
0.4286	3.47	0.643162	0.060197	0.006729	0.000752
0.4286	3.84	0.643162	0.059685	0.006662	0.000744
0.4286	4.20	0.643162	0.058212	0.005646	0.000548
0.4286	4.57	0.643162	0.058212	0.005646	0.000548
0.4286	4.94	0.643162	0.056306	0.003185	0.000180
0.4286	5.31	0.643162	0.055897	0.003009	0.000162
0.4286	5.67	0.643162	0.056588	0.003271	0.000189
0.4286	6.04	0.643162	0.056306	0.003185	0.000180
0.4286	6.41	0.643162	0.056081	0.003096	0.000171
0.4286	6.78	0.643162	0.056081	0.003096	0.000171
0.4286	7.14	0.643162	0.055283	0.002606	0.000123
0.4286	7.51	0.643162	0.055743	0.002926	0.000154
0.4286	7.88	0.643162	0.056511	0.003250	0.000187
0.4286	8.24	0.643162	0.056653	0.003287	0.000191
0.4286	8.61	0.643162	0.056950	0.007093	0.000883
0.4286	8.98	0.643162	0.057432	0.006757	0.000795
0.4286	9.35	0.643162	0.057915	0.007093	0.000869
0.4286	9.71	0.643162	0.058277	0.006704	0.000771
0.4286	10.08	0.643162	0.058277	0.006704	0.000771
0.4286	10.45	0.643162	0.057808	0.006458	0.000722
0.4286	10.82	0.643162	0.056869	0.005824	0.000597
0.4286	11.18	0.643162	0.057995	0.006445	0.000716
0.4286	11.55	0.643162	0.060248	0.008483	0.001195
0.4286	11.92	0.643162	0.057915	0.005738	0.000568
0.4286	12.29	0.643162	0.057915	0.004922	0.000418
0.4286	12.65	0.643162	0.058183	0.005106	0.000448
0.4286	13.02	0.643162	0.057714	0.005510	0.000526
0.4286	13.39	0.643162	0.057915	0.005738	0.000568
0.4286	13.76	0.643162	0.058732	0.005549	0.000524
0.4286	14.12	0.643162	0.058333	0.005372	0.000495
0.4286	14.49	0.643162	0.060177	0.008164	0.001108
0.4286	14.86	0.643162	0.062449	0.009845	0.001552
0.4286	15.22	0.643162	0.062331	0.009963	0.001593
0.4286	15.59	0.643162	0.062449	0.011285	0.002039
0.4286	15.96	0.643162	0.062500	0.011679	0.002182
0.4286	16.33	0.643162	0.063367	0.010810	0.001844
0.4286	16.69	0.643162	0.064511	0.010955	0.001860
0.4286	17.06	0.643162	0.062720	0.011843	0.002236
0.4286	17.43	0.643162	0.067127	0.013905	0.002880
0.4286	17.80	0.643162	0.068243	0.016946	0.004208
0.4286	18.16	0.643162	0.066878	0.015757	0.003713
0.4286	18.53	0.643162	0.070747	0.019997	0.005652
0.4286	18.90	0.643162	0.073552	0.026871	0.009817
0.4286	19.27	0.643162	0.074794	0.028762	0.011061
0.4286	19.63	0.643162	0.075483	0.024361	0.007862
0.4286	20.00	0.643162	0.075148	0.026198	0.009133
0.4400	2.00	0.639909	0.000000	0.000000	0.000000
0.4400	2.37	0.639909	0.000000	0.000000	0.000000
0.4400	2.73	0.639909	0.000000	0.000000	0.000000
0.4400	3.10	0.639909	0.000000	0.000000	0.000000
0.4400	3.47	0.639909	0.057377	0.002732	0.000130
0.4400	3.84	0.639909	0.057377	0.002732	0.000130
0.4400	4.20	0.639909	0.057377	0.002732	0.000130
0.4400	4.57	0.639909	0.060109	0.005464	0.000497
0.4400	4.94	0.639909	0.058288	0.005152	0.000455
0.4400	5.31	0.639909	0.058288	0.005152	0.000455
0.4400	5.67	0.639909	0.057377	0.004732	0.000390
0.4400	6.04	0.639909	0.056831	0.004372	0.000336
0.4400	6.41	0.639909	0.056831	0.004372	0.000336
0.4400	6.78	0.639909	0.000000	0.000000	0.000000
0.4400	7.14	0.639909	0.000000	0.000000	0.000000
0.4400	7.51	0.639909	0.000000	0.000000	0.000000
0.4400	7.88	0.639909	0.000000	0.000000	0.000000
0.4400	8.24	0.639909	0.000000	0.000000	0.000000
0.4400	8.61	0.639909	0.054645	0.000000	0.000000
0.4400	8.98	0.639909	0.054645	0.000000	0.000000
0.4400	9.35	0.639909	0.054645	0.000000	0.000000
0.4400	9.71	0.639909	0.057923	0.002677	0.000124
0.4400	10.08	0.639909	0.057377	0.002732	0.000130
0.4400	10.45	0.639909	0.058743	0.002366	0.000095
0.4400	10.82	0.639909	0.057377	0.002732	0.000130
0.4400	11.18	0.639909	0.058288	0.004073	0.000285
0.4400	11.55	0.639909	0.058060	0.003803	0.000249
0.4400	11.92	0.639909	0.058743	0.003614	0.000222
0.4400	12.29	0.639909	0.057377	0.003864	0.000260
0.4400	12.65	0.639909	0.057377	0.003666	0.000234
0.4400	13.02	0.639909	0.058743	0.005955	0.000604
0.4400	13.39	0.639909	0.059426	0.006371	0.000683
0.4400	13.76	0.639909	0.060109	0.006310	0.000662
0.4400	14.12	0.639909	0.058895	0.006192	0.000651
0.4400	14.49	0.639909	0.059426	0.006371	0.000683
0.4400	14.86	0.639909	0.060716	0.006011	0.000595
0.4400	15.22	0.639909	0.059329	0.005408	0.000493
0.4400	15.59	0.639909	0.061202	0.005714	0.000533
0.4400	15.96	0.639909	0.062295	0.012268	0.002416
0.4400	16.33	0.639909	0.062842	0.012412	0.002451
0.4400	16.69	0.639909	0.065811	0.013999	0.002978
0.4400	17.06	0.639909	0.064313	0.013833	0.002975
0.4400	17.43	0.639909	0.063987	0.013824	0.002986
0.4400	17.80	0.639909	0.066898	0.014553	0.003166
0.4400	18.16	0.639909	0.069414	0.015449	0.003438
0.4400	18.53	0.639909	0.071879	0.018951	0.004997
0.4400	18.90	0.639909	0.072374	0.019488	0.005247
0.4400	19.27	0.639909	0.070112	0.018934	0.005113
0.4400	19.63	0.639909	0.070946	0.018123	0.004630
0.4400	20.00	0.639909	0.071192	0.019040	0.005092
0.4514	2.00	0.643594	0.062222	0.008889	0.001270
0.4514	2.37	0.643594	0.062000	0.008914	0.001282
0.4514	2.73	0.643594	0.061426	0.008795	0.001259
0.4514	3.10	0.643594	0.062092	0.008850	0.001261
0.4514	3.47	0.643594	0.062358	0.008927	0.001278
0.4514	3.84	0.643594	0.061934	0.008971	0.001300
0.4514	4.20	0.643594	0.058889	0.005092	0.000440
0.4514	4.57	0.643594	0.058781	0.005043	0.000433
0.4514	4.94	0.643594	0.058781	0.005043	0.000433
0.4514	5.31	0.643594	0.058333	0.004811	0.000397
0.4514	5.67	0.643594	0.059770	0.006130	0.000629
0.4514	6.04	0.643594	0.059498	0.006019	0.000609
0.4514	6.41	0.643594	0.059259	0.005238	0.000463
0.4514	6.78	0.643594	0.060417	0.007316	0.000886
0.4514	7.14	0.643594	0.060153	0.006202	0.000639
0.4514	7.51	0.643594	0.060920	0.006918	0.000786
0.4514	7.88	0.643594	0.060370	0.006839	0.000775
0.4514	8.24	0.643594	0.060131	0.006665	0.000739
0.4514	8.61	0.643594	0.062132	0.009764	0.001534
0.4514	8.98	0.643594	0.061874	0.010144	0.001663
0.4514	9.35	0.643594	0.063039	0.010856	0.001870
0.4514	9.71	0.643594	0.062474	0.010624	0.001807
0.4514	10.08	0.643594	0.062897	0.011362	0.002052
0.4514	10.45	0.643594	0.063690	0.011403	0.002042
0.4514	10.82	0.643594	0.063374	0.011035	0.001921
0.4514	11.18	0.643594	0.063690	0.010808	0.001834
0.4514	11.55	0.643594	0.063388	0.011264	0.002002
0.4514	11.92	0.643594	0.063842	0.010746	0.001809
0.4514	12.29	0.643594	0.064299	0.011041	0.001896
0.4514	12.65	0.643594	0.062524	0.009352	0.001399
0.4514	13.02	0.643594	0.064444	0.011682	0.002118
0.4514	13.39	0.643594	0.064516	0.011436	0.002027
0.4514	13.76	0.643594	0.065054	0.011610	0.002072
0.4514	14.12	0.643594	0.064062	0.011410	0.002032
0.4514	14.49	0.643594	0.063562	0.010234	0.001648
0.4514	14.86	0.643594	0.065700	0.012653	0.002437
0.4514	15.22	0.643594	0.068921	0.016875	0.004132
0.4514	15.59	0.643594	0.068491	0.015666	0.003583
0.4514	15.96	0.643594	0.069608	0.016350	0.003840
0.4514	16.33	0.643594	0.070074	0.017495	0.004368
0.4514	16.69	0.643594	0.071345	0.019098	0.005112
0.4514	17.06	0.643594	0.075231	0.018598	0.004598
0.4514	17.43	0.643594	0.077778	0.019316	0.004797
0.4514	17.80	0.643594	0.078241	0.022901	0.006703
0.4514	18.16	0.643594	0.080610	0.025551	0.008099
0.4514	18.53	0.643594	0.081818	0.028847	0.010171
0.4514	18.90	0.643594	0.087778	0.027778	0.008790
0.4514	19.27	0.643594	0.088492	0.029544	0.009864
0.4514	19.63	0.643594	0.092453	0.033700	0.012284
0.4514	20.00	0.643594	0.089071	0.034584	0.013428
0.4629	2.00	0.651754	0.000000	0.000000	0.000000
0.4629	2.37	0.651754	0.000000	0.000000	0.000000
0.4629	2.73	0.651754	0.000000	0.000000	0.000000
0.4629	3.10	0.651754	0.000000	0.000000	0.000000
0.4629	3.47	0.651754	0.000000	0.000000	0.000000
0.4629	3.84	0.651754	0.000000	0.000000	0.000000
0.4629	4.20	0.651754	0.000000	0.000000	0.000000
0.4629	4.57	0.651754	0.050000	0.000000	0.000000
0.4629	4.94	0.651754	0.050000	0.000000	0.000000
0.4629	5.31	0.651754	0.050000	0.000000	0.000000
0.4629	5.67	0.651754	0.050000	0.000000	0.000000
0.4629	6.04	0.651754	0.050000	0.000000	0.000000
0.4629	6.41	0.651754	0.050000	0.000000	0.000000
0.4629	6.78	0.651754	0.050000	0.000000	0.000000
0.4629	7.14	0.651754	0.000000	0.000000	0.000000
0.4629	7.51	0.651754	0.000000	0.000000	0.000000
0.4629	7.88	0.651754	0.000000	0.000000	0.000000
0.4629	8.24	0.651754	0.050000	0.000000	0.000000
0.4629	8.61	0.651754	0.000000	0.000000	0.000000
0.4629	8.98	0.651754	0.000000	0.000000	0.000000
0.4629	9.35	0.651754	0.050000	0.000000	0.000000
0.4629	9.71	0.651754	0.054438	0.005192	0.000495
0.4629	10.08	0.651754	0.055030	0.004861	0.000429
0.4629	10.45	0.651754	0.055128	0.005047	0.000462
0.4629	10.82	0.651754	0.054299	0.005882	0.000637
0.4629	11.18	0.651754	0.054808	0.005689	0.000590
0.4629	11.55	0.651754	0.053644	0.005646	0.000594
0.4629	11.92	0.651754	0.053297	0.004641	0.000404
0.4629	12.29	0.651754	0.053344	0.005591	0.000586
0.4629	12.65	0.651754	0.053077	0.004485	0.000379
0.4629	13.02	0.651754	0.054701	0.005056	0.000467
0.4629	13.39	0.651754	0.053231	0.004024	0.000304
0.4629	13.76	0.651754	0.053590	0.004756	0.000422
0.4629	14.12	0.651754	0.055087	0.006131	0.000682
0.4629	14.49	0.651754	0.055529	0.009068	0.001481
0.4629	14.86	0.651754	0.054832	0.009996	0.001822
0.4629	15.22	0.651754	0.059936	0.008522	0.001212
0.4629	15.59	0.651754	0.058120	0.009754	0.001637
0.4629	15.96	0.651754	0.060526	0.009971	0.001642
0.4629	16.33	0.651754	0.062454	0.017360	0.004825
0.4629	16.69	0.651754	0.068896	0.013887	0.002799
0.4629	17.06	0.651754	0.067077	0.017065	0.004342
0.4629	17.43	0.651754	0.070023	0.022883	0.007478
0.4629	17.80	0.651754	0.064719	0.012615	0.002459
0.4629	18.16	0.651754	0.066127	0.014667	0.003253
0.4629	18.53	0.651754	0.067122	0.015898	0.003766
0.4629	18.90	0.651754	0.068357	0.016695	0.004078
0.4629	19.27	0.651754	0.068599	0.015890	0.003681
0.4629	19.63	0.651754	0.072401	0.022483	0.006982
0.4629	20.00	0.651754	0.073957	0.021463	0.006229
0.4743	2.00	0.642635	0.000000	0.000000	0.000000
0.4743	2.37	0.642635	0.000000	0.000000	0.000000
0.4743	2.73	0.642635	0.000000	0.000000	0.000000
0.4743	3.10	0.642635	0.000000	0.000000	0.000000
0.4743	3.47	0.642635	0.000000	0.000000	0.000000
0.4743	3.84	0.642635	0.050562	0.000000	0.000000
0.4743	4.20	0.642635	0.000000	0.000000	0.000000
0.4743	4.57	0.642635	0.050562	0.000000	0.000000
0.4743	4.94	0.642635	0.050562	0.000000	0.000000
0.4743	5.31	0.642635	0.050562	0.000000	0.000000
0.4743	5.67	0.642635	0.050562	0.000000	0.000000
0.4743	6.04	0.642635	0.050562	0.000000	0.000000
0.4743	6.41	0.642635	0.050562	0.000000	0.000000
0.4743	6.78	0.642635	0.050562	0.000000	0.000000
0.4743	7.14	0.642635	0.050562	0.000000	0.000000
0.4743	7.51	0.642635	0.050562	0.000000	0.000000
0.4743	7.88	0.642635	0.050562	0.000000	0.000000
0.4743	8.24	0.642635	0.000000	0.000000	0.000000
0.4743	8.61	0.642635	0.000000	0.000000	0.000000
0.4743	8.98	0.642635	0.000000	0.000000	0.000000
0.4743	9.35	0.642635	0.000000	0.000000	0.000000
0.4743	9.71	0.642635	0.000000	0.000000	0.000000
0.4743	10.08	0.642635	0.000000	0.000000	0.000000
0.4743	10.45	0.642635	0.053371	0.000000	0.000000
0.4743	10.82	0.642635	0.053371	0.000000	0.000000
0.4743	11.18	0.642635	0.050562	0.000000	0.000000
0.4743	11.55	0.642635	0.056180	0.000000	0.000000
0.4743	11.92	0.642635	0.053371	0.000000	0.000000
0.4743	12.29	0.642635	0.053371	0.000000	0.000000
0.4743	12.65	0.642635	0.000000	0.000000	0.000000
0.4743	13.02	0.642635	0.000000	0.000000	0.000000
0.4743	13.39	0.642635	0.000000	0.000000	0.000000
0.4743	13.76	0.642635	0.050562	0.000000	0.000000
0.4743	14.12	0.642635	0.050562	0.000000	0.000000
0.4743	14.49	0.642635	0.054494	0.002865	0.000151
0.4743	14.86	0.642635	0.051966	0.002265	0.000099
0.4743	15.22	0.642635	0.053090	0.005095	0.000489
0.4743	15.59	0.642635	0.052167	0.002046	0.000080
0.4743	15.96	0.642635	0.056380	0.006411	0.000729
0.4743	16.33	0.642635	0.056999	0.007923	0.001101
0.4743	16.69	0.642635	0.056180	0.006145	0.000672
0.4743	17.06	0.642635	0.060454	0.008068	0.001077
0.4743	17.43	0.642635	0.061998	0.010319	0.001717
0.4743	17.80	0.642635	0.061073	0.010913	0.001950
0.4743	18.16	0.642635	0.063057	0.011442	0.002076
0.4743	18.53	0.642635	0.062662	0.011663	0.002171
0.4743	18.90	0.642635	0.063272	0.014419	0.003286
0.4743	19.27	0.642635	0.068684	0.017763	0.004594
0.4743	19.63	0.642635	0.070311	0.019530	0.005425
0.4743	20.00	0.642635	0.071027	0.022416	0.007075
0.4857	2.00	0.659489	0.052632	0.000000	0.000000
0.4857	2.37	0.659489	0.052632	0.000000	0.000000
0.4857	2.73	0.659489	0.052632	0.000000	0.000000
0.4857	3.10	0.659489	0.054251	0.002429	0.000109
0.4857	3.47	0.659489	0.054825	0.003369	0.000207
0.4857	3.84	0.659489	0.054656	0.003289	0.000198
0.4857	4.20	0.659489	0.054825	0.003369	0.000207
0.4857	4.57	0.659489	0.054656	0.003289	0.000198
0.4857	4.94	0.659489	0.054825	0.003369	0.000207
0.4857	5.31	0.659489	0.054825	0.003369	0.000207
0.4857	5.67	0.659489	0.054545	0.002532	0.000118
0.4857	6.04	0.659489	0.054386	0.002481	0.000113
0.4857	6.41	0.659489	0.057895	0.005766	0.000574
0.4857	6.78	0.659489	0.055639	0.005525	0.000549
0.4857	7.14	0.659489	0.057895	0.005766	0.000574
0.4857	7.51	0.659489	0.056391	0.005422	0.000521
0.4857	7.88	0.659489	0.056579	0.005735	0.000581
0.4857	8.24	0.659489	0.056140	0.004962	0.000439
0.4857	8.61	0.659489	0.057895	0.005263	0.000478
0.4857	8.98	0.659489	0.057895	0.005263	0.000478
0.4857	9.35	0.659489	0.059211	0.004364	0.000322
0.4857	9.71	0.659489	0.060000	0.007877	0.001034
0.4857	10.08	0.659489	0.063158	0.008322	0.001096
0.4857	10.45	0.659489	0.060526	0.009488	0.001487
0.4857	10.82	0.659489	0.058553	0.008900	0.001353
0.4857	11.18	0.659489	0.058480	0.008752	0.001310
0.4857	11.55	0.659489	0.059064	0.009538	0.001540
0.4857	11.92	0.659489	0.060526	0.011591	0.002220
0.4857	12.29	0.659489	0.060287	0.009875	0.001618
0.4857	12.65	0.659489	0.057018	0.006140	0.000661
0.4857	13.02	0.659489	0.057358	0.006576	0.000754
0.4857	13.39	0.659489	0.058129	0.007014	0.000846
0.4857	13.76	0.659489	0.058754	0.007693	0.001007
0.4857	14.12	0.659489	0.060088	0.009953	0.001649
0.4857	14.49	0.659489	0.059942	0.009083	0.001376
0.4857	14.86	0.659489	0.061372	0.010817	0.001907
0.4857	15.22	0.659489	0.065045	0.011971	0.002203
0.4857	15.59	0.659489	0.066280	0.016131	0.003926
0.4857	15.96	0.659489	0.065608	0.014667	0.003279
0.4857	16.33	0.659489	0.067084	0.015351	0.003513
0.4857	16.69	0.659489	0.070306	0.017150	0.004183
0.4857	17.06	0.659489	0.069087	0.017231	0.004297
0.4857	17.43	0.659489	0.070869	0.018646	0.004906
0.4857	17.80	0.659489	0.073684	0.020420	0.005659
0.4857	18.16	0.659489	0.074866	0.023890	0.007623
0.4857	18.53	0.659489	0.079808	0.025147	0.007924
0.4857	18.90	0.659489	0.086286	0.034252	0.013596
0.4857	19.27	0.659489	0.087812	0.038904	0.017236
0.4857	19.63	0.659489	0.089288	0.036682	0.015070
0.4857	20.00	0.659489	0.092898	0.037058	0.014783
0.4971	2.00	0.658676	0.055851	0.000000	0.000000
0.4971	2.37	0.658676	0.055851	0.000000	0.000000
0.4971	2.73	0.658676	0.055851	0.000000	0.000000
0.4971	3.10	0.658676	0.000000	0.000000	0.000000
0.4971	3.47	0.658676	0.000000	0.000000	0.000000
0.4971	3.84	0.658676	0.000000	0.000000	0.000000
0.4971	4.20	0.658676	0.000000	0.000000	0.000000
0.4971	4.57	0.658676	0.000000	0.000000	0.000000
0.4971	4.94	0.658676	0.000000	0.000000	0.000000
0.4971	5.31	0.658676	0.000000	0.000000	0.000000
0.4971	5.67	0.658676	0.053191	0.000000	0.000000
0.4971	6.04	0.658676	0.000000	0.000000	0.000000
0.4971	6.41	0.658676	0.000000	0.000000	0.000000
0.4971	6.78	0.658676	0.000000	0.000000	0.000000
0.4971	7.14	0.658676	0.000000	0.000000	0.000000
0.4971	7.51	0.658676	0.000000	0.000000	0.000000
0.4971	7.88	0.658676	0.000000	0.000000	0.000000
0.4971	8.24	0.658676	0.000000	0.000000	0.000000
0.4971	8.61	0.658676	0.000000	0.000000	0.000000
0.4971	8.98	0.658676	0.000000	0.000000	0.000000
0.4971	9.35	0.658676	0.000000	0.000000	0.000000
0.4971	9.71	0.658676	0.000000	0.000000	0.000000
0.4971	10.08	0.658676	0.000000	0.000000	0.000000
0.4971	10.45	0.658676	0.000000	0.000000	0.000000
0.4971	10.82	0.658676	0.000000	0.000000	0.000000
0.4971	11.18	0.658676	0.000000	0.000000	0.000000
0.4971	11.55	0.658676	0.054521	0.003989	0.000292
0.4971	11.92	0.658676	0.058511	0.000000	0.000000
0.4971	12.29	0.658676	0.055851	0.000000	0.000000
0.4971	12.65	0.658676	0.055851	0.000000	0.000000
0.4971	13.02	0.658676	0.052748	0.002387	0.000108
0.4971	13.39	0.658676	0.054521	0.004410	0.000357
0.4971	13.76	0.658676	0.053191	0.000000	0.000000
0.4971	14.12	0.658676	0.053191	0.000000	0.000000
0.4971	14.49	0.658676	0.058511	0.000000	0.000000
0.4971	14.86	0.658676	0.054521	0.003989	0.000292
0.4971	15.22	0.658676	0.054521	0.003989	0.000292
0.4971	15.59	0.658676	0.056738	0.007626	0.001025
0.4971	15.96	0.658676	0.055851	0.006515	0.000760
0.4971	16.33	0.658676	0.054624	0.005958	0.000650
0.4971	16.69	0.658676	0.055851	0.007037	0.000887
0.4971	17.06	0.658676	0.056946	0.007358	0.000951
0.4971	17.43	0.658676	0.058085	0.007585	0.000991
0.4971	17.80	0.658676	0.059703	0.009768	0.001598
0.4971	18.16	0.658676	0.060358	0.010505	0.001828
0.4971	18.53	0.658676	0.063916	0.010606	0.001760
0.4971	18.90	0.658676	0.062035	0.011720	0.002214
0.4971	19.27	0.658676	0.064011	0.012493	0.002438
0.4971	19.63	0.658676	0.062617	0.012224	0.002386
0.4971	20.00	0.658676	0.061835	0.011171	0.002018
0.5086	2.00	0.627544	0.051643	0.000000	0.000000
0.5086	2.37	0.627544	0.051643	0.000000	0.000000
0.5086	2.73	0.627544	0.051643	0.000000	0.000000
0.5086	3.10	0.627544	0.051643	0.000000	0.000000
0.5086	3.47	0.627544	0.051643	0.000000	0.000000
0.5086	3.84	0.627544	0.051643	0.000000	0.000000
0.5086	4.20	0.627544	0.051643	0.000000	0.000000
0.5086	4.57	0.627544	0.051643	0.000000	0.000000
0.5086	4.94	0.627544	0.051643	0.000000	0.000000
0.5086	5.31	0.627544	0.051643	0.000000	0.000000
0.5086	5.67	0.627544	0.051643	0.000000	0.000000
0.5086	6.04	0.627544	0.051643	0.000000	0.000000
0.5086	6.41	0.627544	0.051643	0.000000	0.000000
0.5086	6.78	0.627544	0.051643	0.000000	0.000000
0.5086	7.14	0.627544	0.051643	0.000000	0.000000
0.5086	7.51	0.627544	0.051643	0.000000	0.000000
0.5086	7.88	0.627544	0.051643	0.000000	0.000000
0.5086	8.24	0.627544	0.051643	0.000000	0.000000
0.5086	8.61	0.627544	0.051643	0.000000	0.000000
0.5086	8.98	0.627544	0.051643	0.000000	0.000000
0.5086	9.35	0.627544	0.000000	0.000000	0.000000
0.5086	9.71	0.627544	0.051643	0.000000	0.000000
0.5086	10.08	0.627544	0.051643	0.000000	0.000000
0.5086	10.45	0.627544	0.051643	0.000000	0.000000
0.5086	10.82	0.627544	0.051643	0.000000	0.000000
0.5086	11.18	0.627544	0.051643	0.000000	0.000000
0.5086	11.55	0.627544	0.051643	0.000000	0.000000
0.5086	11.92	0.627544	0.053991	0.002347	0.000102
0.5086	12.29	0.627544	0.054773	0.002213	0.000089
0.5086	12.65	0.627544	0.051643	0.000000	0.000000
0.5086	13.02	0.627544	0.058547	0.007573	0.000980
0.5086	13.39	0.627544	0.058547	0.008386	0.001201
0.5086	13.76	0.627544	0.058392	0.006633	0.000753
0.5086	14.12	0.627544	0.057642	0.006604	0.000757
0.5086	14.49	0.627544	0.058899	0.011211	0.002134
0.5086	14.86	0.627544	0.058259	0.008334	0.001192
0.5086	15.22	0.627544	0.058599	0.008415	0.001208
0.5086	15.59	0.627544	0.057679	0.007301	0.000924
0.5086	15.96	0.627544	0.055642	0.006964	0.000872
0.5086	16.33	0.627544	0.056489	0.007301	0.000944
0.5086	16.69	0.627544	0.056808	0.005858	0.000604
0.5086	17.06	0.627544	0.057207	0.007232	0.000914
0.5086	17.43	0.627544	0.058685	0.007330	0.000915
0.5086	17.80	0.627544	0.059289	0.007536	0.000958
0.5086	18.16	0.627544	0.060117	0.008438	0.001184
0.5086	18.53	0.627544	0.063028	0.010544	0.001764
0.5086	18.90	0.627544	0.066510	0.014449	0.003139
0.5086	19.27	0.627544	0.067635	0.014886	0.003276
0.5086	19.63	0.627544	0.070488	0.018492	0.004851
0.5086	20.00	0.627544	0.070910	0.018955	0.005067
0.5200	2.00	0.665472	0.052347	0.001805	0.000062
0.5200	2.37	0.665472	0.052347	0.001805	0.000062
0.5200	2.73	0.665472	0.050542	0.000000	0.000000
0.5200	3.10	0.665472	0.050542	0.000000	0.000000
0.5200	3.47	0.665472	0.050542	0.000000	0.000000
0.5200	3.84	0.665472	0.050542	0.000000	0.000000
0.5200	4.20	0.665472	0.050542	0.000000	0.000000
0.5200	4.57	0.665472	0.050542	0.000000	0.000000
0.5200	4.94	0.665472	0.050542	0.000000	0.000000
0.5200	5.31	0.665472	0.050542	0.000000	0.000000
0.5200	5.67	0.665472	0.000000	0.000000	0.000000
0.5200	6.04	0.665472	0.000000	0.000000	0.000000
0.5200	6.41	0.665472	0.000000	0.000000	0.000000
0.5200	6.78	0.665472	0.000000	0.000000	0.000000
0.5200	7.14	0.665472	0.000000	0.000000	0.000000
0.5200	7.51	0.665472	0.000000	0.000000	0.000000
0.5200	7.88	0.665472	0.000000	0.000000	0.000000
0.5200	8.24	0.665472	0.053249	0.001563	0.000046
0.5200	8.61	0.665472	0.052708	0.001769	0.000059
0.5200	8.98	0.665472	0.054874	0.003537	0.000228
0.5200	9.35	0.665472	0.054152	0.003229	0.000193
0.5200	9.71	0.665472	0.052089	0.002630	0.000133
0.5200	10.08	0.665472	0.054152	0.003229	0.000193
0.5200	10.45	0.665472	0.052604	0.003262	0.000202
0.5200	10.82	0.665472	0.054152	0.000000	0.000000
0.5200	11.18	0.665472	0.054152	0.000000	0.000000
0.5200	11.55	0.665472	0.057762	0.000000	0.000000
0.5200	11.92	0.665472	0.054152	0.000000	0.000000
0.5200	12.29	0.665472	0.061372	0.000000	0.000000
0.5200	12.65	0.665472	0.059567	0.001805	0.000055
0.5200	13.02	0.665472	0.060168	0.001702	0.000048
0.5200	13.39	0.665472	0.052708	0.002888	0.000158
0.5200	13.76	0.665472	0.053249	0.002993	0.000168
0.5200	14.12	0.665472	0.055957	0.003456	0.000214
0.5200	14.49	0.665472	0.054553	0.004320	0.000342
0.5200	14.86	0.665472	0.055957	0.004347	0.000338
0.5200	15.22	0.665472	0.057401	0.006346	0.000702
0.5200	15.59	0.665472	0.057942	0.006703	0.000775
0.5200	15.96	0.665472	0.059941	0.010690	0.001906
0.5200	16.33	0.665472	0.061733	0.012396	0.002489
0.5200	16.69	0.665472	0.062951	0.011731	0.002186
0.5200	17.06	0.665472	0.065756	0.013015	0.002576
0.5200	17.43	0.665472	0.065695	0.015237	0.003534
0.5200	17.80	0.665472	0.067070	0.015070	0.003386
0.5200	18.16	0.665472	0.071472	0.017122	0.004102
0.5200	18.53	0.665472	0.072530	0.016639	0.003817
0.5200	18.90	0.665472	0.077373	0.023336	0.007038
0.5200	19.27	0.665472	0.075309	0.023084	0.007076
0.5200	19.63	0.665472	0.079776	0.025439	0.008112
0.5200	20.00	0.665472	0.085642	0.030629	0.010954
0.5314	2.00	0.661145	0.000000	0.000000	0.000000
0.5314	2.37	0.661145	0.000000	0.000000	0.000000
0.5314	2.73	0.661145	0.000000	0.000000	0.000000
0.5314	3.10	0.661145	0.000000	0.000000	0.000000
0.5314	3.47	0.661145	0.000000	0.000000	0.000000
0.5314	3.84	0.661145	0.000000	0.000000	0.000000
0.5314	4.20	0.661145	0.000000	0.000000	0.000000
0.5314	4.57	0.661145	0.000000	0.000000	0.000000
0.5314	4.94	0.661145	0.050955	0.000000	0.000000
0.5314	5.31	0.661145	0.050955	0.000000	0.000000
0.5314	5.67	0.661145	0.050955	0.000000	0.000000
0.5314	6.04	0.661145	0.050955	0.000000	0.000000
0.5314	6.41	0.661145	0.050955	0.000000	0.000000
0.5314	6.78	0.661145	0.054140	0.000000	0.000000
0.5314	7.14	0.661145	0.050955	0.000000	0.000000
0.5314	7.51	0.661145	0.050955	0.000000	0.000000
0.5314	7.88	0.661145	0.050955	0.000000	0.000000
0.5314	8.24	0.661145	0.050955	0.000000	0.000000
0.5314	8.61	0.661145	0.052548	0.001592	0.000048
0.5314	8.98	0.661145	0.052017	0.001501	0.000043
0.5314	9.35	0.661145	0.052548	0.001592	0.000048
0.5314	9.71	0.661145	0.053344	0.002641	0.000131
0.5314	10.08	0.661145	0.052229	0.001560	0.000047
0.5314	10.45	0.661145	0.052548	0.001592	0.000048
0.5314	10.82	0.661145	0.054936	0.004137	0.000312
0.5314	11.18	0.661145	0.054140	0.002252	0.000094
0.5314	11.55	0.661145	0.054140	0.002848	0.000150
0.5314	11.92	0.661145	0.050955	0.000000	0.000000
0.5314	12.29	0.661145	0.000000	0.000000	0.000000
0.5314	12.65	0.661145	0.000000	0.000000	0.000000
0.5314	13.02	0.661145	0.052548	0.001592	0.000048
0.5314	13.39	0.661145	0.054140	0.003900	0.000281
0.5314	13.76	0.661145	0.059236	0.006860	0.000794
0.5314	14.12	0.661145	0.059713	0.006895	0.000796
0.5314	14.49	0.661145	0.057325	0.008663	0.001309
0.5314	14.86	0.661145	0.057325	0.011725	0.002398
0.5314	15.22	0.661145	0.059979	0.013749	0.003152
0.5314	15.59	0.661145	0.058636	0.013381	0.003054
0.5314	15.96	0.661145	0.057186	0.011327	0.002244
0.5314	16.33	0.661145	0.058862	0.011456	0.002230
0.5314	16.69	0.661145	0.059782	0.014305	0.003423
0.5314	17.06	0.661145	0.061847	0.009849	0.001568
0.5314	17.43	0.661145	0.062557	0.011426	0.002087
0.5314	17.80	0.661145	0.063485	0.011575	0.002110
0.5314	18.16	0.661145	0.064674	0.012713	0.002499
0.5314	18.53	0.661145	0.064889	0.012710	0.002490
0.5314	18.90	0.661145	0.066879	0.014349	0.003079
0.5314	19.27	0.661145	0.078045	0.024578	0.007740
0.5314	19.63	0.661145	0.084099	0.029149	0.010104
0.5314	20.00	0.661145	0.086809	0.033040	0.012575
0.5429	2.00	0.667067	0.052000	0.000000	0.000000
0.5429	2.37	0.667067	0.052000	0.000000	0.000000
0.5429	2.73	0.667067	0.000000	0.000000	0.000000
0.5429	3.10	0.667067	0.052000	0.000000	0.000000
0.5429	3.47	0.667067	0.052000	0.000000	0.000000
0.5429	3.84	0.667067	0.052000	0.000000	0.000000
0.5429	4.20	0.667067	0.052000	0.000000	0.000000
0.5429	4.57	0.667067	0.052000	0.000000	0.000000
0.5429	4.94	0.667067	0.052000	0.000000	0.000000
0.5429	5.31	0.667067	0.000000	0.000000	0.000000
0.5429	5.67	0.667067	0.000000	0.000000	0.000000
0.5429	6.04	0.667067	0.000000	0.000000	0.000000
0.5429	6.41	0.667067	0.052000	0.000000	0.000000
0.5429	6.78	0.667067	0.000000	0.000000	0.000000
0.5429	7.14	0.667067	0.000000	0.000000	0.000000
0.5429	7.51	0.667067	0.000000	0.000000	0.000000
0.5429	7.88	0.667067	0.000000	0.000000	0.000000
0.5429	8.24	0.667067	0.052000	0.000000	0.000000
0.5429	8.61	0.667067	0.052000	0.000000	0.000000
0.5429	8.98	0.667067	0.052000	0.000000	0.000000
0.5429	9.35	0.667067	0.052000	0.000000	0.000000
0.5429	9.71	0.667067	0.052000	0.000000	0.000000
0.5429	10.08	0.667067	0.052000	0.000000	0.000000
0.5429	10.45	0.667067	0.052000	0.000000	0.000000
0.5429	10.82	0.667067	0.053333	0.001886	0.000067
0.5429	11.18	0.667067	0.055333	0.003590	0.000233
0.5429	11.55	0.667067	0.057333	0.004989	0.000434
0.5429	11.92	0.667067	0.054667	0.003771	0.000260
0.5429	12.29	0.667067	0.054222	0.003326	0.000204
0.5429	12.65	0.667067	0.054333	0.003037	0.000170
0.5429	13.02	0.667067	0.055467	0.004588	0.000379
0.5429	13.39	0.667067	0.057263	0.006496	0.000737
0.5429	13.76	0.667067	0.058667	0.004989	0.000424
0.5429	14.12	0.667067	0.057231	0.005056	0.000447
0.5429	14.49	0.667067	0.056615	0.004105	0.000298
0.5429	14.86	0.667067	0.057250	0.004841	0.000409
0.5429	15.22	0.667067	0.058000	0.005878	0.000596
0.5429	15.59	0.667067	0.058154	0.005789	0.000576
0.5429	15.96	0.667067	0.061333	0.006727	0.000738
0.5429	16.33	0.667067	0.062353	0.011847	0.002251
0.5429	16.69	0.667067	0.074353	0.018135	0.004423
0.5429	17.06	0.667067	0.074426	0.019892	0.005317
0.5429	17.43	0.667067	0.074448	0.021018	0.005934
0.5429	17.80	0.667067	0.076225	0.022646	0.006728
0.5429	18.16	0.667067	0.081389	0.025308	0.007870
0.5429	18.53	0.667067	0.085222	0.029826	0.010439
0.5429	18.90	0.667067	0.085823	0.029296	0.010000
0.5429	19.27	0.667067	0.084488	0.028664	0.009725
0.5429	19.63	0.667067	0.088884	0.033850	0.012891
0.5429	20.00	0.667067	0.095136	0.035616	0.013334
0.5543	2.00	0.641446	0.050542	0.000000	0.000000
0.5543	2.37	0.641446	0.051745	0.001702	0.000056
0.5543	2.73	0.641446	0.052347	0.001805	0.000062
0.5543	3.10	0.641446	0.000000	0.000000	0.000000
0.5543	3.47	0.641446	0.000000	0.000000	0.000000
0.5543	3.84	0.641446	0.000000	0.000000	0.000000
0.5543	4.20	0.641446	0.000000	0.000000	0.000000
0.5543	4.57	0.641446	0.000000	0.000000	0.000000
0.5543	4.94	0.641446	0.000000	0.000000	0.000000
0.5543	5.31	0.641446	0.000000	0.000000	0.000000
0.5543	5.67	0.641446	0.000000	0.000000	0.000000
0.5543	6.04	0.641446	0.000000	0.000000	0.000000
0.5543	6.41	0.641446	0.000000	0.000000	0.000000
0.5543	6.78	0.641446	0.000000	0.000000	0.000000
0.5543	7.14	0.641446	0.000000	0.000000	0.000000
0.5543	7.51	0.641446	0.000000	0.000000	0.000000
0.5543	7.88	0.641446	0.000000	0.000000	0.000000
0.5543	8.24	0.641446	0.000000	0.000000	0.000000
0.5543	8.61	0.641446	0.000000	0.000000	0.000000
0.5543	8.98	0.641446	0.000000	0.000000	0.000000
0.5543	9.35	0.641446	0.000000	0.000000	0.000000
0.5543	9.71	0.641446	0.050542	0.000000	0.000000
0.5543	10.08	0.641446	0.050542	0.000000	0.000000
0.5543	10.45	0.641446	0.050542	0.000000	0.000000
0.5543	10.82	0.641446	0.000000	0.000000	0.000000
0.5543	11.18	0.641446	0.050542	0.000000	0.000000
0.5543	11.55	0.641446	0.000000	0.000000	0.000000
0.5543	11.92	0.641446	0.051444	0.001563	0.000048
0.5543	12.29	0.641446	0.051444	0.001563	0.000048
0.5543	12.65	0.641446	0.050542	0.000000	0.000000
0.5543	13.02	0.641446	0.052708	0.002888	0.000158
0.5543	13.39	0.641446	0.053430	0.003537	0.000234
0.5543	13.76	0.641446	0.057762	0.007799	0.001053
0.5543	14.12	0.641446	0.055596	0.006696	0.000806
0.5543	14.49	0.641446	0.053120	0.003719	0.000260
0.5543	14.86	0.641446	0.053249	0.003495	0.000229
0.5543	15.22	0.641446	0.055355	0.005644	0.000576
0.5543	15.59	0.641446	0.057361	0.007309	0.000931
0.5543	15.96	0.641446	0.057206	0.008825	0.001362
0.5543	16.33	0.641446	0.058704	0.007392	0.000931
0.5543	16.69	0.641446	0.056364	0.007084	0.000890
0.5543	17.06	0.641446	0.056627	0.006616	0.000773
0.5543	17.43	0.641446	0.057260	0.006086	0.000647
0.5543	17.80	0.641446	0.058484	0.007805	0.001042
0.5543	18.16	0.641446	0.060103	0.007231	0.000870
0.5543	18.53	0.641446	0.062575	0.010104	0.001631
0.5543	18.90	0.641446	0.063051	0.011319	0.002032
0.5543	19.27	0.641446	0.064079	0.012158	0.002307
0.5543	19.63	0.641446	0.064719	0.012215	0.002306
0.5543	20.00	0.641446	0.067199	0.013655	0.002775
0.5657	2.00	0.625734	0.051559	0.002681	0.000139
0.5657	2.37	0.625734	0.051387	0.002517	0.000123
0.5657	2.73	0.625734	0.053957	0.003597	0.000240
0.5657	3.10	0.625734	0.053957	0.004256	0.000336
0.5657	3.47	0.625734	0.053557	0.003575	0.000239
0.5657	3.84	0.625734	0.053957	0.004323	0.000346
0.5657	4.20	0.625734	0.053957	0.004323	0.000346
0.5657	4.57	0.625734	0.053597	0.004241	0.000336
0.5657	4.94	0.625734	0.053237	0.003524	0.000233
0.5657	5.31	0.625734	0.054146	0.004284	0.000339
0.5657	5.67	0.625734	0.053957	0.004256	0.000336
0.5657	6.04	0.625734	0.053786	0.004224	0.000332
0.5657	6.41	0.625734	0.053957	0.004256	0.000336
0.5657	6.78	0.625734	0.055438	0.006418	0.000743
0.5657	7.14	0.625734	0.054903	0.006268	0.000716
0.5657	7.51	0.625734	0.055955	0.007791	0.001085
0.5657	7.88	0.625734	0.055592	0.007571	0.001031
0.5657	8.24	0.625734	0.055661	0.007686	0.001061
0.5657	8.61	0.625734	0.056039	0.007592	0.001028
0.5657	8.98	0.625734	0.056475	0.007971	0.001125
0.5657	9.35	0.625734	0.054964	0.007581	0.001046
0.5657	9.71	0.625734	0.057194	0.008351	0.001219
0.5657	10.08	0.625734	0.057227	0.007662	0.001026
0.5657	10.45	0.625734	0.058472	0.012383	0.002622
0.5657	10.82	0.625734	0.057994	0.011297	0.002200
0.5657	11.18	0.625734	0.058303	0.011952	0.002450
0.5657	11.55	0.625734	0.057954	0.011782	0.002395
0.5657	11.92	0.625734	0.058118	0.012325	0.002614
0.5657	12.29	0.625734	0.058470	0.012946	0.002867
0.5657	12.65	0.625734	0.058408	0.012779	0.002796
0.5657	13.02	0.625734	0.059224	0.013111	0.002902
0.5657	13.39	0.625734	0.060457	0.013865	0.003180
0.5657	13.76	0.625734	0.061478	0.014828	0.003576
0.5657	14.12	0.625734	0.056724	0.007552	0.001006
0.5657	14.49	0.625734	0.057811	0.008912	0.001374
0.5657	14.86	0.625734	0.060107	0.013120	0.002864
0.5657	15.22	0.625734	0.062019	0.017664	0.005031
0.5657	15.59	0.625734	0.062421	0.018110	0.005254
0.5657	15.96	0.625734	0.061637	0.013746	0.003066
0.5657	16.33	0.625734	0.064748	0.019034	0.005596
0.5657	16.69	0.625734	0.065843	0.020512	0.006390
0.5657	17.06	0.625734	0.069440	0.025423	0.009308
0.5657	17.43	0.625734	0.070250	0.024741	0.008714
0.5657	17.80	0.625734	0.070066	0.020864	0.006213
0.5657	18.16	0.625734	0.069403	0.021878	0.006897
0.5657	18.53	0.625734	0.069797	0.023916	0.008195
0.5657	18.90	0.625734	0.071471	0.024917	0.008687
0.5657	19.27	0.625734	0.075479	0.027061	0.009702
0.5657	19.63	0.625734	0.079496	0.032319	0.013139
0.5657	20.00	0.625734	0.082059	0.032986	0.013259
0.5771	2.00	0.646030	0.000000	0.000000	0.000000
0.5771	2.37	0.646030	0.000000	0.000000	0.000000
0.5771	2.73	0.646030	0.000000	0.000000	0.000000
0.5771	3.10	0.646030	0.000000	0.000000	0.000000
0.5771	3.47	0.646030	0.000000	0.000000	0.000000
0.5771	3.84	0.646030	0.000000	0.000000	0.000000
0.5771	4.20	0.646030	0.000000	0.000000	0.000000
0.5771	4.57	0.646030	0.000000	0.000000	0.000000
0.5771	4.94	0.646030	0.000000	0.000000	0.000000
0.5771	5.31	0.646030	0.000000	0.000000	0.000000
0.5771	5.67	0.646030	0.000000	0.000000	0.000000
0.5771	6.04	0.646030	0.000000	0.000000	0.000000
0.5771	6.41	0.646030	0.000000	0.000000	0.000000
0.5771	6.78	0.646030	0.000000	0.000000	0.000000
0.5771	7.14	0.646030	0.000000	0.000000	0.000000
0.5771	7.51	0.646030	0.000000	0.000000	0.000000
0.5771	7.88	0.646030	0.000000	0.000000	0.000000
0.5771	8.24	0.646030	0.000000	0.000000	0.000000
0.5771	8.61	0.646030	0.000000	0.000000	0.000000
0.5771	8.98	0.646030	0.000000	0.000000	0.000000
0.5771	9.35	0.646030	0.055901	0.000000	0.000000
0.5771	9.71	0.646030	0.052795	0.000000	0.000000
0.5771	10.08	0.646030	0.052795	0.000000	0.000000
0.5771	10.45	0.646030	0.052795	0.000000	0.000000
0.5771	10.82	0.646030	0.052795	0.000000	0.000000
0.5771	11.18	0.646030	0.054348	0.002690	0.000133
0.5771	11.55	0.646030	0.000000	0.000000	0.000000
0.5771	11.92	0.646030	0.000000	0.000000	0.000000
0.5771	12.29	0.646030	0.000000	0.000000	0.000000
0.5771	12.65	0.646030	0.000000	0.000000	0.000000
0.5771	13.02	0.646030	0.052795	0.000000	0.000000
0.5771	13.39	0.646030	0.052795	0.000000	0.000000
0.5771	13.76	0.646030	0.052795	0.000000	0.000000
0.5771	14.12	0.646030	0.059006	0.000000	0.000000
0.5771	14.49	0.646030	0.055901	0.003106	0.000173
0.5771	14.86	0.646030	0.054348	0.001553	0.000044
0.5771	15.22	0.646030	0.054348	0.001553	0.000044
0.5771	15.59	0.646030	0.059006	0.005071	0.000436
0.5771	15.96	0.646030	0.055901	0.002536	0.000115
0.5771	16.33	0.646030	0.059869	0.007006	0.000820
0.5771	16.69	0.646030	0.059853	0.008540	0.001219
0.5771	17.06	0.646030	0.058290	0.007671	0.001009
0.5771	17.43	0.646030	0.060373	0.007712	0.000985
0.5771	17.80	0.646030	0.062112	0.010936	0.001925
0.5771	18.16	0.646030	0.065491	0.015258	0.003555
0.5771	18.53	0.646030	0.064512	0.013871	0.002982
0.5771	18.90	0.646030	0.066095	0.013059	0.002580
0.5771	19.27	0.646030	0.068576	0.015945	0.003707
0.5771	19.63	0.646030	0.069001	0.014430	0.003018
0.5771	20.00	0.646030	0.069585	0.017728	0.004516
0.5886	2.00	0.648999	0.000000	0.000000	0.000000
0.5886	2.37	0.648999	0.000000	0.000000	0.000000
0.5886	2.73	0.648999	0.000000	0.000000	0.000000
0.5886	3.10	0.648999	0.000000	0.000000	0.000000
0.5886	3.47	0.648999	0.000000	0.000000	0.000000
0.5886	3.84	0.648999	0.000000	0.000000	0.000000
0.5886	4.20	0.648999	0.000000	0.000000	0.000000
0.5886	4.57	0.648999	0.000000	0.000000	0.000000
0.5886	4.94	0.648999	0.000000	0.000000	0.000000
0.5886	5.31	0.648999	0.000000	0.000000	0.000000
0.5886	5.67	0.648999	0.000000	0.000000	0.000000
0.5886	6.04	0.648999	0.000000	0.000000	0.000000
0.5886	6.41	0.648999	0.000000	0.000000	0.000000
0.5886	6.78	0.648999	0.000000	0.000000	0.000000
0.5886	7.14	0.648999	0.000000	0.000000	0.000000
0.5886	7.51	0.648999	0.000000	0.000000	0.000000
0.5886	7.88	0.648999	0.000000	0.000000	0.000000
0.5886	8.24	0.648999	0.000000	0.000000	0.000000
0.5886	8.61	0.648999	0.000000	0.000000	0.000000
0.5886	8.98	0.648999	0.000000	0.000000	0.000000
0.5886	9.35	0.648999	0.000000	0.000000	0.000000
0.5886	9.71	0.648999	0.000000	0.000000	0.000000
0.5886	10.08	0.648999	0.000000	0.000000	0.000000
0.5886	10.45	0.648999	0.053571	0.000000	0.000000
0.5886	10.82	0.648999	0.053571	0.000000	0.000000
0.5886	11.18	0.648999	0.053571	0.000000	0.000000
0.5886	11.55	0.648999	0.053571	0.000000	0.000000
0.5886	11.92	0.648999	0.053571	0.002551	0.000121
0.5886	12.29	0.648999	0.051020	0.000000	0.000000
0.5886	12.65	0.648999	0.000000	0.000000	0.000000
0.5886	13.02	0.648999	0.000000	0.000000	0.000000
0.5886	13.39	0.648999	0.058673	0.000000	0.000000
0.5886	13.76	0.648999	0.051020	0.000000	0.000000
0.5886	14.12	0.648999	0.051020	0.000000	0.000000
0.5886	14.49	0.648999	0.056633	0.002975	0.000156
0.5886	14.86	0.648999	0.056760	0.003314	0.000193
0.5886	15.22	0.648999	0.057580	0.004493	0.000351
0.5886	15.59	0.648999	0.056669	0.006262	0.000692
0.5886	15.96	0.648999	0.057540	0.005188	0.000468
0.5886	16.33	0.648999	0.070246	0.020214	0.005816
0.5886	16.69	0.648999	0.067086	0.015369	0.003521
0.5886	17.06	0.648999	0.070194	0.017427	0.004327
0.5886	17.43	0.648999	0.072968	0.017635	0.004262
0.5886	17.80	0.648999	0.074753	0.017387	0.004044
0.5886	18.16	0.648999	0.078744	0.019851	0.005005
0.5886	18.53	0.648999	0.067111	0.013853	0.002859
0.5886	18.90	0.648999	0.068826	0.014822	0.003192
0.5886	19.27	0.648999	0.069853	0.016525	0.003909
0.5886	19.63	0.648999	0.072509	0.019354	0.005166
0.5886	20.00	0.648999	0.075952	0.018668	0.004589
0.6000	2.00	0.663964	0.000000	0.000000	0.000000
0.6000	2.37	0.663964	0.000000	0.000000	0.000000
0.6000	2.73	0.663964	0.000000	0.000000	0.000000
0.6000	3.10	0.663964	0.000000	0.000000	0.000000
0.6000	3.47	0.663964	0.000000	0.000000	0.000000
0.6000	3.84	0.663964	0.000000	0.000000	0.000000
0.6000	4.20	0.663964	0.055000	0.005000	0.000455
0.6000	4.57	0.663964	0.055000	0.005000	0.000455
0.6000	4.94	0.663964	0.055000	0.005000	0.000455
0.6000	5.31	0.663964	0.053333	0.004714	0.000417
0.6000	5.67	0.663964	0.052500	0.004330	0.000357
0.6000	6.04	0.663964	0.053333	0.004714	0.000417
0.6000	6.41	0.663964	0.060000	0.000000	0.000000
0.6000	6.78	0.663964	0.051111	0.001571	0.000048
0.6000	7.14	0.663964	0.051667	0.001667	0.000054
0.6000	7.51	0.663964	0.050000	0.000000	0.000000
0.6000	7.88	0.663964	0.051111	0.001571	0.000048
0.6000	8.24	0.663964	0.050667	0.001333	0.000035
0.6000	8.61	0.663964	0.050833	0.001443	0.000041
0.6000	8.98	0.663964	0.051111	0.001571	0.000048
0.6000	9.35	0.663964	0.051250	0.001614	0.000051
0.6000	9.71	0.663964	0.051111	0.001571	0.000048
0.6000	10.08	0.663964	0.051481	0.002283	0.000101
0.6000	10.45	0.663964	0.052121	0.003264	0.000204
0.6000	10.82	0.663964	0.052593	0.003435	0.000224
0.6000	11.18	0.663964	0.052000	0.003399	0.000222
0.6000	11.55	0.663964	0.052963	0.003313	0.000207
0.6000	11.92	0.663964	0.053333	0.002357	0.000104
0.6000	12.29	0.663964	0.055556	0.003143	0.000178
0.6000	12.65	0.663964	0.056667	0.006236	0.000686
0.6000	13.02	0.663964	0.052500	0.001443	0.000040
0.6000	13.39	0.663964	0.053333	0.002722	0.000139
0.6000	13.76	0.663964	0.054583	0.005254	0.000506
0.6000	14.12	0.663964	0.054242	0.005876	0.000637
0.6000	14.49	0.663964	0.054524	0.005287	0.000513
0.6000	14.86	0.663964	0.053148	0.004371	0.000359
0.6000	15.22	0.663964	0.056500	0.008265	0.001209
0.6000	15.59	0.663964	0.056667	0.007659	0.001035
0.6000	15.96	0.663964	0.055699	0.006836	0.000839
0.6000	16.33	0.663964	0.058431	0.009471	0.001535
0.6000	16.69	0.663964	0.060545	0.012436	0.002554
0.6000	17.06	0.663964	0.063446	0.015885	0.003977
0.6000	17.43	0.663964	0.065956	0.017316	0.004546
0.6000	17.80	0.663964	0.066905	0.016226	0.003935
0.6000	18.16	0.663964	0.071524	0.023534	0.007744
0.6000	18.53	0.663964	0.071870	0.022295	0.006916
0.6000	18.90	0.663964	0.068436	0.017005	0.004226
0.6000	19.27	0.663964	0.069419	0.016722	0.004028
0.6000	19.63	0.663964	0.071263	0.016622	0.003877
0.6000	20.00	0.663964	0.075735	0.020591	0.005598
