axonal_length	MAX_EXC_WEIGHT	mean_peaks_height	std_peaks_height	fano_factor	GC_fraction	mean_degree
0.100000	2.000000	0.058420	0.008542	0.001627	0.132407	12.903000
0.100000	2.370000	0.058635	0.008759	0.001675	0.132407	12.903000
0.100000	2.730000	0.058848	0.009366	0.001737	0.132407	12.903000
0.100000	3.100000	0.060092	0.010622	0.002113	0.132407	12.903000
0.100000	3.470000	0.060635	0.011235	0.002181	0.132407	12.903000
0.100000	3.840000	0.060217	0.011122	0.002142	0.132407	12.903000
0.100000	4.200000	0.060445	0.011511	0.002285	0.132407	12.903000
0.100000	4.570000	0.060827	0.011758	0.002391	0.132407	12.903000
0.100000	4.940000	0.061370	0.011932	0.002413	0.132407	12.903000
0.100000	5.310000	0.060780	0.011349	0.002211	0.132407	12.903000
0.100000	5.670000	0.061546	0.013000	0.003051	0.132407	12.903000
0.100000	6.040000	0.061518	0.013138	0.003100	0.132407	12.903000
0.100000	6.410000	0.061973	0.013100	0.002997	0.132407	12.903000
0.100000	6.780000	0.062502	0.014697	0.003738	0.132407	12.903000
0.100000	7.140000	0.063057	0.015629	0.004160	0.132407	12.903000
0.100000	7.510000	0.063715	0.016508	0.004735	0.132407	12.903000
0.100000	7.880000	0.064368	0.018357	0.006007	0.132407	12.903000
0.100000	8.240000	0.066395	0.022317	0.009338	0.132407	12.903000
0.100000	8.610000	0.067774	0.025458	0.012059	0.132407	12.903000
0.100000	8.980000	0.070671	0.034294	0.020309	0.132407	12.903000
0.100000	9.350000	0.077196	0.047242	0.034222	0.132407	12.903000
0.100000	9.710000	0.080759	0.047917	0.033437	0.132407	12.903000
0.100000	10.080000	0.088679	0.053988	0.037606	0.132407	12.903000
0.100000	10.450000	0.094646	0.068807	0.058143	0.132407	12.903000
0.100000	10.820000	0.099968	0.076371	0.066290	0.132407	12.903000
0.100000	11.180000	0.117485	0.104025	0.100175	0.132407	12.903000
0.100000	11.550000	0.132586	0.118028	0.111179	0.132407	12.903000
0.100000	11.920000	0.154180	0.145990	0.147907	0.132407	12.903000
0.100000	12.290000	0.167662	0.164423	0.166684	0.132407	12.903000
0.100000	12.650000	0.204495	0.191460	0.188578	0.132407	12.903000
0.100000	13.020000	0.225695	0.215589	0.214545	0.132407	12.903000
0.100000	13.390000	0.261499	0.232479	0.217642	0.132407	12.903000
0.100000	13.760000	0.307831	0.235558	0.216892	0.132407	12.903000
0.100000	14.120000	0.362825	0.257279	0.213442	0.132407	12.903000
0.100000	14.490000	0.396257	0.271943	0.227535	0.132407	12.903000
0.100000	14.860000	0.441677	0.305480	0.250466	0.132407	12.903000
0.100000	15.220000	0.474228	0.303414	0.247410	0.132407	12.903000
0.100000	15.590000	0.513121	0.325990	0.239267	0.132407	12.903000
0.100000	15.960000	0.538231	0.333469	0.236462	0.132407	12.903000
0.100000	16.330000	0.569661	0.343070	0.238796	0.132407	12.903000
0.100000	16.690000	0.595259	0.344382	0.226635	0.132407	12.903000
0.100000	17.060000	0.632759	0.327882	0.203385	0.132407	12.903000
0.100000	17.430000	0.646830	0.332649	0.205851	0.132407	12.903000
0.100000	17.800000	0.693600	0.320064	0.179142	0.132407	12.903000
0.100000	18.160000	0.705167	0.318190	0.175165	0.132407	12.903000
0.100000	18.530000	0.707400	0.314403	0.178782	0.132407	12.903000
0.100000	18.900000	0.748305	0.287345	0.147113	0.132407	12.903000
0.100000	19.270000	0.766877	0.294111	0.137539	0.132407	12.903000
0.100000	19.630000	0.778717	0.268557	0.125455	0.132407	12.903000
0.100000	20.000000	0.793997	0.239639	0.117819	0.132407	12.903000
0.100000	20.370000	0.792206	0.261732	0.121034	0.132407	12.903000
0.100000	20.730000	0.804301	0.254290	0.114558	0.132407	12.903000
0.100000	21.100000	0.782430	0.272650	0.124188	0.132407	12.903000
0.100000	21.470000	0.796955	0.270779	0.117575	0.132407	12.903000
0.100000	21.840000	0.807037	0.240220	0.109208	0.132407	12.903000
0.100000	22.200000	0.838129	0.221848	0.087270	0.132407	12.903000
0.100000	22.570000	0.830998	0.234696	0.094692	0.132407	12.903000
0.100000	22.940000	0.845267	0.206917	0.082577	0.132407	12.903000
0.100000	23.310000	0.849536	0.204875	0.080945	0.132407	12.903000
0.100000	23.670000	0.833291	0.233376	0.098445	0.132407	12.903000
0.100000	24.040000	0.857444	0.177352	0.077874	0.132407	12.903000
0.100000	24.410000	0.845004	0.211539	0.088770	0.132407	12.903000
0.100000	24.780000	0.852468	0.188550	0.087829	0.132407	12.903000
0.100000	25.140000	0.873033	0.162117	0.070599	0.132407	12.903000
0.100000	25.510000	0.868480	0.179555	0.075520	0.132407	12.903000
0.100000	25.880000	0.899064	0.149800	0.048805	0.132407	12.903000
0.100000	26.240000	0.913930	0.107187	0.034317	0.132407	12.903000
0.100000	26.610000	0.886130	0.144792	0.062849	0.132407	12.903000
0.100000	26.980000	0.910289	0.140619	0.041521	0.132407	12.903000
0.100000	27.350000	0.915748	0.133404	0.036106	0.132407	12.903000
0.100000	27.710000	0.902826	0.122063	0.046764	0.132407	12.903000
0.100000	28.080000	0.901545	0.154103	0.049299	0.132407	12.903000
0.100000	28.450000	0.897462	0.146616	0.051279	0.132407	12.903000
0.100000	28.820000	0.890014	0.187526	0.061477	0.132407	12.903000
0.100000	29.180000	0.885637	0.184687	0.065400	0.132407	12.903000
0.100000	29.550000	0.889625	0.176292	0.062503	0.132407	12.903000
0.100000	29.920000	0.878990	0.179788	0.072133	0.132407	12.903000
0.130000	2.000000	0.059032	0.008772	0.001345	0.147963	13.620000
0.130000	2.370000	0.059052	0.008752	0.001339	0.147963	13.620000
0.130000	2.730000	0.059147	0.008840	0.001380	0.147963	13.620000
0.130000	3.100000	0.058212	0.007661	0.001065	0.147963	13.620000
0.130000	3.470000	0.058654	0.008214	0.001217	0.147963	13.620000
0.130000	3.840000	0.058875	0.008382	0.001215	0.147963	13.620000
0.130000	4.200000	0.058870	0.008637	0.001301	0.147963	13.620000
0.130000	4.570000	0.059219	0.008732	0.001358	0.147963	13.620000
0.130000	4.940000	0.059405	0.008915	0.001387	0.147963	13.620000
0.130000	5.310000	0.059407	0.008932	0.001423	0.147963	13.620000
0.130000	5.670000	0.059802	0.009396	0.001532	0.147963	13.620000
0.130000	6.040000	0.060286	0.009806	0.001635	0.147963	13.620000
0.130000	6.410000	0.060889	0.010437	0.001873	0.147963	13.620000
0.130000	6.780000	0.061921	0.012632	0.002886	0.147963	13.620000
0.130000	7.140000	0.062515	0.013722	0.003603	0.147963	13.620000
0.130000	7.510000	0.062921	0.012652	0.002616	0.147963	13.620000
0.130000	7.880000	0.064803	0.015616	0.003959	0.147963	13.620000
0.130000	8.240000	0.067613	0.019606	0.006626	0.147963	13.620000
0.130000	8.610000	0.070181	0.027919	0.016331	0.147963	13.620000
0.130000	8.980000	0.075842	0.039018	0.031353	0.147963	13.620000
0.130000	9.350000	0.087090	0.056057	0.047169	0.147963	13.620000
0.130000	9.710000	0.092415	0.065428	0.055815	0.147963	13.620000
0.130000	10.080000	0.097686	0.068310	0.056135	0.147963	13.620000
0.130000	10.450000	0.109046	0.074705	0.056892	0.147963	13.620000
0.130000	10.820000	0.120788	0.095706	0.083388	0.147963	13.620000
0.130000	11.180000	0.143479	0.104934	0.084699	0.147963	13.620000
0.130000	11.550000	0.159124	0.119973	0.104685	0.147963	13.620000
0.130000	11.920000	0.179091	0.140870	0.126844	0.147963	13.620000
0.130000	12.290000	0.211620	0.178528	0.169670	0.147963	13.620000
0.130000	12.650000	0.241625	0.203232	0.187425	0.147963	13.620000
0.130000	13.020000	0.276999	0.230799	0.211131	0.147963	13.620000
0.130000	13.390000	0.310277	0.250430	0.219998	0.147963	13.620000
0.130000	13.760000	0.350894	0.290604	0.247981	0.147963	13.620000
0.130000	14.120000	0.411931	0.295194	0.227231	0.147963	13.620000
0.130000	14.490000	0.453190	0.306905	0.221064	0.147963	13.620000
0.130000	14.860000	0.487495	0.304087	0.206754	0.147963	13.620000
0.130000	15.220000	0.529670	0.294496	0.193024	0.147963	13.620000
0.130000	15.590000	0.561243	0.310459	0.189445	0.147963	13.620000
0.130000	15.960000	0.572288	0.317126	0.188636	0.147963	13.620000
0.130000	16.330000	0.641585	0.286397	0.140518	0.147963	13.620000
0.130000	16.690000	0.653582	0.275941	0.131335	0.147963	13.620000
0.130000	17.060000	0.686687	0.276593	0.120764	0.147963	13.620000
0.130000	17.430000	0.698688	0.270389	0.119048	0.147963	13.620000
0.130000	17.800000	0.699963	0.278632	0.123781	0.147963	13.620000
0.130000	18.160000	0.715880	0.276595	0.117197	0.147963	13.620000
0.130000	18.530000	0.715358	0.284447	0.122481	0.147963	13.620000
0.130000	18.900000	0.728614	0.261324	0.113006	0.147963	13.620000
0.130000	19.270000	0.736865	0.263923	0.110462	0.147963	13.620000
0.130000	19.630000	0.763334	0.243010	0.091087	0.147963	13.620000
0.130000	20.000000	0.780374	0.228227	0.077928	0.147963	13.620000
0.130000	20.370000	0.758306	0.230053	0.083630	0.147963	13.620000
0.130000	20.730000	0.766543	0.226817	0.084243	0.147963	13.620000
0.130000	21.100000	0.774419	0.215754	0.077308	0.147963	13.620000
0.130000	21.470000	0.777306	0.205888	0.075429	0.147963	13.620000
0.130000	21.840000	0.771642	0.226037	0.075958	0.147963	13.620000
0.130000	22.200000	0.765414	0.232284	0.083996	0.147963	13.620000
0.130000	22.570000	0.777244	0.218083	0.075310	0.147963	13.620000
0.130000	22.940000	0.777289	0.225932	0.077665	0.147963	13.620000
0.130000	23.310000	0.780257	0.199150	0.075349	0.147963	13.620000
0.130000	23.670000	0.817475	0.200464	0.057852	0.147963	13.620000
0.130000	24.040000	0.829167	0.165811	0.049582	0.147963	13.620000
0.130000	24.410000	0.834923	0.166413	0.046497	0.147963	13.620000
0.130000	24.780000	0.831033	0.197737	0.051980	0.147963	13.620000
0.130000	25.140000	0.863420	0.175545	0.043892	0.147963	13.620000
0.130000	25.510000	0.859101	0.174192	0.050256	0.147963	13.620000
0.130000	25.880000	0.881524	0.095295	0.028758	0.147963	13.620000
0.130000	26.240000	0.880633	0.112729	0.032470	0.147963	13.620000
0.130000	26.610000	0.882496	0.109212	0.030549	0.147963	13.620000
0.130000	26.980000	0.863433	0.143929	0.044671	0.147963	13.620000
0.130000	27.350000	0.871705	0.138701	0.040342	0.147963	13.620000
0.130000	27.710000	0.869661	0.143159	0.042975	0.147963	13.620000
0.130000	28.080000	0.861362	0.163583	0.049821	0.147963	13.620000
0.130000	28.450000	0.874378	0.152632	0.038528	0.147963	13.620000
0.130000	28.820000	0.871285	0.153203	0.038405	0.147963	13.620000
0.130000	29.180000	0.873997	0.124491	0.036105	0.147963	13.620000
0.130000	29.550000	0.875843	0.120388	0.034697	0.147963	13.620000
0.130000	29.920000	0.877403	0.126638	0.038662	0.147963	13.620000
0.160000	2.000000	0.058667	0.006557	0.000914	0.172963	14.291000
0.160000	2.370000	0.058579	0.006812	0.001003	0.172963	14.291000
0.160000	2.730000	0.058496	0.006498	0.000922	0.172963	14.291000
0.160000	3.100000	0.057510	0.005325	0.000630	0.172963	14.291000
0.160000	3.470000	0.057698	0.005660	0.000718	0.172963	14.291000
0.160000	3.840000	0.058029	0.006100	0.000756	0.172963	14.291000
0.160000	4.200000	0.058214	0.005832	0.000736	0.172963	14.291000
0.160000	4.570000	0.059769	0.007369	0.001021	0.172963	14.291000
0.160000	4.940000	0.059185	0.007370	0.001022	0.172963	14.291000
0.160000	5.310000	0.059733	0.008121	0.001246	0.172963	14.291000
0.160000	5.670000	0.060388	0.008920	0.001417	0.172963	14.291000
0.160000	6.040000	0.060865	0.009380	0.001534	0.172963	14.291000
0.160000	6.410000	0.062057	0.010763	0.001927	0.172963	14.291000
0.160000	6.780000	0.064506	0.015596	0.004778	0.172963	14.291000
0.160000	7.140000	0.064366	0.015331	0.004307	0.172963	14.291000
0.160000	7.510000	0.066477	0.017480	0.005101	0.172963	14.291000
0.160000	7.880000	0.067158	0.020244	0.008070	0.172963	14.291000
0.160000	8.240000	0.075852	0.043934	0.033367	0.172963	14.291000
0.160000	8.610000	0.079855	0.051201	0.042921	0.172963	14.291000
0.160000	8.980000	0.091574	0.059735	0.047881	0.172963	14.291000
0.160000	9.350000	0.098415	0.073233	0.065205	0.172963	14.291000
0.160000	9.710000	0.103499	0.083667	0.077038	0.172963	14.291000
0.160000	10.080000	0.110070	0.097736	0.094564	0.172963	14.291000
0.160000	10.450000	0.123214	0.105550	0.096550	0.172963	14.291000
0.160000	10.820000	0.138629	0.117609	0.105717	0.172963	14.291000
0.160000	11.180000	0.169292	0.132253	0.110304	0.172963	14.291000
0.160000	11.550000	0.181295	0.151294	0.131966	0.172963	14.291000
0.160000	11.920000	0.211255	0.174811	0.150363	0.172963	14.291000
0.160000	12.290000	0.234826	0.187689	0.157371	0.172963	14.291000
0.160000	12.650000	0.276181	0.203158	0.162242	0.172963	14.291000
0.160000	13.020000	0.305898	0.211389	0.161252	0.172963	14.291000
0.160000	13.390000	0.335003	0.224955	0.170045	0.172963	14.291000
0.160000	13.760000	0.367923	0.233097	0.166450	0.172963	14.291000
0.160000	14.120000	0.408190	0.235001	0.169453	0.172963	14.291000
0.160000	14.490000	0.422594	0.253699	0.173126	0.172963	14.291000
0.160000	14.860000	0.459367	0.245655	0.157906	0.172963	14.291000
0.160000	15.220000	0.491824	0.272694	0.163875	0.172963	14.291000
0.160000	15.590000	0.504186	0.282441	0.165201	0.172963	14.291000
0.160000	15.960000	0.536146	0.272531	0.144461	0.172963	14.291000
0.160000	16.330000	0.556412	0.276978	0.143754	0.172963	14.291000
0.160000	16.690000	0.578683	0.269507	0.138422	0.172963	14.291000
0.160000	17.060000	0.585717	0.253269	0.133277	0.172963	14.291000
0.160000	17.430000	0.626759	0.244052	0.115504	0.172963	14.291000
0.160000	17.800000	0.618788	0.263663	0.124445	0.172963	14.291000
0.160000	18.160000	0.637186	0.245995	0.114561	0.172963	14.291000
0.160000	18.530000	0.646166	0.258362	0.116388	0.172963	14.291000
0.160000	18.900000	0.659889	0.240050	0.092608	0.172963	14.291000
0.160000	19.270000	0.667302	0.238387	0.092976	0.172963	14.291000
0.160000	19.630000	0.704207	0.214630	0.069139	0.172963	14.291000
0.160000	20.000000	0.707532	0.203860	0.064922	0.172963	14.291000
0.160000	20.370000	0.704173	0.225533	0.077426	0.172963	14.291000
0.160000	20.730000	0.717615	0.202026	0.067006	0.172963	14.291000
0.160000	21.100000	0.724916	0.218671	0.070892	0.172963	14.291000
0.160000	21.470000	0.730154	0.207876	0.066224	0.172963	14.291000
0.160000	21.840000	0.740818	0.199989	0.064308	0.172963	14.291000
0.160000	22.200000	0.731423	0.203620	0.069436	0.172963	14.291000
0.160000	22.570000	0.739898	0.204512	0.065598	0.172963	14.291000
0.160000	22.940000	0.738260	0.193213	0.069264	0.172963	14.291000
0.160000	23.310000	0.742241	0.223178	0.080564	0.172963	14.291000
0.160000	23.670000	0.731542	0.219291	0.086374	0.172963	14.291000
0.160000	24.040000	0.743187	0.216910	0.079635	0.172963	14.291000
0.160000	24.410000	0.771150	0.172092	0.066012	0.172963	14.291000
0.160000	24.780000	0.768845	0.183700	0.067863	0.172963	14.291000
0.160000	25.140000	0.765971	0.171986	0.069753	0.172963	14.291000
0.160000	25.510000	0.773493	0.182269	0.065112	0.172963	14.291000
0.160000	25.880000	0.769586	0.179750	0.065946	0.172963	14.291000
0.160000	26.240000	0.774637	0.174858	0.062491	0.172963	14.291000
0.160000	26.610000	0.792144	0.144781	0.053656	0.172963	14.291000
0.160000	26.980000	0.766287	0.201045	0.078684	0.172963	14.291000
0.160000	27.350000	0.775435	0.206846	0.080387	0.172963	14.291000
0.160000	27.710000	0.772969	0.212293	0.077741	0.172963	14.291000
0.160000	28.080000	0.786032	0.208271	0.069857	0.172963	14.291000
0.160000	28.450000	0.794654	0.197637	0.062805	0.172963	14.291000
0.160000	28.820000	0.792192	0.203817	0.066280	0.172963	14.291000
0.160000	29.180000	0.806406	0.183339	0.057596	0.172963	14.291000
0.160000	29.550000	0.801510	0.180176	0.055286	0.172963	14.291000
0.160000	29.920000	0.804842	0.173023	0.051610	0.172963	14.291000
0.190000	2.000000	0.058630	0.006717	0.000928	0.183148	14.778000
0.190000	2.370000	0.058121	0.006720	0.000957	0.183148	14.778000
0.190000	2.730000	0.058618	0.007344	0.001138	0.183148	14.778000
0.190000	3.100000	0.058392	0.007218	0.001178	0.183148	14.778000
0.190000	3.470000	0.059172	0.008211	0.001363	0.183148	14.778000
0.190000	3.840000	0.059283	0.008111	0.001319	0.183148	14.778000
0.190000	4.200000	0.059804	0.007967	0.001153	0.183148	14.778000
0.190000	4.570000	0.059529	0.007729	0.001101	0.183148	14.778000
0.190000	4.940000	0.060449	0.008145	0.001178	0.183148	14.778000
0.190000	5.310000	0.060045	0.008173	0.001176	0.183148	14.778000
0.190000	5.670000	0.060822	0.008531	0.001258	0.183148	14.778000
0.190000	6.040000	0.060816	0.008641	0.001290	0.183148	14.778000
0.190000	6.410000	0.061228	0.009078	0.001393	0.183148	14.778000
0.190000	6.780000	0.061671	0.009905	0.001689	0.183148	14.778000
0.190000	7.140000	0.063155	0.011903	0.002612	0.183148	14.778000
0.190000	7.510000	0.066630	0.022097	0.012579	0.183148	14.778000
0.190000	7.880000	0.071449	0.031943	0.024909	0.183148	14.778000
0.190000	8.240000	0.073366	0.036693	0.032192	0.183148	14.778000
0.190000	8.610000	0.077587	0.046100	0.040854	0.183148	14.778000
0.190000	8.980000	0.082515	0.055046	0.049837	0.183148	14.778000
0.190000	9.350000	0.092814	0.075120	0.076902	0.183148	14.778000
0.190000	9.710000	0.114259	0.098662	0.095669	0.183148	14.778000
0.190000	10.080000	0.141471	0.116836	0.106066	0.183148	14.778000
0.190000	10.450000	0.168820	0.148405	0.137630	0.183148	14.778000
0.190000	10.820000	0.198771	0.160229	0.138843	0.183148	14.778000
0.190000	11.180000	0.233997	0.169622	0.138331	0.183148	14.778000
0.190000	11.550000	0.261466	0.172835	0.136774	0.183148	14.778000
0.190000	11.920000	0.278763	0.184906	0.145310	0.183148	14.778000
0.190000	12.290000	0.284090	0.211233	0.173124	0.183148	14.778000
0.190000	12.650000	0.322942	0.237186	0.194999	0.183148	14.778000
0.190000	13.020000	0.365795	0.257614	0.197574	0.183148	14.778000
0.190000	13.390000	0.392821	0.265243	0.196825	0.183148	14.778000
0.190000	13.760000	0.435351	0.272604	0.193260	0.183148	14.778000
0.190000	14.120000	0.474239	0.278778	0.180265	0.183148	14.778000
0.190000	14.490000	0.481278	0.284978	0.186830	0.183148	14.778000
0.190000	14.860000	0.544075	0.258028	0.135762	0.183148	14.778000
0.190000	15.220000	0.567097	0.256607	0.128359	0.183148	14.778000
0.190000	15.590000	0.601994	0.233597	0.103806	0.183148	14.778000
0.190000	15.960000	0.603691	0.229341	0.102609	0.183148	14.778000
0.190000	16.330000	0.635629	0.220005	0.092833	0.183148	14.778000
0.190000	16.690000	0.645007	0.223439	0.094867	0.183148	14.778000
0.190000	17.060000	0.671746	0.223091	0.080569	0.183148	14.778000
0.190000	17.430000	0.666553	0.225758	0.085530	0.183148	14.778000
0.190000	17.800000	0.689154	0.212111	0.086727	0.183148	14.778000
0.190000	18.160000	0.683736	0.239120	0.096202	0.183148	14.778000
0.190000	18.530000	0.689071	0.237550	0.101957	0.183148	14.778000
0.190000	18.900000	0.697483	0.235291	0.100557	0.183148	14.778000
0.190000	19.270000	0.717173	0.237422	0.098021	0.183148	14.778000
0.190000	19.630000	0.733994	0.215538	0.090088	0.183148	14.778000
0.190000	20.000000	0.742448	0.217115	0.088613	0.183148	14.778000
0.190000	20.370000	0.744909	0.224769	0.083725	0.183148	14.778000
0.190000	20.730000	0.755651	0.222143	0.080944	0.183148	14.778000
0.190000	21.100000	0.771566	0.209368	0.066504	0.183148	14.778000
0.190000	21.470000	0.786331	0.198763	0.059132	0.183148	14.778000
0.190000	21.840000	0.775302	0.216467	0.070727	0.183148	14.778000
0.190000	22.200000	0.764383	0.218306	0.079615	0.183148	14.778000
0.190000	22.570000	0.732417	0.228178	0.088591	0.183148	14.778000
0.190000	22.940000	0.737752	0.235913	0.093134	0.183148	14.778000
0.190000	23.310000	0.732987	0.236680	0.096255	0.183148	14.778000
0.190000	23.670000	0.750661	0.222536	0.084483	0.183148	14.778000
0.190000	24.040000	0.770607	0.221841	0.082181	0.183148	14.778000
0.190000	24.410000	0.753559	0.236371	0.092598	0.183148	14.778000
0.190000	24.780000	0.768699	0.230046	0.083346	0.183148	14.778000
0.190000	25.140000	0.781187	0.219847	0.075864	0.183148	14.778000
0.190000	25.510000	0.798153	0.223932	0.069058	0.183148	14.778000
0.190000	25.880000	0.795806	0.226059	0.071546	0.183148	14.778000
0.190000	26.240000	0.779428	0.246971	0.085670	0.183148	14.778000
0.190000	26.610000	0.779375	0.246682	0.084680	0.183148	14.778000
0.190000	26.980000	0.782325	0.241369	0.081653	0.183148	14.778000
0.190000	27.350000	0.779681	0.237114	0.080960	0.183148	14.778000
0.190000	27.710000	0.792083	0.220969	0.072845	0.183148	14.778000
0.190000	28.080000	0.798942	0.212082	0.066825	0.183148	14.778000
0.190000	28.450000	0.815396	0.206849	0.065005	0.183148	14.778000
0.190000	28.820000	0.824783	0.193442	0.059347	0.183148	14.778000
0.190000	29.180000	0.829009	0.193617	0.057812	0.183148	14.778000
0.190000	29.550000	0.841386	0.177902	0.046855	0.183148	14.778000
0.190000	29.920000	0.854476	0.165024	0.039071	0.183148	14.778000
0.210000	2.000000	0.057149	0.005329	0.000720	0.192778	15.221000
0.210000	2.370000	0.057423	0.005759	0.000752	0.192778	15.221000
0.210000	2.730000	0.057186	0.005637	0.000749	0.192778	15.221000
0.210000	3.100000	0.057347	0.005726	0.000754	0.192778	15.221000
0.210000	3.470000	0.057525	0.005804	0.000754	0.192778	15.221000
0.210000	3.840000	0.057923	0.006442	0.000895	0.192778	15.221000
0.210000	4.200000	0.058205	0.007031	0.001015	0.192778	15.221000
0.210000	4.570000	0.058996	0.007661	0.001123	0.192778	15.221000
0.210000	4.940000	0.059560	0.008368	0.001294	0.192778	15.221000
0.210000	5.310000	0.058980	0.007368	0.001137	0.192778	15.221000
0.210000	5.670000	0.059219	0.007963	0.001272	0.192778	15.221000
0.210000	6.040000	0.060244	0.009304	0.001686	0.192778	15.221000
0.210000	6.410000	0.060504	0.010537	0.002350	0.192778	15.221000
0.210000	6.780000	0.061384	0.012713	0.004004	0.192778	15.221000
0.210000	7.140000	0.063687	0.017599	0.009341	0.192778	15.221000
0.210000	7.510000	0.064583	0.020374	0.010927	0.192778	15.221000
0.210000	7.880000	0.065451	0.020314	0.008194	0.192778	15.221000
0.210000	8.240000	0.069001	0.029423	0.017152	0.192778	15.221000
0.210000	8.610000	0.076864	0.044153	0.038570	0.192778	15.221000
0.210000	8.980000	0.086777	0.059156	0.055318	0.192778	15.221000
0.210000	9.350000	0.100549	0.072074	0.066642	0.192778	15.221000
0.210000	9.710000	0.129179	0.096385	0.082791	0.192778	15.221000
0.210000	10.080000	0.147195	0.115782	0.098371	0.192778	15.221000
0.210000	10.450000	0.176232	0.134461	0.107022	0.192778	15.221000
0.210000	10.820000	0.202023	0.153901	0.123890	0.192778	15.221000
0.210000	11.180000	0.199633	0.173083	0.161567	0.192778	15.221000
0.210000	11.550000	0.240625	0.210133	0.194930	0.192778	15.221000
0.210000	11.920000	0.281320	0.226861	0.195337	0.192778	15.221000
0.210000	12.290000	0.311827	0.249546	0.211898	0.192778	15.221000
0.210000	12.650000	0.352172	0.261565	0.208486	0.192778	15.221000
0.210000	13.020000	0.396093	0.261541	0.188821	0.192778	15.221000
0.210000	13.390000	0.418197	0.267546	0.190577	0.192778	15.221000
0.210000	13.760000	0.474413	0.268498	0.167279	0.192778	15.221000
0.210000	14.120000	0.451582	0.276640	0.182486	0.192778	15.221000
0.210000	14.490000	0.511968	0.262259	0.158205	0.192778	15.221000
0.210000	14.860000	0.550369	0.253274	0.139200	0.192778	15.221000
0.210000	15.220000	0.591242	0.245926	0.122040	0.192778	15.221000
0.210000	15.590000	0.604916	0.265329	0.126728	0.192778	15.221000
0.210000	15.960000	0.592213	0.274718	0.139241	0.192778	15.221000
0.210000	16.330000	0.647369	0.252948	0.103511	0.192778	15.221000
0.210000	16.690000	0.666391	0.254747	0.099122	0.192778	15.221000
0.210000	17.060000	0.672824	0.259181	0.102876	0.192778	15.221000
0.210000	17.430000	0.686642	0.252535	0.097823	0.192778	15.221000
0.210000	17.800000	0.679276	0.272710	0.113948	0.192778	15.221000
0.210000	18.160000	0.689312	0.267590	0.111314	0.192778	15.221000
0.210000	18.530000	0.711050	0.268171	0.108509	0.192778	15.221000
0.210000	18.900000	0.705319	0.270615	0.113711	0.192778	15.221000
0.210000	19.270000	0.733470	0.259098	0.104109	0.192778	15.221000
0.210000	19.630000	0.745967	0.251997	0.094211	0.192778	15.221000
0.210000	20.000000	0.749281	0.238142	0.095270	0.192778	15.221000
0.210000	20.370000	0.753971	0.257927	0.097370	0.192778	15.221000
0.210000	20.730000	0.763794	0.224209	0.087078	0.192778	15.221000
0.210000	21.100000	0.779022	0.202255	0.072766	0.192778	15.221000
0.210000	21.470000	0.776984	0.229676	0.080398	0.192778	15.221000
0.210000	21.840000	0.782704	0.211124	0.074130	0.192778	15.221000
0.210000	22.200000	0.784253	0.201847	0.069414	0.192778	15.221000
0.210000	22.570000	0.789079	0.205683	0.068891	0.192778	15.221000
0.210000	22.940000	0.793205	0.211679	0.069801	0.192778	15.221000
0.210000	23.310000	0.798023	0.202259	0.067440	0.192778	15.221000
0.210000	23.670000	0.818391	0.196819	0.059935	0.192778	15.221000
0.210000	24.040000	0.788398	0.236673	0.082866	0.192778	15.221000
0.210000	24.410000	0.790931	0.224188	0.083691	0.192778	15.221000
0.210000	24.780000	0.798257	0.190301	0.080687	0.192778	15.221000
0.210000	25.140000	0.792902	0.216811	0.085028	0.192778	15.221000
0.210000	25.510000	0.804326	0.203930	0.076200	0.192778	15.221000
0.210000	25.880000	0.796882	0.226809	0.082903	0.192778	15.221000
0.210000	26.240000	0.797481	0.229762	0.087628	0.192778	15.221000
0.210000	26.610000	0.804912	0.218674	0.074661	0.192778	15.221000
0.210000	26.980000	0.805625	0.184375	0.058738	0.192778	15.221000
0.210000	27.350000	0.812053	0.177715	0.055550	0.192778	15.221000
0.210000	27.710000	0.819127	0.176568	0.053063	0.192778	15.221000
0.210000	28.080000	0.823324	0.167354	0.048102	0.192778	15.221000
0.210000	28.450000	0.824468	0.165745	0.050118	0.192778	15.221000
0.210000	28.820000	0.817286	0.167456	0.054858	0.192778	15.221000
0.210000	29.180000	0.826657	0.161465	0.045949	0.192778	15.221000
0.210000	29.550000	0.815636	0.173773	0.056224	0.192778	15.221000
0.210000	29.920000	0.816976	0.152916	0.050812	0.192778	15.221000
0.240000	2.000000	0.057606	0.004353	0.000418	0.217963	15.362000
0.240000	2.370000	0.057805	0.004709	0.000477	0.217963	15.362000
0.240000	2.730000	0.057627	0.004736	0.000473	0.217963	15.362000
0.240000	3.100000	0.057987	0.004813	0.000490	0.217963	15.362000
0.240000	3.470000	0.052143	0.004574	0.000483	0.217963	15.362000
0.240000	3.840000	0.051875	0.004375	0.000474	0.217963	15.362000
0.240000	4.200000	0.051926	0.004705	0.000560	0.217963	15.362000
0.240000	4.570000	0.052948	0.006283	0.000872	0.217963	15.362000
0.240000	4.940000	0.052715	0.005900	0.000786	0.217963	15.362000
0.240000	5.310000	0.052878	0.006363	0.000871	0.217963	15.362000
0.240000	5.670000	0.053407	0.006870	0.001020	0.217963	15.362000
0.240000	6.040000	0.060236	0.007756	0.001224	0.217963	15.362000
0.240000	6.410000	0.061077	0.008407	0.001406	0.217963	15.362000
0.240000	6.780000	0.061036	0.009791	0.002053	0.217963	15.362000
0.240000	7.140000	0.062372	0.014774	0.006570	0.217963	15.362000
0.240000	7.510000	0.063386	0.016140	0.007381	0.217963	15.362000
0.240000	7.880000	0.068791	0.028340	0.023506	0.217963	15.362000
0.240000	8.240000	0.080335	0.043968	0.039508	0.217963	15.362000
0.240000	8.610000	0.081046	0.050802	0.047640	0.217963	15.362000
0.240000	8.980000	0.103978	0.076891	0.071023	0.217963	15.362000
0.240000	9.350000	0.114664	0.088736	0.081038	0.217963	15.362000
0.240000	9.710000	0.128472	0.098397	0.086842	0.217963	15.362000
0.240000	10.080000	0.152839	0.114262	0.095268	0.217963	15.362000
0.240000	10.450000	0.157489	0.130293	0.118153	0.217963	15.362000
0.240000	10.820000	0.178972	0.146534	0.128701	0.217963	15.362000
0.240000	11.180000	0.204000	0.160276	0.136911	0.217963	15.362000
0.240000	11.550000	0.243129	0.190776	0.160274	0.217963	15.362000
0.240000	11.920000	0.271308	0.203010	0.161524	0.217963	15.362000
0.240000	12.290000	0.302864	0.212934	0.160162	0.217963	15.362000
0.240000	12.650000	0.314916	0.222602	0.166157	0.217963	15.362000
0.240000	13.020000	0.353909	0.236345	0.169008	0.217963	15.362000
0.240000	13.390000	0.376639	0.241789	0.166011	0.217963	15.362000
0.240000	13.760000	0.405748	0.264888	0.180673	0.217963	15.362000
0.240000	14.120000	0.487450	0.269032	0.159869	0.217963	15.362000
0.240000	14.490000	0.524456	0.267954	0.144311	0.217963	15.362000
0.240000	14.860000	0.557047	0.269290	0.135212	0.217963	15.362000
0.240000	15.220000	0.605354	0.246893	0.107444	0.217963	15.362000
0.240000	15.590000	0.621612	0.256677	0.110434	0.217963	15.362000
0.240000	15.960000	0.655363	0.257518	0.108365	0.217963	15.362000
0.240000	16.330000	0.686436	0.239301	0.092205	0.217963	15.362000
0.240000	16.690000	0.698028	0.222949	0.080636	0.217963	15.362000
0.240000	17.060000	0.722639	0.192593	0.062411	0.217963	15.362000
0.240000	17.430000	0.725311	0.196405	0.074931	0.217963	15.362000
0.240000	17.800000	0.728262	0.217531	0.076361	0.217963	15.362000
0.240000	18.160000	0.756632	0.184971	0.064937	0.217963	15.362000
0.240000	18.530000	0.757812	0.199992	0.069952	0.217963	15.362000
0.240000	18.900000	0.787278	0.181622	0.060090	0.217963	15.362000
0.240000	19.270000	0.791360	0.165253	0.053475	0.217963	15.362000
0.240000	19.630000	0.773221	0.188419	0.070189	0.217963	15.362000
0.240000	20.000000	0.763685	0.188285	0.072758	0.217963	15.362000
0.240000	20.370000	0.767800	0.162694	0.066292	0.217963	15.362000
0.240000	20.730000	0.774976	0.150257	0.059377	0.217963	15.362000
0.240000	21.100000	0.766820	0.175438	0.067723	0.217963	15.362000
0.240000	21.470000	0.776601	0.180925	0.061644	0.217963	15.362000
0.240000	21.840000	0.774750	0.166789	0.062341	0.217963	15.362000
0.240000	22.200000	0.777140	0.174442	0.060715	0.217963	15.362000
0.240000	22.570000	0.799863	0.168356	0.047025	0.217963	15.362000
0.240000	22.940000	0.804525	0.177390	0.050044	0.217963	15.362000
0.240000	23.310000	0.816097	0.155851	0.043713	0.217963	15.362000
0.240000	23.670000	0.802949	0.159206	0.045859	0.217963	15.362000
0.240000	24.040000	0.809621	0.140675	0.041473	0.217963	15.362000
0.240000	24.410000	0.815255	0.154233	0.042822	0.217963	15.362000
0.240000	24.780000	0.827421	0.148378	0.040039	0.217963	15.362000
0.240000	25.140000	0.810238	0.140808	0.046377	0.217963	15.362000
0.240000	25.510000	0.810295	0.142053	0.045318	0.217963	15.362000
0.240000	25.880000	0.806525	0.144796	0.045574	0.217963	15.362000
0.240000	26.240000	0.812261	0.136907	0.044618	0.217963	15.362000
0.240000	26.610000	0.802476	0.166264	0.053711	0.217963	15.362000
0.240000	26.980000	0.822983	0.151012	0.048815	0.217963	15.362000
0.240000	27.350000	0.829180	0.150164	0.048131	0.217963	15.362000
0.240000	27.710000	0.836973	0.127832	0.041653	0.217963	15.362000
0.240000	28.080000	0.836158	0.135605	0.039637	0.217963	15.362000
0.240000	28.450000	0.824817	0.178266	0.051921	0.217963	15.362000
0.240000	28.820000	0.840346	0.177135	0.052121	0.217963	15.362000
0.240000	29.180000	0.842526	0.169424	0.047632	0.217963	15.362000
0.240000	29.550000	0.833746	0.149663	0.050632	0.217963	15.362000
0.240000	29.920000	0.827058	0.168545	0.054335	0.217963	15.362000
0.270000	2.000000	0.052570	0.004540	0.000508	0.247963	15.054000
0.270000	2.370000	0.052930	0.004915	0.000595	0.247963	15.054000
0.270000	2.730000	0.053052	0.005011	0.000597	0.247963	15.054000
0.270000	3.100000	0.053022	0.005012	0.000609	0.247963	15.054000
0.270000	3.470000	0.058530	0.005111	0.000534	0.247963	15.054000
0.270000	3.840000	0.058480	0.005007	0.000573	0.247963	15.054000
0.270000	4.200000	0.057656	0.004605	0.000520	0.247963	15.054000
0.270000	4.570000	0.058293	0.005473	0.000653	0.247963	15.054000
0.270000	4.940000	0.058202	0.005701	0.000674	0.247963	15.054000
0.270000	5.310000	0.058599	0.006613	0.000899	0.247963	15.054000
0.270000	5.670000	0.058812	0.006930	0.000952	0.247963	15.054000
0.270000	6.040000	0.059467	0.008052	0.001221	0.247963	15.054000
0.270000	6.410000	0.060079	0.008163	0.001321	0.247963	15.054000
0.270000	6.780000	0.063171	0.008230	0.001277	0.247963	15.054000
0.270000	7.140000	0.062547	0.010411	0.001770	0.247963	15.054000
0.270000	7.510000	0.063432	0.011432	0.002121	0.247963	15.054000
0.270000	7.880000	0.067510	0.019078	0.006955	0.247963	15.054000
0.270000	8.240000	0.069992	0.025906	0.013556	0.247963	15.054000
0.270000	8.610000	0.082380	0.044691	0.034817	0.247963	15.054000
0.270000	8.980000	0.090532	0.049732	0.035671	0.247963	15.054000
0.270000	9.350000	0.106441	0.069578	0.052454	0.247963	15.054000
0.270000	9.710000	0.117866	0.084901	0.069197	0.247963	15.054000
0.270000	10.080000	0.129227	0.099003	0.082693	0.247963	15.054000
0.270000	10.450000	0.150856	0.123054	0.108982	0.247963	15.054000
0.270000	10.820000	0.172026	0.135387	0.119098	0.247963	15.054000
0.270000	11.180000	0.194441	0.158360	0.140378	0.247963	15.054000
0.270000	11.550000	0.209677	0.174365	0.152591	0.247963	15.054000
0.270000	11.920000	0.258905	0.194614	0.155925	0.247963	15.054000
0.270000	12.290000	0.273826	0.218572	0.180899	0.247963	15.054000
0.270000	12.650000	0.299643	0.223639	0.175275	0.247963	15.054000
0.270000	13.020000	0.331875	0.230571	0.170089	0.247963	15.054000
0.270000	13.390000	0.362555	0.247381	0.176454	0.247963	15.054000
0.270000	13.760000	0.387500	0.241718	0.160283	0.247963	15.054000
0.270000	14.120000	0.429854	0.251538	0.151188	0.247963	15.054000
0.270000	14.490000	0.441746	0.259900	0.162160	0.247963	15.054000
0.270000	14.860000	0.485271	0.253420	0.136553	0.247963	15.054000
0.270000	15.220000	0.514617	0.251980	0.127205	0.247963	15.054000
0.270000	15.590000	0.579884	0.251263	0.120823	0.247963	15.054000
0.270000	15.960000	0.584868	0.261747	0.122337	0.247963	15.054000
0.270000	16.330000	0.610734	0.252422	0.111287	0.247963	15.054000
0.270000	16.690000	0.619738	0.252727	0.108145	0.247963	15.054000
0.270000	17.060000	0.641051	0.249057	0.103319	0.247963	15.054000
0.270000	17.430000	0.640228	0.245395	0.101128	0.247963	15.054000
0.270000	17.800000	0.659369	0.229570	0.093250	0.247963	15.054000
0.270000	18.160000	0.675289	0.229805	0.086391	0.247963	15.054000
0.270000	18.530000	0.698166	0.208181	0.074439	0.247963	15.054000
0.270000	18.900000	0.696692	0.213817	0.071366	0.247963	15.054000
0.270000	19.270000	0.709397	0.189037	0.062722	0.247963	15.054000
0.270000	19.630000	0.707618	0.197600	0.063203	0.247963	15.054000
0.270000	20.000000	0.720633	0.190535	0.061427	0.247963	15.054000
0.270000	20.370000	0.730638	0.167212	0.056200	0.247963	15.054000
0.270000	20.730000	0.758839	0.133011	0.041804	0.247963	15.054000
0.270000	21.100000	0.757387	0.136235	0.042553	0.247963	15.054000
0.270000	21.470000	0.757571	0.133382	0.043405	0.247963	15.054000
0.270000	21.840000	0.746824	0.166914	0.056995	0.247963	15.054000
0.270000	22.200000	0.763054	0.131762	0.047632	0.247963	15.054000
0.270000	22.570000	0.741006	0.167279	0.058382	0.247963	15.054000
0.270000	22.940000	0.734410	0.159078	0.057807	0.247963	15.054000
0.270000	23.310000	0.747204	0.142958	0.050061	0.247963	15.054000
0.270000	23.670000	0.748665	0.170410	0.054521	0.247963	15.054000
0.270000	24.040000	0.738593	0.177651	0.061695	0.247963	15.054000
0.270000	24.410000	0.740817	0.179960	0.063528	0.247963	15.054000
0.270000	24.780000	0.758254	0.123508	0.042454	0.247963	15.054000
0.270000	25.140000	0.747548	0.178531	0.054546	0.247963	15.054000
0.270000	25.510000	0.756728	0.149508	0.049939	0.247963	15.054000
0.270000	25.880000	0.753391	0.163755	0.053239	0.247963	15.054000
0.270000	26.240000	0.758239	0.154485	0.052629	0.247963	15.054000
0.270000	26.610000	0.758664	0.183091	0.057640	0.247963	15.054000
0.270000	26.980000	0.756172	0.182272	0.061550	0.247963	15.054000
0.270000	27.350000	0.762148	0.174589	0.054133	0.247963	15.054000
0.270000	27.710000	0.763652	0.176180	0.052484	0.247963	15.054000
0.270000	28.080000	0.777127	0.173338	0.049177	0.247963	15.054000
0.270000	28.450000	0.769714	0.158909	0.053154	0.247963	15.054000
0.270000	28.820000	0.768609	0.161680	0.054636	0.247963	15.054000
0.270000	29.180000	0.753167	0.159847	0.054775	0.247963	15.054000
0.270000	29.550000	0.763438	0.148380	0.048572	0.247963	15.054000
0.270000	29.920000	0.755967	0.177176	0.053975	0.247963	15.054000
0.300000	2.000000	0.050079	0.003910	0.000498	0.286481	15.155000
0.300000	2.370000	0.050645	0.003745	0.000512	0.286481	15.155000
0.300000	2.730000	0.050241	0.003935	0.000520	0.286481	15.155000
0.300000	3.100000	0.056039	0.004538	0.000646	0.286481	15.155000
0.300000	3.470000	0.056618	0.005172	0.000671	0.286481	15.155000
0.300000	3.840000	0.056530	0.004797	0.000621	0.286481	15.155000
0.300000	4.200000	0.056570	0.004895	0.000648	0.286481	15.155000
0.300000	4.570000	0.056080	0.004419	0.000589	0.286481	15.155000
0.300000	4.940000	0.056773	0.005420	0.000788	0.286481	15.155000
0.300000	5.310000	0.057044	0.005377	0.000798	0.286481	15.155000
0.300000	5.670000	0.051911	0.005764	0.000887	0.286481	15.155000
0.300000	6.040000	0.051420	0.005411	0.000862	0.286481	15.155000
0.300000	6.410000	0.051318	0.005789	0.000963	0.286481	15.155000
0.300000	6.780000	0.057718	0.006328	0.000970	0.286481	15.155000
0.300000	7.140000	0.058463	0.007335	0.001274	0.286481	15.155000
0.300000	7.510000	0.059853	0.009219	0.001745	0.286481	15.155000
0.300000	7.880000	0.062554	0.012667	0.002874	0.286481	15.155000
0.300000	8.240000	0.070700	0.028330	0.016661	0.286481	15.155000
0.300000	8.610000	0.075498	0.036521	0.025789	0.286481	15.155000
0.300000	8.980000	0.077754	0.039864	0.029591	0.286481	15.155000
0.300000	9.350000	0.085284	0.044898	0.033480	0.286481	15.155000
0.300000	9.710000	0.104240	0.068165	0.050589	0.286481	15.155000
0.300000	10.080000	0.113587	0.083334	0.065462	0.286481	15.155000
0.300000	10.450000	0.135264	0.099816	0.077678	0.286481	15.155000
0.300000	10.820000	0.157755	0.126864	0.106683	0.286481	15.155000
0.300000	11.180000	0.193434	0.160646	0.138774	0.286481	15.155000
0.300000	11.550000	0.217586	0.181144	0.158236	0.286481	15.155000
0.300000	11.920000	0.257827	0.190662	0.149749	0.286481	15.155000
0.300000	12.290000	0.294583	0.206949	0.150122	0.286481	15.155000
0.300000	12.650000	0.320624	0.214834	0.148403	0.286481	15.155000
0.300000	13.020000	0.355969	0.224224	0.144900	0.286481	15.155000
0.300000	13.390000	0.386479	0.230005	0.140673	0.286481	15.155000
0.300000	13.760000	0.410011	0.233427	0.137250	0.286481	15.155000
0.300000	14.120000	0.451997	0.235706	0.126366	0.286481	15.155000
0.300000	14.490000	0.475048	0.228979	0.114676	0.286481	15.155000
0.300000	14.860000	0.527369	0.209516	0.089049	0.286481	15.155000
0.300000	15.220000	0.550784	0.219844	0.089552	0.286481	15.155000
0.300000	15.590000	0.545801	0.226252	0.099386	0.286481	15.155000
0.300000	15.960000	0.564470	0.220165	0.089714	0.286481	15.155000
0.300000	16.330000	0.577880	0.220753	0.089991	0.286481	15.155000
0.300000	16.690000	0.586595	0.229878	0.098127	0.286481	15.155000
0.300000	17.060000	0.605886	0.192478	0.080521	0.286481	15.155000
0.300000	17.430000	0.620796	0.185824	0.076465	0.286481	15.155000
0.300000	17.800000	0.628575	0.186362	0.068412	0.286481	15.155000
0.300000	18.160000	0.632295	0.204672	0.073414	0.286481	15.155000
0.300000	18.530000	0.648820	0.205776	0.073247	0.286481	15.155000
0.300000	18.900000	0.668712	0.188999	0.066572	0.286481	15.155000
0.300000	19.270000	0.657582	0.208139	0.082660	0.286481	15.155000
0.300000	19.630000	0.666869	0.208996	0.079384	0.286481	15.155000
0.300000	20.000000	0.651204	0.212707	0.089894	0.286481	15.155000
0.300000	20.370000	0.639339	0.221790	0.097848	0.286481	15.155000
0.300000	20.730000	0.650744	0.210721	0.101022	0.286481	15.155000
0.300000	21.100000	0.661616	0.207478	0.092951	0.286481	15.155000
0.300000	21.470000	0.657805	0.219505	0.098194	0.286481	15.155000
0.300000	21.840000	0.673609	0.211572	0.087099	0.286481	15.155000
0.300000	22.200000	0.666794	0.219645	0.092383	0.286481	15.155000
0.300000	22.570000	0.650796	0.244303	0.105289	0.286481	15.155000
0.300000	22.940000	0.679810	0.191903	0.071166	0.286481	15.155000
0.300000	23.310000	0.684253	0.182949	0.072048	0.286481	15.155000
0.300000	23.670000	0.684136	0.194538	0.071495	0.286481	15.155000
0.300000	24.040000	0.679615	0.187046	0.076248	0.286481	15.155000
0.300000	24.410000	0.685172	0.183652	0.072295	0.286481	15.155000
0.300000	24.780000	0.693532	0.185287	0.072300	0.286481	15.155000
0.300000	25.140000	0.700257	0.200057	0.071747	0.286481	15.155000
0.300000	25.510000	0.707817	0.193573	0.066554	0.286481	15.155000
0.300000	25.880000	0.717744	0.179306	0.061889	0.286481	15.155000
0.300000	26.240000	0.706576	0.193484	0.075492	0.286481	15.155000
0.300000	26.610000	0.700859	0.215229	0.081293	0.286481	15.155000
0.300000	26.980000	0.704781	0.206813	0.078136	0.286481	15.155000
0.300000	27.350000	0.725707	0.193578	0.066656	0.286481	15.155000
0.300000	27.710000	0.723571	0.195724	0.069036	0.286481	15.155000
0.300000	28.080000	0.721929	0.184071	0.062897	0.286481	15.155000
0.300000	28.450000	0.725186	0.178953	0.061974	0.286481	15.155000
0.300000	28.820000	0.717428	0.182913	0.064536	0.286481	15.155000
0.300000	29.180000	0.717031	0.184591	0.066442	0.286481	15.155000
0.300000	29.550000	0.722276	0.177878	0.063151	0.286481	15.155000
0.300000	29.920000	0.726377	0.186340	0.065926	0.286481	15.155000
0.330000	2.000000	0.043798	0.002339	0.000184	0.331296	15.280000
0.330000	2.370000	0.055008	0.002883	0.000237	0.331296	15.280000
0.330000	2.730000	0.049934	0.002650	0.000228	0.331296	15.280000
0.330000	3.100000	0.050591	0.004163	0.000412	0.331296	15.280000
0.330000	3.470000	0.051374	0.004238	0.000413	0.331296	15.280000
0.330000	3.840000	0.050753	0.004348	0.000428	0.331296	15.280000
0.330000	4.200000	0.045570	0.004079	0.000411	0.331296	15.280000
0.330000	4.570000	0.051471	0.004905	0.000543	0.331296	15.280000
0.330000	4.940000	0.045999	0.005140	0.000686	0.331296	15.280000
0.330000	5.310000	0.055640	0.004203	0.000498	0.331296	15.280000
0.330000	5.670000	0.050919	0.004053	0.000508	0.331296	15.280000
0.330000	6.040000	0.055111	0.004365	0.000508	0.331296	15.280000
0.330000	6.410000	0.055837	0.005132	0.000679	0.331296	15.280000
0.330000	6.780000	0.058015	0.006530	0.000914	0.331296	15.280000
0.330000	7.140000	0.059334	0.007936	0.001249	0.331296	15.280000
0.330000	7.510000	0.060528	0.010614	0.002130	0.331296	15.280000
0.330000	7.880000	0.061193	0.010640	0.002099	0.331296	15.280000
0.330000	8.240000	0.066526	0.025281	0.015143	0.331296	15.280000
0.330000	8.610000	0.072204	0.038794	0.031658	0.331296	15.280000
0.330000	8.980000	0.083816	0.054236	0.046228	0.331296	15.280000
0.330000	9.350000	0.093324	0.068401	0.059493	0.331296	15.280000
0.330000	9.710000	0.107183	0.084471	0.072847	0.331296	15.280000
0.330000	10.080000	0.123317	0.101555	0.088564	0.331296	15.280000
0.330000	10.450000	0.141379	0.117369	0.101584	0.331296	15.280000
0.330000	10.820000	0.158338	0.131370	0.113170	0.331296	15.280000
0.330000	11.180000	0.190321	0.144688	0.113004	0.331296	15.280000
0.330000	11.550000	0.211127	0.161231	0.126203	0.331296	15.280000
0.330000	11.920000	0.237177	0.177644	0.137036	0.331296	15.280000
0.330000	12.290000	0.284715	0.200719	0.144523	0.331296	15.280000
0.330000	12.650000	0.308097	0.210916	0.149744	0.331296	15.280000
0.330000	13.020000	0.345901	0.219445	0.143312	0.331296	15.280000
0.330000	13.390000	0.380626	0.223392	0.134645	0.331296	15.280000
0.330000	13.760000	0.427793	0.221964	0.120416	0.331296	15.280000
0.330000	14.120000	0.457878	0.220695	0.112178	0.331296	15.280000
0.330000	14.490000	0.469027	0.222928	0.111018	0.331296	15.280000
0.330000	14.860000	0.487799	0.230887	0.111548	0.331296	15.280000
0.330000	15.220000	0.508906	0.219476	0.097406	0.331296	15.280000
0.330000	15.590000	0.541938	0.208022	0.082850	0.331296	15.280000
0.330000	15.960000	0.567869	0.191109	0.071595	0.331296	15.280000
0.330000	16.330000	0.557986	0.202143	0.078953	0.331296	15.280000
0.330000	16.690000	0.574772	0.210787	0.080083	0.331296	15.280000
0.330000	17.060000	0.591165	0.198752	0.071682	0.331296	15.280000
0.330000	17.430000	0.602665	0.198960	0.072389	0.331296	15.280000
0.330000	17.800000	0.611007	0.180020	0.066157	0.331296	15.280000
0.330000	18.160000	0.640890	0.184261	0.068381	0.331296	15.280000
0.330000	18.530000	0.639655	0.187181	0.070123	0.331296	15.280000
0.330000	18.900000	0.655324	0.189219	0.071420	0.331296	15.280000
0.330000	19.270000	0.670773	0.150347	0.058655	0.331296	15.280000
0.330000	19.630000	0.673799	0.163752	0.059613	0.331296	15.280000
0.330000	20.000000	0.686063	0.150417	0.054460	0.331296	15.280000
0.330000	20.370000	0.676727	0.153745	0.058505	0.331296	15.280000
0.330000	20.730000	0.701106	0.148460	0.054455	0.331296	15.280000
0.330000	21.100000	0.704305	0.150947	0.051868	0.331296	15.280000
0.330000	21.470000	0.702911	0.154621	0.053693	0.331296	15.280000
0.330000	21.840000	0.700506	0.148735	0.054976	0.331296	15.280000
0.330000	22.200000	0.693215	0.165213	0.059143	0.331296	15.280000
0.330000	22.570000	0.687084	0.167825	0.064021	0.331296	15.280000
0.330000	22.940000	0.683495	0.177539	0.068923	0.331296	15.280000
0.330000	23.310000	0.676933	0.169964	0.064750	0.331296	15.280000
0.330000	23.670000	0.679900	0.169141	0.064675	0.331296	15.280000
0.330000	24.040000	0.681289	0.177388	0.068875	0.331296	15.280000
0.330000	24.410000	0.688464	0.174386	0.066363	0.331296	15.280000
0.330000	24.780000	0.696312	0.172935	0.063447	0.331296	15.280000
0.330000	25.140000	0.694150	0.173815	0.064674	0.331296	15.280000
0.330000	25.510000	0.697015	0.169148	0.059788	0.331296	15.280000
0.330000	25.880000	0.698385	0.179776	0.067054	0.331296	15.280000
0.330000	26.240000	0.717376	0.174460	0.062959	0.331296	15.280000
0.330000	26.610000	0.717569	0.160736	0.062585	0.331296	15.280000
0.330000	26.980000	0.728747	0.145708	0.052623	0.331296	15.280000
0.330000	27.350000	0.721447	0.173317	0.062204	0.331296	15.280000
0.330000	27.710000	0.714461	0.145849	0.060009	0.331296	15.280000
0.330000	28.080000	0.723841	0.136511	0.052472	0.331296	15.280000
0.330000	28.450000	0.722245	0.134350	0.050621	0.331296	15.280000
0.330000	28.820000	0.727590	0.130289	0.049609	0.331296	15.280000
0.330000	29.180000	0.737223	0.138110	0.046514	0.331296	15.280000
0.330000	29.550000	0.741769	0.133341	0.044179	0.331296	15.280000
0.330000	29.920000	0.740229	0.137374	0.048155	0.331296	15.280000
0.360000	2.000000	0.038479	0.002017	0.000185	0.381481	15.658000
0.360000	2.370000	0.049535	0.002600	0.000300	0.381481	15.658000
0.360000	2.730000	0.049945	0.003655	0.000440	0.381481	15.658000
0.360000	3.100000	0.050325	0.003354	0.000409	0.381481	15.658000
0.360000	3.470000	0.049797	0.003139	0.000378	0.381481	15.658000
0.360000	3.840000	0.050008	0.003382	0.000386	0.381481	15.658000
0.360000	4.200000	0.044778	0.003388	0.000375	0.381481	15.658000
0.360000	4.570000	0.033835	0.003206	0.000375	0.381481	15.658000
0.360000	4.940000	0.039261	0.003752	0.000490	0.381481	15.658000
0.360000	5.310000	0.050459	0.004338	0.000675	0.381481	15.658000
0.360000	5.670000	0.045376	0.004750	0.000787	0.381481	15.658000
0.360000	6.040000	0.051216	0.004970	0.000862	0.381481	15.658000
0.360000	6.410000	0.052027	0.005496	0.000936	0.381481	15.658000
0.360000	6.780000	0.057703	0.005335	0.000832	0.381481	15.658000
0.360000	7.140000	0.058505	0.005827	0.000848	0.381481	15.658000
0.360000	7.510000	0.059011	0.007200	0.001227	0.381481	15.658000
0.360000	7.880000	0.062431	0.013685	0.003978	0.381481	15.658000
0.360000	8.240000	0.063723	0.017336	0.005806	0.381481	15.658000
0.360000	8.610000	0.076050	0.032388	0.016835	0.381481	15.658000
0.360000	8.980000	0.079797	0.046110	0.034517	0.381481	15.658000
0.360000	9.350000	0.103807	0.080825	0.071687	0.381481	15.658000
0.360000	9.710000	0.117058	0.087205	0.073704	0.381481	15.658000
0.360000	10.080000	0.130218	0.105994	0.092024	0.381481	15.658000
0.360000	10.450000	0.148329	0.118488	0.099657	0.381481	15.658000
0.360000	10.820000	0.183612	0.136107	0.106390	0.381481	15.658000
0.360000	11.180000	0.193318	0.144099	0.111990	0.381481	15.658000
0.360000	11.550000	0.217375	0.158231	0.120873	0.381481	15.658000
0.360000	11.920000	0.246450	0.173409	0.128221	0.381481	15.658000
0.360000	12.290000	0.277863	0.184380	0.126832	0.381481	15.658000
0.360000	12.650000	0.308867	0.196726	0.128853	0.381481	15.658000
0.360000	13.020000	0.325024	0.199791	0.126894	0.381481	15.658000
0.360000	13.390000	0.364463	0.204294	0.118676	0.381481	15.658000
0.360000	13.760000	0.396313	0.217678	0.124480	0.381481	15.658000
0.360000	14.120000	0.437469	0.205556	0.101081	0.381481	15.658000
0.360000	14.490000	0.460834	0.219493	0.105950	0.381481	15.658000
0.360000	14.860000	0.503134	0.198483	0.085045	0.381481	15.658000
0.360000	15.220000	0.517531	0.198841	0.085777	0.381481	15.658000
0.360000	15.590000	0.528936	0.221265	0.098222	0.381481	15.658000
0.360000	15.960000	0.536955	0.216986	0.090511	0.381481	15.658000
0.360000	16.330000	0.555894	0.186026	0.070941	0.381481	15.658000
0.360000	16.690000	0.571481	0.187221	0.074938	0.381481	15.658000
0.360000	17.060000	0.586450	0.195796	0.075422	0.381481	15.658000
0.360000	17.430000	0.598000	0.180309	0.068331	0.381481	15.658000
0.360000	17.800000	0.603273	0.197839	0.074613	0.381481	15.658000
0.360000	18.160000	0.609040	0.176829	0.071074	0.381481	15.658000
0.360000	18.530000	0.625710	0.158062	0.060374	0.381481	15.658000
0.360000	18.900000	0.623300	0.154147	0.064466	0.381481	15.658000
0.360000	19.270000	0.638276	0.169176	0.065280	0.381481	15.658000
0.360000	19.630000	0.644590	0.173148	0.068113	0.381481	15.658000
0.360000	20.000000	0.667656	0.176489	0.061948	0.381481	15.658000
0.360000	20.370000	0.652328	0.169366	0.064861	0.381481	15.658000
0.360000	20.730000	0.648757	0.175197	0.068258	0.381481	15.658000
0.360000	21.100000	0.651600	0.193690	0.072660	0.381481	15.658000
0.360000	21.470000	0.689483	0.161783	0.061025	0.381481	15.658000
0.360000	21.840000	0.697906	0.155710	0.057319	0.381481	15.658000
0.360000	22.200000	0.699880	0.184821	0.061354	0.381481	15.658000
0.360000	22.570000	0.707394	0.149679	0.054453	0.381481	15.658000
0.360000	22.940000	0.722183	0.147746	0.050725	0.381481	15.658000
0.360000	23.310000	0.701825	0.146313	0.051609	0.381481	15.658000
0.360000	23.670000	0.702046	0.142365	0.050563	0.381481	15.658000
0.360000	24.040000	0.697681	0.153983	0.052791	0.381481	15.658000
0.360000	24.410000	0.715375	0.146962	0.049241	0.381481	15.658000
0.360000	24.780000	0.707135	0.172168	0.058771	0.381481	15.658000
0.360000	25.140000	0.719322	0.145348	0.052827	0.381481	15.658000
0.360000	25.510000	0.725456	0.146401	0.050486	0.381481	15.658000
0.360000	25.880000	0.723815	0.137282	0.045905	0.381481	15.658000
0.360000	26.240000	0.720514	0.143868	0.049705	0.381481	15.658000
0.360000	26.610000	0.713930	0.150078	0.050608	0.381481	15.658000
0.360000	26.980000	0.705452	0.155968	0.054254	0.381481	15.658000
0.360000	27.350000	0.712396	0.140228	0.048102	0.381481	15.658000
0.360000	27.710000	0.716161	0.152674	0.052232	0.381481	15.658000
0.360000	28.080000	0.733480	0.137055	0.049516	0.381481	15.658000
0.360000	28.450000	0.740752	0.139801	0.048753	0.381481	15.658000
0.360000	28.820000	0.742355	0.135008	0.046718	0.381481	15.658000
0.360000	29.180000	0.741770	0.131608	0.044946	0.381481	15.658000
0.360000	29.550000	0.752951	0.120783	0.038210	0.381481	15.658000
0.360000	29.920000	0.750443	0.135547	0.045535	0.381481	15.658000
0.390000	2.000000	0.032705	0.001922	0.000152	0.421852	15.592000
0.390000	2.370000	0.027350	0.001948	0.000158	0.421852	15.592000
0.390000	2.730000	0.027304	0.001943	0.000151	0.421852	15.592000
0.390000	3.100000	0.027679	0.002121	0.000175	0.421852	15.592000
0.390000	3.470000	0.027505	0.002047	0.000167	0.421852	15.592000
0.390000	3.840000	0.027427	0.001861	0.000133	0.421852	15.592000
0.390000	4.200000	0.033327	0.002629	0.000232	0.421852	15.592000
0.390000	4.570000	0.033421	0.002761	0.000247	0.421852	15.592000
0.390000	4.940000	0.033815	0.003380	0.000400	0.421852	15.592000
0.390000	5.310000	0.039494	0.004113	0.000583	0.421852	15.592000
0.390000	5.670000	0.039501	0.003803	0.000426	0.421852	15.592000
0.390000	6.040000	0.045400	0.005358	0.000948	0.421852	15.592000
0.390000	6.410000	0.045231	0.004905	0.001004	0.421852	15.592000
0.390000	6.780000	0.046171	0.005911	0.001481	0.421852	15.592000
0.390000	7.140000	0.051849	0.008342	0.002837	0.421852	15.592000
0.390000	7.510000	0.060011	0.012583	0.005723	0.421852	15.592000
0.390000	7.880000	0.063102	0.019590	0.010749	0.421852	15.592000
0.390000	8.240000	0.064132	0.017637	0.009228	0.421852	15.592000
0.390000	8.610000	0.068401	0.030048	0.024089	0.421852	15.592000
0.390000	8.980000	0.078005	0.043315	0.034062	0.421852	15.592000
0.390000	9.350000	0.093272	0.062995	0.052271	0.421852	15.592000
0.390000	9.710000	0.111214	0.078302	0.062993	0.421852	15.592000
0.390000	10.080000	0.136827	0.103714	0.084776	0.421852	15.592000
0.390000	10.450000	0.151939	0.121732	0.108995	0.421852	15.592000
0.390000	10.820000	0.182195	0.135360	0.108235	0.421852	15.592000
0.390000	11.180000	0.203649	0.142195	0.109282	0.421852	15.592000
0.390000	11.550000	0.230349	0.159812	0.115436	0.421852	15.592000
0.390000	11.920000	0.254468	0.165999	0.111353	0.421852	15.592000
0.390000	12.290000	0.280849	0.174680	0.110939	0.421852	15.592000
0.390000	12.650000	0.310524	0.181244	0.107567	0.421852	15.592000
0.390000	13.020000	0.324783	0.190759	0.114321	0.421852	15.592000
0.390000	13.390000	0.374593	0.190125	0.098744	0.421852	15.592000
0.390000	13.760000	0.391388	0.197186	0.101545	0.421852	15.592000
0.390000	14.120000	0.425968	0.185894	0.088966	0.421852	15.592000
0.390000	14.490000	0.442930	0.186514	0.089642	0.421852	15.592000
0.390000	14.860000	0.448285	0.185282	0.085633	0.421852	15.592000
0.390000	15.220000	0.480844	0.185208	0.079566	0.421852	15.592000
0.390000	15.590000	0.494132	0.201508	0.091976	0.421852	15.592000
0.390000	15.960000	0.504869	0.201261	0.088820	0.421852	15.592000
0.390000	16.330000	0.509623	0.215272	0.092690	0.421852	15.592000
0.390000	16.690000	0.520754	0.205409	0.085640	0.421852	15.592000
0.390000	17.060000	0.537570	0.198765	0.080648	0.421852	15.592000
0.390000	17.430000	0.554180	0.204901	0.081273	0.421852	15.592000
0.390000	17.800000	0.557626	0.202266	0.080704	0.421852	15.592000
0.390000	18.160000	0.604769	0.190300	0.065622	0.421852	15.592000
0.390000	18.530000	0.603970	0.186821	0.070919	0.421852	15.592000
0.390000	18.900000	0.612904	0.185839	0.065033	0.421852	15.592000
0.390000	19.270000	0.624699	0.189855	0.066895	0.421852	15.592000
0.390000	19.630000	0.641052	0.176880	0.063420	0.421852	15.592000
0.390000	20.000000	0.628351	0.184559	0.065142	0.421852	15.592000
0.390000	20.370000	0.660397	0.159034	0.054175	0.421852	15.592000
0.390000	20.730000	0.640290	0.169051	0.063101	0.421852	15.592000
0.390000	21.100000	0.650775	0.168149	0.061721	0.421852	15.592000
0.390000	21.470000	0.642838	0.171101	0.065566	0.421852	15.592000
0.390000	21.840000	0.646185	0.170660	0.066537	0.421852	15.592000
0.390000	22.200000	0.652553	0.174889	0.066508	0.421852	15.592000
0.390000	22.570000	0.667633	0.162079	0.061005	0.421852	15.592000
0.390000	22.940000	0.672367	0.154130	0.060127	0.421852	15.592000
0.390000	23.310000	0.687869	0.143939	0.052987	0.421852	15.592000
0.390000	23.670000	0.676748	0.148426	0.056038	0.421852	15.592000
0.390000	24.040000	0.678849	0.148349	0.058675	0.421852	15.592000
0.390000	24.410000	0.681639	0.141883	0.053741	0.421852	15.592000
0.390000	24.780000	0.698245	0.137978	0.049447	0.421852	15.592000
0.390000	25.140000	0.694829	0.141000	0.050784	0.421852	15.592000
0.390000	25.510000	0.695129	0.146713	0.052085	0.421852	15.592000
0.390000	25.880000	0.694807	0.151497	0.054563	0.421852	15.592000
0.390000	26.240000	0.697305	0.141358	0.053649	0.421852	15.592000
0.390000	26.610000	0.697865	0.135307	0.050133	0.421852	15.592000
0.390000	26.980000	0.690108	0.140759	0.053956	0.421852	15.592000
0.390000	27.350000	0.685606	0.153136	0.059923	0.421852	15.592000
0.390000	27.710000	0.695346	0.152132	0.054846	0.421852	15.592000
0.390000	28.080000	0.703959	0.154307	0.059884	0.421852	15.592000
0.390000	28.450000	0.703373	0.144416	0.059968	0.421852	15.592000
0.390000	28.820000	0.692261	0.154239	0.059917	0.421852	15.592000
0.390000	29.180000	0.698564	0.152511	0.059697	0.421852	15.592000
0.390000	29.550000	0.705196	0.141623	0.051447	0.421852	15.592000
0.390000	29.920000	0.689637	0.151087	0.051552	0.421852	15.592000
0.410000	2.000000	0.028466	0.002581	0.000259	0.491111	15.699000
0.410000	2.370000	0.022297	0.001900	0.000195	0.491111	15.699000
0.410000	2.730000	0.022748	0.002246	0.000252	0.491111	15.699000
0.410000	3.100000	0.022400	0.001900	0.000231	0.491111	15.699000
0.410000	3.470000	0.022465	0.001900	0.000227	0.491111	15.699000
0.410000	3.840000	0.022428	0.001988	0.000250	0.491111	15.699000
0.410000	4.200000	0.022642	0.001961	0.000240	0.491111	15.699000
0.410000	4.570000	0.027916	0.002158	0.000293	0.491111	15.699000
0.410000	4.940000	0.038924	0.001711	0.000169	0.491111	15.699000
0.410000	5.310000	0.039151	0.001683	0.000172	0.491111	15.699000
0.410000	5.670000	0.043687	0.001766	0.000191	0.491111	15.699000
0.410000	6.040000	0.039622	0.003408	0.000419	0.491111	15.699000
0.410000	6.410000	0.044932	0.003626	0.000491	0.491111	15.699000
0.410000	6.780000	0.045414	0.004819	0.000817	0.491111	15.699000
0.410000	7.140000	0.057278	0.006123	0.001203	0.491111	15.699000
0.410000	7.510000	0.052720	0.008831	0.003393	0.491111	15.699000
0.410000	7.880000	0.053923	0.008871	0.002053	0.491111	15.699000
0.410000	8.240000	0.064869	0.014973	0.005127	0.491111	15.699000
0.410000	8.610000	0.072257	0.034460	0.026595	0.491111	15.699000
0.410000	8.980000	0.081567	0.048700	0.039628	0.491111	15.699000
0.410000	9.350000	0.095180	0.063959	0.052518	0.491111	15.699000
0.410000	9.710000	0.108177	0.071878	0.056208	0.491111	15.699000
0.410000	10.080000	0.118466	0.079332	0.058917	0.491111	15.699000
0.410000	10.450000	0.124354	0.086996	0.068270	0.491111	15.699000
0.410000	10.820000	0.147933	0.103099	0.077379	0.491111	15.699000
0.410000	11.180000	0.173481	0.111696	0.075750	0.491111	15.699000
0.410000	11.550000	0.186804	0.120572	0.082269	0.491111	15.699000
0.410000	11.920000	0.228545	0.144441	0.093136	0.491111	15.699000
0.410000	12.290000	0.252269	0.150690	0.091218	0.491111	15.699000
0.410000	12.650000	0.270973	0.158514	0.093947	0.491111	15.699000
0.410000	13.020000	0.298384	0.164637	0.092182	0.491111	15.699000
0.410000	13.390000	0.322899	0.168973	0.090191	0.491111	15.699000
0.410000	13.760000	0.355466	0.170812	0.084080	0.491111	15.699000
0.410000	14.120000	0.384544	0.180624	0.088013	0.491111	15.699000
0.410000	14.490000	0.408705	0.188234	0.088275	0.491111	15.699000
0.410000	14.860000	0.443007	0.199704	0.093961	0.491111	15.699000
0.410000	15.220000	0.459571	0.203489	0.093803	0.491111	15.699000
0.410000	15.590000	0.482903	0.207290	0.092159	0.491111	15.699000
0.410000	15.960000	0.493236	0.210854	0.093533	0.491111	15.699000
0.410000	16.330000	0.518313	0.211082	0.093220	0.491111	15.699000
0.410000	16.690000	0.533771	0.222804	0.098174	0.491111	15.699000
0.410000	17.060000	0.543155	0.212578	0.091837	0.491111	15.699000
0.410000	17.430000	0.564551	0.198233	0.079945	0.491111	15.699000
0.410000	17.800000	0.561295	0.213117	0.089124	0.491111	15.699000
0.410000	18.160000	0.571347	0.205310	0.082175	0.491111	15.699000
0.410000	18.530000	0.566379	0.217168	0.090116	0.491111	15.699000
0.410000	18.900000	0.583606	0.193956	0.072576	0.491111	15.699000
0.410000	19.270000	0.583237	0.207386	0.079738	0.491111	15.699000
0.410000	19.630000	0.605519	0.192870	0.075310	0.491111	15.699000
0.410000	20.000000	0.608867	0.207614	0.088131	0.491111	15.699000
0.410000	20.370000	0.622958	0.210629	0.080432	0.491111	15.699000
0.410000	20.730000	0.617257	0.205781	0.083330	0.491111	15.699000
0.410000	21.100000	0.606164	0.217267	0.086795	0.491111	15.699000
0.410000	21.470000	0.617743	0.212657	0.078961	0.491111	15.699000
0.410000	21.840000	0.622634	0.195743	0.075876	0.491111	15.699000
0.410000	22.200000	0.622602	0.213712	0.083404	0.491111	15.699000
0.410000	22.570000	0.649226	0.198021	0.072571	0.491111	15.699000
0.410000	22.940000	0.652672	0.190628	0.071610	0.491111	15.699000
0.410000	23.310000	0.643366	0.201443	0.077978	0.491111	15.699000
0.410000	23.670000	0.659327	0.175009	0.068845	0.491111	15.699000
0.410000	24.040000	0.651648	0.188030	0.078354	0.491111	15.699000
0.410000	24.410000	0.646919	0.189793	0.074557	0.491111	15.699000
0.410000	24.780000	0.658076	0.180850	0.072132	0.491111	15.699000
0.410000	25.140000	0.649472	0.187747	0.077478	0.491111	15.699000
0.410000	25.510000	0.653260	0.196303	0.078605	0.491111	15.699000
0.410000	25.880000	0.646782	0.198422	0.080801	0.491111	15.699000
0.410000	26.240000	0.651592	0.196367	0.078846	0.491111	15.699000
0.410000	26.610000	0.644728	0.190839	0.079117	0.491111	15.699000
0.410000	26.980000	0.663647	0.186771	0.076508	0.491111	15.699000
0.410000	27.350000	0.662677	0.184211	0.074929	0.491111	15.699000
0.410000	27.710000	0.662149	0.179982	0.072879	0.491111	15.699000
0.410000	28.080000	0.667280	0.157882	0.064883	0.491111	15.699000
0.410000	28.450000	0.689469	0.149483	0.061549	0.491111	15.699000
0.410000	28.820000	0.698832	0.149747	0.053247	0.491111	15.699000
0.410000	29.180000	0.709378	0.148793	0.052066	0.491111	15.699000
0.410000	29.550000	0.685076	0.162858	0.060129	0.491111	15.699000
0.410000	29.920000	0.687024	0.161101	0.059256	0.491111	15.699000
0.440000	2.000000	0.033388	0.001873	0.000189	0.520370	16.134000
0.440000	2.370000	0.037646	0.001962	0.000212	0.520370	16.134000
0.440000	2.730000	0.032040	0.001828	0.000130	0.520370	16.134000
0.440000	3.100000	0.027030	0.001223	0.000093	0.520370	16.134000
0.440000	3.470000	0.026872	0.001463	0.000108	0.520370	16.134000
0.440000	3.840000	0.032322	0.001734	0.000121	0.520370	16.134000
0.440000	4.200000	0.037190	0.001789	0.000138	0.520370	16.134000
0.440000	4.570000	0.037661	0.001926	0.000163	0.520370	16.134000
0.440000	4.940000	0.042430	0.001818	0.000161	0.520370	16.134000
0.440000	5.310000	0.037572	0.002205	0.000189	0.520370	16.134000
0.440000	5.670000	0.032301	0.002116	0.000199	0.520370	16.134000
0.440000	6.040000	0.037658	0.002190	0.000214	0.520370	16.134000
0.440000	6.410000	0.038182	0.002650	0.000306	0.520370	16.134000
0.440000	6.780000	0.043911	0.003228	0.000472	0.520370	16.134000
0.440000	7.140000	0.045445	0.004734	0.000832	0.520370	16.134000
0.440000	7.510000	0.049030	0.009711	0.003463	0.520370	16.134000
0.440000	7.880000	0.061697	0.016769	0.009172	0.520370	16.134000
0.440000	8.240000	0.069635	0.025404	0.012859	0.520370	16.134000
0.440000	8.610000	0.067953	0.023329	0.011281	0.520370	16.134000
0.440000	8.980000	0.073984	0.029992	0.015366	0.520370	16.134000
0.440000	9.350000	0.085886	0.043243	0.027273	0.520370	16.134000
0.440000	9.710000	0.092806	0.055940	0.039688	0.520370	16.134000
0.440000	10.080000	0.112592	0.071491	0.052542	0.520370	16.134000
0.440000	10.450000	0.122788	0.086622	0.069335	0.520370	16.134000
0.440000	10.820000	0.156054	0.108822	0.081873	0.520370	16.134000
0.440000	11.180000	0.168622	0.118171	0.089151	0.520370	16.134000
0.440000	11.550000	0.202552	0.137873	0.100865	0.520370	16.134000
0.440000	11.920000	0.223897	0.146940	0.101741	0.520370	16.134000
0.440000	12.290000	0.266317	0.163998	0.103575	0.520370	16.134000
0.440000	12.650000	0.289361	0.179129	0.114380	0.520370	16.134000
0.440000	13.020000	0.317191	0.185974	0.112952	0.520370	16.134000
0.440000	13.390000	0.346443	0.195362	0.112221	0.520370	16.134000
0.440000	13.760000	0.399288	0.205707	0.106894	0.520370	16.134000
0.440000	14.120000	0.432020	0.210907	0.104023	0.520370	16.134000
0.440000	14.490000	0.447463	0.217057	0.110354	0.520370	16.134000
0.440000	14.860000	0.468015	0.226476	0.111214	0.520370	16.134000
0.440000	15.220000	0.490447	0.220639	0.104650	0.520370	16.134000
0.440000	15.590000	0.518323	0.228144	0.104671	0.520370	16.134000
0.440000	15.960000	0.541913	0.218791	0.095768	0.520370	16.134000
0.440000	16.330000	0.547680	0.218880	0.092100	0.520370	16.134000
0.440000	16.690000	0.567278	0.230175	0.098280	0.520370	16.134000
0.440000	17.060000	0.608866	0.207366	0.075689	0.520370	16.134000
0.440000	17.430000	0.598415	0.219486	0.085904	0.520370	16.134000
0.440000	17.800000	0.592974	0.236546	0.099499	0.520370	16.134000
0.440000	18.160000	0.603548	0.228466	0.093989	0.520370	16.134000
0.440000	18.530000	0.617950	0.224794	0.093564	0.520370	16.134000
0.440000	18.900000	0.631774	0.215154	0.086840	0.520370	16.134000
0.440000	19.270000	0.663637	0.220249	0.086367	0.520370	16.134000
0.440000	19.630000	0.666683	0.212677	0.084026	0.520370	16.134000
0.440000	20.000000	0.663870	0.201950	0.080196	0.520370	16.134000
0.440000	20.370000	0.657431	0.195935	0.077086	0.520370	16.134000
0.440000	20.730000	0.665685	0.186705	0.074171	0.520370	16.134000
0.440000	21.100000	0.698262	0.166702	0.062281	0.520370	16.134000
0.440000	21.470000	0.677075	0.196426	0.069894	0.520370	16.134000
0.440000	21.840000	0.675409	0.189840	0.071396	0.520370	16.134000
0.440000	22.200000	0.679529	0.190117	0.069479	0.520370	16.134000
0.440000	22.570000	0.689491	0.182617	0.066168	0.520370	16.134000
0.440000	22.940000	0.697502	0.191360	0.069071	0.520370	16.134000
0.440000	23.310000	0.695134	0.190825	0.069242	0.520370	16.134000
0.440000	23.670000	0.705324	0.185470	0.068411	0.520370	16.134000
0.440000	24.040000	0.692241	0.180077	0.065765	0.520370	16.134000
0.440000	24.410000	0.700362	0.193096	0.074222	0.520370	16.134000
0.440000	24.780000	0.685072	0.185124	0.071632	0.520370	16.134000
0.440000	25.140000	0.709212	0.175208	0.064725	0.520370	16.134000
0.440000	25.510000	0.712130	0.172576	0.061792	0.520370	16.134000
0.440000	25.880000	0.699758	0.183837	0.066317	0.520370	16.134000
0.440000	26.240000	0.683779	0.179584	0.068429	0.520370	16.134000
0.440000	26.610000	0.696452	0.178846	0.066483	0.520370	16.134000
0.440000	26.980000	0.719008	0.165545	0.059847	0.520370	16.134000
0.440000	27.350000	0.720521	0.172355	0.066827	0.520370	16.134000
0.440000	27.710000	0.714759	0.184062	0.074949	0.520370	16.134000
0.440000	28.080000	0.710584	0.184824	0.076689	0.520370	16.134000
0.440000	28.450000	0.707371	0.188235	0.074341	0.520370	16.134000
0.440000	28.820000	0.706191	0.202940	0.075599	0.520370	16.134000
0.440000	29.180000	0.717576	0.177053	0.062536	0.520370	16.134000
0.440000	29.550000	0.712049	0.174565	0.061584	0.520370	16.134000
0.440000	29.920000	0.716603	0.154947	0.054661	0.520370	16.134000
0.470000	2.000000	0.010557	0.000296	0.000017	0.550185	16.045000
0.470000	2.370000	0.015858	0.000321	0.000019	0.550185	16.045000
0.470000	2.730000	0.021511	0.000880	0.000073	0.550185	16.045000
0.470000	3.100000	0.027200	0.000856	0.000067	0.550185	16.045000
0.470000	3.470000	0.027114	0.001069	0.000080	0.550185	16.045000
0.470000	3.840000	0.021787	0.001105	0.000102	0.550185	16.045000
0.470000	4.200000	0.026817	0.000844	0.000082	0.550185	16.045000
0.470000	4.570000	0.027134	0.001151	0.000116	0.550185	16.045000
0.470000	4.940000	0.027401	0.001376	0.000116	0.550185	16.045000
0.470000	5.310000	0.021168	0.000518	0.000050	0.550185	16.045000
0.470000	5.670000	0.021789	0.000809	0.000080	0.550185	16.045000
0.470000	6.040000	0.021547	0.001121	0.000089	0.550185	16.045000
0.470000	6.410000	0.032976	0.001911	0.000192	0.550185	16.045000
0.470000	6.780000	0.053482	0.001977	0.000210	0.550185	16.045000
0.470000	7.140000	0.051320	0.003346	0.000369	0.550185	16.045000
0.470000	7.510000	0.055167	0.009352	0.002223	0.550185	16.045000
0.470000	7.880000	0.063848	0.014997	0.007796	0.550185	16.045000
0.470000	8.240000	0.066795	0.018330	0.008542	0.550185	16.045000
0.470000	8.610000	0.080154	0.031977	0.021774	0.550185	16.045000
0.470000	8.980000	0.084696	0.041438	0.028037	0.550185	16.045000
0.470000	9.350000	0.088982	0.050844	0.036072	0.550185	16.045000
0.470000	9.710000	0.107844	0.062615	0.041567	0.550185	16.045000
0.470000	10.080000	0.114280	0.074418	0.053019	0.550185	16.045000
0.470000	10.450000	0.123996	0.079983	0.056308	0.550185	16.045000
0.470000	10.820000	0.141895	0.092319	0.064035	0.550185	16.045000
0.470000	11.180000	0.163976	0.109987	0.075653	0.550185	16.045000
0.470000	11.550000	0.183152	0.119988	0.080185	0.550185	16.045000
0.470000	11.920000	0.214800	0.140825	0.094390	0.550185	16.045000
0.470000	12.290000	0.243867	0.155211	0.101855	0.550185	16.045000
0.470000	12.650000	0.282805	0.172741	0.108781	0.550185	16.045000
0.470000	13.020000	0.326546	0.191644	0.115170	0.550185	16.045000
0.470000	13.390000	0.370266	0.201024	0.110665	0.550185	16.045000
0.470000	13.760000	0.408640	0.211009	0.111412	0.550185	16.045000
0.470000	14.120000	0.438808	0.221218	0.113128	0.550185	16.045000
0.470000	14.490000	0.463148	0.217494	0.104810	0.550185	16.045000
0.470000	14.860000	0.507297	0.220954	0.098048	0.550185	16.045000
0.470000	15.220000	0.543899	0.222774	0.094566	0.550185	16.045000
0.470000	15.590000	0.552759	0.221796	0.093362	0.550185	16.045000
0.470000	15.960000	0.555993	0.202085	0.084285	0.550185	16.045000
0.470000	16.330000	0.588782	0.203644	0.079529	0.550185	16.045000
0.470000	16.690000	0.589877	0.205049	0.080889	0.550185	16.045000
0.470000	17.060000	0.593057	0.213918	0.081710	0.550185	16.045000
0.470000	17.430000	0.601895	0.221040	0.088173	0.550185	16.045000
0.470000	17.800000	0.611757	0.203945	0.082088	0.550185	16.045000
0.470000	18.160000	0.596091	0.202096	0.083709	0.550185	16.045000
0.470000	18.530000	0.598915	0.210243	0.089062	0.550185	16.045000
0.470000	18.900000	0.615931	0.207225	0.085609	0.550185	16.045000
0.470000	19.270000	0.647144	0.208827	0.081319	0.550185	16.045000
0.470000	19.630000	0.654540	0.208509	0.081491	0.550185	16.045000
0.470000	20.000000	0.673903	0.205246	0.079490	0.550185	16.045000
0.470000	20.370000	0.677970	0.189819	0.074369	0.550185	16.045000
0.470000	20.730000	0.661370	0.195300	0.079611	0.550185	16.045000
0.470000	21.100000	0.686704	0.191121	0.074909	0.550185	16.045000
0.470000	21.470000	0.682582	0.188095	0.072110	0.550185	16.045000
0.470000	21.840000	0.685979	0.184303	0.072729	0.550185	16.045000
0.470000	22.200000	0.691777	0.192744	0.077609	0.550185	16.045000
0.470000	22.570000	0.715693	0.173602	0.064513	0.550185	16.045000
0.470000	22.940000	0.723708	0.189437	0.069499	0.550185	16.045000
0.470000	23.310000	0.728352	0.183776	0.067385	0.550185	16.045000
0.470000	23.670000	0.735584	0.179229	0.063793	0.550185	16.045000
0.470000	24.040000	0.706490	0.183959	0.066108	0.550185	16.045000
0.470000	24.410000	0.713806	0.172824	0.059214	0.550185	16.045000
0.470000	24.780000	0.700762	0.168632	0.060866	0.550185	16.045000
0.470000	25.140000	0.691561	0.171294	0.064732	0.550185	16.045000
0.470000	25.510000	0.699730	0.170685	0.063389	0.550185	16.045000
0.470000	25.880000	0.707944	0.165848	0.060963	0.550185	16.045000
0.470000	26.240000	0.717720	0.176319	0.070210	0.550185	16.045000
0.470000	26.610000	0.732132	0.171752	0.064187	0.550185	16.045000
0.470000	26.980000	0.741164	0.175702	0.066451	0.550185	16.045000
0.470000	27.350000	0.734833	0.185287	0.066539	0.550185	16.045000
0.470000	27.710000	0.728674	0.172380	0.065359	0.550185	16.045000
0.470000	28.080000	0.737755	0.168860	0.062419	0.550185	16.045000
0.470000	28.450000	0.739493	0.169370	0.062723	0.550185	16.045000
0.470000	28.820000	0.698921	0.200709	0.073906	0.550185	16.045000
0.470000	29.180000	0.699252	0.202895	0.074197	0.550185	16.045000
0.470000	29.550000	0.709311	0.175561	0.066596	0.550185	16.045000
0.470000	29.920000	0.734166	0.181909	0.067949	0.550185	16.045000
0.500000	2.000000	0.027244	0.000188	0.000006	0.590000	16.266000
0.500000	2.370000	0.026717	0.000000	0.000000	0.590000	16.266000
0.500000	2.730000	0.032169	0.000358	0.000012	0.590000	16.266000
0.500000	3.100000	0.027771	0.000000	0.000000	0.590000	16.266000
0.500000	3.470000	0.027226	0.000000	0.000000	0.590000	16.266000
0.500000	3.840000	0.027769	0.000000	0.000000	0.590000	16.266000
0.500000	4.200000	0.022287	0.000267	0.000013	0.590000	16.266000
0.500000	4.570000	0.016775	0.000630	0.000036	0.590000	16.266000
0.500000	4.940000	0.017011	0.000230	0.000009	0.590000	16.266000
0.500000	5.310000	0.023468	0.002376	0.000344	0.590000	16.266000
0.500000	5.670000	0.023872	0.003102	0.000541	0.590000	16.266000
0.500000	6.040000	0.023367	0.002740	0.000484	0.590000	16.266000
0.500000	6.410000	0.029400	0.003474	0.000705	0.590000	16.266000
0.500000	6.780000	0.047082	0.005168	0.001051	0.590000	16.266000
0.500000	7.140000	0.051291	0.006016	0.001280	0.590000	16.266000
0.500000	7.510000	0.060313	0.010347	0.003593	0.590000	16.266000
0.500000	7.880000	0.067351	0.015115	0.007598	0.590000	16.266000
0.500000	8.240000	0.062602	0.015095	0.005653	0.590000	16.266000
0.500000	8.610000	0.072071	0.033160	0.022708	0.590000	16.266000
0.500000	8.980000	0.079418	0.039596	0.029567	0.590000	16.266000
0.500000	9.350000	0.089332	0.052354	0.039164	0.590000	16.266000
0.500000	9.710000	0.106181	0.065393	0.045164	0.590000	16.266000
0.500000	10.080000	0.117625	0.081304	0.058611	0.590000	16.266000
0.500000	10.450000	0.137896	0.094881	0.068433	0.590000	16.266000
0.500000	10.820000	0.160814	0.107379	0.074203	0.590000	16.266000
0.500000	11.180000	0.191763	0.135407	0.097574	0.590000	16.266000
0.500000	11.550000	0.221537	0.148333	0.100821	0.590000	16.266000
0.500000	11.920000	0.258739	0.165962	0.108218	0.590000	16.266000
0.500000	12.290000	0.293367	0.181125	0.113359	0.590000	16.266000
0.500000	12.650000	0.344031	0.199744	0.117695	0.590000	16.266000
0.500000	13.020000	0.378120	0.206247	0.113618	0.590000	16.266000
0.500000	13.390000	0.405474	0.211362	0.112272	0.590000	16.266000
0.500000	13.760000	0.443863	0.214001	0.107187	0.590000	16.266000
0.500000	14.120000	0.451960	0.221997	0.113760	0.590000	16.266000
0.500000	14.490000	0.503652	0.212784	0.098987	0.590000	16.266000
0.500000	14.860000	0.502195	0.215669	0.099859	0.590000	16.266000
0.500000	15.220000	0.522250	0.209556	0.094208	0.590000	16.266000
0.500000	15.590000	0.531094	0.210221	0.092849	0.590000	16.266000
0.500000	15.960000	0.552891	0.214165	0.096658	0.590000	16.266000
0.500000	16.330000	0.529470	0.212825	0.095849	0.590000	16.266000
0.500000	16.690000	0.585788	0.196234	0.085877	0.590000	16.266000
0.500000	17.060000	0.591544	0.197851	0.086272	0.590000	16.266000
0.500000	17.430000	0.595831	0.196346	0.086111	0.590000	16.266000
0.500000	17.800000	0.578728	0.213149	0.099051	0.590000	16.266000
0.500000	18.160000	0.606882	0.206520	0.088616	0.590000	16.266000
0.500000	18.530000	0.600877	0.202938	0.086125	0.590000	16.266000
0.500000	18.900000	0.595375	0.212386	0.094461	0.590000	16.266000
0.500000	19.270000	0.607588	0.207624	0.089871	0.590000	16.266000
0.500000	19.630000	0.613072	0.206864	0.088155	0.590000	16.266000
0.500000	20.000000	0.615325	0.210509	0.091471	0.590000	16.266000
0.500000	20.370000	0.647101	0.181420	0.076599	0.590000	16.266000
0.500000	20.730000	0.665627	0.203576	0.084589	0.590000	16.266000
0.500000	21.100000	0.666515	0.211153	0.084329	0.590000	16.266000
0.500000	21.470000	0.665947	0.198952	0.083031	0.590000	16.266000
0.500000	21.840000	0.659017	0.210533	0.081564	0.590000	16.266000
0.500000	22.200000	0.646954	0.215819	0.086172	0.590000	16.266000
0.500000	22.570000	0.663431	0.205072	0.085666	0.590000	16.266000
0.500000	22.940000	0.656603	0.209589	0.085766	0.590000	16.266000
0.500000	23.310000	0.674445	0.205124	0.080083	0.590000	16.266000
0.500000	23.670000	0.708466	0.179252	0.067102	0.590000	16.266000
0.500000	24.040000	0.696561	0.187596	0.076506	0.590000	16.266000
0.500000	24.410000	0.695256	0.182535	0.072833	0.590000	16.266000
0.500000	24.780000	0.679759	0.184876	0.080361	0.590000	16.266000
0.500000	25.140000	0.687325	0.199582	0.078097	0.590000	16.266000
0.500000	25.510000	0.696722	0.192626	0.075648	0.590000	16.266000
0.500000	25.880000	0.683526	0.202035	0.084693	0.590000	16.266000
0.500000	26.240000	0.698874	0.190466	0.075955	0.590000	16.266000
0.500000	26.610000	0.699398	0.184666	0.073042	0.590000	16.266000
0.500000	26.980000	0.699268	0.192121	0.076852	0.590000	16.266000
0.500000	27.350000	0.706055	0.177638	0.067539	0.590000	16.266000
0.500000	27.710000	0.703188	0.175492	0.068517	0.590000	16.266000
0.500000	28.080000	0.704602	0.184324	0.074271	0.590000	16.266000
0.500000	28.450000	0.694922	0.199460	0.082520	0.590000	16.266000
0.500000	28.820000	0.697920	0.194223	0.079971	0.590000	16.266000
0.500000	29.180000	0.710778	0.172677	0.070591	0.590000	16.266000
0.500000	29.550000	0.680668	0.173574	0.066902	0.590000	16.266000
0.500000	29.920000	0.702578	0.187358	0.071984	0.590000	16.266000
0.530000	2.000000	0.017271	0.000763	0.000054	0.590000	16.494000
0.530000	2.370000	0.017900	0.001372	0.000165	0.590000	16.494000
0.530000	2.730000	0.023193	0.001354	0.000157	0.590000	16.494000
0.530000	3.100000	0.023195	0.001456	0.000151	0.590000	16.494000
0.530000	3.470000	0.023375	0.001304	0.000148	0.590000	16.494000
0.530000	3.840000	0.023284	0.001400	0.000141	0.590000	16.494000
0.530000	4.200000	0.023288	0.001552	0.000178	0.590000	16.494000
0.530000	4.570000	0.022829	0.001941	0.000273	0.590000	16.494000
0.530000	4.940000	0.022035	0.001169	0.000175	0.590000	16.494000
0.530000	5.310000	0.022105	0.001203	0.000182	0.590000	16.494000
0.530000	5.670000	0.027868	0.001020	0.000103	0.590000	16.494000
0.530000	6.040000	0.029102	0.001419	0.000163	0.590000	16.494000
0.530000	6.410000	0.035663	0.002240	0.000348	0.590000	16.494000
0.530000	6.780000	0.040318	0.002224	0.000307	0.590000	16.494000
0.530000	7.140000	0.040111	0.003279	0.000503	0.590000	16.494000
0.530000	7.510000	0.053297	0.009110	0.003080	0.590000	16.494000
0.530000	7.880000	0.060282	0.006486	0.000992	0.590000	16.494000
0.530000	8.240000	0.060590	0.011674	0.003282	0.590000	16.494000
0.530000	8.610000	0.066308	0.018893	0.006641	0.590000	16.494000
0.530000	8.980000	0.068053	0.025166	0.013164	0.590000	16.494000
0.530000	9.350000	0.079353	0.042455	0.027570	0.590000	16.494000
0.530000	9.710000	0.095835	0.059475	0.041596	0.590000	16.494000
0.530000	10.080000	0.115163	0.076443	0.056282	0.590000	16.494000
0.530000	10.450000	0.151066	0.099181	0.069253	0.590000	16.494000
0.530000	10.820000	0.177525	0.113392	0.075121	0.590000	16.494000
0.530000	11.180000	0.196319	0.129919	0.091269	0.590000	16.494000
0.530000	11.550000	0.234625	0.149848	0.097363	0.590000	16.494000
0.530000	11.920000	0.283101	0.167706	0.101507	0.590000	16.494000
0.530000	12.290000	0.342506	0.181687	0.100005	0.590000	16.494000
0.530000	12.650000	0.371467	0.200101	0.109177	0.590000	16.494000
0.530000	13.020000	0.407134	0.208712	0.111478	0.590000	16.494000
0.530000	13.390000	0.426371	0.212173	0.108009	0.590000	16.494000
0.530000	13.760000	0.451574	0.221400	0.111314	0.590000	16.494000
0.530000	14.120000	0.485876	0.222776	0.105300	0.590000	16.494000
0.530000	14.490000	0.510757	0.209273	0.091148	0.590000	16.494000
0.530000	14.860000	0.517304	0.222799	0.102592	0.590000	16.494000
0.530000	15.220000	0.548246	0.200583	0.083896	0.590000	16.494000
0.530000	15.590000	0.573501	0.223076	0.096173	0.590000	16.494000
0.530000	15.960000	0.571124	0.221052	0.095108	0.590000	16.494000
0.530000	16.330000	0.572237	0.219972	0.096893	0.590000	16.494000
0.530000	16.690000	0.595953	0.204486	0.091195	0.590000	16.494000
0.530000	17.060000	0.611472	0.206199	0.088238	0.590000	16.494000
0.530000	17.430000	0.610256	0.225063	0.096018	0.590000	16.494000
0.530000	17.800000	0.640302	0.207642	0.086372	0.590000	16.494000
0.530000	18.160000	0.651052	0.213210	0.083767	0.590000	16.494000
0.530000	18.530000	0.654247	0.198552	0.079069	0.590000	16.494000
0.530000	18.900000	0.640157	0.220042	0.087584	0.590000	16.494000
0.530000	19.270000	0.642367	0.212977	0.087305	0.590000	16.494000
0.530000	19.630000	0.663905	0.213180	0.085474	0.590000	16.494000
0.530000	20.000000	0.661335	0.211815	0.083591	0.590000	16.494000
0.530000	20.370000	0.669886	0.192913	0.081519	0.590000	16.494000
0.530000	20.730000	0.695850	0.185926	0.074924	0.590000	16.494000
0.530000	21.100000	0.703869	0.170399	0.069685	0.590000	16.494000
0.530000	21.470000	0.710518	0.169460	0.069426	0.590000	16.494000
0.530000	21.840000	0.711719	0.177633	0.068161	0.590000	16.494000
0.530000	22.200000	0.711557	0.176483	0.072562	0.590000	16.494000
0.530000	22.570000	0.691738	0.187557	0.076483	0.590000	16.494000
0.530000	22.940000	0.721274	0.165213	0.062887	0.590000	16.494000
0.530000	23.310000	0.720932	0.163801	0.068062	0.590000	16.494000
0.530000	23.670000	0.735695	0.152867	0.060747	0.590000	16.494000
0.530000	24.040000	0.734325	0.158456	0.064597	0.590000	16.494000
0.530000	24.410000	0.711854	0.183735	0.072854	0.590000	16.494000
0.530000	24.780000	0.704547	0.190702	0.078591	0.590000	16.494000
0.530000	25.140000	0.703498	0.196448	0.078634	0.590000	16.494000
0.530000	25.510000	0.710554	0.194768	0.078845	0.590000	16.494000
0.530000	25.880000	0.720052	0.167671	0.070718	0.590000	16.494000
0.530000	26.240000	0.714895	0.173288	0.073066	0.590000	16.494000
0.530000	26.610000	0.726533	0.157131	0.069665	0.590000	16.494000
0.530000	26.980000	0.710024	0.173125	0.071959	0.590000	16.494000
0.530000	27.350000	0.732281	0.162748	0.065637	0.590000	16.494000
0.530000	27.710000	0.725228	0.168891	0.068758	0.590000	16.494000
0.530000	28.080000	0.728868	0.164262	0.069005	0.590000	16.494000
0.530000	28.450000	0.752366	0.139154	0.046457	0.590000	16.494000
0.530000	28.820000	0.764792	0.131021	0.044933	0.590000	16.494000
0.530000	29.180000	0.745573	0.144109	0.050254	0.590000	16.494000
0.530000	29.550000	0.715681	0.161895	0.066951	0.590000	16.494000
0.530000	29.920000	0.716901	0.156929	0.066184	0.590000	16.494000
0.560000	2.000000	0.011596	0.000000	0.000000	0.634629	16.557000
0.560000	2.370000	0.011596	0.000000	0.000000	0.634629	16.557000
0.560000	2.730000	0.016172	0.000170	0.000005	0.634629	16.557000
0.560000	3.100000	0.021803	0.000460	0.000020	0.634629	16.557000
0.560000	3.470000	0.021748	0.000582	0.000057	0.634629	16.557000
0.560000	3.840000	0.016320	0.000494	0.000042	0.634629	16.557000
0.560000	4.200000	0.021628	0.000405	0.000015	0.634629	16.557000
0.560000	4.570000	0.021487	0.000432	0.000033	0.634629	16.557000
0.560000	4.940000	0.021835	0.001045	0.000078	0.634629	16.557000
0.560000	5.310000	0.032260	0.000918	0.000058	0.634629	16.557000
0.560000	5.670000	0.032916	0.001338	0.000146	0.634629	16.557000
0.560000	6.040000	0.027815	0.001401	0.000125	0.634629	16.557000
0.560000	6.410000	0.028225	0.001205	0.000105	0.634629	16.557000
0.560000	6.780000	0.034029	0.002363	0.000223	0.634629	16.557000
0.560000	7.140000	0.039399	0.002463	0.000278	0.634629	16.557000
0.560000	7.510000	0.045681	0.003714	0.000557	0.634629	16.557000
0.560000	7.880000	0.059173	0.013587	0.005875	0.634629	16.557000
0.560000	8.240000	0.066803	0.018456	0.008277	0.634629	16.557000
0.560000	8.610000	0.071825	0.025033	0.012098	0.634629	16.557000
0.560000	8.980000	0.080998	0.037740	0.021063	0.634629	16.557000
0.560000	9.350000	0.092053	0.051233	0.034016	0.634629	16.557000
0.560000	9.710000	0.106420	0.067748	0.048244	0.634629	16.557000
0.560000	10.080000	0.129909	0.081336	0.055041	0.634629	16.557000
0.560000	10.450000	0.148985	0.096293	0.064910	0.634629	16.557000
0.560000	10.820000	0.165787	0.109178	0.074936	0.634629	16.557000
0.560000	11.180000	0.200301	0.132244	0.090166	0.634629	16.557000
0.560000	11.550000	0.246471	0.153545	0.098084	0.634629	16.557000
0.560000	11.920000	0.291141	0.168699	0.101689	0.634629	16.557000
0.560000	12.290000	0.332041	0.178064	0.097936	0.634629	16.557000
0.560000	12.650000	0.366575	0.193042	0.104890	0.634629	16.557000
0.560000	13.020000	0.397045	0.199813	0.102062	0.634629	16.557000
0.560000	13.390000	0.415026	0.195880	0.093969	0.634629	16.557000
0.560000	13.760000	0.477218	0.200311	0.088161	0.634629	16.557000
0.560000	14.120000	0.494577	0.204892	0.090944	0.634629	16.557000
0.560000	14.490000	0.512970	0.209035	0.090517	0.634629	16.557000
0.560000	14.860000	0.525553	0.212224	0.092521	0.634629	16.557000
0.560000	15.220000	0.539852	0.215585	0.091344	0.634629	16.557000
0.560000	15.590000	0.549046	0.219146	0.093507	0.634629	16.557000
0.560000	15.960000	0.564798	0.206608	0.082969	0.634629	16.557000
0.560000	16.330000	0.581982	0.209138	0.082659	0.634629	16.557000
0.560000	16.690000	0.626879	0.186861	0.073219	0.634629	16.557000
0.560000	17.060000	0.616464	0.192191	0.077453	0.634629	16.557000
0.560000	17.430000	0.616217	0.195959	0.077902	0.634629	16.557000
0.560000	17.800000	0.618906	0.197758	0.080250	0.634629	16.557000
0.560000	18.160000	0.651003	0.190854	0.077006	0.634629	16.557000
0.560000	18.530000	0.635543	0.198839	0.075689	0.634629	16.557000
0.560000	18.900000	0.649863	0.189131	0.078359	0.634629	16.557000
0.560000	19.270000	0.661899	0.179349	0.071926	0.634629	16.557000
0.560000	19.630000	0.660491	0.185081	0.074590	0.634629	16.557000
0.560000	20.000000	0.671874	0.178784	0.067439	0.634629	16.557000
0.560000	20.370000	0.676903	0.180169	0.066443	0.634629	16.557000
0.560000	20.730000	0.696113	0.178125	0.063398	0.634629	16.557000
0.560000	21.100000	0.696994	0.178771	0.062773	0.634629	16.557000
0.560000	21.470000	0.689680	0.189328	0.069171	0.634629	16.557000
0.560000	21.840000	0.708543	0.178474	0.067694	0.634629	16.557000
0.560000	22.200000	0.692841	0.176565	0.071816	0.634629	16.557000
0.560000	22.570000	0.700867	0.181243	0.075404	0.634629	16.557000
0.560000	22.940000	0.710965	0.184734	0.072041	0.634629	16.557000
0.560000	23.310000	0.696969	0.166731	0.066922	0.634629	16.557000
0.560000	23.670000	0.714940	0.155095	0.061623	0.634629	16.557000
0.560000	24.040000	0.730922	0.152611	0.058434	0.634629	16.557000
0.560000	24.410000	0.723527	0.147909	0.057971	0.634629	16.557000
0.560000	24.780000	0.727293	0.150073	0.060712	0.634629	16.557000
0.560000	25.140000	0.716715	0.165493	0.066446	0.634629	16.557000
0.560000	25.510000	0.707953	0.187884	0.072668	0.634629	16.557000
0.560000	25.880000	0.709440	0.186512	0.071879	0.634629	16.557000
0.560000	26.240000	0.711571	0.175712	0.065964	0.634629	16.557000
0.560000	26.610000	0.726429	0.186649	0.068475	0.634629	16.557000
0.560000	26.980000	0.719548	0.166118	0.063648	0.634629	16.557000
0.560000	27.350000	0.725419	0.168908	0.065570	0.634629	16.557000
0.560000	27.710000	0.729325	0.165309	0.066172	0.634629	16.557000
0.560000	28.080000	0.733422	0.167425	0.070164	0.634629	16.557000
0.560000	28.450000	0.715583	0.170147	0.071355	0.634629	16.557000
0.560000	28.820000	0.707816	0.169122	0.065027	0.634629	16.557000
0.560000	29.180000	0.715792	0.172842	0.062964	0.634629	16.557000
0.560000	29.550000	0.718191	0.162341	0.055058	0.634629	16.557000
0.560000	29.920000	0.739317	0.156112	0.050586	0.634629	16.557000
0.590000	2.000000	0.016038	0.000564	0.000055	0.689630	16.554000
0.590000	2.370000	0.016038	0.000564	0.000055	0.689630	16.554000
0.590000	2.730000	0.015385	0.000000	0.000000	0.689630	16.554000
0.590000	3.100000	0.005247	0.000000	0.000000	0.689630	16.554000
0.590000	3.470000	0.005247	0.000000	0.000000	0.689630	16.554000
0.590000	3.840000	0.005247	0.000000	0.000000	0.689630	16.554000
0.590000	4.200000	0.010877	0.000000	0.000000	0.689630	16.554000
0.590000	4.570000	0.010715	0.000000	0.000000	0.689630	16.554000
0.590000	4.940000	0.010715	0.000000	0.000000	0.689630	16.554000
0.590000	5.310000	0.010683	0.000000	0.000000	0.689630	16.554000
0.590000	5.670000	0.021214	0.000455	0.000013	0.689630	16.554000
0.590000	6.040000	0.026357	0.000314	0.000009	0.689630	16.554000
0.590000	6.410000	0.027520	0.000675	0.000047	0.689630	16.554000
0.590000	6.780000	0.042880	0.000761	0.000040	0.689630	16.554000
0.590000	7.140000	0.050879	0.002528	0.000535	0.689630	16.554000
0.590000	7.510000	0.059771	0.007935	0.003126	0.689630	16.554000
0.590000	7.880000	0.061312	0.012723	0.004782	0.689630	16.554000
0.590000	8.240000	0.072623	0.027925	0.015928	0.689630	16.554000
0.590000	8.610000	0.079689	0.032617	0.018020	0.689630	16.554000
0.590000	8.980000	0.080706	0.033164	0.016770	0.689630	16.554000
0.590000	9.350000	0.092222	0.047770	0.027588	0.689630	16.554000
0.590000	9.710000	0.111297	0.068186	0.043947	0.689630	16.554000
0.590000	10.080000	0.136526	0.090991	0.061638	0.689630	16.554000
0.590000	10.450000	0.172595	0.109928	0.071631	0.689630	16.554000
0.590000	10.820000	0.180961	0.120280	0.081716	0.689630	16.554000
0.590000	11.180000	0.222258	0.140818	0.090848	0.689630	16.554000
0.590000	11.550000	0.241800	0.147940	0.092276	0.689630	16.554000
0.590000	11.920000	0.279096	0.161305	0.095100	0.689630	16.554000
0.590000	12.290000	0.326958	0.179679	0.101018	0.689630	16.554000
0.590000	12.650000	0.374401	0.187967	0.097435	0.689630	16.554000
0.590000	13.020000	0.399096	0.192442	0.094815	0.689630	16.554000
0.590000	13.390000	0.433024	0.186169	0.081726	0.689630	16.554000
0.590000	13.760000	0.459735	0.192562	0.082529	0.689630	16.554000
0.590000	14.120000	0.484955	0.189685	0.078889	0.689630	16.554000
0.590000	14.490000	0.482672	0.197462	0.085897	0.689630	16.554000
0.590000	14.860000	0.528253	0.216326	0.094162	0.689630	16.554000
0.590000	15.220000	0.541206	0.214468	0.093941	0.689630	16.554000
0.590000	15.590000	0.563908	0.215544	0.089160	0.689630	16.554000
0.590000	15.960000	0.570491	0.215271	0.087991	0.689630	16.554000
0.590000	16.330000	0.568973	0.221223	0.093877	0.689630	16.554000
0.590000	16.690000	0.588129	0.209578	0.084451	0.689630	16.554000
0.590000	17.060000	0.594053	0.206522	0.086494	0.689630	16.554000
0.590000	17.430000	0.584262	0.210164	0.087579	0.689630	16.554000
0.590000	17.800000	0.617210	0.186214	0.076446	0.689630	16.554000
0.590000	18.160000	0.612971	0.188025	0.074948	0.689630	16.554000
0.590000	18.530000	0.631376	0.182218	0.072689	0.689630	16.554000
0.590000	18.900000	0.637656	0.178601	0.069665	0.689630	16.554000
0.590000	19.270000	0.668482	0.180024	0.072636	0.689630	16.554000
0.590000	19.630000	0.666200	0.190722	0.073747	0.689630	16.554000
0.590000	20.000000	0.687354	0.170628	0.062118	0.689630	16.554000
0.590000	20.370000	0.686838	0.169141	0.065517	0.689630	16.554000
0.590000	20.730000	0.652695	0.191120	0.079983	0.689630	16.554000
0.590000	21.100000	0.672559	0.177573	0.071881	0.689630	16.554000
0.590000	21.470000	0.675558	0.177547	0.074532	0.689630	16.554000
0.590000	21.840000	0.701439	0.159945	0.065138	0.689630	16.554000
0.590000	22.200000	0.712917	0.148826	0.059432	0.689630	16.554000
0.590000	22.570000	0.711401	0.157564	0.060295	0.689630	16.554000
0.590000	22.940000	0.715661	0.143835	0.059811	0.689630	16.554000
0.590000	23.310000	0.718331	0.157671	0.060670	0.689630	16.554000
0.590000	23.670000	0.716900	0.153041	0.057948	0.689630	16.554000
0.590000	24.040000	0.717574	0.168477	0.063453	0.689630	16.554000
0.590000	24.410000	0.726316	0.150737	0.061671	0.689630	16.554000
0.590000	24.780000	0.744107	0.149694	0.060782	0.689630	16.554000
0.590000	25.140000	0.745164	0.144221	0.054567	0.689630	16.554000
0.590000	25.510000	0.759444	0.139744	0.056507	0.689630	16.554000
0.590000	25.880000	0.741228	0.131089	0.056753	0.689630	16.554000
0.590000	26.240000	0.737554	0.138110	0.061484	0.689630	16.554000
0.590000	26.610000	0.736431	0.148594	0.062233	0.689630	16.554000
0.590000	26.980000	0.731615	0.155426	0.067335	0.689630	16.554000
0.590000	27.350000	0.760253	0.138653	0.047771	0.689630	16.554000
0.590000	27.710000	0.747077	0.133620	0.044405	0.689630	16.554000
0.590000	28.080000	0.742584	0.132700	0.050407	0.689630	16.554000
0.590000	28.450000	0.739270	0.144696	0.058308	0.689630	16.554000
0.590000	28.820000	0.744146	0.127587	0.044260	0.689630	16.554000
0.590000	29.180000	0.752496	0.126967	0.043144	0.689630	16.554000
0.590000	29.550000	0.726335	0.139299	0.054178	0.689630	16.554000
0.590000	29.920000	0.712341	0.150094	0.055464	0.689630	16.554000
0.610000	2.000000	0.005053	0.000000	0.000000	0.793333	16.555000
0.610000	2.370000	0.005053	0.000000	0.000000	0.793333	16.555000
0.610000	2.730000	0.015452	0.000000	0.000000	0.793333	16.555000
0.610000	3.100000	0.010653	0.000000	0.000000	0.793333	16.555000
0.610000	3.470000	0.011239	0.000000	0.000000	0.793333	16.555000
0.610000	3.840000	0.015650	0.000000	0.000000	0.793333	16.555000
0.610000	4.200000	0.015650	0.000000	0.000000	0.793333	16.555000
0.610000	4.570000	0.016668	0.000000	0.000000	0.793333	16.555000
0.610000	4.940000	0.010833	0.000177	0.000006	0.793333	16.555000
0.610000	5.310000	0.010833	0.000177	0.000006	0.793333	16.555000
0.610000	5.670000	0.016725	0.000177	0.000006	0.793333	16.555000
0.610000	6.040000	0.027538	0.000163	0.000005	0.793333	16.555000
0.610000	6.410000	0.031340	0.000297	0.000008	0.793333	16.555000
0.610000	6.780000	0.035193	0.000645	0.000040	0.793333	16.555000
0.610000	7.140000	0.040683	0.003180	0.000637	0.793333	16.555000
0.610000	7.510000	0.048837	0.005584	0.001490	0.793333	16.555000
0.610000	7.880000	0.058062	0.009890	0.002994	0.793333	16.555000
0.610000	8.240000	0.068045	0.020972	0.013529	0.793333	16.555000
0.610000	8.610000	0.068117	0.022858	0.013240	0.793333	16.555000
0.610000	8.980000	0.071601	0.027543	0.016882	0.793333	16.555000
0.610000	9.350000	0.088562	0.044245	0.027674	0.793333	16.555000
0.610000	9.710000	0.105771	0.057057	0.033087	0.793333	16.555000
0.610000	10.080000	0.128478	0.077956	0.049000	0.793333	16.555000
0.610000	10.450000	0.140170	0.091698	0.062958	0.793333	16.555000
0.610000	10.820000	0.180342	0.117105	0.079129	0.793333	16.555000
0.610000	11.180000	0.212208	0.144727	0.100376	0.793333	16.555000
0.610000	11.550000	0.250446	0.148887	0.090084	0.793333	16.555000
0.610000	11.920000	0.282124	0.168691	0.102975	0.793333	16.555000
0.610000	12.290000	0.331025	0.178412	0.100011	0.793333	16.555000
0.610000	12.650000	0.366159	0.181719	0.094020	0.793333	16.555000
0.610000	13.020000	0.418144	0.185807	0.085974	0.793333	16.555000
0.610000	13.390000	0.446443	0.199111	0.092961	0.793333	16.555000
0.610000	13.760000	0.480000	0.205847	0.093517	0.793333	16.555000
0.610000	14.120000	0.480478	0.208950	0.095491	0.793333	16.555000
0.610000	14.490000	0.498024	0.214053	0.097798	0.793333	16.555000
0.610000	14.860000	0.517789	0.215491	0.097780	0.793333	16.555000
0.610000	15.220000	0.539616	0.210662	0.087133	0.793333	16.555000
0.610000	15.590000	0.542412	0.214106	0.094579	0.793333	16.555000
0.610000	15.960000	0.530118	0.220487	0.100237	0.793333	16.555000
0.610000	16.330000	0.555474	0.200305	0.085308	0.793333	16.555000
0.610000	16.690000	0.582300	0.198861	0.081987	0.793333	16.555000
0.610000	17.060000	0.561046	0.207209	0.090524	0.793333	16.555000
0.610000	17.430000	0.577778	0.209582	0.090859	0.793333	16.555000
0.610000	17.800000	0.583517	0.213633	0.094099	0.793333	16.555000
0.610000	18.160000	0.581515	0.209156	0.091554	0.793333	16.555000
0.610000	18.530000	0.597628	0.212022	0.089937	0.793333	16.555000
0.610000	18.900000	0.610535	0.206404	0.087926	0.793333	16.555000
0.610000	19.270000	0.630584	0.191161	0.086913	0.793333	16.555000
0.610000	19.630000	0.646516	0.183989	0.072618	0.793333	16.555000
0.610000	20.000000	0.646558	0.181557	0.073091	0.793333	16.555000
0.610000	20.370000	0.621506	0.180278	0.079282	0.793333	16.555000
0.610000	20.730000	0.647293	0.160234	0.072591	0.793333	16.555000
0.610000	21.100000	0.657424	0.157424	0.070191	0.793333	16.555000
0.610000	21.470000	0.650384	0.161360	0.073236	0.793333	16.555000
0.610000	21.840000	0.670411	0.152925	0.065671	0.793333	16.555000
0.610000	22.200000	0.688056	0.145152	0.052625	0.793333	16.555000
0.610000	22.570000	0.688357	0.157958	0.059113	0.793333	16.555000
0.610000	22.940000	0.712336	0.134742	0.052320	0.793333	16.555000
0.610000	23.310000	0.707782	0.146261	0.057190	0.793333	16.555000
0.610000	23.670000	0.686875	0.158822	0.069109	0.793333	16.555000
0.610000	24.040000	0.708266	0.151543	0.058467	0.793333	16.555000
0.610000	24.410000	0.727246	0.127981	0.045830	0.793333	16.555000
0.610000	24.780000	0.720338	0.142552	0.056637	0.793333	16.555000
0.610000	25.140000	0.703375	0.143745	0.056464	0.793333	16.555000
0.610000	25.510000	0.688066	0.162080	0.065366	0.793333	16.555000
0.610000	25.880000	0.690460	0.174824	0.066480	0.793333	16.555000
0.610000	26.240000	0.713888	0.150390	0.058843	0.793333	16.555000
0.610000	26.610000	0.710429	0.160557	0.064640	0.793333	16.555000
0.610000	26.980000	0.710304	0.162074	0.065849	0.793333	16.555000
0.610000	27.350000	0.726127	0.117112	0.037022	0.793333	16.555000
0.610000	27.710000	0.739912	0.102920	0.028274	0.793333	16.555000
0.610000	28.080000	0.737213	0.108063	0.041144	0.793333	16.555000
0.610000	28.450000	0.711726	0.141046	0.059333	0.793333	16.555000
0.610000	28.820000	0.710464	0.143898	0.062459	0.793333	16.555000
0.610000	29.180000	0.724130	0.140110	0.053593	0.793333	16.555000
0.610000	29.550000	0.730381	0.117712	0.037063	0.793333	16.555000
0.610000	29.920000	0.709134	0.116365	0.045716	0.793333	16.555000
0.640000	2.000000	0.005618	0.000000	0.000000	0.798704	16.731000
0.640000	2.370000	0.005243	0.000000	0.000000	0.798704	16.731000
0.640000	2.730000	0.005431	0.000187	0.000006	0.798704	16.731000
0.640000	3.100000	0.015738	0.000000	0.000000	0.798704	16.731000
0.640000	3.470000	0.010671	0.000000	0.000000	0.798704	16.731000
0.640000	3.840000	0.010804	0.000133	0.000003	0.798704	16.731000
0.640000	4.200000	0.005053	0.000000	0.000000	0.798704	16.731000
0.640000	4.570000	0.005585	0.000000	0.000000	0.798704	16.731000
0.640000	4.940000	0.010679	0.000000	0.000000	0.798704	16.731000
0.640000	5.310000	0.010828	0.000000	0.000000	0.798704	16.731000
0.640000	5.670000	0.010696	0.000399	0.000029	0.798704	16.731000
0.640000	6.040000	0.010828	0.000000	0.000000	0.798704	16.731000
0.640000	6.410000	0.010696	0.000399	0.000029	0.798704	16.731000
0.640000	6.780000	0.017194	0.000253	0.000012	0.798704	16.731000
0.640000	7.140000	0.037340	0.000951	0.000064	0.798704	16.731000
0.640000	7.510000	0.051420	0.004369	0.000885	0.798704	16.731000
0.640000	7.880000	0.050799	0.005511	0.001512	0.798704	16.731000
0.640000	8.240000	0.056955	0.014682	0.006776	0.798704	16.731000
0.640000	8.610000	0.070463	0.025164	0.013514	0.798704	16.731000
0.640000	8.980000	0.076380	0.032307	0.019268	0.798704	16.731000
0.640000	9.350000	0.091082	0.044662	0.026138	0.798704	16.731000
0.640000	9.710000	0.092806	0.054902	0.039793	0.798704	16.731000
0.640000	10.080000	0.106433	0.066149	0.043835	0.798704	16.731000
0.640000	10.450000	0.134417	0.090819	0.062241	0.798704	16.731000
0.640000	10.820000	0.157020	0.107825	0.074974	0.798704	16.731000
0.640000	11.180000	0.208970	0.139738	0.097677	0.798704	16.731000
0.640000	11.550000	0.245399	0.153207	0.099503	0.798704	16.731000
0.640000	11.920000	0.296281	0.174247	0.106747	0.798704	16.731000
0.640000	12.290000	0.355848	0.186174	0.100814	0.798704	16.731000
0.640000	12.650000	0.418293	0.196426	0.095930	0.798704	16.731000
0.640000	13.020000	0.447722	0.200918	0.091834	0.798704	16.731000
0.640000	13.390000	0.475992	0.206310	0.094774	0.798704	16.731000
0.640000	13.760000	0.502368	0.200700	0.084511	0.798704	16.731000
0.640000	14.120000	0.531039	0.203959	0.083970	0.798704	16.731000
0.640000	14.490000	0.534086	0.198823	0.079522	0.798704	16.731000
0.640000	14.860000	0.561729	0.203701	0.082532	0.798704	16.731000
0.640000	15.220000	0.563408	0.206400	0.084142	0.798704	16.731000
0.640000	15.590000	0.593335	0.197619	0.075406	0.798704	16.731000
0.640000	15.960000	0.591352	0.197118	0.080475	0.798704	16.731000
0.640000	16.330000	0.592817	0.184945	0.079884	0.798704	16.731000
0.640000	16.690000	0.620652	0.185452	0.069254	0.798704	16.731000
0.640000	17.060000	0.646684	0.152403	0.056027	0.798704	16.731000
0.640000	17.430000	0.668672	0.155348	0.053310	0.798704	16.731000
0.640000	17.800000	0.639804	0.166907	0.064051	0.798704	16.731000
0.640000	18.160000	0.645573	0.172583	0.063194	0.798704	16.731000
0.640000	18.530000	0.650384	0.164500	0.063773	0.798704	16.731000
0.640000	18.900000	0.678469	0.149997	0.054443	0.798704	16.731000
0.640000	19.270000	0.689718	0.150534	0.055380	0.798704	16.731000
0.640000	19.630000	0.674889	0.157926	0.056466	0.798704	16.731000
0.640000	20.000000	0.698862	0.142014	0.047013	0.798704	16.731000
0.640000	20.370000	0.679575	0.146023	0.062464	0.798704	16.731000
0.640000	20.730000	0.672718	0.145949	0.062382	0.798704	16.731000
0.640000	21.100000	0.664414	0.155809	0.074046	0.798704	16.731000
0.640000	21.470000	0.679096	0.149138	0.067095	0.798704	16.731000
0.640000	21.840000	0.679686	0.154257	0.067743	0.798704	16.731000
0.640000	22.200000	0.706728	0.137546	0.050480	0.798704	16.731000
0.640000	22.570000	0.727061	0.130405	0.043145	0.798704	16.731000
0.640000	22.940000	0.726803	0.123890	0.043121	0.798704	16.731000
0.640000	23.310000	0.721228	0.118945	0.044765	0.798704	16.731000
0.640000	23.670000	0.724642	0.130512	0.051304	0.798704	16.731000
0.640000	24.040000	0.713959	0.137247	0.054170	0.798704	16.731000
0.640000	24.410000	0.704604	0.150801	0.063545	0.798704	16.731000
0.640000	24.780000	0.718518	0.141150	0.052594	0.798704	16.731000
0.640000	25.140000	0.749516	0.118163	0.035198	0.798704	16.731000
0.640000	25.510000	0.744491	0.129509	0.042810	0.798704	16.731000
0.640000	25.880000	0.747921	0.128806	0.043444	0.798704	16.731000
0.640000	26.240000	0.733453	0.132133	0.047217	0.798704	16.731000
0.640000	26.610000	0.730338	0.142543	0.055254	0.798704	16.731000
0.640000	26.980000	0.738914	0.113434	0.040933	0.798704	16.731000
0.640000	27.350000	0.761536	0.098359	0.032483	0.798704	16.731000
0.640000	27.710000	0.716708	0.136819	0.060393	0.798704	16.731000
0.640000	28.080000	0.717654	0.129004	0.051650	0.798704	16.731000
0.640000	28.450000	0.751375	0.124781	0.043540	0.798704	16.731000
0.640000	28.820000	0.739276	0.129832	0.046822	0.798704	16.731000
0.640000	29.180000	0.766259	0.121055	0.040436	0.798704	16.731000
0.640000	29.550000	0.773037	0.113880	0.040373	0.798704	16.731000
0.640000	29.920000	0.776364	0.102123	0.032267	0.798704	16.731000
0.670000	2.000000	0.010133	0.000000	0.000000	0.839074	16.918000
0.670000	2.370000	0.010133	0.000000	0.000000	0.839074	16.918000
0.670000	2.730000	0.010133	0.000000	0.000000	0.839074	16.918000
0.670000	3.100000	0.010133	0.000000	0.000000	0.839074	16.918000
0.670000	3.470000	0.010133	0.000000	0.000000	0.839074	16.918000
0.670000	3.840000	0.010133	0.000000	0.000000	0.839074	16.918000
0.670000	4.200000	0.010280	0.000134	0.000003	0.839074	16.918000
0.670000	4.570000	0.015705	0.000134	0.000003	0.839074	16.918000
0.670000	4.940000	0.015705	0.000134	0.000003	0.839074	16.918000
0.670000	5.310000	0.016249	0.000411	0.000016	0.839074	16.918000
0.670000	5.670000	0.016093	0.000267	0.000012	0.839074	16.918000
0.670000	6.040000	0.015957	0.000666	0.000043	0.839074	16.918000
0.670000	6.410000	0.022999	0.001370	0.000152	0.839074	16.918000
0.670000	6.780000	0.021909	0.002218	0.000305	0.839074	16.918000
0.670000	7.140000	0.027850	0.002666	0.000509	0.839074	16.918000
0.670000	7.510000	0.034995	0.003731	0.000884	0.839074	16.918000
0.670000	7.880000	0.048671	0.012156	0.007246	0.839074	16.918000
0.670000	8.240000	0.066078	0.010559	0.003429	0.839074	16.918000
0.670000	8.610000	0.075372	0.031112	0.017881	0.839074	16.918000
0.670000	8.980000	0.086445	0.044364	0.029730	0.839074	16.918000
0.670000	9.350000	0.098806	0.053469	0.033809	0.839074	16.918000
0.670000	9.710000	0.117813	0.076921	0.053662	0.839074	16.918000
0.670000	10.080000	0.144199	0.093356	0.062674	0.839074	16.918000
0.670000	10.450000	0.164909	0.114721	0.080817	0.839074	16.918000
0.670000	10.820000	0.206848	0.127763	0.081197	0.839074	16.918000
0.670000	11.180000	0.245822	0.150967	0.094500	0.839074	16.918000
0.670000	11.550000	0.310196	0.172581	0.099742	0.839074	16.918000
0.670000	11.920000	0.337071	0.182729	0.102596	0.839074	16.918000
0.670000	12.290000	0.374891	0.195583	0.105702	0.839074	16.918000
0.670000	12.650000	0.416100	0.207393	0.108479	0.839074	16.918000
0.670000	13.020000	0.464161	0.212211	0.103107	0.839074	16.918000
0.670000	13.390000	0.471786	0.208310	0.096517	0.839074	16.918000
0.670000	13.760000	0.516760	0.191605	0.077016	0.839074	16.918000
0.670000	14.120000	0.524174	0.205353	0.085178	0.839074	16.918000
0.670000	14.490000	0.544725	0.195359	0.076469	0.839074	16.918000
0.670000	14.860000	0.573585	0.204188	0.081259	0.839074	16.918000
0.670000	15.220000	0.577539	0.195773	0.080547	0.839074	16.918000
0.670000	15.590000	0.596175	0.201675	0.081246	0.839074	16.918000
0.670000	15.960000	0.649207	0.154230	0.049704	0.839074	16.918000
0.670000	16.330000	0.667304	0.147254	0.048757	0.839074	16.918000
0.670000	16.690000	0.653664	0.168271	0.058221	0.839074	16.918000
0.670000	17.060000	0.667147	0.165433	0.057108	0.839074	16.918000
0.670000	17.430000	0.682519	0.154599	0.052864	0.839074	16.918000
0.670000	17.800000	0.695046	0.150665	0.046718	0.839074	16.918000
0.670000	18.160000	0.689838	0.140139	0.044706	0.839074	16.918000
0.670000	18.530000	0.727226	0.111588	0.033827	0.839074	16.918000
0.670000	18.900000	0.714735	0.125128	0.038941	0.839074	16.918000
0.670000	19.270000	0.681172	0.167615	0.059129	0.839074	16.918000
0.670000	19.630000	0.711705	0.153881	0.050221	0.839074	16.918000
0.670000	20.000000	0.727000	0.145193	0.045615	0.839074	16.918000
0.670000	20.370000	0.736966	0.127343	0.037638	0.839074	16.918000
0.670000	20.730000	0.738536	0.135006	0.043403	0.839074	16.918000
0.670000	21.100000	0.744214	0.120168	0.040582	0.839074	16.918000
0.670000	21.470000	0.767837	0.096367	0.029571	0.839074	16.918000
0.670000	21.840000	0.757504	0.107815	0.034822	0.839074	16.918000
0.670000	22.200000	0.757929	0.117815	0.036437	0.839074	16.918000
0.670000	22.570000	0.773551	0.121705	0.039260	0.839074	16.918000
0.670000	22.940000	0.779403	0.093151	0.031046	0.839074	16.918000
0.670000	23.310000	0.795244	0.076292	0.021825	0.839074	16.918000
0.670000	23.670000	0.803939	0.078042	0.020029	0.839074	16.918000
0.670000	24.040000	0.800612	0.069366	0.021850	0.839074	16.918000
0.670000	24.410000	0.764967	0.109933	0.034216	0.839074	16.918000
0.670000	24.780000	0.772847	0.091788	0.030937	0.839074	16.918000
0.670000	25.140000	0.783139	0.100683	0.032001	0.839074	16.918000
0.670000	25.510000	0.787035	0.098146	0.029943	0.839074	16.918000
0.670000	25.880000	0.796559	0.093810	0.026064	0.839074	16.918000
0.670000	26.240000	0.800610	0.095333	0.027716	0.839074	16.918000
0.670000	26.610000	0.805691	0.090602	0.026509	0.839074	16.918000
0.670000	26.980000	0.800849	0.080835	0.030944	0.839074	16.918000
0.670000	27.350000	0.793806	0.084712	0.025262	0.839074	16.918000
0.670000	27.710000	0.773178	0.105847	0.029286	0.839074	16.918000
0.670000	28.080000	0.799060	0.070917	0.019577	0.839074	16.918000
0.670000	28.450000	0.800496	0.078614	0.025059	0.839074	16.918000
0.670000	28.820000	0.795897	0.102305	0.027945	0.839074	16.918000
0.670000	29.180000	0.795888	0.082413	0.021313	0.839074	16.918000
0.670000	29.550000	0.770403	0.109657	0.033633	0.839074	16.918000
0.670000	29.920000	0.772736	0.116266	0.034720	0.839074	16.918000
0.700000	2.000000	0.005067	0.000000	0.000000	0.873148	17.022000
0.700000	2.370000	0.005067	0.000000	0.000000	0.873148	17.022000
0.700000	2.730000	0.005333	0.000000	0.000000	0.873148	17.022000
0.700000	3.100000	0.005067	0.000000	0.000000	0.873148	17.022000
0.700000	3.470000	0.000000	0.000000	0.000000	0.873148	17.022000
0.700000	3.840000	0.000000	0.000000	0.000000	0.873148	17.022000
0.700000	4.200000	0.005067	0.000000	0.000000	0.873148	17.022000
0.700000	4.570000	0.005067	0.000000	0.000000	0.873148	17.022000
0.700000	4.940000	0.000000	0.000000	0.000000	0.873148	17.022000
0.700000	5.310000	0.000000	0.000000	0.000000	0.873148	17.022000
0.700000	5.670000	0.000000	0.000000	0.000000	0.873148	17.022000
0.700000	6.040000	0.005263	0.000000	0.000000	0.873148	17.022000
0.700000	6.410000	0.010079	0.000000	0.000000	0.873148	17.022000
0.700000	6.780000	0.016477	0.000514	0.000028	0.873148	17.022000
0.700000	7.140000	0.027598	0.000647	0.000055	0.873148	17.022000
0.700000	7.510000	0.049227	0.007343	0.002585	0.873148	17.022000
0.700000	7.880000	0.069277	0.014823	0.006406	0.873148	17.022000
0.700000	8.240000	0.074106	0.024061	0.011795	0.873148	17.022000
0.700000	8.610000	0.071742	0.027279	0.014591	0.873148	17.022000
0.700000	8.980000	0.100689	0.057553	0.036587	0.873148	17.022000
0.700000	9.350000	0.130652	0.077738	0.050738	0.873148	17.022000
0.700000	9.710000	0.143854	0.094179	0.065730	0.873148	17.022000
0.700000	10.080000	0.178593	0.119955	0.082061	0.873148	17.022000
0.700000	10.450000	0.212350	0.134985	0.088875	0.873148	17.022000
0.700000	10.820000	0.252810	0.162427	0.106405	0.873148	17.022000
0.700000	11.180000	0.293720	0.176941	0.109142	0.873148	17.022000
0.700000	11.550000	0.345731	0.196889	0.114986	0.873148	17.022000
0.700000	11.920000	0.376350	0.209823	0.120413	0.873148	17.022000
0.700000	12.290000	0.414917	0.205951	0.107763	0.873148	17.022000
0.700000	12.650000	0.452753	0.213805	0.103719	0.873148	17.022000
0.700000	13.020000	0.484305	0.197304	0.087750	0.873148	17.022000
0.700000	13.390000	0.512930	0.193953	0.082152	0.873148	17.022000
0.700000	13.760000	0.525980	0.195819	0.078051	0.873148	17.022000
0.700000	14.120000	0.540516	0.203242	0.083909	0.873148	17.022000
0.700000	14.490000	0.587602	0.185283	0.066767	0.873148	17.022000
0.700000	14.860000	0.578476	0.200159	0.078960	0.873148	17.022000
0.700000	15.220000	0.602784	0.173229	0.060991	0.873148	17.022000
0.700000	15.590000	0.627108	0.159578	0.053050	0.873148	17.022000
0.700000	15.960000	0.632773	0.159144	0.053927	0.873148	17.022000
0.700000	16.330000	0.645655	0.178328	0.063049	0.873148	17.022000
0.700000	16.690000	0.644045	0.168849	0.060839	0.873148	17.022000
0.700000	17.060000	0.678026	0.158054	0.051448	0.873148	17.022000
0.700000	17.430000	0.682115	0.156951	0.051201	0.873148	17.022000
0.700000	17.800000	0.720230	0.136572	0.039380	0.873148	17.022000
0.700000	18.160000	0.709438	0.150171	0.050053	0.873148	17.022000
0.700000	18.530000	0.707369	0.139643	0.046706	0.873148	17.022000
0.700000	18.900000	0.730052	0.127982	0.040362	0.873148	17.022000
0.700000	19.270000	0.723179	0.134889	0.041905	0.873148	17.022000
0.700000	19.630000	0.719927	0.147940	0.048523	0.873148	17.022000
0.700000	20.000000	0.730482	0.144136	0.045312	0.873148	17.022000
0.700000	20.370000	0.765818	0.124687	0.035369	0.873148	17.022000
0.700000	20.730000	0.764077	0.133764	0.038452	0.873148	17.022000
0.700000	21.100000	0.773646	0.110784	0.027338	0.873148	17.022000
0.700000	21.470000	0.759001	0.138284	0.040377	0.873148	17.022000
0.700000	21.840000	0.746595	0.148726	0.047446	0.873148	17.022000
0.700000	22.200000	0.769388	0.105358	0.028807	0.873148	17.022000
0.700000	22.570000	0.778007	0.104261	0.027203	0.873148	17.022000
0.700000	22.940000	0.780258	0.089336	0.026159	0.873148	17.022000
0.700000	23.310000	0.801113	0.091276	0.024295	0.873148	17.022000
0.700000	23.670000	0.807544	0.080959	0.016663	0.873148	17.022000
0.700000	24.040000	0.803823	0.074986	0.016125	0.873148	17.022000
0.700000	24.410000	0.779308	0.100150	0.029532	0.873148	17.022000
0.700000	24.780000	0.796219	0.074720	0.022202	0.873148	17.022000
0.700000	25.140000	0.795785	0.090210	0.026721	0.873148	17.022000
0.700000	25.510000	0.790931	0.101271	0.030372	0.873148	17.022000
0.700000	25.880000	0.789233	0.115154	0.029723	0.873148	17.022000
0.700000	26.240000	0.803624	0.067910	0.016332	0.873148	17.022000
0.700000	26.610000	0.822867	0.049810	0.011049	0.873148	17.022000
0.700000	26.980000	0.801520	0.075299	0.021656	0.873148	17.022000
0.700000	27.350000	0.784001	0.093500	0.030226	0.873148	17.022000
0.700000	27.710000	0.804798	0.080800	0.018491	0.873148	17.022000
0.700000	28.080000	0.775919	0.097807	0.024440	0.873148	17.022000
0.700000	28.450000	0.791429	0.088140	0.021280	0.873148	17.022000
0.700000	28.820000	0.800489	0.072153	0.016179	0.873148	17.022000
0.700000	29.180000	0.780872	0.118286	0.027999	0.873148	17.022000
0.700000	29.550000	0.774876	0.109975	0.025386	0.873148	17.022000
0.700000	29.920000	0.788462	0.083174	0.018904	0.873148	17.022000
0.730000	2.000000	0.000000	0.000000	0.000000	0.878148	17.214000
0.730000	2.370000	0.000000	0.000000	0.000000	0.878148	17.214000
0.730000	2.730000	0.000000	0.000000	0.000000	0.878148	17.214000
0.730000	3.100000	0.010457	0.000000	0.000000	0.878148	17.214000
0.730000	3.470000	0.000000	0.000000	0.000000	0.878148	17.214000
0.730000	3.840000	0.010491	0.000000	0.000000	0.878148	17.214000
0.730000	4.200000	0.010634	0.000143	0.000004	0.878148	17.214000
0.730000	4.570000	0.010777	0.000286	0.000015	0.878148	17.214000
0.730000	4.940000	0.010634	0.000143	0.000004	0.878148	17.214000
0.730000	5.310000	0.010921	0.000143	0.000004	0.878148	17.214000
0.730000	5.670000	0.005874	0.000430	0.000031	0.878148	17.214000
0.730000	6.040000	0.016245	0.000348	0.000012	0.878148	17.214000
0.730000	6.410000	0.016533	0.000416	0.000017	0.878148	17.214000
0.730000	6.780000	0.022270	0.000399	0.000016	0.878148	17.214000
0.730000	7.140000	0.046698	0.005749	0.001897	0.878148	17.214000
0.730000	7.510000	0.047693	0.009283	0.003870	0.878148	17.214000
0.730000	7.880000	0.050535	0.016023	0.009214	0.878148	17.214000
0.730000	8.240000	0.079164	0.027598	0.016916	0.878148	17.214000
0.730000	8.610000	0.094915	0.043480	0.026565	0.878148	17.214000
0.730000	8.980000	0.105719	0.061241	0.042542	0.878148	17.214000
0.730000	9.350000	0.124435	0.077421	0.054629	0.878148	17.214000
0.730000	9.710000	0.145056	0.093993	0.065170	0.878148	17.214000
0.730000	10.080000	0.182679	0.117843	0.077155	0.878148	17.214000
0.730000	10.450000	0.217941	0.130954	0.080916	0.878148	17.214000
0.730000	10.820000	0.262037	0.154533	0.097008	0.878148	17.214000
0.730000	11.180000	0.304563	0.171836	0.105451	0.878148	17.214000
0.730000	11.550000	0.375515	0.192473	0.102432	0.878148	17.214000
0.730000	11.920000	0.409687	0.199889	0.104956	0.878148	17.214000
0.730000	12.290000	0.461405	0.203100	0.098533	0.878148	17.214000
0.730000	12.650000	0.504645	0.192830	0.082815	0.878148	17.214000
0.730000	13.020000	0.535337	0.204430	0.085116	0.878148	17.214000
0.730000	13.390000	0.547058	0.200404	0.080981	0.878148	17.214000
0.730000	13.760000	0.577885	0.191160	0.075958	0.878148	17.214000
0.730000	14.120000	0.605902	0.169662	0.065505	0.878148	17.214000
0.730000	14.490000	0.609341	0.179790	0.067139	0.878148	17.214000
0.730000	14.860000	0.634052	0.166546	0.058773	0.878148	17.214000
0.730000	15.220000	0.657304	0.171858	0.056232	0.878148	17.214000
0.730000	15.590000	0.636362	0.174788	0.064464	0.878148	17.214000
0.730000	15.960000	0.662220	0.174458	0.056562	0.878148	17.214000
0.730000	16.330000	0.662966	0.183201	0.066065	0.878148	17.214000
0.730000	16.690000	0.682660	0.163191	0.053186	0.878148	17.214000
0.730000	17.060000	0.706749	0.144718	0.044019	0.878148	17.214000
0.730000	17.430000	0.723384	0.149394	0.037208	0.878148	17.214000
0.730000	17.800000	0.728422	0.149968	0.042614	0.878148	17.214000
0.730000	18.160000	0.722235	0.148254	0.044224	0.878148	17.214000
0.730000	18.530000	0.742301	0.124880	0.032996	0.878148	17.214000
0.730000	18.900000	0.757373	0.121464	0.030159	0.878148	17.214000
0.730000	19.270000	0.758600	0.127754	0.030373	0.878148	17.214000
0.730000	19.630000	0.776268	0.107301	0.024506	0.878148	17.214000
0.730000	20.000000	0.770062	0.110618	0.036174	0.878148	17.214000
0.730000	20.370000	0.781097	0.098613	0.028963	0.878148	17.214000
0.730000	20.730000	0.806915	0.072213	0.014421	0.878148	17.214000
0.730000	21.100000	0.816362	0.068400	0.013585	0.878148	17.214000
0.730000	21.470000	0.804837	0.100201	0.025843	0.878148	17.214000
0.730000	21.840000	0.811147	0.086718	0.026140	0.878148	17.214000
0.730000	22.200000	0.812196	0.103986	0.025618	0.878148	17.214000
0.730000	22.570000	0.814654	0.095186	0.025335	0.878148	17.214000
0.730000	22.940000	0.820218	0.106918	0.024247	0.878148	17.214000
0.730000	23.310000	0.827026	0.085018	0.019461	0.878148	17.214000
0.730000	23.670000	0.829708	0.073129	0.014724	0.878148	17.214000
0.730000	24.040000	0.827465	0.070413	0.015400	0.878148	17.214000
0.730000	24.410000	0.848476	0.062982	0.012930	0.878148	17.214000
0.730000	24.780000	0.839269	0.100393	0.021410	0.878148	17.214000
0.730000	25.140000	0.814298	0.111947	0.027820	0.878148	17.214000
0.730000	25.510000	0.819303	0.073148	0.019398	0.878148	17.214000
0.730000	25.880000	0.827469	0.066936	0.016822	0.878148	17.214000
0.730000	26.240000	0.803464	0.088092	0.023447	0.878148	17.214000
0.730000	26.610000	0.820372	0.067281	0.018393	0.878148	17.214000
0.730000	26.980000	0.829583	0.073040	0.018827	0.878148	17.214000
0.730000	27.350000	0.835276	0.065126	0.012349	0.878148	17.214000
0.730000	27.710000	0.838067	0.067780	0.012651	0.878148	17.214000
0.730000	28.080000	0.831666	0.074098	0.011963	0.878148	17.214000
0.730000	28.450000	0.814208	0.082298	0.016888	0.878148	17.214000
0.730000	28.820000	0.796686	0.100012	0.027632	0.878148	17.214000
0.730000	29.180000	0.784632	0.090129	0.022682	0.878148	17.214000
0.730000	29.550000	0.802064	0.094145	0.026055	0.878148	17.214000
0.730000	29.920000	0.845663	0.051987	0.007907	0.878148	17.214000
0.760000	2.000000	0.000000	0.000000	0.000000	0.908148	17.379000
0.760000	2.370000	0.000000	0.000000	0.000000	0.908148	17.379000
0.760000	2.730000	0.000000	0.000000	0.000000	0.908148	17.379000
0.760000	3.100000	0.000000	0.000000	0.000000	0.908148	17.379000
0.760000	3.470000	0.000000	0.000000	0.000000	0.908148	17.379000
0.760000	3.840000	0.000000	0.000000	0.000000	0.908148	17.379000
0.760000	4.200000	0.000000	0.000000	0.000000	0.908148	17.379000
0.760000	4.570000	0.000000	0.000000	0.000000	0.908148	17.379000
0.760000	4.940000	0.005325	0.000000	0.000000	0.908148	17.379000
0.760000	5.310000	0.005424	0.000099	0.000002	0.908148	17.379000
0.760000	5.670000	0.010394	0.000000	0.000000	0.908148	17.379000
0.760000	6.040000	0.015895	0.000099	0.000002	0.908148	17.379000
0.760000	6.410000	0.017377	0.000099	0.000002	0.908148	17.379000
0.760000	6.780000	0.005809	0.000000	0.000000	0.908148	17.379000
0.760000	7.140000	0.037358	0.000653	0.000027	0.908148	17.379000
0.760000	7.510000	0.054324	0.013600	0.007390	0.908148	17.379000
0.760000	7.880000	0.072519	0.024235	0.014969	0.908148	17.379000
0.760000	8.240000	0.080573	0.036074	0.022274	0.908148	17.379000
0.760000	8.610000	0.093533	0.043244	0.024312	0.908148	17.379000
0.760000	8.980000	0.116459	0.069616	0.045972	0.908148	17.379000
0.760000	9.350000	0.121967	0.077385	0.053099	0.908148	17.379000
0.760000	9.710000	0.147556	0.096800	0.066980	0.908148	17.379000
0.760000	10.080000	0.181495	0.115093	0.076813	0.908148	17.379000
0.760000	10.450000	0.207617	0.138441	0.094405	0.908148	17.379000
0.760000	10.820000	0.260309	0.157201	0.099421	0.908148	17.379000
0.760000	11.180000	0.297718	0.184147	0.117015	0.908148	17.379000
0.760000	11.550000	0.382204	0.189299	0.099305	0.908148	17.379000
0.760000	11.920000	0.410033	0.196190	0.097709	0.908148	17.379000
0.760000	12.290000	0.442909	0.204143	0.097320	0.908148	17.379000
0.760000	12.650000	0.488559	0.204538	0.095366	0.908148	17.379000
0.760000	13.020000	0.502102	0.207629	0.090593	0.908148	17.379000
0.760000	13.390000	0.518937	0.211296	0.093428	0.908148	17.379000
0.760000	13.760000	0.528628	0.200480	0.086615	0.908148	17.379000
0.760000	14.120000	0.544255	0.199061	0.085771	0.908148	17.379000
0.760000	14.490000	0.572680	0.195526	0.077454	0.908148	17.379000
0.760000	14.860000	0.580797	0.211640	0.081196	0.908148	17.379000
0.760000	15.220000	0.608526	0.196092	0.068460	0.908148	17.379000
0.760000	15.590000	0.627233	0.178859	0.061134	0.908148	17.379000
0.760000	15.960000	0.651614	0.169908	0.056521	0.908148	17.379000
0.760000	16.330000	0.658205	0.172315	0.059134	0.908148	17.379000
0.760000	16.690000	0.667965	0.168195	0.057591	0.908148	17.379000
0.760000	17.060000	0.689771	0.156666	0.048472	0.908148	17.379000
0.760000	17.430000	0.695450	0.148208	0.046714	0.908148	17.379000
0.760000	17.800000	0.713645	0.143353	0.049145	0.908148	17.379000
0.760000	18.160000	0.730316	0.131355	0.038547	0.908148	17.379000
0.760000	18.530000	0.727889	0.138288	0.043926	0.908148	17.379000
0.760000	18.900000	0.735222	0.137097	0.041536	0.908148	17.379000
0.760000	19.270000	0.729680	0.133413	0.040954	0.908148	17.379000
0.760000	19.630000	0.745553	0.136927	0.038791	0.908148	17.379000
0.760000	20.000000	0.762643	0.121636	0.030413	0.908148	17.379000
0.760000	20.370000	0.761176	0.111756	0.031389	0.908148	17.379000
0.760000	20.730000	0.784405	0.097940	0.024524	0.908148	17.379000
0.760000	21.100000	0.788272	0.090487	0.023239	0.908148	17.379000
0.760000	21.470000	0.770904	0.123696	0.036390	0.908148	17.379000
0.760000	21.840000	0.777544	0.100193	0.027816	0.908148	17.379000
0.760000	22.200000	0.793173	0.083013	0.023452	0.908148	17.379000
0.760000	22.570000	0.747652	0.119177	0.037823	0.908148	17.379000
0.760000	22.940000	0.751665	0.122430	0.038868	0.908148	17.379000
0.760000	23.310000	0.775169	0.080265	0.022822	0.908148	17.379000
0.760000	23.670000	0.777637	0.087230	0.025365	0.908148	17.379000
0.760000	24.040000	0.769080	0.103206	0.037389	0.908148	17.379000
0.760000	24.410000	0.764278	0.126505	0.043677	0.908148	17.379000
0.760000	24.780000	0.793505	0.069432	0.020223	0.908148	17.379000
0.760000	25.140000	0.802458	0.064239	0.019619	0.908148	17.379000
0.760000	25.510000	0.797365	0.087206	0.022525	0.908148	17.379000
0.760000	25.880000	0.803682	0.086689	0.020846	0.908148	17.379000
0.760000	26.240000	0.805668	0.076644	0.019823	0.908148	17.379000
0.760000	26.610000	0.805542	0.067806	0.018981	0.908148	17.379000
0.760000	26.980000	0.800997	0.090378	0.025988	0.908148	17.379000
0.760000	27.350000	0.822308	0.057353	0.014080	0.908148	17.379000
0.760000	27.710000	0.815515	0.076772	0.017944	0.908148	17.379000
0.760000	28.080000	0.791204	0.104683	0.029606	0.908148	17.379000
0.760000	28.450000	0.804652	0.080346	0.019580	0.908148	17.379000
0.760000	28.820000	0.777610	0.099272	0.029838	0.908148	17.379000
0.760000	29.180000	0.756154	0.122311	0.032422	0.908148	17.379000
0.760000	29.550000	0.789266	0.102662	0.025617	0.908148	17.379000
0.760000	29.920000	0.812212	0.073964	0.012768	0.908148	17.379000
0.790000	2.000000	0.000000	0.000000	0.000000	0.937593	17.586000
0.790000	2.370000	0.000000	0.000000	0.000000	0.937593	17.586000
0.790000	2.730000	0.000000	0.000000	0.000000	0.937593	17.586000
0.790000	3.100000	0.000000	0.000000	0.000000	0.937593	17.586000
0.790000	3.470000	0.000000	0.000000	0.000000	0.937593	17.586000
0.790000	3.840000	0.000000	0.000000	0.000000	0.937593	17.586000
0.790000	4.200000	0.000000	0.000000	0.000000	0.937593	17.586000
0.790000	4.570000	0.000000	0.000000	0.000000	0.937593	17.586000
0.790000	4.940000	0.000000	0.000000	0.000000	0.937593	17.586000
0.790000	5.310000	0.000000	0.000000	0.000000	0.937593	17.586000
0.790000	5.670000	0.000000	0.000000	0.000000	0.937593	17.586000
0.790000	6.040000	0.013347	0.000000	0.000000	0.937593	17.586000
0.790000	6.410000	0.022004	0.000000	0.000000	0.937593	17.586000
0.790000	6.780000	0.015771	0.000000	0.000000	0.937593	17.586000
0.790000	7.140000	0.016418	0.000209	0.000004	0.937593	17.586000
0.790000	7.510000	0.044881	0.009008	0.003429	0.937593	17.586000
0.790000	7.880000	0.069558	0.023106	0.011911	0.937593	17.586000
0.790000	8.240000	0.079028	0.025705	0.015258	0.937593	17.586000
0.790000	8.610000	0.093047	0.045789	0.026889	0.937593	17.586000
0.790000	8.980000	0.104078	0.055144	0.032255	0.937593	17.586000
0.790000	9.350000	0.142928	0.083025	0.050328	0.937593	17.586000
0.790000	9.710000	0.169144	0.101024	0.062688	0.937593	17.586000
0.790000	10.080000	0.182566	0.111792	0.071566	0.937593	17.586000
0.790000	10.450000	0.228277	0.129097	0.076483	0.937593	17.586000
0.790000	10.820000	0.269350	0.151174	0.088170	0.937593	17.586000
0.790000	11.180000	0.314874	0.166496	0.091412	0.937593	17.586000
0.790000	11.550000	0.357261	0.183437	0.100249	0.937593	17.586000
0.790000	11.920000	0.402142	0.188671	0.096643	0.937593	17.586000
0.790000	12.290000	0.443448	0.178256	0.081994	0.937593	17.586000
0.790000	12.650000	0.465363	0.188167	0.080848	0.937593	17.586000
0.790000	13.020000	0.506267	0.192887	0.078243	0.937593	17.586000
0.790000	13.390000	0.535673	0.188625	0.069144	0.937593	17.586000
0.790000	13.760000	0.573282	0.194243	0.071849	0.937593	17.586000
0.790000	14.120000	0.568971	0.191541	0.076151	0.937593	17.586000
0.790000	14.490000	0.574700	0.202969	0.074984	0.937593	17.586000
0.790000	14.860000	0.589471	0.210196	0.077408	0.937593	17.586000
0.790000	15.220000	0.640915	0.163737	0.054082	0.937593	17.586000
0.790000	15.590000	0.636853	0.168843	0.060401	0.937593	17.586000
0.790000	15.960000	0.647163	0.165906	0.057686	0.937593	17.586000
0.790000	16.330000	0.659541	0.163134	0.054709	0.937593	17.586000
0.790000	16.690000	0.676255	0.157635	0.051028	0.937593	17.586000
0.790000	17.060000	0.682961	0.177369	0.054423	0.937593	17.586000
0.790000	17.430000	0.675346	0.174246	0.058293	0.937593	17.586000
0.790000	17.800000	0.712335	0.141819	0.041694	0.937593	17.586000
0.790000	18.160000	0.740591	0.120011	0.031176	0.937593	17.586000
0.790000	18.530000	0.758630	0.127437	0.031574	0.937593	17.586000
0.790000	18.900000	0.762300	0.107219	0.028582	0.937593	17.586000
0.790000	19.270000	0.777640	0.115995	0.029797	0.937593	17.586000
0.790000	19.630000	0.770944	0.090466	0.024337	0.937593	17.586000
0.790000	20.000000	0.774715	0.095433	0.027440	0.937593	17.586000
0.790000	20.370000	0.772203	0.105907	0.032867	0.937593	17.586000
0.790000	20.730000	0.770845	0.094464	0.027830	0.937593	17.586000
0.790000	21.100000	0.796582	0.085264	0.023648	0.937593	17.586000
0.790000	21.470000	0.800222	0.085735	0.022576	0.937593	17.586000
0.790000	21.840000	0.756085	0.124235	0.037802	0.937593	17.586000
0.790000	22.200000	0.762620	0.096921	0.030817	0.937593	17.586000
0.790000	22.570000	0.802829	0.064151	0.018651	0.937593	17.586000
0.790000	22.940000	0.807936	0.069932	0.018887	0.937593	17.586000
0.790000	23.310000	0.805171	0.080982	0.022054	0.937593	17.586000
0.790000	23.670000	0.808674	0.091010	0.026116	0.937593	17.586000
0.790000	24.040000	0.820510	0.057152	0.015848	0.937593	17.586000
0.790000	24.410000	0.780988	0.119988	0.034442	0.937593	17.586000
0.790000	24.780000	0.809702	0.096703	0.025250	0.937593	17.586000
0.790000	25.140000	0.815971	0.075958	0.022077	0.937593	17.586000
0.790000	25.510000	0.811924	0.069380	0.019832	0.937593	17.586000
0.790000	25.880000	0.823550	0.075072	0.017243	0.937593	17.586000
0.790000	26.240000	0.831196	0.066855	0.017226	0.937593	17.586000
0.790000	26.610000	0.816674	0.064022	0.017616	0.937593	17.586000
0.790000	26.980000	0.789284	0.092370	0.024552	0.937593	17.586000
0.790000	27.350000	0.816700	0.079259	0.017803	0.937593	17.586000
0.790000	27.710000	0.816185	0.081918	0.019212	0.937593	17.586000
0.790000	28.080000	0.827516	0.077408	0.019652	0.937593	17.586000
0.790000	28.450000	0.823425	0.070950	0.016976	0.937593	17.586000
0.790000	28.820000	0.831600	0.062309	0.012406	0.937593	17.586000
0.790000	29.180000	0.814390	0.067266	0.015083	0.937593	17.586000
0.790000	29.550000	0.800770	0.092677	0.021184	0.937593	17.586000
0.790000	29.920000	0.821308	0.082217	0.011562	0.937593	17.586000
0.810000	2.000000	0.000000	0.000000	0.000000	0.942593	17.767000
0.810000	2.370000	0.000000	0.000000	0.000000	0.942593	17.767000
0.810000	2.730000	0.000000	0.000000	0.000000	0.942593	17.767000
0.810000	3.100000	0.000000	0.000000	0.000000	0.942593	17.767000
0.810000	3.470000	0.000000	0.000000	0.000000	0.942593	17.767000
0.810000	3.840000	0.000000	0.000000	0.000000	0.942593	17.767000
0.810000	4.200000	0.000000	0.000000	0.000000	0.942593	17.767000
0.810000	4.570000	0.000000	0.000000	0.000000	0.942593	17.767000
0.810000	4.940000	0.000000	0.000000	0.000000	0.942593	17.767000
0.810000	5.310000	0.010699	0.000000	0.000000	0.942593	17.767000
0.810000	5.670000	0.011106	0.000000	0.000000	0.942593	17.767000
0.810000	6.040000	0.016026	0.000117	0.000003	0.942593	17.767000
0.810000	6.410000	0.022028	0.000351	0.000022	0.942593	17.767000
0.810000	6.780000	0.037293	0.001166	0.000120	0.942593	17.767000
0.810000	7.140000	0.040089	0.007447	0.003722	0.942593	17.767000
0.810000	7.510000	0.057956	0.013594	0.008030	0.942593	17.767000
0.810000	7.880000	0.075802	0.022906	0.013956	0.942593	17.767000
0.810000	8.240000	0.096114	0.035758	0.018856	0.942593	17.767000
0.810000	8.610000	0.097944	0.048439	0.033310	0.942593	17.767000
0.810000	8.980000	0.115126	0.070926	0.048682	0.942593	17.767000
0.810000	9.350000	0.144150	0.082384	0.049361	0.942593	17.767000
0.810000	9.710000	0.168936	0.096813	0.056678	0.942593	17.767000
0.810000	10.080000	0.214806	0.125503	0.076576	0.942593	17.767000
0.810000	10.450000	0.263636	0.159780	0.099890	0.942593	17.767000
0.810000	10.820000	0.304277	0.172827	0.104832	0.942593	17.767000
0.810000	11.180000	0.354079	0.184749	0.100710	0.942593	17.767000
0.810000	11.550000	0.391396	0.192234	0.101502	0.942593	17.767000
0.810000	11.920000	0.459523	0.195465	0.088391	0.942593	17.767000
0.810000	12.290000	0.493246	0.190021	0.082881	0.942593	17.767000
0.810000	12.650000	0.508265	0.198739	0.087785	0.942593	17.767000
0.810000	13.020000	0.517473	0.203159	0.083917	0.942593	17.767000
0.810000	13.390000	0.558209	0.200673	0.075919	0.942593	17.767000
0.810000	13.760000	0.563390	0.191224	0.073557	0.942593	17.767000
0.810000	14.120000	0.570704	0.184024	0.071065	0.942593	17.767000
0.810000	14.490000	0.606192	0.180997	0.065222	0.942593	17.767000
0.810000	14.860000	0.614441	0.191990	0.071390	0.942593	17.767000
0.810000	15.220000	0.648196	0.182899	0.066920	0.942593	17.767000
0.810000	15.590000	0.657234	0.181276	0.063868	0.942593	17.767000
0.810000	15.960000	0.667044	0.165198	0.056320	0.942593	17.767000
0.810000	16.330000	0.670795	0.184272	0.063828	0.942593	17.767000
0.810000	16.690000	0.694112	0.180330	0.054304	0.942593	17.767000
0.810000	17.060000	0.721053	0.138162	0.038134	0.942593	17.767000
0.810000	17.430000	0.731024	0.131359	0.035962	0.942593	17.767000
0.810000	17.800000	0.730736	0.137160	0.040245	0.942593	17.767000
0.810000	18.160000	0.730671	0.121707	0.038065	0.942593	17.767000
0.810000	18.530000	0.748770	0.114703	0.029099	0.942593	17.767000
0.810000	18.900000	0.771965	0.078776	0.021684	0.942593	17.767000
0.810000	19.270000	0.745007	0.122940	0.036523	0.942593	17.767000
0.810000	19.630000	0.754902	0.118362	0.036067	0.942593	17.767000
0.810000	20.000000	0.788906	0.086061	0.022829	0.942593	17.767000
0.810000	20.370000	0.789466	0.087888	0.023685	0.942593	17.767000
0.810000	20.730000	0.792690	0.088417	0.025838	0.942593	17.767000
0.810000	21.100000	0.808938	0.079130	0.019535	0.942593	17.767000
0.810000	21.470000	0.815709	0.077057	0.018779	0.942593	17.767000
0.810000	21.840000	0.830732	0.055343	0.013990	0.942593	17.767000
0.810000	22.200000	0.827676	0.067540	0.017004	0.942593	17.767000
0.810000	22.570000	0.790765	0.077340	0.025433	0.942593	17.767000
0.810000	22.940000	0.804648	0.069904	0.021117	0.942593	17.767000
0.810000	23.310000	0.824221	0.060298	0.015868	0.942593	17.767000
0.810000	23.670000	0.820815	0.079413	0.020814	0.942593	17.767000
0.810000	24.040000	0.833851	0.062391	0.014470	0.942593	17.767000
0.810000	24.410000	0.830554	0.064839	0.015370	0.942593	17.767000
0.810000	24.780000	0.842550	0.037042	0.011182	0.942593	17.767000
0.810000	25.140000	0.840931	0.058597	0.013942	0.942593	17.767000
0.810000	25.510000	0.831154	0.047206	0.014060	0.942593	17.767000
0.810000	25.880000	0.843382	0.037910	0.011224	0.942593	17.767000
0.810000	26.240000	0.848085	0.034949	0.010927	0.942593	17.767000
0.810000	26.610000	0.842333	0.045171	0.014037	0.942593	17.767000
0.810000	26.980000	0.838270	0.051459	0.014711	0.942593	17.767000
0.810000	27.350000	0.838306	0.048175	0.011399	0.942593	17.767000
0.810000	27.710000	0.832024	0.056243	0.013811	0.942593	17.767000
0.810000	28.080000	0.827119	0.059247	0.016639	0.942593	17.767000
0.810000	28.450000	0.830072	0.055318	0.014447	0.942593	17.767000
0.810000	28.820000	0.824820	0.054738	0.014451	0.942593	17.767000
0.810000	29.180000	0.825185	0.066664	0.014315	0.942593	17.767000
0.810000	29.550000	0.841013	0.045341	0.006873	0.942593	17.767000
0.810000	29.920000	0.842310	0.039719	0.006816	0.942593	17.767000
0.840000	2.000000	0.000000	0.000000	0.000000	0.952963	18.033000
0.840000	2.370000	0.000000	0.000000	0.000000	0.952963	18.033000
0.840000	2.730000	0.000000	0.000000	0.000000	0.952963	18.033000
0.840000	3.100000	0.000000	0.000000	0.000000	0.952963	18.033000
0.840000	3.470000	0.005068	0.000000	0.000000	0.952963	18.033000
0.840000	3.840000	0.005068	0.000000	0.000000	0.952963	18.033000
0.840000	4.200000	0.000000	0.000000	0.000000	0.952963	18.033000
0.840000	4.570000	0.000000	0.000000	0.000000	0.952963	18.033000
0.840000	4.940000	0.000000	0.000000	0.000000	0.952963	18.033000
0.840000	5.310000	0.000000	0.000000	0.000000	0.952963	18.033000
0.840000	5.670000	0.000000	0.000000	0.000000	0.952963	18.033000
0.840000	6.040000	0.010716	0.000000	0.000000	0.952963	18.033000
0.840000	6.410000	0.015576	0.000000	0.000000	0.952963	18.033000
0.840000	6.780000	0.035441	0.000000	0.000000	0.952963	18.033000
0.840000	7.140000	0.043418	0.000690	0.000076	0.952963	18.033000
0.840000	7.510000	0.070339	0.008820	0.004720	0.952963	18.033000
0.840000	7.880000	0.069984	0.017399	0.010116	0.952963	18.033000
0.840000	8.240000	0.069493	0.021033	0.011096	0.952963	18.033000
0.840000	8.610000	0.093613	0.048843	0.031734	0.952963	18.033000
0.840000	8.980000	0.101091	0.057718	0.040819	0.952963	18.033000
0.840000	9.350000	0.128476	0.086627	0.064075	0.952963	18.033000
0.840000	9.710000	0.153946	0.105508	0.074294	0.952963	18.033000
0.840000	10.080000	0.192756	0.123175	0.080293	0.952963	18.033000
0.840000	10.450000	0.256856	0.159526	0.102338	0.952963	18.033000
0.840000	10.820000	0.294141	0.182700	0.115664	0.952963	18.033000
0.840000	11.180000	0.360535	0.184283	0.101587	0.952963	18.033000
0.840000	11.550000	0.392242	0.188495	0.106207	0.952963	18.033000
0.840000	11.920000	0.430506	0.211765	0.109227	0.952963	18.033000
0.840000	12.290000	0.447722	0.206027	0.102795	0.952963	18.033000
0.840000	12.650000	0.484542	0.211606	0.097887	0.952963	18.033000
0.840000	13.020000	0.517410	0.218091	0.094620	0.952963	18.033000
0.840000	13.390000	0.552490	0.206930	0.084536	0.952963	18.033000
0.840000	13.760000	0.590561	0.194366	0.075654	0.952963	18.033000
0.840000	14.120000	0.597644	0.208638	0.080437	0.952963	18.033000
0.840000	14.490000	0.577804	0.206843	0.088182	0.952963	18.033000
0.840000	14.860000	0.619969	0.215277	0.082943	0.952963	18.033000
0.840000	15.220000	0.619562	0.214250	0.083216	0.952963	18.033000
0.840000	15.590000	0.661864	0.202158	0.068777	0.952963	18.033000
0.840000	15.960000	0.664485	0.180396	0.063365	0.952963	18.033000
0.840000	16.330000	0.662148	0.179971	0.065981	0.952963	18.033000
0.840000	16.690000	0.688036	0.161541	0.055122	0.952963	18.033000
0.840000	17.060000	0.714432	0.138839	0.044402	0.952963	18.033000
0.840000	17.430000	0.712834	0.155158	0.047140	0.952963	18.033000
0.840000	17.800000	0.723124	0.158310	0.054999	0.952963	18.033000
0.840000	18.160000	0.737643	0.154633	0.049509	0.952963	18.033000
0.840000	18.530000	0.756464	0.122764	0.039393	0.952963	18.033000
0.840000	18.900000	0.764519	0.117002	0.039827	0.952963	18.033000
0.840000	19.270000	0.755067	0.153073	0.049974	0.952963	18.033000
0.840000	19.630000	0.755538	0.132145	0.048952	0.952963	18.033000
0.840000	20.000000	0.780553	0.091391	0.030981	0.952963	18.033000
0.840000	20.370000	0.776773	0.105639	0.035558	0.952963	18.033000
0.840000	20.730000	0.786483	0.094301	0.032543	0.952963	18.033000
0.840000	21.100000	0.795237	0.106049	0.031246	0.952963	18.033000
0.840000	21.470000	0.804947	0.086393	0.028839	0.952963	18.033000
0.840000	21.840000	0.800610	0.085235	0.028020	0.952963	18.033000
0.840000	22.200000	0.794964	0.088263	0.030603	0.952963	18.033000
0.840000	22.570000	0.787282	0.100256	0.035592	0.952963	18.033000
0.840000	22.940000	0.793118	0.083524	0.035535	0.952963	18.033000
0.840000	23.310000	0.811196	0.073772	0.032309	0.952963	18.033000
0.840000	23.670000	0.812823	0.074384	0.030875	0.952963	18.033000
0.840000	24.040000	0.809842	0.081686	0.028901	0.952963	18.033000
0.840000	24.410000	0.813341	0.078627	0.028815	0.952963	18.033000
0.840000	24.780000	0.809846	0.073126	0.031375	0.952963	18.033000
0.840000	25.140000	0.814629	0.075364	0.029013	0.952963	18.033000
0.840000	25.510000	0.831532	0.045072	0.013354	0.952963	18.033000
0.840000	25.880000	0.822281	0.070609	0.018243	0.952963	18.033000
0.840000	26.240000	0.819825	0.060415	0.015600	0.952963	18.033000
0.840000	26.610000	0.838843	0.042216	0.012108	0.952963	18.033000
0.840000	26.980000	0.839753	0.055952	0.012881	0.952963	18.033000
0.840000	27.350000	0.833381	0.052809	0.013219	0.952963	18.033000
0.840000	27.710000	0.833865	0.056778	0.009427	0.952963	18.033000
0.840000	28.080000	0.831354	0.061188	0.016288	0.952963	18.033000
0.840000	28.450000	0.831176	0.045555	0.012696	0.952963	18.033000
0.840000	28.820000	0.825361	0.051874	0.014682	0.952963	18.033000
0.840000	29.180000	0.839261	0.040518	0.005326	0.952963	18.033000
0.840000	29.550000	0.824529	0.056820	0.009084	0.952963	18.033000
0.840000	29.920000	0.840607	0.039934	0.006355	0.952963	18.033000
0.870000	2.000000	0.000000	0.000000	0.000000	0.977593	18.156000
0.870000	2.370000	0.000000	0.000000	0.000000	0.977593	18.156000
0.870000	2.730000	0.000000	0.000000	0.000000	0.977593	18.156000
0.870000	3.100000	0.000000	0.000000	0.000000	0.977593	18.156000
0.870000	3.470000	0.000000	0.000000	0.000000	0.977593	18.156000
0.870000	3.840000	0.000000	0.000000	0.000000	0.977593	18.156000
0.870000	4.200000	0.000000	0.000000	0.000000	0.977593	18.156000
0.870000	4.570000	0.000000	0.000000	0.000000	0.977593	18.156000
0.870000	4.940000	0.000000	0.000000	0.000000	0.977593	18.156000
0.870000	5.310000	0.005410	0.000000	0.000000	0.977593	18.156000
0.870000	5.670000	0.000000	0.000000	0.000000	0.977593	18.156000
0.870000	6.040000	0.010400	0.000000	0.000000	0.977593	18.156000
0.870000	6.410000	0.021603	0.000000	0.000000	0.977593	18.156000
0.870000	6.780000	0.029249	0.001449	0.000307	0.977593	18.156000
0.870000	7.140000	0.034578	0.001738	0.000162	0.977593	18.156000
0.870000	7.510000	0.075431	0.012418	0.003495	0.977593	18.156000
0.870000	7.880000	0.069236	0.016048	0.005387	0.977593	18.156000
0.870000	8.240000	0.089242	0.034037	0.017407	0.977593	18.156000
0.870000	8.610000	0.105188	0.052570	0.031433	0.977593	18.156000
0.870000	8.980000	0.121007	0.071877	0.045549	0.977593	18.156000
0.870000	9.350000	0.147958	0.086282	0.051293	0.977593	18.156000
0.870000	9.710000	0.164648	0.108249	0.073443	0.977593	18.156000
0.870000	10.080000	0.209121	0.130805	0.084027	0.977593	18.156000
0.870000	10.450000	0.248210	0.157363	0.101649	0.977593	18.156000
0.870000	10.820000	0.288430	0.178628	0.116388	0.977593	18.156000
0.870000	11.180000	0.370174	0.201329	0.120242	0.977593	18.156000
0.870000	11.550000	0.404362	0.199576	0.105868	0.977593	18.156000
0.870000	11.920000	0.444574	0.206871	0.104545	0.977593	18.156000
0.870000	12.290000	0.479229	0.217583	0.105054	0.977593	18.156000
0.870000	12.650000	0.498037	0.206105	0.093558	0.977593	18.156000
0.870000	13.020000	0.534029	0.206491	0.088995	0.977593	18.156000
0.870000	13.390000	0.571381	0.194896	0.077496	0.977593	18.156000
0.870000	13.760000	0.576994	0.197539	0.076586	0.977593	18.156000
0.870000	14.120000	0.588912	0.198416	0.080573	0.977593	18.156000
0.870000	14.490000	0.572969	0.217469	0.088325	0.977593	18.156000
0.870000	14.860000	0.602016	0.212503	0.082099	0.977593	18.156000
0.870000	15.220000	0.605603	0.198611	0.082625	0.977593	18.156000
0.870000	15.590000	0.626895	0.169300	0.068478	0.977593	18.156000
0.870000	15.960000	0.641846	0.211792	0.082041	0.977593	18.156000
0.870000	16.330000	0.652350	0.198076	0.081176	0.977593	18.156000
0.870000	16.690000	0.685542	0.165091	0.066378	0.977593	18.156000
0.870000	17.060000	0.691293	0.172881	0.063753	0.977593	18.156000
0.870000	17.430000	0.694800	0.147799	0.062857	0.977593	18.156000
0.870000	17.800000	0.699197	0.175261	0.066139	0.977593	18.156000
0.870000	18.160000	0.679338	0.193596	0.078498	0.977593	18.156000
0.870000	18.530000	0.720295	0.159831	0.062125	0.977593	18.156000
0.870000	18.900000	0.726339	0.172483	0.067185	0.977593	18.156000
0.870000	19.270000	0.759073	0.139979	0.049222	0.977593	18.156000
0.870000	19.630000	0.725509	0.158778	0.064193	0.977593	18.156000
0.870000	20.000000	0.740804	0.134358	0.058897	0.977593	18.156000
0.870000	20.370000	0.760600	0.122904	0.052245	0.977593	18.156000
0.870000	20.730000	0.774082	0.130254	0.046562	0.977593	18.156000
0.870000	21.100000	0.760523	0.132007	0.057865	0.977593	18.156000
0.870000	21.470000	0.786995	0.113747	0.044026	0.977593	18.156000
0.870000	21.840000	0.771512	0.136617	0.054801	0.977593	18.156000
0.870000	22.200000	0.772125	0.135791	0.057049	0.977593	18.156000
0.870000	22.570000	0.796681	0.094501	0.032067	0.977593	18.156000
0.870000	22.940000	0.764965	0.101781	0.046303	0.977593	18.156000
0.870000	23.310000	0.762443	0.105521	0.047493	0.977593	18.156000
0.870000	23.670000	0.790464	0.107448	0.048976	0.977593	18.156000
0.870000	24.040000	0.773268	0.136185	0.063804	0.977593	18.156000
0.870000	24.410000	0.770341	0.132250	0.057598	0.977593	18.156000
0.870000	24.780000	0.780343	0.108893	0.050348	0.977593	18.156000
0.870000	25.140000	0.796984	0.111267	0.043020	0.977593	18.156000
0.870000	25.510000	0.815111	0.085668	0.024777	0.977593	18.156000
0.870000	25.880000	0.814099	0.069135	0.027603	0.977593	18.156000
0.870000	26.240000	0.820309	0.078921	0.026571	0.977593	18.156000
0.870000	26.610000	0.777621	0.101748	0.033879	0.977593	18.156000
0.870000	26.980000	0.804668	0.063520	0.019398	0.977593	18.156000
0.870000	27.350000	0.792667	0.080382	0.033493	0.977593	18.156000
0.870000	27.710000	0.805118	0.073681	0.026451	0.977593	18.156000
0.870000	28.080000	0.792859	0.078515	0.029527	0.977593	18.156000
0.870000	28.450000	0.803523	0.065284	0.029176	0.977593	18.156000
0.870000	28.820000	0.816779	0.079336	0.022960	0.977593	18.156000
0.870000	29.180000	0.807886	0.098286	0.034481	0.977593	18.156000
0.870000	29.550000	0.807148	0.061615	0.018570	0.977593	18.156000
0.870000	29.920000	0.812223	0.063665	0.010567	0.977593	18.156000
0.900000	2.000000	0.000000	0.000000	0.000000	0.977778	18.358000
0.900000	2.370000	0.000000	0.000000	0.000000	0.977778	18.358000
0.900000	2.730000	0.000000	0.000000	0.000000	0.977778	18.358000
0.900000	3.100000	0.000000	0.000000	0.000000	0.977778	18.358000
0.900000	3.470000	0.000000	0.000000	0.000000	0.977778	18.358000
0.900000	3.840000	0.000000	0.000000	0.000000	0.977778	18.358000
0.900000	4.200000	0.000000	0.000000	0.000000	0.977778	18.358000
0.900000	4.570000	0.000000	0.000000	0.000000	0.977778	18.358000
0.900000	4.940000	0.005019	0.000000	0.000000	0.977778	18.358000
0.900000	5.310000	0.005204	0.000000	0.000000	0.977778	18.358000
0.900000	5.670000	0.000000	0.000000	0.000000	0.977778	18.358000
0.900000	6.040000	0.010270	0.000000	0.000000	0.977778	18.358000
0.900000	6.410000	0.005150	0.000094	0.000002	0.977778	18.358000
0.900000	6.780000	0.023506	0.003551	0.001312	0.977778	18.358000
0.900000	7.140000	0.038783	0.005931	0.001994	0.977778	18.358000
0.900000	7.510000	0.063316	0.018028	0.009572	0.977778	18.358000
0.900000	7.880000	0.078664	0.033167	0.019227	0.977778	18.358000
0.900000	8.240000	0.094371	0.044383	0.025600	0.977778	18.358000
0.900000	8.610000	0.100320	0.052824	0.032951	0.977778	18.358000
0.900000	8.980000	0.123352	0.076604	0.053041	0.977778	18.358000
0.900000	9.350000	0.145190	0.088255	0.055057	0.977778	18.358000
0.900000	9.710000	0.164129	0.108007	0.073433	0.977778	18.358000
0.900000	10.080000	0.204309	0.141327	0.099717	0.977778	18.358000
0.900000	10.450000	0.259782	0.170541	0.113478	0.977778	18.358000
0.900000	10.820000	0.309555	0.188234	0.117250	0.977778	18.358000
0.900000	11.180000	0.362951	0.198641	0.114641	0.977778	18.358000
0.900000	11.550000	0.437392	0.194111	0.100042	0.977778	18.358000
0.900000	11.920000	0.471727	0.208915	0.105346	0.977778	18.358000
0.900000	12.290000	0.506962	0.211822	0.097330	0.977778	18.358000
0.900000	12.650000	0.526647	0.222367	0.097920	0.977778	18.358000
0.900000	13.020000	0.543870	0.224431	0.099713	0.977778	18.358000
0.900000	13.390000	0.580094	0.217920	0.088905	0.977778	18.358000
0.900000	13.760000	0.609559	0.211102	0.079821	0.977778	18.358000
0.900000	14.120000	0.631826	0.202786	0.077094	0.977778	18.358000
0.900000	14.490000	0.673202	0.146920	0.059887	0.977778	18.358000
0.900000	14.860000	0.690199	0.160613	0.060672	0.977778	18.358000
0.900000	15.220000	0.693409	0.168413	0.060806	0.977778	18.358000
0.900000	15.590000	0.705413	0.168260	0.063440	0.977778	18.358000
0.900000	15.960000	0.727131	0.145337	0.054889	0.977778	18.358000
0.900000	16.330000	0.721442	0.156273	0.060424	0.977778	18.358000
0.900000	16.690000	0.745921	0.166485	0.057620	0.977778	18.358000
0.900000	17.060000	0.758833	0.137976	0.049867	0.977778	18.358000
0.900000	17.430000	0.743983	0.153743	0.062268	0.977778	18.358000
0.900000	17.800000	0.755195	0.138890	0.056961	0.977778	18.358000
0.900000	18.160000	0.765103	0.135950	0.053553	0.977778	18.358000
0.900000	18.530000	0.763943	0.137486	0.058767	0.977778	18.358000
0.900000	18.900000	0.788511	0.106411	0.042952	0.977778	18.358000
0.900000	19.270000	0.781403	0.107276	0.046613	0.977778	18.358000
0.900000	19.630000	0.775107	0.128117	0.054359	0.977778	18.358000
0.900000	20.000000	0.779268	0.117466	0.051659	0.977778	18.358000
0.900000	20.370000	0.797485	0.095207	0.041961	0.977778	18.358000
0.900000	20.730000	0.787821	0.116291	0.050284	0.977778	18.358000
0.900000	21.100000	0.774033	0.120845	0.057267	0.977778	18.358000
0.900000	21.470000	0.781259	0.104698	0.050315	0.977778	18.358000
0.900000	21.840000	0.803085	0.096454	0.040177	0.977778	18.358000
0.900000	22.200000	0.812562	0.091371	0.038002	0.977778	18.358000
0.900000	22.570000	0.792246	0.117969	0.047671	0.977778	18.358000
0.900000	22.940000	0.795451	0.115414	0.047401	0.977778	18.358000
0.900000	23.310000	0.801177	0.087879	0.039488	0.977778	18.358000
0.900000	23.670000	0.812468	0.095833	0.033781	0.977778	18.358000
0.900000	24.040000	0.820827	0.093170	0.029172	0.977778	18.358000
0.900000	24.410000	0.818451	0.081607	0.032789	0.977778	18.358000
0.900000	24.780000	0.817652	0.094607	0.035659	0.977778	18.358000
0.900000	25.140000	0.804904	0.117398	0.043152	0.977778	18.358000
0.900000	25.510000	0.821267	0.088159	0.026971	0.977778	18.358000
0.900000	25.880000	0.819664	0.082448	0.026375	0.977778	18.358000
0.900000	26.240000	0.819294	0.079906	0.025662	0.977778	18.358000
0.900000	26.610000	0.831467	0.059489	0.018942	0.977778	18.358000
0.900000	26.980000	0.836352	0.055360	0.015850	0.977778	18.358000
0.900000	27.350000	0.831279	0.080148	0.020078	0.977778	18.358000
0.900000	27.710000	0.831348	0.073342	0.017260	0.977778	18.358000
0.900000	28.080000	0.816041	0.088760	0.021917	0.977778	18.358000
0.900000	28.450000	0.816727	0.074215	0.023043	0.977778	18.358000
0.900000	28.820000	0.823004	0.070096	0.021649	0.977778	18.358000
0.900000	29.180000	0.826088	0.074230	0.019103	0.977778	18.358000
0.900000	29.550000	0.826298	0.083532	0.022239	0.977778	18.358000
0.900000	29.920000	0.836397	0.056878	0.012231	0.977778	18.358000
0.930000	2.000000	0.000000	0.000000	0.000000	0.977778	18.569000
0.930000	2.370000	0.000000	0.000000	0.000000	0.977778	18.569000
0.930000	2.730000	0.000000	0.000000	0.000000	0.977778	18.569000
0.930000	3.100000	0.000000	0.000000	0.000000	0.977778	18.569000
0.930000	3.470000	0.000000	0.000000	0.000000	0.977778	18.569000
0.930000	3.840000	0.000000	0.000000	0.000000	0.977778	18.569000
0.930000	4.200000	0.000000	0.000000	0.000000	0.977778	18.569000
0.930000	4.570000	0.000000	0.000000	0.000000	0.977778	18.569000
0.930000	4.940000	0.000000	0.000000	0.000000	0.977778	18.569000
0.930000	5.310000	0.000000	0.000000	0.000000	0.977778	18.569000
0.930000	5.670000	0.000000	0.000000	0.000000	0.977778	18.569000
0.930000	6.040000	0.000000	0.000000	0.000000	0.977778	18.569000
0.930000	6.410000	0.005019	0.000000	0.000000	0.977778	18.569000
0.930000	6.780000	0.021956	0.000000	0.000000	0.977778	18.569000
0.930000	7.140000	0.035849	0.003558	0.000758	0.977778	18.569000
0.930000	7.510000	0.050690	0.006017	0.001038	0.977778	18.569000
0.930000	7.880000	0.076531	0.024769	0.011893	0.977778	18.569000
0.930000	8.240000	0.090061	0.039478	0.024686	0.977778	18.569000
0.930000	8.610000	0.096713	0.054916	0.038769	0.977778	18.569000
0.930000	8.980000	0.113815	0.075461	0.056326	0.977778	18.569000
0.930000	9.350000	0.146579	0.099420	0.071963	0.977778	18.569000
0.930000	9.710000	0.174385	0.128477	0.098201	0.977778	18.569000
0.930000	10.080000	0.237886	0.154081	0.102438	0.977778	18.569000
0.930000	10.450000	0.283409	0.180414	0.119635	0.977778	18.569000
0.930000	10.820000	0.343173	0.193610	0.115073	0.977778	18.569000
0.930000	11.180000	0.411459	0.207707	0.112002	0.977778	18.569000
0.930000	11.550000	0.458395	0.212202	0.107867	0.977778	18.569000
0.930000	11.920000	0.497407	0.214310	0.103470	0.977778	18.569000
0.930000	12.290000	0.535308	0.233312	0.107512	0.977778	18.569000
0.930000	12.650000	0.594831	0.200928	0.073129	0.977778	18.569000
0.930000	13.020000	0.647980	0.181835	0.057803	0.977778	18.569000
0.930000	13.390000	0.632307	0.197891	0.073153	0.977778	18.569000
0.930000	13.760000	0.666111	0.202597	0.072475	0.977778	18.569000
0.930000	14.120000	0.710434	0.184878	0.059215	0.977778	18.569000
0.930000	14.490000	0.712009	0.147438	0.049892	0.977778	18.569000
0.930000	14.860000	0.732874	0.131056	0.045885	0.977778	18.569000
0.930000	15.220000	0.747324	0.137745	0.045523	0.977778	18.569000
0.930000	15.590000	0.763776	0.135998	0.044598	0.977778	18.569000
0.930000	15.960000	0.773505	0.124536	0.040035	0.977778	18.569000
0.930000	16.330000	0.784425	0.112266	0.033951	0.977778	18.569000
0.930000	16.690000	0.791146	0.102566	0.032246	0.977778	18.569000
0.930000	17.060000	0.791340	0.098950	0.033329	0.977778	18.569000
0.930000	17.430000	0.804233	0.095675	0.033367	0.977778	18.569000
0.930000	17.800000	0.818681	0.075798	0.026639	0.977778	18.569000
0.930000	18.160000	0.824873	0.065959	0.026348	0.977778	18.569000
0.930000	18.530000	0.821214	0.087817	0.033074	0.977778	18.569000
0.930000	18.900000	0.823075	0.086052	0.032623	0.977778	18.569000
0.930000	19.270000	0.817733	0.085773	0.031498	0.977778	18.569000
0.930000	19.630000	0.820769	0.066897	0.028783	0.977778	18.569000
0.930000	20.000000	0.817325	0.093515	0.035418	0.977778	18.569000
0.930000	20.370000	0.810721	0.091473	0.038905	0.977778	18.569000
0.930000	20.730000	0.813168	0.092457	0.041329	0.977778	18.569000
0.930000	21.100000	0.832450	0.060273	0.025550	0.977778	18.569000
0.930000	21.470000	0.830548	0.061803	0.027753	0.977778	18.569000
0.930000	21.840000	0.846492	0.056497	0.020759	0.977778	18.569000
0.930000	22.200000	0.836909	0.061809	0.026021	0.977778	18.569000
0.930000	22.570000	0.841710	0.056117	0.022217	0.977778	18.569000
0.930000	22.940000	0.838443	0.075148	0.026748	0.977778	18.569000
0.930000	23.310000	0.832135	0.080218	0.030741	0.977778	18.569000
0.930000	23.670000	0.839929	0.055974	0.018683	0.977778	18.569000
0.930000	24.040000	0.832794	0.077624	0.028479	0.977778	18.569000
0.930000	24.410000	0.836659	0.071996	0.024614	0.977778	18.569000
0.930000	24.780000	0.842724	0.049887	0.019500	0.977778	18.569000
0.930000	25.140000	0.847968	0.051342	0.012614	0.977778	18.569000
0.930000	25.510000	0.842234	0.059363	0.014742	0.977778	18.569000
0.930000	25.880000	0.828359	0.068280	0.024569	0.977778	18.569000
0.930000	26.240000	0.846901	0.048123	0.011177	0.977778	18.569000
0.930000	26.610000	0.843875	0.054467	0.013593	0.977778	18.569000
0.930000	26.980000	0.846660	0.062251	0.013818	0.977778	18.569000
0.930000	27.350000	0.850643	0.052402	0.011451	0.977778	18.569000
0.930000	27.710000	0.850112	0.051096	0.008637	0.977778	18.569000
0.930000	28.080000	0.838208	0.067657	0.016653	0.977778	18.569000
0.930000	28.450000	0.841124	0.058499	0.009709	0.977778	18.569000
0.930000	28.820000	0.854517	0.029363	0.005195	0.977778	18.569000
0.930000	29.180000	0.848947	0.049341	0.005914	0.977778	18.569000
0.930000	29.550000	0.840357	0.064481	0.008604	0.977778	18.569000
0.930000	29.920000	0.850077	0.045379	0.007191	0.977778	18.569000
0.960000	2.000000	0.000000	0.000000	0.000000	0.987778	18.789000
0.960000	2.370000	0.000000	0.000000	0.000000	0.987778	18.789000
0.960000	2.730000	0.000000	0.000000	0.000000	0.987778	18.789000
0.960000	3.100000	0.000000	0.000000	0.000000	0.987778	18.789000
0.960000	3.470000	0.000000	0.000000	0.000000	0.987778	18.789000
0.960000	3.840000	0.000000	0.000000	0.000000	0.987778	18.789000
0.960000	4.200000	0.005263	0.000000	0.000000	0.987778	18.789000
0.960000	4.570000	0.000000	0.000000	0.000000	0.987778	18.789000
0.960000	4.940000	0.000000	0.000000	0.000000	0.987778	18.789000
0.960000	5.310000	0.000000	0.000000	0.000000	0.987778	18.789000
0.960000	5.670000	0.005959	0.000000	0.000000	0.987778	18.789000
0.960000	6.040000	0.015896	0.000559	0.000056	0.987778	18.789000
0.960000	6.410000	0.023257	0.002329	0.000363	0.987778	18.789000
0.960000	6.780000	0.047127	0.003076	0.000895	0.987778	18.789000
0.960000	7.140000	0.055287	0.006341	0.001988	0.987778	18.789000
0.960000	7.510000	0.056682	0.010741	0.003956	0.987778	18.789000
0.960000	7.880000	0.062674	0.013531	0.004757	0.987778	18.789000
0.960000	8.240000	0.071599	0.020171	0.008587	0.987778	18.789000
0.960000	8.610000	0.090915	0.043535	0.026997	0.987778	18.789000
0.960000	8.980000	0.118026	0.071530	0.047944	0.987778	18.789000
0.960000	9.350000	0.154797	0.112693	0.089151	0.987778	18.789000
0.960000	9.710000	0.211910	0.152626	0.112000	0.987778	18.789000
0.960000	10.080000	0.243728	0.165063	0.114165	0.987778	18.789000
0.960000	10.450000	0.314522	0.196241	0.124172	0.987778	18.789000
0.960000	10.820000	0.370221	0.215884	0.129017	0.987778	18.789000
0.960000	11.180000	0.434740	0.213325	0.111370	0.987778	18.789000
0.960000	11.550000	0.497175	0.188609	0.086556	0.987778	18.789000
0.960000	11.920000	0.570776	0.187397	0.074615	0.987778	18.789000
0.960000	12.290000	0.603974	0.188197	0.074691	0.987778	18.789000
0.960000	12.650000	0.671566	0.156126	0.048656	0.987778	18.789000
0.960000	13.020000	0.692638	0.174627	0.054275	0.987778	18.789000
0.960000	13.390000	0.706824	0.163477	0.052152	0.987778	18.789000
0.960000	13.760000	0.717680	0.159551	0.049473	0.987778	18.789000
0.960000	14.120000	0.718176	0.155065	0.051888	0.987778	18.789000
0.960000	14.490000	0.740873	0.137885	0.046647	0.987778	18.789000
0.960000	14.860000	0.758611	0.124573	0.037186	0.987778	18.789000
0.960000	15.220000	0.779530	0.125338	0.033023	0.987778	18.789000
0.960000	15.590000	0.763621	0.159151	0.051431	0.987778	18.789000
0.960000	15.960000	0.772073	0.146723	0.047885	0.987778	18.789000
0.960000	16.330000	0.797518	0.118124	0.040465	0.987778	18.789000
0.960000	16.690000	0.797729	0.113650	0.039464	0.987778	18.789000
0.960000	17.060000	0.808596	0.101724	0.031932	0.987778	18.789000
0.960000	17.430000	0.817861	0.096536	0.025887	0.987778	18.789000
0.960000	17.800000	0.822416	0.106512	0.033849	0.987778	18.789000
0.960000	18.160000	0.827914	0.098751	0.032375	0.987778	18.789000
0.960000	18.530000	0.847963	0.069563	0.017120	0.987778	18.789000
0.960000	18.900000	0.832249	0.078944	0.025903	0.987778	18.789000
0.960000	19.270000	0.804679	0.112949	0.045057	0.987778	18.789000
0.960000	19.630000	0.841029	0.085835	0.022238	0.987778	18.789000
0.960000	20.000000	0.843719	0.072048	0.019671	0.987778	18.789000
0.960000	20.370000	0.847856	0.070231	0.018112	0.987778	18.789000
0.960000	20.730000	0.853316	0.067379	0.017477	0.987778	18.789000
0.960000	21.100000	0.849947	0.074791	0.021808	0.987778	18.789000
0.960000	21.470000	0.853470	0.070439	0.020400	0.987778	18.789000
0.960000	21.840000	0.832503	0.081820	0.030012	0.987778	18.789000
0.960000	22.200000	0.853743	0.063976	0.016962	0.987778	18.789000
0.960000	22.570000	0.845335	0.070985	0.018545	0.987778	18.789000
0.960000	22.940000	0.834058	0.065083	0.023598	0.987778	18.789000
0.960000	23.310000	0.835417	0.071934	0.024168	0.987778	18.789000
0.960000	23.670000	0.838328	0.081163	0.023742	0.987778	18.789000
0.960000	24.040000	0.847032	0.087733	0.018868	0.987778	18.789000
0.960000	24.410000	0.845740	0.088558	0.020368	0.987778	18.789000
0.960000	24.780000	0.850724	0.064086	0.013264	0.987778	18.789000
0.960000	25.140000	0.852557	0.064865	0.014008	0.987778	18.789000
0.960000	25.510000	0.848737	0.069874	0.017813	0.987778	18.789000
0.960000	25.880000	0.853093	0.067743	0.016174	0.987778	18.789000
0.960000	26.240000	0.832301	0.072327	0.018257	0.987778	18.789000
0.960000	26.610000	0.848081	0.048965	0.008877	0.987778	18.789000
0.960000	26.980000	0.848939	0.070039	0.014099	0.987778	18.789000
0.960000	27.350000	0.850273	0.050960	0.011267	0.987778	18.789000
0.960000	27.710000	0.810403	0.104622	0.033022	0.987778	18.789000
0.960000	28.080000	0.843700	0.065373	0.015109	0.987778	18.789000
0.960000	28.450000	0.842645	0.047149	0.008563	0.987778	18.789000
0.960000	28.820000	0.845417	0.055512	0.008323	0.987778	18.789000
0.960000	29.180000	0.848796	0.060730	0.009578	0.987778	18.789000
0.960000	29.550000	0.851518	0.047099	0.005126	0.987778	18.789000
0.960000	29.920000	0.845365	0.044577	0.006761	0.987778	18.789000
0.990000	2.000000	0.000000	0.000000	0.000000	0.987963	18.991000
0.990000	2.370000	0.000000	0.000000	0.000000	0.987963	18.991000
0.990000	2.730000	0.000000	0.000000	0.000000	0.987963	18.991000
0.990000	3.100000	0.000000	0.000000	0.000000	0.987963	18.991000
0.990000	3.470000	0.000000	0.000000	0.000000	0.987963	18.991000
0.990000	3.840000	0.000000	0.000000	0.000000	0.987963	18.991000
0.990000	4.200000	0.000000	0.000000	0.000000	0.987963	18.991000
0.990000	4.570000	0.000000	0.000000	0.000000	0.987963	18.991000
0.990000	4.940000	0.000000	0.000000	0.000000	0.987963	18.991000
0.990000	5.310000	0.000000	0.000000	0.000000	0.987963	18.991000
0.990000	5.670000	0.000000	0.000000	0.000000	0.987963	18.991000
0.990000	6.040000	0.005028	0.000000	0.000000	0.987963	18.991000
0.990000	6.410000	0.005028	0.000000	0.000000	0.987963	18.991000
0.990000	6.780000	0.020917	0.000000	0.000000	0.987963	18.991000
0.990000	7.140000	0.037693	0.001979	0.000218	0.987963	18.991000
0.990000	7.510000	0.044974	0.004946	0.002149	0.987963	18.991000
0.990000	7.880000	0.072636	0.022430	0.011376	0.987963	18.991000
0.990000	8.240000	0.084311	0.030726	0.017195	0.987963	18.991000
0.990000	8.610000	0.095698	0.056703	0.043980	0.987963	18.991000
0.990000	8.980000	0.116717	0.073933	0.052399	0.987963	18.991000
0.990000	9.350000	0.154459	0.110906	0.084348	0.987963	18.991000
0.990000	9.710000	0.192277	0.137966	0.102273	0.987963	18.991000
0.990000	10.080000	0.236348	0.158939	0.110961	0.987963	18.991000
0.990000	10.450000	0.306455	0.194322	0.129958	0.987963	18.991000
0.990000	10.820000	0.373463	0.224126	0.138802	0.987963	18.991000
0.990000	11.180000	0.466987	0.210043	0.101167	0.987963	18.991000
0.990000	11.550000	0.552738	0.199706	0.080882	0.987963	18.991000
0.990000	11.920000	0.579274	0.208257	0.084107	0.987963	18.991000
0.990000	12.290000	0.644782	0.188234	0.066471	0.987963	18.991000
0.990000	12.650000	0.695425	0.154494	0.046085	0.987963	18.991000
0.990000	13.020000	0.724546	0.156859	0.045975	0.987963	18.991000
0.990000	13.390000	0.742296	0.148933	0.040286	0.987963	18.991000
0.990000	13.760000	0.736771	0.142053	0.042807	0.987963	18.991000
0.990000	14.120000	0.761455	0.134631	0.040630	0.987963	18.991000
0.990000	14.490000	0.775491	0.116675	0.035223	0.987963	18.991000
0.990000	14.860000	0.798740	0.117740	0.030795	0.987963	18.991000
0.990000	15.220000	0.804247	0.117159	0.033510	0.987963	18.991000
0.990000	15.590000	0.826012	0.085609	0.019925	0.987963	18.991000
0.990000	15.960000	0.841018	0.068783	0.012861	0.987963	18.991000
0.990000	16.330000	0.843144	0.075850	0.014879	0.987963	18.991000
0.990000	16.690000	0.840808	0.067340	0.017403	0.987963	18.991000
0.990000	17.060000	0.837422	0.080978	0.023965	0.987963	18.991000
0.990000	17.430000	0.846548	0.075793	0.018398	0.987963	18.991000
0.990000	17.800000	0.841855	0.075073	0.024735	0.987963	18.991000
0.990000	18.160000	0.849650	0.060845	0.018072	0.987963	18.991000
0.990000	18.530000	0.850094	0.057835	0.019050	0.987963	18.991000
0.990000	18.900000	0.856905	0.055974	0.012030	0.987963	18.991000
0.990000	19.270000	0.861684	0.055850	0.011659	0.987963	18.991000
0.990000	19.630000	0.858601	0.055184	0.015067	0.987963	18.991000
0.990000	20.000000	0.866487	0.045643	0.010095	0.987963	18.991000
0.990000	20.370000	0.851074	0.070092	0.021115	0.987963	18.991000
0.990000	20.730000	0.855663	0.062659	0.018901	0.987963	18.991000
0.990000	21.100000	0.858932	0.062697	0.016694	0.987963	18.991000
0.990000	21.470000	0.869148	0.041794	0.008132	0.987963	18.991000
0.990000	21.840000	0.873175	0.035589	0.006376	0.987963	18.991000
0.990000	22.200000	0.873217	0.037035	0.007663	0.987963	18.991000
0.990000	22.570000	0.873554	0.034922	0.006036	0.987963	18.991000
0.990000	22.940000	0.859507	0.054530	0.017950	0.987963	18.991000
0.990000	23.310000	0.868921	0.045188	0.010679	0.987963	18.991000
0.990000	23.670000	0.864527	0.054188	0.011797	0.987963	18.991000
0.990000	24.040000	0.828640	0.086732	0.039541	0.987963	18.991000
0.990000	24.410000	0.839212	0.071225	0.023794	0.987963	18.991000
0.990000	24.780000	0.850585	0.065444	0.014150	0.987963	18.991000
0.990000	25.140000	0.860268	0.047837	0.008887	0.987963	18.991000
0.990000	25.510000	0.863978	0.056602	0.012369	0.987963	18.991000
0.990000	25.880000	0.857375	0.056088	0.010468	0.987963	18.991000
0.990000	26.240000	0.848557	0.063237	0.012485	0.987963	18.991000
0.990000	26.610000	0.848418	0.056265	0.010649	0.987963	18.991000
0.990000	26.980000	0.849765	0.055950	0.011979	0.987963	18.991000
0.990000	27.350000	0.841961	0.054608	0.011309	0.987963	18.991000
0.990000	27.710000	0.848541	0.040682	0.004571	0.987963	18.991000
0.990000	28.080000	0.848942	0.051520	0.010393	0.987963	18.991000
0.990000	28.450000	0.853421	0.066276	0.013866	0.987963	18.991000
0.990000	28.820000	0.849650	0.045476	0.008104	0.987963	18.991000
0.990000	29.180000	0.865565	0.036028	0.003909	0.987963	18.991000
0.990000	29.550000	0.856631	0.038201	0.005114	0.987963	18.991000
0.990000	29.920000	0.820152	0.072525	0.014008	0.987963	18.991000
1.010000	2.000000	0.000000	0.000000	0.000000	0.993148	19.195000
1.010000	2.370000	0.000000	0.000000	0.000000	0.993148	19.195000
1.010000	2.730000	0.000000	0.000000	0.000000	0.993148	19.195000
1.010000	3.100000	0.000000	0.000000	0.000000	0.993148	19.195000
1.010000	3.470000	0.005056	0.000000	0.000000	0.993148	19.195000
1.010000	3.840000	0.000000	0.000000	0.000000	0.993148	19.195000
1.010000	4.200000	0.000000	0.000000	0.000000	0.993148	19.195000
1.010000	4.570000	0.000000	0.000000	0.000000	0.993148	19.195000
1.010000	4.940000	0.000000	0.000000	0.000000	0.993148	19.195000
1.010000	5.310000	0.000000	0.000000	0.000000	0.993148	19.195000
1.010000	5.670000	0.000000	0.000000	0.000000	0.993148	19.195000
1.010000	6.040000	0.005243	0.000000	0.000000	0.993148	19.195000
1.010000	6.410000	0.005618	0.000000	0.000000	0.993148	19.195000
1.010000	6.780000	0.010354	0.000094	0.000002	0.993148	19.195000
1.010000	7.140000	0.031186	0.000153	0.000005	0.993148	19.195000
1.010000	7.510000	0.045771	0.002830	0.000771	0.993148	19.195000
1.010000	7.880000	0.069169	0.008876	0.002069	0.993148	19.195000
1.010000	8.240000	0.070727	0.022594	0.011244	0.993148	19.195000
1.010000	8.610000	0.096220	0.049912	0.028732	0.993148	19.195000
1.010000	8.980000	0.101737	0.063856	0.044186	0.993148	19.195000
1.010000	9.350000	0.139989	0.103075	0.079349	0.993148	19.195000
1.010000	9.710000	0.203916	0.145695	0.106170	0.993148	19.195000
1.010000	10.080000	0.263530	0.177573	0.128722	0.993148	19.195000
1.010000	10.450000	0.343589	0.207648	0.131070	0.993148	19.195000
1.010000	10.820000	0.438985	0.208359	0.114105	0.993148	19.195000
1.010000	11.180000	0.502706	0.198676	0.097578	0.993148	19.195000
1.010000	11.550000	0.539070	0.207950	0.092158	0.993148	19.195000
1.010000	11.920000	0.612435	0.179900	0.072212	0.993148	19.195000
1.010000	12.290000	0.663343	0.164339	0.055063	0.993148	19.195000
1.010000	12.650000	0.689514	0.156886	0.047820	0.993148	19.195000
1.010000	13.020000	0.715894	0.157462	0.047845	0.993148	19.195000
1.010000	13.390000	0.733212	0.148988	0.045804	0.993148	19.195000
1.010000	13.760000	0.764440	0.131848	0.036214	0.993148	19.195000
1.010000	14.120000	0.766577	0.143180	0.039301	0.993148	19.195000
1.010000	14.490000	0.803954	0.119531	0.028573	0.993148	19.195000
1.010000	14.860000	0.809580	0.102250	0.030838	0.993148	19.195000
1.010000	15.220000	0.815995	0.090658	0.026417	0.993148	19.195000
1.010000	15.590000	0.824513	0.093966	0.023989	0.993148	19.195000
1.010000	15.960000	0.818908	0.096732	0.027038	0.993148	19.195000
1.010000	16.330000	0.825597	0.077212	0.021148	0.993148	19.195000
1.010000	16.690000	0.812908	0.104697	0.035339	0.993148	19.195000
1.010000	17.060000	0.828291	0.099117	0.029415	0.993148	19.195000
1.010000	17.430000	0.827930	0.098669	0.031149	0.993148	19.195000
1.010000	17.800000	0.841883	0.080620	0.022781	0.993148	19.195000
1.010000	18.160000	0.840248	0.081021	0.026263	0.993148	19.195000
1.010000	18.530000	0.843533	0.074878	0.021844	0.993148	19.195000
1.010000	18.900000	0.844613	0.074281	0.020212	0.993148	19.195000
1.010000	19.270000	0.841260	0.077994	0.024041	0.993148	19.195000
1.010000	19.630000	0.839016	0.084117	0.030320	0.993148	19.195000
1.010000	20.000000	0.840143	0.078722	0.030219	0.993148	19.195000
1.010000	20.370000	0.841438	0.083839	0.027275	0.993148	19.195000
1.010000	20.730000	0.842866	0.082028	0.027374	0.993148	19.195000
1.010000	21.100000	0.856320	0.065645	0.016696	0.993148	19.195000
1.010000	21.470000	0.853707	0.069397	0.018729	0.993148	19.195000
1.010000	21.840000	0.858709	0.060578	0.015139	0.993148	19.195000
1.010000	22.200000	0.864574	0.051724	0.010226	0.993148	19.195000
1.010000	22.570000	0.854255	0.080688	0.019518	0.993148	19.195000
1.010000	22.940000	0.837674	0.093471	0.029430	0.993148	19.195000
1.010000	23.310000	0.839890	0.091600	0.027782	0.993148	19.195000
1.010000	23.670000	0.837187	0.094426	0.032635	0.993148	19.195000
1.010000	24.040000	0.861393	0.063507	0.014621	0.993148	19.195000
1.010000	24.410000	0.865027	0.055714	0.011942	0.993148	19.195000
1.010000	24.780000	0.852753	0.069283	0.016196	0.993148	19.195000
1.010000	25.140000	0.848007	0.073507	0.014290	0.993148	19.195000
1.010000	25.510000	0.862754	0.071597	0.014547	0.993148	19.195000
1.010000	25.880000	0.856644	0.074962	0.017198	0.993148	19.195000
1.010000	26.240000	0.842504	0.081554	0.017513	0.993148	19.195000
1.010000	26.610000	0.849422	0.073407	0.015670	0.993148	19.195000
1.010000	26.980000	0.844686	0.079377	0.021571	0.993148	19.195000
1.010000	27.350000	0.852560	0.062743	0.010547	0.993148	19.195000
1.010000	27.710000	0.864850	0.041205	0.005798	0.993148	19.195000
1.010000	28.080000	0.852285	0.052882	0.008217	0.993148	19.195000
1.010000	28.450000	0.852976	0.065856	0.013582	0.993148	19.195000
1.010000	28.820000	0.847407	0.066657	0.013223	0.993148	19.195000
1.010000	29.180000	0.857161	0.056239	0.008182	0.993148	19.195000
1.010000	29.550000	0.851051	0.064465	0.012783	0.993148	19.195000
1.010000	29.920000	0.852539	0.055044	0.007305	0.993148	19.195000
1.040000	2.000000	0.000000	0.000000	0.000000	0.993704	19.395000
1.040000	2.370000	0.000000	0.000000	0.000000	0.993704	19.395000
1.040000	2.730000	0.000000	0.000000	0.000000	0.993704	19.395000
1.040000	3.100000	0.000000	0.000000	0.000000	0.993704	19.395000
1.040000	3.470000	0.000000	0.000000	0.000000	0.993704	19.395000
1.040000	3.840000	0.000000	0.000000	0.000000	0.993704	19.395000
1.040000	4.200000	0.000000	0.000000	0.000000	0.993704	19.395000
1.040000	4.570000	0.000000	0.000000	0.000000	0.993704	19.395000
1.040000	4.940000	0.005019	0.000000	0.000000	0.993704	19.395000
1.040000	5.310000	0.000000	0.000000	0.000000	0.993704	19.395000
1.040000	5.670000	0.000000	0.000000	0.000000	0.993704	19.395000
1.040000	6.040000	0.005056	0.000000	0.000000	0.993704	19.395000
1.040000	6.410000	0.020178	0.000000	0.000000	0.993704	19.395000
1.040000	6.780000	0.010622	0.000234	0.000010	0.993704	19.395000
1.040000	7.140000	0.037515	0.001206	0.000189	0.993704	19.395000
1.040000	7.510000	0.046315	0.007434	0.003777	0.993704	19.395000
1.040000	7.880000	0.075889	0.025793	0.017367	0.993704	19.395000
1.040000	8.240000	0.090724	0.041440	0.026517	0.993704	19.395000
1.040000	8.610000	0.113308	0.073858	0.053222	0.993704	19.395000
1.040000	8.980000	0.137679	0.095393	0.070846	0.993704	19.395000
1.040000	9.350000	0.162888	0.120373	0.092562	0.993704	19.395000
1.040000	9.710000	0.219991	0.158286	0.116685	0.993704	19.395000
1.040000	10.080000	0.280045	0.181467	0.121253	0.993704	19.395000
1.040000	10.450000	0.341586	0.198921	0.122712	0.993704	19.395000
1.040000	10.820000	0.425673	0.221305	0.124178	0.993704	19.395000
1.040000	11.180000	0.506767	0.210019	0.101330	0.993704	19.395000
1.040000	11.550000	0.593519	0.195793	0.076442	0.993704	19.395000
1.040000	11.920000	0.628824	0.178688	0.066741	0.993704	19.395000
1.040000	12.290000	0.660118	0.169296	0.058763	0.993704	19.395000
1.040000	12.650000	0.694634	0.157861	0.048629	0.993704	19.395000
1.040000	13.020000	0.732800	0.150033	0.044928	0.993704	19.395000
1.040000	13.390000	0.762668	0.140996	0.040340	0.993704	19.395000
1.040000	13.760000	0.790211	0.100169	0.028835	0.993704	19.395000
1.040000	14.120000	0.789884	0.121877	0.031054	0.993704	19.395000
1.040000	14.490000	0.787896	0.133680	0.040552	0.993704	19.395000
1.040000	14.860000	0.805517	0.102605	0.035788	0.993704	19.395000
1.040000	15.220000	0.810225	0.103956	0.035928	0.993704	19.395000
1.040000	15.590000	0.813964	0.097290	0.035742	0.993704	19.395000
1.040000	15.960000	0.831948	0.087400	0.024659	0.993704	19.395000
1.040000	16.330000	0.836072	0.079940	0.024578	0.993704	19.395000
1.040000	16.690000	0.828510	0.086186	0.029619	0.993704	19.395000
1.040000	17.060000	0.841563	0.076587	0.021007	0.993704	19.395000
1.040000	17.430000	0.839611	0.082955	0.025736	0.993704	19.395000
1.040000	17.800000	0.842751	0.086818	0.024253	0.993704	19.395000
1.040000	18.160000	0.835902	0.088543	0.029412	0.993704	19.395000
1.040000	18.530000	0.846335	0.075182	0.021239	0.993704	19.395000
1.040000	18.900000	0.844615	0.077853	0.023404	0.993704	19.395000
1.040000	19.270000	0.843969	0.079133	0.025603	0.993704	19.395000
1.040000	19.630000	0.851625	0.072511	0.020990	0.993704	19.395000
1.040000	20.000000	0.849418	0.076378	0.023692	0.993704	19.395000
1.040000	20.370000	0.846501	0.076313	0.024389	0.993704	19.395000
1.040000	20.730000	0.848491	0.070871	0.022101	0.993704	19.395000
1.040000	21.100000	0.845238	0.076239	0.024927	0.993704	19.395000
1.040000	21.470000	0.850735	0.072163	0.021884	0.993704	19.395000
1.040000	21.840000	0.838886	0.091750	0.030386	0.993704	19.395000
1.040000	22.200000	0.862958	0.059624	0.014722	0.993704	19.395000
1.040000	22.570000	0.854678	0.078790	0.019213	0.993704	19.395000
1.040000	22.940000	0.853405	0.080071	0.019727	0.993704	19.395000
1.040000	23.310000	0.864632	0.049453	0.012626	0.993704	19.395000
1.040000	23.670000	0.839989	0.090632	0.027844	0.993704	19.395000
1.040000	24.040000	0.851407	0.070971	0.017707	0.993704	19.395000
1.040000	24.410000	0.861695	0.060848	0.015792	0.993704	19.395000
1.040000	24.780000	0.855089	0.074752	0.018060	0.993704	19.395000
1.040000	25.140000	0.841012	0.087293	0.020356	0.993704	19.395000
1.040000	25.510000	0.859349	0.061510	0.011668	0.993704	19.395000
1.040000	25.880000	0.868678	0.042403	0.006124	0.993704	19.395000
1.040000	26.240000	0.845095	0.076857	0.016330	0.993704	19.395000
1.040000	26.610000	0.848484	0.067753	0.011406	0.993704	19.395000
1.040000	26.980000	0.850283	0.059457	0.011193	0.993704	19.395000
1.040000	27.350000	0.836478	0.092733	0.022086	0.993704	19.395000
1.040000	27.710000	0.849543	0.058426	0.009622	0.993704	19.395000
1.040000	28.080000	0.867914	0.043630	0.007733	0.993704	19.395000
1.040000	28.450000	0.859314	0.051670	0.007551	0.993704	19.395000
1.040000	28.820000	0.857938	0.058641	0.011586	0.993704	19.395000
1.040000	29.180000	0.857221	0.059680	0.010029	0.993704	19.395000
1.040000	29.550000	0.839490	0.071749	0.016379	0.993704	19.395000
1.040000	29.920000	0.855345	0.049773	0.005574	0.993704	19.395000
1.070000	2.000000	0.000000	0.000000	0.000000	0.993889	19.603000
1.070000	2.370000	0.000000	0.000000	0.000000	0.993889	19.603000
1.070000	2.730000	0.000000	0.000000	0.000000	0.993889	19.603000
1.070000	3.100000	0.000000	0.000000	0.000000	0.993889	19.603000
1.070000	3.470000	0.000000	0.000000	0.000000	0.993889	19.603000
1.070000	3.840000	0.000000	0.000000	0.000000	0.993889	19.603000
1.070000	4.200000	0.000000	0.000000	0.000000	0.993889	19.603000
1.070000	4.570000	0.000000	0.000000	0.000000	0.993889	19.603000
1.070000	4.940000	0.005009	0.000000	0.000000	0.993889	19.603000
1.070000	5.310000	0.005000	0.000000	0.000000	0.993889	19.603000
1.070000	5.670000	0.000000	0.000000	0.000000	0.993889	19.603000
1.070000	6.040000	0.000000	0.000000	0.000000	0.993889	19.603000
1.070000	6.410000	0.010047	0.000000	0.000000	0.993889	19.603000
1.070000	6.780000	0.019108	0.002517	0.000668	0.993889	19.603000
1.070000	7.140000	0.050275	0.007408	0.002499	0.993889	19.603000
1.070000	7.510000	0.064266	0.018892	0.008636	0.993889	19.603000
1.070000	7.880000	0.069993	0.025811	0.017084	0.993889	19.603000
1.070000	8.240000	0.074389	0.031460	0.020979	0.993889	19.603000
1.070000	8.610000	0.098149	0.054499	0.039176	0.993889	19.603000
1.070000	8.980000	0.137423	0.098457	0.078607	0.993889	19.603000
1.070000	9.350000	0.176261	0.131904	0.100126	0.993889	19.603000
1.070000	9.710000	0.243555	0.170347	0.122485	0.993889	19.603000
1.070000	10.080000	0.302026	0.198389	0.134289	0.993889	19.603000
1.070000	10.450000	0.367696	0.215553	0.131177	0.993889	19.603000
1.070000	10.820000	0.451407	0.234127	0.129490	0.993889	19.603000
1.070000	11.180000	0.574943	0.190863	0.080974	0.993889	19.603000
1.070000	11.550000	0.628031	0.190536	0.071253	0.993889	19.603000
1.070000	11.920000	0.680576	0.162348	0.052195	0.993889	19.603000
1.070000	12.290000	0.719097	0.134709	0.041393	0.993889	19.603000
1.070000	12.650000	0.727466	0.142849	0.040791	0.993889	19.603000
1.070000	13.020000	0.755330	0.124765	0.034044	0.993889	19.603000
1.070000	13.390000	0.775638	0.105711	0.031954	0.993889	19.603000
1.070000	13.760000	0.813248	0.089254	0.019293	0.993889	19.603000
1.070000	14.120000	0.816333	0.085968	0.021489	0.993889	19.603000
1.070000	14.490000	0.801736	0.104821	0.028888	0.993889	19.603000
1.070000	14.860000	0.807375	0.118820	0.030306	0.993889	19.603000
1.070000	15.220000	0.808494	0.108663	0.029652	0.993889	19.603000
1.070000	15.590000	0.826568	0.091857	0.027488	0.993889	19.603000
1.070000	15.960000	0.837534	0.080820	0.022034	0.993889	19.603000
1.070000	16.330000	0.857362	0.050765	0.012886	0.993889	19.603000
1.070000	16.690000	0.860239	0.048783	0.011380	0.993889	19.603000
1.070000	17.060000	0.851987	0.059217	0.020230	0.993889	19.603000
1.070000	17.430000	0.843509	0.070279	0.022774	0.993889	19.603000
1.070000	17.800000	0.851509	0.057921	0.019965	0.993889	19.603000
1.070000	18.160000	0.863351	0.051802	0.014478	0.993889	19.603000
1.070000	18.530000	0.869729	0.042259	0.009235	0.993889	19.603000
1.070000	18.900000	0.867952	0.044856	0.010620	0.993889	19.603000
1.070000	19.270000	0.870832	0.040180	0.008062	0.993889	19.603000
1.070000	19.630000	0.867123	0.046625	0.012424	0.993889	19.603000
1.070000	20.000000	0.862886	0.053847	0.016819	0.993889	19.603000
1.070000	20.370000	0.873415	0.037181	0.008330	0.993889	19.603000
1.070000	20.730000	0.876310	0.028334	0.006568	0.993889	19.603000
1.070000	21.100000	0.867623	0.046565	0.013399	0.993889	19.603000
1.070000	21.470000	0.867718	0.050155	0.014774	0.993889	19.603000
1.070000	21.840000	0.866453	0.049781	0.015354	0.993889	19.603000
1.070000	22.200000	0.864585	0.051238	0.016784	0.993889	19.603000
1.070000	22.570000	0.872831	0.042762	0.010452	0.993889	19.603000
1.070000	22.940000	0.865089	0.056859	0.017173	0.993889	19.603000
1.070000	23.310000	0.868516	0.049731	0.015225	0.993889	19.603000
1.070000	23.670000	0.873847	0.041988	0.010270	0.993889	19.603000
1.070000	24.040000	0.840472	0.091297	0.027617	0.993889	19.603000
1.070000	24.410000	0.845277	0.082440	0.022428	0.993889	19.603000
1.070000	24.780000	0.831394	0.095904	0.034869	0.993889	19.603000
1.070000	25.140000	0.850645	0.074449	0.019963	0.993889	19.603000
1.070000	25.510000	0.863702	0.069818	0.016049	0.993889	19.603000
1.070000	25.880000	0.866808	0.042720	0.008237	0.993889	19.603000
1.070000	26.240000	0.867383	0.048313	0.008449	0.993889	19.603000
1.070000	26.610000	0.861814	0.060240	0.016934	0.993889	19.603000
1.070000	26.980000	0.874222	0.037598	0.008014	0.993889	19.603000
1.070000	27.350000	0.866868	0.038856	0.007873	0.993889	19.603000
1.070000	27.710000	0.880776	0.025156	0.002162	0.993889	19.603000
1.070000	28.080000	0.873996	0.028633	0.004555	0.993889	19.603000
1.070000	28.450000	0.870849	0.041019	0.006426	0.993889	19.603000
1.070000	28.820000	0.865085	0.035469	0.004245	0.993889	19.603000
1.070000	29.180000	0.854044	0.042227	0.006821	0.993889	19.603000
1.070000	29.550000	0.871731	0.020996	0.001739	0.993889	19.603000
1.070000	29.920000	0.872195	0.028891	0.002872	0.993889	19.603000
1.100000	2.000000	0.000000	0.000000	0.000000	0.993889	19.804000
1.100000	2.370000	0.000000	0.000000	0.000000	0.993889	19.804000
1.100000	2.730000	0.000000	0.000000	0.000000	0.993889	19.804000
1.100000	3.100000	0.000000	0.000000	0.000000	0.993889	19.804000
1.100000	3.470000	0.000000	0.000000	0.000000	0.993889	19.804000
1.100000	3.840000	0.000000	0.000000	0.000000	0.993889	19.804000
1.100000	4.200000	0.000000	0.000000	0.000000	0.993889	19.804000
1.100000	4.570000	0.000000	0.000000	0.000000	0.993889	19.804000
1.100000	4.940000	0.005400	0.000000	0.000000	0.993889	19.804000
1.100000	5.310000	0.005214	0.000000	0.000000	0.993889	19.804000
1.100000	5.670000	0.010585	0.000000	0.000000	0.993889	19.804000
1.100000	6.040000	0.017300	0.001491	0.000243	0.993889	19.804000
1.100000	6.410000	0.028130	0.000185	0.000006	0.993889	19.804000
1.100000	6.780000	0.020919	0.000093	0.000002	0.993889	19.804000
1.100000	7.140000	0.031126	0.000558	0.000016	0.993889	19.804000
1.100000	7.510000	0.050728	0.004014	0.000487	0.993889	19.804000
1.100000	7.880000	0.068812	0.014081	0.004686	0.993889	19.804000
1.100000	8.240000	0.074953	0.035114	0.024243	0.993889	19.804000
1.100000	8.610000	0.094562	0.058845	0.045578	0.993889	19.804000
1.100000	8.980000	0.143387	0.084116	0.053884	0.993889	19.804000
1.100000	9.350000	0.174907	0.124728	0.093532	0.993889	19.804000
1.100000	9.710000	0.234229	0.155039	0.105505	0.993889	19.804000
1.100000	10.080000	0.299121	0.190025	0.127598	0.993889	19.804000
1.100000	10.450000	0.409657	0.205326	0.114766	0.993889	19.804000
1.100000	10.820000	0.494773	0.220152	0.112485	0.993889	19.804000
1.100000	11.180000	0.579603	0.200655	0.096848	0.993889	19.804000
1.100000	11.550000	0.659736	0.168963	0.067771	0.993889	19.804000
1.100000	11.920000	0.698514	0.159346	0.050804	0.993889	19.804000
1.100000	12.290000	0.734344	0.153538	0.042074	0.993889	19.804000
1.100000	12.650000	0.746119	0.127833	0.037768	0.993889	19.804000
1.100000	13.020000	0.763833	0.138664	0.037416	0.993889	19.804000
1.100000	13.390000	0.792458	0.104215	0.026265	0.993889	19.804000
1.100000	13.760000	0.801017	0.106494	0.026700	0.993889	19.804000
1.100000	14.120000	0.812602	0.082561	0.021443	0.993889	19.804000
1.100000	14.490000	0.814255	0.084390	0.028464	0.993889	19.804000
1.100000	14.860000	0.826077	0.077429	0.022876	0.993889	19.804000
1.100000	15.220000	0.837357	0.084427	0.020749	0.993889	19.804000
1.100000	15.590000	0.857097	0.052882	0.011861	0.993889	19.804000
1.100000	15.960000	0.858795	0.059681	0.012115	0.993889	19.804000
1.100000	16.330000	0.862183	0.046051	0.009552	0.993889	19.804000
1.100000	16.690000	0.854060	0.064786	0.018871	0.993889	19.804000
1.100000	17.060000	0.861348	0.052368	0.014666	0.993889	19.804000
1.100000	17.430000	0.850576	0.064350	0.024295	0.993889	19.804000
1.100000	17.800000	0.861592	0.053636	0.017650	0.993889	19.804000
1.100000	18.160000	0.863726	0.052864	0.016504	0.993889	19.804000
1.100000	18.530000	0.872214	0.041364	0.009576	0.993889	19.804000
1.100000	18.900000	0.868243	0.049554	0.013189	0.993889	19.804000
1.100000	19.270000	0.863807	0.052765	0.016201	0.993889	19.804000
1.100000	19.630000	0.866037	0.051791	0.016275	0.993889	19.804000
1.100000	20.000000	0.858597	0.054431	0.018861	0.993889	19.804000
1.100000	20.370000	0.860018	0.055483	0.019435	0.993889	19.804000
1.100000	20.730000	0.865129	0.052719	0.017556	0.993889	19.804000
1.100000	21.100000	0.862612	0.054318	0.018612	0.993889	19.804000
1.100000	21.470000	0.870201	0.052144	0.012572	0.993889	19.804000
1.100000	21.840000	0.860625	0.060428	0.015803	0.993889	19.804000
1.100000	22.200000	0.877209	0.047760	0.008651	0.993889	19.804000
1.100000	22.570000	0.864463	0.061728	0.016343	0.993889	19.804000
1.100000	22.940000	0.849089	0.087354	0.025326	0.993889	19.804000
1.100000	23.310000	0.869936	0.057658	0.014646	0.993889	19.804000
1.100000	23.670000	0.860067	0.058663	0.018747	0.993889	19.804000
1.100000	24.040000	0.869258	0.051115	0.013842	0.993889	19.804000
1.100000	24.410000	0.863588	0.055651	0.013089	0.993889	19.804000
1.100000	24.780000	0.876018	0.038962	0.005842	0.993889	19.804000
1.100000	25.140000	0.869885	0.044245	0.007863	0.993889	19.804000
1.100000	25.510000	0.874798	0.044103	0.007906	0.993889	19.804000
1.100000	25.880000	0.876282	0.033850	0.005969	0.993889	19.804000
1.100000	26.240000	0.872010	0.051515	0.010299	0.993889	19.804000
1.100000	26.610000	0.872268	0.049163	0.010622	0.993889	19.804000
1.100000	26.980000	0.874156	0.037129	0.004623	0.993889	19.804000
1.100000	27.350000	0.874359	0.035516	0.005384	0.993889	19.804000
1.100000	27.710000	0.864427	0.049586	0.008632	0.993889	19.804000
1.100000	28.080000	0.872921	0.041653	0.006209	0.993889	19.804000
1.100000	28.450000	0.863971	0.055405	0.009189	0.993889	19.804000
1.100000	28.820000	0.872373	0.041369	0.008238	0.993889	19.804000
1.100000	29.180000	0.879421	0.018017	0.000946	0.993889	19.804000
1.100000	29.550000	0.823739	0.102940	0.033309	0.993889	19.804000
1.100000	29.920000	0.855148	0.041863	0.015565	0.993889	19.804000
1.130000	2.000000	0.000000	0.000000	0.000000	0.993889	20.002000
1.130000	2.370000	0.000000	0.000000	0.000000	0.993889	20.002000
1.130000	2.730000	0.000000	0.000000	0.000000	0.993889	20.002000
1.130000	3.100000	0.000000	0.000000	0.000000	0.993889	20.002000
1.130000	3.470000	0.000000	0.000000	0.000000	0.993889	20.002000
1.130000	3.840000	0.000000	0.000000	0.000000	0.993889	20.002000
1.130000	4.200000	0.000000	0.000000	0.000000	0.993889	20.002000
1.130000	4.570000	0.000000	0.000000	0.000000	0.993889	20.002000
1.130000	4.940000	0.000000	0.000000	0.000000	0.993889	20.002000
1.130000	5.310000	0.000000	0.000000	0.000000	0.993889	20.002000
1.130000	5.670000	0.005047	0.000000	0.000000	0.993889	20.002000
1.130000	6.040000	0.010261	0.000000	0.000000	0.993889	20.002000
1.130000	6.410000	0.022723	0.000000	0.000000	0.993889	20.002000
1.130000	6.780000	0.046049	0.002050	0.000251	0.993889	20.002000
1.130000	7.140000	0.048993	0.003870	0.001064	0.993889	20.002000
1.130000	7.510000	0.054712	0.002357	0.000281	0.993889	20.002000
1.130000	7.880000	0.058088	0.010618	0.002574	0.993889	20.002000
1.130000	8.240000	0.071446	0.027813	0.014947	0.993889	20.002000
1.130000	8.610000	0.082353	0.042573	0.027064	0.993889	20.002000
1.130000	8.980000	0.114479	0.079709	0.061577	0.993889	20.002000
1.130000	9.350000	0.158680	0.128490	0.106746	0.993889	20.002000
1.130000	9.710000	0.208549	0.168366	0.138688	0.993889	20.002000
1.130000	10.080000	0.313760	0.211881	0.148832	0.993889	20.002000
1.130000	10.450000	0.423953	0.236127	0.140052	0.993889	20.002000
1.130000	10.820000	0.513343	0.221593	0.120538	0.993889	20.002000
1.130000	11.180000	0.591727	0.208322	0.086431	0.993889	20.002000
1.130000	11.550000	0.643753	0.192747	0.072971	0.993889	20.002000
1.130000	11.920000	0.696391	0.187564	0.058216	0.993889	20.002000
1.130000	12.290000	0.724496	0.162071	0.048324	0.993889	20.002000
1.130000	12.650000	0.765734	0.119434	0.029258	0.993889	20.002000
1.130000	13.020000	0.779527	0.113171	0.028961	0.993889	20.002000
1.130000	13.390000	0.797613	0.100757	0.025959	0.993889	20.002000
1.130000	13.760000	0.811558	0.092439	0.025655	0.993889	20.002000
1.130000	14.120000	0.826062	0.091931	0.026843	0.993889	20.002000
1.130000	14.490000	0.840958	0.072961	0.019271	0.993889	20.002000
1.130000	14.860000	0.859132	0.056933	0.008832	0.993889	20.002000
1.130000	15.220000	0.843007	0.077538	0.023789	0.993889	20.002000
1.130000	15.590000	0.850663	0.071333	0.022270	0.993889	20.002000
1.130000	15.960000	0.863739	0.048426	0.012412	0.993889	20.002000
1.130000	16.330000	0.856731	0.058229	0.018824	0.993889	20.002000
1.130000	16.690000	0.858928	0.055284	0.017112	0.993889	20.002000
1.130000	17.060000	0.857014	0.060079	0.020195	0.993889	20.002000
1.130000	17.430000	0.864240	0.053833	0.016956	0.993889	20.002000
1.130000	17.800000	0.867468	0.061070	0.015545	0.993889	20.002000
1.130000	18.160000	0.867747	0.050454	0.015090	0.993889	20.002000
1.130000	18.530000	0.867615	0.053397	0.016509	0.993889	20.002000
1.130000	18.900000	0.862948	0.054669	0.017903	0.993889	20.002000
1.130000	19.270000	0.866582	0.048760	0.014361	0.993889	20.002000
1.130000	19.630000	0.866157	0.049723	0.015114	0.993889	20.002000
1.130000	20.000000	0.873232	0.046625	0.013382	0.993889	20.002000
1.130000	20.370000	0.870466	0.048106	0.014438	0.993889	20.002000
1.130000	20.730000	0.872123	0.046310	0.012516	0.993889	20.002000
1.130000	21.100000	0.872034	0.046406	0.012773	0.993889	20.002000
1.130000	21.470000	0.869933	0.047619	0.013499	0.993889	20.002000
1.130000	21.840000	0.872138	0.046671	0.012698	0.993889	20.002000
1.130000	22.200000	0.871810	0.048423	0.014183	0.993889	20.002000
1.130000	22.570000	0.870802	0.049347	0.012706	0.993889	20.002000
1.130000	22.940000	0.874686	0.045789	0.010124	0.993889	20.002000
1.130000	23.310000	0.847193	0.078344	0.023864	0.993889	20.002000
1.130000	23.670000	0.854072	0.070985	0.021648	0.993889	20.002000
1.130000	24.040000	0.859326	0.063864	0.017349	0.993889	20.002000
1.130000	24.410000	0.851822	0.087190	0.023840	0.993889	20.002000
1.130000	24.780000	0.867637	0.052287	0.012758	0.993889	20.002000
1.130000	25.140000	0.860411	0.056158	0.015165	0.993889	20.002000
1.130000	25.510000	0.867195	0.051829	0.008196	0.993889	20.002000
1.130000	25.880000	0.866975	0.054549	0.010766	0.993889	20.002000
1.130000	26.240000	0.866014	0.057365	0.011107	0.993889	20.002000
1.130000	26.610000	0.872936	0.047670	0.009935	0.993889	20.002000
1.130000	26.980000	0.871244	0.039290	0.006309	0.993889	20.002000
1.130000	27.350000	0.881352	0.031939	0.004372	0.993889	20.002000
1.130000	27.710000	0.867020	0.048172	0.009345	0.993889	20.002000
1.130000	28.080000	0.879464	0.022419	0.001583	0.993889	20.002000
1.130000	28.450000	0.876878	0.036599	0.007208	0.993889	20.002000
1.130000	28.820000	0.876349	0.027716	0.002935	0.993889	20.002000
1.130000	29.180000	0.882446	0.019164	0.001656	0.993889	20.002000
1.130000	29.550000	0.882558	0.014753	0.000800	0.993889	20.002000
1.130000	29.920000	0.862616	0.060017	0.011344	0.993889	20.002000
1.160000	2.000000	0.000000	0.000000	0.000000	0.993889	20.187000
1.160000	2.370000	0.000000	0.000000	0.000000	0.993889	20.187000
1.160000	2.730000	0.000000	0.000000	0.000000	0.993889	20.187000
1.160000	3.100000	0.000000	0.000000	0.000000	0.993889	20.187000
1.160000	3.470000	0.000000	0.000000	0.000000	0.993889	20.187000
1.160000	3.840000	0.005056	0.000000	0.000000	0.993889	20.187000
1.160000	4.200000	0.000000	0.000000	0.000000	0.993889	20.187000
1.160000	4.570000	0.000000	0.000000	0.000000	0.993889	20.187000
1.160000	4.940000	0.000000	0.000000	0.000000	0.993889	20.187000
1.160000	5.310000	0.000000	0.000000	0.000000	0.993889	20.187000
1.160000	5.670000	0.005009	0.000000	0.000000	0.993889	20.187000
1.160000	6.040000	0.000000	0.000000	0.000000	0.993889	20.187000
1.160000	6.410000	0.010447	0.000000	0.000000	0.993889	20.187000
1.160000	6.780000	0.015280	0.000000	0.000000	0.993889	20.187000
1.160000	7.140000	0.033823	0.000838	0.000068	0.993889	20.187000
1.160000	7.510000	0.055137	0.005912	0.001127	0.993889	20.187000
1.160000	7.880000	0.072751	0.023301	0.014326	0.993889	20.187000
1.160000	8.240000	0.094046	0.055894	0.044028	0.993889	20.187000
1.160000	8.610000	0.106714	0.064305	0.044738	0.993889	20.187000
1.160000	8.980000	0.133758	0.096087	0.074166	0.993889	20.187000
1.160000	9.350000	0.175805	0.134770	0.105280	0.993889	20.187000
1.160000	9.710000	0.248322	0.173108	0.124657	0.993889	20.187000
1.160000	10.080000	0.343487	0.214578	0.144763	0.993889	20.187000
1.160000	10.450000	0.444747	0.236911	0.137087	0.993889	20.187000
1.160000	10.820000	0.550584	0.223542	0.102877	0.993889	20.187000
1.160000	11.180000	0.657308	0.190004	0.066380	0.993889	20.187000
1.160000	11.550000	0.682942	0.178044	0.062511	0.993889	20.187000
1.160000	11.920000	0.702813	0.159297	0.052502	0.993889	20.187000
1.160000	12.290000	0.735999	0.179283	0.054396	0.993889	20.187000
1.160000	12.650000	0.783335	0.136910	0.028277	0.993889	20.187000
1.160000	13.020000	0.807771	0.097024	0.018913	0.993889	20.187000
1.160000	13.390000	0.805571	0.099387	0.021907	0.993889	20.187000
1.160000	13.760000	0.820044	0.083409	0.021250	0.993889	20.187000
1.160000	14.120000	0.838506	0.071584	0.013672	0.993889	20.187000
1.160000	14.490000	0.846403	0.082868	0.017687	0.993889	20.187000
1.160000	14.860000	0.853134	0.073300	0.016814	0.993889	20.187000
1.160000	15.220000	0.847283	0.064335	0.024183	0.993889	20.187000
1.160000	15.590000	0.853222	0.059818	0.021512	0.993889	20.187000
1.160000	15.960000	0.850989	0.062522	0.023545	0.993889	20.187000
1.160000	16.330000	0.854788	0.067026	0.021187	0.993889	20.187000
1.160000	16.690000	0.866689	0.050783	0.013656	0.993889	20.187000
1.160000	17.060000	0.869472	0.048895	0.013832	0.993889	20.187000
1.160000	17.430000	0.869954	0.049164	0.014036	0.993889	20.187000
1.160000	17.800000	0.870670	0.050582	0.015004	0.993889	20.187000
1.160000	18.160000	0.863677	0.057827	0.020980	0.993889	20.187000
1.160000	18.530000	0.883350	0.028326	0.003890	0.993889	20.187000
1.160000	18.900000	0.878761	0.039376	0.008582	0.993889	20.187000
1.160000	19.270000	0.868400	0.052961	0.016973	0.993889	20.187000
1.160000	19.630000	0.871112	0.050778	0.015354	0.993889	20.187000
1.160000	20.000000	0.862018	0.059168	0.022591	0.993889	20.187000
1.160000	20.370000	0.867924	0.053040	0.017353	0.993889	20.187000
1.160000	20.730000	0.874902	0.045354	0.012433	0.993889	20.187000
1.160000	21.100000	0.878943	0.042070	0.009645	0.993889	20.187000
1.160000	21.470000	0.864019	0.064782	0.017379	0.993889	20.187000
1.160000	21.840000	0.853301	0.080671	0.028155	0.993889	20.187000
1.160000	22.200000	0.873409	0.047865	0.013664	0.993889	20.187000
1.160000	22.570000	0.882079	0.038736	0.008257	0.993889	20.187000
1.160000	22.940000	0.880186	0.041026	0.009574	0.993889	20.187000
1.160000	23.310000	0.867221	0.061640	0.015042	0.993889	20.187000
1.160000	23.670000	0.878444	0.045430	0.011967	0.993889	20.187000
1.160000	24.040000	0.877459	0.043085	0.011674	0.993889	20.187000
1.160000	24.410000	0.846790	0.085644	0.032026	0.993889	20.187000
1.160000	24.780000	0.868233	0.053196	0.009736	0.993889	20.187000
1.160000	25.140000	0.853425	0.074677	0.020619	0.993889	20.187000
1.160000	25.510000	0.870972	0.057029	0.013002	0.993889	20.187000
1.160000	25.880000	0.860780	0.065334	0.016809	0.993889	20.187000
1.160000	26.240000	0.878422	0.045303	0.011025	0.993889	20.187000
1.160000	26.610000	0.876244	0.048122	0.009395	0.993889	20.187000
1.160000	26.980000	0.885755	0.030284	0.003915	0.993889	20.187000
1.160000	27.350000	0.874911	0.044960	0.008446	0.993889	20.187000
1.160000	27.710000	0.878111	0.039273	0.011173	0.993889	20.187000
1.160000	28.080000	0.882603	0.025796	0.003442	0.993889	20.187000
1.160000	28.450000	0.880505	0.028302	0.004645	0.993889	20.187000
1.160000	28.820000	0.876712	0.041839	0.009286	0.993889	20.187000
1.160000	29.180000	0.863002	0.041326	0.010540	0.993889	20.187000
1.160000	29.550000	0.880350	0.035949	0.005526	0.993889	20.187000
1.160000	29.920000	0.871054	0.053251	0.012001	0.993889	20.187000
1.190000	2.000000	0.000000	0.000000	0.000000	0.993889	20.380000
1.190000	2.370000	0.000000	0.000000	0.000000	0.993889	20.380000
1.190000	2.730000	0.000000	0.000000	0.000000	0.993889	20.380000
1.190000	3.100000	0.000000	0.000000	0.000000	0.993889	20.380000
1.190000	3.470000	0.000000	0.000000	0.000000	0.993889	20.380000
1.190000	3.840000	0.000000	0.000000	0.000000	0.993889	20.380000
1.190000	4.200000	0.000000	0.000000	0.000000	0.993889	20.380000
1.190000	4.570000	0.000000	0.000000	0.000000	0.993889	20.380000
1.190000	4.940000	0.005037	0.000000	0.000000	0.993889	20.380000
1.190000	5.310000	0.000000	0.000000	0.000000	0.993889	20.380000
1.190000	5.670000	0.005224	0.000000	0.000000	0.993889	20.380000
1.190000	6.040000	0.000000	0.000000	0.000000	0.993889	20.380000
1.190000	6.410000	0.005243	0.000000	0.000000	0.993889	20.380000
1.190000	6.780000	0.016419	0.001301	0.000175	0.993889	20.380000
1.190000	7.140000	0.048119	0.009969	0.004137	0.993889	20.380000
1.190000	7.510000	0.064103	0.014934	0.007530	0.993889	20.380000
1.190000	7.880000	0.069769	0.026995	0.015429	0.993889	20.380000
1.190000	8.240000	0.075440	0.032283	0.019952	0.993889	20.380000
1.190000	8.610000	0.105447	0.069239	0.054009	0.993889	20.380000
1.190000	8.980000	0.129836	0.101205	0.083988	0.993889	20.380000
1.190000	9.350000	0.187256	0.140126	0.113537	0.993889	20.380000
1.190000	9.710000	0.280513	0.194842	0.143884	0.993889	20.380000
1.190000	10.080000	0.370911	0.195751	0.122813	0.993889	20.380000
1.190000	10.450000	0.426836	0.211739	0.124360	0.993889	20.380000
1.190000	10.820000	0.521641	0.233739	0.123103	0.993889	20.380000
1.190000	11.180000	0.610648	0.208833	0.094545	0.993889	20.380000
1.190000	11.550000	0.700207	0.176876	0.058278	0.993889	20.380000
1.190000	11.920000	0.745066	0.151139	0.042424	0.993889	20.380000
1.190000	12.290000	0.749799	0.155304	0.047392	0.993889	20.380000
1.190000	12.650000	0.769971	0.145557	0.035069	0.993889	20.380000
1.190000	13.020000	0.793141	0.121767	0.033293	0.993889	20.380000
1.190000	13.390000	0.795210	0.140886	0.041804	0.993889	20.380000
1.190000	13.760000	0.812681	0.101978	0.032115	0.993889	20.380000
1.190000	14.120000	0.828904	0.081487	0.026575	0.993889	20.380000
1.190000	14.490000	0.852283	0.079003	0.017763	0.993889	20.380000
1.190000	14.860000	0.857046	0.056832	0.017095	0.993889	20.380000
1.190000	15.220000	0.865651	0.050502	0.012824	0.993889	20.380000
1.190000	15.590000	0.860162	0.059935	0.019639	0.993889	20.380000
1.190000	15.960000	0.858175	0.061172	0.022320	0.993889	20.380000
1.190000	16.330000	0.864912	0.055764	0.017634	0.993889	20.380000
1.190000	16.690000	0.870670	0.051918	0.014182	0.993889	20.380000
1.190000	17.060000	0.864934	0.057829	0.019645	0.993889	20.380000
1.190000	17.430000	0.866176	0.052528	0.016265	0.993889	20.380000
1.190000	17.800000	0.866492	0.054168	0.017943	0.993889	20.380000
1.190000	18.160000	0.869369	0.053174	0.017210	0.993889	20.380000
1.190000	18.530000	0.869215	0.053219	0.017528	0.993889	20.380000
1.190000	18.900000	0.878677	0.041262	0.010154	0.993889	20.380000
1.190000	19.270000	0.873612	0.050505	0.015533	0.993889	20.380000
1.190000	19.630000	0.866850	0.057519	0.021033	0.993889	20.380000
1.190000	20.000000	0.864901	0.059252	0.022757	0.993889	20.380000
1.190000	20.370000	0.870480	0.054777	0.018560	0.993889	20.380000
1.190000	20.730000	0.879240	0.041169	0.010808	0.993889	20.380000
1.190000	21.100000	0.884418	0.033625	0.006163	0.993889	20.380000
1.190000	21.470000	0.889384	0.029501	0.004586	0.993889	20.380000
1.190000	21.840000	0.861156	0.072626	0.025658	0.993889	20.380000
1.190000	22.200000	0.855438	0.087475	0.026419	0.993889	20.380000
1.190000	22.570000	0.858296	0.074879	0.026542	0.993889	20.380000
1.190000	22.940000	0.881651	0.041744	0.009816	0.993889	20.380000
1.190000	23.310000	0.851813	0.093832	0.033027	0.993889	20.380000
1.190000	23.670000	0.873198	0.057230	0.016544	0.993889	20.380000
1.190000	24.040000	0.862337	0.068754	0.020998	0.993889	20.380000
1.190000	24.410000	0.871960	0.059172	0.013223	0.993889	20.380000
1.190000	24.780000	0.884162	0.039244	0.007288	0.993889	20.380000
1.190000	25.140000	0.875598	0.047643	0.008349	0.993889	20.380000
1.190000	25.510000	0.888166	0.020207	0.002600	0.993889	20.380000
1.190000	25.880000	0.873853	0.046463	0.007838	0.993889	20.380000
1.190000	26.240000	0.873738	0.054168	0.012281	0.993889	20.380000
1.190000	26.610000	0.882248	0.038719	0.005873	0.993889	20.380000
1.190000	26.980000	0.882402	0.024618	0.002269	0.993889	20.380000
1.190000	27.350000	0.884268	0.019860	0.001761	0.993889	20.380000
1.190000	27.710000	0.876587	0.036983	0.006755	0.993889	20.380000
1.190000	28.080000	0.883752	0.029844	0.003155	0.993889	20.380000
1.190000	28.450000	0.887718	0.025897	0.002971	0.993889	20.380000
1.190000	28.820000	0.872599	0.041730	0.005777	0.993889	20.380000
1.190000	29.180000	0.872929	0.038210	0.006306	0.993889	20.380000
1.190000	29.550000	0.883835	0.030087	0.002893	0.993889	20.380000
1.190000	29.920000	0.872648	0.047358	0.007339	0.993889	20.380000
1.210000	2.000000	0.000000	0.000000	0.000000	0.994074	20.560000
1.210000	2.370000	0.005056	0.000000	0.000000	0.994074	20.560000
1.210000	2.730000	0.000000	0.000000	0.000000	0.994074	20.560000
1.210000	3.100000	0.000000	0.000000	0.000000	0.994074	20.560000
1.210000	3.470000	0.000000	0.000000	0.000000	0.994074	20.560000
1.210000	3.840000	0.000000	0.000000	0.000000	0.994074	20.560000
1.210000	4.200000	0.000000	0.000000	0.000000	0.994074	20.560000
1.210000	4.570000	0.000000	0.000000	0.000000	0.994074	20.560000
1.210000	4.940000	0.000000	0.000000	0.000000	0.994074	20.560000
1.210000	5.310000	0.000000	0.000000	0.000000	0.994074	20.560000
1.210000	5.670000	0.006343	0.000000	0.000000	0.994074	20.560000
1.210000	6.040000	0.010251	0.000000	0.000000	0.994074	20.560000
1.210000	6.410000	0.023006	0.002876	0.001049	0.994074	20.560000
1.210000	6.780000	0.012997	0.002412	0.000784	0.994074	20.560000
1.210000	7.140000	0.035699	0.003616	0.001616	0.994074	20.560000
1.210000	7.510000	0.068887	0.009645	0.006247	0.994074	20.560000
1.210000	7.880000	0.076443	0.025194	0.013702	0.994074	20.560000
1.210000	8.240000	0.095137	0.054176	0.036671	0.994074	20.560000
1.210000	8.610000	0.120113	0.073868	0.051233	0.994074	20.560000
1.210000	8.980000	0.174949	0.128311	0.100023	0.994074	20.560000
1.210000	9.350000	0.214043	0.160082	0.124418	0.994074	20.560000
1.210000	9.710000	0.305507	0.210181	0.151623	0.994074	20.560000
1.210000	10.080000	0.373377	0.244499	0.169584	0.994074	20.560000
1.210000	10.450000	0.473298	0.223704	0.131618	0.994074	20.560000
1.210000	10.820000	0.546786	0.224161	0.121134	0.994074	20.560000
1.210000	11.180000	0.646024	0.197301	0.079241	0.994074	20.560000
1.210000	11.550000	0.683641	0.197254	0.071342	0.994074	20.560000
1.210000	11.920000	0.753087	0.114102	0.029771	0.994074	20.560000
1.210000	12.290000	0.775467	0.127049	0.029047	0.994074	20.560000
1.210000	12.650000	0.811990	0.087614	0.020047	0.994074	20.560000
1.210000	13.020000	0.819497	0.100571	0.022546	0.994074	20.560000
1.210000	13.390000	0.835099	0.084071	0.019820	0.994074	20.560000
1.210000	13.760000	0.841750	0.084342	0.022007	0.994074	20.560000
1.210000	14.120000	0.856749	0.055174	0.013748	0.994074	20.560000
1.210000	14.490000	0.855801	0.061869	0.018419	0.994074	20.560000
1.210000	14.860000	0.857174	0.067204	0.019099	0.994074	20.560000
1.210000	15.220000	0.852081	0.065802	0.024075	0.994074	20.560000
1.210000	15.590000	0.864249	0.053629	0.015466	0.994074	20.560000
1.210000	15.960000	0.868988	0.048905	0.012161	0.994074	20.560000
1.210000	16.330000	0.870990	0.048488	0.012183	0.994074	20.560000
1.210000	16.690000	0.865162	0.056122	0.019298	0.994074	20.560000
1.210000	17.060000	0.869769	0.049466	0.016377	0.994074	20.560000
1.210000	17.430000	0.869889	0.052149	0.017196	0.994074	20.560000
1.210000	17.800000	0.871183	0.052544	0.015969	0.994074	20.560000
1.210000	18.160000	0.875222	0.049462	0.012806	0.994074	20.560000
1.210000	18.530000	0.872400	0.050585	0.015209	0.994074	20.560000
1.210000	18.900000	0.868573	0.054926	0.018670	0.994074	20.560000
1.210000	19.270000	0.875421	0.049194	0.014224	0.994074	20.560000
1.210000	19.630000	0.880998	0.041403	0.009636	0.994074	20.560000
1.210000	20.000000	0.872080	0.053670	0.017915	0.994074	20.560000
1.210000	20.370000	0.873648	0.053640	0.017603	0.994074	20.560000
1.210000	20.730000	0.878078	0.047789	0.011940	0.994074	20.560000
1.210000	21.100000	0.878512	0.046853	0.013496	0.994074	20.560000
1.210000	21.470000	0.873103	0.059828	0.014510	0.994074	20.560000
1.210000	21.840000	0.868343	0.061185	0.016817	0.994074	20.560000
1.210000	22.200000	0.877434	0.047838	0.013690	0.994074	20.560000
1.210000	22.570000	0.885127	0.032829	0.005944	0.994074	20.560000
1.210000	22.940000	0.869814	0.060293	0.012451	0.994074	20.560000
1.210000	23.310000	0.861653	0.071817	0.021836	0.994074	20.560000
1.210000	23.670000	0.855254	0.068937	0.015857	0.994074	20.560000
1.210000	24.040000	0.851764	0.083938	0.027128	0.994074	20.560000
1.210000	24.410000	0.849371	0.100097	0.035484	0.994074	20.560000
1.210000	24.780000	0.875205	0.051533	0.013216	0.994074	20.560000
1.210000	25.140000	0.880169	0.043881	0.008855	0.994074	20.560000
1.210000	25.510000	0.882441	0.034524	0.004244	0.994074	20.560000
1.210000	25.880000	0.881135	0.041895	0.008608	0.994074	20.560000
1.210000	26.240000	0.871751	0.048658	0.011367	0.994074	20.560000
1.210000	26.610000	0.877984	0.043294	0.009623	0.994074	20.560000
1.210000	26.980000	0.881407	0.032475	0.003895	0.994074	20.560000
1.210000	27.350000	0.876091	0.046406	0.007093	0.994074	20.560000
1.210000	27.710000	0.884586	0.031491	0.003563	0.994074	20.560000
1.210000	28.080000	0.891913	0.007561	0.000180	0.994074	20.560000
1.210000	28.450000	0.881339	0.033831	0.004520	0.994074	20.560000
1.210000	28.820000	0.883843	0.025117	0.002480	0.994074	20.560000
1.210000	29.180000	0.872902	0.034169	0.004884	0.994074	20.560000
1.210000	29.550000	0.869059	0.043088	0.009564	0.994074	20.560000
1.210000	29.920000	0.880572	0.028626	0.004548	0.994074	20.560000
1.240000	2.000000	0.000000	0.000000	0.000000	0.994259	20.738000
1.240000	2.370000	0.000000	0.000000	0.000000	0.994259	20.738000
1.240000	2.730000	0.000000	0.000000	0.000000	0.994259	20.738000
1.240000	3.100000	0.000000	0.000000	0.000000	0.994259	20.738000
1.240000	3.470000	0.000000	0.000000	0.000000	0.994259	20.738000
1.240000	3.840000	0.000000	0.000000	0.000000	0.994259	20.738000
1.240000	4.200000	0.000000	0.000000	0.000000	0.994259	20.738000
1.240000	4.570000	0.000000	0.000000	0.000000	0.994259	20.738000
1.240000	4.940000	0.000000	0.000000	0.000000	0.994259	20.738000
1.240000	5.310000	0.000000	0.000000	0.000000	0.994259	20.738000
1.240000	5.670000	0.005597	0.000000	0.000000	0.994259	20.738000
1.240000	6.040000	0.010624	0.000000	0.000000	0.994259	20.738000
1.240000	6.410000	0.011369	0.000000	0.000000	0.994259	20.738000
1.240000	6.780000	0.023045	0.000678	0.000083	0.994259	20.738000
1.240000	7.140000	0.042799	0.004973	0.001808	0.994259	20.738000
1.240000	7.510000	0.055643	0.014646	0.004954	0.994259	20.738000
1.240000	7.880000	0.076887	0.026924	0.013307	0.994259	20.738000
1.240000	8.240000	0.087946	0.045252	0.030834	0.994259	20.738000
1.240000	8.610000	0.111862	0.077993	0.062850	0.994259	20.738000
1.240000	8.980000	0.160813	0.128159	0.112505	0.994259	20.738000
1.240000	9.350000	0.192048	0.153736	0.129272	0.994259	20.738000
1.240000	9.710000	0.256813	0.199563	0.159824	0.994259	20.738000
1.240000	10.080000	0.386660	0.227252	0.144322	0.994259	20.738000
1.240000	10.450000	0.485641	0.236554	0.132956	0.994259	20.738000
1.240000	10.820000	0.536415	0.233152	0.130825	0.994259	20.738000
1.240000	11.180000	0.632379	0.209085	0.089062	0.994259	20.738000
1.240000	11.550000	0.694483	0.180009	0.063431	0.994259	20.738000
1.240000	11.920000	0.763238	0.121507	0.035086	0.994259	20.738000
1.240000	12.290000	0.783882	0.128058	0.032961	0.994259	20.738000
1.240000	12.650000	0.805302	0.078206	0.018287	0.994259	20.738000
1.240000	13.020000	0.837496	0.068023	0.014723	0.994259	20.738000
1.240000	13.390000	0.842279	0.068981	0.017475	0.994259	20.738000
1.240000	13.760000	0.832070	0.096700	0.023126	0.994259	20.738000
1.240000	14.120000	0.838529	0.078389	0.023082	0.994259	20.738000
1.240000	14.490000	0.846138	0.074847	0.022404	0.994259	20.738000
1.240000	14.860000	0.859424	0.055746	0.017699	0.994259	20.738000
1.240000	15.220000	0.858039	0.061470	0.020984	0.994259	20.738000
1.240000	15.590000	0.870762	0.052282	0.015142	0.994259	20.738000
1.240000	15.960000	0.873298	0.050119	0.013862	0.994259	20.738000
1.240000	16.330000	0.866739	0.056747	0.019523	0.994259	20.738000
1.240000	16.690000	0.863464	0.059007	0.022239	0.994259	20.738000
1.240000	17.060000	0.865045	0.057033	0.020146	0.994259	20.738000
1.240000	17.430000	0.867672	0.057229	0.019903	0.994259	20.738000
1.240000	17.800000	0.868585	0.054576	0.018048	0.994259	20.738000
1.240000	18.160000	0.870820	0.051622	0.015968	0.994259	20.738000
1.240000	18.530000	0.872158	0.050913	0.015723	0.994259	20.738000
1.240000	18.900000	0.868057	0.056344	0.020217	0.994259	20.738000
1.240000	19.270000	0.871638	0.054821	0.018403	0.994259	20.738000
1.240000	19.630000	0.879833	0.043466	0.011756	0.994259	20.738000
1.240000	20.000000	0.880713	0.043473	0.010774	0.994259	20.738000
1.240000	20.370000	0.874839	0.052381	0.016767	0.994259	20.738000
1.240000	20.730000	0.877417	0.048663	0.014193	0.994259	20.738000
1.240000	21.100000	0.885138	0.038187	0.008141	0.994259	20.738000
1.240000	21.470000	0.882897	0.043790	0.010938	0.994259	20.738000
1.240000	21.840000	0.864237	0.066650	0.022598	0.994259	20.738000
1.240000	22.200000	0.875640	0.060206	0.016753	0.994259	20.738000
1.240000	22.570000	0.868845	0.067581	0.018802	0.994259	20.738000
1.240000	22.940000	0.873362	0.058861	0.011950	0.994259	20.738000
1.240000	23.310000	0.866284	0.073150	0.023257	0.994259	20.738000
1.240000	23.670000	0.883317	0.041058	0.006349	0.994259	20.738000
1.240000	24.040000	0.873105	0.062620	0.013857	0.994259	20.738000
1.240000	24.410000	0.870258	0.061991	0.013889	0.994259	20.738000
1.240000	24.780000	0.872342	0.064364	0.013392	0.994259	20.738000
1.240000	25.140000	0.883309	0.046801	0.006468	0.994259	20.738000
1.240000	25.510000	0.891204	0.017719	0.001285	0.994259	20.738000
1.240000	25.880000	0.878150	0.034612	0.004601	0.994259	20.738000
1.240000	26.240000	0.884359	0.035758	0.004139	0.994259	20.738000
1.240000	26.610000	0.884613	0.026963	0.002312	0.994259	20.738000
1.240000	26.980000	0.879515	0.042026	0.006336	0.994259	20.738000
1.240000	27.350000	0.876031	0.043136	0.008009	0.994259	20.738000
1.240000	27.710000	0.883896	0.031430	0.006628	0.994259	20.738000
1.240000	28.080000	0.886453	0.019435	0.001579	0.994259	20.738000
1.240000	28.450000	0.881672	0.033367	0.004934	0.994259	20.738000
1.240000	28.820000	0.881180	0.025479	0.002206	0.994259	20.738000
1.240000	29.180000	0.883116	0.021639	0.001520	0.994259	20.738000
1.240000	29.550000	0.871820	0.047134	0.010690	0.994259	20.738000
1.240000	29.920000	0.881552	0.021061	0.001507	0.994259	20.738000
1.270000	2.000000	0.005243	0.000000	0.000000	0.994444	20.931000
1.270000	2.370000	0.005243	0.000000	0.000000	0.994444	20.931000
1.270000	2.730000	0.000000	0.000000	0.000000	0.994444	20.931000
1.270000	3.100000	0.000000	0.000000	0.000000	0.994444	20.931000
1.270000	3.470000	0.000000	0.000000	0.000000	0.994444	20.931000
1.270000	3.840000	0.005431	0.000000	0.000000	0.994444	20.931000
1.270000	4.200000	0.005243	0.000000	0.000000	0.994444	20.931000
1.270000	4.570000	0.010646	0.000000	0.000000	0.994444	20.931000
1.270000	4.940000	0.005805	0.000000	0.000000	0.994444	20.931000
1.270000	5.310000	0.000000	0.000000	0.000000	0.994444	20.931000
1.270000	5.670000	0.000000	0.000000	0.000000	0.994444	20.931000
1.270000	6.040000	0.010084	0.000000	0.000000	0.994444	20.931000
1.270000	6.410000	0.015673	0.000263	0.000013	0.994444	20.931000
1.270000	6.780000	0.029097	0.003396	0.000900	0.994444	20.931000
1.270000	7.140000	0.039540	0.003488	0.001022	0.994444	20.931000
1.270000	7.510000	0.055779	0.010360	0.005934	0.994444	20.931000
1.270000	7.880000	0.071850	0.025838	0.017442	0.994444	20.931000
1.270000	8.240000	0.082924	0.036910	0.023313	0.994444	20.931000
1.270000	8.610000	0.118712	0.071836	0.051916	0.994444	20.931000
1.270000	8.980000	0.156774	0.111361	0.085440	0.994444	20.931000
1.270000	9.350000	0.201839	0.165879	0.141109	0.994444	20.931000
1.270000	9.710000	0.294009	0.191868	0.142679	0.994444	20.931000
1.270000	10.080000	0.409051	0.221573	0.140984	0.994444	20.931000
1.270000	10.450000	0.518001	0.249204	0.131041	0.994444	20.931000
1.270000	10.820000	0.605061	0.231563	0.107576	0.994444	20.931000
1.270000	11.180000	0.686215	0.192279	0.068077	0.994444	20.931000
1.270000	11.550000	0.728935	0.176935	0.053678	0.994444	20.931000
1.270000	11.920000	0.775342	0.132518	0.036433	0.994444	20.931000
1.270000	12.290000	0.794697	0.118732	0.032521	0.994444	20.931000
1.270000	12.650000	0.827330	0.088311	0.016570	0.994444	20.931000
1.270000	13.020000	0.831517	0.096685	0.023338	0.994444	20.931000
1.270000	13.390000	0.840014	0.096756	0.025356	0.994444	20.931000
1.270000	13.760000	0.852965	0.069655	0.018300	0.994444	20.931000
1.270000	14.120000	0.858589	0.068625	0.017597	0.994444	20.931000
1.270000	14.490000	0.865884	0.053772	0.013860	0.994444	20.931000
1.270000	14.860000	0.857913	0.072202	0.022233	0.994444	20.931000
1.270000	15.220000	0.861294	0.062293	0.020740	0.994444	20.931000
1.270000	15.590000	0.863969	0.059142	0.019208	0.994444	20.931000
1.270000	15.960000	0.866377	0.065964	0.018594	0.994444	20.931000
1.270000	16.330000	0.859865	0.060761	0.023253	0.994444	20.931000
1.270000	16.690000	0.867631	0.054793	0.018821	0.994444	20.931000
1.270000	17.060000	0.872572	0.050567	0.014865	0.994444	20.931000
1.270000	17.430000	0.874515	0.050674	0.015505	0.994444	20.931000
1.270000	17.800000	0.869013	0.056615	0.020491	0.994444	20.931000
1.270000	18.160000	0.869688	0.058175	0.021225	0.994444	20.931000
1.270000	18.530000	0.859173	0.065783	0.029529	0.994444	20.931000
1.270000	18.900000	0.880926	0.045346	0.012394	0.994444	20.931000
1.270000	19.270000	0.882683	0.042615	0.011292	0.994444	20.931000
1.270000	19.630000	0.872633	0.053178	0.017494	0.994444	20.931000
1.270000	20.000000	0.875343	0.048585	0.014457	0.994444	20.931000
1.270000	20.370000	0.877245	0.051433	0.015693	0.994444	20.931000
1.270000	20.730000	0.886816	0.041148	0.009812	0.994444	20.931000
1.270000	21.100000	0.875878	0.051835	0.016890	0.994444	20.931000
1.270000	21.470000	0.874306	0.054515	0.018403	0.994444	20.931000
1.270000	21.840000	0.864810	0.075035	0.023591	0.994444	20.931000
1.270000	22.200000	0.881046	0.045328	0.011443	0.994444	20.931000
1.270000	22.570000	0.892773	0.023885	0.004325	0.994444	20.931000
1.270000	22.940000	0.892968	0.023952	0.004367	0.994444	20.931000
1.270000	23.310000	0.865030	0.069575	0.021190	0.994444	20.931000
1.270000	23.670000	0.875533	0.053618	0.013173	0.994444	20.931000
1.270000	24.040000	0.883638	0.042671	0.010394	0.994444	20.931000
1.270000	24.410000	0.878870	0.055282	0.012863	0.994444	20.931000
1.270000	24.780000	0.867373	0.064433	0.017224	0.994444	20.931000
1.270000	25.140000	0.880740	0.048362	0.015002	0.994444	20.931000
1.270000	25.510000	0.882270	0.047329	0.010215	0.994444	20.931000
1.270000	25.880000	0.884627	0.035608	0.004429	0.994444	20.931000
1.270000	26.240000	0.885260	0.035409	0.005050	0.994444	20.931000
1.270000	26.610000	0.881041	0.039164	0.008901	0.994444	20.931000
1.270000	26.980000	0.882146	0.039460	0.006091	0.994444	20.931000
1.270000	27.350000	0.889775	0.025065	0.002171	0.994444	20.931000
1.270000	27.710000	0.883655	0.044024	0.004890	0.994444	20.931000
1.270000	28.080000	0.881380	0.041418	0.004609	0.994444	20.931000
1.270000	28.450000	0.888278	0.018591	0.001121	0.994444	20.931000
1.270000	28.820000	0.881860	0.036519	0.005562	0.994444	20.931000
1.270000	29.180000	0.891615	0.014678	0.001391	0.994444	20.931000
1.270000	29.550000	0.879334	0.041695	0.008378	0.994444	20.931000
1.270000	29.920000	0.876589	0.047442	0.006086	0.994444	20.931000
1.300000	2.000000	0.000000	0.000000	0.000000	0.994444	21.122000
1.300000	2.370000	0.000000	0.000000	0.000000	0.994444	21.122000
1.300000	2.730000	0.000000	0.000000	0.000000	0.994444	21.122000
1.300000	3.100000	0.000000	0.000000	0.000000	0.994444	21.122000
1.300000	3.470000	0.000000	0.000000	0.000000	0.994444	21.122000
1.300000	3.840000	0.000000	0.000000	0.000000	0.994444	21.122000
1.300000	4.200000	0.000000	0.000000	0.000000	0.994444	21.122000
1.300000	4.570000	0.000000	0.000000	0.000000	0.994444	21.122000
1.300000	4.940000	0.005037	0.000000	0.000000	0.994444	21.122000
1.300000	5.310000	0.005037	0.000000	0.000000	0.994444	21.122000
1.300000	5.670000	0.000000	0.000000	0.000000	0.994444	21.122000
1.300000	6.040000	0.010781	0.000000	0.000000	0.994444	21.122000
1.300000	6.410000	0.010936	0.000000	0.000000	0.994444	21.122000
1.300000	6.780000	0.021776	0.000000	0.000000	0.994444	21.122000
1.300000	7.140000	0.046395	0.005273	0.001970	0.994444	21.122000
1.300000	7.510000	0.058684	0.008887	0.002798	0.994444	21.122000
1.300000	7.880000	0.079789	0.035178	0.022164	0.994444	21.122000
1.300000	8.240000	0.087489	0.054248	0.046552	0.994444	21.122000
1.300000	8.610000	0.107188	0.077531	0.064416	0.994444	21.122000
1.300000	8.980000	0.148455	0.126145	0.112677	0.994444	21.122000
1.300000	9.350000	0.214941	0.174319	0.149099	0.994444	21.122000
1.300000	9.710000	0.303424	0.221445	0.175244	0.994444	21.122000
1.300000	10.080000	0.457969	0.229547	0.138203	0.994444	21.122000
1.300000	10.450000	0.548832	0.237535	0.139246	0.994444	21.122000
1.300000	10.820000	0.631262	0.185207	0.093615	0.994444	21.122000
1.300000	11.180000	0.706947	0.181631	0.070702	0.994444	21.122000
1.300000	11.550000	0.774498	0.150509	0.041018	0.994444	21.122000
1.300000	11.920000	0.794616	0.143389	0.036906	0.994444	21.122000
1.300000	12.290000	0.819416	0.110100	0.027317	0.994444	21.122000
1.300000	12.650000	0.834975	0.098367	0.024133	0.994444	21.122000
1.300000	13.020000	0.834173	0.080528	0.026417	0.994444	21.122000
1.300000	13.390000	0.846873	0.079839	0.021929	0.994444	21.122000
1.300000	13.760000	0.859244	0.059745	0.014343	0.994444	21.122000
1.300000	14.120000	0.869425	0.050667	0.008245	0.994444	21.122000
1.300000	14.490000	0.854792	0.073161	0.023018	0.994444	21.122000
1.300000	14.860000	0.873682	0.043290	0.010712	0.994444	21.122000
1.300000	15.220000	0.873441	0.047575	0.013530	0.994444	21.122000
1.300000	15.590000	0.864801	0.059255	0.021257	0.994444	21.122000
1.300000	15.960000	0.866287	0.058961	0.021050	0.994444	21.122000
1.300000	16.330000	0.866786	0.058191	0.021364	0.994444	21.122000
1.300000	16.690000	0.871339	0.055439	0.018357	0.994444	21.122000
1.300000	17.060000	0.872655	0.053169	0.016730	0.994444	21.122000
1.300000	17.430000	0.870450	0.054850	0.018610	0.994444	21.122000
1.300000	17.800000	0.873696	0.052218	0.016945	0.994444	21.122000
1.300000	18.160000	0.873776	0.052140	0.016855	0.994444	21.122000
1.300000	18.530000	0.877474	0.049084	0.014201	0.994444	21.122000
1.300000	18.900000	0.875628	0.049128	0.016744	0.994444	21.122000
1.300000	19.270000	0.875490	0.053016	0.017630	0.994444	21.122000
1.300000	19.630000	0.877728	0.051600	0.016241	0.994444	21.122000
1.300000	20.000000	0.885098	0.044304	0.011101	0.994444	21.122000
1.300000	20.370000	0.875676	0.054103	0.018048	0.994444	21.122000
1.300000	20.730000	0.883258	0.047575	0.013230	0.994444	21.122000
1.300000	21.100000	0.883099	0.046766	0.012653	0.994444	21.122000
1.300000	21.470000	0.886813	0.040959	0.009549	0.994444	21.122000
1.300000	21.840000	0.887523	0.040490	0.008249	0.994444	21.122000
1.300000	22.200000	0.883521	0.042832	0.010939	0.994444	21.122000
1.300000	22.570000	0.864543	0.083481	0.023152	0.994444	21.122000
1.300000	22.940000	0.858535	0.092045	0.031200	0.994444	21.122000
1.300000	23.310000	0.863745	0.079634	0.023068	0.994444	21.122000
1.300000	23.670000	0.850916	0.077803	0.022168	0.994444	21.122000
1.300000	24.040000	0.886119	0.044761	0.009822	0.994444	21.122000
1.300000	24.410000	0.886941	0.044545	0.006295	0.994444	21.122000
1.300000	24.780000	0.883769	0.042177	0.009886	0.994444	21.122000
1.300000	25.140000	0.885771	0.051495	0.010237	0.994444	21.122000
1.300000	25.510000	0.880189	0.042237	0.010139	0.994444	21.122000
1.300000	25.880000	0.894064	0.011945	0.000787	0.994444	21.122000
1.300000	26.240000	0.895404	0.019866	0.001645	0.994444	21.122000
1.300000	26.610000	0.865062	0.064810	0.019223	0.994444	21.122000
1.300000	26.980000	0.888378	0.033865	0.004246	0.994444	21.122000
1.300000	27.350000	0.891132	0.023871	0.002120	0.994444	21.122000
1.300000	27.710000	0.894075	0.007729	0.000145	0.994444	21.122000
1.300000	28.080000	0.885024	0.043457	0.006857	0.994444	21.122000
1.300000	28.450000	0.882420	0.034506	0.005363	0.994444	21.122000
1.300000	28.820000	0.883032	0.033000	0.004285	0.994444	21.122000
1.300000	29.180000	0.887546	0.019371	0.001357	0.994444	21.122000
1.300000	29.550000	0.887317	0.018080	0.001058	0.994444	21.122000
1.300000	29.920000	0.885232	0.021598	0.002085	0.994444	21.122000
1.330000	2.000000	0.000000	0.000000	0.000000	0.994629	21.322000
1.330000	2.370000	0.000000	0.000000	0.000000	0.994629	21.322000
1.330000	2.730000	0.000000	0.000000	0.000000	0.994629	21.322000
1.330000	3.100000	0.000000	0.000000	0.000000	0.994629	21.322000
1.330000	3.470000	0.000000	0.000000	0.000000	0.994629	21.322000
1.330000	3.840000	0.000000	0.000000	0.000000	0.994629	21.322000
1.330000	4.200000	0.000000	0.000000	0.000000	0.994629	21.322000
1.330000	4.570000	0.000000	0.000000	0.000000	0.994629	21.322000
1.330000	4.940000	0.000000	0.000000	0.000000	0.994629	21.322000
1.330000	5.310000	0.005056	0.000000	0.000000	0.994629	21.322000
1.330000	5.670000	0.005056	0.000000	0.000000	0.994629	21.322000
1.330000	6.040000	0.026090	0.000559	0.000056	0.994629	21.322000
1.330000	6.410000	0.029491	0.001836	0.000228	0.994629	21.322000
1.330000	6.780000	0.049943	0.003639	0.000893	0.994629	21.322000
1.330000	7.140000	0.057715	0.004562	0.000749	0.994629	21.322000
1.330000	7.510000	0.059129	0.017830	0.011459	0.994629	21.322000
1.330000	7.880000	0.082994	0.030292	0.018951	0.994629	21.322000
1.330000	8.240000	0.106906	0.051126	0.028802	0.994629	21.322000
1.330000	8.610000	0.130062	0.080845	0.055776	0.994629	21.322000
1.330000	8.980000	0.161128	0.117654	0.092836	0.994629	21.322000
1.330000	9.350000	0.238091	0.179163	0.141654	0.994629	21.322000
1.330000	9.710000	0.320421	0.221461	0.159518	0.994629	21.322000
1.330000	10.080000	0.434265	0.236226	0.149282	0.994629	21.322000
1.330000	10.450000	0.571976	0.250033	0.126377	0.994629	21.322000
1.330000	10.820000	0.665951	0.213780	0.089985	0.994629	21.322000
1.330000	11.180000	0.723751	0.193150	0.073980	0.994629	21.322000
1.330000	11.550000	0.760479	0.164646	0.054768	0.994629	21.322000
1.330000	11.920000	0.796178	0.115464	0.032766	0.994629	21.322000
1.330000	12.290000	0.821938	0.104993	0.024194	0.994629	21.322000
1.330000	12.650000	0.851124	0.062756	0.011855	0.994629	21.322000
1.330000	13.020000	0.853152	0.077475	0.015412	0.994629	21.322000
1.330000	13.390000	0.863836	0.050526	0.011449	0.994629	21.322000
1.330000	13.760000	0.861251	0.059337	0.016449	0.994629	21.322000
1.330000	14.120000	0.866889	0.051330	0.013728	0.994629	21.322000
1.330000	14.490000	0.866397	0.055409	0.016200	0.994629	21.322000
1.330000	14.860000	0.869637	0.051994	0.014199	0.994629	21.322000
1.330000	15.220000	0.873100	0.051163	0.015215	0.994629	21.322000
1.330000	15.590000	0.871735	0.062178	0.016655	0.994629	21.322000
1.330000	15.960000	0.871057	0.053209	0.017848	0.994629	21.322000
1.330000	16.330000	0.876308	0.048037	0.013164	0.994629	21.322000
1.330000	16.690000	0.871759	0.054360	0.018195	0.994629	21.322000
1.330000	17.060000	0.871220	0.056721	0.020404	0.994629	21.322000
1.330000	17.430000	0.870387	0.058193	0.021295	0.994629	21.322000
1.330000	17.800000	0.873983	0.055088	0.019190	0.994629	21.322000
1.330000	18.160000	0.883287	0.042660	0.011145	0.994629	21.322000
1.330000	18.530000	0.878160	0.049480	0.014707	0.994629	21.322000
1.330000	18.900000	0.872407	0.055244	0.019978	0.994629	21.322000
1.330000	19.270000	0.877929	0.052319	0.016625	0.994629	21.322000
1.330000	19.630000	0.880766	0.048575	0.013775	0.994629	21.322000
1.330000	20.000000	0.882913	0.046057	0.012374	0.994629	21.322000
1.330000	20.370000	0.877574	0.053287	0.017481	0.994629	21.322000
1.330000	20.730000	0.883574	0.047720	0.013481	0.994629	21.322000
1.330000	21.100000	0.886895	0.042612	0.010809	0.994629	21.322000
1.330000	21.470000	0.888291	0.040211	0.008945	0.994629	21.322000
1.330000	21.840000	0.872144	0.063473	0.020260	0.994629	21.322000
1.330000	22.200000	0.876950	0.057307	0.016974	0.994629	21.322000
1.330000	22.570000	0.877983	0.051098	0.016025	0.994629	21.322000
1.330000	22.940000	0.870802	0.071084	0.022350	0.994629	21.322000
1.330000	23.310000	0.881064	0.057698	0.013559	0.994629	21.322000
1.330000	23.670000	0.870728	0.064515	0.018784	0.994629	21.322000
1.330000	24.040000	0.880866	0.049916	0.015099	0.994629	21.322000
1.330000	24.410000	0.884743	0.031207	0.008004	0.994629	21.322000
1.330000	24.780000	0.883356	0.044874	0.008712	0.994629	21.322000
1.330000	25.140000	0.894786	0.010021	0.000271	0.994629	21.322000
1.330000	25.510000	0.885516	0.044694	0.010213	0.994629	21.322000
1.330000	25.880000	0.890384	0.036873	0.005928	0.994629	21.322000
1.330000	26.240000	0.891565	0.020131	0.002413	0.994629	21.322000
1.330000	26.610000	0.887492	0.023202	0.002137	0.994629	21.322000
1.330000	26.980000	0.894127	0.016499	0.000991	0.994629	21.322000
1.330000	27.350000	0.883841	0.020901	0.001867	0.994629	21.322000
1.330000	27.710000	0.884419	0.042586	0.005831	0.994629	21.322000
1.330000	28.080000	0.886878	0.042682	0.005580	0.994629	21.322000
1.330000	28.450000	0.887365	0.023961	0.002277	0.994629	21.322000
1.330000	28.820000	0.889840	0.030580	0.003163	0.994629	21.322000
1.330000	29.180000	0.889735	0.020900	0.001998	0.994629	21.322000
1.330000	29.550000	0.892994	0.014117	0.001155	0.994629	21.322000
1.330000	29.920000	0.886930	0.030762	0.002837	0.994629	21.322000
1.360000	2.000000	0.000000	0.000000	0.000000	0.994629	21.509000
1.360000	2.370000	0.000000	0.000000	0.000000	0.994629	21.509000
1.360000	2.730000	0.000000	0.000000	0.000000	0.994629	21.509000
1.360000	3.100000	0.000000	0.000000	0.000000	0.994629	21.509000
1.360000	3.470000	0.000000	0.000000	0.000000	0.994629	21.509000
1.360000	3.840000	0.000000	0.000000	0.000000	0.994629	21.509000
1.360000	4.200000	0.000000	0.000000	0.000000	0.994629	21.509000
1.360000	4.570000	0.005195	0.000000	0.000000	0.994629	21.509000
1.360000	4.940000	0.005028	0.000000	0.000000	0.994629	21.509000
1.360000	5.310000	0.005195	0.000000	0.000000	0.994629	21.509000
1.360000	5.670000	0.005056	0.000000	0.000000	0.994629	21.509000
1.360000	6.040000	0.016211	0.000000	0.000000	0.994629	21.509000
1.360000	6.410000	0.024745	0.000000	0.000000	0.994629	21.509000
1.360000	6.780000	0.027848	0.001578	0.000306	0.994629	21.509000
1.360000	7.140000	0.039656	0.001627	0.000126	0.994629	21.509000
1.360000	7.510000	0.064859	0.016222	0.007620	0.994629	21.509000
1.360000	7.880000	0.074759	0.029626	0.021941	0.994629	21.509000
1.360000	8.240000	0.102693	0.061076	0.044959	0.994629	21.509000
1.360000	8.610000	0.120395	0.083233	0.065122	0.994629	21.509000
1.360000	8.980000	0.165212	0.118229	0.090314	0.994629	21.509000
1.360000	9.350000	0.237289	0.183197	0.147338	0.994629	21.509000
1.360000	9.710000	0.342772	0.229776	0.166311	0.994629	21.509000
1.360000	10.080000	0.476923	0.229938	0.146742	0.994629	21.509000
1.360000	10.450000	0.593682	0.233780	0.119098	0.994629	21.509000
1.360000	10.820000	0.681097	0.210984	0.089681	0.994629	21.509000
1.360000	11.180000	0.755966	0.181160	0.054135	0.994629	21.509000
1.360000	11.550000	0.791087	0.158537	0.043036	0.994629	21.509000
1.360000	11.920000	0.826962	0.109530	0.022687	0.994629	21.509000
1.360000	12.290000	0.844103	0.074128	0.011504	0.994629	21.509000
1.360000	12.650000	0.847689	0.080777	0.018186	0.994629	21.509000
1.360000	13.020000	0.861284	0.062019	0.013480	0.994629	21.509000
1.360000	13.390000	0.865218	0.060913	0.013921	0.994629	21.509000
1.360000	13.760000	0.862239	0.059551	0.019125	0.994629	21.509000
1.360000	14.120000	0.862614	0.061390	0.020528	0.994629	21.509000
1.360000	14.490000	0.865662	0.068743	0.020515	0.994629	21.509000
1.360000	14.860000	0.885266	0.035646	0.005663	0.994629	21.509000
1.360000	15.220000	0.879368	0.045808	0.011807	0.994629	21.509000
1.360000	15.590000	0.874320	0.051479	0.015528	0.994629	21.509000
1.360000	15.960000	0.877500	0.044502	0.013442	0.994629	21.509000
1.360000	16.330000	0.883764	0.041095	0.010788	0.994629	21.509000
1.360000	16.690000	0.884795	0.044262	0.011636	0.994629	21.509000
1.360000	17.060000	0.876792	0.051543	0.016403	0.994629	21.509000
1.360000	17.430000	0.876610	0.051389	0.016173	0.994629	21.509000
1.360000	17.800000	0.880490	0.049034	0.013978	0.994629	21.509000
1.360000	18.160000	0.889139	0.037543	0.007497	0.994629	21.509000
1.360000	18.530000	0.887666	0.039092	0.009692	0.994629	21.509000
1.360000	18.900000	0.887319	0.040957	0.011133	0.994629	21.509000
1.360000	19.270000	0.882861	0.045880	0.012497	0.994629	21.509000
1.360000	19.630000	0.883204	0.046774	0.012791	0.994629	21.509000
1.360000	20.000000	0.883979	0.046485	0.012611	0.994629	21.509000
1.360000	20.370000	0.893843	0.033336	0.006223	0.994629	21.509000
1.360000	20.730000	0.892003	0.027927	0.007199	0.994629	21.509000
1.360000	21.100000	0.892573	0.036900	0.008435	0.994629	21.509000
1.360000	21.470000	0.890296	0.036114	0.006985	0.994629	21.509000
1.360000	21.840000	0.887533	0.049155	0.013550	0.994629	21.509000
1.360000	22.200000	0.886739	0.046808	0.012087	0.994629	21.509000
1.360000	22.570000	0.885264	0.046021	0.008504	0.994629	21.509000
1.360000	22.940000	0.886723	0.063035	0.012473	0.994629	21.509000
1.360000	23.310000	0.895541	0.032033	0.005707	0.994629	21.509000
1.360000	23.670000	0.895697	0.034006	0.006057	0.994629	21.509000
1.360000	24.040000	0.888954	0.041924	0.007014	0.994629	21.509000
1.360000	24.410000	0.886528	0.054984	0.010885	0.994629	21.509000
1.360000	24.780000	0.898138	0.019639	0.002260	0.994629	21.509000
1.360000	25.140000	0.878057	0.054154	0.012764	0.994629	21.509000
1.360000	25.510000	0.880885	0.051706	0.007705	0.994629	21.509000
1.360000	25.880000	0.888700	0.038192	0.008584	0.994629	21.509000
1.360000	26.240000	0.895445	0.030321	0.007004	0.994629	21.509000
1.360000	26.610000	0.893061	0.029651	0.005710	0.994629	21.509000
1.360000	26.980000	0.899079	0.012289	0.000429	0.994629	21.509000
1.360000	27.350000	0.879538	0.041334	0.015459	0.994629	21.509000
1.360000	27.710000	0.893225	0.018755	0.001257	0.994629	21.509000
1.360000	28.080000	0.897282	0.013873	0.000762	0.994629	21.509000
1.360000	28.450000	0.895466	0.029248	0.002537	0.994629	21.509000
1.360000	28.820000	0.891450	0.028662	0.002715	0.994629	21.509000
1.360000	29.180000	0.882881	0.042426	0.011819	0.994629	21.509000
1.360000	29.550000	0.893509	0.019206	0.001270	0.994629	21.509000
1.360000	29.920000	0.899603	0.007810	0.000154	0.994629	21.509000
1.390000	2.000000	0.000000	0.000000	0.000000	0.994629	21.677000
1.390000	2.370000	0.000000	0.000000	0.000000	0.994629	21.677000
1.390000	2.730000	0.000000	0.000000	0.000000	0.994629	21.677000
1.390000	3.100000	0.000000	0.000000	0.000000	0.994629	21.677000
1.390000	3.470000	0.000000	0.000000	0.000000	0.994629	21.677000
1.390000	3.840000	0.000000	0.000000	0.000000	0.994629	21.677000
1.390000	4.200000	0.000000	0.000000	0.000000	0.994629	21.677000
1.390000	4.570000	0.000000	0.000000	0.000000	0.994629	21.677000
1.390000	4.940000	0.005566	0.000000	0.000000	0.994629	21.677000
1.390000	5.310000	0.010946	0.000000	0.000000	0.994629	21.677000
1.390000	5.670000	0.011317	0.000000	0.000000	0.994629	21.677000
1.390000	6.040000	0.012484	0.000000	0.000000	0.994629	21.677000
1.390000	6.410000	0.022954	0.004044	0.002190	0.994629	21.677000
1.390000	6.780000	0.031042	0.005923	0.004432	0.994629	21.677000
1.390000	7.140000	0.044304	0.010700	0.007716	0.994629	21.677000
1.390000	7.510000	0.061955	0.019743	0.016831	0.994629	21.677000
1.390000	7.880000	0.070998	0.024655	0.018273	0.994629	21.677000
1.390000	8.240000	0.090419	0.046383	0.030889	0.994629	21.677000
1.390000	8.610000	0.128250	0.095387	0.079797	0.994629	21.677000
1.390000	8.980000	0.173740	0.140656	0.120449	0.994629	21.677000
1.390000	9.350000	0.264807	0.211371	0.178707	0.994629	21.677000
1.390000	9.710000	0.362761	0.239120	0.171181	0.994629	21.677000
1.390000	10.080000	0.458062	0.250765	0.154624	0.994629	21.677000
1.390000	10.450000	0.585259	0.244598	0.122595	0.994629	21.677000
1.390000	10.820000	0.682786	0.203454	0.085962	0.994629	21.677000
1.390000	11.180000	0.752512	0.162976	0.055865	0.994629	21.677000
1.390000	11.550000	0.783942	0.150094	0.044471	0.994629	21.677000
1.390000	11.920000	0.827193	0.097106	0.024122	0.994629	21.677000
1.390000	12.290000	0.849975	0.077208	0.016311	0.994629	21.677000
1.390000	12.650000	0.854249	0.092928	0.019543	0.994629	21.677000
1.390000	13.020000	0.868911	0.057485	0.009429	0.994629	21.677000
1.390000	13.390000	0.865572	0.056324	0.015452	0.994629	21.677000
1.390000	13.760000	0.868224	0.054080	0.016210	0.994629	21.677000
1.390000	14.120000	0.875864	0.045959	0.010708	0.994629	21.677000
1.390000	14.490000	0.875305	0.049632	0.013513	0.994629	21.677000
1.390000	14.860000	0.884782	0.038254	0.007712	0.994629	21.677000
1.390000	15.220000	0.882982	0.043345	0.011921	0.994629	21.677000
1.390000	15.590000	0.887724	0.038956	0.009164	0.994629	21.677000
1.390000	15.960000	0.887691	0.030936	0.010087	0.994629	21.677000
1.390000	16.330000	0.890540	0.028355	0.008511	0.994629	21.677000
1.390000	16.690000	0.877346	0.049539	0.017182	0.994629	21.677000
1.390000	17.060000	0.874595	0.053562	0.018080	0.994629	21.677000
1.390000	17.430000	0.889278	0.031675	0.009863	0.994629	21.677000
1.390000	17.800000	0.884906	0.043858	0.013786	0.994629	21.677000
1.390000	18.160000	0.883975	0.034914	0.014161	0.994629	21.677000
1.390000	18.530000	0.892613	0.027487	0.007874	0.994629	21.677000
1.390000	18.900000	0.895571	0.025387	0.006544	0.994629	21.677000
1.390000	19.270000	0.895562	0.035773	0.007449	0.994629	21.677000
1.390000	19.630000	0.898190	0.024378	0.005550	0.994629	21.677000
1.390000	20.000000	0.893537	0.029271	0.009462	0.994629	21.677000
1.390000	20.370000	0.893944	0.028911	0.009210	0.994629	21.677000
1.390000	20.730000	0.900986	0.021077	0.004247	0.994629	21.677000
1.390000	21.100000	0.903526	0.013063	0.001313	0.994629	21.677000
1.390000	21.470000	0.895902	0.026117	0.007140	0.994629	21.677000
1.390000	21.840000	0.895033	0.027679	0.008134	0.994629	21.677000
1.390000	22.200000	0.889558	0.045912	0.013225	0.994629	21.677000
1.390000	22.570000	0.884833	0.063250	0.013300	0.994629	21.677000
1.390000	22.940000	0.887872	0.060177	0.014214	0.994629	21.677000
1.390000	23.310000	0.902492	0.020872	0.002024	0.994629	21.677000
1.390000	23.670000	0.901897	0.017868	0.002926	0.994629	21.677000
1.390000	24.040000	0.896312	0.027585	0.004763	0.994629	21.677000
1.390000	24.410000	0.881068	0.051604	0.015915	0.994629	21.677000
1.390000	24.780000	0.899068	0.026520	0.003821	0.994629	21.677000
1.390000	25.140000	0.896175	0.034012	0.006092	0.994629	21.677000
1.390000	25.510000	0.900063	0.025278	0.003528	0.994629	21.677000
1.390000	25.880000	0.899115	0.012529	0.000348	0.994629	21.677000
1.390000	26.240000	0.899660	0.018000	0.001643	0.994629	21.677000
1.390000	26.610000	0.899917	0.020338	0.003121	0.994629	21.677000
1.390000	26.980000	0.901006	0.019820	0.002520	0.994629	21.677000
1.390000	27.350000	0.899131	0.022504	0.003769	0.994629	21.677000
1.390000	27.710000	0.901644	0.008228	0.000259	0.994629	21.677000
1.390000	28.080000	0.901880	0.012178	0.000590	0.994629	21.677000
1.390000	28.450000	0.898942	0.013097	0.000650	0.994629	21.677000
1.390000	28.820000	0.891120	0.020760	0.001961	0.994629	21.677000
1.390000	29.180000	0.901968	0.015591	0.001050	0.994629	21.677000
1.390000	29.550000	0.892119	0.026462	0.002531	0.994629	21.677000
1.390000	29.920000	0.900915	0.014703	0.000790	0.994629	21.677000
1.410000	2.000000	0.000000	0.000000	0.000000	0.994629	21.859000
1.410000	2.370000	0.000000	0.000000	0.000000	0.994629	21.859000
1.410000	2.730000	0.005028	0.000000	0.000000	0.994629	21.859000
1.410000	3.100000	0.000000	0.000000	0.000000	0.994629	21.859000
1.410000	3.470000	0.010242	0.000000	0.000000	0.994629	21.859000
1.410000	3.840000	0.005400	0.000000	0.000000	0.994629	21.859000
1.410000	4.200000	0.005400	0.000000	0.000000	0.994629	21.859000
1.410000	4.570000	0.005028	0.000000	0.000000	0.994629	21.859000
1.410000	4.940000	0.000000	0.000000	0.000000	0.994629	21.859000
1.410000	5.310000	0.005093	0.000093	0.000002	0.994629	21.859000
1.410000	5.670000	0.010408	0.000000	0.000000	0.994629	21.859000
1.410000	6.040000	0.015269	0.000185	0.000007	0.994629	21.859000
1.410000	6.410000	0.026402	0.000920	0.000147	0.994629	21.859000
1.410000	6.780000	0.027840	0.001645	0.000371	0.994629	21.859000
1.410000	7.140000	0.069890	0.017530	0.011375	0.994629	21.859000
1.410000	7.510000	0.076410	0.023745	0.015770	0.994629	21.859000
1.410000	7.880000	0.072302	0.027193	0.020305	0.994629	21.859000
1.410000	8.240000	0.091163	0.050408	0.038654	0.994629	21.859000
1.410000	8.610000	0.124838	0.086762	0.062417	0.994629	21.859000
1.410000	8.980000	0.170967	0.137843	0.115274	0.994629	21.859000
1.410000	9.350000	0.252270	0.194112	0.154235	0.994629	21.859000
1.410000	9.710000	0.398094	0.249736	0.170931	0.994629	21.859000
1.410000	10.080000	0.518249	0.250950	0.145248	0.994629	21.859000
1.410000	10.450000	0.633600	0.248307	0.110330	0.994629	21.859000
1.410000	10.820000	0.732326	0.180613	0.064012	0.994629	21.859000
1.410000	11.180000	0.795284	0.171986	0.043879	0.994629	21.859000
1.410000	11.550000	0.803782	0.162556	0.048150	0.994629	21.859000
1.410000	11.920000	0.838930	0.083465	0.016613	0.994629	21.859000
1.410000	12.290000	0.851120	0.064803	0.013505	0.994629	21.859000
1.410000	12.650000	0.871734	0.033307	0.005660	0.994629	21.859000
1.410000	13.020000	0.871142	0.044628	0.008898	0.994629	21.859000
1.410000	13.390000	0.877334	0.043935	0.009982	0.994629	21.859000
1.410000	13.760000	0.881802	0.032176	0.008918	0.994629	21.859000
1.410000	14.120000	0.888769	0.023674	0.004433	0.994629	21.859000
1.410000	14.490000	0.882651	0.041093	0.009415	0.994629	21.859000
1.410000	14.860000	0.883327	0.031504	0.009784	0.994629	21.859000
1.410000	15.220000	0.874610	0.047488	0.017394	0.994629	21.859000
1.410000	15.590000	0.880730	0.035284	0.013455	0.994629	21.859000
1.410000	15.960000	0.886797	0.041358	0.010715	0.994629	21.859000
1.410000	16.330000	0.884329	0.034285	0.013433	0.994629	21.859000
1.410000	16.690000	0.894711	0.024827	0.006116	0.994629	21.859000
1.410000	17.060000	0.889434	0.031152	0.010831	0.994629	21.859000
1.410000	17.430000	0.895346	0.024295	0.005887	0.994629	21.859000
1.410000	17.800000	0.890014	0.030990	0.010746	0.994629	21.859000
1.410000	18.160000	0.890354	0.030994	0.010938	0.994629	21.859000
1.410000	18.530000	0.898351	0.021523	0.004426	0.994629	21.859000
1.410000	18.900000	0.894579	0.025766	0.006961	0.994629	21.859000
1.410000	19.270000	0.892603	0.029101	0.009271	0.994629	21.859000
1.410000	19.630000	0.891143	0.031723	0.011430	0.994629	21.859000
1.410000	20.000000	0.894563	0.027725	0.008276	0.994629	21.859000
1.410000	20.370000	0.896711	0.025617	0.006914	0.994629	21.859000
1.410000	20.730000	0.899862	0.020759	0.004150	0.994629	21.859000
1.410000	21.100000	0.900259	0.020682	0.004060	0.994629	21.859000
1.410000	21.470000	0.893729	0.040783	0.010176	0.994629	21.859000
1.410000	21.840000	0.897694	0.027600	0.008162	0.994629	21.859000
1.410000	22.200000	0.898604	0.026773	0.007600	0.994629	21.859000
1.410000	22.570000	0.891850	0.047754	0.013447	0.994629	21.859000
1.410000	22.940000	0.899297	0.023330	0.005449	0.994629	21.859000
1.410000	23.310000	0.896322	0.033335	0.006958	0.994629	21.859000
1.410000	23.670000	0.894583	0.031057	0.009901	0.994629	21.859000
1.410000	24.040000	0.887262	0.055238	0.014285	0.994629	21.859000
1.410000	24.410000	0.884231	0.051409	0.016026	0.994629	21.859000
1.410000	24.780000	0.892126	0.031218	0.009460	0.994629	21.859000
1.410000	25.140000	0.899583	0.018977	0.001567	0.994629	21.859000
1.410000	25.510000	0.901868	0.006686	0.000147	0.994629	21.859000
1.410000	25.880000	0.892352	0.031554	0.007946	0.994629	21.859000
1.410000	26.240000	0.896706	0.026010	0.004536	0.994629	21.859000
1.410000	26.610000	0.895109	0.027422	0.006720	0.994629	21.859000
1.410000	26.980000	0.903672	0.009741	0.000195	0.994629	21.859000
1.410000	27.350000	0.896991	0.018478	0.001328	0.994629	21.859000
1.410000	27.710000	0.901189	0.013070	0.000954	0.994629	21.859000
1.410000	28.080000	0.904784	0.005191	0.000065	0.994629	21.859000
1.410000	28.450000	0.902636	0.006324	0.000121	0.994629	21.859000
1.410000	28.820000	0.898590	0.022245	0.002754	0.994629	21.859000
1.410000	29.180000	0.900783	0.016168	0.001623	0.994629	21.859000
1.410000	29.550000	0.904976	0.004142	0.000048	0.994629	21.859000
1.410000	29.920000	0.901847	0.009709	0.000404	0.994629	21.859000
1.440000	2.000000	0.000000	0.000000	0.000000	0.994629	22.039000
1.440000	2.370000	0.000000	0.000000	0.000000	0.994629	22.039000
1.440000	2.730000	0.000000	0.000000	0.000000	0.994629	22.039000
1.440000	3.100000	0.000000	0.000000	0.000000	0.994629	22.039000
1.440000	3.470000	0.000000	0.000000	0.000000	0.994629	22.039000
1.440000	3.840000	0.000000	0.000000	0.000000	0.994629	22.039000
1.440000	4.200000	0.005214	0.000000	0.000000	0.994629	22.039000
1.440000	4.570000	0.005214	0.000000	0.000000	0.994629	22.039000
1.440000	4.940000	0.005400	0.000000	0.000000	0.994629	22.039000
1.440000	5.310000	0.005400	0.000000	0.000000	0.994629	22.039000
1.440000	5.670000	0.000000	0.000000	0.000000	0.994629	22.039000
1.440000	6.040000	0.010037	0.000000	0.000000	0.994629	22.039000
1.440000	6.410000	0.015622	0.000151	0.000004	0.994629	22.039000
1.440000	6.780000	0.031936	0.000917	0.000086	0.994629	22.039000
1.440000	7.140000	0.040026	0.003908	0.001094	0.994629	22.039000
1.440000	7.510000	0.064665	0.014943	0.006853	0.994629	22.039000
1.440000	7.880000	0.076276	0.026204	0.012295	0.994629	22.039000
1.440000	8.240000	0.098027	0.059399	0.042624	0.994629	22.039000
1.440000	8.610000	0.123766	0.091117	0.075738	0.994629	22.039000
1.440000	8.980000	0.187354	0.158386	0.142120	0.994629	22.039000
1.440000	9.350000	0.258533	0.194516	0.152647	0.994629	22.039000
1.440000	9.710000	0.377044	0.245366	0.173652	0.994629	22.039000
1.440000	10.080000	0.527313	0.255281	0.156848	0.994629	22.039000
1.440000	10.450000	0.626735	0.233398	0.124582	0.994629	22.039000
1.440000	10.820000	0.747209	0.186999	0.064799	0.994629	22.039000
1.440000	11.180000	0.782615	0.162979	0.048303	0.994629	22.039000
1.440000	11.550000	0.826886	0.113242	0.025768	0.994629	22.039000
1.440000	11.920000	0.846622	0.082692	0.018541	0.994629	22.039000
1.440000	12.290000	0.855628	0.079161	0.017992	0.994629	22.039000
1.440000	12.650000	0.869595	0.064953	0.011246	0.994629	22.039000
1.440000	13.020000	0.874984	0.045294	0.008841	0.994629	22.039000
1.440000	13.390000	0.883778	0.038290	0.005679	0.994629	22.039000
1.440000	13.760000	0.885829	0.027644	0.005054	0.994629	22.039000
1.440000	14.120000	0.892583	0.017167	0.001762	0.994629	22.039000
1.440000	14.490000	0.886709	0.030992	0.009263	0.994629	22.039000
1.440000	14.860000	0.889056	0.029733	0.008981	0.994629	22.039000
1.440000	15.220000	0.885749	0.033477	0.012532	0.994629	22.039000
1.440000	15.590000	0.883463	0.035298	0.015157	0.994629	22.039000
1.440000	15.960000	0.888489	0.032158	0.011910	0.994629	22.039000
1.440000	16.330000	0.893848	0.024571	0.006076	0.994629	22.039000
1.440000	16.690000	0.894575	0.024476	0.006060	0.994629	22.039000
1.440000	17.060000	0.897771	0.021909	0.004592	0.994629	22.039000
1.440000	17.430000	0.888777	0.032919	0.012907	0.994629	22.039000
1.440000	17.800000	0.888742	0.032981	0.012970	0.994629	22.039000
1.440000	18.160000	0.895113	0.029825	0.009800	0.994629	22.039000
1.440000	18.530000	0.896960	0.028098	0.008466	0.994629	22.039000
1.440000	18.900000	0.889477	0.034028	0.014368	0.994629	22.039000
1.440000	19.270000	0.890497	0.033256	0.013583	0.994629	22.039000
1.440000	19.630000	0.890669	0.031449	0.011515	0.994629	22.039000
1.440000	20.000000	0.895050	0.028964	0.009131	0.994629	22.039000
1.440000	20.370000	0.893006	0.031997	0.012083	0.994629	22.039000
1.440000	20.730000	0.893906	0.030744	0.010788	0.994629	22.039000
1.440000	21.100000	0.899377	0.025711	0.006973	0.994629	22.039000
1.440000	21.470000	0.896947	0.027184	0.008002	0.994629	22.039000
1.440000	21.840000	0.877060	0.059865	0.025474	0.994629	22.039000
1.440000	22.200000	0.895900	0.028980	0.009210	0.994629	22.039000
1.440000	22.570000	0.894008	0.039477	0.010018	0.994629	22.039000
1.440000	22.940000	0.902809	0.020232	0.003833	0.994629	22.039000
1.440000	23.310000	0.896237	0.038228	0.008355	0.994629	22.039000
1.440000	23.670000	0.894210	0.047623	0.008660	0.994629	22.039000
1.440000	24.040000	0.890749	0.048286	0.011783	0.994629	22.039000
1.440000	24.410000	0.899350	0.022874	0.004038	0.994629	22.039000
1.440000	24.780000	0.893875	0.048854	0.009695	0.994629	22.039000
1.440000	25.140000	0.898655	0.027418	0.008174	0.994629	22.039000
1.440000	25.510000	0.894554	0.042898	0.009808	0.994629	22.039000
1.440000	25.880000	0.903787	0.025357	0.002758	0.994629	22.039000
1.440000	26.240000	0.887286	0.044524	0.011836	0.994629	22.039000
1.440000	26.610000	0.902038	0.017475	0.001397	0.994629	22.039000
1.440000	26.980000	0.905626	0.006538	0.000096	0.994629	22.039000
1.440000	27.350000	0.903376	0.018270	0.002006	0.994629	22.039000
1.440000	27.710000	0.888046	0.051896	0.013632	0.994629	22.039000
1.440000	28.080000	0.901226	0.021419	0.002307	0.994629	22.039000
1.440000	28.450000	0.902929	0.007191	0.000173	0.994629	22.039000
1.440000	28.820000	0.905291	0.007905	0.000149	0.994629	22.039000
1.440000	29.180000	0.897082	0.026878	0.004997	0.994629	22.039000
1.440000	29.550000	0.897665	0.012850	0.000568	0.994629	22.039000
1.440000	29.920000	0.897450	0.025497	0.003080	0.994629	22.039000
1.470000	2.000000	0.000000	0.000000	0.000000	0.994629	22.221000
1.470000	2.370000	0.000000	0.000000	0.000000	0.994629	22.221000
1.470000	2.730000	0.000000	0.000000	0.000000	0.994629	22.221000
1.470000	3.100000	0.000000	0.000000	0.000000	0.994629	22.221000
1.470000	3.470000	0.000000	0.000000	0.000000	0.994629	22.221000
1.470000	3.840000	0.000000	0.000000	0.000000	0.994629	22.221000
1.470000	4.200000	0.000000	0.000000	0.000000	0.994629	22.221000
1.470000	4.570000	0.000000	0.000000	0.000000	0.994629	22.221000
1.470000	4.940000	0.000000	0.000000	0.000000	0.994629	22.221000
1.470000	5.310000	0.000000	0.000000	0.000000	0.994629	22.221000
1.470000	5.670000	0.000000	0.000000	0.000000	0.994629	22.221000
1.470000	6.040000	0.010658	0.000278	0.000014	0.994629	22.221000
1.470000	6.410000	0.023953	0.001855	0.000322	0.994629	22.221000
1.470000	6.780000	0.035557	0.003802	0.001145	0.994629	22.221000
1.470000	7.140000	0.052833	0.009347	0.003906	0.994629	22.221000
1.470000	7.510000	0.059170	0.025117	0.016251	0.994629	22.221000
1.470000	7.880000	0.075768	0.038040	0.030428	0.994629	22.221000
1.470000	8.240000	0.102274	0.071170	0.061246	0.994629	22.221000
1.470000	8.610000	0.118389	0.093349	0.079129	0.994629	22.221000
1.470000	8.980000	0.179148	0.134945	0.108635	0.994629	22.221000
1.470000	9.350000	0.259826	0.203203	0.164557	0.994629	22.221000
1.470000	9.710000	0.411707	0.264343	0.183744	0.994629	22.221000
1.470000	10.080000	0.555167	0.255833	0.146462	0.994629	22.221000
1.470000	10.450000	0.668382	0.253084	0.116236	0.994629	22.221000
1.470000	10.820000	0.765464	0.160704	0.055506	0.994629	22.221000
1.470000	11.180000	0.807024	0.142769	0.036187	0.994629	22.221000
1.470000	11.550000	0.834399	0.107651	0.023717	0.994629	22.221000
1.470000	11.920000	0.854821	0.085488	0.016860	0.994629	22.221000
1.470000	12.290000	0.875600	0.043159	0.006149	0.994629	22.221000
1.470000	12.650000	0.865495	0.062595	0.016414	0.994629	22.221000
1.470000	13.020000	0.868482	0.051804	0.017911	0.994629	22.221000
1.470000	13.390000	0.879411	0.045829	0.011116	0.994629	22.221000
1.470000	13.760000	0.884483	0.033360	0.009135	0.994629	22.221000
1.470000	14.120000	0.884691	0.031549	0.010217	0.994629	22.221000
1.470000	14.490000	0.887477	0.030167	0.008833	0.994629	22.221000
1.470000	14.860000	0.885013	0.033314	0.012301	0.994629	22.221000
1.470000	15.220000	0.890739	0.030365	0.009935	0.994629	22.221000
1.470000	15.590000	0.894750	0.027256	0.007590	0.994629	22.221000
1.470000	15.960000	0.891100	0.030515	0.010208	0.994629	22.221000
1.470000	16.330000	0.895446	0.027004	0.007430	0.994629	22.221000
1.470000	16.690000	0.898703	0.022514	0.004670	0.994629	22.221000
1.470000	17.060000	0.900159	0.018988	0.003149	0.994629	22.221000
1.470000	17.430000	0.890055	0.033103	0.012966	0.994629	22.221000
1.470000	17.800000	0.897826	0.025431	0.006604	0.994629	22.221000
1.470000	18.160000	0.893758	0.029646	0.009731	0.994629	22.221000
1.470000	18.530000	0.899430	0.024392	0.006027	0.994629	22.221000
1.470000	18.900000	0.895420	0.028964	0.009225	0.994629	22.221000
1.470000	19.270000	0.891227	0.032458	0.012564	0.994629	22.221000
1.470000	19.630000	0.897746	0.026271	0.007234	0.994629	22.221000
1.470000	20.000000	0.898844	0.025836	0.007101	0.994629	22.221000
1.470000	20.370000	0.897038	0.028712	0.009182	0.994629	22.221000
1.470000	20.730000	0.897052	0.029188	0.009246	0.994629	22.221000
1.470000	21.100000	0.896343	0.028111	0.008725	0.994629	22.221000
1.470000	21.470000	0.897169	0.027155	0.008068	0.994629	22.221000
1.470000	21.840000	0.889871	0.048677	0.014230	0.994629	22.221000
1.470000	22.200000	0.888897	0.051092	0.015245	0.994629	22.221000
1.470000	22.570000	0.897909	0.039433	0.008472	0.994629	22.221000
1.470000	22.940000	0.898992	0.027023	0.006062	0.994629	22.221000
1.470000	23.310000	0.904099	0.021070	0.004183	0.994629	22.221000
1.470000	23.670000	0.902561	0.029941	0.005110	0.994629	22.221000
1.470000	24.040000	0.905338	0.022821	0.002559	0.994629	22.221000
1.470000	24.410000	0.903247	0.022692	0.004025	0.994629	22.221000
1.470000	24.780000	0.904091	0.018514	0.003216	0.994629	22.221000
1.470000	25.140000	0.902923	0.023687	0.005608	0.994629	22.221000
1.470000	25.510000	0.904503	0.017958	0.002951	0.994629	22.221000
1.470000	25.880000	0.901578	0.021660	0.004709	0.994629	22.221000
1.470000	26.240000	0.900321	0.024035	0.004649	0.994629	22.221000
1.470000	26.610000	0.901489	0.021858	0.004755	0.994629	22.221000
1.470000	26.980000	0.905843	0.013313	0.000758	0.994629	22.221000
1.470000	27.350000	0.904879	0.018419	0.001946	0.994629	22.221000
1.470000	27.710000	0.907137	0.005409	0.000077	0.994629	22.221000
1.470000	28.080000	0.904402	0.008350	0.000227	0.994629	22.221000
1.470000	28.450000	0.907798	0.004273	0.000055	0.994629	22.221000
1.470000	28.820000	0.908737	0.004941	0.000068	0.994629	22.221000
1.470000	29.180000	0.907928	0.004515	0.000060	0.994629	22.221000
1.470000	29.550000	0.906896	0.004082	0.000050	0.994629	22.221000
1.470000	29.920000	0.901550	0.010469	0.000567	0.994629	22.221000
1.500000	2.000000	0.000000	0.000000	0.000000	0.994815	22.417000
1.500000	2.370000	0.005597	0.000000	0.000000	0.994815	22.417000
1.500000	2.730000	0.005784	0.000000	0.000000	0.994815	22.417000
1.500000	3.100000	0.010811	0.000000	0.000000	0.994815	22.417000
1.500000	3.470000	0.010998	0.000000	0.000000	0.994815	22.417000
1.500000	3.840000	0.005400	0.000000	0.000000	0.994815	22.417000
1.500000	4.200000	0.005214	0.000000	0.000000	0.994815	22.417000
1.500000	4.570000	0.005224	0.000000	0.000000	0.994815	22.417000
1.500000	4.940000	0.005037	0.000000	0.000000	0.994815	22.417000
1.500000	5.310000	0.010065	0.000000	0.000000	0.994815	22.417000
1.500000	5.670000	0.000000	0.000000	0.000000	0.994815	22.417000
1.500000	6.040000	0.000000	0.000000	0.000000	0.994815	22.417000
1.500000	6.410000	0.027164	0.000000	0.000000	0.994815	22.417000
1.500000	6.780000	0.026449	0.000000	0.000000	0.994815	22.417000
1.500000	7.140000	0.046161	0.004753	0.001195	0.994815	22.417000
1.500000	7.510000	0.069622	0.020473	0.008607	0.994815	22.417000
1.500000	7.880000	0.080648	0.041582	0.031459	0.994815	22.417000
1.500000	8.240000	0.121334	0.087264	0.075490	0.994815	22.417000
1.500000	8.610000	0.165110	0.121314	0.101043	0.994815	22.417000
1.500000	8.980000	0.205899	0.154344	0.126106	0.994815	22.417000
1.500000	9.350000	0.282903	0.200696	0.159652	0.994815	22.417000
1.500000	9.710000	0.421116	0.250612	0.172821	0.994815	22.417000
1.500000	10.080000	0.542479	0.264864	0.141603	0.994815	22.417000
1.500000	10.450000	0.657297	0.224579	0.102361	0.994815	22.417000
1.500000	10.820000	0.758830	0.156503	0.061196	0.994815	22.417000
1.500000	11.180000	0.812431	0.119018	0.030186	0.994815	22.417000
1.500000	11.550000	0.842103	0.098662	0.026431	0.994815	22.417000
1.500000	11.920000	0.865928	0.070597	0.010972	0.994815	22.417000
1.500000	12.290000	0.877801	0.039456	0.004548	0.994815	22.417000
1.500000	12.650000	0.884135	0.026946	0.003841	0.994815	22.417000
1.500000	13.020000	0.883952	0.030808	0.006840	0.994815	22.417000
1.500000	13.390000	0.880277	0.043866	0.011108	0.994815	22.417000
1.500000	13.760000	0.880833	0.047197	0.012601	0.994815	22.417000
1.500000	14.120000	0.891197	0.024581	0.004597	0.994815	22.417000
1.500000	14.490000	0.892319	0.024510	0.004894	0.994815	22.417000
1.500000	14.860000	0.891191	0.028975	0.007801	0.994815	22.417000
1.500000	15.220000	0.894617	0.025671	0.006161	0.994815	22.417000
1.500000	15.590000	0.890667	0.031166	0.010846	0.994815	22.417000
1.500000	15.960000	0.888874	0.032316	0.012106	0.994815	22.417000
1.500000	16.330000	0.891517	0.031632	0.011181	0.994815	22.417000
1.500000	16.690000	0.898952	0.021983	0.004622	0.994815	22.417000
1.500000	17.060000	0.896589	0.026237	0.007240	0.994815	22.417000
1.500000	17.430000	0.898912	0.023564	0.005630	0.994815	22.417000
1.500000	17.800000	0.893139	0.031986	0.011934	0.994815	22.417000
1.500000	18.160000	0.891937	0.033009	0.012934	0.994815	22.417000
1.500000	18.530000	0.901718	0.021923	0.004575	0.994815	22.417000
1.500000	18.900000	0.900583	0.023801	0.005704	0.994815	22.417000
1.500000	19.270000	0.892623	0.033123	0.013026	0.994815	22.417000
1.500000	19.630000	0.895937	0.030664	0.010703	0.994815	22.417000
1.500000	20.000000	0.896844	0.030406	0.010472	0.994815	22.417000
1.500000	20.370000	0.895538	0.043878	0.011380	0.994815	22.417000
1.500000	20.730000	0.898060	0.028459	0.008849	0.994815	22.417000
1.500000	21.100000	0.899050	0.028876	0.009170	0.994815	22.417000
1.500000	21.470000	0.900023	0.027557	0.008195	0.994815	22.417000
1.500000	21.840000	0.891784	0.045816	0.012995	0.994815	22.417000
1.500000	22.200000	0.894722	0.039154	0.011287	0.994815	22.417000
1.500000	22.570000	0.900392	0.027090	0.007922	0.994815	22.417000
1.500000	22.940000	0.899754	0.041044	0.009120	0.994815	22.417000
1.500000	23.310000	0.899300	0.027771	0.008367	0.994815	22.417000
1.500000	23.670000	0.897892	0.030272	0.010401	0.994815	22.417000
1.500000	24.040000	0.897360	0.030678	0.010413	0.994815	22.417000
1.500000	24.410000	0.902190	0.023720	0.005850	0.994815	22.417000
1.500000	24.780000	0.909170	0.004391	0.000058	0.994815	22.417000
1.500000	25.140000	0.901770	0.037545	0.007750	0.994815	22.417000
1.500000	25.510000	0.905076	0.018215	0.003041	0.994815	22.417000
1.500000	25.880000	0.909320	0.005386	0.000080	0.994815	22.417000
1.500000	26.240000	0.906059	0.006802	0.000157	0.994815	22.417000
1.500000	26.610000	0.908591	0.004111	0.000055	0.994815	22.417000
1.500000	26.980000	0.891992	0.048909	0.010705	0.994815	22.417000
1.500000	27.350000	0.905780	0.013732	0.001579	0.994815	22.417000
1.500000	27.710000	0.905194	0.012528	0.000870	0.994815	22.417000
1.500000	28.080000	0.907954	0.006342	0.000121	0.994815	22.417000
1.500000	28.450000	0.905253	0.009285	0.000382	0.994815	22.417000
1.500000	28.820000	0.908608	0.010834	0.000888	0.994815	22.417000
1.500000	29.180000	0.908298	0.003982	0.000046	0.994815	22.417000
1.500000	29.550000	0.909174	0.005538	0.000082	0.994815	22.417000
1.500000	29.920000	0.905915	0.007867	0.000228	0.994815	22.417000
