axonal_length	MAX_EXC_WEIGHT	mean_peaks_height	std_peaks_height	fano_factor	GC_fraction	mean_degree
0.10	2.00	0.071959	0.027102	0.010207	0.031481	3.41
0.10	2.37	0.072664	0.027537	0.010436	0.031481	3.41
0.10	2.73	0.072801	0.027638	0.010493	0.031481	3.41
0.10	3.10	0.072664	0.027537	0.010436	0.031481	3.41
0.10	3.47	0.072664	0.027537	0.010436	0.031481	3.41
0.10	3.84	0.072664	0.027537	0.010436	0.031481	3.41
0.10	4.20	0.072530	0.027437	0.010379	0.031481	3.41
0.10	4.57	0.071959	0.027102	0.010207	0.031481	3.41
0.10	4.94	0.072801	0.027638	0.010493	0.031481	3.41
0.10	5.31	0.072088	0.027203	0.010265	0.031481	3.41
0.10	5.67	0.072664	0.027537	0.010436	0.031481	3.41
0.10	6.04	0.083976	0.038306	0.017474	0.031481	3.41
0.10	6.41	0.085941	0.038702	0.017429	0.031481	3.41
0.10	6.78	0.085193	0.039038	0.017889	0.031481	3.41
0.10	7.14	0.085150	0.037898	0.016867	0.031481	3.41
0.10	7.51	0.086358	0.039353	0.017933	0.031481	3.41
0.10	7.88	0.086578	0.039917	0.018403	0.031481	3.41
0.10	8.24	0.086775	0.038742	0.017297	0.031481	3.41
0.10	8.61	0.086993	0.041134	0.019450	0.031481	3.41
0.10	8.98	0.085973	0.040426	0.019009	0.031481	3.41
0.10	9.35	0.088027	0.040015	0.018190	0.031481	3.41
0.10	9.71	0.083300	0.038006	0.017341	0.031481	3.41
0.10	10.08	0.089278	0.045727	0.023421	0.031481	3.41
0.10	10.45	0.091110	0.041730	0.019113	0.031481	3.41
0.10	10.82	0.091552	0.042926	0.020127	0.031481	3.41
0.10	11.18	0.092186	0.043386	0.020419	0.031481	3.41
0.10	11.55	0.091995	0.042890	0.019996	0.031481	3.41
0.10	11.92	0.092879	0.046307	0.023087	0.031481	3.41
0.10	12.29	0.093137	0.046387	0.023103	0.031481	3.41
0.10	12.65	0.093583	0.046900	0.023504	0.031481	3.41
0.10	13.02	0.093399	0.045894	0.022551	0.031481	3.41
0.10	13.39	0.094206	0.046154	0.022612	0.031481	3.41
0.10	13.76	0.093764	0.046209	0.022773	0.031481	3.41
0.10	14.12	0.093764	0.046769	0.023328	0.031481	3.41
0.10	14.49	0.094029	0.047403	0.023897	0.031481	3.41
0.10	14.86	0.086639	0.040831	0.019243	0.031481	3.41
0.10	15.22	0.088235	0.042072	0.020060	0.031481	3.41
0.10	15.59	0.089140	0.043919	0.021639	0.031481	3.41
0.10	15.96	0.088688	0.045708	0.023557	0.031481	3.41
0.10	16.33	0.089831	0.045786	0.023337	0.031481	3.41
0.10	16.69	0.090045	0.046254	0.023759	0.031481	3.41
0.10	17.06	0.091154	0.047223	0.024465	0.031481	3.41
0.10	17.43	0.091855	0.050022	0.027241	0.031481	3.41
0.10	17.80	0.091855	0.050022	0.027241	0.031481	3.41
0.10	18.16	0.093479	0.058417	0.036506	0.031481	3.41
0.10	18.53	0.094474	0.057816	0.035382	0.031481	3.41
0.10	18.90	0.096093	0.059140	0.036397	0.031481	3.41
0.10	19.27	0.096380	0.062340	0.040322	0.031481	3.41
0.10	19.63	0.087307	0.060269	0.041605	0.031481	3.41
0.10	20.00	0.086358	0.058637	0.039814	0.031481	3.41
0.10	20.37	0.088235	0.061724	0.043179	0.031481	3.41
0.10	20.73	0.090074	0.064075	0.045581	0.031481	3.41
0.10	21.10	0.092347	0.069760	0.052698	0.031481	3.41
0.10	21.47	0.090686	0.067879	0.050808	0.031481	3.41
0.10	21.84	0.093612	0.072807	0.056627	0.031481	3.41
0.10	22.20	0.091641	0.072279	0.057008	0.031481	3.41
0.10	22.57	0.099690	0.079184	0.062896	0.031481	3.41
0.10	22.94	0.102467	0.085789	0.071825	0.031481	3.41
0.10	23.31	0.102467	0.087506	0.074730	0.031481	3.41
0.10	23.67	0.105365	0.089153	0.075436	0.031481	3.41
0.10	24.04	0.106777	0.090935	0.077442	0.031481	3.41
0.10	24.41	0.141266	0.134267	0.127615	0.031481	3.41
0.10	24.78	0.143939	0.139148	0.134516	0.031481	3.41
0.10	25.14	0.143986	0.142749	0.141523	0.031481	3.41
0.10	25.51	0.149529	0.144866	0.140350	0.031481	3.41
0.10	25.88	0.148396	0.145259	0.142189	0.031481	3.41
0.10	26.24	0.149529	0.146498	0.143529	0.031481	3.41
0.10	26.61	0.148607	0.147580	0.146561	0.031481	3.41
0.10	26.98	0.149079	0.147583	0.146101	0.031481	3.41
0.10	27.35	0.149287	0.148990	0.148694	0.031481	3.41
0.10	27.71	0.154751	0.158200	0.161726	0.031481	3.41
0.10	28.08	0.151703	0.153564	0.155449	0.031481	3.41
0.10	28.45	0.150818	0.154602	0.158480	0.031481	3.41
0.10	28.82	0.123105	0.113976	0.105524	0.031481	3.41
0.10	29.18	0.124250	0.118807	0.113602	0.031481	3.41
0.10	29.55	0.124924	0.118631	0.112654	0.031481	3.41
0.10	29.92	0.135604	0.128330	0.121447	0.031481	3.41
0.13	2.00	0.068571	0.017457	0.004444	0.064815	3.03
0.13	2.37	0.068844	0.017500	0.004448	0.064815	3.03
0.13	2.73	0.068956	0.017546	0.004465	0.064815	3.03
0.13	3.10	0.068625	0.017408	0.004416	0.064815	3.03
0.13	3.47	0.069116	0.017538	0.004450	0.064815	3.03
0.13	3.84	0.069388	0.018009	0.004674	0.064815	3.03
0.13	4.20	0.066891	0.016719	0.004179	0.064815	3.03
0.13	4.57	0.066891	0.016719	0.004179	0.064815	3.03
0.13	4.94	0.066445	0.016558	0.004126	0.064815	3.03
0.13	5.31	0.067227	0.017369	0.004487	0.064815	3.03
0.13	5.67	0.067652	0.017922	0.004748	0.064815	3.03
0.13	6.04	0.067442	0.017919	0.004761	0.064815	3.03
0.13	6.41	0.067442	0.017919	0.004761	0.064815	3.03
0.13	6.78	0.067323	0.017849	0.004732	0.064815	3.03
0.13	7.14	0.067095	0.017712	0.004676	0.064815	3.03
0.13	7.51	0.067208	0.017780	0.004704	0.064815	3.03
0.13	7.88	0.067095	0.017712	0.004676	0.064815	3.03
0.13	8.24	0.067532	0.017854	0.004720	0.064815	3.03
0.13	8.61	0.068304	0.018638	0.005086	0.064815	3.03
0.13	8.98	0.068750	0.019377	0.005462	0.064815	3.03
0.13	9.35	0.068571	0.019281	0.005421	0.064815	3.03
0.13	9.71	0.068571	0.019281	0.005421	0.064815	3.03
0.13	10.08	0.068571	0.019281	0.005421	0.064815	3.03
0.13	10.45	0.068831	0.019880	0.005742	0.064815	3.03
0.13	10.82	0.068831	0.019880	0.005742	0.064815	3.03
0.13	11.18	0.069936	0.020522	0.006022	0.064815	3.03
0.13	11.55	0.070563	0.020639	0.006037	0.064815	3.03
0.13	11.92	0.070362	0.020549	0.006001	0.064815	3.03
0.13	12.29	0.070789	0.021151	0.006320	0.064815	3.03
0.13	12.65	0.072495	0.022257	0.006833	0.064815	3.03
0.13	13.02	0.066667	0.020866	0.006531	0.064815	3.03
0.13	13.39	0.066869	0.020651	0.006377	0.064815	3.03
0.13	13.76	0.069388	0.025815	0.009604	0.064815	3.03
0.13	14.12	0.070554	0.028338	0.011382	0.064815	3.03
0.13	14.49	0.074510	0.032541	0.014212	0.064815	3.03
0.13	14.86	0.075630	0.033865	0.015163	0.064815	3.03
0.13	15.22	0.076571	0.033535	0.014687	0.064815	3.03
0.13	15.59	0.077871	0.033511	0.014421	0.064815	3.03
0.13	15.96	0.079245	0.036243	0.016576	0.064815	3.03
0.13	16.33	0.076190	0.031839	0.013305	0.064815	3.03
0.13	16.69	0.077871	0.034914	0.015654	0.064815	3.03
0.13	17.06	0.078992	0.036488	0.016854	0.064815	3.03
0.13	17.43	0.091258	0.049669	0.027033	0.064815	3.03
0.13	17.80	0.094410	0.051088	0.027645	0.064815	3.03
0.13	18.16	0.094286	0.051869	0.028534	0.064815	3.03
0.13	18.53	0.096480	0.057576	0.034360	0.064815	3.03
0.13	18.90	0.100420	0.058079	0.033591	0.064815	3.03
0.13	19.27	0.101224	0.055630	0.030573	0.064815	3.03
0.13	19.63	0.104082	0.056328	0.030484	0.064815	3.03
0.13	20.00	0.107246	0.061222	0.034949	0.064815	3.03
0.13	20.37	0.111765	0.064400	0.037107	0.064815	3.03
0.13	20.73	0.111905	0.064197	0.036829	0.064815	3.03
0.13	21.10	0.114286	0.067512	0.039881	0.064815	3.03
0.13	21.47	0.117143	0.067810	0.039253	0.064815	3.03
0.13	21.84	0.108242	0.072484	0.048539	0.064815	3.03
0.13	22.20	0.114006	0.076277	0.051035	0.064815	3.03
0.13	22.57	0.113454	0.074106	0.048405	0.064815	3.03
0.13	22.94	0.114830	0.077771	0.052672	0.064815	3.03
0.13	23.31	0.116712	0.078797	0.053199	0.064815	3.03
0.13	23.67	0.118367	0.081046	0.055491	0.064815	3.03
0.13	24.04	0.119505	0.083653	0.058557	0.064815	3.03
0.13	24.41	0.124451	0.086072	0.059529	0.064815	3.03
0.13	24.78	0.130097	0.091200	0.063933	0.064815	3.03
0.13	25.14	0.126984	0.088605	0.061825	0.064815	3.03
0.13	25.51	0.129121	0.088417	0.060545	0.064815	3.03
0.13	25.88	0.153247	0.096524	0.060797	0.064815	3.03
0.13	26.24	0.158730	0.100504	0.063637	0.064815	3.03
0.13	26.61	0.163393	0.099932	0.061119	0.064815	3.03
0.13	26.98	0.170982	0.107676	0.067809	0.064815	3.03
0.13	27.35	0.169697	0.107006	0.067475	0.064815	3.03
0.13	27.71	0.176786	0.112131	0.071122	0.064815	3.03
0.13	28.08	0.180659	0.113747	0.071617	0.064815	3.03
0.13	28.45	0.185268	0.120479	0.078347	0.064815	3.03
0.13	28.82	0.191071	0.126660	0.083962	0.064815	3.03
0.13	29.18	0.195011	0.129041	0.085387	0.064815	3.03
0.13	29.55	0.193750	0.128618	0.085381	0.064815	3.03
0.13	29.92	0.195165	0.130553	0.087332	0.064815	3.03
0.16	2.00	0.062016	0.018178	0.005328	0.074074	3.38
0.16	2.37	0.062302	0.018566	0.005533	0.074074	3.38
0.16	2.73	0.062603	0.018217	0.005301	0.074074	3.38
0.16	3.10	0.062903	0.018913	0.005687	0.074074	3.38
0.16	3.47	0.063821	0.019960	0.006243	0.074074	3.38
0.16	3.84	0.062000	0.018330	0.005419	0.074074	3.38
0.16	4.20	0.063415	0.019727	0.006137	0.074074	3.38
0.16	4.57	0.063115	0.019526	0.006041	0.074074	3.38
0.16	4.94	0.062910	0.019532	0.006064	0.074074	3.38
0.16	5.31	0.063008	0.019742	0.006185	0.074074	3.38
0.16	5.67	0.062791	0.020202	0.006499	0.074074	3.38
0.16	6.04	0.063211	0.018947	0.005679	0.074074	3.38
0.16	6.41	0.057547	0.015800	0.004338	0.074074	3.38
0.16	6.78	0.057547	0.015800	0.004338	0.074074	3.38
0.16	7.14	0.058019	0.016664	0.004786	0.074074	3.38
0.16	7.51	0.058019	0.016664	0.004786	0.074074	3.38
0.16	7.88	0.057870	0.016544	0.004730	0.074074	3.38
0.16	8.24	0.057870	0.016544	0.004730	0.074074	3.38
0.16	8.61	0.057870	0.016544	0.004730	0.074074	3.38
0.16	8.98	0.058333	0.016667	0.004762	0.074074	3.38
0.16	9.35	0.058333	0.016667	0.004762	0.074074	3.38
0.16	9.71	0.058491	0.016783	0.004816	0.074074	3.38
0.16	10.08	0.058962	0.016889	0.004838	0.074074	3.38
0.16	10.45	0.063776	0.018600	0.005424	0.074074	3.38
0.16	10.82	0.063500	0.018173	0.005201	0.074074	3.38
0.16	11.18	0.064500	0.019423	0.005849	0.074074	3.38
0.16	11.55	0.065099	0.019294	0.005718	0.074074	3.38
0.16	11.92	0.066176	0.020306	0.006231	0.074074	3.38
0.16	12.29	0.065625	0.021142	0.006811	0.074074	3.38
0.16	12.65	0.065291	0.021820	0.007292	0.074074	3.38
0.16	13.02	0.066422	0.021720	0.007102	0.074074	3.38
0.16	13.39	0.066667	0.022506	0.007598	0.074074	3.38
0.16	13.76	0.067677	0.022544	0.007510	0.074074	3.38
0.16	14.12	0.068069	0.022283	0.007294	0.074074	3.38
0.16	14.49	0.068317	0.023040	0.007770	0.074074	3.38
0.16	14.86	0.063380	0.021325	0.007175	0.074074	3.38
0.16	15.22	0.063732	0.020891	0.006848	0.074074	3.38
0.16	15.59	0.065000	0.023452	0.008462	0.074074	3.38
0.16	15.96	0.065667	0.024074	0.008826	0.074074	3.38
0.16	16.33	0.066118	0.026190	0.010374	0.074074	3.38
0.16	16.69	0.068092	0.028848	0.012222	0.074074	3.38
0.16	17.06	0.070130	0.028785	0.011815	0.074074	3.38
0.16	17.43	0.071711	0.032531	0.014757	0.074074	3.38
0.16	17.80	0.074026	0.036361	0.017860	0.074074	3.38
0.16	18.16	0.075633	0.039971	0.021124	0.074074	3.38
0.16	18.53	0.075633	0.037731	0.018823	0.074074	3.38
0.16	18.90	0.081875	0.045238	0.024995	0.074074	3.38
0.16	19.27	0.084877	0.048381	0.027578	0.074074	3.38
0.16	19.63	0.087963	0.052427	0.031248	0.074074	3.38
0.16	20.00	0.087195	0.052126	0.031162	0.074074	3.38
0.16	20.37	0.088125	0.055898	0.035457	0.074074	3.38
0.16	20.73	0.087353	0.052807	0.031923	0.074074	3.38
0.16	21.10	0.089157	0.056929	0.036350	0.074074	3.38
0.16	21.47	0.092988	0.061520	0.040701	0.074074	3.38
0.16	21.84	0.096726	0.067124	0.046582	0.074074	3.38
0.16	22.20	0.098824	0.064387	0.041950	0.074074	3.38
0.16	22.57	0.105833	0.070420	0.046857	0.074074	3.38
0.16	22.94	0.110294	0.078991	0.056573	0.074074	3.38
0.16	23.31	0.128521	0.099053	0.076342	0.074074	3.38
0.16	23.67	0.132857	0.103987	0.081390	0.074074	3.38
0.16	24.04	0.137671	0.108233	0.085090	0.074074	3.38
0.16	24.41	0.136429	0.104598	0.080194	0.074074	3.38
0.16	24.78	0.134507	0.110884	0.091409	0.074074	3.38
0.16	25.14	0.139286	0.109591	0.086227	0.074074	3.38
0.16	25.51	0.147857	0.114700	0.088979	0.074074	3.38
0.16	25.88	0.145667	0.119050	0.097297	0.074074	3.38
0.16	26.24	0.151042	0.125100	0.103614	0.074074	3.38
0.16	26.61	0.156884	0.129582	0.107030	0.074074	3.38
0.16	26.98	0.156429	0.139814	0.124964	0.074074	3.38
0.16	27.35	0.147472	0.110034	0.082100	0.074074	3.38
0.16	27.71	0.145833	0.112129	0.086214	0.074074	3.38
0.16	28.08	0.152446	0.114152	0.085478	0.074074	3.38
0.16	28.45	0.154032	0.115429	0.086500	0.074074	3.38
0.16	28.82	0.161782	0.119436	0.088174	0.074074	3.38
0.16	29.18	0.170640	0.122070	0.087325	0.074074	3.38
0.16	29.55	0.169048	0.122573	0.088875	0.074074	3.38
0.16	29.92	0.171512	0.132461	0.102302	0.074074	3.38
0.19	2.00	0.063107	0.007734	0.000948	0.190741	2.90
0.19	2.37	0.062913	0.007327	0.000853	0.190741	2.90
0.19	2.73	0.071197	0.009153	0.001177	0.190741	2.90
0.19	3.10	0.071197	0.009153	0.001177	0.190741	2.90
0.19	3.47	0.071197	0.009153	0.001177	0.190741	2.90
0.19	3.84	0.071197	0.009153	0.001177	0.190741	2.90
0.19	4.20	0.071197	0.009153	0.001177	0.190741	2.90
0.19	4.57	0.071197	0.009153	0.001177	0.190741	2.90
0.19	4.94	0.071197	0.009153	0.001177	0.190741	2.90
0.19	5.31	0.071197	0.009153	0.001177	0.190741	2.90
0.19	5.67	0.071197	0.009153	0.001177	0.190741	2.90
0.19	6.04	0.071197	0.009153	0.001177	0.190741	2.90
0.19	6.41	0.071197	0.009153	0.001177	0.190741	2.90
0.19	6.78	0.061489	0.005285	0.000454	0.190741	2.90
0.19	7.14	0.060931	0.004339	0.000309	0.190741	2.90
0.19	7.51	0.061026	0.004386	0.000315	0.190741	2.90
0.19	7.88	0.060680	0.004204	0.000291	0.190741	2.90
0.19	8.24	0.061893	0.005820	0.000547	0.190741	2.90
0.19	8.61	0.062324	0.005926	0.000563	0.190741	2.90
0.19	8.98	0.062136	0.005932	0.000566	0.190741	2.90
0.19	9.35	0.062197	0.005875	0.000555	0.190741	2.90
0.19	9.71	0.064006	0.008041	0.001010	0.190741	2.90
0.19	10.08	0.064078	0.008898	0.001236	0.190741	2.90
0.19	10.45	0.063107	0.008408	0.001120	0.190741	2.90
0.19	10.82	0.063107	0.008408	0.001120	0.190741	2.90
0.19	11.18	0.063548	0.008137	0.001042	0.190741	2.90
0.19	11.55	0.063107	0.008149	0.001052	0.190741	2.90
0.19	11.92	0.063548	0.008137	0.001042	0.190741	2.90
0.19	12.29	0.063916	0.009260	0.001342	0.190741	2.90
0.19	12.65	0.065939	0.012210	0.002261	0.190741	2.90
0.19	13.02	0.066882	0.013300	0.002645	0.190741	2.90
0.19	13.39	0.067214	0.013972	0.002904	0.190741	2.90
0.19	13.76	0.065085	0.009459	0.001375	0.190741	2.90
0.19	14.12	0.066990	0.012370	0.002284	0.190741	2.90
0.19	14.49	0.066667	0.012467	0.002331	0.190741	2.90
0.19	14.86	0.066990	0.012370	0.002284	0.190741	2.90
0.19	15.22	0.067961	0.013308	0.002606	0.190741	2.90
0.19	15.59	0.067152	0.011973	0.002135	0.190741	2.90
0.19	15.96	0.069382	0.013824	0.002754	0.190741	2.90
0.19	16.33	0.069145	0.013595	0.002673	0.190741	2.90
0.19	16.69	0.070451	0.012955	0.002382	0.190741	2.90
0.19	17.06	0.071905	0.016437	0.003757	0.190741	2.90
0.19	17.43	0.073101	0.018275	0.004569	0.190741	2.90
0.19	17.80	0.073085	0.018659	0.004764	0.190741	2.90
0.19	18.16	0.075833	0.021155	0.005902	0.190741	2.90
0.19	18.53	0.075358	0.021793	0.006302	0.190741	2.90
0.19	18.90	0.076942	0.022706	0.006700	0.190741	2.90
0.19	19.27	0.077433	0.023242	0.006977	0.190741	2.90
0.19	19.63	0.076224	0.022119	0.006419	0.190741	2.90
0.19	20.00	0.077876	0.022525	0.006515	0.190741	2.90
0.19	20.37	0.075459	0.019460	0.005018	0.190741	2.90
0.19	20.73	0.076228	0.020051	0.005274	0.190741	2.90
0.19	21.10	0.077860	0.021794	0.006100	0.190741	2.90
0.19	21.47	0.078859	0.022504	0.006422	0.190741	2.90
0.19	21.84	0.078631	0.022387	0.006374	0.190741	2.90
0.19	22.20	0.080265	0.023421	0.006834	0.190741	2.90
0.19	22.57	0.081572	0.025039	0.007686	0.190741	2.90
0.19	22.94	0.082158	0.026544	0.008576	0.190741	2.90
0.19	23.31	0.082658	0.026811	0.008696	0.190741	2.90
0.19	23.67	0.084289	0.028228	0.009453	0.190741	2.90
0.19	24.04	0.088997	0.035994	0.014558	0.190741	2.90
0.19	24.41	0.089520	0.038722	0.016749	0.190741	2.90
0.19	24.78	0.091618	0.037469	0.015323	0.190741	2.90
0.19	25.14	0.093288	0.040798	0.017842	0.190741	2.90
0.19	25.51	0.092361	0.040812	0.018034	0.190741	2.90
0.19	25.88	0.093273	0.039494	0.016723	0.190741	2.90
0.19	26.24	0.096368	0.040183	0.016755	0.190741	2.90
0.19	26.61	0.095889	0.042178	0.018553	0.190741	2.90
0.19	26.98	0.097550	0.041188	0.017391	0.190741	2.90
0.19	27.35	0.099654	0.042087	0.017775	0.190741	2.90
0.19	27.71	0.095504	0.036866	0.014231	0.190741	2.90
0.19	28.08	0.095146	0.038154	0.015300	0.190741	2.90
0.19	28.45	0.095106	0.038235	0.015371	0.190741	2.90
0.19	28.82	0.097288	0.040835	0.017140	0.190741	2.90
0.19	29.18	0.097496	0.039642	0.016118	0.190741	2.90
0.19	29.55	0.099394	0.039858	0.015984	0.190741	2.90
0.19	29.92	0.100852	0.040641	0.016378	0.190741	2.90
0.21	2.00	0.064052	0.009955	0.001547	0.196296	3.19
0.21	2.37	0.059748	0.004447	0.000331	0.196296	3.19
0.21	2.73	0.059748	0.004447	0.000331	0.196296	3.19
0.21	3.10	0.059748	0.004447	0.000331	0.196296	3.19
0.21	3.47	0.059748	0.004447	0.000331	0.196296	3.19
0.21	3.84	0.059748	0.004447	0.000331	0.196296	3.19
0.21	4.20	0.059748	0.004447	0.000331	0.196296	3.19
0.21	4.57	0.061321	0.007205	0.000847	0.196296	3.19
0.21	4.94	0.060647	0.006872	0.000779	0.196296	3.19
0.21	5.31	0.060647	0.006872	0.000779	0.196296	3.19
0.21	5.67	0.061321	0.004717	0.000363	0.196296	3.19
0.21	6.04	0.061321	0.004717	0.000363	0.196296	3.19
0.21	6.41	0.061321	0.004717	0.000363	0.196296	3.19
0.21	6.78	0.061321	0.004717	0.000363	0.196296	3.19
0.21	7.14	0.061321	0.004717	0.000363	0.196296	3.19
0.21	7.51	0.061321	0.004717	0.000363	0.196296	3.19
0.21	7.88	0.059748	0.004447	0.000331	0.196296	3.19
0.21	8.24	0.060377	0.004622	0.000354	0.196296	3.19
0.21	8.61	0.059748	0.004447	0.000331	0.196296	3.19
0.21	8.98	0.059748	0.004447	0.000331	0.196296	3.19
0.21	9.35	0.062893	0.004447	0.000314	0.196296	3.19
0.21	9.71	0.059299	0.004262	0.000306	0.196296	3.19
0.21	10.08	0.060377	0.004622	0.000354	0.196296	3.19
0.21	10.45	0.060377	0.004622	0.000354	0.196296	3.19
0.21	10.82	0.061321	0.004717	0.000363	0.196296	3.19
0.21	11.18	0.061321	0.004717	0.000363	0.196296	3.19
0.21	11.55	0.058962	0.004085	0.000283	0.196296	3.19
0.21	11.92	0.060377	0.004622	0.000354	0.196296	3.19
0.21	12.29	0.059748	0.004447	0.000331	0.196296	3.19
0.21	12.65	0.063342	0.006602	0.000688	0.196296	3.19
0.21	13.02	0.064570	0.010885	0.001835	0.196296	3.19
0.21	13.39	0.066038	0.011966	0.002168	0.196296	3.19
0.21	13.76	0.064883	0.010720	0.001771	0.196296	3.19
0.21	14.12	0.065298	0.011185	0.001916	0.196296	3.19
0.21	14.49	0.066763	0.012798	0.002453	0.196296	3.19
0.21	14.86	0.066394	0.012823	0.002477	0.196296	3.19
0.21	15.22	0.065881	0.012831	0.002499	0.196296	3.19
0.21	15.59	0.067584	0.013578	0.002728	0.196296	3.19
0.21	15.96	0.068396	0.014059	0.002890	0.196296	3.19
0.21	16.33	0.067610	0.013991	0.002895	0.196296	3.19
0.21	16.69	0.068257	0.016456	0.003967	0.196296	3.19
0.21	17.06	0.068355	0.017608	0.004536	0.196296	3.19
0.21	17.43	0.069844	0.018009	0.004644	0.196296	3.19
0.21	17.80	0.072493	0.018631	0.004788	0.196296	3.19
0.21	18.16	0.072028	0.019407	0.005229	0.196296	3.19
0.21	18.53	0.072843	0.020004	0.005493	0.196296	3.19
0.21	18.90	0.072776	0.019990	0.005491	0.196296	3.19
0.21	19.27	0.075608	0.022226	0.006534	0.196296	3.19
0.21	19.63	0.075870	0.022248	0.006524	0.196296	3.19
0.21	20.00	0.076186	0.023243	0.007091	0.196296	3.19
0.21	20.37	0.077175	0.024017	0.007474	0.196296	3.19
0.21	20.73	0.079325	0.026189	0.008646	0.196296	3.19
0.21	21.10	0.083288	0.025908	0.008059	0.196296	3.19
0.21	21.47	0.084048	0.027669	0.009109	0.196296	3.19
0.21	21.84	0.085488	0.030284	0.010728	0.196296	3.19
0.21	22.20	0.085711	0.028841	0.009705	0.196296	3.19
0.21	22.57	0.086156	0.028122	0.009179	0.196296	3.19
0.21	22.94	0.086332	0.030024	0.010441	0.196296	3.19
0.21	23.31	0.089797	0.030744	0.010526	0.196296	3.19
0.21	23.67	0.088214	0.032637	0.012075	0.196296	3.19
0.21	24.04	0.090664	0.033558	0.012421	0.196296	3.19
0.21	24.41	0.090198	0.035972	0.014346	0.196296	3.19
0.21	24.78	0.092844	0.035497	0.013572	0.196296	3.19
0.21	25.14	0.092767	0.036764	0.014570	0.196296	3.19
0.21	25.51	0.094768	0.038634	0.015750	0.196296	3.19
0.21	25.88	0.095687	0.040885	0.017469	0.196296	3.19
0.21	26.24	0.096828	0.040167	0.016663	0.196296	3.19
0.21	26.61	0.095845	0.039937	0.016641	0.196296	3.19
0.21	26.98	0.095849	0.039164	0.016003	0.196296	3.19
0.21	27.35	0.102161	0.041118	0.016549	0.196296	3.19
0.21	27.71	0.105925	0.041103	0.015950	0.196296	3.19
0.21	28.08	0.106325	0.045948	0.019856	0.196296	3.19
0.21	28.45	0.110280	0.048206	0.021072	0.196296	3.19
0.21	28.82	0.110928	0.049487	0.022077	0.196296	3.19
0.21	29.18	0.113933	0.050693	0.022555	0.196296	3.19
0.21	29.55	0.113208	0.049081	0.021279	0.196296	3.19
0.21	29.92	0.123381	0.054462	0.024040	0.196296	3.19
0.24	2.00	0.056410	0.006190	0.000679	0.250000	3.39
0.24	2.37	0.054701	0.004629	0.000392	0.250000	3.39
0.24	2.73	0.055026	0.004613	0.000387	0.250000	3.39
0.24	3.10	0.055840	0.005524	0.000547	0.250000	3.39
0.24	3.47	0.054815	0.004526	0.000374	0.250000	3.39
0.24	3.84	0.054630	0.004441	0.000361	0.250000	3.39
0.24	4.20	0.055556	0.005422	0.000529	0.250000	3.39
0.24	4.57	0.054321	0.004417	0.000359	0.250000	3.39
0.24	4.94	0.054815	0.005273	0.000507	0.250000	3.39
0.24	5.31	0.054321	0.004417	0.000359	0.250000	3.39
0.24	5.67	0.055093	0.005217	0.000494	0.250000	3.39
0.24	6.04	0.056296	0.005926	0.000624	0.250000	3.39
0.24	6.41	0.056481	0.005782	0.000592	0.250000	3.39
0.24	6.78	0.055338	0.005156	0.000480	0.250000	3.39
0.24	7.14	0.055144	0.005074	0.000467	0.250000	3.39
0.24	7.51	0.056019	0.005217	0.000486	0.250000	3.39
0.24	7.88	0.055773	0.005156	0.000477	0.250000	3.39
0.24	8.24	0.054733	0.005023	0.000461	0.250000	3.39
0.24	8.61	0.059259	0.000000	0.000000	0.250000	3.39
0.24	8.98	0.059259	0.000000	0.000000	0.250000	3.39
0.24	9.35	0.055556	0.003704	0.000247	0.250000	3.39
0.24	9.71	0.054321	0.003492	0.000224	0.250000	3.39
0.24	10.08	0.054321	0.003492	0.000224	0.250000	3.39
0.24	10.45	0.056790	0.003492	0.000215	0.250000	3.39
0.24	10.82	0.056790	0.003492	0.000215	0.250000	3.39
0.24	11.18	0.056790	0.003492	0.000215	0.250000	3.39
0.24	11.55	0.056683	0.006409	0.000725	0.250000	3.39
0.24	11.92	0.057649	0.006537	0.000741	0.250000	3.39
0.24	12.29	0.057099	0.006584	0.000759	0.250000	3.39
0.24	12.65	0.058293	0.007662	0.001007	0.250000	3.39
0.24	13.02	0.058937	0.008311	0.001172	0.250000	3.39
0.24	13.39	0.058689	0.009619	0.001577	0.250000	3.39
0.24	13.76	0.059259	0.009636	0.001567	0.250000	3.39
0.24	14.12	0.060082	0.009738	0.001578	0.250000	3.39
0.24	14.49	0.059506	0.008223	0.001136	0.250000	3.39
0.24	14.86	0.060494	0.009642	0.001537	0.250000	3.39
0.24	15.22	0.060943	0.010926	0.001959	0.250000	3.39
0.24	15.59	0.060444	0.011023	0.002010	0.250000	3.39
0.24	15.96	0.061905	0.011409	0.002103	0.250000	3.39
0.24	16.33	0.063374	0.011984	0.002266	0.250000	3.39
0.24	16.69	0.065679	0.016085	0.003939	0.250000	3.39
0.24	17.06	0.064609	0.014142	0.003096	0.250000	3.39
0.24	17.43	0.065497	0.016169	0.003991	0.250000	3.39
0.24	17.80	0.067025	0.015368	0.003524	0.250000	3.39
0.24	18.16	0.068675	0.018390	0.004925	0.250000	3.39
0.24	18.53	0.069028	0.019063	0.005265	0.250000	3.39
0.24	18.90	0.068845	0.018973	0.005229	0.250000	3.39
0.24	19.27	0.070971	0.019636	0.005433	0.250000	3.39
0.24	19.63	0.072027	0.019546	0.005304	0.250000	3.39
0.24	20.00	0.073401	0.022116	0.006663	0.250000	3.39
0.24	20.37	0.076699	0.023336	0.007100	0.250000	3.39
0.24	20.73	0.071730	0.025539	0.009093	0.250000	3.39
0.24	21.10	0.072267	0.025960	0.009325	0.250000	3.39
0.24	21.47	0.073717	0.027160	0.010006	0.250000	3.39
0.24	21.84	0.075337	0.028694	0.010929	0.250000	3.39
0.24	22.20	0.077991	0.032664	0.013680	0.250000	3.39
0.24	22.57	0.078735	0.031902	0.012926	0.250000	3.39
0.24	22.94	0.079090	0.032736	0.013550	0.250000	3.39
0.24	23.31	0.081708	0.033952	0.014108	0.250000	3.39
0.24	23.67	0.080475	0.033638	0.014061	0.250000	3.39
0.24	24.04	0.113404	0.048801	0.021001	0.250000	3.39
0.24	24.41	0.115432	0.050338	0.021952	0.250000	3.39
0.24	24.78	0.121317	0.052629	0.022831	0.250000	3.39
0.24	25.14	0.120961	0.053310	0.023495	0.250000	3.39
0.24	25.51	0.127485	0.053382	0.022353	0.250000	3.39
0.24	25.88	0.129439	0.052358	0.021179	0.250000	3.39
0.24	26.24	0.127333	0.055833	0.024482	0.250000	3.39
0.24	26.61	0.129781	0.058453	0.026327	0.250000	3.39
0.24	26.98	0.131713	0.060822	0.028087	0.250000	3.39
0.24	27.35	0.124929	0.073352	0.043068	0.250000	3.39
0.24	27.71	0.126631	0.072689	0.041725	0.250000	3.39
0.24	28.08	0.126134	0.073024	0.042277	0.250000	3.39
0.24	28.45	0.134727	0.084610	0.053136	0.250000	3.39
0.24	28.82	0.139302	0.085523	0.052506	0.250000	3.39
0.24	29.18	0.142868	0.087387	0.053451	0.250000	3.39
0.24	29.55	0.141517	0.088044	0.054776	0.250000	3.39
0.24	29.92	0.140741	0.088585	0.055758	0.250000	3.39
0.27	2.00	0.000000	0.000000	0.000000	0.662963	3.65
0.27	2.37	0.000000	0.000000	0.000000	0.662963	3.65
0.27	2.73	0.000000	0.000000	0.000000	0.662963	3.65
0.27	3.10	0.000000	0.000000	0.000000	0.662963	3.65
0.27	3.47	0.000000	0.000000	0.000000	0.662963	3.65
0.27	3.84	0.000000	0.000000	0.000000	0.662963	3.65
0.27	4.20	0.000000	0.000000	0.000000	0.662963	3.65
0.27	4.57	0.000000	0.000000	0.000000	0.662963	3.65
0.27	4.94	0.000000	0.000000	0.000000	0.662963	3.65
0.27	5.31	0.000000	0.000000	0.000000	0.662963	3.65
0.27	5.67	0.000000	0.000000	0.000000	0.662963	3.65
0.27	6.04	0.000000	0.000000	0.000000	0.662963	3.65
0.27	6.41	0.000000	0.000000	0.000000	0.662963	3.65
0.27	6.78	0.000000	0.000000	0.000000	0.662963	3.65
0.27	7.14	0.000000	0.000000	0.000000	0.662963	3.65
0.27	7.51	0.000000	0.000000	0.000000	0.662963	3.65
0.27	7.88	0.052607	0.001920	0.000070	0.662963	3.65
0.27	8.24	0.053073	0.002793	0.000147	0.662963	3.65
0.27	8.61	0.053073	0.001767	0.000059	0.662963	3.65
0.27	8.98	0.053631	0.002737	0.000140	0.662963	3.65
0.27	9.35	0.053073	0.002793	0.000147	0.662963	3.65
0.27	9.71	0.053631	0.002737	0.000140	0.662963	3.65
0.27	10.08	0.000000	0.000000	0.000000	0.662963	3.65
0.27	10.45	0.000000	0.000000	0.000000	0.662963	3.65
0.27	10.82	0.000000	0.000000	0.000000	0.662963	3.65
0.27	11.18	0.000000	0.000000	0.000000	0.662963	3.65
0.27	11.55	0.050279	0.000000	0.000000	0.662963	3.65
0.27	11.92	0.000000	0.000000	0.000000	0.662963	3.65
0.27	12.29	0.050279	0.000000	0.000000	0.662963	3.65
0.27	12.65	0.050279	0.000000	0.000000	0.662963	3.65
0.27	13.02	0.051210	0.001317	0.000034	0.662963	3.65
0.27	13.39	0.053771	0.003044	0.000172	0.662963	3.65
0.27	13.76	0.052142	0.002082	0.000083	0.662963	3.65
0.27	14.12	0.053422	0.003935	0.000290	0.662963	3.65
0.27	14.49	0.054716	0.005509	0.000555	0.662963	3.65
0.27	14.86	0.055866	0.005962	0.000636	0.662963	3.65
0.27	15.22	0.057728	0.007091	0.000871	0.662963	3.65
0.27	15.59	0.056374	0.008279	0.001216	0.662963	3.65
0.27	15.96	0.054780	0.005825	0.000619	0.662963	3.65
0.27	16.33	0.057263	0.005661	0.000560	0.662963	3.65
0.27	16.69	0.059358	0.007554	0.000961	0.662963	3.65
0.27	17.06	0.058659	0.007449	0.000946	0.662963	3.65
0.27	17.43	0.057107	0.007986	0.001117	0.662963	3.65
0.27	17.80	0.058747	0.008509	0.001233	0.662963	3.65
0.27	18.16	0.058799	0.007648	0.000995	0.662963	3.65
0.27	18.53	0.059707	0.010977	0.002018	0.662963	3.65
0.27	18.90	0.059864	0.009440	0.001489	0.662963	3.65
0.27	19.27	0.062737	0.010879	0.001886	0.662963	3.65
0.27	19.63	0.063082	0.011865	0.002232	0.662963	3.65
0.27	20.00	0.068366	0.017326	0.004391	0.662963	3.65
0.27	20.37	0.071636	0.017225	0.004142	0.662963	3.65
0.27	20.73	0.074199	0.020358	0.005586	0.662963	3.65
0.27	21.10	0.074152	0.019419	0.005085	0.662963	3.65
0.27	21.47	0.079313	0.025988	0.008516	0.662963	3.65
0.27	21.84	0.075127	0.020768	0.005741	0.662963	3.65
0.27	22.20	0.081072	0.024541	0.007429	0.662963	3.65
0.27	22.57	0.078119	0.023820	0.007263	0.662963	3.65
0.27	22.94	0.084458	0.026648	0.008408	0.662963	3.65
0.27	23.31	0.083947	0.028376	0.009592	0.662963	3.65
0.27	23.67	0.087574	0.027863	0.008865	0.662963	3.65
0.27	24.04	0.079687	0.023849	0.007138	0.662963	3.65
0.27	24.41	0.078278	0.023314	0.006944	0.662963	3.65
0.27	24.78	0.086414	0.024882	0.007165	0.662963	3.65
0.27	25.14	0.087590	0.026447	0.007985	0.662963	3.65
0.27	25.51	0.088227	0.029074	0.009581	0.662963	3.65
0.27	25.88	0.094018	0.034214	0.012451	0.662963	3.65
0.27	26.24	0.094972	0.033149	0.011570	0.662963	3.65
0.27	26.61	0.095038	0.033948	0.012127	0.662963	3.65
0.27	26.98	0.102285	0.040274	0.015857	0.662963	3.65
0.27	27.35	0.126870	0.047794	0.018005	0.662963	3.65
0.27	27.71	0.136775	0.050440	0.018601	0.662963	3.65
0.27	28.08	0.139106	0.050568	0.018382	0.662963	3.65
0.27	28.45	0.139002	0.052850	0.020094	0.662963	3.65
0.27	28.82	0.155786	0.052166	0.017468	0.662963	3.65
0.27	29.18	0.154076	0.051944	0.017512	0.662963	3.65
0.27	29.55	0.144504	0.056409	0.022020	0.662963	3.65
0.27	29.92	0.146579	0.063097	0.027161	0.662963	3.65
0.30	2.00	0.000000	0.000000	0.000000	0.672222	3.90
0.30	2.37	0.000000	0.000000	0.000000	0.672222	3.90
0.30	2.73	0.000000	0.000000	0.000000	0.672222	3.90
0.30	3.10	0.000000	0.000000	0.000000	0.672222	3.90
0.30	3.47	0.000000	0.000000	0.000000	0.672222	3.90
0.30	3.84	0.000000	0.000000	0.000000	0.672222	3.90
0.30	4.20	0.000000	0.000000	0.000000	0.672222	3.90
0.30	4.57	0.000000	0.000000	0.000000	0.672222	3.90
0.30	4.94	0.000000	0.000000	0.000000	0.672222	3.90
0.30	5.31	0.000000	0.000000	0.000000	0.672222	3.90
0.30	5.67	0.000000	0.000000	0.000000	0.672222	3.90
0.30	6.04	0.000000	0.000000	0.000000	0.672222	3.90
0.30	6.41	0.000000	0.000000	0.000000	0.672222	3.90
0.30	6.78	0.000000	0.000000	0.000000	0.672222	3.90
0.30	7.14	0.000000	0.000000	0.000000	0.672222	3.90
0.30	7.51	0.000000	0.000000	0.000000	0.672222	3.90
0.30	7.88	0.000000	0.000000	0.000000	0.672222	3.90
0.30	8.24	0.000000	0.000000	0.000000	0.672222	3.90
0.30	8.61	0.000000	0.000000	0.000000	0.672222	3.90
0.30	8.98	0.000000	0.000000	0.000000	0.672222	3.90
0.30	9.35	0.000000	0.000000	0.000000	0.672222	3.90
0.30	9.71	0.000000	0.000000	0.000000	0.672222	3.90
0.30	10.08	0.000000	0.000000	0.000000	0.672222	3.90
0.30	10.45	0.000000	0.000000	0.000000	0.672222	3.90
0.30	10.82	0.000000	0.000000	0.000000	0.672222	3.90
0.30	11.18	0.000000	0.000000	0.000000	0.672222	3.90
0.30	11.55	0.052342	0.000000	0.000000	0.672222	3.90
0.30	11.92	0.053719	0.001377	0.000035	0.672222	3.90
0.30	12.29	0.052342	0.000000	0.000000	0.672222	3.90
0.30	12.65	0.000000	0.000000	0.000000	0.672222	3.90
0.30	13.02	0.052342	0.000000	0.000000	0.672222	3.90
0.30	13.39	0.052342	0.000000	0.000000	0.672222	3.90
0.30	13.76	0.054178	0.001299	0.000031	0.672222	3.90
0.30	14.12	0.056015	0.001299	0.000030	0.672222	3.90
0.30	14.49	0.055096	0.002755	0.000138	0.672222	3.90
0.30	14.86	0.053260	0.001299	0.000032	0.672222	3.90
0.30	15.22	0.053994	0.002204	0.000090	0.672222	3.90
0.30	15.59	0.054178	0.003046	0.000171	0.672222	3.90
0.30	15.96	0.059917	0.006853	0.000784	0.672222	3.90
0.30	16.33	0.056887	0.004292	0.000324	0.672222	3.90
0.30	16.69	0.056749	0.004214	0.000313	0.672222	3.90
0.30	17.06	0.059289	0.006982	0.000822	0.672222	3.90
0.30	17.43	0.060055	0.007141	0.000849	0.672222	3.90
0.30	17.80	0.059415	0.006549	0.000722	0.672222	3.90
0.30	18.16	0.060486	0.008539	0.001205	0.672222	3.90
0.30	18.53	0.061065	0.008378	0.001150	0.672222	3.90
0.30	18.90	0.060026	0.008048	0.001079	0.672222	3.90
0.30	19.27	0.063486	0.011628	0.002130	0.672222	3.90
0.30	19.63	0.066061	0.012277	0.002281	0.672222	3.90
0.30	20.00	0.068793	0.015216	0.003365	0.672222	3.90
0.30	20.37	0.071840	0.016951	0.004000	0.672222	3.90
0.30	20.73	0.075413	0.020823	0.005750	0.672222	3.90
0.30	21.10	0.081032	0.021849	0.005891	0.672222	3.90
0.30	21.47	0.080102	0.022890	0.006541	0.672222	3.90
0.30	21.84	0.084318	0.027349	0.008871	0.672222	3.90
0.30	22.20	0.089709	0.028847	0.009276	0.672222	3.90
0.30	22.57	0.091263	0.030316	0.010070	0.672222	3.90
0.30	22.94	0.095041	0.032135	0.010865	0.672222	3.90
0.30	23.31	0.097002	0.037469	0.014473	0.672222	3.90
0.30	23.67	0.103378	0.038675	0.014469	0.672222	3.90
0.30	24.04	0.097135	0.033994	0.011897	0.672222	3.90
0.30	24.41	0.098559	0.036321	0.013385	0.672222	3.90
0.30	24.78	0.103094	0.037288	0.013487	0.672222	3.90
0.30	25.14	0.106311	0.038829	0.014182	0.672222	3.90
0.30	25.51	0.110520	0.043565	0.017173	0.672222	3.90
0.30	25.88	0.106030	0.042781	0.017261	0.672222	3.90
0.30	26.24	0.108034	0.041223	0.015729	0.672222	3.90
0.30	26.61	0.105671	0.041895	0.016610	0.672222	3.90
0.30	26.98	0.115595	0.047951	0.019891	0.672222	3.90
0.30	27.35	0.117641	0.045005	0.017217	0.672222	3.90
0.30	27.71	0.191846	0.073646	0.028271	0.672222	3.90
0.30	28.08	0.201429	0.084987	0.035858	0.672222	3.90
0.30	28.45	0.215409	0.088291	0.036189	0.672222	3.90
0.30	28.82	0.213314	0.091449	0.039205	0.672222	3.90
0.30	29.18	0.165424	0.061675	0.022994	0.672222	3.90
0.30	29.55	0.164724	0.063935	0.024815	0.672222	3.90
0.30	29.92	0.168676	0.056752	0.019094	0.672222	3.90
0.33	2.00	0.000000	0.000000	0.000000	0.764815	4.09
0.33	2.37	0.000000	0.000000	0.000000	0.764815	4.09
0.33	2.73	0.000000	0.000000	0.000000	0.764815	4.09
0.33	3.10	0.000000	0.000000	0.000000	0.764815	4.09
0.33	3.47	0.000000	0.000000	0.000000	0.764815	4.09
0.33	3.84	0.000000	0.000000	0.000000	0.764815	4.09
0.33	4.20	0.000000	0.000000	0.000000	0.764815	4.09
0.33	4.57	0.000000	0.000000	0.000000	0.764815	4.09
0.33	4.94	0.000000	0.000000	0.000000	0.764815	4.09
0.33	5.31	0.000000	0.000000	0.000000	0.764815	4.09
0.33	5.67	0.000000	0.000000	0.000000	0.764815	4.09
0.33	6.04	0.000000	0.000000	0.000000	0.764815	4.09
0.33	6.41	0.000000	0.000000	0.000000	0.764815	4.09
0.33	6.78	0.000000	0.000000	0.000000	0.764815	4.09
0.33	7.14	0.000000	0.000000	0.000000	0.764815	4.09
0.33	7.51	0.000000	0.000000	0.000000	0.764815	4.09
0.33	7.88	0.050847	0.000000	0.000000	0.764815	4.09
0.33	8.24	0.000000	0.000000	0.000000	0.764815	4.09
0.33	8.61	0.000000	0.000000	0.000000	0.764815	4.09
0.33	8.98	0.000000	0.000000	0.000000	0.764815	4.09
0.33	9.35	0.000000	0.000000	0.000000	0.764815	4.09
0.33	9.71	0.000000	0.000000	0.000000	0.764815	4.09
0.33	10.08	0.000000	0.000000	0.000000	0.764815	4.09
0.33	10.45	0.000000	0.000000	0.000000	0.764815	4.09
0.33	10.82	0.000000	0.000000	0.000000	0.764815	4.09
0.33	11.18	0.000000	0.000000	0.000000	0.764815	4.09
0.33	11.55	0.000000	0.000000	0.000000	0.764815	4.09
0.33	11.92	0.050847	0.000000	0.000000	0.764815	4.09
0.33	12.29	0.000000	0.000000	0.000000	0.764815	4.09
0.33	12.65	0.000000	0.000000	0.000000	0.764815	4.09
0.33	13.02	0.052058	0.001211	0.000028	0.764815	4.09
0.33	13.39	0.056901	0.004992	0.000438	0.764815	4.09
0.33	13.76	0.057627	0.005811	0.000586	0.764815	4.09
0.33	14.12	0.058111	0.007183	0.000888	0.764815	4.09
0.33	14.49	0.058515	0.006469	0.000715	0.764815	4.09
0.33	14.86	0.058803	0.008053	0.001103	0.764815	4.09
0.33	15.22	0.058649	0.007465	0.000950	0.764815	4.09
0.33	15.59	0.057420	0.005747	0.000575	0.764815	4.09
0.33	15.96	0.059974	0.006311	0.000664	0.764815	4.09
0.33	16.33	0.060313	0.010476	0.001820	0.764815	4.09
0.33	16.69	0.060694	0.009764	0.001571	0.764815	4.09
0.33	17.06	0.060467	0.009578	0.001517	0.764815	4.09
0.33	17.43	0.060578	0.010373	0.001776	0.764815	4.09
0.33	17.80	0.063506	0.012487	0.002455	0.764815	4.09
0.33	18.16	0.061245	0.010514	0.001805	0.764815	4.09
0.33	18.53	0.063821	0.011659	0.002130	0.764815	4.09
0.33	18.90	0.067635	0.015619	0.003607	0.764815	4.09
0.33	19.27	0.067490	0.015220	0.003432	0.764815	4.09
0.33	19.63	0.069259	0.015994	0.003694	0.764815	4.09
0.33	20.00	0.072978	0.020025	0.005495	0.764815	4.09
0.33	20.37	0.073274	0.018104	0.004473	0.764815	4.09
0.33	20.73	0.075145	0.020851	0.005786	0.764815	4.09
0.33	21.10	0.079183	0.020853	0.005492	0.764815	4.09
0.33	21.47	0.081798	0.023477	0.006738	0.764815	4.09
0.33	21.84	0.085862	0.028151	0.009230	0.764815	4.09
0.33	22.20	0.084357	0.027412	0.008908	0.764815	4.09
0.33	22.57	0.091785	0.032105	0.011230	0.764815	4.09
0.33	22.94	0.091728	0.029791	0.009676	0.764815	4.09
0.33	23.31	0.099962	0.036266	0.013157	0.764815	4.09
0.33	23.67	0.098794	0.037051	0.013896	0.764815	4.09
0.33	24.04	0.110108	0.041862	0.015916	0.764815	4.09
0.33	24.41	0.107376	0.043693	0.017779	0.764815	4.09
0.33	24.78	0.110358	0.042499	0.016367	0.764815	4.09
0.33	25.14	0.116730	0.050065	0.021473	0.764815	4.09
0.33	25.51	0.117263	0.041642	0.014788	0.764815	4.09
0.33	25.88	0.116241	0.043951	0.016618	0.764815	4.09
0.33	26.24	0.123196	0.046767	0.017754	0.764815	4.09
0.33	26.61	0.128596	0.052699	0.021596	0.764815	4.09
0.33	26.98	0.132494	0.051223	0.019803	0.764815	4.09
0.33	27.35	0.141012	0.057260	0.023251	0.764815	4.09
0.33	27.71	0.152135	0.064206	0.027097	0.764815	4.09
0.33	28.08	0.148330	0.056940	0.021858	0.764815	4.09
0.33	28.45	0.149440	0.058081	0.022574	0.764815	4.09
0.33	28.82	0.165782	0.063710	0.024484	0.764815	4.09
0.33	29.18	0.157346	0.060248	0.023069	0.764815	4.09
0.33	29.55	0.177111	0.069134	0.026986	0.764815	4.09
0.33	29.92	0.175997	0.069015	0.027064	0.764815	4.09
0.36	2.00	0.000000	0.000000	0.000000	0.798148	4.28
0.36	2.37	0.000000	0.000000	0.000000	0.798148	4.28
0.36	2.73	0.000000	0.000000	0.000000	0.798148	4.28
0.36	3.10	0.000000	0.000000	0.000000	0.798148	4.28
0.36	3.47	0.000000	0.000000	0.000000	0.798148	4.28
0.36	3.84	0.000000	0.000000	0.000000	0.798148	4.28
0.36	4.20	0.000000	0.000000	0.000000	0.798148	4.28
0.36	4.57	0.000000	0.000000	0.000000	0.798148	4.28
0.36	4.94	0.000000	0.000000	0.000000	0.798148	4.28
0.36	5.31	0.000000	0.000000	0.000000	0.798148	4.28
0.36	5.67	0.000000	0.000000	0.000000	0.798148	4.28
0.36	6.04	0.000000	0.000000	0.000000	0.798148	4.28
0.36	6.41	0.000000	0.000000	0.000000	0.798148	4.28
0.36	6.78	0.000000	0.000000	0.000000	0.798148	4.28
0.36	7.14	0.000000	0.000000	0.000000	0.798148	4.28
0.36	7.51	0.000000	0.000000	0.000000	0.798148	4.28
0.36	7.88	0.000000	0.000000	0.000000	0.798148	4.28
0.36	8.24	0.000000	0.000000	0.000000	0.798148	4.28
0.36	8.61	0.000000	0.000000	0.000000	0.798148	4.28
0.36	8.98	0.000000	0.000000	0.000000	0.798148	4.28
0.36	9.35	0.000000	0.000000	0.000000	0.798148	4.28
0.36	9.71	0.055684	0.000000	0.000000	0.798148	4.28
0.36	10.08	0.000000	0.000000	0.000000	0.798148	4.28
0.36	10.45	0.051044	0.000000	0.000000	0.798148	4.28
0.36	10.82	0.000000	0.000000	0.000000	0.798148	4.28
0.36	11.18	0.000000	0.000000	0.000000	0.798148	4.28
0.36	11.55	0.053364	0.000000	0.000000	0.798148	4.28
0.36	11.92	0.052204	0.001160	0.000026	0.798148	4.28
0.36	12.29	0.053364	0.002320	0.000101	0.798148	4.28
0.36	12.65	0.052591	0.001094	0.000023	0.798148	4.28
0.36	13.02	0.054138	0.002187	0.000088	0.798148	4.28
0.36	13.39	0.053364	0.002320	0.000101	0.798148	4.28
0.36	13.76	0.053751	0.002082	0.000081	0.798148	4.28
0.36	14.12	0.055052	0.005149	0.000482	0.798148	4.28
0.36	14.49	0.054792	0.003091	0.000174	0.798148	4.28
0.36	14.86	0.056613	0.006924	0.000847	0.798148	4.28
0.36	15.22	0.056783	0.005751	0.000582	0.798148	4.28
0.36	15.59	0.056705	0.005724	0.000578	0.798148	4.28
0.36	15.96	0.056729	0.006823	0.000821	0.798148	4.28
0.36	16.33	0.057833	0.005009	0.000434	0.798148	4.28
0.36	16.69	0.059762	0.008018	0.001076	0.798148	4.28
0.36	17.06	0.060137	0.008837	0.001299	0.798148	4.28
0.36	17.43	0.063607	0.011504	0.002081	0.798148	4.28
0.36	17.80	0.062042	0.010488	0.001773	0.798148	4.28
0.36	18.16	0.063184	0.011757	0.002188	0.798148	4.28
0.36	18.53	0.064411	0.012601	0.002465	0.798148	4.28
0.36	18.90	0.066415	0.012262	0.002264	0.798148	4.28
0.36	19.27	0.067649	0.014865	0.003266	0.798148	4.28
0.36	19.63	0.067504	0.012440	0.002292	0.798148	4.28
0.36	20.00	0.070977	0.015452	0.003364	0.798148	4.28
0.36	20.37	0.075103	0.017694	0.004169	0.798148	4.28
0.36	20.73	0.075013	0.021172	0.005976	0.798148	4.28
0.36	21.10	0.073466	0.021134	0.006080	0.798148	4.28
0.36	21.47	0.077670	0.023352	0.007021	0.798148	4.28
0.36	21.84	0.080621	0.023867	0.007066	0.798148	4.28
0.36	22.20	0.084042	0.028220	0.009476	0.798148	4.28
0.36	22.57	0.090379	0.028971	0.009287	0.798148	4.28
0.36	22.94	0.086198	0.027737	0.008926	0.798148	4.28
0.36	23.31	0.090413	0.030910	0.010568	0.798148	4.28
0.36	23.67	0.096425	0.031309	0.010166	0.798148	4.28
0.36	24.04	0.097988	0.034210	0.011944	0.798148	4.28
0.36	24.41	0.119588	0.043527	0.015842	0.798148	4.28
0.36	24.78	0.128555	0.052168	0.021170	0.798148	4.28
0.36	25.14	0.131746	0.052137	0.020633	0.798148	4.28
0.36	25.51	0.136504	0.053864	0.021255	0.798148	4.28
0.36	25.88	0.150032	0.058828	0.023066	0.798148	4.28
0.36	26.24	0.166186	0.067904	0.027746	0.798148	4.28
0.36	26.61	0.168901	0.069219	0.028367	0.798148	4.28
0.36	26.98	0.163494	0.069500	0.029544	0.798148	4.28
0.36	27.35	0.183383	0.072454	0.028627	0.798148	4.28
0.36	27.71	0.157130	0.062137	0.024572	0.798148	4.28
0.36	28.08	0.170331	0.062798	0.023153	0.798148	4.28
0.36	28.45	0.174844	0.066262	0.025112	0.798148	4.28
0.36	28.82	0.172434	0.059466	0.020508	0.798148	4.28
0.36	29.18	0.196283	0.067802	0.023421	0.798148	4.28
0.36	29.55	0.168184	0.066019	0.025915	0.798148	4.28
0.36	29.92	0.175297	0.071142	0.028872	0.798148	4.28
0.39	2.00	0.000000	0.000000	0.000000	0.811111	4.50
0.39	2.37	0.000000	0.000000	0.000000	0.811111	4.50
0.39	2.73	0.000000	0.000000	0.000000	0.811111	4.50
0.39	3.10	0.000000	0.000000	0.000000	0.811111	4.50
0.39	3.47	0.000000	0.000000	0.000000	0.811111	4.50
0.39	3.84	0.000000	0.000000	0.000000	0.811111	4.50
0.39	4.20	0.000000	0.000000	0.000000	0.811111	4.50
0.39	4.57	0.000000	0.000000	0.000000	0.811111	4.50
0.39	4.94	0.000000	0.000000	0.000000	0.811111	4.50
0.39	5.31	0.000000	0.000000	0.000000	0.811111	4.50
0.39	5.67	0.000000	0.000000	0.000000	0.811111	4.50
0.39	6.04	0.057078	0.000000	0.000000	0.811111	4.50
0.39	6.41	0.054795	0.000000	0.000000	0.811111	4.50
0.39	6.78	0.054795	0.000000	0.000000	0.811111	4.50
0.39	7.14	0.054795	0.000000	0.000000	0.811111	4.50
0.39	7.51	0.050228	0.000000	0.000000	0.811111	4.50
0.39	7.88	0.050228	0.000000	0.000000	0.811111	4.50
0.39	8.24	0.050228	0.000000	0.000000	0.811111	4.50
0.39	8.61	0.050228	0.000000	0.000000	0.811111	4.50
0.39	8.98	0.050228	0.000000	0.000000	0.811111	4.50
0.39	9.35	0.000000	0.000000	0.000000	0.811111	4.50
0.39	9.71	0.000000	0.000000	0.000000	0.811111	4.50
0.39	10.08	0.000000	0.000000	0.000000	0.811111	4.50
0.39	10.45	0.000000	0.000000	0.000000	0.811111	4.50
0.39	10.82	0.000000	0.000000	0.000000	0.811111	4.50
0.39	11.18	0.000000	0.000000	0.000000	0.811111	4.50
0.39	11.55	0.000000	0.000000	0.000000	0.811111	4.50
0.39	11.92	0.000000	0.000000	0.000000	0.811111	4.50
0.39	12.29	0.054795	0.000000	0.000000	0.811111	4.50
0.39	12.65	0.055936	0.001142	0.000023	0.811111	4.50
0.39	13.02	0.054795	0.002283	0.000095	0.811111	4.50
0.39	13.39	0.052968	0.002663	0.000134	0.811111	4.50
0.39	13.76	0.052797	0.003316	0.000208	0.811111	4.50
0.39	14.12	0.056792	0.004767	0.000400	0.811111	4.50
0.39	14.49	0.051941	0.001893	0.000069	0.811111	4.50
0.39	14.86	0.053881	0.002740	0.000139	0.811111	4.50
0.39	15.22	0.053342	0.003120	0.000183	0.811111	4.50
0.39	15.59	0.053214	0.003276	0.000202	0.811111	4.50
0.39	15.96	0.055321	0.004309	0.000336	0.811111	4.50
0.39	16.33	0.058842	0.009052	0.001393	0.811111	4.50
0.39	16.69	0.059953	0.010629	0.001884	0.811111	4.50
0.39	17.06	0.063719	0.012357	0.002396	0.811111	4.50
0.39	17.43	0.062756	0.011663	0.002168	0.811111	4.50
0.39	17.80	0.063014	0.016593	0.004369	0.811111	4.50
0.39	18.16	0.068359	0.017774	0.004621	0.811111	4.50
0.39	18.53	0.065740	0.017253	0.004528	0.811111	4.50
0.39	18.90	0.067519	0.018009	0.004803	0.811111	4.50
0.39	19.27	0.070359	0.017995	0.004603	0.811111	4.50
0.39	19.63	0.077519	0.022050	0.006272	0.811111	4.50
0.39	20.00	0.076726	0.024088	0.007562	0.811111	4.50
0.39	20.37	0.081112	0.026105	0.008402	0.811111	4.50
0.39	20.73	0.088133	0.028969	0.009522	0.811111	4.50
0.39	21.10	0.090550	0.031421	0.010903	0.811111	4.50
0.39	21.47	0.088166	0.027862	0.008805	0.811111	4.50
0.39	21.84	0.090753	0.031848	0.011176	0.811111	4.50
0.39	22.20	0.091984	0.034664	0.013063	0.811111	4.50
0.39	22.57	0.096869	0.033602	0.011656	0.811111	4.50
0.39	22.94	0.121292	0.046583	0.017890	0.811111	4.50
0.39	23.31	0.115543	0.043312	0.016236	0.811111	4.50
0.39	23.67	0.135138	0.050516	0.018884	0.811111	4.50
0.39	24.04	0.147515	0.053470	0.019381	0.811111	4.50
0.39	24.41	0.137121	0.058241	0.024738	0.811111	4.50
0.39	24.78	0.144292	0.055511	0.021356	0.811111	4.50
0.39	25.14	0.155786	0.060990	0.023878	0.811111	4.50
0.39	25.51	0.162023	0.061846	0.023607	0.811111	4.50
0.39	25.88	0.162418	0.062668	0.024180	0.811111	4.50
0.39	26.24	0.197610	0.081543	0.033648	0.811111	4.50
0.39	26.61	0.210209	0.089060	0.037733	0.811111	4.50
0.39	26.98	0.214059	0.095235	0.042370	0.811111	4.50
0.39	27.35	0.228005	0.095516	0.040014	0.811111	4.50
0.39	27.71	0.203076	0.076976	0.029177	0.811111	4.50
0.39	28.08	0.208182	0.084793	0.034536	0.811111	4.50
0.39	28.45	0.210935	0.080693	0.030869	0.811111	4.50
0.39	28.82	0.228887	0.089677	0.035135	0.811111	4.50
0.39	29.18	0.233490	0.098570	0.041612	0.811111	4.50
0.39	29.55	0.228126	0.092963	0.037883	0.811111	4.50
0.39	29.92	0.239423	0.103456	0.044704	0.811111	4.50
0.41	2.00	0.000000	0.000000	0.000000	0.827778	4.71
0.41	2.37	0.000000	0.000000	0.000000	0.827778	4.71
0.41	2.73	0.000000	0.000000	0.000000	0.827778	4.71
0.41	3.10	0.000000	0.000000	0.000000	0.827778	4.71
0.41	3.47	0.000000	0.000000	0.000000	0.827778	4.71
0.41	3.84	0.000000	0.000000	0.000000	0.827778	4.71
0.41	4.20	0.000000	0.000000	0.000000	0.827778	4.71
0.41	4.57	0.000000	0.000000	0.000000	0.827778	4.71
0.41	4.94	0.000000	0.000000	0.000000	0.827778	4.71
0.41	5.31	0.000000	0.000000	0.000000	0.827778	4.71
0.41	5.67	0.000000	0.000000	0.000000	0.827778	4.71
0.41	6.04	0.000000	0.000000	0.000000	0.827778	4.71
0.41	6.41	0.000000	0.000000	0.000000	0.827778	4.71
0.41	6.78	0.000000	0.000000	0.000000	0.827778	4.71
0.41	7.14	0.000000	0.000000	0.000000	0.827778	4.71
0.41	7.51	0.000000	0.000000	0.000000	0.827778	4.71
0.41	7.88	0.000000	0.000000	0.000000	0.827778	4.71
0.41	8.24	0.000000	0.000000	0.000000	0.827778	4.71
0.41	8.61	0.000000	0.000000	0.000000	0.827778	4.71
0.41	8.98	0.000000	0.000000	0.000000	0.827778	4.71
0.41	9.35	0.000000	0.000000	0.000000	0.827778	4.71
0.41	9.71	0.000000	0.000000	0.000000	0.827778	4.71
0.41	10.08	0.000000	0.000000	0.000000	0.827778	4.71
0.41	10.45	0.000000	0.000000	0.000000	0.827778	4.71
0.41	10.82	0.000000	0.000000	0.000000	0.827778	4.71
0.41	11.18	0.051454	0.000000	0.000000	0.827778	4.71
0.41	11.55	0.051454	0.000000	0.000000	0.827778	4.71
0.41	11.92	0.051454	0.000000	0.000000	0.827778	4.71
0.41	12.29	0.055183	0.002790	0.000141	0.827778	4.71
0.41	12.65	0.058166	0.006586	0.000746	0.827778	4.71
0.41	13.02	0.059657	0.007382	0.000913	0.827778	4.71
0.41	13.39	0.058725	0.006963	0.000826	0.827778	4.71
0.41	13.76	0.056823	0.005218	0.000479	0.827778	4.71
0.41	14.12	0.057718	0.005902	0.000604	0.827778	4.71
0.41	14.49	0.055928	0.003766	0.000254	0.827778	4.71
0.41	14.86	0.058510	0.004546	0.000353	0.827778	4.71
0.41	15.22	0.057874	0.006541	0.000739	0.827778	4.71
0.41	15.59	0.058072	0.008078	0.001124	0.827778	4.71
0.41	15.96	0.059160	0.008575	0.001243	0.827778	4.71
0.41	16.33	0.062048	0.009197	0.001363	0.827778	4.71
0.41	16.69	0.063021	0.010333	0.001694	0.827778	4.71
0.41	17.06	0.063929	0.014234	0.003169	0.827778	4.71
0.41	17.43	0.065996	0.013639	0.002819	0.827778	4.71
0.41	17.80	0.064699	0.013377	0.002766	0.827778	4.71
0.41	18.16	0.068983	0.019692	0.005621	0.827778	4.71
0.41	18.53	0.073131	0.020681	0.005848	0.827778	4.71
0.41	18.90	0.075569	0.023214	0.007131	0.827778	4.71
0.41	19.27	0.077153	0.022457	0.006536	0.827778	4.71
0.41	19.63	0.083841	0.025220	0.007586	0.827778	4.71
0.41	20.00	0.084944	0.034471	0.013989	0.827778	4.71
0.41	20.37	0.091375	0.036154	0.014305	0.827778	4.71
0.41	20.73	0.112596	0.042356	0.015934	0.827778	4.71
0.41	21.10	0.109790	0.040281	0.014779	0.827778	4.71
0.41	21.47	0.118863	0.045638	0.017523	0.827778	4.71
0.41	21.84	0.142547	0.053193	0.019850	0.827778	4.71
0.41	22.20	0.114133	0.048148	0.020312	0.827778	4.71
0.41	22.57	0.134075	0.057946	0.025044	0.827778	4.71
0.41	22.94	0.134981	0.055479	0.022802	0.827778	4.71
0.41	23.31	0.142120	0.056638	0.022571	0.827778	4.71
0.41	23.67	0.132351	0.050383	0.019180	0.827778	4.71
0.41	24.04	0.147895	0.056644	0.021694	0.827778	4.71
0.41	24.41	0.162292	0.060121	0.022272	0.827778	4.71
0.41	24.78	0.163908	0.063849	0.024872	0.827778	4.71
0.41	25.14	0.178551	0.066072	0.024450	0.827778	4.71
0.41	25.51	0.223341	0.082376	0.030383	0.827778	4.71
0.41	25.88	0.246195	0.086107	0.030116	0.827778	4.71
0.41	26.24	0.243028	0.087959	0.031835	0.827778	4.71
0.41	26.61	0.259919	0.085651	0.028224	0.827778	4.71
0.41	26.98	0.226018	0.086875	0.033392	0.827778	4.71
0.41	27.35	0.256103	0.087749	0.030066	0.827778	4.71
0.41	27.71	0.245572	0.088261	0.031722	0.827778	4.71
0.41	28.08	0.271838	0.092956	0.031787	0.827778	4.71
0.41	28.45	0.250536	0.114094	0.051959	0.827778	4.71
0.41	28.82	0.298391	0.129221	0.055960	0.827778	4.71
0.41	29.18	0.284569	0.114625	0.046172	0.827778	4.71
0.41	29.55	0.316541	0.110978	0.038909	0.827778	4.71
0.41	29.92	0.301690	0.111108	0.040919	0.827778	4.71
0.44	2.00	0.000000	0.000000	0.000000	0.848148	4.90
0.44	2.37	0.000000	0.000000	0.000000	0.848148	4.90
0.44	2.73	0.000000	0.000000	0.000000	0.848148	4.90
0.44	3.10	0.000000	0.000000	0.000000	0.848148	4.90
0.44	3.47	0.000000	0.000000	0.000000	0.848148	4.90
0.44	3.84	0.000000	0.000000	0.000000	0.848148	4.90
0.44	4.20	0.000000	0.000000	0.000000	0.848148	4.90
0.44	4.57	0.000000	0.000000	0.000000	0.848148	4.90
0.44	4.94	0.000000	0.000000	0.000000	0.848148	4.90
0.44	5.31	0.000000	0.000000	0.000000	0.848148	4.90
0.44	5.67	0.000000	0.000000	0.000000	0.848148	4.90
0.44	6.04	0.000000	0.000000	0.000000	0.848148	4.90
0.44	6.41	0.000000	0.000000	0.000000	0.848148	4.90
0.44	6.78	0.000000	0.000000	0.000000	0.848148	4.90
0.44	7.14	0.000000	0.000000	0.000000	0.848148	4.90
0.44	7.51	0.000000	0.000000	0.000000	0.848148	4.90
0.44	7.88	0.000000	0.000000	0.000000	0.848148	4.90
0.44	8.24	0.000000	0.000000	0.000000	0.848148	4.90
0.44	8.61	0.000000	0.000000	0.000000	0.848148	4.90
0.44	8.98	0.000000	0.000000	0.000000	0.848148	4.90
0.44	9.35	0.000000	0.000000	0.000000	0.848148	4.90
0.44	9.71	0.000000	0.000000	0.000000	0.848148	4.90
0.44	10.08	0.000000	0.000000	0.000000	0.848148	4.90
0.44	10.45	0.000000	0.000000	0.000000	0.848148	4.90
0.44	10.82	0.000000	0.000000	0.000000	0.848148	4.90
0.44	11.18	0.050218	0.000000	0.000000	0.848148	4.90
0.44	11.55	0.053493	0.003275	0.000201	0.848148	4.90
0.44	11.92	0.055677	0.005459	0.000535	0.848148	4.90
0.44	12.29	0.054039	0.002836	0.000149	0.848148	4.90
0.44	12.65	0.050218	0.000000	0.000000	0.848148	4.90
0.44	13.02	0.051310	0.001092	0.000023	0.848148	4.90
0.44	13.39	0.059680	0.010293	0.001775	0.848148	4.90
0.44	13.76	0.058952	0.011303	0.002167	0.848148	4.90
0.44	14.12	0.053781	0.003627	0.000245	0.848148	4.90
0.44	14.49	0.055232	0.005537	0.000555	0.848148	4.90
0.44	14.86	0.056018	0.005502	0.000540	0.848148	4.90
0.44	15.22	0.056481	0.007433	0.000978	0.848148	4.90
0.44	15.59	0.058686	0.008669	0.001281	0.848148	4.90
0.44	15.96	0.060501	0.011910	0.002345	0.848148	4.90
0.44	16.33	0.058857	0.007885	0.001056	0.848148	4.90
0.44	16.69	0.059907	0.011458	0.002191	0.848148	4.90
0.44	17.06	0.063901	0.012188	0.002325	0.848148	4.90
0.44	17.43	0.065575	0.015006	0.003434	0.848148	4.90
0.44	17.80	0.064440	0.014210	0.003134	0.848148	4.90
0.44	18.16	0.070049	0.017258	0.004252	0.848148	4.90
0.44	18.53	0.073467	0.020419	0.005675	0.848148	4.90
0.44	18.90	0.077065	0.026318	0.008988	0.848148	4.90
0.44	19.27	0.076398	0.023215	0.007054	0.848148	4.90
0.44	19.63	0.077361	0.025540	0.008432	0.848148	4.90
0.44	20.00	0.083029	0.026716	0.008596	0.848148	4.90
0.44	20.37	0.088880	0.032023	0.011538	0.848148	4.90
0.44	20.73	0.092497	0.034792	0.013087	0.848148	4.90
0.44	21.10	0.099604	0.038881	0.015177	0.848148	4.90
0.44	21.47	0.109781	0.044526	0.018059	0.848148	4.90
0.44	21.84	0.115986	0.049013	0.020711	0.848148	4.90
0.44	22.20	0.113367	0.044205	0.017237	0.848148	4.90
0.44	22.57	0.118206	0.043482	0.015995	0.848148	4.90
0.44	22.94	0.134057	0.052196	0.020323	0.848148	4.90
0.44	23.31	0.142428	0.062563	0.027482	0.848148	4.90
0.44	23.67	0.152900	0.067488	0.029788	0.848148	4.90
0.44	24.04	0.140270	0.054697	0.021329	0.848148	4.90
0.44	24.41	0.153648	0.053792	0.018833	0.848148	4.90
0.44	24.78	0.157473	0.059348	0.022367	0.848148	4.90
0.44	25.14	0.170447	0.066402	0.025868	0.848148	4.90
0.44	25.51	0.199745	0.071341	0.025480	0.848148	4.90
0.44	25.88	0.222753	0.066706	0.019976	0.848148	4.90
0.44	26.24	0.221301	0.090489	0.037000	0.848148	4.90
0.44	26.61	0.264895	0.096052	0.034829	0.848148	4.90
0.44	26.98	0.295823	0.093612	0.029623	0.848148	4.90
0.44	27.35	0.283049	0.105246	0.039134	0.848148	4.90
0.44	27.71	0.296579	0.102347	0.035319	0.848148	4.90
0.44	28.08	0.305423	0.102797	0.034599	0.848148	4.90
0.44	28.45	0.316646	0.123072	0.047835	0.848148	4.90
0.44	28.82	0.321999	0.123723	0.047539	0.848148	4.90
0.44	29.18	0.341145	0.131673	0.050822	0.848148	4.90
0.44	29.55	0.323702	0.131391	0.053331	0.848148	4.90
0.44	29.92	0.369421	0.126096	0.043041	0.848148	4.90
0.47	2.00	0.000000	0.000000	0.000000	0.887037	5.15
0.47	2.37	0.000000	0.000000	0.000000	0.887037	5.15
0.47	2.73	0.000000	0.000000	0.000000	0.887037	5.15
0.47	3.10	0.000000	0.000000	0.000000	0.887037	5.15
0.47	3.47	0.000000	0.000000	0.000000	0.887037	5.15
0.47	3.84	0.000000	0.000000	0.000000	0.887037	5.15
0.47	4.20	0.000000	0.000000	0.000000	0.887037	5.15
0.47	4.57	0.000000	0.000000	0.000000	0.887037	5.15
0.47	4.94	0.000000	0.000000	0.000000	0.887037	5.15
0.47	5.31	0.000000	0.000000	0.000000	0.887037	5.15
0.47	5.67	0.000000	0.000000	0.000000	0.887037	5.15
0.47	6.04	0.052192	0.000000	0.000000	0.887037	5.15
0.47	6.41	0.054280	0.000000	0.000000	0.887037	5.15
0.47	6.78	0.054280	0.000000	0.000000	0.887037	5.15
0.47	7.14	0.052192	0.000000	0.000000	0.887037	5.15
0.47	7.51	0.000000	0.000000	0.000000	0.887037	5.15
0.47	7.88	0.000000	0.000000	0.000000	0.887037	5.15
0.47	8.24	0.000000	0.000000	0.000000	0.887037	5.15
0.47	8.61	0.000000	0.000000	0.000000	0.887037	5.15
0.47	8.98	0.000000	0.000000	0.000000	0.887037	5.15
0.47	9.35	0.050104	0.000000	0.000000	0.887037	5.15
0.47	9.71	0.050104	0.000000	0.000000	0.887037	5.15
0.47	10.08	0.054280	0.000000	0.000000	0.887037	5.15
0.47	10.45	0.056367	0.000000	0.000000	0.887037	5.15
0.47	10.82	0.000000	0.000000	0.000000	0.887037	5.15
0.47	11.18	0.050104	0.000000	0.000000	0.887037	5.15
0.47	11.55	0.000000	0.000000	0.000000	0.887037	5.15
0.47	11.92	0.052192	0.001705	0.000056	0.887037	5.15
0.47	12.29	0.052192	0.003616	0.000251	0.887037	5.15
0.47	12.65	0.051148	0.001044	0.000021	0.887037	5.15
0.47	13.02	0.050522	0.000835	0.000014	0.887037	5.15
0.47	13.39	0.051357	0.001670	0.000054	0.887037	5.15
0.47	13.76	0.053236	0.001999	0.000075	0.887037	5.15
0.47	14.12	0.057411	0.012008	0.002512	0.887037	5.15
0.47	14.49	0.058847	0.010928	0.002030	0.887037	5.15
0.47	14.86	0.061587	0.013712	0.003053	0.887037	5.15
0.47	15.22	0.062129	0.011740	0.002218	0.887037	5.15
0.47	15.59	0.058246	0.008597	0.001269	0.887037	5.15
0.47	15.96	0.059499	0.010910	0.002000	0.887037	5.15
0.47	16.33	0.059012	0.008894	0.001341	0.887037	5.15
0.47	16.69	0.061689	0.012343	0.002470	0.887037	5.15
0.47	17.06	0.064275	0.015227	0.003607	0.887037	5.15
0.47	17.43	0.067891	0.019141	0.005397	0.887037	5.15
0.47	17.80	0.067704	0.017001	0.004269	0.887037	5.15
0.47	18.16	0.074905	0.022085	0.006512	0.887037	5.15
0.47	18.53	0.075801	0.026332	0.009147	0.887037	5.15
0.47	18.90	0.075735	0.025296	0.008449	0.887037	5.15
0.47	19.27	0.076132	0.028045	0.010331	0.887037	5.15
0.47	19.63	0.080313	0.028719	0.010270	0.887037	5.15
0.47	20.00	0.084437	0.032929	0.012842	0.887037	5.15
0.47	20.37	0.109212	0.042247	0.016343	0.887037	5.15
0.47	20.73	0.108539	0.047477	0.020767	0.887037	5.15
0.47	21.10	0.117365	0.053069	0.023997	0.887037	5.15
0.47	21.47	0.125299	0.052308	0.021837	0.887037	5.15
0.47	21.84	0.132688	0.056348	0.023929	0.887037	5.15
0.47	22.20	0.128298	0.055377	0.023902	0.887037	5.15
0.47	22.57	0.128758	0.055748	0.024137	0.887037	5.15
0.47	22.94	0.142230	0.056408	0.022372	0.887037	5.15
0.47	23.31	0.182672	0.072210	0.028545	0.887037	5.15
0.47	23.67	0.185313	0.074297	0.029788	0.887037	5.15
0.47	24.04	0.200989	0.069797	0.024238	0.887037	5.15
0.47	24.41	0.207197	0.080519	0.031291	0.887037	5.15
0.47	24.78	0.228364	0.093069	0.037930	0.887037	5.15
0.47	25.14	0.187005	0.074279	0.029504	0.887037	5.15
0.47	25.51	0.209759	0.065974	0.020750	0.887037	5.15
0.47	25.88	0.213227	0.083716	0.032868	0.887037	5.15
0.47	26.24	0.235047	0.081349	0.028155	0.887037	5.15
0.47	26.61	0.247880	0.095606	0.036874	0.887037	5.15
0.47	26.98	0.285206	0.092832	0.030216	0.887037	5.15
0.47	27.35	0.272701	0.102290	0.038369	0.887037	5.15
0.47	27.71	0.313128	0.103402	0.034145	0.887037	5.15
0.47	28.08	0.331092	0.121932	0.044905	0.887037	5.15
0.47	28.45	0.330763	0.108224	0.035410	0.887037	5.15
0.47	28.82	0.324862	0.119254	0.043777	0.887037	5.15
0.47	29.18	0.334952	0.108303	0.035018	0.887037	5.15
0.47	29.55	0.345772	0.122125	0.043134	0.887037	5.15
0.47	29.92	0.353639	0.117428	0.038993	0.887037	5.15
0.50	2.00	0.000000	0.000000	0.000000	0.892593	5.39
0.50	2.37	0.000000	0.000000	0.000000	0.892593	5.39
0.50	2.73	0.000000	0.000000	0.000000	0.892593	5.39
0.50	3.10	0.000000	0.000000	0.000000	0.892593	5.39
0.50	3.47	0.000000	0.000000	0.000000	0.892593	5.39
0.50	3.84	0.000000	0.000000	0.000000	0.892593	5.39
0.50	4.20	0.000000	0.000000	0.000000	0.892593	5.39
0.50	4.57	0.000000	0.000000	0.000000	0.892593	5.39
0.50	4.94	0.000000	0.000000	0.000000	0.892593	5.39
0.50	5.31	0.000000	0.000000	0.000000	0.892593	5.39
0.50	5.67	0.000000	0.000000	0.000000	0.892593	5.39
0.50	6.04	0.000000	0.000000	0.000000	0.892593	5.39
0.50	6.41	0.000000	0.000000	0.000000	0.892593	5.39
0.50	6.78	0.000000	0.000000	0.000000	0.892593	5.39
0.50	7.14	0.000000	0.000000	0.000000	0.892593	5.39
0.50	7.51	0.000000	0.000000	0.000000	0.892593	5.39
0.50	7.88	0.000000	0.000000	0.000000	0.892593	5.39
0.50	8.24	0.051867	0.000000	0.000000	0.892593	5.39
0.50	8.61	0.051867	0.000000	0.000000	0.892593	5.39
0.50	8.98	0.000000	0.000000	0.000000	0.892593	5.39
0.50	9.35	0.000000	0.000000	0.000000	0.892593	5.39
0.50	9.71	0.000000	0.000000	0.000000	0.892593	5.39
0.50	10.08	0.000000	0.000000	0.000000	0.892593	5.39
0.50	10.45	0.000000	0.000000	0.000000	0.892593	5.39
0.50	10.82	0.051867	0.000000	0.000000	0.892593	5.39
0.50	11.18	0.000000	0.000000	0.000000	0.892593	5.39
0.50	11.55	0.054979	0.001037	0.000020	0.892593	5.39
0.50	11.92	0.055325	0.003526	0.000225	0.892593	5.39
0.50	12.29	0.056846	0.005955	0.000624	0.892593	5.39
0.50	12.65	0.058610	0.007093	0.000858	0.892593	5.39
0.50	13.02	0.055498	0.003069	0.000170	0.892593	5.39
0.50	13.39	0.058506	0.008644	0.001277	0.892593	5.39
0.50	13.76	0.057054	0.005390	0.000509	0.892593	5.39
0.50	14.12	0.058869	0.004859	0.000401	0.892593	5.39
0.50	14.49	0.059705	0.006900	0.000797	0.892593	5.39
0.50	14.86	0.059129	0.008363	0.001183	0.892593	5.39
0.50	15.22	0.062092	0.010238	0.001688	0.892593	5.39
0.50	15.59	0.058751	0.008378	0.001195	0.892593	5.39
0.50	15.96	0.060858	0.008999	0.001331	0.892593	5.39
0.50	16.33	0.067427	0.013238	0.002599	0.892593	5.39
0.50	16.69	0.067929	0.013100	0.002526	0.892593	5.39
0.50	17.06	0.070363	0.015851	0.003571	0.892593	5.39
0.50	17.43	0.075467	0.018216	0.004397	0.892593	5.39
0.50	17.80	0.074516	0.017695	0.004202	0.892593	5.39
0.50	18.16	0.077138	0.023572	0.007203	0.892593	5.39
0.50	18.53	0.078481	0.023871	0.007260	0.892593	5.39
0.50	18.90	0.087247	0.029613	0.010051	0.892593	5.39
0.50	19.27	0.094967	0.033688	0.011950	0.892593	5.39
0.50	19.63	0.108047	0.039988	0.014800	0.892593	5.39
0.50	20.00	0.113988	0.042684	0.015984	0.892593	5.39
0.50	20.37	0.120516	0.050326	0.021015	0.892593	5.39
0.50	20.73	0.133024	0.057040	0.024458	0.892593	5.39
0.50	21.10	0.133008	0.057001	0.024428	0.892593	5.39
0.50	21.47	0.134448	0.055148	0.022621	0.892593	5.39
0.50	21.84	0.146266	0.056385	0.021736	0.892593	5.39
0.50	22.20	0.154649	0.074769	0.036149	0.892593	5.39
0.50	22.57	0.150674	0.058658	0.022836	0.892593	5.39
0.50	22.94	0.159865	0.061230	0.023452	0.892593	5.39
0.50	23.31	0.176306	0.063810	0.023095	0.892593	5.39
0.50	23.67	0.184046	0.068399	0.025420	0.892593	5.39
0.50	24.04	0.255791	0.099448	0.038664	0.892593	5.39
0.50	24.41	0.239035	0.099858	0.041716	0.892593	5.39
0.50	24.78	0.265442	0.101425	0.038755	0.892593	5.39
0.50	25.14	0.285353	0.115172	0.046485	0.892593	5.39
0.50	25.51	0.302059	0.109580	0.039753	0.892593	5.39
0.50	25.88	0.323548	0.110841	0.037972	0.892593	5.39
0.50	26.24	0.322378	0.120474	0.045022	0.892593	5.39
0.50	26.61	0.269463	0.122388	0.055587	0.892593	5.39
0.50	26.98	0.288965	0.107297	0.039841	0.892593	5.39
0.50	27.35	0.308342	0.116432	0.043965	0.892593	5.39
0.50	27.71	0.326203	0.116254	0.041431	0.892593	5.39
0.50	28.08	0.317970	0.118999	0.044535	0.892593	5.39
0.50	28.45	0.360458	0.114061	0.036093	0.892593	5.39
0.50	28.82	0.345836	0.126850	0.046528	0.892593	5.39
0.50	29.18	0.391685	0.121227	0.037520	0.892593	5.39
0.50	29.55	0.397489	0.124177	0.038793	0.892593	5.39
0.50	29.92	0.397044	0.137887	0.047886	0.892593	5.39
0.53	2.00	0.000000	0.000000	0.000000	0.914815	5.58
0.53	2.37	0.000000	0.000000	0.000000	0.914815	5.58
0.53	2.73	0.000000	0.000000	0.000000	0.914815	5.58
0.53	3.10	0.000000	0.000000	0.000000	0.914815	5.58
0.53	3.47	0.000000	0.000000	0.000000	0.914815	5.58
0.53	3.84	0.000000	0.000000	0.000000	0.914815	5.58
0.53	4.20	0.000000	0.000000	0.000000	0.914815	5.58
0.53	4.57	0.000000	0.000000	0.000000	0.914815	5.58
0.53	4.94	0.000000	0.000000	0.000000	0.914815	5.58
0.53	5.31	0.000000	0.000000	0.000000	0.914815	5.58
0.53	5.67	0.000000	0.000000	0.000000	0.914815	5.58
0.53	6.04	0.000000	0.000000	0.000000	0.914815	5.58
0.53	6.41	0.000000	0.000000	0.000000	0.914815	5.58
0.53	6.78	0.000000	0.000000	0.000000	0.914815	5.58
0.53	7.14	0.000000	0.000000	0.000000	0.914815	5.58
0.53	7.51	0.000000	0.000000	0.000000	0.914815	5.58
0.53	7.88	0.000000	0.000000	0.000000	0.914815	5.58
0.53	8.24	0.000000	0.000000	0.000000	0.914815	5.58
0.53	8.61	0.000000	0.000000	0.000000	0.914815	5.58
0.53	8.98	0.000000	0.000000	0.000000	0.914815	5.58
0.53	9.35	0.000000	0.000000	0.000000	0.914815	5.58
0.53	9.71	0.000000	0.000000	0.000000	0.914815	5.58
0.53	10.08	0.056680	0.000000	0.000000	0.914815	5.58
0.53	10.45	0.054656	0.000000	0.000000	0.914815	5.58
0.53	10.82	0.052632	0.000000	0.000000	0.914815	5.58
0.53	11.18	0.052632	0.000000	0.000000	0.914815	5.58
0.53	11.55	0.053138	0.002630	0.000130	0.914815	5.58
0.53	11.92	0.050607	0.000000	0.000000	0.914815	5.58
0.53	12.29	0.050607	0.000000	0.000000	0.914815	5.58
0.53	12.65	0.055331	0.001909	0.000066	0.914815	5.58
0.53	13.02	0.052632	0.002024	0.000078	0.914815	5.58
0.53	13.39	0.054656	0.003506	0.000225	0.914815	5.58
0.53	13.76	0.054656	0.003841	0.000270	0.914815	5.58
0.53	14.12	0.055090	0.003915	0.000278	0.914815	5.58
0.53	14.49	0.055870	0.003681	0.000243	0.914815	5.58
0.53	14.86	0.057422	0.005713	0.000568	0.914815	5.58
0.53	15.22	0.058811	0.007298	0.000906	0.914815	5.58
0.53	15.59	0.060684	0.010273	0.001739	0.914815	5.58
0.53	15.96	0.062794	0.010875	0.001883	0.914815	5.58
0.53	16.33	0.063220	0.013806	0.003015	0.914815	5.58
0.53	16.69	0.070155	0.019431	0.005382	0.914815	5.58
0.53	17.06	0.068601	0.017867	0.004653	0.914815	5.58
0.53	17.43	0.075019	0.021981	0.006441	0.914815	5.58
0.53	17.80	0.074859	0.023086	0.007119	0.914815	5.58
0.53	18.16	0.071810	0.021970	0.006721	0.914815	5.58
0.53	18.53	0.077948	0.023037	0.006809	0.914815	5.58
0.53	18.90	0.083067	0.028946	0.010087	0.914815	5.58
0.53	19.27	0.088238	0.032786	0.012182	0.914815	5.58
0.53	19.63	0.103035	0.041367	0.016608	0.914815	5.58
0.53	20.00	0.113747	0.047098	0.019502	0.914815	5.58
0.53	20.37	0.126949	0.051766	0.021109	0.914815	5.58
0.53	20.73	0.134754	0.056133	0.023383	0.914815	5.58
0.53	21.10	0.144071	0.061177	0.025978	0.914815	5.58
0.53	21.47	0.151822	0.072470	0.034593	0.914815	5.58
0.53	21.84	0.160331	0.060855	0.023098	0.914815	5.58
0.53	22.20	0.177002	0.080714	0.036806	0.914815	5.58
0.53	22.57	0.172893	0.083387	0.040218	0.914815	5.58
0.53	22.94	0.192982	0.089450	0.041461	0.914815	5.58
0.53	23.31	0.208565	0.095829	0.044031	0.914815	5.58
0.53	23.67	0.222694	0.097060	0.042303	0.914815	5.58
0.53	24.04	0.253973	0.096998	0.037046	0.914815	5.58
0.53	24.41	0.270889	0.098508	0.035822	0.914815	5.58
0.53	24.78	0.270767	0.108597	0.043555	0.914815	5.58
0.53	25.14	0.284043	0.112764	0.044767	0.914815	5.58
0.53	25.51	0.304873	0.131290	0.056538	0.914815	5.58
0.53	25.88	0.351866	0.131180	0.048905	0.914815	5.58
0.53	26.24	0.288979	0.133432	0.061611	0.914815	5.58
0.53	26.61	0.337045	0.125610	0.046812	0.914815	5.58
0.53	26.98	0.345661	0.130771	0.049474	0.914815	5.58
0.53	27.35	0.352032	0.136927	0.053259	0.914815	5.58
0.53	27.71	0.431660	0.140950	0.046024	0.914815	5.58
0.53	28.08	0.453933	0.139657	0.042967	0.914815	5.58
0.53	28.45	0.453109	0.134627	0.040000	0.914815	5.58
0.53	28.82	0.470142	0.135166	0.038860	0.914815	5.58
0.53	29.18	0.417517	0.127926	0.039196	0.914815	5.58
0.53	29.55	0.459435	0.136164	0.040355	0.914815	5.58
0.53	29.92	0.449366	0.136937	0.041729	0.914815	5.58
0.56	2.00	0.000000	0.000000	0.000000	0.914815	5.80
0.56	2.37	0.000000	0.000000	0.000000	0.914815	5.80
0.56	2.73	0.000000	0.000000	0.000000	0.914815	5.80
0.56	3.10	0.000000	0.000000	0.000000	0.914815	5.80
0.56	3.47	0.000000	0.000000	0.000000	0.914815	5.80
0.56	3.84	0.000000	0.000000	0.000000	0.914815	5.80
0.56	4.20	0.000000	0.000000	0.000000	0.914815	5.80
0.56	4.57	0.000000	0.000000	0.000000	0.914815	5.80
0.56	4.94	0.000000	0.000000	0.000000	0.914815	5.80
0.56	5.31	0.000000	0.000000	0.000000	0.914815	5.80
0.56	5.67	0.000000	0.000000	0.000000	0.914815	5.80
0.56	6.04	0.000000	0.000000	0.000000	0.914815	5.80
0.56	6.41	0.000000	0.000000	0.000000	0.914815	5.80
0.56	6.78	0.000000	0.000000	0.000000	0.914815	5.80
0.56	7.14	0.000000	0.000000	0.000000	0.914815	5.80
0.56	7.51	0.000000	0.000000	0.000000	0.914815	5.80
0.56	7.88	0.000000	0.000000	0.000000	0.914815	5.80
0.56	8.24	0.000000	0.000000	0.000000	0.914815	5.80
0.56	8.61	0.000000	0.000000	0.000000	0.914815	5.80
0.56	8.98	0.050607	0.000000	0.000000	0.914815	5.80
0.56	9.35	0.000000	0.000000	0.000000	0.914815	5.80
0.56	9.71	0.000000	0.000000	0.000000	0.914815	5.80
0.56	10.08	0.000000	0.000000	0.000000	0.914815	5.80
0.56	10.45	0.050607	0.000000	0.000000	0.914815	5.80
0.56	10.82	0.050607	0.000000	0.000000	0.914815	5.80
0.56	11.18	0.050607	0.000000	0.000000	0.914815	5.80
0.56	11.55	0.050607	0.000000	0.000000	0.914815	5.80
0.56	11.92	0.050607	0.000000	0.000000	0.914815	5.80
0.56	12.29	0.050945	0.000754	0.000011	0.914815	5.80
0.56	12.65	0.051619	0.001012	0.000020	0.914815	5.80
0.56	13.02	0.050607	0.000000	0.000000	0.914815	5.80
0.56	13.39	0.053644	0.004173	0.000325	0.914815	5.80
0.56	13.76	0.055162	0.002206	0.000088	0.914815	5.80
0.56	14.12	0.056312	0.005447	0.000527	0.914815	5.80
0.56	14.49	0.057692	0.009570	0.001587	0.914815	5.80
0.56	14.86	0.058608	0.010629	0.001928	0.914815	5.80
0.56	15.22	0.060504	0.011640	0.002239	0.914815	5.80
0.56	15.59	0.061481	0.009763	0.001550	0.914815	5.80
0.56	15.96	0.065576	0.015725	0.003771	0.914815	5.80
0.56	16.33	0.065256	0.017890	0.004905	0.914815	5.80
0.56	16.69	0.065529	0.015770	0.003795	0.914815	5.80
0.56	17.06	0.069604	0.020124	0.005818	0.914815	5.80
0.56	17.43	0.070533	0.017871	0.004528	0.914815	5.80
0.56	17.80	0.074613	0.021121	0.005979	0.914815	5.80
0.56	18.16	0.076610	0.021516	0.006043	0.914815	5.80
0.56	18.53	0.083102	0.030476	0.011177	0.914815	5.80
0.56	18.90	0.099417	0.033666	0.011400	0.914815	5.80
0.56	19.27	0.115430	0.044312	0.017010	0.914815	5.80
0.56	19.63	0.114829	0.047438	0.019598	0.914815	5.80
0.56	20.00	0.130369	0.052741	0.021337	0.914815	5.80
0.56	20.37	0.155151	0.071575	0.033019	0.914815	5.80
0.56	20.73	0.174931	0.079543	0.036169	0.914815	5.80
0.56	21.10	0.193076	0.092183	0.044012	0.914815	5.80
0.56	21.47	0.207950	0.099773	0.047870	0.914815	5.80
0.56	21.84	0.199779	0.093047	0.043336	0.914815	5.80
0.56	22.20	0.228430	0.101602	0.045191	0.914815	5.80
0.56	22.57	0.266707	0.118693	0.052823	0.914815	5.80
0.56	22.94	0.255249	0.116239	0.052935	0.914815	5.80
0.56	23.31	0.275719	0.108192	0.042455	0.914815	5.80
0.56	23.67	0.295495	0.116615	0.046021	0.914815	5.80
0.56	24.04	0.352922	0.103293	0.030232	0.914815	5.80
0.56	24.41	0.357999	0.124528	0.043317	0.914815	5.80
0.56	24.78	0.297033	0.121883	0.050013	0.914815	5.80
0.56	25.14	0.330872	0.115198	0.040108	0.914815	5.80
0.56	25.51	0.334717	0.136098	0.055338	0.914815	5.80
0.56	25.88	0.345369	0.141297	0.057807	0.914815	5.80
0.56	26.24	0.442189	0.118386	0.031695	0.914815	5.80
0.56	26.61	0.451075	0.124886	0.034577	0.914815	5.80
0.56	26.98	0.429765	0.135300	0.042595	0.914815	5.80
0.56	27.35	0.466107	0.142332	0.043463	0.914815	5.80
0.56	27.71	0.528956	0.134499	0.034199	0.914815	5.80
0.56	28.08	0.557424	0.136222	0.033290	0.914815	5.80
0.56	28.45	0.559389	0.138892	0.034486	0.914815	5.80
0.56	28.82	0.475709	0.141821	0.042281	0.914815	5.80
0.56	29.18	0.544241	0.113071	0.023491	0.914815	5.80
0.56	29.55	0.535384	0.142780	0.038078	0.914815	5.80
0.56	29.92	0.533654	0.145091	0.039448	0.914815	5.80
0.59	2.00	0.000000	0.000000	0.000000	0.920370	6.03
0.59	2.37	0.000000	0.000000	0.000000	0.920370	6.03
0.59	2.73	0.000000	0.000000	0.000000	0.920370	6.03
0.59	3.10	0.000000	0.000000	0.000000	0.920370	6.03
0.59	3.47	0.000000	0.000000	0.000000	0.920370	6.03
0.59	3.84	0.000000	0.000000	0.000000	0.920370	6.03
0.59	4.20	0.000000	0.000000	0.000000	0.920370	6.03
0.59	4.57	0.000000	0.000000	0.000000	0.920370	6.03
0.59	4.94	0.000000	0.000000	0.000000	0.920370	6.03
0.59	5.31	0.000000	0.000000	0.000000	0.920370	6.03
0.59	5.67	0.000000	0.000000	0.000000	0.920370	6.03
0.59	6.04	0.000000	0.000000	0.000000	0.920370	6.03
0.59	6.41	0.000000	0.000000	0.000000	0.920370	6.03
0.59	6.78	0.000000	0.000000	0.000000	0.920370	6.03
0.59	7.14	0.000000	0.000000	0.000000	0.920370	6.03
0.59	7.51	0.000000	0.000000	0.000000	0.920370	6.03
0.59	7.88	0.000000	0.000000	0.000000	0.920370	6.03
0.59	8.24	0.000000	0.000000	0.000000	0.920370	6.03
0.59	8.61	0.000000	0.000000	0.000000	0.920370	6.03
0.59	8.98	0.000000	0.000000	0.000000	0.920370	6.03
0.59	9.35	0.000000	0.000000	0.000000	0.920370	6.03
0.59	9.71	0.000000	0.000000	0.000000	0.920370	6.03
0.59	10.08	0.000000	0.000000	0.000000	0.920370	6.03
0.59	10.45	0.050302	0.000000	0.000000	0.920370	6.03
0.59	10.82	0.050302	0.000000	0.000000	0.920370	6.03
0.59	11.18	0.050302	0.000000	0.000000	0.920370	6.03
0.59	11.55	0.052314	0.002846	0.000155	0.920370	6.03
0.59	11.92	0.053320	0.003018	0.000171	0.920370	6.03
0.59	12.29	0.051308	0.001006	0.000020	0.920370	6.03
0.59	12.65	0.052314	0.001423	0.000039	0.920370	6.03
0.59	13.02	0.052716	0.003219	0.000197	0.920370	6.03
0.59	13.39	0.053411	0.003363	0.000212	0.920370	6.03
0.59	13.76	0.059155	0.004517	0.000345	0.920370	6.03
0.59	14.12	0.057009	0.004134	0.000300	0.920370	6.03
0.59	14.49	0.060218	0.008916	0.001320	0.920370	6.03
0.59	14.86	0.060765	0.009890	0.001610	0.920370	6.03
0.59	15.22	0.057636	0.006250	0.000678	0.920370	6.03
0.59	15.59	0.058708	0.011580	0.002284	0.920370	6.03
0.59	15.96	0.064163	0.014603	0.003324	0.920370	6.03
0.59	16.33	0.065428	0.016553	0.004188	0.920370	6.03
0.59	16.69	0.065431	0.014385	0.003162	0.920370	6.03
0.59	17.06	0.070446	0.017302	0.004249	0.920370	6.03
0.59	17.43	0.078068	0.023192	0.006890	0.920370	6.03
0.59	17.80	0.078758	0.026333	0.008805	0.920370	6.03
0.59	18.16	0.086804	0.028594	0.009419	0.920370	6.03
0.59	18.53	0.098440	0.041011	0.017086	0.920370	6.03
0.59	18.90	0.104003	0.042513	0.017378	0.920370	6.03
0.59	19.27	0.116249	0.051577	0.022884	0.920370	6.03
0.59	19.63	0.120553	0.055312	0.025378	0.920370	6.03
0.59	20.00	0.126528	0.058027	0.026612	0.920370	6.03
0.59	20.37	0.142233	0.061900	0.026939	0.920370	6.03
0.59	20.73	0.170576	0.075754	0.033643	0.920370	6.03
0.59	21.10	0.184558	0.079240	0.034021	0.920370	6.03
0.59	21.47	0.164611	0.069022	0.028941	0.920370	6.03
0.59	21.84	0.181391	0.082801	0.037796	0.920370	6.03
0.59	22.20	0.183501	0.065622	0.023467	0.920370	6.03
0.59	22.57	0.247237	0.095165	0.036630	0.920370	6.03
0.59	22.94	0.243981	0.099425	0.040517	0.920370	6.03
0.59	23.31	0.272139	0.116388	0.049777	0.920370	6.03
0.59	23.67	0.273384	0.106417	0.041424	0.920370	6.03
0.59	24.04	0.305476	0.118623	0.046064	0.920370	6.03
0.59	24.41	0.372573	0.121256	0.039464	0.920370	6.03
0.59	24.78	0.338028	0.133959	0.053087	0.920370	6.03
0.59	25.14	0.371353	0.153392	0.063361	0.920370	6.03
0.59	25.51	0.467471	0.124410	0.033110	0.920370	6.03
0.59	25.88	0.470973	0.107105	0.024357	0.920370	6.03
0.59	26.24	0.484031	0.146408	0.044285	0.920370	6.03
0.59	26.61	0.478400	0.122264	0.031247	0.920370	6.03
0.59	26.98	0.441994	0.135963	0.041824	0.920370	6.03
0.59	27.35	0.507621	0.098448	0.019093	0.920370	6.03
0.59	27.71	0.520121	0.122264	0.028741	0.920370	6.03
0.59	28.08	0.529560	0.125651	0.029814	0.920370	6.03
0.59	28.45	0.534832	0.138791	0.036017	0.920370	6.03
0.59	28.82	0.544955	0.145274	0.038727	0.920370	6.03
0.59	29.18	0.562633	0.136346	0.033041	0.920370	6.03
0.59	29.55	0.577523	0.117204	0.023786	0.920370	6.03
0.59	29.92	0.576823	0.134912	0.031554	0.920370	6.03
0.61	2.00	0.000000	0.000000	0.000000	0.924074	6.26
0.61	2.37	0.000000	0.000000	0.000000	0.924074	6.26
0.61	2.73	0.000000	0.000000	0.000000	0.924074	6.26
0.61	3.10	0.000000	0.000000	0.000000	0.924074	6.26
0.61	3.47	0.000000	0.000000	0.000000	0.924074	6.26
0.61	3.84	0.000000	0.000000	0.000000	0.924074	6.26
0.61	4.20	0.000000	0.000000	0.000000	0.924074	6.26
0.61	4.57	0.000000	0.000000	0.000000	0.924074	6.26
0.61	4.94	0.000000	0.000000	0.000000	0.924074	6.26
0.61	5.31	0.000000	0.000000	0.000000	0.924074	6.26
0.61	5.67	0.000000	0.000000	0.000000	0.924074	6.26
0.61	6.04	0.000000	0.000000	0.000000	0.924074	6.26
0.61	6.41	0.000000	0.000000	0.000000	0.924074	6.26
0.61	6.78	0.000000	0.000000	0.000000	0.924074	6.26
0.61	7.14	0.000000	0.000000	0.000000	0.924074	6.26
0.61	7.51	0.000000	0.000000	0.000000	0.924074	6.26
0.61	7.88	0.000000	0.000000	0.000000	0.924074	6.26
0.61	8.24	0.000000	0.000000	0.000000	0.924074	6.26
0.61	8.61	0.000000	0.000000	0.000000	0.924074	6.26
0.61	8.98	0.000000	0.000000	0.000000	0.924074	6.26
0.61	9.35	0.000000	0.000000	0.000000	0.924074	6.26
0.61	9.71	0.000000	0.000000	0.000000	0.924074	6.26
0.61	10.08	0.050100	0.000000	0.000000	0.924074	6.26
0.61	10.45	0.052104	0.000000	0.000000	0.924074	6.26
0.61	10.82	0.050100	0.000000	0.000000	0.924074	6.26
0.61	11.18	0.052104	0.000000	0.000000	0.924074	6.26
0.61	11.55	0.058116	0.000000	0.000000	0.924074	6.26
0.61	11.92	0.055611	0.004564	0.000375	0.924074	6.26
0.61	12.29	0.055611	0.005556	0.000555	0.924074	6.26
0.61	12.65	0.052104	0.000000	0.000000	0.924074	6.26
0.61	13.02	0.050768	0.000945	0.000018	0.924074	6.26
0.61	13.39	0.050434	0.000747	0.000011	0.924074	6.26
0.61	13.76	0.053707	0.003562	0.000236	0.924074	6.26
0.61	14.12	0.062714	0.011415	0.002078	0.924074	6.26
0.61	14.49	0.063246	0.014695	0.003414	0.924074	6.26
0.61	14.86	0.064567	0.012731	0.002510	0.924074	6.26
0.61	15.22	0.065631	0.014162	0.003056	0.924074	6.26
0.61	15.59	0.065042	0.017563	0.004742	0.924074	6.26
0.61	15.96	0.069489	0.017294	0.004304	0.924074	6.26
0.61	16.33	0.072352	0.023590	0.007691	0.924074	6.26
0.61	16.69	0.078466	0.028223	0.010152	0.924074	6.26
0.61	17.06	0.090301	0.035125	0.013663	0.924074	6.26
0.61	17.43	0.084735	0.028690	0.009714	0.924074	6.26
0.61	17.80	0.093997	0.036317	0.014031	0.924074	6.26
0.61	18.16	0.106725	0.044106	0.018228	0.924074	6.26
0.61	18.53	0.112973	0.052130	0.024054	0.924074	6.26
0.61	18.90	0.120783	0.048865	0.019769	0.924074	6.26
0.61	19.27	0.138922	0.062307	0.027945	0.924074	6.26
0.61	19.63	0.147629	0.067436	0.030805	0.924074	6.26
0.61	20.00	0.167757	0.065882	0.025873	0.924074	6.26
0.61	20.37	0.149194	0.071203	0.033981	0.924074	6.26
0.61	20.73	0.163771	0.071467	0.031187	0.924074	6.26
0.61	21.10	0.174228	0.069051	0.027366	0.924074	6.26
0.61	21.47	0.210491	0.084825	0.034183	0.924074	6.26
0.61	21.84	0.210971	0.097285	0.044861	0.924074	6.26
0.61	22.20	0.242891	0.101827	0.042689	0.924074	6.26
0.61	22.57	0.286326	0.106697	0.039760	0.924074	6.26
0.61	22.94	0.298544	0.118085	0.046707	0.924074	6.26
0.61	23.31	0.318769	0.123105	0.047542	0.924074	6.26
0.61	23.67	0.317865	0.135532	0.057788	0.924074	6.26
0.61	24.04	0.331626	0.140229	0.059296	0.924074	6.26
0.61	24.41	0.397236	0.122465	0.037755	0.924074	6.26
0.61	24.78	0.394760	0.151934	0.058476	0.924074	6.26
0.61	25.14	0.424277	0.147700	0.051418	0.924074	6.26
0.61	25.51	0.459935	0.123829	0.033339	0.924074	6.26
0.61	25.88	0.476158	0.125463	0.033058	0.924074	6.26
0.61	26.24	0.496239	0.141991	0.040629	0.924074	6.26
0.61	26.61	0.467769	0.145240	0.045096	0.924074	6.26
0.61	26.98	0.585972	0.125013	0.026671	0.924074	6.26
0.61	27.35	0.579798	0.134802	0.031341	0.924074	6.26
0.61	27.71	0.595591	0.155923	0.040820	0.924074	6.26
0.61	28.08	0.630989	0.077426	0.009501	0.924074	6.26
0.61	28.45	0.602764	0.120419	0.024057	0.924074	6.26
0.61	28.82	0.636689	0.068746	0.007423	0.924074	6.26
0.61	29.18	0.650207	0.055701	0.004772	0.924074	6.26
0.61	29.55	0.655711	0.114014	0.019825	0.924074	6.26
0.61	29.92	0.678280	0.076856	0.008709	0.924074	6.26
0.64	2.00	0.000000	0.000000	0.000000	0.927778	6.47
0.64	2.37	0.000000	0.000000	0.000000	0.927778	6.47
0.64	2.73	0.000000	0.000000	0.000000	0.927778	6.47
0.64	3.10	0.000000	0.000000	0.000000	0.927778	6.47
0.64	3.47	0.000000	0.000000	0.000000	0.927778	6.47
0.64	3.84	0.000000	0.000000	0.000000	0.927778	6.47
0.64	4.20	0.000000	0.000000	0.000000	0.927778	6.47
0.64	4.57	0.000000	0.000000	0.000000	0.927778	6.47
0.64	4.94	0.000000	0.000000	0.000000	0.927778	6.47
0.64	5.31	0.000000	0.000000	0.000000	0.927778	6.47
0.64	5.67	0.000000	0.000000	0.000000	0.927778	6.47
0.64	6.04	0.000000	0.000000	0.000000	0.927778	6.47
0.64	6.41	0.000000	0.000000	0.000000	0.927778	6.47
0.64	6.78	0.000000	0.000000	0.000000	0.927778	6.47
0.64	7.14	0.000000	0.000000	0.000000	0.927778	6.47
0.64	7.51	0.000000	0.000000	0.000000	0.927778	6.47
0.64	7.88	0.000000	0.000000	0.000000	0.927778	6.47
0.64	8.24	0.000000	0.000000	0.000000	0.927778	6.47
0.64	8.61	0.000000	0.000000	0.000000	0.927778	6.47
0.64	8.98	0.000000	0.000000	0.000000	0.927778	6.47
0.64	9.35	0.000000	0.000000	0.000000	0.927778	6.47
0.64	9.71	0.000000	0.000000	0.000000	0.927778	6.47
0.64	10.08	0.000000	0.000000	0.000000	0.927778	6.47
0.64	10.45	0.000000	0.000000	0.000000	0.927778	6.47
0.64	10.82	0.053892	0.000000	0.000000	0.927778	6.47
0.64	11.18	0.000000	0.000000	0.000000	0.927778	6.47
0.64	11.55	0.051896	0.000000	0.000000	0.927778	6.47
0.64	11.92	0.053892	0.001630	0.000049	0.927778	6.47
0.64	12.29	0.055223	0.002489	0.000112	0.927778	6.47
0.64	12.65	0.054691	0.002708	0.000134	0.927778	6.47
0.64	13.02	0.056554	0.005323	0.000501	0.927778	6.47
0.64	13.39	0.061377	0.010503	0.001797	0.927778	6.47
0.64	13.76	0.059132	0.008042	0.001094	0.927778	6.47
0.64	14.12	0.060969	0.010761	0.001899	0.927778	6.47
0.64	14.49	0.062058	0.009814	0.001552	0.927778	6.47
0.64	14.86	0.063273	0.010971	0.001902	0.927778	6.47
0.64	15.22	0.067698	0.015796	0.003686	0.927778	6.47
0.64	15.59	0.068162	0.019352	0.005494	0.927778	6.47
0.64	15.96	0.070405	0.018196	0.004703	0.927778	6.47
0.64	16.33	0.069644	0.016782	0.004044	0.927778	6.47
0.64	16.69	0.078394	0.022879	0.006677	0.927778	6.47
0.64	17.06	0.079579	0.024754	0.007700	0.927778	6.47
0.64	17.43	0.098768	0.040495	0.016603	0.927778	6.47
0.64	17.80	0.104675	0.044665	0.019058	0.927778	6.47
0.64	18.16	0.104548	0.046451	0.020639	0.927778	6.47
0.64	18.53	0.116986	0.050565	0.021856	0.927778	6.47
0.64	18.90	0.102987	0.040279	0.015754	0.927778	6.47
0.64	19.27	0.115846	0.040126	0.013899	0.927778	6.47
0.64	19.63	0.134938	0.060758	0.027358	0.927778	6.47
0.64	20.00	0.146076	0.063922	0.027972	0.927778	6.47
0.64	20.37	0.197323	0.085509	0.037055	0.927778	6.47
0.64	20.73	0.216746	0.094772	0.041439	0.927778	6.47
0.64	21.10	0.229276	0.106599	0.049562	0.927778	6.47
0.64	21.47	0.229197	0.093897	0.038468	0.927778	6.47
0.64	21.84	0.265825	0.105046	0.041511	0.927778	6.47
0.64	22.20	0.297094	0.127170	0.054434	0.927778	6.47
0.64	22.57	0.335500	0.114475	0.039060	0.927778	6.47
0.64	22.94	0.372422	0.113538	0.034613	0.927778	6.47
0.64	23.31	0.422537	0.126969	0.038153	0.927778	6.47
0.64	23.67	0.427869	0.131431	0.040372	0.927778	6.47
0.64	24.04	0.450687	0.148945	0.049224	0.927778	6.47
0.64	24.41	0.449395	0.147503	0.048414	0.927778	6.47
0.64	24.78	0.507344	0.159202	0.049957	0.927778	6.47
0.64	25.14	0.470876	0.183772	0.071722	0.927778	6.47
0.64	25.51	0.482507	0.140167	0.040718	0.927778	6.47
0.64	25.88	0.518569	0.142445	0.039128	0.927778	6.47
0.64	26.24	0.549020	0.125808	0.028829	0.927778	6.47
0.64	26.61	0.526536	0.154077	0.045087	0.927778	6.47
0.64	26.98	0.564342	0.124792	0.027595	0.927778	6.47
0.64	27.35	0.562368	0.136827	0.033291	0.927778	6.47
0.64	27.71	0.623799	0.083209	0.011099	0.927778	6.47
0.64	28.08	0.663688	0.088299	0.011748	0.927778	6.47
0.64	28.45	0.680792	0.077366	0.008792	0.927778	6.47
0.64	28.82	0.696269	0.090075	0.011653	0.927778	6.47
0.64	29.18	0.679454	0.134778	0.026735	0.927778	6.47
0.64	29.55	0.718857	0.109099	0.016558	0.927778	6.47
0.64	29.92	0.737325	0.097271	0.012832	0.927778	6.47
0.67	2.00	0.000000	0.000000	0.000000	0.931481	6.70
0.67	2.37	0.000000	0.000000	0.000000	0.931481	6.70
0.67	2.73	0.000000	0.000000	0.000000	0.931481	6.70
0.67	3.10	0.000000	0.000000	0.000000	0.931481	6.70
0.67	3.47	0.000000	0.000000	0.000000	0.931481	6.70
0.67	3.84	0.000000	0.000000	0.000000	0.931481	6.70
0.67	4.20	0.000000	0.000000	0.000000	0.931481	6.70
0.67	4.57	0.000000	0.000000	0.000000	0.931481	6.70
0.67	4.94	0.000000	0.000000	0.000000	0.931481	6.70
0.67	5.31	0.000000	0.000000	0.000000	0.931481	6.70
0.67	5.67	0.000000	0.000000	0.000000	0.931481	6.70
0.67	6.04	0.000000	0.000000	0.000000	0.931481	6.70
0.67	6.41	0.000000	0.000000	0.000000	0.931481	6.70
0.67	6.78	0.000000	0.000000	0.000000	0.931481	6.70
0.67	7.14	0.000000	0.000000	0.000000	0.931481	6.70
0.67	7.51	0.000000	0.000000	0.000000	0.931481	6.70
0.67	7.88	0.000000	0.000000	0.000000	0.931481	6.70
0.67	8.24	0.000000	0.000000	0.000000	0.931481	6.70
0.67	8.61	0.000000	0.000000	0.000000	0.931481	6.70
0.67	8.98	0.000000	0.000000	0.000000	0.931481	6.70
0.67	9.35	0.000000	0.000000	0.000000	0.931481	6.70
0.67	9.71	0.000000	0.000000	0.000000	0.931481	6.70
0.67	10.08	0.000000	0.000000	0.000000	0.931481	6.70
0.67	10.45	0.000000	0.000000	0.000000	0.931481	6.70
0.67	10.82	0.053678	0.000000	0.000000	0.931481	6.70
0.67	11.18	0.053678	0.000000	0.000000	0.931481	6.70
0.67	11.55	0.053678	0.000000	0.000000	0.931481	6.70
0.67	11.92	0.053678	0.000000	0.000000	0.931481	6.70
0.67	12.29	0.053678	0.000000	0.000000	0.931481	6.70
0.67	12.65	0.052187	0.000861	0.000014	0.931481	6.70
0.67	13.02	0.053678	0.002812	0.000147	0.931481	6.70
0.67	13.39	0.057256	0.006274	0.000688	0.931481	6.70
0.67	13.76	0.060929	0.009690	0.001541	0.931481	6.70
0.67	14.12	0.061471	0.012446	0.002520	0.931481	6.70
0.67	14.49	0.065527	0.014582	0.003245	0.931481	6.70
0.67	14.86	0.063334	0.012005	0.002276	0.931481	6.70
0.67	15.22	0.063972	0.013302	0.002766	0.931481	6.70
0.67	15.59	0.063512	0.011398	0.002046	0.931481	6.70
0.67	15.96	0.069302	0.016577	0.003965	0.931481	6.70
0.67	16.33	0.076244	0.019431	0.004952	0.931481	6.70
0.67	16.69	0.081324	0.028503	0.009990	0.931481	6.70
0.67	17.06	0.084852	0.030442	0.010921	0.931481	6.70
0.67	17.43	0.101900	0.045191	0.020042	0.931481	6.70
0.67	17.80	0.109595	0.043230	0.017052	0.931481	6.70
0.67	18.16	0.117668	0.045905	0.017909	0.931481	6.70
0.67	18.53	0.147796	0.078994	0.042221	0.931481	6.70
0.67	18.90	0.161196	0.086691	0.046622	0.931481	6.70
0.67	19.27	0.188531	0.091082	0.044003	0.931481	6.70
0.67	19.63	0.223781	0.090833	0.036870	0.931481	6.70
0.67	20.00	0.231745	0.104544	0.047162	0.931481	6.70
0.67	20.37	0.262818	0.116746	0.051860	0.931481	6.70
0.67	20.73	0.297593	0.119587	0.048056	0.931481	6.70
0.67	21.10	0.211777	0.101134	0.048297	0.931481	6.70
0.67	21.47	0.228418	0.106334	0.049501	0.931481	6.70
0.67	21.84	0.235209	0.112920	0.054211	0.931481	6.70
0.67	22.20	0.241933	0.119622	0.059146	0.931481	6.70
0.67	22.57	0.388150	0.124557	0.039970	0.931481	6.70
0.67	22.94	0.411755	0.123323	0.036936	0.931481	6.70
0.67	23.31	0.446774	0.135612	0.041163	0.931481	6.70
0.67	23.67	0.496923	0.114433	0.026352	0.931481	6.70
0.67	24.04	0.534349	0.122031	0.027869	0.931481	6.70
0.67	24.41	0.551690	0.129676	0.030481	0.931481	6.70
0.67	24.78	0.569365	0.105539	0.019563	0.931481	6.70
0.67	25.14	0.524423	0.117904	0.026508	0.931481	6.70
0.67	25.51	0.536981	0.140253	0.036632	0.931481	6.70
0.67	25.88	0.552624	0.134545	0.032757	0.931481	6.70
0.67	26.24	0.546750	0.153359	0.043016	0.931481	6.70
0.67	26.61	0.537092	0.181367	0.061245	0.931481	6.70
0.67	26.98	0.558529	0.146235	0.038287	0.931481	6.70
0.67	27.35	0.642147	0.090765	0.012829	0.931481	6.70
0.67	27.71	0.619284	0.157405	0.040008	0.931481	6.70
0.67	28.08	0.659156	0.134153	0.027303	0.931481	6.70
0.67	28.45	0.659581	0.138701	0.029167	0.931481	6.70
0.67	28.82	0.671456	0.111331	0.018459	0.931481	6.70
0.67	29.18	0.660574	0.138276	0.028945	0.931481	6.70
0.67	29.55	0.671764	0.123415	0.022673	0.931481	6.70
0.67	29.92	0.737803	0.064237	0.005593	0.931481	6.70
0.70	2.00	0.000000	0.000000	0.000000	0.944444	6.88
0.70	2.37	0.000000	0.000000	0.000000	0.944444	6.88
0.70	2.73	0.000000	0.000000	0.000000	0.944444	6.88
0.70	3.10	0.000000	0.000000	0.000000	0.944444	6.88
0.70	3.47	0.000000	0.000000	0.000000	0.944444	6.88
0.70	3.84	0.000000	0.000000	0.000000	0.944444	6.88
0.70	4.20	0.000000	0.000000	0.000000	0.944444	6.88
0.70	4.57	0.000000	0.000000	0.000000	0.944444	6.88
0.70	4.94	0.000000	0.000000	0.000000	0.944444	6.88
0.70	5.31	0.000000	0.000000	0.000000	0.944444	6.88
0.70	5.67	0.000000	0.000000	0.000000	0.944444	6.88
0.70	6.04	0.000000	0.000000	0.000000	0.944444	6.88
0.70	6.41	0.000000	0.000000	0.000000	0.944444	6.88
0.70	6.78	0.000000	0.000000	0.000000	0.944444	6.88
0.70	7.14	0.000000	0.000000	0.000000	0.944444	6.88
0.70	7.51	0.000000	0.000000	0.000000	0.944444	6.88
0.70	7.88	0.000000	0.000000	0.000000	0.944444	6.88
0.70	8.24	0.000000	0.000000	0.000000	0.944444	6.88
0.70	8.61	0.000000	0.000000	0.000000	0.944444	6.88
0.70	8.98	0.000000	0.000000	0.000000	0.944444	6.88
0.70	9.35	0.000000	0.000000	0.000000	0.944444	6.88
0.70	9.71	0.000000	0.000000	0.000000	0.944444	6.88
0.70	10.08	0.050980	0.000000	0.000000	0.944444	6.88
0.70	10.45	0.050980	0.000000	0.000000	0.944444	6.88
0.70	10.82	0.053922	0.000980	0.000018	0.944444	6.88
0.70	11.18	0.052941	0.000000	0.000000	0.944444	6.88
0.70	11.55	0.000000	0.000000	0.000000	0.944444	6.88
0.70	11.92	0.052288	0.000924	0.000016	0.944444	6.88
0.70	12.29	0.055882	0.005094	0.000464	0.944444	6.88
0.70	12.65	0.055637	0.005795	0.000604	0.944444	6.88
0.70	13.02	0.056863	0.006503	0.000744	0.944444	6.88
0.70	13.39	0.059150	0.009477	0.001518	0.944444	6.88
0.70	13.76	0.063364	0.009264	0.001354	0.944444	6.88
0.70	14.12	0.060709	0.010774	0.001912	0.944444	6.88
0.70	14.49	0.058660	0.007335	0.000917	0.944444	6.88
0.70	14.86	0.064138	0.013776	0.002959	0.944444	6.88
0.70	15.22	0.069249	0.019862	0.005697	0.944444	6.88
0.70	15.59	0.068561	0.017829	0.004636	0.944444	6.88
0.70	15.96	0.067049	0.016151	0.003890	0.944444	6.88
0.70	16.33	0.070269	0.019258	0.005278	0.944444	6.88
0.70	16.69	0.074962	0.023756	0.007529	0.944444	6.88
0.70	17.06	0.084234	0.034454	0.014092	0.944444	6.88
0.70	17.43	0.089530	0.034646	0.013407	0.944444	6.88
0.70	17.80	0.099825	0.043208	0.018702	0.944444	6.88
0.70	18.16	0.115879	0.045345	0.017744	0.944444	6.88
0.70	18.53	0.132103	0.056895	0.024504	0.944444	6.88
0.70	18.90	0.115546	0.044875	0.017428	0.944444	6.88
0.70	19.27	0.137943	0.065342	0.030951	0.944444	6.88
0.70	19.63	0.145713	0.067061	0.030863	0.944444	6.88
0.70	20.00	0.176539	0.071188	0.028706	0.944444	6.88
0.70	20.37	0.219335	0.096845	0.042761	0.944444	6.88
0.70	20.73	0.243931	0.109401	0.049065	0.944444	6.88
0.70	21.10	0.281198	0.120215	0.051394	0.944444	6.88
0.70	21.47	0.307318	0.129137	0.054264	0.944444	6.88
0.70	21.84	0.284214	0.113178	0.045069	0.944444	6.88
0.70	22.20	0.326242	0.118322	0.042913	0.944444	6.88
0.70	22.57	0.333283	0.127996	0.049157	0.944444	6.88
0.70	22.94	0.422471	0.115403	0.031524	0.944444	6.88
0.70	23.31	0.485163	0.100286	0.020730	0.944444	6.88
0.70	23.67	0.487721	0.106631	0.023313	0.944444	6.88
0.70	24.04	0.556989	0.117350	0.024724	0.944444	6.88
0.70	24.41	0.531937	0.151231	0.042995	0.944444	6.88
0.70	24.78	0.600000	0.128596	0.027561	0.944444	6.88
0.70	25.14	0.625715	0.113450	0.020570	0.944444	6.88
0.70	25.51	0.635523	0.098409	0.015238	0.944444	6.88
0.70	25.88	0.616713	0.155895	0.039408	0.944444	6.88
0.70	26.24	0.678465	0.069481	0.007116	0.944444	6.88
0.70	26.61	0.682511	0.107637	0.016975	0.944444	6.88
0.70	26.98	0.702309	0.075757	0.008172	0.944444	6.88
0.70	27.35	0.720131	0.096438	0.012915	0.944444	6.88
0.70	27.71	0.716820	0.060521	0.005110	0.944444	6.88
0.70	28.08	0.731839	0.055512	0.004211	0.944444	6.88
0.70	28.45	0.733701	0.103476	0.014594	0.944444	6.88
0.70	28.82	0.746127	0.125967	0.021267	0.944444	6.88
0.70	29.18	0.764807	0.098560	0.012701	0.944444	6.88
0.70	29.55	0.767760	0.101294	0.013364	0.944444	6.88
0.70	29.92	0.785631	0.031525	0.001265	0.944444	6.88
0.73	2.00	0.000000	0.000000	0.000000	0.950000	7.11
0.73	2.37	0.000000	0.000000	0.000000	0.950000	7.11
0.73	2.73	0.000000	0.000000	0.000000	0.950000	7.11
0.73	3.10	0.000000	0.000000	0.000000	0.950000	7.11
0.73	3.47	0.000000	0.000000	0.000000	0.950000	7.11
0.73	3.84	0.000000	0.000000	0.000000	0.950000	7.11
0.73	4.20	0.000000	0.000000	0.000000	0.950000	7.11
0.73	4.57	0.000000	0.000000	0.000000	0.950000	7.11
0.73	4.94	0.000000	0.000000	0.000000	0.950000	7.11
0.73	5.31	0.000000	0.000000	0.000000	0.950000	7.11
0.73	5.67	0.000000	0.000000	0.000000	0.950000	7.11
0.73	6.04	0.000000	0.000000	0.000000	0.950000	7.11
0.73	6.41	0.000000	0.000000	0.000000	0.950000	7.11
0.73	6.78	0.000000	0.000000	0.000000	0.950000	7.11
0.73	7.14	0.000000	0.000000	0.000000	0.950000	7.11
0.73	7.51	0.000000	0.000000	0.000000	0.950000	7.11
0.73	7.88	0.000000	0.000000	0.000000	0.950000	7.11
0.73	8.24	0.050682	0.000000	0.000000	0.950000	7.11
0.73	8.61	0.052632	0.000000	0.000000	0.950000	7.11
0.73	8.98	0.052632	0.000000	0.000000	0.950000	7.11
0.73	9.35	0.054581	0.000000	0.000000	0.950000	7.11
0.73	9.71	0.054581	0.000000	0.000000	0.950000	7.11
0.73	10.08	0.000000	0.000000	0.000000	0.950000	7.11
0.73	10.45	0.000000	0.000000	0.000000	0.950000	7.11
0.73	10.82	0.000000	0.000000	0.000000	0.950000	7.11
0.73	11.18	0.052632	0.001949	0.000072	0.950000	7.11
0.73	11.55	0.050682	0.000000	0.000000	0.950000	7.11
0.73	11.92	0.050682	0.000000	0.000000	0.950000	7.11
0.73	12.29	0.054581	0.001949	0.000070	0.950000	7.11
0.73	12.65	0.057087	0.005284	0.000489	0.950000	7.11
0.73	13.02	0.057261	0.006159	0.000663	0.950000	7.11
0.73	13.39	0.058999	0.008285	0.001163	0.950000	7.11
0.73	13.76	0.063302	0.014344	0.003250	0.950000	7.11
0.73	14.12	0.063470	0.012181	0.002338	0.950000	7.11
0.73	14.49	0.069174	0.022159	0.007098	0.950000	7.11
0.73	14.86	0.072789	0.023132	0.007351	0.950000	7.11
0.73	15.22	0.069666	0.017968	0.004634	0.950000	7.11
0.73	15.59	0.073384	0.021524	0.006313	0.950000	7.11
0.73	15.96	0.073601	0.019472	0.005152	0.950000	7.11
0.73	16.33	0.076714	0.024081	0.007559	0.950000	7.11
0.73	16.69	0.082792	0.027949	0.009435	0.950000	7.11
0.73	17.06	0.082918	0.032951	0.013095	0.950000	7.11
0.73	17.43	0.111344	0.047176	0.019989	0.950000	7.11
0.73	17.80	0.118799	0.048573	0.019860	0.950000	7.11
0.73	18.16	0.133983	0.067580	0.034087	0.950000	7.11
0.73	18.53	0.160885	0.078761	0.038557	0.950000	7.11
0.73	18.90	0.173865	0.077826	0.034837	0.950000	7.11
0.73	19.27	0.194028	0.088156	0.040054	0.950000	7.11
0.73	19.63	0.223418	0.094535	0.040001	0.950000	7.11
0.73	20.00	0.219498	0.104205	0.049471	0.950000	7.11
0.73	20.37	0.314334	0.122050	0.047390	0.950000	7.11
0.73	20.73	0.363873	0.134320	0.049583	0.950000	7.11
0.73	21.10	0.363390	0.140630	0.054423	0.950000	7.11
0.73	21.47	0.360914	0.144844	0.058130	0.950000	7.11
0.73	21.84	0.442712	0.112785	0.028733	0.950000	7.11
0.73	22.20	0.404808	0.150385	0.055868	0.950000	7.11
0.73	22.57	0.511539	0.089006	0.015487	0.950000	7.11
0.73	22.94	0.465514	0.143611	0.044304	0.950000	7.11
0.73	23.31	0.479393	0.158469	0.052384	0.950000	7.11
0.73	23.67	0.560459	0.109609	0.021436	0.950000	7.11
0.73	24.04	0.527898	0.146580	0.040700	0.950000	7.11
0.73	24.41	0.563353	0.125089	0.027775	0.950000	7.11
0.73	24.78	0.604443	0.136970	0.031038	0.950000	7.11
0.73	25.14	0.610646	0.128694	0.027122	0.950000	7.11
0.73	25.51	0.640625	0.102417	0.016373	0.950000	7.11
0.73	25.88	0.631431	0.130386	0.026924	0.950000	7.11
0.73	26.24	0.670110	0.097409	0.014160	0.950000	7.11
0.73	26.61	0.756100	0.039065	0.002018	0.950000	7.11
0.73	26.98	0.746972	0.098194	0.012908	0.950000	7.11
0.73	27.35	0.769533	0.042199	0.002314	0.950000	7.11
0.73	27.71	0.747731	0.057826	0.004472	0.950000	7.11
0.73	28.08	0.758846	0.047300	0.002948	0.950000	7.11
0.73	28.45	0.704897	0.160608	0.036594	0.950000	7.11
0.73	28.82	0.754194	0.059970	0.004768	0.950000	7.11
0.73	29.18	0.749040	0.123677	0.020421	0.950000	7.11
0.73	29.55	0.786972	0.040558	0.002090	0.950000	7.11
0.73	29.92	0.799740	0.043987	0.002419	0.950000	7.11
0.76	2.00	0.000000	0.000000	0.000000	0.951852	7.35
0.76	2.37	0.000000	0.000000	0.000000	0.951852	7.35
0.76	2.73	0.000000	0.000000	0.000000	0.951852	7.35
0.76	3.10	0.000000	0.000000	0.000000	0.951852	7.35
0.76	3.47	0.000000	0.000000	0.000000	0.951852	7.35
0.76	3.84	0.000000	0.000000	0.000000	0.951852	7.35
0.76	4.20	0.000000	0.000000	0.000000	0.951852	7.35
0.76	4.57	0.000000	0.000000	0.000000	0.951852	7.35
0.76	4.94	0.000000	0.000000	0.000000	0.951852	7.35
0.76	5.31	0.000000	0.000000	0.000000	0.951852	7.35
0.76	5.67	0.000000	0.000000	0.000000	0.951852	7.35
0.76	6.04	0.000000	0.000000	0.000000	0.951852	7.35
0.76	6.41	0.000000	0.000000	0.000000	0.951852	7.35
0.76	6.78	0.000000	0.000000	0.000000	0.951852	7.35
0.76	7.14	0.000000	0.000000	0.000000	0.951852	7.35
0.76	7.51	0.000000	0.000000	0.000000	0.951852	7.35
0.76	7.88	0.000000	0.000000	0.000000	0.951852	7.35
0.76	8.24	0.000000	0.000000	0.000000	0.951852	7.35
0.76	8.61	0.000000	0.000000	0.000000	0.951852	7.35
0.76	8.98	0.000000	0.000000	0.000000	0.951852	7.35
0.76	9.35	0.000000	0.000000	0.000000	0.951852	7.35
0.76	9.71	0.000000	0.000000	0.000000	0.951852	7.35
0.76	10.08	0.000000	0.000000	0.000000	0.951852	7.35
0.76	10.45	0.000000	0.000000	0.000000	0.951852	7.35
0.76	10.82	0.000000	0.000000	0.000000	0.951852	7.35
0.76	11.18	0.053502	0.000973	0.000018	0.951852	7.35
0.76	11.55	0.053502	0.000973	0.000018	0.951852	7.35
0.76	11.92	0.055642	0.004538	0.000370	0.951852	7.35
0.76	12.29	0.057717	0.008603	0.001282	0.951852	7.35
0.76	12.65	0.052529	0.001376	0.000036	0.951852	7.35
0.76	13.02	0.054907	0.003147	0.000180	0.951852	7.35
0.76	13.39	0.055569	0.006561	0.000775	0.951852	7.35
0.76	13.76	0.058180	0.005818	0.000582	0.951852	7.35
0.76	14.12	0.063728	0.013607	0.002905	0.951852	7.35
0.76	14.49	0.066339	0.018097	0.004937	0.951852	7.35
0.76	14.86	0.068827	0.019095	0.005298	0.951852	7.35
0.76	15.22	0.072313	0.023921	0.007913	0.951852	7.35
0.76	15.59	0.082580	0.035801	0.015521	0.951852	7.35
0.76	15.96	0.079788	0.037521	0.017645	0.951852	7.35
0.76	16.33	0.089729	0.044310	0.021881	0.951852	7.35
0.76	16.69	0.106309	0.058436	0.032122	0.951852	7.35
0.76	17.06	0.111868	0.062090	0.034462	0.951852	7.35
0.76	17.43	0.133801	0.065012	0.031589	0.951852	7.35
0.76	17.80	0.147265	0.084019	0.047935	0.951852	7.35
0.76	18.16	0.168802	0.085648	0.043457	0.951852	7.35
0.76	18.53	0.159721	0.075594	0.035778	0.951852	7.35
0.76	18.90	0.184582	0.086465	0.040503	0.951852	7.35
0.76	19.27	0.193209	0.080886	0.033863	0.951852	7.35
0.76	19.63	0.242139	0.107558	0.047778	0.951852	7.35
0.76	20.00	0.258545	0.108116	0.045211	0.951852	7.35
0.76	20.37	0.263379	0.114811	0.050048	0.951852	7.35
0.76	20.73	0.330138	0.123231	0.045998	0.951852	7.35
0.76	21.10	0.329314	0.130496	0.051711	0.951852	7.35
0.76	21.47	0.312389	0.141413	0.064015	0.951852	7.35
0.76	21.84	0.364005	0.138593	0.052768	0.951852	7.35
0.76	22.20	0.393385	0.129733	0.042784	0.951852	7.35
0.76	22.57	0.521679	0.157118	0.047320	0.951852	7.35
0.76	22.94	0.591967	0.115542	0.022552	0.951852	7.35
0.76	23.31	0.582478	0.135291	0.031424	0.951852	7.35
0.76	23.67	0.580466	0.128792	0.028576	0.951852	7.35
0.76	24.04	0.600312	0.150958	0.037961	0.951852	7.35
0.76	24.41	0.634332	0.117263	0.021677	0.951852	7.35
0.76	24.78	0.626027	0.133237	0.028357	0.951852	7.35
0.76	25.14	0.652096	0.069813	0.007474	0.951852	7.35
0.76	25.51	0.662330	0.113444	0.019431	0.951852	7.35
0.76	25.88	0.692576	0.071846	0.007453	0.951852	7.35
0.76	26.24	0.736200	0.054750	0.004072	0.951852	7.35
0.76	26.61	0.727692	0.110805	0.016872	0.951852	7.35
0.76	26.98	0.747241	0.087973	0.010357	0.951852	7.35
0.76	27.35	0.719906	0.107427	0.016031	0.951852	7.35
0.76	27.71	0.714879	0.120239	0.020224	0.951852	7.35
0.76	28.08	0.717987	0.118990	0.019720	0.951852	7.35
0.76	28.45	0.774383	0.100348	0.013003	0.951852	7.35
0.76	28.82	0.800517	0.048457	0.002933	0.951852	7.35
0.76	29.18	0.811045	0.045260	0.002526	0.951852	7.35
0.76	29.55	0.779852	0.093469	0.011203	0.951852	7.35
0.76	29.92	0.787845	0.096008	0.011700	0.951852	7.35
0.79	2.00	0.000000	0.000000	0.000000	0.955556	7.55
0.79	2.37	0.000000	0.000000	0.000000	0.955556	7.55
0.79	2.73	0.000000	0.000000	0.000000	0.955556	7.55
0.79	3.10	0.000000	0.000000	0.000000	0.955556	7.55
0.79	3.47	0.000000	0.000000	0.000000	0.955556	7.55
0.79	3.84	0.000000	0.000000	0.000000	0.955556	7.55
0.79	4.20	0.000000	0.000000	0.000000	0.955556	7.55
0.79	4.57	0.000000	0.000000	0.000000	0.955556	7.55
0.79	4.94	0.000000	0.000000	0.000000	0.955556	7.55
0.79	5.31	0.000000	0.000000	0.000000	0.955556	7.55
0.79	5.67	0.000000	0.000000	0.000000	0.955556	7.55
0.79	6.04	0.000000	0.000000	0.000000	0.955556	7.55
0.79	6.41	0.000000	0.000000	0.000000	0.955556	7.55
0.79	6.78	0.000000	0.000000	0.000000	0.955556	7.55
0.79	7.14	0.000000	0.000000	0.000000	0.955556	7.55
0.79	7.51	0.053295	0.000969	0.000018	0.955556	7.55
0.79	7.88	0.053295	0.000969	0.000018	0.955556	7.55
0.79	8.24	0.056202	0.000000	0.000000	0.955556	7.55
0.79	8.61	0.054264	0.001582	0.000046	0.955556	7.55
0.79	8.98	0.000000	0.000000	0.000000	0.955556	7.55
0.79	9.35	0.000000	0.000000	0.000000	0.955556	7.55
0.79	9.71	0.000000	0.000000	0.000000	0.955556	7.55
0.79	10.08	0.000000	0.000000	0.000000	0.955556	7.55
0.79	10.45	0.053618	0.003294	0.000202	0.955556	7.55
0.79	10.82	0.053295	0.002167	0.000088	0.955556	7.55
0.79	11.18	0.056202	0.001582	0.000045	0.955556	7.55
0.79	11.55	0.052326	0.001226	0.000029	0.955556	7.55
0.79	11.92	0.053295	0.002907	0.000159	0.955556	7.55
0.79	12.29	0.054264	0.001370	0.000035	0.955556	7.55
0.79	12.65	0.055039	0.002901	0.000153	0.955556	7.55
0.79	13.02	0.058786	0.007644	0.000994	0.955556	7.55
0.79	13.39	0.058140	0.006657	0.000762	0.955556	7.55
0.79	13.76	0.058806	0.009913	0.001671	0.955556	7.55
0.79	14.12	0.062465	0.012902	0.002665	0.955556	7.55
0.79	14.49	0.064539	0.013644	0.002885	0.955556	7.55
0.79	14.86	0.063566	0.013311	0.002788	0.955556	7.55
0.79	15.22	0.065284	0.014669	0.003296	0.955556	7.55
0.79	15.59	0.066590	0.015888	0.003791	0.955556	7.55
0.79	15.96	0.072287	0.018786	0.004882	0.955556	7.55
0.79	16.33	0.093000	0.043370	0.020226	0.955556	7.55
0.79	16.69	0.113881	0.059359	0.030940	0.955556	7.55
0.79	17.06	0.121486	0.065027	0.034807	0.955556	7.55
0.79	17.43	0.128927	0.066996	0.034814	0.955556	7.55
0.79	17.80	0.140977	0.068863	0.033637	0.955556	7.55
0.79	18.16	0.168186	0.078856	0.036973	0.955556	7.55
0.79	18.53	0.190129	0.094982	0.047450	0.955556	7.55
0.79	18.90	0.217559	0.108075	0.053688	0.955556	7.55
0.79	19.27	0.190522	0.091541	0.043983	0.955556	7.55
0.79	19.63	0.252947	0.108545	0.046579	0.955556	7.55
0.79	20.00	0.276449	0.110089	0.043840	0.955556	7.55
0.79	20.37	0.278558	0.117868	0.049874	0.955556	7.55
0.79	20.73	0.376187	0.142932	0.054307	0.955556	7.55
0.79	21.10	0.413605	0.149840	0.054284	0.955556	7.55
0.79	21.47	0.498325	0.105022	0.022134	0.955556	7.55
0.79	21.84	0.505906	0.147336	0.042909	0.955556	7.55
0.79	22.20	0.486116	0.162190	0.054114	0.955556	7.55
0.79	22.57	0.545161	0.154604	0.043845	0.955556	7.55
0.79	22.94	0.581305	0.132665	0.030277	0.955556	7.55
0.79	23.31	0.511406	0.167231	0.054685	0.955556	7.55
0.79	23.67	0.568417	0.149792	0.039474	0.955556	7.55
0.79	24.04	0.611283	0.124913	0.025526	0.955556	7.55
0.79	24.41	0.658883	0.136658	0.028344	0.955556	7.55
0.79	24.78	0.678076	0.138936	0.028468	0.955556	7.55
0.79	25.14	0.720996	0.067108	0.006246	0.955556	7.55
0.79	25.51	0.757879	0.103051	0.014012	0.955556	7.55
0.79	25.88	0.772862	0.051667	0.003454	0.955556	7.55
0.79	26.24	0.787984	0.038181	0.001850	0.955556	7.55
0.79	26.61	0.787823	0.038079	0.001841	0.955556	7.55
0.79	26.98	0.775475	0.104900	0.014190	0.955556	7.55
0.79	27.35	0.814555	0.033623	0.001388	0.955556	7.55
0.79	27.71	0.741085	0.074421	0.007474	0.955556	7.55
0.79	28.08	0.762628	0.043550	0.002487	0.955556	7.55
0.79	28.45	0.760346	0.096019	0.012126	0.955556	7.55
0.79	28.82	0.849038	0.018671	0.000411	0.955556	7.55
0.79	29.18	0.854515	0.019457	0.000443	0.955556	7.55
0.79	29.55	0.863015	0.014773	0.000253	0.955556	7.55
0.79	29.92	0.849645	0.032790	0.001265	0.955556	7.55
0.81	2.00	0.000000	0.000000	0.000000	0.957407	7.79
0.81	2.37	0.000000	0.000000	0.000000	0.957407	7.79
0.81	2.73	0.000000	0.000000	0.000000	0.957407	7.79
0.81	3.10	0.000000	0.000000	0.000000	0.957407	7.79
0.81	3.47	0.000000	0.000000	0.000000	0.957407	7.79
0.81	3.84	0.000000	0.000000	0.000000	0.957407	7.79
0.81	4.20	0.000000	0.000000	0.000000	0.957407	7.79
0.81	4.57	0.000000	0.000000	0.000000	0.957407	7.79
0.81	4.94	0.000000	0.000000	0.000000	0.957407	7.79
0.81	5.31	0.000000	0.000000	0.000000	0.957407	7.79
0.81	5.67	0.000000	0.000000	0.000000	0.957407	7.79
0.81	6.04	0.000000	0.000000	0.000000	0.957407	7.79
0.81	6.41	0.000000	0.000000	0.000000	0.957407	7.79
0.81	6.78	0.000000	0.000000	0.000000	0.957407	7.79
0.81	7.14	0.000000	0.000000	0.000000	0.957407	7.79
0.81	7.51	0.000000	0.000000	0.000000	0.957407	7.79
0.81	7.88	0.000000	0.000000	0.000000	0.957407	7.79
0.81	8.24	0.000000	0.000000	0.000000	0.957407	7.79
0.81	8.61	0.000000	0.000000	0.000000	0.957407	7.79
0.81	8.98	0.052224	0.000000	0.000000	0.957407	7.79
0.81	9.35	0.052224	0.000000	0.000000	0.957407	7.79
0.81	9.71	0.052224	0.000000	0.000000	0.957407	7.79
0.81	10.08	0.000000	0.000000	0.000000	0.957407	7.79
0.81	10.45	0.000000	0.000000	0.000000	0.957407	7.79
0.81	10.82	0.061896	0.000000	0.000000	0.957407	7.79
0.81	11.18	0.050290	0.000000	0.000000	0.957407	7.79
0.81	11.55	0.052224	0.001579	0.000048	0.957407	7.79
0.81	11.92	0.054159	0.001368	0.000035	0.957407	7.79
0.81	12.29	0.054642	0.004510	0.000372	0.957407	7.79
0.81	12.65	0.055663	0.003622	0.000236	0.957407	7.79
0.81	13.02	0.055646	0.007362	0.000974	0.957407	7.79
0.81	13.39	0.058596	0.009902	0.001673	0.957407	7.79
0.81	13.76	0.060878	0.015918	0.004162	0.957407	7.79
0.81	14.12	0.064313	0.020548	0.006565	0.957407	7.79
0.81	14.49	0.063428	0.009958	0.001563	0.957407	7.79
0.81	14.86	0.066116	0.015742	0.003748	0.957407	7.79
0.81	15.22	0.070028	0.017516	0.004381	0.957407	7.79
0.81	15.59	0.075563	0.023812	0.007504	0.957407	7.79
0.81	15.96	0.079042	0.028137	0.010016	0.957407	7.79
0.81	16.33	0.083453	0.032757	0.012858	0.957407	7.79
0.81	16.69	0.093518	0.043519	0.020252	0.957407	7.79
0.81	17.06	0.110098	0.052139	0.024692	0.957407	7.79
0.81	17.43	0.152592	0.083548	0.045745	0.957407	7.79
0.81	17.80	0.172921	0.086823	0.043594	0.957407	7.79
0.81	18.16	0.212578	0.105222	0.052082	0.957407	7.79
0.81	18.53	0.211402	0.106566	0.053719	0.957407	7.79
0.81	18.90	0.269172	0.117043	0.050893	0.957407	7.79
0.81	19.27	0.263213	0.114939	0.050191	0.957407	7.79
0.81	19.63	0.305525	0.130412	0.055666	0.957407	7.79
0.81	20.00	0.390286	0.133890	0.045932	0.957407	7.79
0.81	20.37	0.467018	0.112556	0.027127	0.957407	7.79
0.81	20.73	0.486376	0.131134	0.035356	0.957407	7.79
0.81	21.10	0.536958	0.124126	0.028694	0.957407	7.79
0.81	21.47	0.441368	0.137252	0.042681	0.957407	7.79
0.81	21.84	0.471415	0.160871	0.054898	0.957407	7.79
0.81	22.20	0.516474	0.131287	0.033373	0.957407	7.79
0.81	22.57	0.626332	0.108911	0.018938	0.957407	7.79
0.81	22.94	0.654067	0.073075	0.008164	0.957407	7.79
0.81	23.31	0.696256	0.055882	0.004485	0.957407	7.79
0.81	23.67	0.679717	0.103647	0.015805	0.957407	7.79
0.81	24.04	0.690522	0.107315	0.016678	0.957407	7.79
0.81	24.41	0.714500	0.099088	0.013742	0.957407	7.79
0.81	24.78	0.733809	0.042745	0.002490	0.957407	7.79
0.81	25.14	0.764253	0.048028	0.003018	0.957407	7.79
0.81	25.51	0.775495	0.043101	0.002396	0.957407	7.79
0.81	25.88	0.791669	0.034894	0.001538	0.957407	7.79
0.81	26.24	0.796396	0.032055	0.001290	0.957407	7.79
0.81	26.61	0.802008	0.034856	0.001515	0.957407	7.79
0.81	26.98	0.788835	0.071879	0.006550	0.957407	7.79
0.81	27.35	0.800463	0.109896	0.015088	0.957407	7.79
0.81	27.71	0.825848	0.040880	0.002024	0.957407	7.79
0.81	28.08	0.817730	0.031883	0.001243	0.957407	7.79
0.81	28.45	0.827033	0.026830	0.000870	0.957407	7.79
0.81	28.82	0.838737	0.021735	0.000563	0.957407	7.79
0.81	29.18	0.829248	0.039656	0.001896	0.957407	7.79
0.81	29.55	0.839652	0.029929	0.001067	0.957407	7.79
0.81	29.92	0.846441	0.036495	0.001574	0.957407	7.79
0.84	2.00	0.000000	0.000000	0.000000	0.957407	8.01
0.84	2.37	0.000000	0.000000	0.000000	0.957407	8.01
0.84	2.73	0.000000	0.000000	0.000000	0.957407	8.01
0.84	3.10	0.000000	0.000000	0.000000	0.957407	8.01
0.84	3.47	0.000000	0.000000	0.000000	0.957407	8.01
0.84	3.84	0.000000	0.000000	0.000000	0.957407	8.01
0.84	4.20	0.000000	0.000000	0.000000	0.957407	8.01
0.84	4.57	0.000000	0.000000	0.000000	0.957407	8.01
0.84	4.94	0.000000	0.000000	0.000000	0.957407	8.01
0.84	5.31	0.000000	0.000000	0.000000	0.957407	8.01
0.84	5.67	0.000000	0.000000	0.000000	0.957407	8.01
0.84	6.04	0.000000	0.000000	0.000000	0.957407	8.01
0.84	6.41	0.000000	0.000000	0.000000	0.957407	8.01
0.84	6.78	0.000000	0.000000	0.000000	0.957407	8.01
0.84	7.14	0.000000	0.000000	0.000000	0.957407	8.01
0.84	7.51	0.000000	0.000000	0.000000	0.957407	8.01
0.84	7.88	0.000000	0.000000	0.000000	0.957407	8.01
0.84	8.24	0.000000	0.000000	0.000000	0.957407	8.01
0.84	8.61	0.000000	0.000000	0.000000	0.957407	8.01
0.84	8.98	0.000000	0.000000	0.000000	0.957407	8.01
0.84	9.35	0.000000	0.000000	0.000000	0.957407	8.01
0.84	9.71	0.000000	0.000000	0.000000	0.957407	8.01
0.84	10.08	0.000000	0.000000	0.000000	0.957407	8.01
0.84	10.45	0.056093	0.000000	0.000000	0.957407	8.01
0.84	10.82	0.053191	0.000967	0.000018	0.957407	8.01
0.84	11.18	0.052224	0.001368	0.000036	0.957407	8.01
0.84	11.55	0.054159	0.002369	0.000104	0.957407	8.01
0.84	11.92	0.055513	0.006058	0.000661	0.957407	8.01
0.84	12.29	0.054728	0.006855	0.000859	0.957407	8.01
0.84	12.65	0.056972	0.007136	0.000894	0.957407	8.01
0.84	13.02	0.057096	0.008799	0.001356	0.957407	8.01
0.84	13.39	0.059587	0.007913	0.001051	0.957407	8.01
0.84	13.76	0.061384	0.010629	0.001840	0.957407	8.01
0.84	14.12	0.064057	0.017171	0.004603	0.957407	8.01
0.84	14.49	0.065087	0.016340	0.004102	0.957407	8.01
0.84	14.86	0.070240	0.022513	0.007216	0.957407	8.01
0.84	15.22	0.074355	0.023856	0.007654	0.957407	8.01
0.84	15.59	0.077099	0.025076	0.008156	0.957407	8.01
0.84	15.96	0.088565	0.033731	0.012847	0.957407	8.01
0.84	16.33	0.099319	0.045777	0.021099	0.957407	8.01
0.84	16.69	0.104492	0.045148	0.019507	0.957407	8.01
0.84	17.06	0.105048	0.040216	0.015396	0.957407	8.01
0.84	17.43	0.122635	0.065463	0.034944	0.957407	8.01
0.84	17.80	0.136114	0.071309	0.037358	0.957407	8.01
0.84	18.16	0.174751	0.079239	0.035930	0.957407	8.01
0.84	18.53	0.160642	0.077625	0.037509	0.957407	8.01
0.84	18.90	0.285556	0.118639	0.049291	0.957407	8.01
0.84	19.27	0.357179	0.124466	0.043373	0.957407	8.01
0.84	19.63	0.338890	0.139465	0.057395	0.957407	8.01
0.84	20.00	0.357005	0.144516	0.058501	0.957407	8.01
0.84	20.37	0.519309	0.122452	0.028874	0.957407	8.01
0.84	20.73	0.581967	0.107002	0.019674	0.957407	8.01
0.84	21.10	0.600408	0.103563	0.017864	0.957407	8.01
0.84	21.47	0.528300	0.128225	0.031122	0.957407	8.01
0.84	21.84	0.522361	0.132572	0.033646	0.957407	8.01
0.84	22.20	0.609250	0.121440	0.024206	0.957407	8.01
0.84	22.57	0.611986	0.135081	0.029816	0.957407	8.01
0.84	22.94	0.652380	0.095839	0.014079	0.957407	8.01
0.84	23.31	0.682318	0.075503	0.008355	0.957407	8.01
0.84	23.67	0.716584	0.062646	0.005477	0.957407	8.01
0.84	24.04	0.749817	0.091663	0.011206	0.957407	8.01
0.84	24.41	0.758899	0.076405	0.007692	0.957407	8.01
0.84	24.78	0.765859	0.068104	0.006056	0.957407	8.01
0.84	25.14	0.758516	0.078564	0.008137	0.957407	8.01
0.84	25.51	0.778756	0.042908	0.002364	0.957407	8.01
0.84	25.88	0.789201	0.046240	0.002709	0.957407	8.01
0.84	26.24	0.805660	0.039177	0.001905	0.957407	8.01
0.84	26.61	0.803930	0.051127	0.003252	0.957407	8.01
0.84	26.98	0.807077	0.105009	0.013663	0.957407	8.01
0.84	27.35	0.845499	0.102485	0.012422	0.957407	8.01
0.84	27.71	0.864639	0.016298	0.000307	0.957407	8.01
0.84	28.08	0.869819	0.011934	0.000164	0.957407	8.01
0.84	28.45	0.842784	0.020405	0.000494	0.957407	8.01
0.84	28.82	0.852204	0.015242	0.000273	0.957407	8.01
0.84	29.18	0.868133	0.013504	0.000210	0.957407	8.01
0.84	29.55	0.868105	0.018054	0.000375	0.957407	8.01
0.84	29.92	0.872374	0.015283	0.000268	0.957407	8.01
0.87	2.00	0.000000	0.000000	0.000000	0.957407	8.28
0.87	2.37	0.000000	0.000000	0.000000	0.957407	8.28
0.87	2.73	0.000000	0.000000	0.000000	0.957407	8.28
0.87	3.10	0.000000	0.000000	0.000000	0.957407	8.28
0.87	3.47	0.000000	0.000000	0.000000	0.957407	8.28
0.87	3.84	0.000000	0.000000	0.000000	0.957407	8.28
0.87	4.20	0.000000	0.000000	0.000000	0.957407	8.28
0.87	4.57	0.000000	0.000000	0.000000	0.957407	8.28
0.87	4.94	0.000000	0.000000	0.000000	0.957407	8.28
0.87	5.31	0.000000	0.000000	0.000000	0.957407	8.28
0.87	5.67	0.000000	0.000000	0.000000	0.957407	8.28
0.87	6.04	0.000000	0.000000	0.000000	0.957407	8.28
0.87	6.41	0.000000	0.000000	0.000000	0.957407	8.28
0.87	6.78	0.000000	0.000000	0.000000	0.957407	8.28
0.87	7.14	0.000000	0.000000	0.000000	0.957407	8.28
0.87	7.51	0.000000	0.000000	0.000000	0.957407	8.28
0.87	7.88	0.000000	0.000000	0.000000	0.957407	8.28
0.87	8.24	0.000000	0.000000	0.000000	0.957407	8.28
0.87	8.61	0.000000	0.000000	0.000000	0.957407	8.28
0.87	8.98	0.000000	0.000000	0.000000	0.957407	8.28
0.87	9.35	0.052224	0.000000	0.000000	0.957407	8.28
0.87	9.71	0.061896	0.000000	0.000000	0.957407	8.28
0.87	10.08	0.061896	0.000000	0.000000	0.957407	8.28
0.87	10.45	0.054159	0.001934	0.000069	0.957407	8.28
0.87	10.82	0.052869	0.001824	0.000063	0.957407	8.28
0.87	11.18	0.053385	0.001973	0.000073	0.957407	8.28
0.87	11.55	0.051902	0.001736	0.000058	0.957407	8.28
0.87	11.92	0.058269	0.004264	0.000312	0.957407	8.28
0.87	12.29	0.059610	0.008990	0.001356	0.957407	8.28
0.87	12.65	0.060445	0.008717	0.001257	0.957407	8.28
0.87	13.02	0.062247	0.013179	0.002790	0.957407	8.28
0.87	13.39	0.063528	0.016569	0.004322	0.957407	8.28
0.87	13.76	0.067584	0.016385	0.003972	0.957407	8.28
0.87	14.12	0.070922	0.019398	0.005306	0.957407	8.28
0.87	14.49	0.070582	0.019780	0.005543	0.957407	8.28
0.87	14.86	0.071055	0.019966	0.005610	0.957407	8.28
0.87	15.22	0.076837	0.025053	0.008169	0.957407	8.28
0.87	15.59	0.087064	0.030921	0.010982	0.957407	8.28
0.87	15.96	0.095458	0.040332	0.017041	0.957407	8.28
0.87	16.33	0.094133	0.039325	0.016428	0.957407	8.28
0.87	16.69	0.103905	0.046683	0.020974	0.957407	8.28
0.87	17.06	0.115457	0.056597	0.027743	0.957407	8.28
0.87	17.43	0.158231	0.079439	0.039882	0.957407	8.28
0.87	17.80	0.185209	0.100006	0.053999	0.957407	8.28
0.87	18.16	0.237939	0.104252	0.045677	0.957407	8.28
0.87	18.53	0.249596	0.116925	0.054774	0.957407	8.28
0.87	18.90	0.301448	0.132831	0.058532	0.957407	8.28
0.87	19.27	0.285692	0.133003	0.061919	0.957407	8.28
0.87	19.63	0.395916	0.138479	0.048435	0.957407	8.28
0.87	20.00	0.433883	0.139808	0.045049	0.957407	8.28
0.87	20.37	0.428714	0.164377	0.063025	0.957407	8.28
0.87	20.73	0.467705	0.146360	0.045801	0.957407	8.28
0.87	21.10	0.513798	0.146859	0.041977	0.957407	8.28
0.87	21.47	0.568182	0.137268	0.033163	0.957407	8.28
0.87	21.84	0.641114	0.087588	0.011966	0.957407	8.28
0.87	22.20	0.649236	0.106617	0.017509	0.957407	8.28
0.87	22.57	0.683919	0.078122	0.008924	0.957407	8.28
0.87	22.94	0.703328	0.064122	0.005846	0.957407	8.28
0.87	23.31	0.740881	0.059380	0.004759	0.957407	8.28
0.87	23.67	0.755268	0.048462	0.003110	0.957407	8.28
0.87	24.04	0.737137	0.066176	0.005941	0.957407	8.28
0.87	24.41	0.752254	0.075260	0.007529	0.957407	8.28
0.87	24.78	0.780645	0.044690	0.002558	0.957407	8.28
0.87	25.14	0.805543	0.035904	0.001600	0.957407	8.28
0.87	25.51	0.804904	0.055207	0.003787	0.957407	8.28
0.87	25.88	0.816114	0.042454	0.002208	0.957407	8.28
0.87	26.24	0.832622	0.032664	0.001281	0.957407	8.28
0.87	26.61	0.842809	0.030518	0.001105	0.957407	8.28
0.87	26.98	0.844674	0.027082	0.000868	0.957407	8.28
0.87	27.35	0.835760	0.015505	0.000288	0.957407	8.28
0.87	27.71	0.839885	0.017609	0.000369	0.957407	8.28
0.87	28.08	0.841193	0.020339	0.000492	0.957407	8.28
0.87	28.45	0.871662	0.016112	0.000298	0.957407	8.28
0.87	28.82	0.873007	0.018408	0.000388	0.957407	8.28
0.87	29.18	0.875042	0.022237	0.000565	0.957407	8.28
0.87	29.55	0.876420	0.008553	0.000083	0.957407	8.28
0.87	29.92	0.862980	0.107746	0.013452	0.957407	8.28
0.90	2.00	0.000000	0.000000	0.000000	0.962963	8.50
0.90	2.37	0.000000	0.000000	0.000000	0.962963	8.50
0.90	2.73	0.000000	0.000000	0.000000	0.962963	8.50
0.90	3.10	0.000000	0.000000	0.000000	0.962963	8.50
0.90	3.47	0.000000	0.000000	0.000000	0.962963	8.50
0.90	3.84	0.000000	0.000000	0.000000	0.962963	8.50
0.90	4.20	0.000000	0.000000	0.000000	0.962963	8.50
0.90	4.57	0.000000	0.000000	0.000000	0.962963	8.50
0.90	4.94	0.000000	0.000000	0.000000	0.962963	8.50
0.90	5.31	0.000000	0.000000	0.000000	0.962963	8.50
0.90	5.67	0.000000	0.000000	0.000000	0.962963	8.50
0.90	6.04	0.000000	0.000000	0.000000	0.962963	8.50
0.90	6.41	0.000000	0.000000	0.000000	0.962963	8.50
0.90	6.78	0.000000	0.000000	0.000000	0.962963	8.50
0.90	7.14	0.000000	0.000000	0.000000	0.962963	8.50
0.90	7.51	0.000000	0.000000	0.000000	0.962963	8.50
0.90	7.88	0.000000	0.000000	0.000000	0.962963	8.50
0.90	8.24	0.000000	0.000000	0.000000	0.962963	8.50
0.90	8.61	0.000000	0.000000	0.000000	0.962963	8.50
0.90	8.98	0.050000	0.000000	0.000000	0.962963	8.50
0.90	9.35	0.050962	0.001665	0.000054	0.962963	8.50
0.90	9.71	0.053846	0.002720	0.000137	0.962963	8.50
0.90	10.08	0.055288	0.003693	0.000247	0.962963	8.50
0.90	10.45	0.054327	0.004784	0.000421	0.962963	8.50
0.90	10.82	0.052564	0.001813	0.000063	0.962963	8.50
0.90	11.18	0.050962	0.000962	0.000018	0.962963	8.50
0.90	11.55	0.053526	0.002333	0.000102	0.962963	8.50
0.90	11.92	0.053022	0.003387	0.000216	0.962963	8.50
0.90	12.29	0.059736	0.008087	0.001095	0.962963	8.50
0.90	12.65	0.060769	0.008720	0.001251	0.962963	8.50
0.90	13.02	0.062628	0.011055	0.001951	0.962963	8.50
0.90	13.39	0.065489	0.015527	0.003681	0.962963	8.50
0.90	13.76	0.063724	0.014488	0.003294	0.962963	8.50
0.90	14.12	0.069190	0.020373	0.005999	0.962963	8.50
0.90	14.49	0.066852	0.020670	0.006391	0.962963	8.50
0.90	14.86	0.070817	0.021085	0.006278	0.962963	8.50
0.90	15.22	0.077906	0.025274	0.008199	0.962963	8.50
0.90	15.59	0.089222	0.030920	0.010716	0.962963	8.50
0.90	15.96	0.096213	0.038521	0.015423	0.962963	8.50
0.90	16.33	0.103978	0.042877	0.017681	0.962963	8.50
0.90	16.69	0.118106	0.048425	0.019855	0.962963	8.50
0.90	17.06	0.148616	0.075304	0.038157	0.962963	8.50
0.90	17.43	0.167056	0.086736	0.045034	0.962963	8.50
0.90	17.80	0.201012	0.110836	0.061114	0.962963	8.50
0.90	18.16	0.259070	0.122183	0.057624	0.962963	8.50
0.90	18.53	0.353610	0.124813	0.044055	0.962963	8.50
0.90	18.90	0.337354	0.137345	0.055916	0.962963	8.50
0.90	19.27	0.324080	0.117136	0.042338	0.962963	8.50
0.90	19.63	0.390880	0.155866	0.062152	0.962963	8.50
0.90	20.00	0.417515	0.130775	0.040962	0.962963	8.50
0.90	20.37	0.563225	0.095921	0.016336	0.962963	8.50
0.90	20.73	0.583786	0.114544	0.022475	0.962963	8.50
0.90	21.10	0.592960	0.143659	0.034805	0.962963	8.50
0.90	21.47	0.740179	0.051449	0.003576	0.962963	8.50
0.90	21.84	0.738660	0.056421	0.004310	0.962963	8.50
0.90	22.20	0.772768	0.051279	0.003403	0.962963	8.50
0.90	22.57	0.730170	0.101111	0.014002	0.962963	8.50
0.90	22.94	0.762202	0.050256	0.003314	0.962963	8.50
0.90	23.31	0.775065	0.048816	0.003075	0.962963	8.50
0.90	23.67	0.779993	0.110617	0.015687	0.962963	8.50
0.90	24.04	0.812157	0.028257	0.000983	0.962963	8.50
0.90	24.41	0.820884	0.028810	0.001011	0.962963	8.50
0.90	24.78	0.826168	0.023736	0.000682	0.962963	8.50
0.90	25.14	0.834852	0.018058	0.000391	0.962963	8.50
0.90	25.51	0.839541	0.024926	0.000740	0.962963	8.50
0.90	25.88	0.828558	0.100578	0.012209	0.962963	8.50
0.90	26.24	0.846891	0.028135	0.000935	0.962963	8.50
0.90	26.61	0.842448	0.102985	0.012589	0.962963	8.50
0.90	26.98	0.831747	0.140609	0.023770	0.962963	8.50
0.90	27.35	0.860165	0.013036	0.000198	0.962963	8.50
0.90	27.71	0.851825	0.019488	0.000446	0.962963	8.50
0.90	28.08	0.844980	0.096261	0.010966	0.962963	8.50
0.90	28.45	0.853077	0.039192	0.001801	0.962963	8.50
0.90	28.82	0.902972	0.010410	0.000120	0.962963	8.50
0.90	29.18	0.905629	0.009927	0.000109	0.962963	8.50
0.90	29.55	0.904060	0.010939	0.000132	0.962963	8.50
0.90	29.92	0.906339	0.013737	0.000208	0.962963	8.50
0.93	2.00	0.000000	0.000000	0.000000	0.968519	8.68
0.93	2.37	0.000000	0.000000	0.000000	0.968519	8.68
0.93	2.73	0.000000	0.000000	0.000000	0.968519	8.68
0.93	3.10	0.000000	0.000000	0.000000	0.968519	8.68
0.93	3.47	0.000000	0.000000	0.000000	0.968519	8.68
0.93	3.84	0.000000	0.000000	0.000000	0.968519	8.68
0.93	4.20	0.000000	0.000000	0.000000	0.968519	8.68
0.93	4.57	0.000000	0.000000	0.000000	0.968519	8.68
0.93	4.94	0.000000	0.000000	0.000000	0.968519	8.68
0.93	5.31	0.000000	0.000000	0.000000	0.968519	8.68
0.93	5.67	0.000000	0.000000	0.000000	0.968519	8.68
0.93	6.04	0.000000	0.000000	0.000000	0.968519	8.68
0.93	6.41	0.000000	0.000000	0.000000	0.968519	8.68
0.93	6.78	0.000000	0.000000	0.000000	0.968519	8.68
0.93	7.14	0.000000	0.000000	0.000000	0.968519	8.68
0.93	7.51	0.000000	0.000000	0.000000	0.968519	8.68
0.93	7.88	0.000000	0.000000	0.000000	0.968519	8.68
0.93	8.24	0.000000	0.000000	0.000000	0.968519	8.68
0.93	8.61	0.000000	0.000000	0.000000	0.968519	8.68
0.93	8.98	0.000000	0.000000	0.000000	0.968519	8.68
0.93	9.35	0.000000	0.000000	0.000000	0.968519	8.68
0.93	9.71	0.000000	0.000000	0.000000	0.968519	8.68
0.93	10.08	0.053537	0.000000	0.000000	0.968519	8.68
0.93	10.45	0.000000	0.000000	0.000000	0.968519	8.68
0.93	10.82	0.051625	0.000000	0.000000	0.968519	8.68
0.93	11.18	0.054175	0.000901	0.000015	0.968519	8.68
0.93	11.55	0.057361	0.006284	0.000688	0.968519	8.68
0.93	11.92	0.056405	0.007302	0.000945	0.968519	8.68
0.93	12.29	0.057112	0.008157	0.001165	0.968519	8.68
0.93	12.65	0.059433	0.009102	0.001394	0.968519	8.68
0.93	13.02	0.059194	0.013749	0.003193	0.968519	8.68
0.93	13.39	0.063677	0.015350	0.003701	0.968519	8.68
0.93	13.76	0.067347	0.014211	0.002999	0.968519	8.68
0.93	14.12	0.073798	0.023475	0.007468	0.968519	8.68
0.93	14.49	0.071093	0.020603	0.005971	0.968519	8.68
0.93	14.86	0.072281	0.021499	0.006395	0.968519	8.68
0.93	15.22	0.079005	0.027248	0.009397	0.968519	8.68
0.93	15.59	0.085720	0.033970	0.013462	0.968519	8.68
0.93	15.96	0.097660	0.042805	0.018762	0.968519	8.68
0.93	16.33	0.111310	0.051701	0.024014	0.968519	8.68
0.93	16.69	0.128040	0.065670	0.033681	0.968519	8.68
0.93	17.06	0.175829	0.094545	0.050837	0.968519	8.68
0.93	17.43	0.194544	0.090660	0.042249	0.968519	8.68
0.93	17.80	0.225376	0.119200	0.063044	0.968519	8.68
0.93	18.16	0.263009	0.116314	0.051439	0.968519	8.68
0.93	18.53	0.314437	0.142187	0.064296	0.968519	8.68
0.93	18.90	0.406556	0.143679	0.050777	0.968519	8.68
0.93	19.27	0.472241	0.129648	0.035593	0.968519	8.68
0.93	19.63	0.520007	0.111645	0.023970	0.968519	8.68
0.93	20.00	0.558795	0.135564	0.032888	0.968519	8.68
0.93	20.37	0.609595	0.115598	0.021921	0.968519	8.68
0.93	20.73	0.663692	0.087570	0.011554	0.968519	8.68
0.93	21.10	0.664352	0.128665	0.024918	0.968519	8.68
0.93	21.47	0.708201	0.074480	0.007833	0.968519	8.68
0.93	21.84	0.729977	0.056945	0.004442	0.968519	8.68
0.93	22.20	0.681174	0.113867	0.019034	0.968519	8.68
0.93	22.57	0.733201	0.074612	0.007593	0.968519	8.68
0.93	22.94	0.747006	0.094997	0.012081	0.968519	8.68
0.93	23.31	0.782163	0.039591	0.002004	0.968519	8.68
0.93	23.67	0.804835	0.033224	0.001371	0.968519	8.68
0.93	24.04	0.811177	0.030224	0.001126	0.968519	8.68
0.93	24.41	0.842621	0.019739	0.000462	0.968519	8.68
0.93	24.78	0.845785	0.022577	0.000603	0.968519	8.68
0.93	25.14	0.851069	0.017542	0.000362	0.968519	8.68
0.93	25.51	0.834558	0.022272	0.000594	0.968519	8.68
0.93	25.88	0.837995	0.029200	0.001017	0.968519	8.68
0.93	26.24	0.861012	0.012854	0.000192	0.968519	8.68
0.93	26.61	0.861393	0.011863	0.000163	0.968519	8.68
0.93	26.98	0.865815	0.012776	0.000189	0.968519	8.68
0.93	27.35	0.886302	0.014584	0.000240	0.968519	8.68
0.93	27.71	0.891184	0.012440	0.000174	0.968519	8.68
0.93	28.08	0.892578	0.014883	0.000248	0.968519	8.68
0.93	28.45	0.900644	0.009735	0.000105	0.968519	8.68
0.93	28.82	0.900744	0.010286	0.000117	0.968519	8.68
0.93	29.18	0.882566	0.009527	0.000103	0.968519	8.68
0.93	29.55	0.883097	0.010579	0.000127	0.968519	8.68
0.93	29.92	0.892072	0.008836	0.000088	0.968519	8.68
0.96	2.00	0.000000	0.000000	0.000000	0.968519	8.89
0.96	2.37	0.000000	0.000000	0.000000	0.968519	8.89
0.96	2.73	0.000000	0.000000	0.000000	0.968519	8.89
0.96	3.10	0.000000	0.000000	0.000000	0.968519	8.89
0.96	3.47	0.000000	0.000000	0.000000	0.968519	8.89
0.96	3.84	0.000000	0.000000	0.000000	0.968519	8.89
0.96	4.20	0.000000	0.000000	0.000000	0.968519	8.89
0.96	4.57	0.000000	0.000000	0.000000	0.968519	8.89
0.96	4.94	0.000000	0.000000	0.000000	0.968519	8.89
0.96	5.31	0.000000	0.000000	0.000000	0.968519	8.89
0.96	5.67	0.000000	0.000000	0.000000	0.968519	8.89
0.96	6.04	0.000000	0.000000	0.000000	0.968519	8.89
0.96	6.41	0.000000	0.000000	0.000000	0.968519	8.89
0.96	6.78	0.000000	0.000000	0.000000	0.968519	8.89
0.96	7.14	0.053537	0.000000	0.000000	0.968519	8.89
0.96	7.51	0.053537	0.000000	0.000000	0.968519	8.89
0.96	7.88	0.053537	0.000000	0.000000	0.968519	8.89
0.96	8.24	0.000000	0.000000	0.000000	0.968519	8.89
0.96	8.61	0.000000	0.000000	0.000000	0.968519	8.89
0.96	8.98	0.000000	0.000000	0.000000	0.968519	8.89
0.96	9.35	0.000000	0.000000	0.000000	0.968519	8.89
0.96	9.71	0.000000	0.000000	0.000000	0.968519	8.89
0.96	10.08	0.000000	0.000000	0.000000	0.968519	8.89
0.96	10.45	0.000000	0.000000	0.000000	0.968519	8.89
0.96	10.82	0.053537	0.000000	0.000000	0.968519	8.89
0.96	11.18	0.058636	0.005018	0.000430	0.968519	8.89
0.96	11.55	0.056724	0.006593	0.000766	0.968519	8.89
0.96	11.92	0.060229	0.010400	0.001796	0.968519	8.89
0.96	12.29	0.062551	0.008893	0.001264	0.968519	8.89
0.96	12.65	0.060038	0.015687	0.004099	0.968519	8.89
0.96	13.02	0.061550	0.008253	0.001107	0.968519	8.89
0.96	13.39	0.062073	0.009004	0.001306	0.968519	8.89
0.96	13.76	0.064702	0.013047	0.002631	0.968519	8.89
0.96	14.12	0.067014	0.016610	0.004117	0.968519	8.89
0.96	14.49	0.074034	0.020101	0.005458	0.968519	8.89
0.96	14.86	0.077804	0.027102	0.009440	0.968519	8.89
0.96	15.22	0.094484	0.037549	0.014922	0.968519	8.89
0.96	15.59	0.108396	0.048064	0.021312	0.968519	8.89
0.96	15.96	0.116459	0.057996	0.028882	0.968519	8.89
0.96	16.33	0.137455	0.065977	0.031668	0.968519	8.89
0.96	16.69	0.161957	0.088439	0.048294	0.968519	8.89
0.96	17.06	0.185444	0.093791	0.047436	0.968519	8.89
0.96	17.43	0.237740	0.105251	0.046596	0.968519	8.89
0.96	17.80	0.274309	0.136579	0.068003	0.968519	8.89
0.96	18.16	0.265619	0.140399	0.074211	0.968519	8.89
0.96	18.53	0.299320	0.129798	0.056286	0.968519	8.89
0.96	18.90	0.373775	0.161338	0.069640	0.968519	8.89
0.96	19.27	0.368617	0.135745	0.049989	0.968519	8.89
0.96	19.63	0.391170	0.168157	0.072288	0.968519	8.89
0.96	20.00	0.450240	0.158021	0.055460	0.968519	8.89
0.96	20.37	0.644218	0.073536	0.008394	0.968519	8.89
0.96	20.73	0.717486	0.058116	0.004707	0.968519	8.89
0.96	21.10	0.706784	0.111291	0.017524	0.968519	8.89
0.96	21.47	0.658295	0.110568	0.018571	0.968519	8.89
0.96	21.84	0.689762	0.084093	0.010252	0.968519	8.89
0.96	22.20	0.728127	0.061843	0.005253	0.968519	8.89
0.96	22.57	0.730334	0.096506	0.012752	0.968519	8.89
0.96	22.94	0.738942	0.109621	0.016262	0.968519	8.89
0.96	23.31	0.776559	0.056202	0.004067	0.968519	8.89
0.96	23.67	0.867922	0.015355	0.000272	0.968519	8.89
0.96	24.04	0.873106	0.018019	0.000372	0.968519	8.89
0.96	24.41	0.880178	0.013529	0.000208	0.968519	8.89
0.96	24.78	0.825970	0.102848	0.012806	0.968519	8.89
0.96	25.14	0.842461	0.025870	0.000794	0.968519	8.89
0.96	25.51	0.837163	0.101995	0.012426	0.968519	8.89
0.96	25.88	0.866852	0.017665	0.000360	0.968519	8.89
0.96	26.24	0.872171	0.015974	0.000293	0.968519	8.89
0.96	26.61	0.884782	0.015333	0.000266	0.968519	8.89
0.96	26.98	0.888337	0.016128	0.000293	0.968519	8.89
0.96	27.35	0.891570	0.014930	0.000250	0.968519	8.89
0.96	27.71	0.891518	0.011752	0.000155	0.968519	8.89
0.96	28.08	0.892501	0.014639	0.000240	0.968519	8.89
0.96	28.45	0.898378	0.007427	0.000061	0.968519	8.89
0.96	28.82	0.901199	0.007108	0.000056	0.968519	8.89
0.96	29.18	0.901964	0.007609	0.000064	0.968519	8.89
0.96	29.55	0.902702	0.007609	0.000064	0.968519	8.89
0.96	29.92	0.904056	0.009817	0.000107	0.968519	8.89
0.99	2.00	0.000000	0.000000	0.000000	0.970370	9.09
0.99	2.37	0.000000	0.000000	0.000000	0.970370	9.09
0.99	2.73	0.000000	0.000000	0.000000	0.970370	9.09
0.99	3.10	0.000000	0.000000	0.000000	0.970370	9.09
0.99	3.47	0.000000	0.000000	0.000000	0.970370	9.09
0.99	3.84	0.000000	0.000000	0.000000	0.970370	9.09
0.99	4.20	0.000000	0.000000	0.000000	0.970370	9.09
0.99	4.57	0.000000	0.000000	0.000000	0.970370	9.09
0.99	4.94	0.000000	0.000000	0.000000	0.970370	9.09
0.99	5.31	0.000000	0.000000	0.000000	0.970370	9.09
0.99	5.67	0.000000	0.000000	0.000000	0.970370	9.09
0.99	6.04	0.000000	0.000000	0.000000	0.970370	9.09
0.99	6.41	0.000000	0.000000	0.000000	0.970370	9.09
0.99	6.78	0.000000	0.000000	0.000000	0.970370	9.09
0.99	7.14	0.000000	0.000000	0.000000	0.970370	9.09
0.99	7.51	0.000000	0.000000	0.000000	0.970370	9.09
0.99	7.88	0.000000	0.000000	0.000000	0.970370	9.09
0.99	8.24	0.000000	0.000000	0.000000	0.970370	9.09
0.99	8.61	0.051527	0.000000	0.000000	0.970370	9.09
0.99	8.98	0.051527	0.000000	0.000000	0.970370	9.09
0.99	9.35	0.000000	0.000000	0.000000	0.970370	9.09
0.99	9.71	0.051527	0.000000	0.000000	0.970370	9.09
0.99	10.08	0.000000	0.000000	0.000000	0.970370	9.09
0.99	10.45	0.053435	0.002337	0.000102	0.970370	9.09
0.99	10.82	0.057252	0.001908	0.000064	0.970370	9.09
0.99	11.18	0.053435	0.003817	0.000273	0.970370	9.09
0.99	11.55	0.054962	0.003283	0.000196	0.970370	9.09
0.99	11.92	0.055821	0.004747	0.000404	0.970370	9.09
0.99	12.29	0.056298	0.005856	0.000609	0.970370	9.09
0.99	12.65	0.058070	0.006755	0.000786	0.970370	9.09
0.99	13.02	0.062023	0.008832	0.001258	0.970370	9.09
0.99	13.39	0.062307	0.009235	0.001369	0.970370	9.09
0.99	13.76	0.065784	0.017626	0.004723	0.970370	9.09
0.99	14.12	0.075878	0.027885	0.010248	0.970370	9.09
0.99	14.49	0.079761	0.034787	0.015172	0.970370	9.09
0.99	14.86	0.085545	0.038556	0.017377	0.970370	9.09
0.99	15.22	0.107405	0.063169	0.037152	0.970370	9.09
0.99	15.59	0.112174	0.062713	0.035061	0.970370	9.09
0.99	15.96	0.138555	0.074946	0.040539	0.970370	9.09
0.99	16.33	0.161756	0.093221	0.053724	0.970370	9.09
0.99	16.69	0.210271	0.102355	0.049824	0.970370	9.09
0.99	17.06	0.247398	0.117747	0.056041	0.970370	9.09
0.99	17.43	0.278303	0.136266	0.066720	0.970370	9.09
0.99	17.80	0.382918	0.131069	0.044863	0.970370	9.09
0.99	18.16	0.438420	0.134645	0.041351	0.970370	9.09
0.99	18.53	0.446940	0.143329	0.045964	0.970370	9.09
0.99	18.90	0.433892	0.172562	0.068629	0.970370	9.09
0.99	19.27	0.506021	0.138938	0.038148	0.970370	9.09
0.99	19.63	0.555616	0.134263	0.032444	0.970370	9.09
0.99	20.00	0.587504	0.109135	0.020273	0.970370	9.09
0.99	20.37	0.640007	0.137246	0.029431	0.970370	9.09
0.99	20.73	0.691844	0.061469	0.005461	0.970370	9.09
0.99	21.10	0.732756	0.072592	0.007191	0.970370	9.09
0.99	21.47	0.748980	0.054275	0.003933	0.970370	9.09
0.99	21.84	0.776240	0.066384	0.005677	0.970370	9.09
0.99	22.20	0.752797	0.160100	0.034049	0.970370	9.09
0.99	22.57	0.785075	0.102896	0.013486	0.970370	9.09
0.99	22.94	0.780276	0.165476	0.035093	0.970370	9.09
0.99	23.31	0.803000	0.032057	0.001280	0.970370	9.09
0.99	23.67	0.807687	0.040338	0.002015	0.970370	9.09
0.99	24.04	0.847148	0.023736	0.000665	0.970370	9.09
0.99	24.41	0.849032	0.022181	0.000580	0.970370	9.09
0.99	24.78	0.860210	0.017013	0.000336	0.970370	9.09
0.99	25.14	0.868910	0.029161	0.000979	0.970370	9.09
0.99	25.51	0.874576	0.029020	0.000963	0.970370	9.09
0.99	25.88	0.883912	0.013329	0.000201	0.970370	9.09
0.99	26.24	0.885635	0.011656	0.000153	0.970370	9.09
0.99	26.61	0.885115	0.018763	0.000398	0.970370	9.09
0.99	26.98	0.882668	0.011698	0.000155	0.970370	9.09
0.99	27.35	0.886668	0.012888	0.000187	0.970370	9.09
0.99	27.71	0.886300	0.015610	0.000275	0.970370	9.09
0.99	28.08	0.900000	0.013134	0.000192	0.970370	9.09
0.99	28.45	0.903609	0.010715	0.000127	0.970370	9.09
0.99	28.82	0.902535	0.008087	0.000072	0.970370	9.09
0.99	29.18	0.905413	0.007879	0.000069	0.970370	9.09
0.99	29.55	0.910375	0.007677	0.000065	0.970370	9.09
0.99	29.92	0.911450	0.006225	0.000043	0.970370	9.09
1.01	2.00	0.000000	0.000000	0.000000	0.970370	9.34
1.01	2.37	0.000000	0.000000	0.000000	0.970370	9.34
1.01	2.73	0.000000	0.000000	0.000000	0.970370	9.34
1.01	3.10	0.000000	0.000000	0.000000	0.970370	9.34
1.01	3.47	0.000000	0.000000	0.000000	0.970370	9.34
1.01	3.84	0.000000	0.000000	0.000000	0.970370	9.34
1.01	4.20	0.000000	0.000000	0.000000	0.970370	9.34
1.01	4.57	0.000000	0.000000	0.000000	0.970370	9.34
1.01	4.94	0.000000	0.000000	0.000000	0.970370	9.34
1.01	5.31	0.000000	0.000000	0.000000	0.970370	9.34
1.01	5.67	0.000000	0.000000	0.000000	0.970370	9.34
1.01	6.04	0.000000	0.000000	0.000000	0.970370	9.34
1.01	6.41	0.000000	0.000000	0.000000	0.970370	9.34
1.01	6.78	0.000000	0.000000	0.000000	0.970370	9.34
1.01	7.14	0.000000	0.000000	0.000000	0.970370	9.34
1.01	7.51	0.000000	0.000000	0.000000	0.970370	9.34
1.01	7.88	0.000000	0.000000	0.000000	0.970370	9.34
1.01	8.24	0.000000	0.000000	0.000000	0.970370	9.34
1.01	8.61	0.000000	0.000000	0.000000	0.970370	9.34
1.01	8.98	0.000000	0.000000	0.000000	0.970370	9.34
1.01	9.35	0.000000	0.000000	0.000000	0.970370	9.34
1.01	9.71	0.055344	0.003817	0.000263	0.970370	9.34
1.01	10.08	0.052799	0.001799	0.000061	0.970370	9.34
1.01	10.45	0.056870	0.004418	0.000343	0.970370	9.34
1.01	10.82	0.058015	0.004612	0.000367	0.970370	9.34
1.01	11.18	0.064567	0.011786	0.002151	0.970370	9.34
1.01	11.55	0.061307	0.011388	0.002115	0.970370	9.34
1.01	11.92	0.061589	0.015226	0.003764	0.970370	9.34
1.01	12.29	0.060115	0.011613	0.002243	0.970370	9.34
1.01	12.65	0.062595	0.012887	0.002653	0.970370	9.34
1.01	13.02	0.066885	0.012542	0.002352	0.970370	9.34
1.01	13.39	0.069476	0.017267	0.004291	0.970370	9.34
1.01	13.76	0.067710	0.018077	0.004826	0.970370	9.34
1.01	14.12	0.074215	0.021134	0.006018	0.970370	9.34
1.01	14.49	0.076055	0.020152	0.005340	0.970370	9.34
1.01	14.86	0.077144	0.027803	0.010020	0.970370	9.34
1.01	15.22	0.095465	0.040380	0.017080	0.970370	9.34
1.01	15.59	0.106046	0.042583	0.017099	0.970370	9.34
1.01	15.96	0.116244	0.058089	0.029027	0.970370	9.34
1.01	16.33	0.134309	0.077320	0.044512	0.970370	9.34
1.01	16.69	0.155454	0.080483	0.041668	0.970370	9.34
1.01	17.06	0.238004	0.118494	0.058994	0.970370	9.34
1.01	17.43	0.296589	0.144614	0.070513	0.970370	9.34
1.01	17.80	0.316389	0.150186	0.071291	0.970370	9.34
1.01	18.16	0.421153	0.133331	0.042211	0.970370	9.34
1.01	18.53	0.446662	0.120167	0.032329	0.970370	9.34
1.01	18.90	0.508705	0.114601	0.025817	0.970370	9.34
1.01	19.27	0.532378	0.164058	0.050556	0.970370	9.34
1.01	19.63	0.734661	0.053301	0.003867	0.970370	9.34
1.01	20.00	0.765230	0.040512	0.002145	0.970370	9.34
1.01	20.37	0.775727	0.059478	0.004560	0.970370	9.34
1.01	20.73	0.730396	0.115878	0.018384	0.970370	9.34
1.01	21.10	0.742366	0.112391	0.017015	0.970370	9.34
1.01	21.47	0.773310	0.045923	0.002727	0.970370	9.34
1.01	21.84	0.826301	0.032265	0.001260	0.970370	9.34
1.01	22.20	0.842133	0.025425	0.000768	0.970370	9.34
1.01	22.57	0.847470	0.021187	0.000530	0.970370	9.34
1.01	22.94	0.852983	0.020409	0.000488	0.970370	9.34
1.01	23.31	0.857183	0.022037	0.000567	0.970370	9.34
1.01	23.67	0.867932	0.016323	0.000307	0.970370	9.34
1.01	24.04	0.872450	0.015301	0.000268	0.970370	9.34
1.01	24.41	0.876308	0.020724	0.000490	0.970370	9.34
1.01	24.78	0.881785	0.015752	0.000281	0.970370	9.34
1.01	25.14	0.888889	0.014355	0.000232	0.970370	9.34
1.01	25.51	0.888005	0.016391	0.000303	0.970370	9.34
1.01	25.88	0.884282	0.011777	0.000157	0.970370	9.34
1.01	26.24	0.870125	0.100472	0.011601	0.970370	9.34
1.01	26.61	0.889030	0.009330	0.000098	0.970370	9.34
1.01	26.98	0.884224	0.013073	0.000193	0.970370	9.34
1.01	27.35	0.886502	0.011031	0.000137	0.970370	9.34
1.01	27.71	0.911542	0.010658	0.000125	0.970370	9.34
1.01	28.08	0.914864	0.007229	0.000057	0.970370	9.34
1.01	28.45	0.918702	0.008255	0.000074	0.970370	9.34
1.01	28.82	0.919745	0.007447	0.000060	0.970370	9.34
1.01	29.18	0.921478	0.009775	0.000104	0.970370	9.34
1.01	29.55	0.922180	0.007745	0.000065	0.970370	9.34
1.01	29.92	0.924384	0.005674	0.000035	0.970370	9.34
1.04	2.00	0.000000	0.000000	0.000000	0.970370	9.55
1.04	2.37	0.000000	0.000000	0.000000	0.970370	9.55
1.04	2.73	0.000000	0.000000	0.000000	0.970370	9.55
1.04	3.10	0.000000	0.000000	0.000000	0.970370	9.55
1.04	3.47	0.000000	0.000000	0.000000	0.970370	9.55
1.04	3.84	0.000000	0.000000	0.000000	0.970370	9.55
1.04	4.20	0.000000	0.000000	0.000000	0.970370	9.55
1.04	4.57	0.000000	0.000000	0.000000	0.970370	9.55
1.04	4.94	0.000000	0.000000	0.000000	0.970370	9.55
1.04	5.31	0.000000	0.000000	0.000000	0.970370	9.55
1.04	5.67	0.000000	0.000000	0.000000	0.970370	9.55
1.04	6.04	0.000000	0.000000	0.000000	0.970370	9.55
1.04	6.41	0.000000	0.000000	0.000000	0.970370	9.55
1.04	6.78	0.000000	0.000000	0.000000	0.970370	9.55
1.04	7.14	0.000000	0.000000	0.000000	0.970370	9.55
1.04	7.51	0.000000	0.000000	0.000000	0.970370	9.55
1.04	7.88	0.000000	0.000000	0.000000	0.970370	9.55
1.04	8.24	0.000000	0.000000	0.000000	0.970370	9.55
1.04	8.61	0.055344	0.000000	0.000000	0.970370	9.55
1.04	8.98	0.055344	0.000000	0.000000	0.970370	9.55
1.04	9.35	0.054389	0.002863	0.000151	0.970370	9.55
1.04	9.71	0.054389	0.002863	0.000151	0.970370	9.55
1.04	10.08	0.051527	0.000000	0.000000	0.970370	9.55
1.04	10.45	0.057252	0.000000	0.000000	0.970370	9.55
1.04	10.82	0.056298	0.004159	0.000307	0.970370	9.55
1.04	11.18	0.058683	0.005461	0.000508	0.970370	9.55
1.04	11.55	0.054526	0.002859	0.000150	0.970370	9.55
1.04	11.92	0.060305	0.012693	0.002672	0.970370	9.55
1.04	12.29	0.060335	0.009631	0.001537	0.970370	9.55
1.04	12.65	0.062898	0.015790	0.003964	0.970370	9.55
1.04	13.02	0.061401	0.008602	0.001205	0.970370	9.55
1.04	13.39	0.063777	0.011230	0.001978	0.970370	9.55
1.04	13.76	0.068525	0.017133	0.004284	0.970370	9.55
1.04	14.12	0.074913	0.023342	0.007273	0.970370	9.55
1.04	14.49	0.081505	0.031179	0.011927	0.970370	9.55
1.04	14.86	0.093582	0.041504	0.018407	0.970370	9.55
1.04	15.22	0.097783	0.046317	0.021939	0.970370	9.55
1.04	15.59	0.129059	0.078010	0.047154	0.970370	9.55
1.04	15.96	0.184631	0.108568	0.063841	0.970370	9.55
1.04	16.33	0.229096	0.121905	0.064867	0.970370	9.55
1.04	16.69	0.289332	0.130096	0.058497	0.970370	9.55
1.04	17.06	0.383735	0.138437	0.049943	0.970370	9.55
1.04	17.43	0.387437	0.154685	0.061758	0.970370	9.55
1.04	17.80	0.447554	0.141325	0.044626	0.970370	9.55
1.04	18.16	0.523290	0.120093	0.027561	0.970370	9.55
1.04	18.53	0.508199	0.140658	0.038931	0.970370	9.55
1.04	18.90	0.592464	0.076461	0.009868	0.970370	9.55
1.04	19.27	0.631319	0.082578	0.010801	0.970370	9.55
1.04	19.63	0.694316	0.123821	0.022082	0.970370	9.55
1.04	20.00	0.769048	0.048211	0.003022	0.970370	9.55
1.04	20.37	0.786584	0.036406	0.001685	0.970370	9.55
1.04	20.73	0.801350	0.050997	0.003245	0.970370	9.55
1.04	21.10	0.798224	0.055775	0.003897	0.970370	9.55
1.04	21.47	0.811177	0.031055	0.001189	0.970370	9.55
1.04	21.84	0.786025	0.100379	0.012819	0.970370	9.55
1.04	22.20	0.805578	0.096599	0.011583	0.970370	9.55
1.04	22.57	0.793202	0.129479	0.021136	0.970370	9.55
1.04	22.94	0.877189	0.012793	0.000187	0.970370	9.55
1.04	23.31	0.879808	0.013224	0.000199	0.970370	9.55
1.04	23.67	0.883404	0.011348	0.000146	0.970370	9.55
1.04	24.04	0.866829	0.016636	0.000319	0.970370	9.55
1.04	24.41	0.875774	0.017195	0.000338	0.970370	9.55
1.04	24.78	0.877654	0.015161	0.000262	0.970370	9.55
1.04	25.14	0.895957	0.008851	0.000087	0.970370	9.55
1.04	25.51	0.899456	0.009384	0.000098	0.970370	9.55
1.04	25.88	0.884895	0.112579	0.014323	0.970370	9.55
1.04	26.24	0.901859	0.010893	0.000132	0.970370	9.55
1.04	26.61	0.905725	0.008791	0.000085	0.970370	9.55
1.04	26.98	0.902117	0.010336	0.000118	0.970370	9.55
1.04	27.35	0.902047	0.011485	0.000146	0.970370	9.55
1.04	27.71	0.906318	0.010222	0.000115	0.970370	9.55
1.04	28.08	0.910375	0.008055	0.000071	0.970370	9.55
1.04	28.45	0.914228	0.007846	0.000067	0.970370	9.55
1.04	28.82	0.911366	0.005873	0.000038	0.970370	9.55
1.04	29.18	0.913380	0.004974	0.000027	0.970370	9.55
1.04	29.55	0.911936	0.007655	0.000064	0.970370	9.55
1.04	29.92	0.915024	0.006066	0.000040	0.970370	9.55
1.07	2.00	0.000000	0.000000	0.000000	0.972222	9.75
1.07	2.37	0.000000	0.000000	0.000000	0.972222	9.75
1.07	2.73	0.000000	0.000000	0.000000	0.972222	9.75
1.07	3.10	0.000000	0.000000	0.000000	0.972222	9.75
1.07	3.47	0.000000	0.000000	0.000000	0.972222	9.75
1.07	3.84	0.000000	0.000000	0.000000	0.972222	9.75
1.07	4.20	0.000000	0.000000	0.000000	0.972222	9.75
1.07	4.57	0.000000	0.000000	0.000000	0.972222	9.75
1.07	4.94	0.000000	0.000000	0.000000	0.972222	9.75
1.07	5.31	0.000000	0.000000	0.000000	0.972222	9.75
1.07	5.67	0.000000	0.000000	0.000000	0.972222	9.75
1.07	6.04	0.000000	0.000000	0.000000	0.972222	9.75
1.07	6.41	0.000000	0.000000	0.000000	0.972222	9.75
1.07	6.78	0.000000	0.000000	0.000000	0.972222	9.75
1.07	7.14	0.000000	0.000000	0.000000	0.972222	9.75
1.07	7.51	0.000000	0.000000	0.000000	0.972222	9.75
1.07	7.88	0.000000	0.000000	0.000000	0.972222	9.75
1.07	8.24	0.000000	0.000000	0.000000	0.972222	9.75
1.07	8.61	0.000000	0.000000	0.000000	0.972222	9.75
1.07	8.98	0.000000	0.000000	0.000000	0.972222	9.75
1.07	9.35	0.000000	0.000000	0.000000	0.972222	9.75
1.07	9.71	0.000000	0.000000	0.000000	0.972222	9.75
1.07	10.08	0.000000	0.000000	0.000000	0.972222	9.75
1.07	10.45	0.057143	0.000000	0.000000	0.972222	9.75
1.07	10.82	0.057143	0.000000	0.000000	0.972222	9.75
1.07	11.18	0.054603	0.003045	0.000170	0.972222	9.75
1.07	11.55	0.055000	0.003742	0.000255	0.972222	9.75
1.07	11.92	0.058009	0.005648	0.000550	0.972222	9.75
1.07	12.29	0.060816	0.007216	0.000856	0.972222	9.75
1.07	12.65	0.061714	0.011567	0.002168	0.972222	9.75
1.07	13.02	0.065974	0.019282	0.005635	0.972222	9.75
1.07	13.39	0.067503	0.016108	0.003844	0.972222	9.75
1.07	13.76	0.075695	0.027026	0.009649	0.972222	9.75
1.07	14.12	0.078802	0.026287	0.008769	0.972222	9.75
1.07	14.49	0.090436	0.040367	0.018018	0.972222	9.75
1.07	14.86	0.116104	0.060697	0.031731	0.972222	9.75
1.07	15.22	0.137404	0.074208	0.040078	0.972222	9.75
1.07	15.59	0.165604	0.104127	0.065472	0.972222	9.75
1.07	15.96	0.200791	0.107230	0.057265	0.972222	9.75
1.07	16.33	0.192193	0.098619	0.050604	0.972222	9.75
1.07	16.69	0.220927	0.115413	0.060293	0.972222	9.75
1.07	17.06	0.242173	0.134464	0.074660	0.972222	9.75
1.07	17.43	0.322980	0.149406	0.069113	0.972222	9.75
1.07	17.80	0.366863	0.165531	0.074688	0.972222	9.75
1.07	18.16	0.450727	0.152076	0.051311	0.972222	9.75
1.07	18.53	0.509354	0.155205	0.047293	0.972222	9.75
1.07	18.90	0.556052	0.140215	0.035357	0.972222	9.75
1.07	19.27	0.602891	0.111630	0.020669	0.972222	9.75
1.07	19.63	0.626020	0.131640	0.027681	0.972222	9.75
1.07	20.00	0.678342	0.093751	0.012957	0.972222	9.75
1.07	20.37	0.697039	0.101144	0.014676	0.972222	9.75
1.07	20.73	0.751662	0.044760	0.002665	0.972222	9.75
1.07	21.10	0.793919	0.106685	0.014336	0.972222	9.75
1.07	21.47	0.823810	0.022996	0.000642	0.972222	9.75
1.07	21.84	0.831087	0.022555	0.000612	0.972222	9.75
1.07	22.20	0.839189	0.026077	0.000810	0.972222	9.75
1.07	22.57	0.850207	0.021512	0.000544	0.972222	9.75
1.07	22.94	0.859335	0.018952	0.000418	0.972222	9.75
1.07	23.31	0.859927	0.018720	0.000408	0.972222	9.75
1.07	23.67	0.864656	0.015152	0.000266	0.972222	9.75
1.07	24.04	0.882051	0.012046	0.000165	0.972222	9.75
1.07	24.41	0.883450	0.009361	0.000099	0.972222	9.75
1.07	24.78	0.888194	0.010076	0.000114	0.972222	9.75
1.07	25.14	0.894356	0.008579	0.000082	0.972222	9.75
1.07	25.51	0.896935	0.010736	0.000129	0.972222	9.75
1.07	25.88	0.899150	0.012678	0.000179	0.972222	9.75
1.07	26.24	0.903700	0.009978	0.000110	0.972222	9.75
1.07	26.61	0.904500	0.009669	0.000103	0.972222	9.75
1.07	26.98	0.892310	0.008696	0.000085	0.972222	9.75
1.07	27.35	0.893192	0.009126	0.000093	0.972222	9.75
1.07	27.71	0.900988	0.008968	0.000089	0.972222	9.75
1.07	28.08	0.901834	0.009571	0.000102	0.972222	9.75
1.07	28.45	0.903980	0.009155	0.000093	0.972222	9.75
1.07	28.82	0.905840	0.005147	0.000029	0.972222	9.75
1.07	29.18	0.907206	0.005172	0.000029	0.972222	9.75
1.07	29.55	0.930251	0.005963	0.000038	0.972222	9.75
1.07	29.92	0.932779	0.005002	0.000027	0.972222	9.75
1.10	2.00	0.000000	0.000000	0.000000	0.974074	9.95
1.10	2.37	0.000000	0.000000	0.000000	0.974074	9.95
1.10	2.73	0.000000	0.000000	0.000000	0.974074	9.95
1.10	3.10	0.000000	0.000000	0.000000	0.974074	9.95
1.10	3.47	0.000000	0.000000	0.000000	0.974074	9.95
1.10	3.84	0.000000	0.000000	0.000000	0.974074	9.95
1.10	4.20	0.000000	0.000000	0.000000	0.974074	9.95
1.10	4.57	0.000000	0.000000	0.000000	0.974074	9.95
1.10	4.94	0.000000	0.000000	0.000000	0.974074	9.95
1.10	5.31	0.000000	0.000000	0.000000	0.974074	9.95
1.10	5.67	0.000000	0.000000	0.000000	0.974074	9.95
1.10	6.04	0.000000	0.000000	0.000000	0.974074	9.95
1.10	6.41	0.000000	0.000000	0.000000	0.974074	9.95
1.10	6.78	0.000000	0.000000	0.000000	0.974074	9.95
1.10	7.14	0.000000	0.000000	0.000000	0.974074	9.95
1.10	7.51	0.000000	0.000000	0.000000	0.974074	9.95
1.10	7.88	0.000000	0.000000	0.000000	0.974074	9.95
1.10	8.24	0.053232	0.000000	0.000000	0.974074	9.95
1.10	8.61	0.060837	0.000000	0.000000	0.974074	9.95
1.10	8.98	0.000000	0.000000	0.000000	0.974074	9.95
1.10	9.35	0.000000	0.000000	0.000000	0.974074	9.95
1.10	9.71	0.000000	0.000000	0.000000	0.974074	9.95
1.10	10.08	0.000000	0.000000	0.000000	0.974074	9.95
1.10	10.45	0.053232	0.002689	0.000136	0.974074	9.95
1.10	10.82	0.053232	0.002328	0.000102	0.974074	9.95
1.10	11.18	0.054077	0.002552	0.000120	0.974074	9.95
1.10	11.55	0.055846	0.003284	0.000193	0.974074	9.95
1.10	11.92	0.055767	0.005625	0.000567	0.974074	9.95
1.10	12.29	0.058724	0.008594	0.001258	0.974074	9.95
1.10	12.65	0.064718	0.013582	0.002850	0.974074	9.95
1.10	13.02	0.061701	0.011265	0.002057	0.974074	9.95
1.10	13.39	0.073574	0.023517	0.007517	0.974074	9.95
1.10	13.76	0.073324	0.028616	0.011168	0.974074	9.95
1.10	14.12	0.080241	0.032044	0.012797	0.974074	9.95
1.10	14.49	0.087963	0.044189	0.022199	0.974074	9.95
1.10	14.86	0.091639	0.040917	0.018269	0.974074	9.95
1.10	15.22	0.112710	0.057309	0.029140	0.974074	9.95
1.10	15.59	0.139803	0.070395	0.035446	0.974074	9.95
1.10	15.96	0.131765	0.069357	0.036507	0.974074	9.95
1.10	16.33	0.162304	0.084273	0.043757	0.974074	9.95
1.10	16.69	0.205037	0.103718	0.052465	0.974074	9.95
1.10	17.06	0.274232	0.135837	0.067285	0.974074	9.95
1.10	17.43	0.443169	0.160467	0.058104	0.974074	9.95
1.10	17.80	0.560142	0.128998	0.029708	0.974074	9.95
1.10	18.16	0.575271	0.137956	0.033083	0.974074	9.95
1.10	18.53	0.632787	0.114066	0.020562	0.974074	9.95
1.10	18.90	0.701704	0.071557	0.007297	0.974074	9.95
1.10	19.27	0.740289	0.046133	0.002875	0.974074	9.95
1.10	19.63	0.761497	0.055961	0.004112	0.974074	9.95
1.10	20.00	0.757120	0.047359	0.002962	0.974074	9.95
1.10	20.37	0.777989	0.043371	0.002418	0.974074	9.95
1.10	20.73	0.801788	0.036688	0.001679	0.974074	9.95
1.10	21.10	0.839443	0.032953	0.001294	0.974074	9.95
1.10	21.47	0.847836	0.038513	0.001749	0.974074	9.95
1.10	21.84	0.859280	0.016886	0.000332	0.974074	9.95
1.10	22.20	0.860508	0.015050	0.000263	0.974074	9.95
1.10	22.57	0.867740	0.011877	0.000163	0.974074	9.95
1.10	22.94	0.870832	0.015921	0.000291	0.974074	9.95
1.10	23.31	0.868434	0.022325	0.000574	0.974074	9.95
1.10	23.67	0.877303	0.017632	0.000354	0.974074	9.95
1.10	24.04	0.888919	0.023546	0.000624	0.974074	9.95
1.10	24.41	0.895645	0.016276	0.000296	0.974074	9.95
1.10	24.78	0.900346	0.012989	0.000187	0.974074	9.95
1.10	25.14	0.903517	0.010805	0.000129	0.974074	9.95
1.10	25.51	0.909391	0.009151	0.000092	0.974074	9.95
1.10	25.88	0.911504	0.007466	0.000061	0.974074	9.95
1.10	26.24	0.887869	0.008602	0.000083	0.974074	9.95
1.10	26.61	0.890236	0.007191	0.000058	0.974074	9.95
1.10	26.98	0.907513	0.009633	0.000102	0.974074	9.95
1.10	27.35	0.912404	0.007719	0.000065	0.974074	9.95
1.10	27.71	0.922931	0.006950	0.000052	0.974074	9.95
1.10	28.08	0.924832	0.006601	0.000047	0.974074	9.95
1.10	28.45	0.927354	0.006187	0.000041	0.974074	9.95
1.10	28.82	0.902662	0.007353	0.000060	0.974074	9.95
1.10	29.18	0.905392	0.006635	0.000049	0.974074	9.95
1.10	29.55	0.915223	0.006117	0.000041	0.974074	9.95
1.10	29.92	0.915955	0.004633	0.000023	0.974074	9.95
1.13	2.00	0.000000	0.000000	0.000000	0.975926	10.16
1.13	2.37	0.000000	0.000000	0.000000	0.975926	10.16
1.13	2.73	0.000000	0.000000	0.000000	0.975926	10.16
1.13	3.10	0.000000	0.000000	0.000000	0.975926	10.16
1.13	3.47	0.000000	0.000000	0.000000	0.975926	10.16
1.13	3.84	0.000000	0.000000	0.000000	0.975926	10.16
1.13	4.20	0.000000	0.000000	0.000000	0.975926	10.16
1.13	4.57	0.000000	0.000000	0.000000	0.975926	10.16
1.13	4.94	0.000000	0.000000	0.000000	0.975926	10.16
1.13	5.31	0.000000	0.000000	0.000000	0.975926	10.16
1.13	5.67	0.000000	0.000000	0.000000	0.975926	10.16
1.13	6.04	0.000000	0.000000	0.000000	0.975926	10.16
1.13	6.41	0.000000	0.000000	0.000000	0.975926	10.16
1.13	6.78	0.000000	0.000000	0.000000	0.975926	10.16
1.13	7.14	0.000000	0.000000	0.000000	0.975926	10.16
1.13	7.51	0.000000	0.000000	0.000000	0.975926	10.16
1.13	7.88	0.000000	0.000000	0.000000	0.975926	10.16
1.13	8.24	0.000000	0.000000	0.000000	0.975926	10.16
1.13	8.61	0.000000	0.000000	0.000000	0.975926	10.16
1.13	8.98	0.056926	0.000000	0.000000	0.975926	10.16
1.13	9.35	0.055977	0.004744	0.000402	0.975926	10.16
1.13	9.71	0.058824	0.005693	0.000551	0.975926	10.16
1.13	10.08	0.055028	0.001898	0.000065	0.975926	10.16
1.13	10.45	0.053131	0.001549	0.000045	0.975926	10.16
1.13	10.82	0.056610	0.004827	0.000412	0.975926	10.16
1.13	11.18	0.055028	0.002684	0.000131	0.975926	10.16
1.13	11.55	0.056214	0.003138	0.000175	0.975926	10.16
1.13	11.92	0.057559	0.008645	0.001298	0.975926	10.16
1.13	12.29	0.057504	0.007822	0.001064	0.975926	10.16
1.13	12.65	0.059772	0.012074	0.002439	0.975926	10.16
1.13	13.02	0.065655	0.017352	0.004586	0.975926	10.16
1.13	13.39	0.067022	0.016058	0.003847	0.975926	10.16
1.13	13.76	0.075206	0.023581	0.007394	0.975926	10.16
1.13	14.12	0.080356	0.029985	0.011189	0.975926	10.16
1.13	14.49	0.088944	0.041862	0.019702	0.975926	10.16
1.13	14.86	0.117863	0.061713	0.032313	0.975926	10.16
1.13	15.22	0.127759	0.070187	0.038558	0.975926	10.16
1.13	15.59	0.155415	0.091779	0.054200	0.975926	10.16
1.13	15.96	0.155232	0.097301	0.060989	0.975926	10.16
1.13	16.33	0.191675	0.109833	0.062936	0.975926	10.16
1.13	16.69	0.236406	0.135666	0.077854	0.975926	10.16
1.13	17.06	0.322861	0.160122	0.079412	0.975926	10.16
1.13	17.43	0.450172	0.151360	0.050891	0.975926	10.16
1.13	17.80	0.537109	0.137942	0.035427	0.975926	10.16
1.13	18.16	0.619982	0.065481	0.006916	0.975926	10.16
1.13	18.53	0.692456	0.104489	0.015767	0.975926	10.16
1.13	18.90	0.742345	0.053427	0.003845	0.975926	10.16
1.13	19.27	0.751941	0.136545	0.024795	0.975926	10.16
1.13	19.63	0.794673	0.042080	0.002228	0.975926	10.16
1.13	20.00	0.809317	0.049059	0.002974	0.975926	10.16
1.13	20.37	0.836440	0.022177	0.000588	0.975926	10.16
1.13	20.73	0.831826	0.110575	0.014699	0.975926	10.16
1.13	21.10	0.854248	0.020068	0.000471	0.975926	10.16
1.13	21.47	0.867244	0.021316	0.000524	0.975926	10.16
1.13	21.84	0.871863	0.021359	0.000523	0.975926	10.16
1.13	22.20	0.886002	0.022562	0.000575	0.975926	10.16
1.13	22.57	0.897609	0.012734	0.000181	0.975926	10.16
1.13	22.94	0.870019	0.015400	0.000273	0.975926	10.16
1.13	23.31	0.874507	0.013083	0.000196	0.975926	10.16
1.13	23.67	0.884725	0.011613	0.000152	0.975926	10.16
1.13	24.04	0.883463	0.017145	0.000333	0.975926	10.16
1.13	24.41	0.891125	0.011985	0.000161	0.975926	10.16
1.13	24.78	0.896949	0.008818	0.000087	0.975926	10.16
1.13	25.14	0.913792	0.007093	0.000055	0.975926	10.16
1.13	25.51	0.914283	0.008057	0.000071	0.975926	10.16
1.13	25.88	0.899073	0.007233	0.000058	0.975926	10.16
1.13	26.24	0.903080	0.006748	0.000050	0.975926	10.16
1.13	26.61	0.903743	0.007815	0.000068	0.975926	10.16
1.13	26.98	0.909778	0.007559	0.000063	0.975926	10.16
1.13	27.35	0.912531	0.007464	0.000061	0.975926	10.16
1.13	27.71	0.925996	0.005565	0.000033	0.975926	10.16
1.13	28.08	0.928303	0.006369	0.000044	0.975926	10.16
1.13	28.45	0.929270	0.005420	0.000032	0.975926	10.16
1.13	28.82	0.933659	0.005544	0.000033	0.975926	10.16
1.13	29.18	0.934814	0.004282	0.000020	0.975926	10.16
1.13	29.55	0.938154	0.005386	0.000031	0.975926	10.16
1.13	29.92	0.938646	0.005099	0.000028	0.975926	10.16
1.16	2.00	0.000000	0.000000	0.000000	0.975926	10.39
1.16	2.37	0.000000	0.000000	0.000000	0.975926	10.39
1.16	2.73	0.000000	0.000000	0.000000	0.975926	10.39
1.16	3.10	0.000000	0.000000	0.000000	0.975926	10.39
1.16	3.47	0.000000	0.000000	0.000000	0.975926	10.39
1.16	3.84	0.000000	0.000000	0.000000	0.975926	10.39
1.16	4.20	0.000000	0.000000	0.000000	0.975926	10.39
1.16	4.57	0.000000	0.000000	0.000000	0.975926	10.39
1.16	4.94	0.000000	0.000000	0.000000	0.975926	10.39
1.16	5.31	0.000000	0.000000	0.000000	0.975926	10.39
1.16	5.67	0.000000	0.000000	0.000000	0.975926	10.39
1.16	6.04	0.000000	0.000000	0.000000	0.975926	10.39
1.16	6.41	0.000000	0.000000	0.000000	0.975926	10.39
1.16	6.78	0.000000	0.000000	0.000000	0.975926	10.39
1.16	7.14	0.000000	0.000000	0.000000	0.975926	10.39
1.16	7.51	0.000000	0.000000	0.000000	0.975926	10.39
1.16	7.88	0.000000	0.000000	0.000000	0.975926	10.39
1.16	8.24	0.000000	0.000000	0.000000	0.975926	10.39
1.16	8.61	0.000000	0.000000	0.000000	0.975926	10.39
1.16	8.98	0.053131	0.000000	0.000000	0.975926	10.39
1.16	9.35	0.053131	0.000000	0.000000	0.975926	10.39
1.16	9.71	0.058824	0.000000	0.000000	0.975926	10.39
1.16	10.08	0.060721	0.005693	0.000534	0.975926	10.39
1.16	10.45	0.061986	0.008533	0.001175	0.975926	10.39
1.16	10.82	0.053131	0.001898	0.000068	0.975926	10.39
1.16	11.18	0.054080	0.002846	0.000150	0.975926	10.39
1.16	11.55	0.055977	0.004288	0.000329	0.975926	10.39
1.16	11.92	0.059275	0.006250	0.000659	0.975926	10.39
1.16	12.29	0.059478	0.007496	0.000945	0.975926	10.39
1.16	12.65	0.069148	0.017592	0.004476	0.975926	10.39
1.16	13.02	0.066314	0.013261	0.002652	0.975926	10.39
1.16	13.39	0.069998	0.021021	0.006313	0.975926	10.39
1.16	13.76	0.073083	0.023195	0.007362	0.975926	10.39
1.16	14.12	0.089491	0.037528	0.015737	0.975926	10.39
1.16	14.49	0.106288	0.063142	0.037510	0.975926	10.39
1.16	14.86	0.119545	0.077538	0.050292	0.975926	10.39
1.16	15.22	0.145672	0.081053	0.045098	0.975926	10.39
1.16	15.59	0.186733	0.104286	0.058241	0.975926	10.39
1.16	15.96	0.164701	0.086865	0.045813	0.975926	10.39
1.16	16.33	0.208675	0.117928	0.066644	0.975926	10.39
1.16	16.69	0.270665	0.137169	0.069515	0.975926	10.39
1.16	17.06	0.315352	0.150339	0.071672	0.975926	10.39
1.16	17.43	0.444667	0.158238	0.056310	0.975926	10.39
1.16	17.80	0.523970	0.161145	0.049559	0.975926	10.39
1.16	18.16	0.615582	0.137525	0.030724	0.975926	10.39
1.16	18.53	0.681433	0.091040	0.012163	0.975926	10.39
1.16	18.90	0.717375	0.089139	0.011076	0.975926	10.39
1.16	19.27	0.746095	0.084806	0.009640	0.975926	10.39
1.16	19.63	0.829564	0.042399	0.002167	0.975926	10.39
1.16	20.00	0.857917	0.022197	0.000574	0.975926	10.39
1.16	20.37	0.871956	0.016646	0.000318	0.975926	10.39
1.16	20.73	0.825865	0.025530	0.000789	0.975926	10.39
1.16	21.10	0.834394	0.019866	0.000473	0.975926	10.39
1.16	21.47	0.847589	0.020343	0.000488	0.975926	10.39
1.16	21.84	0.892659	0.010623	0.000126	0.975926	10.39
1.16	22.20	0.897050	0.010641	0.000126	0.975926	10.39
1.16	22.57	0.900473	0.008371	0.000078	0.975926	10.39
1.16	22.94	0.904230	0.010416	0.000120	0.975926	10.39
1.16	23.31	0.908546	0.008932	0.000088	0.975926	10.39
1.16	23.67	0.912458	0.008355	0.000076	0.975926	10.39
1.16	24.04	0.909602	0.006198	0.000042	0.975926	10.39
1.16	24.41	0.913755	0.006291	0.000043	0.975926	10.39
1.16	24.78	0.921048	0.008619	0.000081	0.975926	10.39
1.16	25.14	0.923466	0.009202	0.000092	0.975926	10.39
1.16	25.51	0.927075	0.007731	0.000064	0.975926	10.39
1.16	25.88	0.908095	0.006558	0.000047	0.975926	10.39
1.16	26.24	0.910709	0.007709	0.000065	0.975926	10.39
1.16	26.61	0.929362	0.004773	0.000025	0.975926	10.39
1.16	26.98	0.931116	0.004828	0.000025	0.975926	10.39
1.16	27.35	0.931908	0.006156	0.000041	0.975926	10.39
1.16	27.71	0.929827	0.005141	0.000028	0.975926	10.39
1.16	28.08	0.932047	0.005579	0.000033	0.975926	10.39
1.16	28.45	0.932893	0.005966	0.000038	0.975926	10.39
1.16	28.82	0.934353	0.005957	0.000038	0.975926	10.39
1.16	29.18	0.936944	0.004269	0.000019	0.975926	10.39
1.16	29.55	0.938440	0.004362	0.000020	0.975926	10.39
1.16	29.92	0.937162	0.005603	0.000033	0.975926	10.39
1.19	2.00	0.000000	0.000000	0.000000	0.975926	10.65
1.19	2.37	0.000000	0.000000	0.000000	0.975926	10.65
1.19	2.73	0.000000	0.000000	0.000000	0.975926	10.65
1.19	3.10	0.000000	0.000000	0.000000	0.975926	10.65
1.19	3.47	0.000000	0.000000	0.000000	0.975926	10.65
1.19	3.84	0.000000	0.000000	0.000000	0.975926	10.65
1.19	4.20	0.000000	0.000000	0.000000	0.975926	10.65
1.19	4.57	0.000000	0.000000	0.000000	0.975926	10.65
1.19	4.94	0.000000	0.000000	0.000000	0.975926	10.65
1.19	5.31	0.000000	0.000000	0.000000	0.975926	10.65
1.19	5.67	0.000000	0.000000	0.000000	0.975926	10.65
1.19	6.04	0.000000	0.000000	0.000000	0.975926	10.65
1.19	6.41	0.000000	0.000000	0.000000	0.975926	10.65
1.19	6.78	0.000000	0.000000	0.000000	0.975926	10.65
1.19	7.14	0.000000	0.000000	0.000000	0.975926	10.65
1.19	7.51	0.000000	0.000000	0.000000	0.975926	10.65
1.19	7.88	0.000000	0.000000	0.000000	0.975926	10.65
1.19	8.24	0.051233	0.000000	0.000000	0.975926	10.65
1.19	8.61	0.051233	0.000000	0.000000	0.975926	10.65
1.19	8.98	0.051233	0.000000	0.000000	0.975926	10.65
1.19	9.35	0.051233	0.000000	0.000000	0.975926	10.65
1.19	9.71	0.051233	0.000000	0.000000	0.975926	10.65
1.19	10.08	0.054649	0.003265	0.000195	0.975926	10.65
1.19	10.45	0.056926	0.004838	0.000411	0.975926	10.65
1.19	10.82	0.056926	0.003550	0.000221	0.975926	10.65
1.19	11.18	0.053131	0.002245	0.000095	0.975926	10.65
1.19	11.55	0.056546	0.006671	0.000787	0.975926	10.65
1.19	11.92	0.059667	0.006332	0.000672	0.975926	10.65
1.19	12.29	0.061816	0.010475	0.001775	0.975926	10.65
1.19	12.65	0.065851	0.018447	0.005167	0.975926	10.65
1.19	13.02	0.072684	0.027458	0.010373	0.975926	10.65
1.19	13.39	0.083457	0.043415	0.022584	0.975926	10.65
1.19	13.76	0.083958	0.035148	0.014714	0.975926	10.65
1.19	14.12	0.073947	0.024897	0.008382	0.975926	10.65
1.19	14.49	0.086079	0.039185	0.017838	0.975926	10.65
1.19	14.86	0.107562	0.058479	0.031794	0.975926	10.65
1.19	15.22	0.128327	0.076317	0.045386	0.975926	10.65
1.19	15.59	0.220385	0.138246	0.086721	0.975926	10.65
1.19	15.96	0.278971	0.139399	0.069656	0.975926	10.65
1.19	16.33	0.330073	0.169706	0.087254	0.975926	10.65
1.19	16.69	0.436433	0.154751	0.054872	0.975926	10.65
1.19	17.06	0.548918	0.125150	0.028534	0.975926	10.65
1.19	17.43	0.630601	0.119269	0.022558	0.975926	10.65
1.19	17.80	0.679241	0.110891	0.018104	0.975926	10.65
1.19	18.16	0.674099	0.130187	0.025143	0.975926	10.65
1.19	18.53	0.767434	0.051189	0.003414	0.975926	10.65
1.19	18.90	0.787590	0.044413	0.002504	0.975926	10.65
1.19	19.27	0.762164	0.170535	0.038157	0.975926	10.65
1.19	19.63	0.804628	0.109159	0.014809	0.975926	10.65
1.19	20.00	0.833278	0.032277	0.001250	0.975926	10.65
1.19	20.37	0.862391	0.042168	0.002062	0.975926	10.65
1.19	20.73	0.876196	0.020954	0.000501	0.975926	10.65
1.19	21.10	0.881501	0.019742	0.000442	0.975926	10.65
1.19	21.47	0.878149	0.014261	0.000232	0.975926	10.65
1.19	21.84	0.886755	0.011663	0.000153	0.975926	10.65
1.19	22.20	0.891357	0.012291	0.000169	0.975926	10.65
1.19	22.57	0.894942	0.014552	0.000237	0.975926	10.65
1.19	22.94	0.903795	0.010423	0.000120	0.975926	10.65
1.19	23.31	0.906054	0.010064	0.000112	0.975926	10.65
1.19	23.67	0.914499	0.004891	0.000026	0.975926	10.65
1.19	24.04	0.917550	0.005225	0.000030	0.975926	10.65
1.19	24.41	0.930024	0.006647	0.000048	0.975926	10.65
1.19	24.78	0.932220	0.006639	0.000047	0.975926	10.65
1.19	25.14	0.934322	0.007382	0.000058	0.975926	10.65
1.19	25.51	0.930870	0.007480	0.000060	0.975926	10.65
1.19	25.88	0.933548	0.005910	0.000037	0.975926	10.65
1.19	26.24	0.945790	0.005087	0.000027	0.975926	10.65
1.19	26.61	0.948506	0.004556	0.000022	0.975926	10.65
1.19	26.98	0.949022	0.005380	0.000031	0.975926	10.65
1.19	27.35	0.934167	0.005518	0.000033	0.975926	10.65
1.19	27.71	0.935484	0.005462	0.000032	0.975926	10.65
1.19	28.08	0.938944	0.005493	0.000032	0.975926	10.65
1.19	28.45	0.940209	0.005578	0.000033	0.975926	10.65
1.19	28.82	0.935192	0.005550	0.000033	0.975926	10.65
1.19	29.18	0.937418	0.005309	0.000030	0.975926	10.65
1.19	29.55	0.938957	0.005538	0.000033	0.975926	10.65
1.19	29.92	0.949101	0.004866	0.000025	0.975926	10.65
1.21	2.00	0.000000	0.000000	0.000000	0.977778	10.86
1.21	2.37	0.000000	0.000000	0.000000	0.977778	10.86
1.21	2.73	0.000000	0.000000	0.000000	0.977778	10.86
1.21	3.10	0.000000	0.000000	0.000000	0.977778	10.86
1.21	3.47	0.000000	0.000000	0.000000	0.977778	10.86
1.21	3.84	0.000000	0.000000	0.000000	0.977778	10.86
1.21	4.20	0.000000	0.000000	0.000000	0.977778	10.86
1.21	4.57	0.000000	0.000000	0.000000	0.977778	10.86
1.21	4.94	0.000000	0.000000	0.000000	0.977778	10.86
1.21	5.31	0.000000	0.000000	0.000000	0.977778	10.86
1.21	5.67	0.000000	0.000000	0.000000	0.977778	10.86
1.21	6.04	0.000000	0.000000	0.000000	0.977778	10.86
1.21	6.41	0.000000	0.000000	0.000000	0.977778	10.86
1.21	6.78	0.000000	0.000000	0.000000	0.977778	10.86
1.21	7.14	0.000000	0.000000	0.000000	0.977778	10.86
1.21	7.51	0.000000	0.000000	0.000000	0.977778	10.86
1.21	7.88	0.000000	0.000000	0.000000	0.977778	10.86
1.21	8.24	0.000000	0.000000	0.000000	0.977778	10.86
1.21	8.61	0.000000	0.000000	0.000000	0.977778	10.86
1.21	8.98	0.000000	0.000000	0.000000	0.977778	10.86
1.21	9.35	0.000000	0.000000	0.000000	0.977778	10.86
1.21	9.71	0.000000	0.000000	0.000000	0.977778	10.86
1.21	10.08	0.051136	0.000000	0.000000	0.977778	10.86
1.21	10.45	0.000000	0.000000	0.000000	0.977778	10.86
1.21	10.82	0.054167	0.002835	0.000148	0.977778	10.86
1.21	11.18	0.056581	0.005557	0.000546	0.977778	10.86
1.21	11.55	0.059470	0.004417	0.000328	0.977778	10.86
1.21	11.92	0.061616	0.010042	0.001637	0.977778	10.86
1.21	12.29	0.058298	0.006365	0.000695	0.977778	10.86
1.21	12.65	0.064502	0.010353	0.001662	0.977778	10.86
1.21	13.02	0.063805	0.012466	0.002436	0.977778	10.86
1.21	13.39	0.066702	0.016918	0.004291	0.977778	10.86
1.21	13.76	0.074598	0.027908	0.010441	0.977778	10.86
1.21	14.12	0.092449	0.047434	0.024338	0.977778	10.86
1.21	14.49	0.111693	0.068171	0.041607	0.977778	10.86
1.21	14.86	0.125503	0.077306	0.047619	0.977778	10.86
1.21	15.22	0.161945	0.101155	0.063184	0.977778	10.86
1.21	15.59	0.208027	0.138879	0.092716	0.977778	10.86
1.21	15.96	0.339337	0.153337	0.069289	0.977778	10.86
1.21	16.33	0.288141	0.158518	0.087207	0.977778	10.86
1.21	16.69	0.423623	0.185305	0.081058	0.977778	10.86
1.21	17.06	0.540720	0.134324	0.033368	0.977778	10.86
1.21	17.43	0.558884	0.183115	0.059997	0.977778	10.86
1.21	17.80	0.703270	0.150481	0.032199	0.977778	10.86
1.21	18.16	0.759354	0.047859	0.003016	0.977778	10.86
1.21	18.53	0.793135	0.048994	0.003026	0.977778	10.86
1.21	18.90	0.795758	0.048851	0.002999	0.977778	10.86
1.21	19.27	0.818684	0.047789	0.002790	0.977778	10.86
1.21	19.63	0.838384	0.036848	0.001620	0.977778	10.86
1.21	20.00	0.853664	0.026091	0.000797	0.977778	10.86
1.21	20.37	0.859230	0.074260	0.006418	0.977778	10.86
1.21	20.73	0.875341	0.017099	0.000334	0.977778	10.86
1.21	21.10	0.882917	0.015390	0.000268	0.977778	10.86
1.21	21.47	0.895138	0.011316	0.000143	0.977778	10.86
1.21	21.84	0.897992	0.010470	0.000122	0.977778	10.86
1.21	22.20	0.900327	0.012054	0.000161	0.977778	10.86
1.21	22.57	0.900810	0.008259	0.000076	0.977778	10.86
1.21	22.94	0.907383	0.007661	0.000065	0.977778	10.86
1.21	23.31	0.905080	0.012255	0.000166	0.977778	10.86
1.21	23.67	0.910303	0.011375	0.000142	0.977778	10.86
1.21	24.04	0.913473	0.007180	0.000056	0.977778	10.86
1.21	24.41	0.915758	0.007109	0.000055	0.977778	10.86
1.21	24.78	0.920306	0.007045	0.000054	0.977778	10.86
1.21	25.14	0.924425	0.006564	0.000047	0.977778	10.86
1.21	25.51	0.927917	0.007949	0.000068	0.977778	10.86
1.21	25.88	0.940360	0.005817	0.000036	0.977778	10.86
1.21	26.24	0.941515	0.005189	0.000029	0.977778	10.86
1.21	26.61	0.943839	0.004536	0.000022	0.977778	10.86
1.21	26.98	0.932652	0.005237	0.000029	0.977778	10.86
1.21	27.35	0.933523	0.005029	0.000027	0.977778	10.86
1.21	27.71	0.946116	0.006016	0.000038	0.977778	10.86
1.21	28.08	0.947712	0.004716	0.000023	0.977778	10.86
1.21	28.45	0.936349	0.004310	0.000020	0.977778	10.86
1.21	28.82	0.936808	0.004300	0.000020	0.977778	10.86
1.21	29.18	0.937314	0.003830	0.000016	0.977778	10.86
1.21	29.55	0.946132	0.005179	0.000028	0.977778	10.86
1.21	29.92	0.946934	0.005065	0.000027	0.977778	10.86
1.24	2.00	0.000000	0.000000	0.000000	0.977778	11.11
1.24	2.37	0.000000	0.000000	0.000000	0.977778	11.11
1.24	2.73	0.000000	0.000000	0.000000	0.977778	11.11
1.24	3.10	0.000000	0.000000	0.000000	0.977778	11.11
1.24	3.47	0.000000	0.000000	0.000000	0.977778	11.11
1.24	3.84	0.000000	0.000000	0.000000	0.977778	11.11
1.24	4.20	0.000000	0.000000	0.000000	0.977778	11.11
1.24	4.57	0.000000	0.000000	0.000000	0.977778	11.11
1.24	4.94	0.000000	0.000000	0.000000	0.977778	11.11
1.24	5.31	0.000000	0.000000	0.000000	0.977778	11.11
1.24	5.67	0.000000	0.000000	0.000000	0.977778	11.11
1.24	6.04	0.000000	0.000000	0.000000	0.977778	11.11
1.24	6.41	0.000000	0.000000	0.000000	0.977778	11.11
1.24	6.78	0.000000	0.000000	0.000000	0.977778	11.11
1.24	7.14	0.000000	0.000000	0.000000	0.977778	11.11
1.24	7.51	0.000000	0.000000	0.000000	0.977778	11.11
1.24	7.88	0.000000	0.000000	0.000000	0.977778	11.11
1.24	8.24	0.000000	0.000000	0.000000	0.977778	11.11
1.24	8.61	0.000000	0.000000	0.000000	0.977778	11.11
1.24	8.98	0.054924	0.000000	0.000000	0.977778	11.11
1.24	9.35	0.000000	0.000000	0.000000	0.977778	11.11
1.24	9.71	0.060606	0.000000	0.000000	0.977778	11.11
1.24	10.08	0.054924	0.002678	0.000131	0.977778	11.11
1.24	10.45	0.052083	0.000947	0.000017	0.977778	11.11
1.24	10.82	0.053030	0.001694	0.000054	0.977778	11.11
1.24	11.18	0.055736	0.003013	0.000163	0.977778	11.11
1.24	11.55	0.062027	0.010144	0.001659	0.977778	11.11
1.24	11.92	0.055957	0.004734	0.000401	0.977778	11.11
1.24	12.29	0.059269	0.011635	0.002284	0.977778	11.11
1.24	12.65	0.063570	0.014061	0.003110	0.977778	11.11
1.24	13.02	0.068255	0.030029	0.013211	0.977778	11.11
1.24	13.39	0.075758	0.032175	0.013665	0.977778	11.11
1.24	13.76	0.076389	0.025999	0.008849	0.977778	11.11
1.24	14.12	0.095055	0.065232	0.044766	0.977778	11.11
1.24	14.49	0.091751	0.039075	0.016642	0.977778	11.11
1.24	14.86	0.110219	0.061444	0.034254	0.977778	11.11
1.24	15.22	0.163095	0.097178	0.057902	0.977778	11.11
1.24	15.59	0.258907	0.160186	0.099107	0.977778	11.11
1.24	15.96	0.341552	0.162703	0.077506	0.977778	11.11
1.24	16.33	0.451618	0.188559	0.078727	0.977778	11.11
1.24	16.69	0.511364	0.181110	0.064144	0.977778	11.11
1.24	17.06	0.642247	0.102664	0.016411	0.977778	11.11
1.24	17.43	0.673059	0.117998	0.020687	0.977778	11.11
1.24	17.80	0.723750	0.117441	0.019057	0.977778	11.11
1.24	18.16	0.796072	0.056037	0.003945	0.977778	11.11
1.24	18.53	0.827257	0.027832	0.000936	0.977778	11.11
1.24	18.90	0.851050	0.028178	0.000933	0.977778	11.11
1.24	19.27	0.859539	0.017015	0.000337	0.977778	11.11
1.24	19.63	0.869589	0.018706	0.000402	0.977778	11.11
1.24	20.00	0.879484	0.012158	0.000168	0.977778	11.11
1.24	20.37	0.841726	0.112867	0.015134	0.977778	11.11
1.24	20.73	0.870507	0.025636	0.000755	0.977778	11.11
1.24	21.10	0.878939	0.018718	0.000399	0.977778	11.11
1.24	21.47	0.906364	0.010382	0.000119	0.977778	11.11
1.24	21.84	0.914167	0.009601	0.000101	0.977778	11.11
1.24	22.20	0.917432	0.009913	0.000107	0.977778	11.11
1.24	22.57	0.919508	0.008571	0.000080	0.977778	11.11
1.24	22.94	0.923017	0.009262	0.000093	0.977778	11.11
1.24	23.31	0.935682	0.007490	0.000060	0.977778	11.11
1.24	23.67	0.936794	0.007444	0.000059	0.977778	11.11
1.24	24.04	0.939962	0.007328	0.000057	0.977778	11.11
1.24	24.41	0.928476	0.007181	0.000056	0.977778	11.11
1.24	24.78	0.931075	0.007166	0.000055	0.977778	11.11
1.24	25.14	0.940013	0.006704	0.000048	0.977778	11.11
1.24	25.51	0.941616	0.005236	0.000029	0.977778	11.11
1.24	25.88	0.944222	0.004764	0.000024	0.977778	11.11
1.24	26.24	0.947841	0.006563	0.000045	0.977778	11.11
1.24	26.61	0.950303	0.005887	0.000036	0.977778	11.11
1.24	26.98	0.939066	0.006043	0.000039	0.977778	11.11
1.24	27.35	0.940508	0.005346	0.000030	0.977778	11.11
1.24	27.71	0.944384	0.004153	0.000018	0.977778	11.11
1.24	28.08	0.945633	0.005348	0.000030	0.977778	11.11
1.24	28.45	0.945586	0.004901	0.000025	0.977778	11.11
1.24	28.82	0.942810	0.004976	0.000026	0.977778	11.11
1.24	29.18	0.943776	0.004350	0.000020	0.977778	11.11
1.24	29.55	0.955102	0.004704	0.000023	0.977778	11.11
1.24	29.92	0.955617	0.005184	0.000028	0.977778	11.11
1.27	2.00	0.000000	0.000000	0.000000	0.977778	11.28
1.27	2.37	0.000000	0.000000	0.000000	0.977778	11.28
1.27	2.73	0.000000	0.000000	0.000000	0.977778	11.28
1.27	3.10	0.000000	0.000000	0.000000	0.977778	11.28
1.27	3.47	0.000000	0.000000	0.000000	0.977778	11.28
1.27	3.84	0.000000	0.000000	0.000000	0.977778	11.28
1.27	4.20	0.000000	0.000000	0.000000	0.977778	11.28
1.27	4.57	0.000000	0.000000	0.000000	0.977778	11.28
1.27	4.94	0.000000	0.000000	0.000000	0.977778	11.28
1.27	5.31	0.000000	0.000000	0.000000	0.977778	11.28
1.27	5.67	0.000000	0.000000	0.000000	0.977778	11.28
1.27	6.04	0.000000	0.000000	0.000000	0.977778	11.28
1.27	6.41	0.000000	0.000000	0.000000	0.977778	11.28
1.27	6.78	0.000000	0.000000	0.000000	0.977778	11.28
1.27	7.14	0.000000	0.000000	0.000000	0.977778	11.28
1.27	7.51	0.000000	0.000000	0.000000	0.977778	11.28
1.27	7.88	0.000000	0.000000	0.000000	0.977778	11.28
1.27	8.24	0.000000	0.000000	0.000000	0.977778	11.28
1.27	8.61	0.000000	0.000000	0.000000	0.977778	11.28
1.27	8.98	0.000000	0.000000	0.000000	0.977778	11.28
1.27	9.35	0.000000	0.000000	0.000000	0.977778	11.28
1.27	9.71	0.000000	0.000000	0.000000	0.977778	11.28
1.27	10.08	0.053030	0.000000	0.000000	0.977778	11.28
1.27	10.45	0.052083	0.000947	0.000017	0.977778	11.28
1.27	10.82	0.055871	0.000947	0.000016	0.977778	11.28
1.27	11.18	0.057359	0.006050	0.000638	0.977778	11.28
1.27	11.55	0.059510	0.009741	0.001595	0.977778	11.28
1.27	11.92	0.061667	0.019203	0.005980	0.977778	11.28
1.27	12.29	0.062446	0.013404	0.002877	0.977778	11.28
1.27	12.65	0.065672	0.015899	0.003849	0.977778	11.28
1.27	13.02	0.069870	0.016370	0.003835	0.977778	11.28
1.27	13.39	0.070629	0.018280	0.004731	0.977778	11.28
1.27	13.76	0.077487	0.023993	0.007429	0.977778	11.28
1.27	14.12	0.091791	0.050050	0.027290	0.977778	11.28
1.27	14.49	0.092200	0.048821	0.025851	0.977778	11.28
1.27	14.86	0.138565	0.093806	0.063505	0.977778	11.28
1.27	15.22	0.185958	0.118926	0.076056	0.977778	11.28
1.27	15.59	0.239672	0.144051	0.086580	0.977778	11.28
1.27	15.96	0.338809	0.183156	0.099012	0.977778	11.28
1.27	16.33	0.494848	0.147038	0.043691	0.977778	11.28
1.27	16.69	0.551136	0.162693	0.048026	0.977778	11.28
1.27	17.06	0.663111	0.121465	0.022249	0.977778	11.28
1.27	17.43	0.749171	0.061206	0.005000	0.977778	11.28
1.27	17.80	0.782815	0.049269	0.003101	0.977778	11.28
1.27	18.16	0.814555	0.032685	0.001312	0.977778	11.28
1.27	18.53	0.829263	0.027354	0.000902	0.977778	11.28
1.27	18.90	0.846315	0.028637	0.000969	0.977778	11.28
1.27	19.27	0.862145	0.022149	0.000569	0.977778	11.28
1.27	19.63	0.869009	0.032083	0.001184	0.977778	11.28
1.27	20.00	0.883929	0.016542	0.000310	0.977778	11.28
1.27	20.37	0.887330	0.013360	0.000201	0.977778	11.28
1.27	20.73	0.902689	0.010085	0.000113	0.977778	11.28
1.27	21.10	0.908318	0.008170	0.000073	0.977778	11.28
1.27	21.47	0.917348	0.011977	0.000156	0.977778	11.28
1.27	21.84	0.924848	0.010575	0.000121	0.977778	11.28
1.27	22.20	0.927335	0.008963	0.000087	0.977778	11.28
1.27	22.57	0.929508	0.006135	0.000040	0.977778	11.28
1.27	22.94	0.930444	0.007417	0.000059	0.977778	11.28
1.27	23.31	0.933129	0.007461	0.000060	0.977778	11.28
1.27	23.67	0.930927	0.005934	0.000038	0.977778	11.28
1.27	24.04	0.932709	0.007372	0.000058	0.977778	11.28
1.27	24.41	0.939470	0.007556	0.000061	0.977778	11.28
1.27	24.78	0.942614	0.006307	0.000042	0.977778	11.28
1.27	25.14	0.928216	0.006368	0.000044	0.977778	11.28
1.27	25.51	0.931439	0.006658	0.000048	0.977778	11.28
1.27	25.88	0.931595	0.005950	0.000038	0.977778	11.28
1.27	26.24	0.947304	0.004986	0.000026	0.977778	11.28
1.27	26.61	0.948455	0.004909	0.000025	0.977778	11.28
1.27	26.98	0.939924	0.006755	0.000049	0.977778	11.28
1.27	27.35	0.939951	0.006086	0.000039	0.977778	11.28
1.27	27.71	0.945720	0.004845	0.000025	0.977778	11.28
1.27	28.08	0.946078	0.005147	0.000028	0.977778	11.28
1.27	28.45	0.947341	0.005032	0.000027	0.977778	11.28
1.27	28.82	0.945224	0.004403	0.000021	0.977778	11.28
1.27	29.18	0.945290	0.003728	0.000015	0.977778	11.28
1.27	29.55	0.955871	0.004674	0.000023	0.977778	11.28
1.27	29.92	0.956179	0.003788	0.000015	0.977778	11.28
1.30	2.00	0.000000	0.000000	0.000000	0.977778	11.47
1.30	2.37	0.000000	0.000000	0.000000	0.977778	11.47
1.30	2.73	0.000000	0.000000	0.000000	0.977778	11.47
1.30	3.10	0.000000	0.000000	0.000000	0.977778	11.47
1.30	3.47	0.000000	0.000000	0.000000	0.977778	11.47
1.30	3.84	0.000000	0.000000	0.000000	0.977778	11.47
1.30	4.20	0.000000	0.000000	0.000000	0.977778	11.47
1.30	4.57	0.000000	0.000000	0.000000	0.977778	11.47
1.30	4.94	0.000000	0.000000	0.000000	0.977778	11.47
1.30	5.31	0.000000	0.000000	0.000000	0.977778	11.47
1.30	5.67	0.000000	0.000000	0.000000	0.977778	11.47
1.30	6.04	0.000000	0.000000	0.000000	0.977778	11.47
1.30	6.41	0.000000	0.000000	0.000000	0.977778	11.47
1.30	6.78	0.000000	0.000000	0.000000	0.977778	11.47
1.30	7.14	0.000000	0.000000	0.000000	0.977778	11.47
1.30	7.51	0.000000	0.000000	0.000000	0.977778	11.47
1.30	7.88	0.000000	0.000000	0.000000	0.977778	11.47
1.30	8.24	0.000000	0.000000	0.000000	0.977778	11.47
1.30	8.61	0.000000	0.000000	0.000000	0.977778	11.47
1.30	8.98	0.000000	0.000000	0.000000	0.977778	11.47
1.30	9.35	0.000000	0.000000	0.000000	0.977778	11.47
1.30	9.71	0.000000	0.000000	0.000000	0.977778	11.47
1.30	10.08	0.051136	0.000000	0.000000	0.977778	11.47
1.30	10.45	0.058712	0.005682	0.000550	0.977778	11.47
1.30	10.82	0.056439	0.005276	0.000493	0.977778	11.47
1.30	11.18	0.055785	0.004523	0.000367	0.977778	11.47
1.30	11.55	0.060200	0.011502	0.002198	0.977778	11.47
1.30	11.92	0.062229	0.011882	0.002269	0.977778	11.47
1.30	12.29	0.061008	0.014202	0.003306	0.977778	11.47
1.30	12.65	0.071380	0.020884	0.006110	0.977778	11.47
1.30	13.02	0.075355	0.026074	0.009022	0.977778	11.47
1.30	13.39	0.083719	0.031268	0.011678	0.977778	11.47
1.30	13.76	0.098320	0.049882	0.025307	0.977778	11.47
1.30	14.12	0.137372	0.088073	0.056467	0.977778	11.47
1.30	14.49	0.173812	0.113366	0.073941	0.977778	11.47
1.30	14.86	0.249551	0.155457	0.096842	0.977778	11.47
1.30	15.22	0.328099	0.186452	0.105957	0.977778	11.47
1.30	15.59	0.353273	0.173546	0.085255	0.977778	11.47
1.30	15.96	0.443932	0.170532	0.065508	0.977778	11.47
1.30	16.33	0.548547	0.155862	0.044286	0.977778	11.47
1.30	16.69	0.662147	0.106942	0.017272	0.977778	11.47
1.30	17.06	0.655974	0.122544	0.022893	0.977778	11.47
1.30	17.43	0.743332	0.060120	0.004862	0.977778	11.47
1.30	17.80	0.790483	0.041989	0.002230	0.977778	11.47
1.30	18.16	0.783106	0.110333	0.015545	0.977778	11.47
1.30	18.53	0.811894	0.053204	0.003486	0.977778	11.47
1.30	18.90	0.842648	0.034589	0.001420	0.977778	11.47
1.30	19.27	0.846861	0.035179	0.001461	0.977778	11.47
1.30	19.63	0.871655	0.019021	0.000415	0.977778	11.47
1.30	20.00	0.882102	0.019000	0.000409	0.977778	11.47
1.30	20.37	0.899384	0.011602	0.000150	0.977778	11.47
1.30	20.73	0.903177	0.009983	0.000110	0.977778	11.47
1.30	21.10	0.909671	0.010074	0.000112	0.977778	11.47
1.30	21.47	0.926252	0.010419	0.000117	0.977778	11.47
1.30	21.84	0.931897	0.008653	0.000080	0.977778	11.47
1.30	22.20	0.914996	0.010047	0.000110	0.977778	11.47
1.30	22.57	0.919242	0.007825	0.000067	0.977778	11.47
1.30	22.94	0.922460	0.008646	0.000081	0.977778	11.47
1.30	23.31	0.929654	0.005260	0.000030	0.977778	11.47
1.30	23.67	0.931288	0.005619	0.000034	0.977778	11.47
1.30	24.04	0.931098	0.005566	0.000033	0.977778	11.47
1.30	24.41	0.932630	0.005662	0.000034	0.977778	11.47
1.30	24.78	0.933902	0.006564	0.000046	0.977778	11.47
1.30	25.14	0.939208	0.007419	0.000059	0.977778	11.47
1.30	25.51	0.940414	0.006470	0.000045	0.977778	11.47
1.30	25.88	0.940582	0.005675	0.000034	0.977778	11.47
1.30	26.24	0.941325	0.006168	0.000040	0.977778	11.47
1.30	26.61	0.941585	0.004553	0.000022	0.977778	11.47
1.30	26.98	0.942142	0.005348	0.000030	0.977778	11.47
1.30	27.35	0.942402	0.004503	0.000022	0.977778	11.47
1.30	27.71	0.953447	0.004955	0.000026	0.977778	11.47
1.30	28.08	0.955628	0.004576	0.000022	0.977778	11.47
1.30	28.45	0.946642	0.005301	0.000030	0.977778	11.47
1.30	28.82	0.947006	0.005298	0.000030	0.977778	11.47
1.30	29.18	0.953523	0.004170	0.000018	0.977778	11.47
1.30	29.55	0.953788	0.004545	0.000022	0.977778	11.47
1.30	29.92	0.943253	0.005875	0.000037	0.977778	11.47
1.33	2.00	0.000000	0.000000	0.000000	0.977778	11.69
1.33	2.37	0.000000	0.000000	0.000000	0.977778	11.69
1.33	2.73	0.000000	0.000000	0.000000	0.977778	11.69
1.33	3.10	0.000000	0.000000	0.000000	0.977778	11.69
1.33	3.47	0.000000	0.000000	0.000000	0.977778	11.69
1.33	3.84	0.000000	0.000000	0.000000	0.977778	11.69
1.33	4.20	0.000000	0.000000	0.000000	0.977778	11.69
1.33	4.57	0.000000	0.000000	0.000000	0.977778	11.69
1.33	4.94	0.000000	0.000000	0.000000	0.977778	11.69
1.33	5.31	0.000000	0.000000	0.000000	0.977778	11.69
1.33	5.67	0.000000	0.000000	0.000000	0.977778	11.69
1.33	6.04	0.000000	0.000000	0.000000	0.977778	11.69
1.33	6.41	0.000000	0.000000	0.000000	0.977778	11.69
1.33	6.78	0.051136	0.000000	0.000000	0.977778	11.69
1.33	7.14	0.000000	0.000000	0.000000	0.977778	11.69
1.33	7.51	0.000000	0.000000	0.000000	0.977778	11.69
1.33	7.88	0.000000	0.000000	0.000000	0.977778	11.69
1.33	8.24	0.000000	0.000000	0.000000	0.977778	11.69
1.33	8.61	0.000000	0.000000	0.000000	0.977778	11.69
1.33	8.98	0.000000	0.000000	0.000000	0.977778	11.69
1.33	9.35	0.053977	0.002841	0.000150	0.977778	11.69
1.33	9.71	0.054924	0.003788	0.000261	0.977778	11.69
1.33	10.08	0.052399	0.000893	0.000015	0.977778	11.69
1.33	10.45	0.053409	0.003030	0.000172	0.977778	11.69
1.33	10.82	0.054293	0.004971	0.000455	0.977778	11.69
1.33	11.18	0.055441	0.007272	0.000954	0.977778	11.69
1.33	11.55	0.058044	0.005808	0.000581	0.977778	11.69
1.33	11.92	0.058644	0.011994	0.002453	0.977778	11.69
1.33	12.29	0.063268	0.012286	0.002386	0.977778	11.69
1.33	12.65	0.066011	0.013145	0.002618	0.977778	11.69
1.33	13.02	0.074165	0.022895	0.007068	0.977778	11.69
1.33	13.39	0.075079	0.023423	0.007307	0.977778	11.69
1.33	13.76	0.088014	0.040351	0.018499	0.977778	11.69
1.33	14.12	0.100105	0.053891	0.029012	0.977778	11.69
1.33	14.49	0.130682	0.083975	0.053962	0.977778	11.69
1.33	14.86	0.157735	0.125135	0.099273	0.977778	11.69
1.33	15.22	0.231799	0.128088	0.070779	0.977778	11.69
1.33	15.59	0.268338	0.156448	0.091213	0.977778	11.69
1.33	15.96	0.384736	0.181858	0.085961	0.977778	11.69
1.33	16.33	0.457989	0.204957	0.091721	0.977778	11.69
1.33	16.69	0.613134	0.166477	0.045202	0.977778	11.69
1.33	17.06	0.752328	0.057462	0.004389	0.977778	11.69
1.33	17.43	0.786808	0.045366	0.002616	0.977778	11.69
1.33	17.80	0.812191	0.070146	0.006058	0.977778	11.69
1.33	18.16	0.836889	0.039377	0.001853	0.977778	11.69
1.33	18.53	0.858998	0.026921	0.000844	0.977778	11.69
1.33	18.90	0.872653	0.023908	0.000655	0.977778	11.69
1.33	19.27	0.883117	0.029073	0.000957	0.977778	11.69
1.33	19.63	0.898856	0.011835	0.000156	0.977778	11.69
1.33	20.00	0.883258	0.021194	0.000509	0.977778	11.69
1.33	20.37	0.893636	0.013899	0.000216	0.977778	11.69
1.33	20.73	0.900606	0.009995	0.000111	0.977778	11.69
1.33	21.10	0.908657	0.010038	0.000111	0.977778	11.69
1.33	21.47	0.912338	0.012172	0.000162	0.977778	11.69
1.33	21.84	0.916629	0.009063	0.000090	0.977778	11.69
1.33	22.20	0.929692	0.006341	0.000043	0.977778	11.69
1.33	22.57	0.932475	0.005472	0.000032	0.977778	11.69
1.33	22.94	0.933129	0.005154	0.000028	0.977778	11.69
1.33	23.31	0.930606	0.006210	0.000041	0.977778	11.69
1.33	23.67	0.931200	0.007132	0.000055	0.977778	11.69
1.33	24.04	0.941818	0.007413	0.000058	0.977778	11.69
1.33	24.41	0.944333	0.005978	0.000038	0.977778	11.69
1.33	24.78	0.939468	0.005625	0.000034	0.977778	11.69
1.33	25.14	0.940747	0.005778	0.000035	0.977778	11.69
1.33	25.51	0.942641	0.004840	0.000025	0.977778	11.69
1.33	25.88	0.940768	0.005475	0.000032	0.977778	11.69
1.33	26.24	0.942031	0.004920	0.000026	0.977778	11.69
1.33	26.61	0.952765	0.004552	0.000022	0.977778	11.69
1.33	26.98	0.953864	0.004248	0.000019	0.977778	11.69
1.33	27.35	0.957008	0.005785	0.000035	0.977778	11.69
1.33	27.71	0.958485	0.006035	0.000038	0.977778	11.69
1.33	28.08	0.950216	0.005288	0.000029	0.977778	11.69
1.33	28.45	0.950718	0.005077	0.000027	0.977778	11.69
1.33	28.82	0.963667	0.005352	0.000030	0.977778	11.69
1.33	29.18	0.964686	0.005251	0.000029	0.977778	11.69
1.33	29.55	0.963384	0.004320	0.000019	0.977778	11.69
1.33	29.92	0.964349	0.004288	0.000019	0.977778	11.69
1.36	2.00	0.000000	0.000000	0.000000	0.977778	11.89
1.36	2.37	0.000000	0.000000	0.000000	0.977778	11.89
1.36	2.73	0.000000	0.000000	0.000000	0.977778	11.89
1.36	3.10	0.000000	0.000000	0.000000	0.977778	11.89
1.36	3.47	0.000000	0.000000	0.000000	0.977778	11.89
1.36	3.84	0.000000	0.000000	0.000000	0.977778	11.89
1.36	4.20	0.000000	0.000000	0.000000	0.977778	11.89
1.36	4.57	0.000000	0.000000	0.000000	0.977778	11.89
1.36	4.94	0.000000	0.000000	0.000000	0.977778	11.89
1.36	5.31	0.000000	0.000000	0.000000	0.977778	11.89
1.36	5.67	0.000000	0.000000	0.000000	0.977778	11.89
1.36	6.04	0.000000	0.000000	0.000000	0.977778	11.89
1.36	6.41	0.000000	0.000000	0.000000	0.977778	11.89
1.36	6.78	0.000000	0.000000	0.000000	0.977778	11.89
1.36	7.14	0.000000	0.000000	0.000000	0.977778	11.89
1.36	7.51	0.000000	0.000000	0.000000	0.977778	11.89
1.36	7.88	0.000000	0.000000	0.000000	0.977778	11.89
1.36	8.24	0.000000	0.000000	0.000000	0.977778	11.89
1.36	8.61	0.000000	0.000000	0.000000	0.977778	11.89
1.36	8.98	0.051136	0.000000	0.000000	0.977778	11.89
1.36	9.35	0.053977	0.002841	0.000150	0.977778	11.89
1.36	9.71	0.052083	0.000947	0.000017	0.977778	11.89
1.36	10.08	0.055682	0.004252	0.000325	0.977778	11.89
1.36	10.45	0.058442	0.005492	0.000516	0.977778	11.89
1.36	10.82	0.057955	0.008972	0.001389	0.977778	11.89
1.36	11.18	0.060417	0.006904	0.000789	0.977778	11.89
1.36	11.55	0.062672	0.013928	0.003095	0.977778	11.89
1.36	11.92	0.064927	0.015131	0.003526	0.977778	11.89
1.36	12.29	0.070076	0.022467	0.007203	0.977778	11.89
1.36	12.65	0.071854	0.022535	0.007067	0.977778	11.89
1.36	13.02	0.073766	0.028253	0.010821	0.977778	11.89
1.36	13.39	0.073255	0.025952	0.009194	0.977778	11.89
1.36	13.76	0.092379	0.045566	0.022475	0.977778	11.89
1.36	14.12	0.101565	0.060993	0.036628	0.977778	11.89
1.36	14.49	0.139951	0.079822	0.045528	0.977778	11.89
1.36	14.86	0.211003	0.134094	0.085217	0.977778	11.89
1.36	15.22	0.242961	0.156837	0.101242	0.977778	11.89
1.36	15.59	0.319498	0.161979	0.082120	0.977778	11.89
1.36	15.96	0.501174	0.167865	0.056226	0.977778	11.89
1.36	16.33	0.587311	0.136283	0.031624	0.977778	11.89
1.36	16.69	0.685969	0.087894	0.011262	0.977778	11.89
1.36	17.06	0.757334	0.069892	0.006450	0.977778	11.89
1.36	17.43	0.747642	0.160599	0.034498	0.977778	11.89
1.36	17.80	0.833127	0.037150	0.001657	0.977778	11.89
1.36	18.16	0.845825	0.025189	0.000750	0.977778	11.89
1.36	18.53	0.860332	0.023628	0.000649	0.977778	11.89
1.36	18.90	0.865144	0.042526	0.002090	0.977778	11.89
1.36	19.27	0.879577	0.022809	0.000591	0.977778	11.89
1.36	19.63	0.879445	0.116751	0.015499	0.977778	11.89
1.36	20.00	0.902079	0.012550	0.000175	0.977778	11.89
1.36	20.37	0.913352	0.008938	0.000087	0.977778	11.89
1.36	20.73	0.919084	0.008386	0.000077	0.977778	11.89
1.36	21.10	0.922191	0.007515	0.000061	0.977778	11.89
1.36	21.47	0.928030	0.007916	0.000068	0.977778	11.89
1.36	21.84	0.933828	0.006913	0.000051	0.977778	11.89
1.36	22.20	0.931316	0.006927	0.000052	0.977778	11.89
1.36	22.57	0.932089	0.006299	0.000043	0.977778	11.89
1.36	22.94	0.933055	0.007235	0.000056	0.977778	11.89
1.36	23.31	0.932134	0.005620	0.000034	0.977778	11.89
1.36	23.67	0.934485	0.006356	0.000043	0.977778	11.89
1.36	24.04	0.933132	0.006921	0.000051	0.977778	11.89
1.36	24.41	0.936402	0.005503	0.000032	0.977778	11.89
1.36	24.78	0.938853	0.005584	0.000033	0.977778	11.89
1.36	25.14	0.954004	0.004446	0.000021	0.977778	11.89
1.36	25.51	0.954700	0.004309	0.000019	0.977778	11.89
1.36	25.88	0.951531	0.004294	0.000019	0.977778	11.89
1.36	26.24	0.953154	0.004392	0.000020	0.977778	11.89
1.36	26.61	0.940114	0.004893	0.000025	0.977778	11.89
1.36	26.98	0.942922	0.006321	0.000042	0.977778	11.89
1.36	27.35	0.940924	0.004757	0.000024	0.977778	11.89
1.36	27.71	0.941511	0.005259	0.000029	0.977778	11.89
1.36	28.08	0.942439	0.004848	0.000025	0.977778	11.89
1.36	28.45	0.962668	0.004337	0.000020	0.977778	11.89
1.36	28.82	0.963235	0.003972	0.000016	0.977778	11.89
1.36	29.18	0.961230	0.003585	0.000013	0.977778	11.89
1.36	29.55	0.961515	0.003681	0.000014	0.977778	11.89
1.36	29.92	0.958256	0.003901	0.000016	0.977778	11.89
1.39	2.00	0.000000	0.000000	0.000000	0.977778	12.10
1.39	2.37	0.000000	0.000000	0.000000	0.977778	12.10
1.39	2.73	0.000000	0.000000	0.000000	0.977778	12.10
1.39	3.10	0.000000	0.000000	0.000000	0.977778	12.10
1.39	3.47	0.000000	0.000000	0.000000	0.977778	12.10
1.39	3.84	0.000000	0.000000	0.000000	0.977778	12.10
1.39	4.20	0.000000	0.000000	0.000000	0.977778	12.10
1.39	4.57	0.000000	0.000000	0.000000	0.977778	12.10
1.39	4.94	0.000000	0.000000	0.000000	0.977778	12.10
1.39	5.31	0.000000	0.000000	0.000000	0.977778	12.10
1.39	5.67	0.000000	0.000000	0.000000	0.977778	12.10
1.39	6.04	0.000000	0.000000	0.000000	0.977778	12.10
1.39	6.41	0.000000	0.000000	0.000000	0.977778	12.10
1.39	6.78	0.000000	0.000000	0.000000	0.977778	12.10
1.39	7.14	0.000000	0.000000	0.000000	0.977778	12.10
1.39	7.51	0.000000	0.000000	0.000000	0.977778	12.10
1.39	7.88	0.000000	0.000000	0.000000	0.977778	12.10
1.39	8.24	0.000000	0.000000	0.000000	0.977778	12.10
1.39	8.61	0.051136	0.000000	0.000000	0.977778	12.10
1.39	8.98	0.051136	0.000000	0.000000	0.977778	12.10
1.39	9.35	0.051136	0.000000	0.000000	0.977778	12.10
1.39	9.71	0.000000	0.000000	0.000000	0.977778	12.10
1.39	10.08	0.000000	0.000000	0.000000	0.977778	12.10
1.39	10.45	0.052399	0.000893	0.000015	0.977778	12.10
1.39	10.82	0.058196	0.006312	0.000685	0.977778	12.10
1.39	11.18	0.059073	0.007361	0.000917	0.977778	12.10
1.39	11.55	0.061778	0.010911	0.001927	0.977778	12.10
1.39	11.92	0.063515	0.013058	0.002685	0.977778	12.10
1.39	12.29	0.066761	0.018633	0.005200	0.977778	12.10
1.39	12.65	0.066042	0.015248	0.003520	0.977778	12.10
1.39	13.02	0.082879	0.052368	0.033090	0.977778	12.10
1.39	13.39	0.083930	0.040390	0.019437	0.977778	12.10
1.39	13.76	0.101221	0.059054	0.034453	0.977778	12.10
1.39	14.12	0.129764	0.094279	0.068498	0.977778	12.10
1.39	14.49	0.139854	0.085612	0.052407	0.977778	12.10
1.39	14.86	0.237493	0.154415	0.100399	0.977778	12.10
1.39	15.22	0.320142	0.167608	0.087750	0.977778	12.10
1.39	15.59	0.406304	0.187068	0.086129	0.977778	12.10
1.39	15.96	0.524080	0.163931	0.051277	0.977778	12.10
1.39	16.33	0.505038	0.178203	0.062879	0.977778	12.10
1.39	16.69	0.618826	0.176687	0.050447	0.977778	12.10
1.39	17.06	0.700371	0.122891	0.021563	0.977778	12.10
1.39	17.43	0.717657	0.116357	0.018866	0.977778	12.10
1.39	17.80	0.857028	0.022252	0.000578	0.977778	12.10
1.39	18.16	0.875524	0.014144	0.000229	0.977778	12.10
1.39	18.53	0.884067	0.016334	0.000302	0.977778	12.10
1.39	18.90	0.890646	0.023458	0.000618	0.977778	12.10
1.39	19.27	0.898438	0.015085	0.000253	0.977778	12.10
1.39	19.63	0.918883	0.006782	0.000050	0.977778	12.10
1.39	20.00	0.921954	0.008210	0.000073	0.977778	12.10
1.39	20.37	0.928715	0.006794	0.000050	0.977778	12.10
1.39	20.73	0.902868	0.009207	0.000094	0.977778	12.10
1.39	21.10	0.908820	0.008479	0.000079	0.977778	12.10
1.39	21.47	0.913652	0.006049	0.000040	0.977778	12.10
1.39	21.84	0.931277	0.006627	0.000047	0.977778	12.10
1.39	22.20	0.936882	0.006576	0.000046	0.977778	12.10
1.39	22.57	0.937803	0.004871	0.000025	0.977778	12.10
1.39	22.94	0.944767	0.006078	0.000039	0.977778	12.10
1.39	23.31	0.946003	0.005399	0.000031	0.977778	12.10
1.39	23.67	0.951705	0.004639	0.000023	0.977778	12.10
1.39	24.04	0.953480	0.005171	0.000028	0.977778	12.10
1.39	24.41	0.943375	0.005319	0.000030	0.977778	12.10
1.39	24.78	0.945299	0.005069	0.000027	0.977778	12.10
1.39	25.14	0.940360	0.004176	0.000019	0.977778	12.10
1.39	25.51	0.940824	0.005084	0.000027	0.977778	12.10
1.39	25.88	0.942873	0.003493	0.000013	0.977778	12.10
1.39	26.24	0.951531	0.005764	0.000035	0.977778	12.10
1.39	26.61	0.952690	0.005141	0.000028	0.977778	12.10
1.39	26.98	0.944844	0.004203	0.000019	0.977778	12.10
1.39	27.35	0.945424	0.004457	0.000021	0.977778	12.10
1.39	27.71	0.954545	0.005152	0.000028	0.977778	12.10
1.39	28.08	0.956780	0.005576	0.000032	0.977778	12.10
1.39	28.45	0.957182	0.003618	0.000014	0.977778	12.10
1.39	28.82	0.958556	0.003389	0.000012	0.977778	12.10
1.39	29.18	0.950417	0.003686	0.000014	0.977778	12.10
1.39	29.55	0.950833	0.004200	0.000019	0.977778	12.10
1.39	29.92	0.955396	0.004014	0.000017	0.977778	12.10
1.41	2.00	0.000000	0.000000	0.000000	0.977778	12.33
1.41	2.37	0.000000	0.000000	0.000000	0.977778	12.33
1.41	2.73	0.000000	0.000000	0.000000	0.977778	12.33
1.41	3.10	0.000000	0.000000	0.000000	0.977778	12.33
1.41	3.47	0.000000	0.000000	0.000000	0.977778	12.33
1.41	3.84	0.000000	0.000000	0.000000	0.977778	12.33
1.41	4.20	0.000000	0.000000	0.000000	0.977778	12.33
1.41	4.57	0.000000	0.000000	0.000000	0.977778	12.33
1.41	4.94	0.000000	0.000000	0.000000	0.977778	12.33
1.41	5.31	0.000000	0.000000	0.000000	0.977778	12.33
1.41	5.67	0.000000	0.000000	0.000000	0.977778	12.33
1.41	6.04	0.000000	0.000000	0.000000	0.977778	12.33
1.41	6.41	0.000000	0.000000	0.000000	0.977778	12.33
1.41	6.78	0.000000	0.000000	0.000000	0.977778	12.33
1.41	7.14	0.000000	0.000000	0.000000	0.977778	12.33
1.41	7.51	0.000000	0.000000	0.000000	0.977778	12.33
1.41	7.88	0.000000	0.000000	0.000000	0.977778	12.33
1.41	8.24	0.000000	0.000000	0.000000	0.977778	12.33
1.41	8.61	0.000000	0.000000	0.000000	0.977778	12.33
1.41	8.98	0.000000	0.000000	0.000000	0.977778	12.33
1.41	9.35	0.053030	0.000000	0.000000	0.977778	12.33
1.41	9.71	0.051136	0.000000	0.000000	0.977778	12.33
1.41	10.08	0.052083	0.000947	0.000017	0.977778	12.33
1.41	10.45	0.055871	0.003414	0.000209	0.977778	12.33
1.41	10.82	0.057900	0.008153	0.001148	0.977778	12.33
1.41	11.18	0.057647	0.006245	0.000676	0.977778	12.33
1.41	11.55	0.059908	0.010770	0.001936	0.977778	12.33
1.41	11.92	0.068258	0.020479	0.006144	0.977778	12.33
1.41	12.29	0.062205	0.012176	0.002383	0.977778	12.33
1.41	12.65	0.066790	0.017667	0.004673	0.977778	12.33
1.41	13.02	0.074929	0.024969	0.008321	0.977778	12.33
1.41	13.39	0.094553	0.049333	0.025740	0.977778	12.33
1.41	13.76	0.117477	0.068882	0.040388	0.977778	12.33
1.41	14.12	0.153703	0.107010	0.074502	0.977778	12.33
1.41	14.49	0.221912	0.139488	0.087679	0.977778	12.33
1.41	14.86	0.283925	0.165887	0.096922	0.977778	12.33
1.41	15.22	0.379821	0.190006	0.095051	0.977778	12.33
1.41	15.59	0.491987	0.194222	0.076673	0.977778	12.33
1.41	15.96	0.612571	0.135998	0.030193	0.977778	12.33
1.41	16.33	0.762037	0.122098	0.019563	0.977778	12.33
1.41	16.69	0.815404	0.041853	0.002148	0.977778	12.33
1.41	17.06	0.848990	0.016445	0.000319	0.977778	12.33
1.41	17.43	0.816530	0.114554	0.016071	0.977778	12.33
1.41	17.80	0.864419	0.020220	0.000473	0.977778	12.33
1.41	18.16	0.875564	0.024373	0.000678	0.977778	12.33
1.41	18.53	0.878304	0.017982	0.000368	0.977778	12.33
1.41	18.90	0.892005	0.015179	0.000258	0.977778	12.33
1.41	19.27	0.900064	0.011378	0.000144	0.977778	12.33
1.41	19.63	0.911616	0.011106	0.000135	0.977778	12.33
1.41	20.00	0.916864	0.007792	0.000066	0.977778	12.33
1.41	20.37	0.922147	0.007628	0.000063	0.977778	12.33
1.41	20.73	0.933160	0.006209	0.000041	0.977778	12.33
1.41	21.10	0.933633	0.006233	0.000042	0.977778	12.33
1.41	21.47	0.935220	0.006638	0.000047	0.977778	12.33
1.41	21.84	0.943375	0.005347	0.000030	0.977778	12.33
1.41	22.20	0.946506	0.005797	0.000036	0.977778	12.33
1.41	22.57	0.947494	0.004202	0.000019	0.977778	12.33
1.41	22.94	0.950205	0.004859	0.000025	0.977778	12.33
1.41	23.31	0.945865	0.004701	0.000023	0.977778	12.33
1.41	23.67	0.946891	0.004781	0.000024	0.977778	12.33
1.41	24.04	0.947665	0.004587	0.000022	0.977778	12.33
1.41	24.41	0.948745	0.003635	0.000014	0.977778	12.33
1.41	24.78	0.949830	0.004481	0.000021	0.977778	12.33
1.41	25.14	0.946591	0.005330	0.000030	0.977778	12.33
1.41	25.51	0.947118	0.006884	0.000050	0.977778	12.33
1.41	25.88	0.960568	0.005589	0.000033	0.977778	12.33
1.41	26.24	0.962462	0.005176	0.000028	0.977778	12.33
1.41	26.61	0.956633	0.004515	0.000021	0.977778	12.33
1.41	26.98	0.957614	0.004575	0.000022	0.977778	12.33
1.41	27.35	0.958452	0.004581	0.000022	0.977778	12.33
1.41	27.71	0.943864	0.004847	0.000025	0.977778	12.33
1.41	28.08	0.944848	0.005524	0.000032	0.977778	12.33
1.41	28.45	0.952060	0.005275	0.000029	0.977778	12.33
1.41	28.82	0.953734	0.006086	0.000039	0.977778	12.33
1.41	29.18	0.962624	0.003309	0.000011	0.977778	12.33
1.41	29.55	0.953877	0.004190	0.000018	0.977778	12.33
1.41	29.92	0.954620	0.003824	0.000015	0.977778	12.33
1.44	2.00	0.054924	0.000000	0.000000	0.977778	12.55
1.44	2.37	0.056818	0.000000	0.000000	0.977778	12.55
1.44	2.73	0.000000	0.000000	0.000000	0.977778	12.55
1.44	3.10	0.000000	0.000000	0.000000	0.977778	12.55
1.44	3.47	0.000000	0.000000	0.000000	0.977778	12.55
1.44	3.84	0.000000	0.000000	0.000000	0.977778	12.55
1.44	4.20	0.000000	0.000000	0.000000	0.977778	12.55
1.44	4.57	0.000000	0.000000	0.000000	0.977778	12.55
1.44	4.94	0.000000	0.000000	0.000000	0.977778	12.55
1.44	5.31	0.000000	0.000000	0.000000	0.977778	12.55
1.44	5.67	0.000000	0.000000	0.000000	0.977778	12.55
1.44	6.04	0.000000	0.000000	0.000000	0.977778	12.55
1.44	6.41	0.000000	0.000000	0.000000	0.977778	12.55
1.44	6.78	0.000000	0.000000	0.000000	0.977778	12.55
1.44	7.14	0.000000	0.000000	0.000000	0.977778	12.55
1.44	7.51	0.000000	0.000000	0.000000	0.977778	12.55
1.44	7.88	0.000000	0.000000	0.000000	0.977778	12.55
1.44	8.24	0.000000	0.000000	0.000000	0.977778	12.55
1.44	8.61	0.000000	0.000000	0.000000	0.977778	12.55
1.44	8.98	0.000000	0.000000	0.000000	0.977778	12.55
1.44	9.35	0.000000	0.000000	0.000000	0.977778	12.55
1.44	9.71	0.057197	0.007519	0.000988	0.977778	12.55
1.44	10.08	0.056061	0.008932	0.001423	0.977778	12.55
1.44	10.45	0.056006	0.008153	0.001187	0.977778	12.55
1.44	10.82	0.057495	0.007356	0.000941	0.977778	12.55
1.44	11.18	0.060816	0.011059	0.002011	0.977778	12.55
1.44	11.55	0.057860	0.007587	0.000995	0.977778	12.55
1.44	11.92	0.062317	0.016288	0.004257	0.977778	12.55
1.44	12.29	0.061742	0.013383	0.002901	0.977778	12.55
1.44	12.65	0.069345	0.019353	0.005401	0.977778	12.55
1.44	13.02	0.093700	0.052489	0.029403	0.977778	12.55
1.44	13.39	0.090488	0.046820	0.024225	0.977778	12.55
1.44	13.76	0.133876	0.085552	0.054671	0.977778	12.55
1.44	14.12	0.171627	0.104951	0.064178	0.977778	12.55
1.44	14.49	0.268939	0.163798	0.099762	0.977778	12.55
1.44	14.86	0.346460	0.208065	0.124952	0.977778	12.55
1.44	15.22	0.457211	0.200059	0.087539	0.977778	12.55
1.44	15.59	0.588463	0.164482	0.045975	0.977778	12.55
1.44	15.96	0.690012	0.093068	0.012553	0.977778	12.55
1.44	16.33	0.754630	0.063758	0.005387	0.977778	12.55
1.44	16.69	0.741319	0.129254	0.022536	0.977778	12.55
1.44	17.06	0.797704	0.054402	0.003710	0.977778	12.55
1.44	17.43	0.824871	0.053333	0.003448	0.977778	12.55
1.44	17.80	0.855469	0.040466	0.001914	0.977778	12.55
1.44	18.16	0.875829	0.030394	0.001055	0.977778	12.55
1.44	18.53	0.895430	0.017533	0.000343	0.977778	12.55
1.44	18.90	0.898880	0.014104	0.000221	0.977778	12.55
1.44	19.27	0.907568	0.011491	0.000145	0.977778	12.55
1.44	19.63	0.913126	0.012641	0.000175	0.977778	12.55
1.44	20.00	0.924164	0.007294	0.000058	0.977778	12.55
1.44	20.37	0.927951	0.008381	0.000076	0.977778	12.55
1.44	20.73	0.932371	0.005602	0.000034	0.977778	12.55
1.44	21.10	0.932962	0.006826	0.000050	0.977778	12.55
1.44	21.47	0.934015	0.006885	0.000051	0.977778	12.55
1.44	21.84	0.944882	0.005495	0.000032	0.977778	12.55
1.44	22.20	0.946119	0.005120	0.000028	0.977778	12.55
1.44	22.57	0.946390	0.006196	0.000041	0.977778	12.55
1.44	22.94	0.950255	0.004524	0.000022	0.977778	12.55
1.44	23.31	0.951326	0.004066	0.000017	0.977778	12.55
1.44	23.67	0.921829	0.120138	0.015657	0.977778	12.55
1.44	24.04	0.940553	0.008799	0.000082	0.977778	12.55
1.44	24.41	0.955098	0.004304	0.000019	0.977778	12.55
1.44	24.78	0.936379	0.123196	0.016208	0.977778	12.55
1.44	25.14	0.952841	0.004750	0.000024	0.977778	12.55
1.44	25.51	0.954506	0.004118	0.000018	0.977778	12.55
1.44	25.88	0.956553	0.004069	0.000017	0.977778	12.55
1.44	26.24	0.957538	0.004081	0.000017	0.977778	12.55
1.44	26.61	0.965252	0.003434	0.000012	0.977778	12.55
1.44	26.98	0.966566	0.003856	0.000015	0.977778	12.55
1.44	27.35	0.958485	0.005274	0.000029	0.977778	12.55
1.44	27.71	0.958712	0.004530	0.000021	0.977778	12.55
1.44	28.08	0.955985	0.004663	0.000023	0.977778	12.55
1.44	28.45	0.956629	0.003811	0.000015	0.977778	12.55
1.44	28.82	0.964176	0.003904	0.000016	0.977778	12.55
1.44	29.18	0.965224	0.004011	0.000017	0.977778	12.55
1.44	29.55	0.971433	0.002783	0.000008	0.977778	12.55
1.44	29.92	0.972236	0.003008	0.000009	0.977778	12.55
1.47	2.00	0.000000	0.000000	0.000000	0.977778	12.76
1.47	2.37	0.000000	0.000000	0.000000	0.977778	12.76
1.47	2.73	0.000000	0.000000	0.000000	0.977778	12.76
1.47	3.10	0.000000	0.000000	0.000000	0.977778	12.76
1.47	3.47	0.000000	0.000000	0.000000	0.977778	12.76
1.47	3.84	0.000000	0.000000	0.000000	0.977778	12.76
1.47	4.20	0.000000	0.000000	0.000000	0.977778	12.76
1.47	4.57	0.000000	0.000000	0.000000	0.977778	12.76
1.47	4.94	0.000000	0.000000	0.000000	0.977778	12.76
1.47	5.31	0.000000	0.000000	0.000000	0.977778	12.76
1.47	5.67	0.000000	0.000000	0.000000	0.977778	12.76
1.47	6.04	0.000000	0.000000	0.000000	0.977778	12.76
1.47	6.41	0.000000	0.000000	0.000000	0.977778	12.76
1.47	6.78	0.000000	0.000000	0.000000	0.977778	12.76
1.47	7.14	0.000000	0.000000	0.000000	0.977778	12.76
1.47	7.51	0.000000	0.000000	0.000000	0.977778	12.76
1.47	7.88	0.000000	0.000000	0.000000	0.977778	12.76
1.47	8.24	0.000000	0.000000	0.000000	0.977778	12.76
1.47	8.61	0.059659	0.002841	0.000135	0.977778	12.76
1.47	8.98	0.060606	0.009657	0.001539	0.977778	12.76
1.47	9.35	0.058712	0.008984	0.001375	0.977778	12.76
1.47	9.71	0.058712	0.009657	0.001588	0.977778	12.76
1.47	10.08	0.058396	0.009241	0.001462	0.977778	12.76
1.47	10.45	0.055713	0.007435	0.000992	0.977778	12.76
1.47	10.82	0.059878	0.010281	0.001765	0.977778	12.76
1.47	11.18	0.061995	0.014282	0.003290	0.977778	12.76
1.47	11.55	0.062184	0.009390	0.001418	0.977778	12.76
1.47	11.92	0.059295	0.007945	0.001065	0.977778	12.76
1.47	12.29	0.064211	0.010389	0.001681	0.977778	12.76
1.47	12.65	0.067890	0.018695	0.005148	0.977778	12.76
1.47	13.02	0.078262	0.030722	0.012060	0.977778	12.76
1.47	13.39	0.092162	0.044204	0.021202	0.977778	12.76
1.47	13.76	0.126588	0.093040	0.068382	0.977778	12.76
1.47	14.12	0.182460	0.129659	0.092138	0.977778	12.76
1.47	14.49	0.342223	0.195311	0.111467	0.977778	12.76
1.47	14.86	0.432669	0.208317	0.100299	0.977778	12.76
1.47	15.22	0.511719	0.217231	0.092217	0.977778	12.76
1.47	15.59	0.641280	0.196638	0.060296	0.977778	12.76
1.47	15.96	0.774032	0.072871	0.006860	0.977778	12.76
1.47	16.33	0.818841	0.036042	0.001586	0.977778	12.76
1.47	16.69	0.856147	0.021090	0.000520	0.977778	12.76
1.47	17.06	0.849327	0.020784	0.000509	0.977778	12.76
1.47	17.43	0.864872	0.018473	0.000395	0.977778	12.76
1.47	17.80	0.883811	0.011192	0.000142	0.977778	12.76
1.47	18.16	0.880445	0.118774	0.016023	0.977778	12.76
1.47	18.53	0.908473	0.013217	0.000192	0.977778	12.76
1.47	18.90	0.911520	0.017892	0.000351	0.977778	12.76
1.47	19.27	0.922225	0.009163	0.000091	0.977778	12.76
1.47	19.63	0.925411	0.007731	0.000065	0.977778	12.76
1.47	20.00	0.933148	0.008148	0.000071	0.977778	12.76
1.47	20.37	0.926217	0.006710	0.000049	0.977778	12.76
1.47	20.73	0.928195	0.007063	0.000054	0.977778	12.76
1.47	21.10	0.929135	0.006479	0.000045	0.977778	12.76
1.47	21.47	0.931496	0.005530	0.000033	0.977778	12.76
1.47	21.84	0.933171	0.005316	0.000030	0.977778	12.76
1.47	22.20	0.942370	0.005727	0.000035	0.977778	12.76
1.47	22.57	0.944394	0.006742	0.000048	0.977778	12.76
1.47	22.94	0.952692	0.004872	0.000025	0.977778	12.76
1.47	23.31	0.954062	0.004530	0.000022	0.977778	12.76
1.47	23.67	0.951547	0.005874	0.000036	0.977778	12.76
1.47	24.04	0.954151	0.005521	0.000032	0.977778	12.76
1.47	24.41	0.954908	0.004811	0.000024	0.977778	12.76
1.47	24.78	0.954004	0.003769	0.000015	0.977778	12.76
1.47	25.14	0.954275	0.004544	0.000022	0.977778	12.76
1.47	25.51	0.952007	0.004009	0.000017	0.977778	12.76
1.47	25.88	0.951483	0.004108	0.000018	0.977778	12.76
1.47	26.24	0.961812	0.003535	0.000013	0.977778	12.76
1.47	26.61	0.962674	0.005172	0.000028	0.977778	12.76
1.47	26.98	0.959793	0.004412	0.000020	0.977778	12.76
1.47	27.35	0.961116	0.003592	0.000013	0.977778	12.76
1.47	27.71	0.961967	0.003545	0.000013	0.977778	12.76
1.47	28.08	0.962634	0.003642	0.000014	0.977778	12.76
1.47	28.45	0.964942	0.004418	0.000020	0.977778	12.76
1.47	28.82	0.965345	0.003558	0.000013	0.977778	12.76
1.47	29.18	0.967538	0.003574	0.000013	0.977778	12.76
1.47	29.55	0.967538	0.003451	0.000012	0.977778	12.76
1.47	29.92	0.979321	0.002354	0.000006	0.977778	12.76
1.50	2.00	0.000000	0.000000	0.000000	0.983333	12.95
1.50	2.37	0.000000	0.000000	0.000000	0.983333	12.95
1.50	2.73	0.000000	0.000000	0.000000	0.983333	12.95
1.50	3.10	0.000000	0.000000	0.000000	0.983333	12.95
1.50	3.47	0.000000	0.000000	0.000000	0.983333	12.95
1.50	3.84	0.000000	0.000000	0.000000	0.983333	12.95
1.50	4.20	0.000000	0.000000	0.000000	0.983333	12.95
1.50	4.57	0.000000	0.000000	0.000000	0.983333	12.95
1.50	4.94	0.000000	0.000000	0.000000	0.983333	12.95
1.50	5.31	0.000000	0.000000	0.000000	0.983333	12.95
1.50	5.67	0.000000	0.000000	0.000000	0.983333	12.95
1.50	6.04	0.000000	0.000000	0.000000	0.983333	12.95
1.50	6.41	0.000000	0.000000	0.000000	0.983333	12.95
1.50	6.78	0.000000	0.000000	0.000000	0.983333	12.95
1.50	7.14	0.000000	0.000000	0.000000	0.983333	12.95
1.50	7.51	0.000000	0.000000	0.000000	0.983333	12.95
1.50	7.88	0.000000	0.000000	0.000000	0.983333	12.95
1.50	8.24	0.000000	0.000000	0.000000	0.983333	12.95
1.50	8.61	0.000000	0.000000	0.000000	0.983333	12.95
1.50	8.98	0.050847	0.000000	0.000000	0.983333	12.95
1.50	9.35	0.050847	0.000000	0.000000	0.983333	12.95
1.50	9.71	0.000000	0.000000	0.000000	0.983333	12.95
1.50	10.08	0.055744	0.003878	0.000270	0.983333	12.95
1.50	10.45	0.056497	0.004457	0.000352	0.983333	12.95
1.50	10.82	0.061770	0.012429	0.002501	0.983333	12.95
1.50	11.18	0.059793	0.008643	0.001249	0.983333	12.95
1.50	11.55	0.059985	0.011284	0.002123	0.983333	12.95
1.50	11.92	0.062618	0.014604	0.003406	0.983333	12.95
1.50	12.29	0.067578	0.019428	0.005586	0.983333	12.95
1.50	12.65	0.072519	0.028340	0.011075	0.983333	12.95
1.50	13.02	0.076998	0.037018	0.017797	0.983333	12.95
1.50	13.39	0.088970	0.051224	0.029492	0.983333	12.95
1.50	13.76	0.112391	0.069548	0.043037	0.983333	12.95
1.50	14.12	0.127727	0.088551	0.061391	0.983333	12.95
1.50	14.49	0.224787	0.143156	0.091169	0.983333	12.95
1.50	14.86	0.285479	0.159111	0.088680	0.983333	12.95
1.50	15.22	0.453462	0.216244	0.103121	0.983333	12.95
1.50	15.59	0.660808	0.119761	0.021705	0.983333	12.95
1.50	15.96	0.723901	0.129471	0.023156	0.983333	12.95
1.50	16.33	0.802134	0.118403	0.017478	0.983333	12.95
1.50	16.69	0.848797	0.034078	0.001368	0.983333	12.95
1.50	17.06	0.868885	0.020703	0.000493	0.983333	12.95
1.50	17.43	0.839203	0.029775	0.001056	0.983333	12.95
1.50	17.80	0.867191	0.020558	0.000487	0.983333	12.95
1.50	18.16	0.877467	0.016773	0.000321	0.983333	12.95
1.50	18.53	0.895235	0.015551	0.000270	0.983333	12.95
1.50	18.90	0.905797	0.009095	0.000091	0.983333	12.95
1.50	19.27	0.911368	0.009343	0.000096	0.983333	12.95
1.50	19.63	0.917498	0.007882	0.000068	0.983333	12.95
1.50	20.00	0.918981	0.009416	0.000096	0.983333	12.95
1.50	20.37	0.922907	0.006789	0.000050	0.983333	12.95
1.50	20.73	0.924831	0.006636	0.000048	0.983333	12.95
1.50	21.10	0.930120	0.007017	0.000053	0.983333	12.95
1.50	21.47	0.931781	0.008794	0.000083	0.983333	12.95
1.50	21.84	0.934950	0.006210	0.000041	0.983333	12.95
1.50	22.20	0.953429	0.005927	0.000037	0.983333	12.95
1.50	22.57	0.955955	0.005953	0.000037	0.983333	12.95
1.50	22.94	0.958453	0.006268	0.000041	0.983333	12.95
1.50	23.31	0.946563	0.005472	0.000032	0.983333	12.95
1.50	23.67	0.948461	0.004481	0.000021	0.983333	12.95
1.50	24.04	0.950847	0.005263	0.000029	0.983333	12.95
1.50	24.41	0.953188	0.004752	0.000024	0.983333	12.95
1.50	24.78	0.960145	0.005787	0.000035	0.983333	12.95
1.50	25.14	0.962720	0.004115	0.000018	0.983333	12.95
1.50	25.51	0.954610	0.005037	0.000027	0.983333	12.95
1.50	25.88	0.956455	0.004716	0.000023	0.983333	12.95
1.50	26.24	0.957416	0.004182	0.000018	0.983333	12.95
1.50	26.61	0.943578	0.003283	0.000011	0.983333	12.95
1.50	26.98	0.944915	0.003854	0.000016	0.983333	12.95
1.50	27.35	0.953342	0.003866	0.000016	0.983333	12.95
1.50	27.71	0.953296	0.005025	0.000026	0.983333	12.95
1.50	28.08	0.963089	0.005393	0.000030	0.983333	12.95
1.50	28.45	0.965256	0.005218	0.000028	0.983333	12.95
1.50	28.82	0.958761	0.003713	0.000014	0.983333	12.95
1.50	29.18	0.959606	0.003651	0.000014	0.983333	12.95
1.50	29.55	0.960260	0.005659	0.000033	0.983333	12.95
1.50	29.92	0.930139	0.120020	0.015487	0.983333	12.95
