base_sigma	MAX_EXC_WEIGHT	Gini	mean_peaks_height	std_peaks_height	fano_factor
0.0400	2.00	0.934717	0.000000	0.000000	0.000000
0.0400	2.37	0.934717	0.000000	0.000000	0.000000
0.0400	2.73	0.934717	0.059574	0.003980	0.000266
0.0400	3.10	0.934717	0.059574	0.003980	0.000266
0.0400	3.47	0.934717	0.061702	0.004255	0.000293
0.0400	3.84	0.934717	0.063830	0.003761	0.000222
0.0400	4.20	0.934717	0.063830	0.007522	0.000887
0.0400	4.57	0.934717	0.064894	0.007057	0.000767
0.0400	4.94	0.934717	0.065160	0.005796	0.000516
0.0400	5.31	0.934717	0.060030	0.007897	0.001039
0.0400	5.67	0.934717	0.059693	0.006528	0.000714
0.0400	6.04	0.934717	0.058511	0.004343	0.000322
0.0400	6.41	0.934717	0.057181	0.002303	0.000093
0.0400	6.78	0.934717	0.059840	0.004410	0.000325
0.0400	7.14	0.934717	0.060790	0.006266	0.000646
0.0400	7.51	0.934717	0.061613	0.006678	0.000724
0.0400	7.88	0.934717	0.073328	0.031736	0.013735
0.0400	8.24	0.934717	0.067819	0.016662	0.004094
0.0400	8.61	0.934717	0.081307	0.055839	0.038349
0.0400	8.98	0.934717	0.086246	0.063215	0.046334
0.0400	9.35	0.934717	0.098109	0.065043	0.043121
0.0400	9.71	0.934717	0.166939	0.175607	0.184724
0.0400	10.08	0.934717	0.260778	0.264155	0.267576
0.0400	10.45	0.934717	0.368746	0.323778	0.284294
0.0400	10.82	0.934717	0.521420	0.376388	0.271696
0.0400	11.18	0.934717	0.724568	0.318804	0.140272
0.0400	11.55	0.934717	0.711315	0.334791	0.157574
0.0400	11.92	0.934717	0.823803	0.241871	0.071014
0.0400	12.29	0.934717	0.843327	0.238477	0.067437
0.0400	12.65	0.934717	0.756001	0.340997	0.153808
0.0400	13.02	0.934717	0.826337	0.289079	0.101129
0.0400	13.39	0.934717	0.922188	0.139143	0.020994
0.0400	13.76	0.934717	0.926900	0.143644	0.022261
0.0400	14.12	0.934717	0.954631	0.005803	0.000035
0.0400	14.49	0.934717	0.955147	0.005325	0.000030
0.0400	14.86	0.934717	0.956584	0.005736	0.000034
0.0400	15.22	0.934717	0.938091	0.144262	0.022185
0.0400	15.59	0.934717	0.964586	0.004098	0.000017
0.0400	15.96	0.934717	0.965426	0.005284	0.000029
0.0400	16.33	0.934717	0.966125	0.004471	0.000021
0.0400	16.69	0.934717	0.965146	0.004835	0.000024
0.0400	17.06	0.934717	0.965221	0.004795	0.000024
0.0400	17.43	0.934717	0.965641	0.003831	0.000015
0.0400	17.80	0.934717	0.965785	0.003396	0.000012
0.0400	18.16	0.934717	0.966791	0.003989	0.000016
0.0400	18.53	0.934717	0.965929	0.003378	0.000012
0.0400	18.90	0.934717	0.966216	0.003754	0.000015
0.0400	19.27	0.934717	0.965705	0.003386	0.000012
0.0400	19.63	0.934717	0.966216	0.003322	0.000011
0.0400	20.00	0.934717	0.953422	0.005009	0.000026
0.0400	20.37	0.934717	0.955147	0.004875	0.000025
0.0400	20.73	0.934717	0.955865	0.005512	0.000032
0.0400	21.10	0.934717	0.955067	0.005416	0.000031
0.0400	21.47	0.934717	0.956747	0.005874	0.000036
0.0400	21.84	0.934717	0.957027	0.005643	0.000033
0.0400	22.20	0.934717	0.956020	0.003901	0.000016
0.0400	22.57	0.934717	0.956117	0.002852	0.000009
0.0400	22.94	0.934717	0.956492	0.002919	0.000009
0.0400	23.31	0.934717	0.957038	0.003273	0.000011
0.0400	23.67	0.934717	0.957583	0.003296	0.000011
0.0400	24.04	0.934717	0.956747	0.004753	0.000024
0.0400	24.41	0.934717	0.956728	0.003942	0.000016
0.0400	24.78	0.934717	0.955627	0.004446	0.000021
0.0400	25.14	0.934717	0.933295	0.144091	0.022246
0.0400	25.51	0.934717	0.957027	0.004628	0.000022
0.0400	25.88	0.934717	0.969563	0.003224	0.000011
0.0400	26.24	0.934717	0.969710	0.003274	0.000011
0.0400	26.61	0.934717	0.970006	0.003110	0.000010
0.0400	26.98	0.934717	0.969605	0.003001	0.000009
0.0400	27.35	0.934717	0.970006	0.003353	0.000012
0.0400	27.71	0.934717	0.969909	0.003100	0.000010
0.0400	28.08	0.934717	0.967366	0.003942	0.000016
0.0400	28.45	0.934717	0.967366	0.003743	0.000014
0.0400	28.82	0.934717	0.967941	0.003809	0.000015
0.0400	29.18	0.934717	0.967798	0.003900	0.000016
0.0400	29.55	0.934717	0.967798	0.003699	0.000014
0.0400	29.92	0.934717	0.964045	0.002705	0.000008
0.0514	2.00	0.916036	0.000000	0.000000	0.000000
0.0514	2.37	0.916036	0.000000	0.000000	0.000000
0.0514	2.73	0.916036	0.000000	0.000000	0.000000
0.0514	3.10	0.916036	0.000000	0.000000	0.000000
0.0514	3.47	0.916036	0.057416	0.000000	0.000000
0.0514	3.84	0.916036	0.052632	0.000000	0.000000
0.0514	4.20	0.916036	0.052632	0.000000	0.000000
0.0514	4.57	0.916036	0.052632	0.000000	0.000000
0.0514	4.94	0.916036	0.052632	0.000000	0.000000
0.0514	5.31	0.916036	0.054226	0.002256	0.000094
0.0514	5.67	0.916036	0.052632	0.000000	0.000000
0.0514	6.04	0.916036	0.052632	0.000000	0.000000
0.0514	6.41	0.916036	0.052632	0.000000	0.000000
0.0514	6.78	0.916036	0.055821	0.004511	0.000365
0.0514	7.14	0.916036	0.059011	0.004511	0.000345
0.0514	7.51	0.916036	0.061244	0.007032	0.000807
0.0514	7.88	0.916036	0.062679	0.010795	0.001859
0.0514	8.24	0.916036	0.062201	0.008088	0.001052
0.0514	8.61	0.916036	0.068780	0.019129	0.005320
0.0514	8.98	0.916036	0.064115	0.019905	0.006180
0.0514	9.35	0.916036	0.081340	0.045810	0.025800
0.0514	9.71	0.916036	0.085726	0.067982	0.053912
0.0514	10.08	0.916036	0.103095	0.080593	0.063002
0.0514	10.45	0.916036	0.115820	0.105188	0.095532
0.0514	10.82	0.916036	0.174076	0.157876	0.143184
0.0514	11.18	0.916036	0.249724	0.217979	0.190270
0.0514	11.55	0.916036	0.332249	0.271280	0.221499
0.0514	11.92	0.916036	0.401701	0.305568	0.232441
0.0514	12.29	0.916036	0.491953	0.292568	0.173992
0.0514	12.65	0.916036	0.498440	0.303509	0.184812
0.0514	13.02	0.916036	0.525900	0.296877	0.167591
0.0514	13.39	0.916036	0.616427	0.263365	0.112521
0.0514	13.76	0.916036	0.594152	0.297991	0.149454
0.0514	14.12	0.916036	0.642888	0.262047	0.106812
0.0514	14.49	0.916036	0.578264	0.313452	0.169909
0.0514	14.86	0.916036	0.614135	0.297502	0.144118
0.0514	15.22	0.916036	0.591737	0.312631	0.165171
0.0514	15.59	0.916036	0.653509	0.283643	0.123110
0.0514	15.96	0.916036	0.622838	0.298145	0.142719
0.0514	16.33	0.916036	0.609693	0.309516	0.157129
0.0514	16.69	0.916036	0.602871	0.314786	0.164364
0.0514	17.06	0.916036	0.612611	0.310944	0.157827
0.0514	17.43	0.916036	0.593805	0.318028	0.170329
0.0514	17.80	0.916036	0.579346	0.321746	0.178685
0.0514	18.16	0.916036	0.603725	0.310614	0.159810
0.0514	18.53	0.916036	0.621744	0.302197	0.146882
0.0514	18.90	0.916036	0.617660	0.312253	0.157857
0.0514	19.27	0.916036	0.628744	0.306059	0.148983
0.0514	19.63	0.916036	0.617747	0.308092	0.153657
0.0514	20.00	0.916036	0.592064	0.316983	0.169708
0.0514	20.37	0.916036	0.610731	0.309968	0.157320
0.0514	20.73	0.916036	0.592247	0.307531	0.159689
0.0514	21.10	0.916036	0.603696	0.307825	0.156960
0.0514	21.47	0.916036	0.636984	0.305156	0.146190
0.0514	21.84	0.916036	0.603458	0.312051	0.161363
0.0514	22.20	0.916036	0.585167	0.310561	0.164821
0.0514	22.57	0.916036	0.646294	0.304972	0.143909
0.0514	22.94	0.916036	0.591436	0.322753	0.176130
0.0514	23.31	0.916036	0.608003	0.312522	0.160640
0.0514	23.67	0.916036	0.603896	0.319608	0.169151
0.0514	24.04	0.916036	0.623161	0.315331	0.159563
0.0514	24.41	0.916036	0.632662	0.310173	0.152068
0.0514	24.78	0.916036	0.624548	0.312237	0.156100
0.0514	25.14	0.916036	0.611196	0.312961	0.160250
0.0514	25.51	0.916036	0.621912	0.309908	0.154431
0.0514	25.88	0.916036	0.612440	0.313481	0.160458
0.0514	26.24	0.916036	0.602777	0.317040	0.166752
0.0514	26.61	0.916036	0.633754	0.304949	0.146735
0.0514	26.98	0.916036	0.629364	0.307052	0.149804
0.0514	27.35	0.916036	0.624146	0.308604	0.152587
0.0514	27.71	0.916036	0.630073	0.306816	0.149405
0.0514	28.08	0.916036	0.630427	0.306661	0.149171
0.0514	28.45	0.916036	0.620792	0.311352	0.156156
0.0514	28.82	0.916036	0.562201	0.317797	0.179642
0.0514	29.18	0.916036	0.580927	0.316587	0.172530
0.0514	29.55	0.916036	0.543252	0.323894	0.193110
0.0514	29.92	0.916036	0.575170	0.315848	0.173444
0.0629	2.00	0.890374	0.053851	0.003172	0.000187
0.0629	2.37	0.890374	0.053609	0.003140	0.000184
0.0629	2.73	0.890374	0.053405	0.003099	0.000180
0.0629	3.10	0.890374	0.053405	0.003099	0.000180
0.0629	3.47	0.890374	0.053230	0.003052	0.000175
0.0629	3.84	0.890374	0.053230	0.003052	0.000175
0.0629	4.20	0.890374	0.053230	0.003052	0.000175
0.0629	4.57	0.890374	0.053609	0.003140	0.000184
0.0629	4.94	0.890374	0.053609	0.003140	0.000184
0.0629	5.31	0.890374	0.053609	0.003140	0.000184
0.0629	5.67	0.890374	0.052548	0.002758	0.000145
0.0629	6.04	0.890374	0.053953	0.003179	0.000187
0.0629	6.41	0.890374	0.053432	0.003105	0.000180
0.0629	6.78	0.890374	0.053973	0.003793	0.000267
0.0629	7.14	0.890374	0.054978	0.003703	0.000249
0.0629	7.51	0.890374	0.055202	0.004246	0.000327
0.0629	7.88	0.890374	0.055732	0.006329	0.000719
0.0629	8.24	0.890374	0.058033	0.009704	0.001623
0.0629	8.61	0.890374	0.056794	0.009715	0.001662
0.0629	8.98	0.890374	0.060382	0.017385	0.005005
0.0629	9.35	0.890374	0.059652	0.012863	0.002773
0.0629	9.71	0.890374	0.060737	0.014392	0.003410
0.0629	10.08	0.890374	0.062816	0.016280	0.004219
0.0629	10.45	0.890374	0.064331	0.016759	0.004366
0.0629	10.82	0.890374	0.070159	0.027279	0.010607
0.0629	11.18	0.890374	0.074045	0.036209	0.017707
0.0629	11.55	0.890374	0.096815	0.067305	0.046790
0.0629	11.92	0.890374	0.104299	0.074692	0.053490
0.0629	12.29	0.890374	0.105904	0.074205	0.051994
0.0629	12.65	0.890374	0.109961	0.087236	0.069208
0.0629	13.02	0.890374	0.102295	0.076799	0.057658
0.0629	13.39	0.890374	0.104608	0.084282	0.067904
0.0629	13.76	0.890374	0.131080	0.098907	0.074630
0.0629	14.12	0.890374	0.155585	0.129828	0.108335
0.0629	14.49	0.890374	0.160310	0.135628	0.114746
0.0629	14.86	0.890374	0.211164	0.175605	0.146033
0.0629	15.22	0.890374	0.196258	0.170857	0.148743
0.0629	15.59	0.890374	0.233970	0.178208	0.135736
0.0629	15.96	0.890374	0.242548	0.190166	0.149096
0.0629	16.33	0.890374	0.248320	0.174216	0.122225
0.0629	16.69	0.890374	0.275500	0.172672	0.108223
0.0629	17.06	0.890374	0.276986	0.183663	0.121782
0.0629	17.43	0.890374	0.299538	0.185094	0.114375
0.0629	17.80	0.890374	0.310828	0.185542	0.110755
0.0629	18.16	0.890374	0.326964	0.184219	0.103793
0.0629	18.53	0.890374	0.344552	0.170782	0.084650
0.0629	18.90	0.890374	0.354364	0.175257	0.086677
0.0629	19.27	0.890374	0.367304	0.192256	0.100631
0.0629	19.63	0.890374	0.363234	0.189481	0.098842
0.0629	20.00	0.890374	0.370862	0.178955	0.086353
0.0629	20.37	0.890374	0.382420	0.189092	0.093499
0.0629	20.73	0.890374	0.399839	0.185025	0.085620
0.0629	21.10	0.890374	0.405962	0.207134	0.105686
0.0629	21.47	0.890374	0.413305	0.215937	0.112819
0.0629	21.84	0.890374	0.446056	0.207042	0.096101
0.0629	22.20	0.890374	0.425137	0.209590	0.103327
0.0629	22.57	0.890374	0.455882	0.213319	0.099818
0.0629	22.94	0.890374	0.407551	0.205961	0.104085
0.0629	23.31	0.890374	0.428782	0.211326	0.104153
0.0629	23.67	0.890374	0.422505	0.211566	0.105940
0.0629	24.04	0.890374	0.461733	0.221278	0.106044
0.0629	24.41	0.890374	0.459579	0.223779	0.108963
0.0629	24.78	0.890374	0.453098	0.214805	0.101835
0.0629	25.14	0.890374	0.472753	0.227768	0.109736
0.0629	25.51	0.890374	0.454835	0.227331	0.113623
0.0629	25.88	0.890374	0.486067	0.224047	0.103272
0.0629	26.24	0.890374	0.527151	0.213340	0.086340
0.0629	26.61	0.890374	0.498308	0.218686	0.095972
0.0629	26.98	0.890374	0.582213	0.207961	0.074282
0.0629	27.35	0.890374	0.537580	0.226203	0.095182
0.0629	27.71	0.890374	0.580313	0.207120	0.073923
0.0629	28.08	0.890374	0.519058	0.228545	0.100630
0.0629	28.45	0.890374	0.545072	0.235098	0.101402
0.0629	28.82	0.890374	0.502799	0.231293	0.106397
0.0629	29.18	0.890374	0.516550	0.233116	0.105204
0.0629	29.55	0.890374	0.486863	0.211531	0.091906
0.0629	29.92	0.890374	0.492062	0.203260	0.083963
0.0743	2.00	0.868586	0.061376	0.006523	0.000693
0.0743	2.37	0.868586	0.061084	0.006385	0.000667
0.0743	2.73	0.868586	0.061728	0.006007	0.000585
0.0743	3.10	0.868586	0.059683	0.007350	0.000905
0.0743	3.47	0.868586	0.060317	0.009629	0.001537
0.0743	3.84	0.868586	0.060317	0.007512	0.000936
0.0743	4.20	0.868586	0.060714	0.009449	0.001471
0.0743	4.57	0.868586	0.060504	0.009205	0.001401
0.0743	4.94	0.868586	0.060119	0.007314	0.000890
0.0743	5.31	0.868586	0.061587	0.009754	0.001545
0.0743	5.67	0.868586	0.059944	0.009103	0.001382
0.0743	6.04	0.868586	0.060504	0.009205	0.001401
0.0743	6.41	0.868586	0.059864	0.008387	0.001175
0.0743	6.78	0.868586	0.059524	0.004124	0.000286
0.0743	7.14	0.868586	0.061905	0.006148	0.000611
0.0743	7.51	0.868586	0.059740	0.004242	0.000301
0.0743	7.88	0.868586	0.060606	0.004581	0.000346
0.0743	8.24	0.868586	0.059864	0.004302	0.000309
0.0743	8.61	0.868586	0.059384	0.004040	0.000275
0.0743	8.98	0.868586	0.060173	0.006664	0.000738
0.0743	9.35	0.868586	0.063333	0.008123	0.001042
0.0743	9.71	0.868586	0.065714	0.010389	0.001643
0.0743	10.08	0.868586	0.065839	0.009693	0.001427
0.0743	10.45	0.868586	0.065934	0.009856	0.001473
0.0743	10.82	0.868586	0.063659	0.010273	0.001658
0.0743	11.18	0.868586	0.066270	0.014927	0.003362
0.0743	11.55	0.868586	0.066667	0.014068	0.002968
0.0743	11.92	0.868586	0.070295	0.014835	0.003131
0.0743	12.29	0.868586	0.070194	0.016218	0.003747
0.0743	12.65	0.868586	0.071429	0.021523	0.006485
0.0743	13.02	0.868586	0.078648	0.023943	0.007289
0.0743	13.39	0.868586	0.073571	0.023132	0.007273
0.0743	13.76	0.868586	0.076190	0.027024	0.009585
0.0743	14.12	0.868586	0.077019	0.028971	0.010897
0.0743	14.49	0.868586	0.083238	0.032594	0.012763
0.0743	14.86	0.868586	0.109179	0.051238	0.024046
0.0743	15.22	0.868586	0.108181	0.046281	0.019800
0.0743	15.59	0.868586	0.116639	0.058269	0.029109
0.0743	15.96	0.868586	0.139153	0.071526	0.036765
0.0743	16.33	0.868586	0.147487	0.071745	0.034901
0.0743	16.69	0.868586	0.153836	0.075437	0.036992
0.0743	17.06	0.868586	0.167053	0.083837	0.042075
0.0743	17.43	0.868586	0.167223	0.090448	0.048922
0.0743	17.80	0.868586	0.196327	0.101907	0.052896
0.0743	18.16	0.868586	0.203340	0.104483	0.053687
0.0743	18.53	0.868586	0.235547	0.112698	0.053921
0.0743	18.90	0.868586	0.165667	0.082127	0.040713
0.0743	19.27	0.868586	0.180357	0.084520	0.039608
0.0743	19.63	0.868586	0.196120	0.099344	0.050323
0.0743	20.00	0.868586	0.210204	0.096721	0.044504
0.0743	20.37	0.868586	0.220998	0.117350	0.062313
0.0743	20.73	0.868586	0.232669	0.113986	0.055842
0.0743	21.10	0.868586	0.248571	0.119936	0.057869
0.0743	21.47	0.868586	0.264668	0.124317	0.058393
0.0743	21.84	0.868586	0.261451	0.140904	0.075938
0.0743	22.20	0.868586	0.276304	0.134627	0.065596
0.0743	22.57	0.868586	0.314921	0.141631	0.063697
0.0743	22.94	0.868586	0.410635	0.165863	0.066995
0.0743	23.31	0.868586	0.404911	0.138822	0.047594
0.0743	23.67	0.868586	0.412054	0.158044	0.060618
0.0743	24.04	0.868586	0.461501	0.162529	0.057238
0.0743	24.41	0.868586	0.420387	0.173760	0.071820
0.0743	24.78	0.868586	0.469683	0.166966	0.059354
0.0743	25.14	0.868586	0.454801	0.164494	0.059495
0.0743	25.51	0.868586	0.511779	0.176807	0.061083
0.0743	25.88	0.868586	0.491398	0.190111	0.073550
0.0743	26.24	0.868586	0.557056	0.158512	0.045105
0.0743	26.61	0.868586	0.540017	0.190426	0.067150
0.0743	26.98	0.868586	0.443122	0.203701	0.093640
0.0743	27.35	0.868586	0.452317	0.220417	0.107411
0.0743	27.71	0.868586	0.471148	0.211422	0.094873
0.0743	28.08	0.868586	0.510245	0.219756	0.094646
0.0743	28.45	0.868586	0.534945	0.218863	0.089544
0.0743	28.82	0.868586	0.522930	0.228332	0.099698
0.0743	29.18	0.868586	0.527031	0.234662	0.104484
0.0743	29.55	0.868586	0.541321	0.248811	0.114362
0.0743	29.92	0.868586	0.538901	0.253450	0.119200
0.0857	2.00	0.866343	0.056911	0.000000	0.000000
0.0857	2.37	0.866343	0.056911	0.000000	0.000000
0.0857	2.73	0.866343	0.056911	0.000000	0.000000
0.0857	3.10	0.866343	0.056911	0.000000	0.000000
0.0857	3.47	0.866343	0.056911	0.000000	0.000000
0.0857	3.84	0.866343	0.056911	0.000000	0.000000
0.0857	4.20	0.866343	0.056911	0.000000	0.000000
0.0857	4.57	0.866343	0.058537	0.003252	0.000181
0.0857	4.94	0.866343	0.058943	0.003520	0.000210
0.0857	5.31	0.866343	0.058266	0.003030	0.000158
0.0857	5.67	0.866343	0.056911	0.000000	0.000000
0.0857	6.04	0.866343	0.056911	0.000000	0.000000
0.0857	6.41	0.866343	0.056911	0.000000	0.000000
0.0857	6.78	0.866343	0.056911	0.000000	0.000000
0.0857	7.14	0.866343	0.056911	0.000000	0.000000
0.0857	7.51	0.866343	0.056911	0.000000	0.000000
0.0857	7.88	0.866343	0.056911	0.000000	0.000000
0.0857	8.24	0.866343	0.058266	0.003030	0.000158
0.0857	8.61	0.866343	0.059233	0.003673	0.000228
0.0857	8.98	0.866343	0.065041	0.014657	0.003303
0.0857	9.35	0.866343	0.064302	0.014062	0.003075
0.0857	9.71	0.866343	0.075203	0.026785	0.009540
0.0857	10.08	0.866343	0.076298	0.029836	0.011667
0.0857	10.45	0.866343	0.086561	0.040883	0.019309
0.0857	10.82	0.866343	0.092426	0.062321	0.042021
0.0857	11.18	0.866343	0.081978	0.038200	0.017800
0.0857	11.55	0.866343	0.095453	0.066293	0.046041
0.0857	11.92	0.866343	0.098323	0.066683	0.045224
0.0857	12.29	0.866343	0.125247	0.085738	0.058692
0.0857	12.65	0.866343	0.133469	0.085083	0.054238
0.0857	13.02	0.866343	0.131744	0.101509	0.078213
0.0857	13.39	0.866343	0.160650	0.120364	0.090181
0.0857	13.76	0.866343	0.117585	0.072477	0.044673
0.0857	14.12	0.866343	0.130440	0.100954	0.078133
0.0857	14.49	0.866343	0.150937	0.107915	0.077156
0.0857	14.86	0.866343	0.176678	0.118089	0.078929
0.0857	15.22	0.866343	0.207071	0.139511	0.093994
0.0857	15.59	0.866343	0.268153	0.172448	0.110901
0.0857	15.96	0.866343	0.254262	0.171412	0.115558
0.0857	16.33	0.866343	0.307038	0.194064	0.122659
0.0857	16.69	0.866343	0.341188	0.195689	0.112238
0.0857	17.06	0.866343	0.382114	0.216836	0.123047
0.0857	17.43	0.866343	0.408103	0.214440	0.112678
0.0857	17.80	0.866343	0.483740	0.244533	0.123612
0.0857	18.16	0.866343	0.501150	0.251024	0.125737
0.0857	18.53	0.866343	0.523195	0.251380	0.120781
0.0857	18.90	0.866343	0.526197	0.246411	0.115391
0.0857	19.27	0.866343	0.545307	0.247836	0.112639
0.0857	19.63	0.866343	0.499786	0.267360	0.143024
0.0857	20.00	0.866343	0.564890	0.253441	0.113707
0.0857	20.37	0.866343	0.573171	0.249011	0.108182
0.0857	20.73	0.866343	0.608780	0.243678	0.097538
0.0857	21.10	0.866343	0.599750	0.260400	0.113061
0.0857	21.47	0.866343	0.528055	0.228760	0.099102
0.0857	21.84	0.866343	0.582605	0.205191	0.072267
0.0857	22.20	0.866343	0.562427	0.221792	0.087463
0.0857	22.57	0.866343	0.541959	0.223398	0.092086
0.0857	22.94	0.866343	0.560562	0.228313	0.092990
0.0857	23.31	0.866343	0.573924	0.226205	0.089156
0.0857	23.67	0.866343	0.569961	0.235552	0.097348
0.0857	24.04	0.866343	0.578107	0.246682	0.105261
0.0857	24.41	0.866343	0.615541	0.223838	0.081397
0.0857	24.78	0.866343	0.730599	0.236196	0.076360
0.0857	25.14	0.866343	0.744375	0.216706	0.063088
0.0857	25.51	0.866343	0.721409	0.250401	0.086914
0.0857	25.88	0.866343	0.769261	0.204271	0.054243
0.0857	26.24	0.866343	0.751065	0.231766	0.071519
0.0857	26.61	0.866343	0.715447	0.245367	0.084150
0.0857	26.98	0.866343	0.749858	0.229765	0.070403
0.0857	27.35	0.866343	0.733740	0.236619	0.076306
0.0857	27.71	0.866343	0.799390	0.195261	0.047695
0.0857	28.08	0.866343	0.754330	0.229972	0.070111
0.0857	28.45	0.866343	0.783324	0.181209	0.041920
0.0857	28.82	0.866343	0.787879	0.198835	0.050179
0.0857	29.18	0.866343	0.754291	0.221268	0.064908
0.0857	29.55	0.866343	0.767923	0.221579	0.063935
0.0857	29.92	0.866343	0.738108	0.241823	0.079228
0.0971	2.00	0.839783	0.000000	0.000000	0.000000
0.0971	2.37	0.839783	0.000000	0.000000	0.000000
0.0971	2.73	0.839783	0.000000	0.000000	0.000000
0.0971	3.10	0.839783	0.000000	0.000000	0.000000
0.0971	3.47	0.839783	0.000000	0.000000	0.000000
0.0971	3.84	0.839783	0.000000	0.000000	0.000000
0.0971	4.20	0.839783	0.000000	0.000000	0.000000
0.0971	4.57	0.839783	0.000000	0.000000	0.000000
0.0971	4.94	0.839783	0.000000	0.000000	0.000000
0.0971	5.31	0.839783	0.000000	0.000000	0.000000
0.0971	5.67	0.839783	0.000000	0.000000	0.000000
0.0971	6.04	0.839783	0.000000	0.000000	0.000000
0.0971	6.41	0.839783	0.000000	0.000000	0.000000
0.0971	6.78	0.839783	0.000000	0.000000	0.000000
0.0971	7.14	0.839783	0.000000	0.000000	0.000000
0.0971	7.51	0.839783	0.062305	0.000000	0.000000
0.0971	7.88	0.839783	0.065421	0.000000	0.000000
0.0971	8.24	0.839783	0.065421	0.000000	0.000000
0.0971	8.61	0.839783	0.060748	0.004673	0.000359
0.0971	8.98	0.839783	0.059190	0.004406	0.000328
0.0971	9.35	0.839783	0.062825	0.007719	0.000948
0.0971	9.71	0.839783	0.063640	0.009399	0.001388
0.0971	10.08	0.839783	0.059190	0.005396	0.000492
0.0971	10.45	0.839783	0.066311	0.021820	0.007180
0.0971	10.82	0.839783	0.064330	0.009865	0.001513
0.0971	11.18	0.839783	0.069129	0.019576	0.005544
0.0971	11.55	0.839783	0.073988	0.021849	0.006452
0.0971	11.92	0.839783	0.084735	0.035502	0.014875
0.0971	12.29	0.839783	0.087601	0.030169	0.010390
0.0971	12.65	0.839783	0.089910	0.037029	0.015250
0.0971	13.02	0.839783	0.103640	0.046513	0.020875
0.0971	13.39	0.839783	0.116026	0.053819	0.024964
0.0971	13.76	0.839783	0.137072	0.062801	0.028773
0.0971	14.12	0.839783	0.148494	0.063385	0.027056
0.0971	14.49	0.839783	0.161447	0.076110	0.035880
0.0971	14.86	0.839783	0.177419	0.091671	0.047366
0.0971	15.22	0.839783	0.185759	0.098481	0.052210
0.0971	15.59	0.839783	0.183262	0.089868	0.044070
0.0971	15.96	0.839783	0.203715	0.101567	0.050638
0.0971	16.33	0.839783	0.216207	0.110194	0.056163
0.0971	16.69	0.839783	0.235008	0.110469	0.051927
0.0971	17.06	0.839783	0.242911	0.109986	0.049800
0.0971	17.43	0.839783	0.251501	0.112182	0.050039
0.0971	17.80	0.839783	0.252868	0.102274	0.041365
0.0971	18.16	0.839783	0.276143	0.109398	0.043340
0.0971	18.53	0.839783	0.279614	0.119933	0.051442
0.0971	18.90	0.839783	0.283223	0.126837	0.056802
0.0971	19.27	0.839783	0.265068	0.121895	0.056055
0.0971	19.63	0.839783	0.256667	0.115756	0.052206
0.0971	20.00	0.839783	0.286001	0.118149	0.048808
0.0971	20.37	0.839783	0.287743	0.105426	0.038627
0.0971	20.73	0.839783	0.292973	0.132107	0.059570
0.0971	21.10	0.839783	0.330256	0.140216	0.059531
0.0971	21.47	0.839783	0.302213	0.111879	0.041418
0.0971	21.84	0.839783	0.339984	0.120750	0.042886
0.0971	22.20	0.839783	0.338234	0.135374	0.054182
0.0971	22.57	0.839783	0.334497	0.135203	0.054649
0.0971	22.94	0.839783	0.330086	0.112303	0.038208
0.0971	23.31	0.839783	0.339266	0.131754	0.051167
0.0971	23.67	0.839783	0.336700	0.142896	0.060645
0.0971	24.04	0.839783	0.335304	0.125929	0.047294
0.0971	24.41	0.839783	0.371531	0.146553	0.057809
0.0971	24.78	0.839783	0.367006	0.144794	0.057125
0.0971	25.14	0.839783	0.433401	0.143681	0.047633
0.0971	25.51	0.839783	0.441179	0.132671	0.039897
0.0971	25.88	0.839783	0.444834	0.154184	0.053442
0.0971	26.24	0.839783	0.420995	0.134296	0.042840
0.0971	26.61	0.839783	0.435787	0.119311	0.032665
0.0971	26.98	0.839783	0.402461	0.139663	0.048466
0.0971	27.35	0.839783	0.390303	0.146968	0.055341
0.0971	27.71	0.839783	0.392089	0.146555	0.054780
0.0971	28.08	0.839783	0.391848	0.149519	0.057053
0.0971	28.45	0.839783	0.394786	0.128107	0.041571
0.0971	28.82	0.839783	0.408138	0.147916	0.053607
0.0971	29.18	0.839783	0.408100	0.128601	0.040525
0.0971	29.55	0.839783	0.417186	0.156444	0.058666
0.0971	29.92	0.839783	0.431137	0.145031	0.048787
0.1086	2.00	0.802446	0.056884	0.002239	0.000088
0.1086	2.37	0.802446	0.056884	0.002239	0.000088
0.1086	2.73	0.802446	0.055430	0.001959	0.000069
0.1086	3.10	0.802446	0.056884	0.002239	0.000088
0.1086	3.47	0.802446	0.056238	0.002239	0.000089
0.1086	3.84	0.802446	0.055995	0.002191	0.000086
0.1086	4.20	0.802446	0.056884	0.002239	0.000088
0.1086	4.57	0.802446	0.058824	0.003695	0.000232
0.1086	4.94	0.802446	0.055430	0.001959	0.000069
0.1086	5.31	0.802446	0.056561	0.002262	0.000090
0.1086	5.67	0.802446	0.055807	0.002133	0.000082
0.1086	6.04	0.802446	0.056561	0.003456	0.000211
0.1086	6.41	0.802446	0.056561	0.003200	0.000181
0.1086	6.78	0.802446	0.055995	0.003149	0.000177
0.1086	7.14	0.802446	0.055430	0.001959	0.000069
0.1086	7.51	0.802446	0.055807	0.002133	0.000082
0.1086	7.88	0.802446	0.058824	0.000000	0.000000
0.1086	8.24	0.802446	0.057315	0.002133	0.000079
0.1086	8.61	0.802446	0.057919	0.003386	0.000198
0.1086	8.98	0.802446	0.056109	0.003620	0.000234
0.1086	9.35	0.802446	0.056109	0.003620	0.000234
0.1086	9.71	0.802446	0.055591	0.003167	0.000180
0.1086	10.08	0.802446	0.056238	0.003296	0.000193
0.1086	10.45	0.802446	0.058824	0.004525	0.000348
0.1086	10.82	0.802446	0.060633	0.004614	0.000351
0.1086	11.18	0.802446	0.062217	0.004931	0.000391
0.1086	11.55	0.802446	0.058001	0.005038	0.000438
0.1086	11.92	0.802446	0.057466	0.004072	0.000289
0.1086	12.29	0.802446	0.065611	0.013575	0.002809
0.1086	12.65	0.802446	0.063995	0.014260	0.003178
0.1086	13.02	0.802446	0.066742	0.013282	0.002643
0.1086	13.39	0.802446	0.069118	0.014732	0.003140
0.1086	13.76	0.802446	0.069313	0.017197	0.004267
0.1086	14.12	0.802446	0.072398	0.022150	0.006777
0.1086	14.49	0.802446	0.079147	0.021937	0.006080
0.1086	14.86	0.802446	0.082884	0.027751	0.009292
0.1086	15.22	0.802446	0.089252	0.030152	0.010186
0.1086	15.59	0.802446	0.091523	0.033403	0.012191
0.1086	15.96	0.802446	0.093583	0.036072	0.013904
0.1086	16.33	0.802446	0.095079	0.040342	0.017117
0.1086	16.69	0.802446	0.107514	0.053832	0.026953
0.1086	17.06	0.802446	0.098600	0.041103	0.017134
0.1086	17.43	0.802446	0.112814	0.048446	0.020805
0.1086	17.80	0.802446	0.126125	0.057453	0.026171
0.1086	18.16	0.802446	0.140324	0.073237	0.038223
0.1086	18.53	0.802446	0.138993	0.072128	0.037430
0.1086	18.90	0.802446	0.162142	0.083974	0.043490
0.1086	19.27	0.802446	0.209653	0.123237	0.072441
0.1086	19.63	0.802446	0.226190	0.127404	0.071761
0.1086	20.00	0.802446	0.248925	0.141672	0.080631
0.1086	20.37	0.802446	0.259637	0.154385	0.091800
0.1086	20.73	0.802446	0.279209	0.157370	0.088699
0.1086	21.10	0.802446	0.292025	0.173603	0.103204
0.1086	21.47	0.802446	0.311159	0.170501	0.093427
0.1086	21.84	0.802446	0.340773	0.179705	0.094767
0.1086	22.20	0.802446	0.224845	0.104230	0.048317
0.1086	22.57	0.802446	0.238152	0.110932	0.051672
0.1086	22.94	0.802446	0.238631	0.120345	0.060692
0.1086	23.31	0.802446	0.250393	0.124316	0.061721
0.1086	23.67	0.802446	0.254327	0.125345	0.061776
0.1086	24.04	0.802446	0.269712	0.128014	0.060760
0.1086	24.41	0.802446	0.289015	0.131356	0.059701
0.1086	24.78	0.802446	0.331877	0.182354	0.100197
0.1086	25.14	0.802446	0.334344	0.186586	0.104127
0.1086	25.51	0.802446	0.358097	0.186980	0.097632
0.1086	25.88	0.802446	0.344637	0.193623	0.108780
0.1086	26.24	0.802446	0.378474	0.195919	0.101419
0.1086	26.61	0.802446	0.379062	0.199205	0.104686
0.1086	26.98	0.802446	0.417321	0.188208	0.084880
0.1086	27.35	0.802446	0.390180	0.208663	0.111590
0.1086	27.71	0.802446	0.405659	0.189715	0.088724
0.1086	28.08	0.802446	0.405114	0.200999	0.099727
0.1086	28.45	0.802446	0.434992	0.199658	0.091642
0.1086	28.82	0.802446	0.432567	0.194605	0.087550
0.1086	29.18	0.802446	0.423106	0.211032	0.105256
0.1086	29.55	0.802446	0.450640	0.207204	0.095272
0.1086	29.92	0.802446	0.453222	0.205680	0.093341
0.1200	2.00	0.788116	0.000000	0.000000	0.000000
0.1200	2.37	0.788116	0.000000	0.000000	0.000000
0.1200	2.73	0.788116	0.000000	0.000000	0.000000
0.1200	3.10	0.788116	0.000000	0.000000	0.000000
0.1200	3.47	0.788116	0.000000	0.000000	0.000000
0.1200	3.84	0.788116	0.000000	0.000000	0.000000
0.1200	4.20	0.788116	0.000000	0.000000	0.000000
0.1200	4.57	0.788116	0.000000	0.000000	0.000000
0.1200	4.94	0.788116	0.000000	0.000000	0.000000
0.1200	5.31	0.788116	0.000000	0.000000	0.000000
0.1200	5.67	0.788116	0.000000	0.000000	0.000000
0.1200	6.04	0.788116	0.000000	0.000000	0.000000
0.1200	6.41	0.788116	0.000000	0.000000	0.000000
0.1200	6.78	0.788116	0.000000	0.000000	0.000000
0.1200	7.14	0.788116	0.000000	0.000000	0.000000
0.1200	7.51	0.788116	0.000000	0.000000	0.000000
0.1200	7.88	0.788116	0.051913	0.000000	0.000000
0.1200	8.24	0.788116	0.051913	0.000000	0.000000
0.1200	8.61	0.788116	0.000000	0.000000	0.000000
0.1200	8.98	0.788116	0.000000	0.000000	0.000000
0.1200	9.35	0.788116	0.000000	0.000000	0.000000
0.1200	9.71	0.788116	0.000000	0.000000	0.000000
0.1200	10.08	0.788116	0.000000	0.000000	0.000000
0.1200	10.45	0.788116	0.051913	0.000000	0.000000
0.1200	10.82	0.788116	0.054645	0.000000	0.000000
0.1200	11.18	0.788116	0.060109	0.000000	0.000000
0.1200	11.55	0.788116	0.062842	0.000000	0.000000
0.1200	11.92	0.788116	0.060109	0.002732	0.000124
0.1200	12.29	0.788116	0.054645	0.000000	0.000000
0.1200	12.65	0.788116	0.053279	0.001366	0.000035
0.1200	13.02	0.788116	0.063037	0.009984	0.001581
0.1200	13.39	0.788116	0.064359	0.012983	0.002619
0.1200	13.76	0.788116	0.066868	0.014110	0.002977
0.1200	14.12	0.788116	0.068891	0.014593	0.003091
0.1200	14.49	0.788116	0.072367	0.016969	0.003979
0.1200	14.86	0.788116	0.077797	0.021031	0.005685
0.1200	15.22	0.788116	0.081440	0.024574	0.007415
0.1200	15.59	0.788116	0.082987	0.030904	0.011509
0.1200	15.96	0.788116	0.089936	0.034295	0.013077
0.1200	16.33	0.788116	0.097126	0.034617	0.012338
0.1200	16.69	0.788116	0.103894	0.045956	0.020328
0.1200	17.06	0.788116	0.108368	0.046059	0.019576
0.1200	17.43	0.788116	0.105942	0.043982	0.018259
0.1200	17.80	0.788116	0.114677	0.047598	0.019756
0.1200	18.16	0.788116	0.121105	0.054676	0.024685
0.1200	18.53	0.788116	0.126272	0.057602	0.026276
0.1200	18.90	0.788116	0.140988	0.063144	0.028280
0.1200	19.27	0.788116	0.142955	0.066660	0.031083
0.1200	19.63	0.788116	0.152585	0.071183	0.033208
0.1200	20.00	0.788116	0.151937	0.074798	0.036823
0.1200	20.37	0.788116	0.168005	0.075296	0.033746
0.1200	20.73	0.788116	0.168071	0.083150	0.041137
0.1200	21.10	0.788116	0.169990	0.083202	0.040724
0.1200	21.47	0.788116	0.180744	0.085067	0.040037
0.1200	21.84	0.788116	0.189671	0.086044	0.039034
0.1200	22.20	0.788116	0.203421	0.083300	0.034111
0.1200	22.57	0.788116	0.192940	0.073809	0.028235
0.1200	22.94	0.788116	0.208051	0.087535	0.036829
0.1200	23.31	0.788116	0.207303	0.093557	0.042222
0.1200	23.67	0.788116	0.214101	0.092870	0.040284
0.1200	24.04	0.788116	0.218405	0.082185	0.030926
0.1200	24.41	0.788116	0.234741	0.088641	0.033472
0.1200	24.78	0.788116	0.238530	0.091323	0.034964
0.1200	25.14	0.788116	0.236573	0.089665	0.033985
0.1200	25.51	0.788116	0.213032	0.104377	0.051140
0.1200	25.88	0.788116	0.219157	0.099908	0.045545
0.1200	26.24	0.788116	0.214952	0.101443	0.047874
0.1200	26.61	0.788116	0.222545	0.106031	0.050518
0.1200	26.98	0.788116	0.228659	0.113940	0.056776
0.1200	27.35	0.788116	0.225910	0.099597	0.043909
0.1200	27.71	0.788116	0.219847	0.091768	0.038305
0.1200	28.08	0.788116	0.226336	0.104172	0.047945
0.1200	28.45	0.788116	0.234267	0.105933	0.047902
0.1200	28.82	0.788116	0.235463	0.098077	0.040851
0.1200	29.18	0.788116	0.298415	0.134873	0.060958
0.1200	29.55	0.788116	0.318933	0.142751	0.063894
0.1200	29.92	0.788116	0.285622	0.121626	0.051792
0.1314	2.00	0.786730	0.053333	0.000000	0.000000
0.1314	2.37	0.786730	0.053333	0.000000	0.000000
0.1314	2.73	0.786730	0.053333	0.000000	0.000000
0.1314	3.10	0.786730	0.053333	0.000000	0.000000
0.1314	3.47	0.786730	0.000000	0.000000	0.000000
0.1314	3.84	0.786730	0.000000	0.000000	0.000000
0.1314	4.20	0.786730	0.053333	0.000000	0.000000
0.1314	4.57	0.786730	0.000000	0.000000	0.000000
0.1314	4.94	0.786730	0.000000	0.000000	0.000000
0.1314	5.31	0.786730	0.000000	0.000000	0.000000
0.1314	5.67	0.786730	0.055556	0.003849	0.000267
0.1314	6.04	0.786730	0.054603	0.003110	0.000177
0.1314	6.41	0.786730	0.056667	0.003685	0.000240
0.1314	6.78	0.786730	0.055556	0.003395	0.000207
0.1314	7.14	0.786730	0.056296	0.003313	0.000195
0.1314	7.51	0.786730	0.057037	0.003054	0.000164
0.1314	7.88	0.786730	0.058889	0.001925	0.000063
0.1314	8.24	0.786730	0.057037	0.003054	0.000164
0.1314	8.61	0.786730	0.053333	0.000000	0.000000
0.1314	8.98	0.786730	0.053333	0.000000	0.000000
0.1314	9.35	0.786730	0.053333	0.000000	0.000000
0.1314	9.71	0.786730	0.060000	0.002222	0.000082
0.1314	10.08	0.786730	0.060000	0.006667	0.000741
0.1314	10.45	0.786730	0.056889	0.005183	0.000472
0.1314	10.82	0.786730	0.057778	0.005622	0.000547
0.1314	11.18	0.786730	0.060000	0.007370	0.000905
0.1314	11.55	0.786730	0.060171	0.008471	0.001193
0.1314	11.92	0.786730	0.059517	0.007266	0.000887
0.1314	12.29	0.786730	0.060870	0.008334	0.001141
0.1314	12.65	0.786730	0.065021	0.011799	0.002141
0.1314	13.02	0.786730	0.065859	0.014074	0.003008
0.1314	13.39	0.786730	0.067901	0.015595	0.003582
0.1314	13.76	0.786730	0.068934	0.017621	0.004504
0.1314	14.12	0.786730	0.076944	0.025598	0.008516
0.1314	14.49	0.786730	0.078436	0.024777	0.007827
0.1314	14.86	0.786730	0.072737	0.022465	0.006938
0.1314	15.22	0.786730	0.073543	0.023748	0.007668
0.1314	15.59	0.786730	0.080085	0.032724	0.013371
0.1314	15.96	0.786730	0.084882	0.037512	0.016578
0.1314	16.33	0.786730	0.086702	0.039712	0.018189
0.1314	16.69	0.786730	0.091313	0.045074	0.022250
0.1314	17.06	0.786730	0.100213	0.049573	0.024523
0.1314	17.43	0.786730	0.102111	0.047858	0.022430
0.1314	17.80	0.786730	0.109142	0.058201	0.031037
0.1314	18.16	0.786730	0.137561	0.073889	0.039688
0.1314	18.53	0.786730	0.145661	0.080802	0.044823
0.1314	18.90	0.786730	0.152705	0.079722	0.041620
0.1314	19.27	0.786730	0.161698	0.082775	0.042373
0.1314	19.63	0.786730	0.176654	0.091149	0.047031
0.1314	20.00	0.786730	0.182272	0.095574	0.050115
0.1314	20.37	0.786730	0.185329	0.100291	0.054273
0.1314	20.73	0.786730	0.185699	0.100445	0.054331
0.1314	21.10	0.786730	0.210909	0.122343	0.070968
0.1314	21.47	0.786730	0.232052	0.131174	0.074150
0.1314	21.84	0.786730	0.233788	0.128319	0.070430
0.1314	22.20	0.786730	0.249431	0.135438	0.073542
0.1314	22.57	0.786730	0.237323	0.137524	0.079693
0.1314	22.94	0.786730	0.236599	0.135996	0.078170
0.1314	23.31	0.786730	0.259192	0.140756	0.076438
0.1314	23.67	0.786730	0.238280	0.140630	0.082999
0.1314	24.04	0.786730	0.249338	0.135886	0.074056
0.1314	24.41	0.786730	0.246667	0.138225	0.077457
0.1314	24.78	0.786730	0.260215	0.151316	0.087990
0.1314	25.14	0.786730	0.257686	0.148720	0.085832
0.1314	25.51	0.786730	0.317127	0.148067	0.069132
0.1314	25.88	0.786730	0.296557	0.153307	0.079254
0.1314	26.24	0.786730	0.301423	0.141901	0.066803
0.1314	26.61	0.786730	0.315556	0.150249	0.071540
0.1314	26.98	0.786730	0.320460	0.160038	0.079924
0.1314	27.35	0.786730	0.317020	0.157782	0.078528
0.1314	27.71	0.786730	0.327626	0.159224	0.077381
0.1314	28.08	0.786730	0.306572	0.176065	0.101115
0.1314	28.45	0.786730	0.320094	0.167596	0.087751
0.1314	28.82	0.786730	0.316070	0.165175	0.086319
0.1314	29.18	0.786730	0.326212	0.169514	0.088087
0.1314	29.55	0.786730	0.318413	0.157366	0.077773
0.1314	29.92	0.786730	0.335092	0.159103	0.075543
0.1429	2.00	0.798851	0.053589	0.001914	0.000068
0.1429	2.37	0.798851	0.054545	0.002344	0.000101
0.1429	2.73	0.798851	0.055024	0.002392	0.000104
0.1429	3.10	0.798851	0.054545	0.002344	0.000101
0.1429	3.47	0.798851	0.054545	0.002344	0.000101
0.1429	3.84	0.798851	0.054545	0.002344	0.000101
0.1429	4.20	0.798851	0.054545	0.002344	0.000101
0.1429	4.57	0.798851	0.054545	0.002344	0.000101
0.1429	4.94	0.798851	0.052632	0.000000	0.000000
0.1429	5.31	0.798851	0.052632	0.000000	0.000000
0.1429	5.67	0.798851	0.052632	0.000000	0.000000
0.1429	6.04	0.798851	0.052632	0.000000	0.000000
0.1429	6.41	0.798851	0.052632	0.000000	0.000000
0.1429	6.78	0.798851	0.052632	0.000000	0.000000
0.1429	7.14	0.798851	0.052632	0.000000	0.000000
0.1429	7.51	0.798851	0.052632	0.000000	0.000000
0.1429	7.88	0.798851	0.056619	0.005106	0.000460
0.1429	8.24	0.798851	0.076555	0.000000	0.000000
0.1429	8.61	0.798851	0.064593	0.011962	0.002215
0.1429	8.98	0.798851	0.057416	0.009569	0.001595
0.1429	9.35	0.798851	0.058612	0.010359	0.001831
0.1429	9.71	0.798851	0.062201	0.013533	0.002944
0.1429	10.08	0.798851	0.059809	0.011962	0.002392
0.1429	10.45	0.798851	0.059467	0.011106	0.002074
0.1429	10.82	0.798851	0.057895	0.009910	0.001696
0.1429	11.18	0.798851	0.066986	0.009078	0.001230
0.1429	11.55	0.798851	0.069856	0.013051	0.002438
0.1429	11.92	0.798851	0.071770	0.016575	0.003828
0.1429	12.29	0.798851	0.063158	0.014638	0.003393
0.1429	12.65	0.798851	0.064216	0.017447	0.004740
0.1429	13.02	0.798851	0.069474	0.021994	0.006963
0.1429	13.39	0.798851	0.071322	0.025158	0.008874
0.1429	13.76	0.798851	0.071770	0.022684	0.007169
0.1429	14.12	0.798851	0.075574	0.027114	0.009728
0.1429	14.49	0.798851	0.069050	0.017984	0.004684
0.1429	14.86	0.798851	0.072539	0.019262	0.005115
0.1429	15.22	0.798851	0.077291	0.024844	0.007986
0.1429	15.59	0.798851	0.080935	0.029063	0.010436
0.1429	15.96	0.798851	0.088038	0.031341	0.011157
0.1429	16.33	0.798851	0.096239	0.040003	0.016627
0.1429	16.69	0.798851	0.106138	0.049115	0.022727
0.1429	17.06	0.798851	0.110048	0.053299	0.025814
0.1429	17.43	0.798851	0.134520	0.067985	0.034359
0.1429	17.80	0.798851	0.143232	0.075655	0.039961
0.1429	18.16	0.798851	0.173899	0.093332	0.050092
0.1429	18.53	0.798851	0.194072	0.105248	0.057077
0.1429	18.90	0.798851	0.191718	0.096151	0.048222
0.1429	19.27	0.798851	0.199117	0.100093	0.050315
0.1429	19.63	0.798851	0.221784	0.095015	0.040706
0.1429	20.00	0.798851	0.253211	0.123265	0.060007
0.1429	20.37	0.798851	0.238289	0.118399	0.058829
0.1429	20.73	0.798851	0.245287	0.137375	0.076938
0.1429	21.10	0.798851	0.273672	0.131009	0.062715
0.1429	21.47	0.798851	0.302073	0.136694	0.061857
0.1429	21.84	0.798851	0.293242	0.144568	0.071272
0.1429	22.20	0.798851	0.328571	0.137017	0.057137
0.1429	22.57	0.798851	0.350622	0.151347	0.065329
0.1429	22.94	0.798851	0.345492	0.157665	0.071950
0.1429	23.31	0.798851	0.453505	0.198914	0.087246
0.1429	23.67	0.798851	0.434942	0.204091	0.095767
0.1429	24.04	0.798851	0.455844	0.202436	0.089900
0.1429	24.41	0.798851	0.479629	0.196845	0.080787
0.1429	24.78	0.798851	0.474447	0.196664	0.081520
0.1429	25.14	0.798851	0.502468	0.203907	0.082748
0.1429	25.51	0.798851	0.498695	0.208210	0.086930
0.1429	25.88	0.798851	0.483320	0.201651	0.084133
0.1429	26.24	0.798851	0.463829	0.164355	0.058238
0.1429	26.61	0.798851	0.471056	0.168843	0.060520
0.1429	26.98	0.798851	0.470322	0.173317	0.063869
0.1429	27.35	0.798851	0.471938	0.184077	0.071798
0.1429	27.71	0.798851	0.473684	0.178861	0.067537
0.1429	28.08	0.798851	0.484288	0.183908	0.069839
0.1429	28.45	0.798851	0.488712	0.179052	0.065601
0.1429	28.82	0.798851	0.510414	0.229415	0.103115
0.1429	29.18	0.798851	0.526166	0.205809	0.080502
0.1429	29.55	0.798851	0.525874	0.215218	0.088080
0.1429	29.92	0.798851	0.518721	0.214838	0.088979
0.1543	2.00	0.769090	0.053381	0.000000	0.000000
0.1543	2.37	0.769090	0.053381	0.000000	0.000000
0.1543	2.73	0.769090	0.053381	0.000000	0.000000
0.1543	3.10	0.769090	0.053381	0.000000	0.000000
0.1543	3.47	0.769090	0.053381	0.000000	0.000000
0.1543	3.84	0.769090	0.053381	0.000000	0.000000
0.1543	4.20	0.769090	0.056940	0.000000	0.000000
0.1543	4.57	0.769090	0.056940	0.000000	0.000000
0.1543	4.94	0.769090	0.000000	0.000000	0.000000
0.1543	5.31	0.769090	0.000000	0.000000	0.000000
0.1543	5.67	0.769090	0.000000	0.000000	0.000000
0.1543	6.04	0.769090	0.000000	0.000000	0.000000
0.1543	6.41	0.769090	0.000000	0.000000	0.000000
0.1543	6.78	0.769090	0.000000	0.000000	0.000000
0.1543	7.14	0.769090	0.055414	0.002592	0.000121
0.1543	7.51	0.769090	0.054906	0.002592	0.000122
0.1543	7.88	0.769090	0.054804	0.001743	0.000055
0.1543	8.24	0.769090	0.054567	0.001678	0.000052
0.1543	8.61	0.769090	0.055023	0.002654	0.000128
0.1543	8.98	0.769090	0.056940	0.003055	0.000164
0.1543	9.35	0.769090	0.057177	0.003998	0.000280
0.1543	9.71	0.769090	0.067616	0.007117	0.000749
0.1543	10.08	0.769090	0.090154	0.029250	0.009490
0.1543	10.45	0.769090	0.082740	0.036325	0.015947
0.1543	10.82	0.769090	0.078292	0.031487	0.012663
0.1543	11.18	0.769090	0.084816	0.031990	0.012066
0.1543	11.55	0.769090	0.077936	0.031768	0.012950
0.1543	11.92	0.769090	0.087443	0.035959	0.014788
0.1543	12.29	0.769090	0.072437	0.029116	0.011703
0.1543	12.65	0.769090	0.073439	0.029199	0.011610
0.1543	13.02	0.769090	0.083206	0.034555	0.014350
0.1543	13.39	0.769090	0.086415	0.037769	0.016508
0.1543	13.76	0.769090	0.094205	0.040070	0.017043
0.1543	14.12	0.769090	0.102718	0.045498	0.020153
0.1543	14.49	0.769090	0.108103	0.047633	0.020988
0.1543	14.86	0.769090	0.111399	0.046832	0.019688
0.1543	15.22	0.769090	0.119449	0.050041	0.020963
0.1543	15.59	0.769090	0.119875	0.051317	0.021968
0.1543	15.96	0.769090	0.135509	0.062864	0.029163
0.1543	16.33	0.769090	0.143458	0.063604	0.028200
0.1543	16.69	0.769090	0.157866	0.068995	0.030154
0.1543	17.06	0.769090	0.175959	0.069830	0.027713
0.1543	17.43	0.769090	0.194970	0.086691	0.038546
0.1543	17.80	0.769090	0.189103	0.087119	0.040135
0.1543	18.16	0.769090	0.205176	0.086416	0.036397
0.1543	18.53	0.769090	0.225458	0.099702	0.044090
0.1543	18.90	0.769090	0.230704	0.108944	0.051446
0.1543	19.27	0.769090	0.232858	0.108661	0.050706
0.1543	19.63	0.769090	0.240494	0.107563	0.048109
0.1543	20.00	0.769090	0.272582	0.120914	0.053636
0.1543	20.37	0.769090	0.295113	0.127019	0.054670
0.1543	20.73	0.769090	0.303508	0.129111	0.054923
0.1543	21.10	0.769090	0.298732	0.137179	0.062993
0.1543	21.47	0.769090	0.285072	0.120857	0.051238
0.1543	21.84	0.769090	0.287619	0.120280	0.050300
0.1543	22.20	0.769090	0.323626	0.127354	0.050116
0.1543	22.57	0.769090	0.322671	0.126347	0.049473
0.1543	22.94	0.769090	0.332384	0.118315	0.042115
0.1543	23.31	0.769090	0.322380	0.115954	0.041707
0.1543	23.67	0.769090	0.306248	0.138657	0.062778
0.1543	24.04	0.769090	0.322845	0.141836	0.062313
0.1543	24.41	0.769090	0.329244	0.140962	0.060351
0.1543	24.78	0.769090	0.347349	0.140813	0.057085
0.1543	25.14	0.769090	0.338896	0.146902	0.063678
0.1543	25.51	0.769090	0.356436	0.146740	0.060411
0.1543	25.88	0.769090	0.354920	0.161838	0.073795
0.1543	26.24	0.769090	0.357894	0.147289	0.060615
0.1543	26.61	0.769090	0.352798	0.151121	0.064733
0.1543	26.98	0.769090	0.370530	0.162145	0.070955
0.1543	27.35	0.769090	0.370190	0.158265	0.067662
0.1543	27.71	0.769090	0.371679	0.151554	0.061797
0.1543	28.08	0.769090	0.406652	0.162149	0.064656
0.1543	28.45	0.769090	0.415611	0.157707	0.059843
0.1543	28.82	0.769090	0.424414	0.154800	0.056461
0.1543	29.18	0.769090	0.410501	0.167684	0.068497
0.1543	29.55	0.769090	0.406820	0.169203	0.070374
0.1543	29.92	0.769090	0.444352	0.162510	0.059434
0.1657	2.00	0.746308	0.000000	0.000000	0.000000
0.1657	2.37	0.746308	0.000000	0.000000	0.000000
0.1657	2.73	0.746308	0.000000	0.000000	0.000000
0.1657	3.10	0.746308	0.000000	0.000000	0.000000
0.1657	3.47	0.746308	0.000000	0.000000	0.000000
0.1657	3.84	0.746308	0.055556	0.003416	0.000210
0.1657	4.20	0.746308	0.055556	0.003416	0.000210
0.1657	4.57	0.746308	0.056591	0.004977	0.000438
0.1657	4.94	0.746308	0.056159	0.004793	0.000409
0.1657	5.31	0.746308	0.055287	0.003309	0.000198
0.1657	5.67	0.746308	0.055901	0.003519	0.000222
0.1657	6.04	0.746308	0.055556	0.003416	0.000210
0.1657	6.41	0.746308	0.055556	0.003416	0.000210
0.1657	6.78	0.746308	0.053140	0.000000	0.000000
0.1657	7.14	0.746308	0.054106	0.001932	0.000069
0.1657	7.51	0.746308	0.053140	0.000000	0.000000
0.1657	7.88	0.746308	0.053945	0.001800	0.000060
0.1657	8.24	0.746308	0.053140	0.000000	0.000000
0.1657	8.61	0.746308	0.053140	0.000000	0.000000
0.1657	8.98	0.746308	0.054952	0.004793	0.000418
0.1657	9.35	0.746308	0.054214	0.003036	0.000170
0.1657	9.71	0.746308	0.053140	0.000000	0.000000
0.1657	10.08	0.746308	0.053140	0.000000	0.000000
0.1657	10.45	0.746308	0.053140	0.000000	0.000000
0.1657	10.82	0.746308	0.053140	0.000000	0.000000
0.1657	11.18	0.746308	0.054348	0.002092	0.000081
0.1657	11.55	0.746308	0.053830	0.001690	0.000053
0.1657	11.92	0.746308	0.055210	0.003519	0.000224
0.1657	12.29	0.746308	0.056159	0.003362	0.000201
0.1657	12.65	0.746308	0.057729	0.007242	0.000909
0.1657	13.02	0.746308	0.059651	0.010034	0.001688
0.1657	13.39	0.746308	0.060559	0.010448	0.001803
0.1657	13.76	0.746308	0.062284	0.011132	0.001990
0.1657	14.12	0.746308	0.063939	0.014543	0.003308
0.1657	14.49	0.746308	0.063194	0.011584	0.002124
0.1657	14.86	0.746308	0.066849	0.014493	0.003142
0.1657	15.22	0.746308	0.065378	0.014815	0.003357
0.1657	15.59	0.746308	0.067633	0.014233	0.002995
0.1657	15.96	0.746308	0.070420	0.016501	0.003867
0.1657	16.33	0.746308	0.069973	0.016427	0.003856
0.1657	16.69	0.746308	0.073950	0.020212	0.005524
0.1657	17.06	0.746308	0.077483	0.022504	0.006536
0.1657	17.43	0.746308	0.082534	0.028675	0.009962
0.1657	17.80	0.746308	0.089950	0.026871	0.008027
0.1657	18.16	0.746308	0.089983	0.030826	0.010560
0.1657	18.53	0.746308	0.095136	0.039397	0.016315
0.1657	18.90	0.746308	0.102529	0.046492	0.021082
0.1657	19.27	0.746308	0.105362	0.051357	0.025033
0.1657	19.63	0.746308	0.112106	0.050975	0.023178
0.1657	20.00	0.746308	0.127652	0.063991	0.032079
0.1657	20.37	0.746308	0.138685	0.062445	0.028117
0.1657	20.73	0.746308	0.138261	0.065504	0.031034
0.1657	21.10	0.746308	0.145716	0.073241	0.036813
0.1657	21.47	0.746308	0.160771	0.077926	0.037771
0.1657	21.84	0.746308	0.146727	0.062458	0.026587
0.1657	22.20	0.746308	0.157691	0.074191	0.034905
0.1657	22.57	0.746308	0.165523	0.087907	0.046686
0.1657	22.94	0.746308	0.171347	0.090751	0.048065
0.1657	23.31	0.746308	0.170615	0.083616	0.040979
0.1657	23.67	0.746308	0.184302	0.098167	0.052288
0.1657	24.04	0.746308	0.204704	0.091598	0.040987
0.1657	24.41	0.746308	0.258569	0.117720	0.053595
0.1657	24.78	0.746308	0.251921	0.127297	0.064324
0.1657	25.14	0.746308	0.268864	0.141349	0.074311
0.1657	25.51	0.746308	0.272407	0.126868	0.059086
0.1657	25.88	0.746308	0.287204	0.137799	0.066115
0.1657	26.24	0.746308	0.298920	0.150885	0.076162
0.1657	26.61	0.746308	0.316189	0.140058	0.062040
0.1657	26.98	0.746308	0.315836	0.169623	0.091097
0.1657	27.35	0.746308	0.275911	0.131775	0.062935
0.1657	27.71	0.746308	0.288187	0.136018	0.064198
0.1657	28.08	0.746308	0.312322	0.143850	0.066254
0.1657	28.45	0.746308	0.315407	0.135810	0.058478
0.1657	28.82	0.746308	0.284261	0.126833	0.056591
0.1657	29.18	0.746308	0.307100	0.139344	0.063226
0.1657	29.55	0.746308	0.312978	0.127233	0.051723
0.1657	29.92	0.746308	0.351285	0.165006	0.077507
0.1771	2.00	0.751312	0.054299	0.000000	0.000000
0.1771	2.37	0.751312	0.054299	0.000000	0.000000
0.1771	2.73	0.751312	0.054299	0.000000	0.000000
0.1771	3.10	0.751312	0.054299	0.000000	0.000000
0.1771	3.47	0.751312	0.054299	0.000000	0.000000
0.1771	3.84	0.751312	0.054299	0.000000	0.000000
0.1771	4.20	0.751312	0.000000	0.000000	0.000000
0.1771	4.57	0.751312	0.000000	0.000000	0.000000
0.1771	4.94	0.751312	0.000000	0.000000	0.000000
0.1771	5.31	0.751312	0.054299	0.000000	0.000000
0.1771	5.67	0.751312	0.000000	0.000000	0.000000
0.1771	6.04	0.751312	0.000000	0.000000	0.000000
0.1771	6.41	0.751312	0.000000	0.000000	0.000000
0.1771	6.78	0.751312	0.000000	0.000000	0.000000
0.1771	7.14	0.751312	0.056561	0.002262	0.000090
0.1771	7.51	0.751312	0.060332	0.007691	0.000980
0.1771	7.88	0.751312	0.059470	0.007427	0.000927
0.1771	8.24	0.751312	0.058824	0.007648	0.000994
0.1771	8.61	0.751312	0.059389	0.008597	0.001244
0.1771	8.98	0.751312	0.062343	0.007625	0.000933
0.1771	9.35	0.751312	0.063725	0.014482	0.003291
0.1771	9.71	0.751312	0.060763	0.009631	0.001527
0.1771	10.08	0.751312	0.060633	0.007889	0.001027
0.1771	10.45	0.751312	0.061652	0.006764	0.000742
0.1771	10.82	0.751312	0.068376	0.012150	0.002159
0.1771	11.18	0.751312	0.066742	0.009621	0.001387
0.1771	11.55	0.751312	0.068843	0.014829	0.003194
0.1771	11.92	0.751312	0.071067	0.016260	0.003720
0.1771	12.29	0.751312	0.072132	0.016164	0.003622
0.1771	12.65	0.751312	0.066616	0.015293	0.003511
0.1771	13.02	0.751312	0.069054	0.022613	0.007405
0.1771	13.39	0.751312	0.073790	0.024553	0.008170
0.1771	13.76	0.751312	0.075080	0.026819	0.009580
0.1771	14.12	0.751312	0.076923	0.025696	0.008584
0.1771	14.49	0.751312	0.078391	0.026553	0.008994
0.1771	14.86	0.751312	0.091601	0.033022	0.011904
0.1771	15.22	0.751312	0.087424	0.033190	0.012601
0.1771	15.59	0.751312	0.107304	0.046590	0.020228
0.1771	15.96	0.751312	0.112527	0.049281	0.021582
0.1771	16.33	0.751312	0.127431	0.055573	0.024236
0.1771	16.69	0.751312	0.140063	0.063663	0.028937
0.1771	17.06	0.751312	0.146348	0.067864	0.031470
0.1771	17.43	0.751312	0.163571	0.064312	0.025286
0.1771	17.80	0.751312	0.186296	0.077999	0.032657
0.1771	18.16	0.751312	0.185055	0.079537	0.034185
0.1771	18.53	0.751312	0.203382	0.106222	0.055477
0.1771	18.90	0.751312	0.231163	0.109008	0.051405
0.1771	19.27	0.751312	0.234037	0.117691	0.059184
0.1771	19.63	0.751312	0.251754	0.128589	0.065680
0.1771	20.00	0.751312	0.249434	0.128833	0.066543
0.1771	20.37	0.751312	0.256109	0.131696	0.067721
0.1771	20.73	0.751312	0.288062	0.133405	0.061782
0.1771	21.10	0.751312	0.280862	0.141756	0.071547
0.1771	21.47	0.751312	0.265623	0.120309	0.054492
0.1771	21.84	0.751312	0.287833	0.118738	0.048983
0.1771	22.20	0.751312	0.300006	0.119151	0.047322
0.1771	22.57	0.751312	0.292549	0.125337	0.053699
0.1771	22.94	0.751312	0.298023	0.136458	0.062481
0.1771	23.31	0.751312	0.300250	0.128178	0.054720
0.1771	23.67	0.751312	0.315378	0.134365	0.057245
0.1771	24.04	0.751312	0.346433	0.161716	0.075489
0.1771	24.41	0.751312	0.329553	0.168489	0.086143
0.1771	24.78	0.751312	0.329447	0.162648	0.080299
0.1771	25.14	0.751312	0.344784	0.174930	0.088752
0.1771	25.51	0.751312	0.355535	0.178298	0.089415
0.1771	25.88	0.751312	0.343832	0.179073	0.093264
0.1771	26.24	0.751312	0.366760	0.185384	0.093705
0.1771	26.61	0.751312	0.336953	0.150430	0.067158
0.1771	26.98	0.751312	0.323278	0.144837	0.064890
0.1771	27.35	0.751312	0.353995	0.158757	0.071198
0.1771	27.71	0.751312	0.334613	0.156425	0.073126
0.1771	28.08	0.751312	0.351393	0.164318	0.076838
0.1771	28.45	0.751312	0.363017	0.159643	0.070206
0.1771	28.82	0.751312	0.388397	0.163223	0.068594
0.1771	29.18	0.751312	0.340249	0.168516	0.083461
0.1771	29.55	0.751312	0.332790	0.175282	0.092322
0.1771	29.92	0.751312	0.334585	0.180898	0.097805
0.1886	2.00	0.750384	0.000000	0.000000	0.000000
0.1886	2.37	0.750384	0.000000	0.000000	0.000000
0.1886	2.73	0.750384	0.000000	0.000000	0.000000
0.1886	3.10	0.750384	0.000000	0.000000	0.000000
0.1886	3.47	0.750384	0.000000	0.000000	0.000000
0.1886	3.84	0.750384	0.000000	0.000000	0.000000
0.1886	4.20	0.750384	0.000000	0.000000	0.000000
0.1886	4.57	0.750384	0.000000	0.000000	0.000000
0.1886	4.94	0.750384	0.000000	0.000000	0.000000
0.1886	5.31	0.750384	0.000000	0.000000	0.000000
0.1886	5.67	0.750384	0.000000	0.000000	0.000000
0.1886	6.04	0.750384	0.000000	0.000000	0.000000
0.1886	6.41	0.750384	0.000000	0.000000	0.000000
0.1886	6.78	0.750384	0.000000	0.000000	0.000000
0.1886	7.14	0.750384	0.000000	0.000000	0.000000
0.1886	7.51	0.750384	0.057586	0.004144	0.000298
0.1886	7.88	0.750384	0.057309	0.004316	0.000325
0.1886	8.24	0.750384	0.056478	0.004698	0.000391
0.1886	8.61	0.750384	0.055648	0.002755	0.000136
0.1886	8.98	0.750384	0.058140	0.001661	0.000047
0.1886	9.35	0.750384	0.059801	0.003322	0.000185
0.1886	9.71	0.750384	0.058970	0.003620	0.000222
0.1886	10.08	0.750384	0.055371	0.001566	0.000044
0.1886	10.45	0.750384	0.057586	0.003132	0.000170
0.1886	10.82	0.750384	0.058140	0.003714	0.000237
0.1886	11.18	0.750384	0.058693	0.001566	0.000042
0.1886	11.55	0.750384	0.064230	0.003132	0.000153
0.1886	11.92	0.750384	0.063123	0.008470	0.001137
0.1886	12.29	0.750384	0.062708	0.008858	0.001251
0.1886	12.65	0.750384	0.057428	0.003856	0.000259
0.1886	13.02	0.750384	0.057101	0.004106	0.000295
0.1886	13.39	0.750384	0.058227	0.004086	0.000287
0.1886	13.76	0.750384	0.061031	0.008441	0.001167
0.1886	14.12	0.750384	0.062791	0.009133	0.001328
0.1886	14.49	0.750384	0.062697	0.011804	0.002222
0.1886	14.86	0.750384	0.066734	0.015222	0.003472
0.1886	15.22	0.750384	0.069465	0.017105	0.004212
0.1886	15.59	0.750384	0.070396	0.016410	0.003825
0.1886	15.96	0.750384	0.075623	0.021462	0.006091
0.1886	16.33	0.750384	0.079399	0.023608	0.007019
0.1886	16.69	0.750384	0.086776	0.033968	0.013297
0.1886	17.06	0.750384	0.089163	0.037208	0.015527
0.1886	17.43	0.750384	0.086722	0.031738	0.011616
0.1886	17.80	0.750384	0.097540	0.039231	0.015779
0.1886	18.16	0.750384	0.105924	0.046182	0.020135
0.1886	18.53	0.750384	0.120908	0.049168	0.019994
0.1886	18.90	0.750384	0.130649	0.057988	0.025738
0.1886	19.27	0.750384	0.135690	0.066819	0.032904
0.1886	19.63	0.750384	0.147523	0.076264	0.039426
0.1886	20.00	0.750384	0.190346	0.082104	0.035415
0.1886	20.37	0.750384	0.196926	0.091582	0.042591
0.1886	20.73	0.750384	0.211156	0.092646	0.040649
0.1886	21.10	0.750384	0.237700	0.104488	0.045931
0.1886	21.47	0.750384	0.233830	0.102991	0.045363
0.1886	21.84	0.750384	0.259957	0.124695	0.059814
0.1886	22.20	0.750384	0.263402	0.129474	0.063643
0.1886	22.57	0.750384	0.291374	0.129225	0.057311
0.1886	22.94	0.750384	0.297402	0.137746	0.063799
0.1886	23.31	0.750384	0.323721	0.149136	0.068706
0.1886	23.67	0.750384	0.323214	0.158652	0.077875
0.1886	24.04	0.750384	0.346793	0.154952	0.069235
0.1886	24.41	0.750384	0.408379	0.189807	0.088219
0.1886	24.78	0.750384	0.385422	0.193355	0.097000
0.1886	25.14	0.750384	0.395226	0.185123	0.086711
0.1886	25.51	0.750384	0.424738	0.187173	0.082483
0.1886	25.88	0.750384	0.420185	0.191518	0.087292
0.1886	26.24	0.750384	0.447599	0.205279	0.094145
0.1886	26.61	0.750384	0.459718	0.197259	0.084641
0.1886	26.98	0.750384	0.521488	0.174441	0.058352
0.1886	27.35	0.750384	0.481490	0.194086	0.078235
0.1886	27.71	0.750384	0.505374	0.189608	0.071138
0.1886	28.08	0.750384	0.499928	0.199992	0.080005
0.1886	28.45	0.750384	0.451199	0.187611	0.078010
0.1886	28.82	0.750384	0.495872	0.192913	0.075051
0.1886	29.18	0.750384	0.504261	0.181377	0.065239
0.1886	29.55	0.750384	0.485465	0.211753	0.092363
0.1886	29.92	0.750384	0.515341	0.209543	0.085202
0.2000	2.00	0.720450	0.000000	0.000000	0.000000
0.2000	2.37	0.720450	0.000000	0.000000	0.000000
0.2000	2.73	0.720450	0.000000	0.000000	0.000000
0.2000	3.10	0.720450	0.000000	0.000000	0.000000
0.2000	3.47	0.720450	0.000000	0.000000	0.000000
0.2000	3.84	0.720450	0.050473	0.000000	0.000000
0.2000	4.20	0.720450	0.000000	0.000000	0.000000
0.2000	4.57	0.720450	0.000000	0.000000	0.000000
0.2000	4.94	0.720450	0.000000	0.000000	0.000000
0.2000	5.31	0.720450	0.000000	0.000000	0.000000
0.2000	5.67	0.720450	0.000000	0.000000	0.000000
0.2000	6.04	0.720450	0.000000	0.000000	0.000000
0.2000	6.41	0.720450	0.000000	0.000000	0.000000
0.2000	6.78	0.720450	0.053628	0.000000	0.000000
0.2000	7.14	0.720450	0.050473	0.000000	0.000000
0.2000	7.51	0.720450	0.050473	0.000000	0.000000
0.2000	7.88	0.720450	0.050473	0.000000	0.000000
0.2000	8.24	0.720450	0.050473	0.000000	0.000000
0.2000	8.61	0.720450	0.050473	0.000000	0.000000
0.2000	8.98	0.720450	0.000000	0.000000	0.000000
0.2000	9.35	0.720450	0.000000	0.000000	0.000000
0.2000	9.71	0.720450	0.050473	0.000000	0.000000
0.2000	10.08	0.720450	0.050473	0.000000	0.000000
0.2000	10.45	0.720450	0.053628	0.003155	0.000186
0.2000	10.82	0.720450	0.052050	0.001577	0.000048
0.2000	11.18	0.720450	0.051525	0.001487	0.000043
0.2000	11.55	0.720450	0.050999	0.001176	0.000027
0.2000	11.92	0.720450	0.052276	0.002298	0.000101
0.2000	12.29	0.720450	0.051374	0.001425	0.000040
0.2000	12.65	0.720450	0.052050	0.002116	0.000086
0.2000	13.02	0.720450	0.055812	0.010672	0.002040
0.2000	13.39	0.720450	0.057308	0.008938	0.001394
0.2000	13.76	0.720450	0.062145	0.012701	0.002596
0.2000	14.12	0.720450	0.061830	0.011904	0.002292
0.2000	14.49	0.720450	0.061034	0.012007	0.002362
0.2000	14.86	0.720450	0.062566	0.011215	0.002010
0.2000	15.22	0.720450	0.062040	0.011835	0.002258
0.2000	15.59	0.720450	0.065359	0.012820	0.002514
0.2000	15.96	0.720450	0.067192	0.014833	0.003275
0.2000	16.33	0.720450	0.071324	0.018033	0.004559
0.2000	16.69	0.720450	0.076354	0.025770	0.008698
0.2000	17.06	0.720450	0.076961	0.027983	0.010175
0.2000	17.43	0.720450	0.077942	0.025976	0.008657
0.2000	17.80	0.720450	0.085123	0.027944	0.009173
0.2000	18.16	0.720450	0.088017	0.031679	0.011402
0.2000	18.53	0.720450	0.088565	0.031960	0.011533
0.2000	18.90	0.720450	0.086002	0.034152	0.013562
0.2000	19.27	0.720450	0.094032	0.034170	0.012417
0.2000	19.63	0.720450	0.096650	0.039343	0.016015
0.2000	20.00	0.720450	0.102599	0.036814	0.013210
0.2000	20.37	0.720450	0.100711	0.041522	0.017119
0.2000	20.73	0.720450	0.113880	0.042088	0.015555
0.2000	21.10	0.720450	0.114978	0.049699	0.021482
0.2000	21.47	0.720450	0.112889	0.047857	0.020288
0.2000	21.84	0.720450	0.126310	0.058390	0.026992
0.2000	22.20	0.720450	0.133705	0.059800	0.026746
0.2000	22.57	0.720450	0.137194	0.060754	0.026903
0.2000	22.94	0.720450	0.143640	0.063892	0.028419
0.2000	23.31	0.720450	0.138026	0.063781	0.029473
0.2000	23.67	0.720450	0.146290	0.062998	0.027130
0.2000	24.04	0.720450	0.155166	0.063639	0.026101
0.2000	24.41	0.720450	0.152582	0.073701	0.035600
0.2000	24.78	0.720450	0.164176	0.070303	0.030105
0.2000	25.14	0.720450	0.169489	0.074700	0.032923
0.2000	25.51	0.720450	0.192528	0.088379	0.040570
0.2000	25.88	0.720450	0.204450	0.086534	0.036626
0.2000	26.24	0.720450	0.202366	0.086297	0.036801
0.2000	26.61	0.720450	0.214051	0.090493	0.038257
0.2000	26.98	0.720450	0.210536	0.089850	0.038345
0.2000	27.35	0.720450	0.208937	0.102084	0.049877
0.2000	27.71	0.720450	0.209636	0.095647	0.043639
0.2000	28.08	0.720450	0.212367	0.097695	0.044942
0.2000	28.45	0.720450	0.205778	0.092421	0.041509
0.2000	28.82	0.720450	0.214065	0.099306	0.046069
0.2000	29.18	0.720450	0.225939	0.095770	0.040594
0.2000	29.55	0.720450	0.226422	0.110280	0.053713
0.2000	29.92	0.720450	0.224434	0.103580	0.047804
0.2114	2.00	0.709106	0.000000	0.000000	0.000000
0.2114	2.37	0.709106	0.000000	0.000000	0.000000
0.2114	2.73	0.709106	0.000000	0.000000	0.000000
0.2114	3.10	0.709106	0.000000	0.000000	0.000000
0.2114	3.47	0.709106	0.054393	0.004184	0.000322
0.2114	3.84	0.709106	0.052301	0.002092	0.000084
0.2114	4.20	0.709106	0.054393	0.004184	0.000322
0.2114	4.57	0.709106	0.052301	0.002092	0.000084
0.2114	4.94	0.709106	0.054393	0.004184	0.000322
0.2114	5.31	0.709106	0.052301	0.002092	0.000084
0.2114	5.67	0.709106	0.052301	0.002092	0.000084
0.2114	6.04	0.709106	0.052301	0.002092	0.000084
0.2114	6.41	0.709106	0.052301	0.002092	0.000084
0.2114	6.78	0.709106	0.051255	0.001812	0.000064
0.2114	7.14	0.709106	0.051604	0.001972	0.000075
0.2114	7.51	0.709106	0.053347	0.001812	0.000062
0.2114	7.88	0.709106	0.053556	0.003131	0.000183
0.2114	8.24	0.709106	0.051883	0.002050	0.000081
0.2114	8.61	0.709106	0.052999	0.003119	0.000184
0.2114	8.98	0.709106	0.052999	0.003119	0.000184
0.2114	9.35	0.709106	0.054393	0.002789	0.000143
0.2114	9.71	0.709106	0.053252	0.003609	0.000245
0.2114	10.08	0.709106	0.054013	0.003765	0.000263
0.2114	10.45	0.709106	0.054774	0.004167	0.000317
0.2114	10.82	0.709106	0.053278	0.003572	0.000240
0.2114	11.18	0.709106	0.053796	0.004707	0.000412
0.2114	11.55	0.709106	0.054393	0.003624	0.000241
0.2114	11.92	0.709106	0.054543	0.005302	0.000515
0.2114	12.29	0.709106	0.054520	0.005687	0.000593
0.2114	12.65	0.709106	0.056665	0.008269	0.001207
0.2114	13.02	0.709106	0.056695	0.007423	0.000972
0.2114	13.39	0.709106	0.060344	0.013849	0.003178
0.2114	13.76	0.709106	0.059945	0.012080	0.002434
0.2114	14.12	0.709106	0.065624	0.018516	0.005225
0.2114	14.49	0.709106	0.067864	0.023876	0.008400
0.2114	14.86	0.709106	0.070386	0.028313	0.011389
0.2114	15.22	0.709106	0.076382	0.031542	0.013025
0.2114	15.59	0.709106	0.081462	0.035825	0.015755
0.2114	15.96	0.709106	0.086015	0.039646	0.018274
0.2114	16.33	0.709106	0.087786	0.041074	0.019218
0.2114	16.69	0.709106	0.090884	0.042516	0.019889
0.2114	17.06	0.709106	0.098263	0.050940	0.026407
0.2114	17.43	0.709106	0.097294	0.049262	0.024943
0.2114	17.80	0.709106	0.108340	0.056358	0.029317
0.2114	18.16	0.709106	0.101030	0.049226	0.023985
0.2114	18.53	0.709106	0.120348	0.061796	0.031731
0.2114	18.90	0.709106	0.122902	0.064010	0.033338
0.2114	19.27	0.709106	0.125372	0.071180	0.040412
0.2114	19.63	0.709106	0.135101	0.072187	0.038570
0.2114	20.00	0.709106	0.136430	0.073926	0.040058
0.2114	20.37	0.709106	0.134356	0.078959	0.046403
0.2114	20.73	0.709106	0.149998	0.086293	0.049644
0.2114	21.10	0.709106	0.144393	0.089429	0.055387
0.2114	21.47	0.709106	0.153504	0.089723	0.052443
0.2114	21.84	0.709106	0.163962	0.096485	0.056777
0.2114	22.20	0.709106	0.176244	0.100588	0.057409
0.2114	22.57	0.709106	0.160829	0.103428	0.066514
0.2114	22.94	0.709106	0.193410	0.113831	0.066995
0.2114	23.31	0.709106	0.208675	0.113797	0.062057
0.2114	23.67	0.709106	0.204763	0.119810	0.070102
0.2114	24.04	0.709106	0.203707	0.117720	0.068029
0.2114	24.41	0.709106	0.220293	0.121384	0.066884
0.2114	24.78	0.709106	0.215583	0.129869	0.078234
0.2114	25.14	0.709106	0.198249	0.124086	0.077667
0.2114	25.51	0.709106	0.208052	0.127788	0.078489
0.2114	25.88	0.709106	0.205463	0.126361	0.077713
0.2114	26.24	0.709106	0.208129	0.125535	0.075718
0.2114	26.61	0.709106	0.213628	0.127185	0.075721
0.2114	26.98	0.709106	0.227075	0.132659	0.077501
0.2114	27.35	0.709106	0.224259	0.133831	0.079867
0.2114	27.71	0.709106	0.226442	0.118939	0.062473
0.2114	28.08	0.709106	0.238830	0.112988	0.053453
0.2114	28.45	0.709106	0.234490	0.110234	0.051821
0.2114	28.82	0.709106	0.242269	0.106915	0.047182
0.2114	29.18	0.709106	0.235569	0.107902	0.049424
0.2114	29.55	0.709106	0.254744	0.111688	0.048968
0.2114	29.92	0.709106	0.246728	0.114139	0.052802
0.2229	2.00	0.699940	0.056886	0.002994	0.000158
0.2229	2.37	0.699940	0.056886	0.002994	0.000158
0.2229	2.73	0.699940	0.056886	0.002994	0.000158
0.2229	3.10	0.699940	0.056886	0.002994	0.000158
0.2229	3.47	0.699940	0.056886	0.002994	0.000158
0.2229	3.84	0.699940	0.055888	0.002823	0.000143
0.2229	4.20	0.699940	0.059880	0.000000	0.000000
0.2229	4.57	0.699940	0.055389	0.002593	0.000121
0.2229	4.94	0.699940	0.055389	0.002593	0.000121
0.2229	5.31	0.699940	0.055389	0.002593	0.000121
0.2229	5.67	0.699940	0.056287	0.002934	0.000153
0.2229	6.04	0.699940	0.055090	0.002395	0.000104
0.2229	6.41	0.699940	0.056886	0.002994	0.000158
0.2229	6.78	0.699940	0.054890	0.002232	0.000091
0.2229	7.14	0.699940	0.056287	0.002934	0.000153
0.2229	7.51	0.699940	0.055603	0.002705	0.000132
0.2229	7.88	0.699940	0.056886	0.004017	0.000284
0.2229	8.24	0.699940	0.056195	0.003742	0.000249
0.2229	8.61	0.699940	0.057385	0.005162	0.000464
0.2229	8.98	0.699940	0.057086	0.005296	0.000491
0.2229	9.35	0.699940	0.060425	0.005389	0.000481
0.2229	9.71	0.699940	0.059880	0.006401	0.000684
0.2229	10.08	0.699940	0.059215	0.007166	0.000867
0.2229	10.45	0.699940	0.060585	0.007080	0.000827
0.2229	10.82	0.699940	0.059360	0.007262	0.000888
0.2229	11.18	0.699940	0.063207	0.012340	0.002409
0.2229	11.55	0.699940	0.063772	0.013157	0.002714
0.2229	11.92	0.699940	0.064621	0.013162	0.002681
0.2229	12.29	0.699940	0.067421	0.016983	0.004278
0.2229	12.65	0.699940	0.066866	0.018751	0.005258
0.2229	13.02	0.699940	0.069743	0.018535	0.004926
0.2229	13.39	0.699940	0.068563	0.019028	0.005281
0.2229	13.76	0.699940	0.072712	0.021374	0.006283
0.2229	14.12	0.699940	0.073174	0.023324	0.007434
0.2229	14.49	0.699940	0.068308	0.014232	0.002965
0.2229	14.86	0.699940	0.071514	0.017054	0.004067
0.2229	15.22	0.699940	0.071533	0.017552	0.004307
0.2229	15.59	0.699940	0.073667	0.018288	0.004540
0.2229	15.96	0.699940	0.080240	0.024463	0.007458
0.2229	16.33	0.699940	0.080769	0.026320	0.008577
0.2229	16.69	0.699940	0.080518	0.025479	0.008062
0.2229	17.06	0.699940	0.084340	0.031441	0.011721
0.2229	17.43	0.699940	0.087689	0.034825	0.013830
0.2229	17.80	0.699940	0.094207	0.037041	0.014564
0.2229	18.16	0.699940	0.098339	0.039420	0.015801
0.2229	18.53	0.699940	0.108352	0.045363	0.018992
0.2229	18.90	0.699940	0.109251	0.048285	0.021340
0.2229	19.27	0.699940	0.111353	0.048817	0.021402
0.2229	19.63	0.699940	0.115972	0.055855	0.026901
0.2229	20.00	0.699940	0.124962	0.057666	0.026611
0.2229	20.37	0.699940	0.140120	0.060778	0.026363
0.2229	20.73	0.699940	0.141519	0.065426	0.030247
0.2229	21.10	0.699940	0.204747	0.105301	0.054156
0.2229	21.47	0.699940	0.217208	0.104177	0.049965
0.2229	21.84	0.699940	0.216051	0.095149	0.041904
0.2229	22.20	0.699940	0.235432	0.109554	0.050979
0.2229	22.57	0.699940	0.268988	0.108460	0.043732
0.2229	22.94	0.699940	0.267415	0.118077	0.052137
0.2229	23.31	0.699940	0.271409	0.115235	0.048926
0.2229	23.67	0.699940	0.286768	0.149440	0.077876
0.2229	24.04	0.699940	0.260365	0.136481	0.071542
0.2229	24.41	0.699940	0.310803	0.142139	0.065004
0.2229	24.78	0.699940	0.308916	0.145634	0.068657
0.2229	25.14	0.699940	0.332983	0.149868	0.067452
0.2229	25.51	0.699940	0.374070	0.156864	0.065780
0.2229	25.88	0.699940	0.374642	0.178368	0.084921
0.2229	26.24	0.699940	0.397176	0.167257	0.070434
0.2229	26.61	0.699940	0.407442	0.165442	0.067178
0.2229	26.98	0.699940	0.432200	0.167117	0.064619
0.2229	27.35	0.699940	0.377246	0.168412	0.075183
0.2229	27.71	0.699940	0.386507	0.166133	0.071409
0.2229	28.08	0.699940	0.405583	0.153812	0.058331
0.2229	28.45	0.699940	0.399278	0.163912	0.067289
0.2229	28.82	0.699940	0.431565	0.165423	0.063409
0.2229	29.18	0.699940	0.448674	0.170182	0.064550
0.2229	29.55	0.699940	0.446773	0.179201	0.071878
0.2229	29.92	0.699940	0.478261	0.184163	0.070915
0.2343	2.00	0.714470	0.056537	0.003534	0.000221
0.2343	2.37	0.714470	0.056537	0.003534	0.000221
0.2343	2.73	0.714470	0.056537	0.003534	0.000221
0.2343	3.10	0.714470	0.056537	0.003534	0.000221
0.2343	3.47	0.714470	0.056537	0.003534	0.000221
0.2343	3.84	0.714470	0.056537	0.003534	0.000221
0.2343	4.20	0.714470	0.000000	0.000000	0.000000
0.2343	4.57	0.714470	0.000000	0.000000	0.000000
0.2343	4.94	0.714470	0.000000	0.000000	0.000000
0.2343	5.31	0.714470	0.000000	0.000000	0.000000
0.2343	5.67	0.714470	0.000000	0.000000	0.000000
0.2343	6.04	0.714470	0.000000	0.000000	0.000000
0.2343	6.41	0.714470	0.000000	0.000000	0.000000
0.2343	6.78	0.714470	0.000000	0.000000	0.000000
0.2343	7.14	0.714470	0.000000	0.000000	0.000000
0.2343	7.51	0.714470	0.000000	0.000000	0.000000
0.2343	7.88	0.714470	0.000000	0.000000	0.000000
0.2343	8.24	0.714470	0.000000	0.000000	0.000000
0.2343	8.61	0.714470	0.000000	0.000000	0.000000
0.2343	8.98	0.714470	0.000000	0.000000	0.000000
0.2343	9.35	0.714470	0.053004	0.000000	0.000000
0.2343	9.71	0.714470	0.055359	0.001666	0.000050
0.2343	10.08	0.714470	0.056537	0.000000	0.000000
0.2343	10.45	0.714470	0.060071	0.006321	0.000665
0.2343	10.82	0.714470	0.061484	0.005289	0.000455
0.2343	11.18	0.714470	0.061080	0.007487	0.000918
0.2343	11.55	0.714470	0.059678	0.006108	0.000625
0.2343	11.92	0.714470	0.057008	0.004053	0.000288
0.2343	12.29	0.714470	0.055875	0.003357	0.000202
0.2343	12.65	0.714470	0.055421	0.003635	0.000238
0.2343	13.02	0.714470	0.055450	0.003766	0.000256
0.2343	13.39	0.714470	0.058487	0.010845	0.002011
0.2343	13.76	0.714470	0.058206	0.010046	0.001734
0.2343	14.12	0.714470	0.066633	0.012157	0.002218
0.2343	14.49	0.714470	0.065601	0.015165	0.003506
0.2343	14.86	0.714470	0.063925	0.014721	0.003390
0.2343	15.22	0.714470	0.064590	0.013007	0.002619
0.2343	15.59	0.714470	0.071724	0.024578	0.008422
0.2343	15.96	0.714470	0.075106	0.024808	0.008194
0.2343	16.33	0.714470	0.080330	0.028363	0.010015
0.2343	16.69	0.714470	0.097320	0.041672	0.017844
0.2343	17.06	0.714470	0.108412	0.045633	0.019208
0.2343	17.43	0.714470	0.111009	0.047272	0.020130
0.2343	17.80	0.714470	0.127576	0.057851	0.026234
0.2343	18.16	0.714470	0.138856	0.062786	0.028389
0.2343	18.53	0.714470	0.144695	0.069084	0.032983
0.2343	18.90	0.714470	0.138644	0.067945	0.033298
0.2343	19.27	0.714470	0.132658	0.060777	0.027845
0.2343	19.63	0.714470	0.164614	0.086663	0.045624
0.2343	20.00	0.714470	0.158922	0.074910	0.035310
0.2343	20.37	0.714470	0.191570	0.104892	0.057433
0.2343	20.73	0.714470	0.192826	0.093475	0.045314
0.2343	21.10	0.714470	0.193997	0.101799	0.053418
0.2343	21.47	0.714470	0.175451	0.085644	0.041806
0.2343	21.84	0.714470	0.197728	0.087023	0.038300
0.2343	22.20	0.714470	0.197957	0.089690	0.040637
0.2343	22.57	0.714470	0.205669	0.093069	0.042115
0.2343	22.94	0.714470	0.218764	0.106643	0.051986
0.2343	23.31	0.714470	0.221194	0.106212	0.051000
0.2343	23.67	0.714470	0.253757	0.118047	0.054915
0.2343	24.04	0.714470	0.283446	0.135803	0.065065
0.2343	24.41	0.714470	0.281670	0.148906	0.078720
0.2343	24.78	0.714470	0.301517	0.142452	0.067302
0.2343	25.14	0.714470	0.294076	0.151987	0.078551
0.2343	25.51	0.714470	0.306886	0.159282	0.082672
0.2343	25.88	0.714470	0.345031	0.162681	0.076704
0.2343	26.24	0.714470	0.325002	0.157242	0.076076
0.2343	26.61	0.714470	0.325171	0.157984	0.076756
0.2343	26.98	0.714470	0.366832	0.143844	0.056405
0.2343	27.35	0.714470	0.382130	0.157955	0.065291
0.2343	27.71	0.714470	0.399783	0.156598	0.061341
0.2343	28.08	0.714470	0.432446	0.186475	0.080410
0.2343	28.45	0.714470	0.414164	0.204595	0.101069
0.2343	28.82	0.714470	0.409797	0.218472	0.116473
0.2343	29.18	0.714470	0.432581	0.206325	0.098410
0.2343	29.55	0.714470	0.445280	0.228854	0.117620
0.2343	29.92	0.714470	0.475819	0.200614	0.084583
0.2457	2.00	0.685748	0.052956	0.001947	0.000072
0.2457	2.37	0.685748	0.052340	0.001508	0.000043
0.2457	2.73	0.685748	0.051724	0.000000	0.000000
0.2457	3.10	0.685748	0.052263	0.001426	0.000039
0.2457	3.47	0.685748	0.052340	0.001508	0.000043
0.2457	3.84	0.685748	0.052340	0.001508	0.000043
0.2457	4.20	0.685748	0.051724	0.000000	0.000000
0.2457	4.57	0.685748	0.051724	0.000000	0.000000
0.2457	4.94	0.685748	0.051724	0.000000	0.000000
0.2457	5.31	0.685748	0.051724	0.000000	0.000000
0.2457	5.67	0.685748	0.051724	0.000000	0.000000
0.2457	6.04	0.685748	0.051724	0.000000	0.000000
0.2457	6.41	0.685748	0.051724	0.000000	0.000000
0.2457	6.78	0.685748	0.051724	0.000000	0.000000
0.2457	7.14	0.685748	0.052956	0.001947	0.000072
0.2457	7.51	0.685748	0.053571	0.002133	0.000085
0.2457	7.88	0.685748	0.053571	0.002133	0.000085
0.2457	8.24	0.685748	0.055316	0.002962	0.000159
0.2457	8.61	0.685748	0.054418	0.003000	0.000165
0.2457	8.98	0.685748	0.054418	0.003694	0.000251
0.2457	9.35	0.685748	0.053683	0.002826	0.000149
0.2457	9.71	0.685748	0.053879	0.002891	0.000155
0.2457	10.08	0.685748	0.054187	0.003140	0.000182
0.2457	10.45	0.685748	0.056573	0.005468	0.000529
0.2457	10.82	0.685748	0.057266	0.006399	0.000715
0.2457	11.18	0.685748	0.056573	0.005468	0.000529
0.2457	11.55	0.685748	0.057471	0.005376	0.000503
0.2457	11.92	0.685748	0.058190	0.005537	0.000527
0.2457	12.29	0.685748	0.059626	0.006304	0.000666
0.2457	12.65	0.685748	0.059077	0.007649	0.000990
0.2457	13.02	0.685748	0.058386	0.004257	0.000310
0.2457	13.39	0.685748	0.058859	0.005802	0.000572
0.2457	13.76	0.685748	0.060475	0.009158	0.001387
0.2457	14.12	0.685748	0.061044	0.009947	0.001621
0.2457	14.49	0.685748	0.062650	0.012168	0.002363
0.2457	14.86	0.685748	0.062452	0.009601	0.001476
0.2457	15.22	0.685748	0.062544	0.010271	0.001687
0.2457	15.59	0.685748	0.067061	0.018599	0.005158
0.2457	15.96	0.685748	0.066144	0.018819	0.005354
0.2457	16.33	0.685748	0.071839	0.020061	0.005602
0.2457	16.69	0.685748	0.071292	0.020317	0.005790
0.2457	17.06	0.685748	0.072765	0.022743	0.007109
0.2457	17.43	0.685748	0.078011	0.023027	0.006797
0.2457	17.80	0.685748	0.080833	0.026527	0.008705
0.2457	18.16	0.685748	0.086037	0.033835	0.013306
0.2457	18.53	0.685748	0.090411	0.040383	0.018038
0.2457	18.90	0.685748	0.092211	0.040243	0.017563
0.2457	19.27	0.685748	0.101566	0.045563	0.020440
0.2457	19.63	0.685748	0.104083	0.046793	0.021037
0.2457	20.00	0.685748	0.102871	0.041775	0.016964
0.2457	20.37	0.685748	0.108439	0.044379	0.018162
0.2457	20.73	0.685748	0.112685	0.046445	0.019143
0.2457	21.10	0.685748	0.123032	0.055895	0.025394
0.2457	21.47	0.685748	0.132313	0.060152	0.027346
0.2457	21.84	0.685748	0.133667	0.065622	0.032216
0.2457	22.20	0.685748	0.134339	0.068804	0.035240
0.2457	22.57	0.685748	0.142845	0.069566	0.033879
0.2457	22.94	0.685748	0.148771	0.079300	0.042269
0.2457	23.31	0.685748	0.166049	0.078281	0.036905
0.2457	23.67	0.685748	0.154967	0.081113	0.042456
0.2457	24.04	0.685748	0.176152	0.086802	0.042773
0.2457	24.41	0.685748	0.180199	0.094002	0.049036
0.2457	24.78	0.685748	0.184406	0.092213	0.046111
0.2457	25.14	0.685748	0.183595	0.091223	0.045326
0.2457	25.51	0.685748	0.185222	0.090123	0.043851
0.2457	25.88	0.685748	0.200714	0.101698	0.051528
0.2457	26.24	0.685748	0.197820	0.098959	0.049504
0.2457	26.61	0.685748	0.207090	0.087392	0.036880
0.2457	26.98	0.685748	0.212725	0.095409	0.042792
0.2457	27.35	0.685748	0.220118	0.090774	0.037434
0.2457	27.71	0.685748	0.233621	0.098606	0.041619
0.2457	28.08	0.685748	0.225417	0.100258	0.044592
0.2457	28.45	0.685748	0.230627	0.099837	0.043219
0.2457	28.82	0.685748	0.244547	0.110973	0.050359
0.2457	29.18	0.685748	0.252469	0.109501	0.047492
0.2457	29.55	0.685748	0.266300	0.131379	0.064815
0.2457	29.92	0.685748	0.278268	0.124259	0.055487
0.2571	2.00	0.699213	0.054293	0.002823	0.000147
0.2571	2.37	0.699213	0.054293	0.002823	0.000147
0.2571	2.73	0.699213	0.054293	0.002823	0.000147
0.2571	3.10	0.699213	0.059809	0.007534	0.000949
0.2571	3.47	0.699213	0.059470	0.007490	0.000943
0.2571	3.84	0.699213	0.058758	0.007809	0.001038
0.2571	4.20	0.699213	0.059410	0.007481	0.000942
0.2571	4.57	0.699213	0.059635	0.008260	0.001144
0.2571	4.94	0.699213	0.059163	0.007796	0.001027
0.2571	5.31	0.699213	0.059313	0.008838	0.001317
0.2571	5.67	0.699213	0.058802	0.008873	0.001339
0.2571	6.04	0.699213	0.059128	0.008234	0.001147
0.2571	6.41	0.699213	0.059163	0.008628	0.001258
0.2571	6.78	0.699213	0.059394	0.008485	0.001212
0.2571	7.14	0.699213	0.060277	0.008789	0.001282
0.2571	7.51	0.699213	0.060262	0.008986	0.001340
0.2571	7.88	0.699213	0.060935	0.009859	0.001595
0.2571	8.24	0.699213	0.060922	0.010135	0.001686
0.2571	8.61	0.699213	0.060606	0.010077	0.001675
0.2571	8.98	0.699213	0.060897	0.009738	0.001557
0.2571	9.35	0.699213	0.060606	0.009671	0.001543
0.2571	9.71	0.699213	0.060101	0.009569	0.001524
0.2571	10.08	0.699213	0.060887	0.009556	0.001500
0.2571	10.45	0.699213	0.061959	0.009930	0.001591
0.2571	10.82	0.699213	0.058171	0.007856	0.001061
0.2571	11.18	0.699213	0.059253	0.008112	0.001111
0.2571	11.55	0.699213	0.060606	0.009583	0.001515
0.2571	11.92	0.699213	0.061584	0.011821	0.002269
0.2571	12.29	0.699213	0.062317	0.011972	0.002300
0.2571	12.65	0.699213	0.063503	0.013123	0.002712
0.2571	13.02	0.699213	0.067959	0.016788	0.004147
0.2571	13.39	0.699213	0.064856	0.014970	0.003455
0.2571	13.76	0.699213	0.064583	0.014767	0.003376
0.2571	14.12	0.699213	0.063249	0.014694	0.003414
0.2571	14.49	0.699213	0.065547	0.013791	0.002902
0.2571	14.86	0.699213	0.066130	0.014402	0.003137
0.2571	15.22	0.699213	0.066986	0.018382	0.005044
0.2571	15.59	0.699213	0.073318	0.019450	0.005159
0.2571	15.96	0.699213	0.073745	0.022056	0.006597
0.2571	16.33	0.699213	0.077107	0.026640	0.009204
0.2571	16.69	0.699213	0.083535	0.030977	0.011487
0.2571	17.06	0.699213	0.082197	0.029852	0.010842
0.2571	17.43	0.699213	0.088477	0.036880	0.015373
0.2571	17.80	0.699213	0.085345	0.035030	0.014378
0.2571	18.16	0.699213	0.089501	0.038013	0.016145
0.2571	18.53	0.699213	0.092740	0.041713	0.018761
0.2571	18.90	0.699213	0.095980	0.043824	0.020010
0.2571	19.27	0.699213	0.104447	0.047747	0.021827
0.2571	19.63	0.699213	0.108276	0.049710	0.022822
0.2571	20.00	0.699213	0.108654	0.050554	0.023522
0.2571	20.37	0.699213	0.116822	0.055031	0.025923
0.2571	20.73	0.699213	0.121079	0.058604	0.028365
0.2571	21.10	0.699213	0.134600	0.067915	0.034268
0.2571	21.47	0.699213	0.145937	0.083943	0.048284
0.2571	21.84	0.699213	0.156466	0.096367	0.059353
0.2571	22.20	0.699213	0.161839	0.094768	0.055494
0.2571	22.57	0.699213	0.162989	0.099130	0.060291
0.2571	22.94	0.699213	0.193735	0.109028	0.061358
0.2571	23.31	0.699213	0.185484	0.110939	0.066353
0.2571	23.67	0.699213	0.194368	0.115421	0.068541
0.2571	24.04	0.699213	0.208772	0.118982	0.067810
0.2571	24.41	0.699213	0.213669	0.131242	0.080613
0.2571	24.78	0.699213	0.283999	0.165872	0.096879
0.2571	25.14	0.699213	0.294296	0.167634	0.095486
0.2571	25.51	0.699213	0.309959	0.165534	0.088404
0.2571	25.88	0.699213	0.305894	0.177504	0.103002
0.2571	26.24	0.699213	0.308111	0.183225	0.108959
0.2571	26.61	0.699213	0.339449	0.178821	0.094203
0.2571	26.98	0.699213	0.343795	0.182204	0.096565
0.2571	27.35	0.699213	0.387677	0.197847	0.100969
0.2571	27.71	0.699213	0.392660	0.200783	0.102668
0.2571	28.08	0.699213	0.440578	0.212679	0.102666
0.2571	28.45	0.699213	0.428260	0.219967	0.112981
0.2571	28.82	0.699213	0.435606	0.251759	0.145504
0.2571	29.18	0.699213	0.437500	0.259044	0.153380
0.2571	29.55	0.699213	0.477530	0.264345	0.146333
0.2571	29.92	0.699213	0.475161	0.260677	0.143009
0.2686	2.00	0.692180	0.052083	0.000000	0.000000
0.2686	2.37	0.692180	0.052083	0.000000	0.000000
0.2686	2.73	0.692180	0.000000	0.000000	0.000000
0.2686	3.10	0.692180	0.000000	0.000000	0.000000
0.2686	3.47	0.692180	0.000000	0.000000	0.000000
0.2686	3.84	0.692180	0.000000	0.000000	0.000000
0.2686	4.20	0.692180	0.000000	0.000000	0.000000
0.2686	4.57	0.692180	0.000000	0.000000	0.000000
0.2686	4.94	0.692180	0.000000	0.000000	0.000000
0.2686	5.31	0.692180	0.000000	0.000000	0.000000
0.2686	5.67	0.692180	0.000000	0.000000	0.000000
0.2686	6.04	0.692180	0.000000	0.000000	0.000000
0.2686	6.41	0.692180	0.000000	0.000000	0.000000
0.2686	6.78	0.692180	0.000000	0.000000	0.000000
0.2686	7.14	0.692180	0.000000	0.000000	0.000000
0.2686	7.51	0.692180	0.000000	0.000000	0.000000
0.2686	7.88	0.692180	0.055556	0.000000	0.000000
0.2686	8.24	0.692180	0.059028	0.000000	0.000000
0.2686	8.61	0.692180	0.055556	0.000000	0.000000
0.2686	8.98	0.692180	0.055556	0.000000	0.000000
0.2686	9.35	0.692180	0.056713	0.006547	0.000756
0.2686	9.71	0.692180	0.060764	0.008681	0.001240
0.2686	10.08	0.692180	0.058333	0.007733	0.001025
0.2686	10.45	0.692180	0.056713	0.004331	0.000331
0.2686	10.82	0.692180	0.056713	0.004331	0.000331
0.2686	11.18	0.692180	0.056713	0.004331	0.000331
0.2686	11.55	0.692180	0.057870	0.005902	0.000602
0.2686	11.92	0.692180	0.057292	0.005208	0.000473
0.2686	12.29	0.692180	0.054977	0.003706	0.000250
0.2686	12.65	0.692180	0.055990	0.004048	0.000293
0.2686	13.02	0.692180	0.059845	0.012745	0.002714
0.2686	13.39	0.692180	0.060590	0.012002	0.002377
0.2686	13.76	0.692180	0.061298	0.011270	0.002072
0.2686	14.12	0.692180	0.063458	0.011530	0.002095
0.2686	14.49	0.692180	0.062602	0.011376	0.002067
0.2686	14.86	0.692180	0.064680	0.012145	0.002280
0.2686	15.22	0.692180	0.067154	0.013577	0.002745
0.2686	15.59	0.692180	0.068780	0.023622	0.008113
0.2686	15.96	0.692180	0.069962	0.021583	0.006658
0.2686	16.33	0.692180	0.072421	0.025570	0.009028
0.2686	16.69	0.692180	0.073370	0.026732	0.009740
0.2686	17.06	0.692180	0.076968	0.028173	0.010313
0.2686	17.43	0.692180	0.080515	0.038743	0.018643
0.2686	17.80	0.692180	0.082268	0.034146	0.014173
0.2686	18.16	0.692180	0.084412	0.034373	0.013997
0.2686	18.53	0.692180	0.083970	0.036277	0.015673
0.2686	18.90	0.692180	0.091477	0.039067	0.016684
0.2686	19.27	0.692180	0.099515	0.042228	0.017919
0.2686	19.63	0.692180	0.106674	0.046313	0.020107
0.2686	20.00	0.692180	0.111111	0.045952	0.019004
0.2686	20.37	0.692180	0.134605	0.062436	0.028961
0.2686	20.73	0.692180	0.149164	0.065716	0.028952
0.2686	21.10	0.692180	0.153722	0.064471	0.027039
0.2686	21.47	0.692180	0.167083	0.067435	0.027217
0.2686	21.84	0.692180	0.176293	0.072893	0.030139
0.2686	22.20	0.692180	0.179812	0.085682	0.040828
0.2686	22.57	0.692180	0.190660	0.089700	0.042202
0.2686	22.94	0.692180	0.195553	0.084750	0.036729
0.2686	23.31	0.692180	0.207346	0.095196	0.043706
0.2686	23.67	0.692180	0.198969	0.091706	0.042268
0.2686	24.04	0.692180	0.228542	0.104032	0.047355
0.2686	24.41	0.692180	0.228809	0.105489	0.048634
0.2686	24.78	0.692180	0.245963	0.095968	0.037444
0.2686	25.14	0.692180	0.240696	0.109686	0.049985
0.2686	25.51	0.692180	0.246138	0.113567	0.052400
0.2686	25.88	0.692180	0.273249	0.119718	0.052451
0.2686	26.24	0.692180	0.287676	0.120711	0.050651
0.2686	26.61	0.692180	0.277292	0.114469	0.047254
0.2686	26.98	0.692180	0.291219	0.118513	0.048229
0.2686	27.35	0.692180	0.340495	0.146669	0.063178
0.2686	27.71	0.692180	0.344284	0.135013	0.052946
0.2686	28.08	0.692180	0.362284	0.129482	0.046278
0.2686	28.45	0.692180	0.350821	0.141692	0.057227
0.2686	28.82	0.692180	0.366567	0.155578	0.066030
0.2686	29.18	0.692180	0.411898	0.131216	0.041801
0.2686	29.55	0.692180	0.278197	0.128173	0.059053
0.2686	29.92	0.692180	0.297359	0.151473	0.077159
0.2800	2.00	0.691353	0.054029	0.003385	0.000212
0.2800	2.37	0.691353	0.053946	0.002746	0.000140
0.2800	2.73	0.691353	0.054029	0.002644	0.000129
0.2800	3.10	0.691353	0.051282	0.000000	0.000000
0.2800	3.47	0.691353	0.051282	0.000000	0.000000
0.2800	3.84	0.691353	0.051282	0.000000	0.000000
0.2800	4.20	0.691353	0.051282	0.000000	0.000000
0.2800	4.57	0.691353	0.051282	0.000000	0.000000
0.2800	4.94	0.691353	0.051282	0.000000	0.000000
0.2800	5.31	0.691353	0.051282	0.000000	0.000000
0.2800	5.67	0.691353	0.000000	0.000000	0.000000
0.2800	6.04	0.691353	0.000000	0.000000	0.000000
0.2800	6.41	0.691353	0.000000	0.000000	0.000000
0.2800	6.78	0.691353	0.000000	0.000000	0.000000
0.2800	7.14	0.691353	0.000000	0.000000	0.000000
0.2800	7.51	0.691353	0.000000	0.000000	0.000000
0.2800	7.88	0.691353	0.000000	0.000000	0.000000
0.2800	8.24	0.691353	0.054945	0.002991	0.000163
0.2800	8.61	0.691353	0.054945	0.000000	0.000000
0.2800	8.98	0.691353	0.054945	0.002590	0.000122
0.2800	9.35	0.691353	0.055403	0.005626	0.000571
0.2800	9.71	0.691353	0.057038	0.007289	0.000931
0.2800	10.08	0.691353	0.060806	0.008544	0.001200
0.2800	10.45	0.691353	0.058150	0.006714	0.000775
0.2800	10.82	0.691353	0.055556	0.007746	0.001080
0.2800	11.18	0.691353	0.056899	0.006803	0.000813
0.2800	11.55	0.691353	0.055759	0.005260	0.000496
0.2800	11.92	0.691353	0.055509	0.005249	0.000496
0.2800	12.29	0.691353	0.058315	0.006295	0.000680
0.2800	12.65	0.691353	0.057431	0.006857	0.000819
0.2800	13.02	0.691353	0.058730	0.006517	0.000723
0.2800	13.39	0.691353	0.060554	0.007983	0.001052
0.2800	13.76	0.691353	0.056777	0.006604	0.000768
0.2800	14.12	0.691353	0.056277	0.006301	0.000705
0.2800	14.49	0.691353	0.056453	0.005485	0.000533
0.2800	14.86	0.691353	0.058608	0.006934	0.000820
0.2800	15.22	0.691353	0.062140	0.012820	0.002645
0.2800	15.59	0.691353	0.062271	0.012000	0.002312
0.2800	15.96	0.691353	0.062841	0.011761	0.002201
0.2800	16.33	0.691353	0.067532	0.017021	0.004290
0.2800	16.69	0.691353	0.070306	0.022703	0.007331
0.2800	17.06	0.691353	0.072611	0.020882	0.006006
0.2800	17.43	0.691353	0.073976	0.021343	0.006158
0.2800	17.80	0.691353	0.078364	0.021664	0.005989
0.2800	18.16	0.691353	0.084008	0.030107	0.010790
0.2800	18.53	0.691353	0.089400	0.033976	0.012912
0.2800	18.90	0.691353	0.101746	0.043966	0.018999
0.2800	19.27	0.691353	0.106676	0.052022	0.025370
0.2800	19.63	0.691353	0.113625	0.050968	0.022862
0.2800	20.00	0.691353	0.112254	0.056080	0.028017
0.2800	20.37	0.691353	0.123883	0.058354	0.027487
0.2800	20.73	0.691353	0.141573	0.068793	0.033427
0.2800	21.10	0.691353	0.143590	0.063978	0.028506
0.2800	21.47	0.691353	0.159133	0.081912	0.042164
0.2800	21.84	0.691353	0.159987	0.079764	0.039768
0.2800	22.20	0.691353	0.170170	0.084532	0.041991
0.2800	22.57	0.691353	0.183738	0.095964	0.050121
0.2800	22.94	0.691353	0.186007	0.093154	0.046653
0.2800	23.31	0.691353	0.202015	0.103239	0.052760
0.2800	23.67	0.691353	0.179978	0.083030	0.038305
0.2800	24.04	0.691353	0.186851	0.089532	0.042900
0.2800	24.41	0.691353	0.189990	0.086917	0.039763
0.2800	24.78	0.691353	0.186087	0.091142	0.044640
0.2800	25.14	0.691353	0.196415	0.100362	0.051282
0.2800	25.51	0.691353	0.205577	0.099522	0.048180
0.2800	25.88	0.691353	0.204512	0.095784	0.044860
0.2800	26.24	0.691353	0.253968	0.099264	0.038798
0.2800	26.61	0.691353	0.266975	0.101811	0.038825
0.2800	26.98	0.691353	0.270037	0.097104	0.034918
0.2800	27.35	0.691353	0.294449	0.110645	0.041577
0.2800	27.71	0.691353	0.287431	0.096872	0.032648
0.2800	28.08	0.691353	0.304746	0.097568	0.031238
0.2800	28.45	0.691353	0.288286	0.123023	0.052499
0.2800	28.82	0.691353	0.301754	0.119850	0.047601
0.2800	29.18	0.691353	0.304502	0.121355	0.048365
0.2800	29.55	0.691353	0.301137	0.119259	0.047230
0.2800	29.92	0.691353	0.301084	0.119069	0.047088
0.2914	2.00	0.710507	0.056180	0.000000	0.000000
0.2914	2.37	0.710507	0.000000	0.000000	0.000000
0.2914	2.73	0.710507	0.000000	0.000000	0.000000
0.2914	3.10	0.710507	0.000000	0.000000	0.000000
0.2914	3.47	0.710507	0.000000	0.000000	0.000000
0.2914	3.84	0.710507	0.000000	0.000000	0.000000
0.2914	4.20	0.710507	0.000000	0.000000	0.000000
0.2914	4.57	0.710507	0.000000	0.000000	0.000000
0.2914	4.94	0.710507	0.000000	0.000000	0.000000
0.2914	5.31	0.710507	0.000000	0.000000	0.000000
0.2914	5.67	0.710507	0.000000	0.000000	0.000000
0.2914	6.04	0.710507	0.000000	0.000000	0.000000
0.2914	6.41	0.710507	0.052434	0.000000	0.000000
0.2914	6.78	0.710507	0.000000	0.000000	0.000000
0.2914	7.14	0.710507	0.000000	0.000000	0.000000
0.2914	7.51	0.710507	0.052434	0.000000	0.000000
0.2914	7.88	0.710507	0.053683	0.001766	0.000058
0.2914	8.24	0.710507	0.052434	0.000000	0.000000
0.2914	8.61	0.710507	0.052434	0.000000	0.000000
0.2914	8.98	0.710507	0.053683	0.001766	0.000058
0.2914	9.35	0.710507	0.053371	0.001622	0.000049
0.2914	9.71	0.710507	0.052434	0.000000	0.000000
0.2914	10.08	0.710507	0.054307	0.003244	0.000194
0.2914	10.45	0.710507	0.063670	0.013330	0.002791
0.2914	10.82	0.710507	0.062734	0.015752	0.003955
0.2914	11.18	0.710507	0.062921	0.010433	0.001730
0.2914	11.55	0.710507	0.061798	0.006396	0.000662
0.2914	11.92	0.710507	0.063046	0.007620	0.000921
0.2914	12.29	0.710507	0.070037	0.010600	0.001604
0.2914	12.65	0.710507	0.064205	0.010674	0.001775
0.2914	13.02	0.710507	0.063670	0.014212	0.003173
0.2914	13.39	0.710507	0.063473	0.016504	0.004291
0.2914	13.76	0.710507	0.065839	0.015553	0.003674
0.2914	14.12	0.710507	0.067683	0.018062	0.004820
0.2914	14.49	0.710507	0.069444	0.019862	0.005681
0.2914	14.86	0.710507	0.074270	0.023751	0.007596
0.2914	15.22	0.710507	0.075947	0.021629	0.006160
0.2914	15.59	0.710507	0.075746	0.024912	0.008193
0.2914	15.96	0.710507	0.084203	0.036703	0.015999
0.2914	16.33	0.710507	0.086241	0.036439	0.015396
0.2914	16.69	0.710507	0.104453	0.041451	0.016449
0.2914	17.06	0.710507	0.108092	0.047244	0.020650
0.2914	17.43	0.710507	0.120718	0.049791	0.020537
0.2914	17.80	0.710507	0.128486	0.060621	0.028601
0.2914	18.16	0.710507	0.128362	0.064681	0.032592
0.2914	18.53	0.710507	0.149715	0.073524	0.036107
0.2914	18.90	0.710507	0.149272	0.080422	0.043329
0.2914	19.27	0.710507	0.174934	0.096328	0.053044
0.2914	19.63	0.710507	0.202863	0.108652	0.058194
0.2914	20.00	0.710507	0.206040	0.122587	0.072935
0.2914	20.37	0.710507	0.224567	0.129253	0.074394
0.2914	20.73	0.710507	0.228137	0.118411	0.061459
0.2914	21.10	0.710507	0.262780	0.140042	0.074632
0.2914	21.47	0.710507	0.276661	0.126917	0.058223
0.2914	21.84	0.710507	0.309124	0.138896	0.062409
0.2914	22.20	0.710507	0.344905	0.142004	0.058465
0.2914	22.57	0.710507	0.337079	0.152043	0.068581
0.2914	22.94	0.710507	0.416764	0.154678	0.057407
0.2914	23.31	0.710507	0.438577	0.207141	0.097833
0.2914	23.67	0.710507	0.457865	0.200011	0.087371
0.2914	24.04	0.710507	0.508472	0.188617	0.069968
0.2914	24.41	0.710507	0.485158	0.228849	0.107948
0.2914	24.78	0.710507	0.534451	0.214365	0.085980
0.2914	25.14	0.710507	0.531419	0.215717	0.087565
0.2914	25.51	0.710507	0.582365	0.176038	0.053213
0.2914	25.88	0.710507	0.619408	0.184408	0.054901
0.2914	26.24	0.710507	0.616439	0.180436	0.052815
0.2914	26.61	0.710507	0.616073	0.196176	0.062469
0.2914	26.98	0.710507	0.632571	0.198150	0.062070
0.2914	27.35	0.710507	0.657928	0.193394	0.056847
0.2914	27.71	0.710507	0.639914	0.222377	0.077279
0.2914	28.08	0.710507	0.680979	0.192093	0.054186
0.2914	28.45	0.710507	0.689073	0.183518	0.048876
0.2914	28.82	0.710507	0.664544	0.234388	0.082670
0.2914	29.18	0.710507	0.745110	0.090938	0.011099
0.2914	29.55	0.710507	0.725366	0.176135	0.042770
0.2914	29.92	0.710507	0.736697	0.133269	0.024108
0.3029	2.00	0.647365	0.000000	0.000000	0.000000
0.3029	2.37	0.647365	0.000000	0.000000	0.000000
0.3029	2.73	0.647365	0.000000	0.000000	0.000000
0.3029	3.10	0.647365	0.000000	0.000000	0.000000
0.3029	3.47	0.647365	0.000000	0.000000	0.000000
0.3029	3.84	0.647365	0.000000	0.000000	0.000000
0.3029	4.20	0.647365	0.000000	0.000000	0.000000
0.3029	4.57	0.647365	0.000000	0.000000	0.000000
0.3029	4.94	0.647365	0.000000	0.000000	0.000000
0.3029	5.31	0.647365	0.000000	0.000000	0.000000
0.3029	5.67	0.647365	0.000000	0.000000	0.000000
0.3029	6.04	0.647365	0.000000	0.000000	0.000000
0.3029	6.41	0.647365	0.000000	0.000000	0.000000
0.3029	6.78	0.647365	0.000000	0.000000	0.000000
0.3029	7.14	0.647365	0.000000	0.000000	0.000000
0.3029	7.51	0.647365	0.000000	0.000000	0.000000
0.3029	7.88	0.647365	0.000000	0.000000	0.000000
0.3029	8.24	0.647365	0.000000	0.000000	0.000000
0.3029	8.61	0.647365	0.000000	0.000000	0.000000
0.3029	8.98	0.647365	0.000000	0.000000	0.000000
0.3029	9.35	0.647365	0.000000	0.000000	0.000000
0.3029	9.71	0.647365	0.000000	0.000000	0.000000
0.3029	10.08	0.647365	0.000000	0.000000	0.000000
0.3029	10.45	0.647365	0.000000	0.000000	0.000000
0.3029	10.82	0.647365	0.000000	0.000000	0.000000
0.3029	11.18	0.647365	0.000000	0.000000	0.000000
0.3029	11.55	0.647365	0.000000	0.000000	0.000000
0.3029	11.92	0.647365	0.000000	0.000000	0.000000
0.3029	12.29	0.647365	0.055556	0.000000	0.000000
0.3029	12.65	0.647365	0.054581	0.002757	0.000139
0.3029	13.02	0.647365	0.057895	0.004678	0.000378
0.3029	13.39	0.647365	0.056725	0.003966	0.000277
0.3029	13.76	0.647365	0.057580	0.005049	0.000443
0.3029	14.12	0.647365	0.058772	0.007096	0.000857
0.3029	14.49	0.647365	0.060011	0.009404	0.001474
0.3029	14.86	0.647365	0.061014	0.010233	0.001716
0.3029	15.22	0.647365	0.063811	0.011489	0.002069
0.3029	15.59	0.647365	0.063712	0.010287	0.001661
0.3029	15.96	0.647365	0.065599	0.014805	0.003341
0.3029	16.33	0.647365	0.065241	0.011264	0.001945
0.3029	16.69	0.647365	0.066903	0.014595	0.003184
0.3029	17.06	0.647365	0.071363	0.020124	0.005675
0.3029	17.43	0.647365	0.074383	0.020124	0.005445
0.3029	17.80	0.647365	0.075006	0.020865	0.005804
0.3029	18.16	0.647365	0.074778	0.019310	0.004987
0.3029	18.53	0.647365	0.083875	0.025583	0.007803
0.3029	18.90	0.647365	0.087327	0.030704	0.010795
0.3029	19.27	0.647365	0.095505	0.034391	0.012384
0.3029	19.63	0.647365	0.104472	0.039616	0.015022
0.3029	20.00	0.647365	0.108516	0.043501	0.017438
0.3029	20.37	0.647365	0.128309	0.046644	0.016956
0.3029	20.73	0.647365	0.131868	0.046983	0.016740
0.3029	21.10	0.647365	0.137624	0.051902	0.019573
0.3029	21.47	0.647365	0.109768	0.038514	0.013513
0.3029	21.84	0.647365	0.119883	0.039821	0.013227
0.3029	22.20	0.647365	0.126645	0.043424	0.014889
0.3029	22.57	0.647365	0.134802	0.044248	0.014524
0.3029	22.94	0.647365	0.147628	0.050884	0.017539
0.3029	23.31	0.647365	0.148181	0.056032	0.021188
0.3029	23.67	0.647365	0.169682	0.069729	0.028655
0.3029	24.04	0.647365	0.177314	0.072904	0.029975
0.3029	24.41	0.647365	0.194278	0.073759	0.028003
0.3029	24.78	0.647365	0.187755	0.072047	0.027647
0.3029	25.14	0.647365	0.194177	0.075889	0.029659
0.3029	25.51	0.647365	0.194594	0.076450	0.030035
0.3029	25.88	0.647365	0.195505	0.078610	0.031608
0.3029	26.24	0.647365	0.207545	0.077331	0.028813
0.3029	26.61	0.647365	0.209889	0.078898	0.029658
0.3029	26.98	0.647365	0.214286	0.088224	0.036323
0.3029	27.35	0.647365	0.220138	0.086466	0.033962
0.3029	27.71	0.647365	0.254599	0.089086	0.031172
0.3029	28.08	0.647365	0.276300	0.094011	0.031988
0.3029	28.45	0.647365	0.266236	0.088891	0.029679
0.3029	28.82	0.647365	0.275716	0.085962	0.026801
0.3029	29.18	0.647365	0.282437	0.092658	0.030398
0.3029	29.55	0.647365	0.277809	0.094663	0.032256
0.3029	29.92	0.647365	0.268840	0.103427	0.039790
0.3143	2.00	0.695034	0.000000	0.000000	0.000000
0.3143	2.37	0.695034	0.000000	0.000000	0.000000
0.3143	2.73	0.695034	0.000000	0.000000	0.000000
0.3143	3.10	0.695034	0.000000	0.000000	0.000000
0.3143	3.47	0.695034	0.000000	0.000000	0.000000
0.3143	3.84	0.695034	0.000000	0.000000	0.000000
0.3143	4.20	0.695034	0.000000	0.000000	0.000000
0.3143	4.57	0.695034	0.000000	0.000000	0.000000
0.3143	4.94	0.695034	0.000000	0.000000	0.000000
0.3143	5.31	0.695034	0.000000	0.000000	0.000000
0.3143	5.67	0.695034	0.000000	0.000000	0.000000
0.3143	6.04	0.695034	0.000000	0.000000	0.000000
0.3143	6.41	0.695034	0.000000	0.000000	0.000000
0.3143	6.78	0.695034	0.000000	0.000000	0.000000
0.3143	7.14	0.695034	0.000000	0.000000	0.000000
0.3143	7.51	0.695034	0.000000	0.000000	0.000000
0.3143	7.88	0.695034	0.000000	0.000000	0.000000
0.3143	8.24	0.695034	0.000000	0.000000	0.000000
0.3143	8.61	0.695034	0.000000	0.000000	0.000000
0.3143	8.98	0.695034	0.000000	0.000000	0.000000
0.3143	9.35	0.695034	0.055838	0.005483	0.000538
0.3143	9.71	0.695034	0.060914	0.000000	0.000000
0.3143	10.08	0.695034	0.054992	0.004314	0.000338
0.3143	10.45	0.695034	0.056684	0.003166	0.000177
0.3143	10.82	0.695034	0.054992	0.004314	0.000338
0.3143	11.18	0.695034	0.000000	0.000000	0.000000
0.3143	11.55	0.695034	0.055838	0.000000	0.000000
0.3143	11.92	0.695034	0.053299	0.000000	0.000000
0.3143	12.29	0.695034	0.053299	0.002538	0.000121
0.3143	12.65	0.695034	0.054146	0.003166	0.000185
0.3143	13.02	0.695034	0.053299	0.004209	0.000332
0.3143	13.39	0.695034	0.051269	0.001015	0.000020
0.3143	13.76	0.695034	0.051849	0.001849	0.000066
0.3143	14.12	0.695034	0.056563	0.007333	0.000951
0.3143	14.49	0.695034	0.055838	0.005982	0.000641
0.3143	14.86	0.695034	0.056155	0.005223	0.000486
0.3143	15.22	0.695034	0.061792	0.010604	0.001820
0.3143	15.59	0.695034	0.065990	0.011282	0.001929
0.3143	15.96	0.695034	0.064037	0.012948	0.002618
0.3143	16.33	0.695034	0.065265	0.013411	0.002756
0.3143	16.69	0.695034	0.067845	0.012847	0.002433
0.3143	17.06	0.695034	0.067860	0.014642	0.003159
0.3143	17.43	0.695034	0.067334	0.013968	0.002898
0.3143	17.80	0.695034	0.069820	0.014948	0.003200
0.3143	18.16	0.695034	0.071765	0.020933	0.006106
0.3143	18.53	0.695034	0.073357	0.020354	0.005647
0.3143	18.90	0.695034	0.075790	0.021299	0.005986
0.3143	19.27	0.695034	0.109351	0.052289	0.025003
0.3143	19.63	0.695034	0.119509	0.055258	0.025550
0.3143	20.00	0.695034	0.122703	0.060198	0.029533
0.3143	20.37	0.695034	0.127810	0.061346	0.029445
0.3143	20.73	0.695034	0.137637	0.065578	0.031245
0.3143	21.10	0.695034	0.142681	0.072218	0.036553
0.3143	21.47	0.695034	0.118043	0.046727	0.018497
0.3143	21.84	0.695034	0.117007	0.048442	0.020055
0.3143	22.20	0.695034	0.133861	0.055598	0.023092
0.3143	22.57	0.695034	0.133550	0.062199	0.028968
0.3143	22.94	0.695034	0.143267	0.060558	0.025598
0.3143	23.31	0.695034	0.145589	0.058101	0.023187
0.3143	23.67	0.695034	0.151408	0.061313	0.024829
0.3143	24.04	0.695034	0.156048	0.064819	0.026925
0.3143	24.41	0.695034	0.164817	0.064200	0.025007
0.3143	24.78	0.695034	0.166012	0.060828	0.022288
0.3143	25.14	0.695034	0.185349	0.081248	0.035616
0.3143	25.51	0.695034	0.189195	0.088537	0.041432
0.3143	25.88	0.695034	0.194522	0.089237	0.040938
0.3143	26.24	0.695034	0.196181	0.097767	0.048722
0.3143	26.61	0.695034	0.206841	0.092960	0.041779
0.3143	26.98	0.695034	0.191575	0.088899	0.041253
0.3143	27.35	0.695034	0.202479	0.096417	0.045913
0.3143	27.71	0.695034	0.199991	0.084469	0.035677
0.3143	28.08	0.695034	0.226490	0.097453	0.041931
0.3143	28.45	0.695034	0.224360	0.101662	0.046065
0.3143	28.82	0.695034	0.241828	0.099886	0.041257
0.3143	29.18	0.695034	0.241769	0.092260	0.035207
0.3143	29.55	0.695034	0.255555	0.108687	0.046224
0.3143	29.92	0.695034	0.252538	0.098305	0.038267
0.3257	2.00	0.665952	0.000000	0.000000	0.000000
0.3257	2.37	0.665952	0.000000	0.000000	0.000000
0.3257	2.73	0.665952	0.000000	0.000000	0.000000
0.3257	3.10	0.665952	0.000000	0.000000	0.000000
0.3257	3.47	0.665952	0.000000	0.000000	0.000000
0.3257	3.84	0.665952	0.000000	0.000000	0.000000
0.3257	4.20	0.665952	0.000000	0.000000	0.000000
0.3257	4.57	0.665952	0.000000	0.000000	0.000000
0.3257	4.94	0.665952	0.000000	0.000000	0.000000
0.3257	5.31	0.665952	0.000000	0.000000	0.000000
0.3257	5.67	0.665952	0.000000	0.000000	0.000000
0.3257	6.04	0.665952	0.000000	0.000000	0.000000
0.3257	6.41	0.665952	0.000000	0.000000	0.000000
0.3257	6.78	0.665952	0.000000	0.000000	0.000000
0.3257	7.14	0.665952	0.000000	0.000000	0.000000
0.3257	7.51	0.665952	0.000000	0.000000	0.000000
0.3257	7.88	0.665952	0.000000	0.000000	0.000000
0.3257	8.24	0.665952	0.000000	0.000000	0.000000
0.3257	8.61	0.665952	0.000000	0.000000	0.000000
0.3257	8.98	0.665952	0.000000	0.000000	0.000000
0.3257	9.35	0.665952	0.000000	0.000000	0.000000
0.3257	9.71	0.665952	0.000000	0.000000	0.000000
0.3257	10.08	0.665952	0.000000	0.000000	0.000000
0.3257	10.45	0.665952	0.000000	0.000000	0.000000
0.3257	10.82	0.665952	0.000000	0.000000	0.000000
0.3257	11.18	0.665952	0.000000	0.000000	0.000000
0.3257	11.55	0.665952	0.054116	0.001320	0.000032
0.3257	11.92	0.665952	0.053862	0.001437	0.000038
0.3257	12.29	0.665952	0.056402	0.001524	0.000041
0.3257	12.65	0.665952	0.054878	0.002823	0.000145
0.3257	13.02	0.665952	0.055217	0.003030	0.000166
0.3257	13.39	0.665952	0.056098	0.003904	0.000272
0.3257	13.76	0.665952	0.057927	0.009641	0.001605
0.3257	14.12	0.665952	0.056285	0.005811	0.000600
0.3257	14.49	0.665952	0.057927	0.006098	0.000642
0.3257	14.86	0.665952	0.060023	0.009980	0.001659
0.3257	15.22	0.665952	0.060698	0.008955	0.001321
0.3257	15.59	0.665952	0.061280	0.008848	0.001278
0.3257	15.96	0.665952	0.060637	0.008249	0.001122
0.3257	16.33	0.665952	0.058308	0.007688	0.001014
0.3257	16.69	0.665952	0.062927	0.011469	0.002090
0.3257	17.06	0.665952	0.064763	0.012672	0.002479
0.3257	17.43	0.665952	0.065369	0.013538	0.002804
0.3257	17.80	0.665952	0.068343	0.014873	0.003237
0.3257	18.16	0.665952	0.067695	0.016585	0.004063
0.3257	18.53	0.665952	0.071042	0.015462	0.003365
0.3257	18.90	0.665952	0.074347	0.017016	0.003894
0.3257	19.27	0.665952	0.073910	0.017206	0.004006
0.3257	19.63	0.665952	0.074287	0.021056	0.005968
0.3257	20.00	0.665952	0.075778	0.020929	0.005780
0.3257	20.37	0.665952	0.078667	0.023361	0.006937
0.3257	20.73	0.665952	0.078169	0.026197	0.008780
0.3257	21.10	0.665952	0.080744	0.026309	0.008572
0.3257	21.47	0.665952	0.080892	0.028372	0.009951
0.3257	21.84	0.665952	0.083130	0.027497	0.009096
0.3257	22.20	0.665952	0.085441	0.030342	0.010775
0.3257	22.57	0.665952	0.090097	0.033458	0.012425
0.3257	22.94	0.665952	0.093923	0.036650	0.014301
0.3257	23.31	0.665952	0.104222	0.042518	0.017345
0.3257	23.67	0.665952	0.107185	0.043684	0.017803
0.3257	24.04	0.665952	0.105988	0.045828	0.019816
0.3257	24.41	0.665952	0.109830	0.046123	0.019369
0.3257	24.78	0.665952	0.110740	0.048192	0.020972
0.3257	25.14	0.665952	0.112948	0.048309	0.020662
0.3257	25.51	0.665952	0.114654	0.040632	0.014399
0.3257	25.88	0.665952	0.116555	0.041571	0.014827
0.3257	26.24	0.665952	0.119569	0.046594	0.018157
0.3257	26.61	0.665952	0.121195	0.047630	0.018718
0.3257	26.98	0.665952	0.122161	0.051458	0.021676
0.3257	27.35	0.665952	0.130850	0.054898	0.023033
0.3257	27.71	0.665952	0.158346	0.071935	0.032679
0.3257	28.08	0.665952	0.160419	0.068578	0.029316
0.3257	28.45	0.665952	0.160754	0.074466	0.034495
0.3257	28.82	0.665952	0.172229	0.075621	0.033203
0.3257	29.18	0.665952	0.171513	0.071778	0.030039
0.3257	29.55	0.665952	0.178193	0.080705	0.036552
0.3257	29.92	0.665952	0.143778	0.070022	0.034102
0.3371	2.00	0.676242	0.000000	0.000000	0.000000
0.3371	2.37	0.676242	0.000000	0.000000	0.000000
0.3371	2.73	0.676242	0.000000	0.000000	0.000000
0.3371	3.10	0.676242	0.053050	0.000000	0.000000
0.3371	3.47	0.676242	0.053050	0.000000	0.000000
0.3371	3.84	0.676242	0.053050	0.000000	0.000000
0.3371	4.20	0.676242	0.053050	0.000000	0.000000
0.3371	4.57	0.676242	0.053050	0.000000	0.000000
0.3371	4.94	0.676242	0.053050	0.000000	0.000000
0.3371	5.31	0.676242	0.050398	0.000000	0.000000
0.3371	5.67	0.676242	0.000000	0.000000	0.000000
0.3371	6.04	0.676242	0.000000	0.000000	0.000000
0.3371	6.41	0.676242	0.000000	0.000000	0.000000
0.3371	6.78	0.676242	0.000000	0.000000	0.000000
0.3371	7.14	0.676242	0.050398	0.000000	0.000000
0.3371	7.51	0.676242	0.053050	0.000000	0.000000
0.3371	7.88	0.676242	0.053050	0.000000	0.000000
0.3371	8.24	0.676242	0.050398	0.000000	0.000000
0.3371	8.61	0.676242	0.053050	0.000000	0.000000
0.3371	8.98	0.676242	0.053050	0.000000	0.000000
0.3371	9.35	0.676242	0.000000	0.000000	0.000000
0.3371	9.71	0.676242	0.000000	0.000000	0.000000
0.3371	10.08	0.676242	0.050398	0.000000	0.000000
0.3371	10.45	0.676242	0.050398	0.000000	0.000000
0.3371	10.82	0.676242	0.055703	0.000000	0.000000
0.3371	11.18	0.676242	0.054377	0.001326	0.000032
0.3371	11.55	0.676242	0.058355	0.000000	0.000000
0.3371	11.92	0.676242	0.055703	0.002653	0.000126
0.3371	12.29	0.676242	0.052387	0.003446	0.000227
0.3371	12.65	0.676242	0.055172	0.003898	0.000275
0.3371	13.02	0.676242	0.057471	0.006437	0.000721
0.3371	13.39	0.676242	0.055438	0.004186	0.000316
0.3371	13.76	0.676242	0.059448	0.010336	0.001797
0.3371	14.12	0.676242	0.063329	0.012078	0.002304
0.3371	14.49	0.676242	0.064698	0.016384	0.004149
0.3371	14.86	0.676242	0.065040	0.017597	0.004761
0.3371	15.22	0.676242	0.071822	0.019013	0.005033
0.3371	15.59	0.676242	0.063456	0.016962	0.004534
0.3371	15.96	0.676242	0.065824	0.017625	0.004719
0.3371	16.33	0.676242	0.066890	0.018674	0.005213
0.3371	16.69	0.676242	0.073406	0.020397	0.005668
0.3371	17.06	0.676242	0.072016	0.023421	0.007617
0.3371	17.43	0.676242	0.073412	0.024630	0.008263
0.3371	17.80	0.676242	0.078106	0.025032	0.008022
0.3371	18.16	0.676242	0.090764	0.033521	0.012380
0.3371	18.53	0.676242	0.100417	0.045146	0.020297
0.3371	18.90	0.676242	0.112953	0.046890	0.019465
0.3371	19.27	0.676242	0.125602	0.057252	0.026096
0.3371	19.63	0.676242	0.126873	0.055732	0.024482
0.3371	20.00	0.676242	0.128647	0.052346	0.021299
0.3371	20.37	0.676242	0.128171	0.056713	0.025094
0.3371	20.73	0.676242	0.147527	0.054840	0.020386
0.3371	21.10	0.676242	0.163676	0.061606	0.023187
0.3371	21.47	0.676242	0.148510	0.068708	0.031788
0.3371	21.84	0.676242	0.178640	0.078267	0.034291
0.3371	22.20	0.676242	0.188139	0.074282	0.029328
0.3371	22.57	0.676242	0.198196	0.086730	0.037953
0.3371	22.94	0.676242	0.220008	0.086055	0.033660
0.3371	23.31	0.676242	0.201194	0.092774	0.042780
0.3371	23.67	0.676242	0.252846	0.074756	0.022102
0.3371	24.04	0.676242	0.182442	0.077886	0.033251
0.3371	24.41	0.676242	0.187736	0.085151	0.038621
0.3371	24.78	0.676242	0.189792	0.084818	0.037905
0.3371	25.14	0.676242	0.193366	0.085862	0.038126
0.3371	25.51	0.676242	0.207339	0.090407	0.039421
0.3371	25.88	0.676242	0.249901	0.104184	0.043435
0.3371	26.24	0.676242	0.252475	0.106281	0.044740
0.3371	26.61	0.676242	0.257294	0.105863	0.043557
0.3371	26.98	0.676242	0.263430	0.116878	0.051856
0.3371	27.35	0.676242	0.290537	0.110754	0.042220
0.3371	27.71	0.676242	0.276917	0.119878	0.051896
0.3371	28.08	0.676242	0.269617	0.101620	0.038301
0.3371	28.45	0.676242	0.284916	0.113758	0.045420
0.3371	28.82	0.676242	0.285914	0.119424	0.049883
0.3371	29.18	0.676242	0.303787	0.115832	0.044166
0.3371	29.55	0.676242	0.285534	0.127798	0.057199
0.3371	29.92	0.676242	0.395655	0.138251	0.048308
0.3486	2.00	0.655256	0.054545	0.000000	0.000000
0.3486	2.37	0.655256	0.054545	0.000000	0.000000
0.3486	2.73	0.655256	0.054545	0.000000	0.000000
0.3486	3.10	0.655256	0.054545	0.000000	0.000000
0.3486	3.47	0.655256	0.056566	0.002857	0.000144
0.3486	3.84	0.655256	0.056566	0.002857	0.000144
0.3486	4.20	0.655256	0.056566	0.002857	0.000144
0.3486	4.57	0.655256	0.056566	0.002857	0.000144
0.3486	4.94	0.655256	0.056566	0.002857	0.000144
0.3486	5.31	0.655256	0.056566	0.002857	0.000144
0.3486	5.67	0.655256	0.056061	0.002624	0.000123
0.3486	6.04	0.655256	0.056566	0.002857	0.000144
0.3486	6.41	0.655256	0.056566	0.002857	0.000144
0.3486	6.78	0.655256	0.000000	0.000000	0.000000
0.3486	7.14	0.655256	0.000000	0.000000	0.000000
0.3486	7.51	0.655256	0.000000	0.000000	0.000000
0.3486	7.88	0.655256	0.000000	0.000000	0.000000
0.3486	8.24	0.655256	0.000000	0.000000	0.000000
0.3486	8.61	0.655256	0.000000	0.000000	0.000000
0.3486	8.98	0.655256	0.000000	0.000000	0.000000
0.3486	9.35	0.655256	0.000000	0.000000	0.000000
0.3486	9.71	0.655256	0.000000	0.000000	0.000000
0.3486	10.08	0.655256	0.058249	0.005398	0.000500
0.3486	10.45	0.655256	0.058586	0.005345	0.000488
0.3486	10.82	0.655256	0.058054	0.004942	0.000421
0.3486	11.18	0.655256	0.058485	0.005169	0.000457
0.3486	11.55	0.655256	0.058402	0.004675	0.000374
0.3486	11.92	0.655256	0.059452	0.005163	0.000448
0.3486	12.29	0.655256	0.059025	0.005986	0.000607
0.3486	12.65	0.655256	0.058974	0.005957	0.000602
0.3486	13.02	0.655256	0.059441	0.005580	0.000524
0.3486	13.39	0.655256	0.059091	0.004009	0.000272
0.3486	13.76	0.655256	0.058953	0.005831	0.000577
0.3486	14.12	0.655256	0.061708	0.006233	0.000630
0.3486	14.49	0.655256	0.062121	0.006123	0.000604
0.3486	14.86	0.655256	0.061111	0.006288	0.000647
0.3486	15.22	0.655256	0.060606	0.005823	0.000559
0.3486	15.59	0.655256	0.060227	0.005856	0.000569
0.3486	15.96	0.655256	0.061244	0.006782	0.000751
0.3486	16.33	0.655256	0.062626	0.010101	0.001629
0.3486	16.69	0.655256	0.063636	0.012494	0.002453
0.3486	17.06	0.655256	0.062753	0.010011	0.001597
0.3486	17.43	0.655256	0.063946	0.011812	0.002182
0.3486	17.80	0.655256	0.064409	0.011192	0.001945
0.3486	18.16	0.655256	0.066891	0.013600	0.002765
0.3486	18.53	0.655256	0.067411	0.013145	0.002563
0.3486	18.90	0.655256	0.068081	0.013203	0.002560
0.3486	19.27	0.655256	0.069091	0.014179	0.002910
0.3486	19.63	0.655256	0.070862	0.015837	0.003539
0.3486	20.00	0.655256	0.070232	0.014902	0.003162
0.3486	20.37	0.655256	0.069488	0.015275	0.003358
0.3486	20.73	0.655256	0.071597	0.018621	0.004843
0.3486	21.10	0.655256	0.070490	0.017616	0.004402
0.3486	21.47	0.655256	0.073646	0.018968	0.004885
0.3486	21.84	0.655256	0.075367	0.018905	0.004742
0.3486	22.20	0.655256	0.074113	0.020157	0.005482
0.3486	22.57	0.655256	0.075538	0.020651	0.005646
0.3486	22.94	0.655256	0.078636	0.025317	0.008151
0.3486	23.31	0.655256	0.097643	0.040717	0.016979
0.3486	23.67	0.655256	0.100606	0.044398	0.019593
0.3486	24.04	0.655256	0.101889	0.043699	0.018742
0.3486	24.41	0.655256	0.101166	0.046250	0.021144
0.3486	24.78	0.655256	0.103623	0.046878	0.021207
0.3486	25.14	0.655256	0.107959	0.048451	0.021744
0.3486	25.51	0.655256	0.108833	0.050921	0.023825
0.3486	25.88	0.655256	0.113876	0.054654	0.026231
0.3486	26.24	0.655256	0.115990	0.057785	0.028788
0.3486	26.61	0.655256	0.099258	0.042172	0.017918
0.3486	26.98	0.655256	0.100424	0.044307	0.019548
0.3486	27.35	0.655256	0.106485	0.047831	0.021485
0.3486	27.71	0.655256	0.105942	0.049330	0.022969
0.3486	28.08	0.655256	0.108968	0.051778	0.024603
0.3486	28.45	0.655256	0.110000	0.054508	0.027010
0.3486	28.82	0.655256	0.114424	0.053624	0.025130
0.3486	29.18	0.655256	0.117657	0.050857	0.021983
0.3486	29.55	0.655256	0.117922	0.051812	0.022765
0.3486	29.92	0.655256	0.172727	0.078801	0.035950
0.3600	2.00	0.666094	0.000000	0.000000	0.000000
0.3600	2.37	0.666094	0.000000	0.000000	0.000000
0.3600	2.73	0.666094	0.000000	0.000000	0.000000
0.3600	3.10	0.666094	0.000000	0.000000	0.000000
0.3600	3.47	0.666094	0.000000	0.000000	0.000000
0.3600	3.84	0.666094	0.000000	0.000000	0.000000
0.3600	4.20	0.666094	0.000000	0.000000	0.000000
0.3600	4.57	0.666094	0.000000	0.000000	0.000000
0.3600	4.94	0.666094	0.000000	0.000000	0.000000
0.3600	5.31	0.666094	0.000000	0.000000	0.000000
0.3600	5.67	0.666094	0.000000	0.000000	0.000000
0.3600	6.04	0.666094	0.053977	0.000000	0.000000
0.3600	6.41	0.666094	0.000000	0.000000	0.000000
0.3600	6.78	0.666094	0.051136	0.000000	0.000000
0.3600	7.14	0.666094	0.051136	0.000000	0.000000
0.3600	7.51	0.666094	0.053977	0.000000	0.000000
0.3600	7.88	0.666094	0.056818	0.000000	0.000000
0.3600	8.24	0.666094	0.053977	0.002320	0.000100
0.3600	8.61	0.666094	0.053977	0.002320	0.000100
0.3600	8.98	0.666094	0.053977	0.002320	0.000100
0.3600	9.35	0.666094	0.052557	0.002460	0.000115
0.3600	9.71	0.666094	0.054688	0.001230	0.000028
0.3600	10.08	0.666094	0.053977	0.001797	0.000060
0.3600	10.45	0.666094	0.051136	0.000000	0.000000
0.3600	10.82	0.666094	0.051136	0.000000	0.000000
0.3600	11.18	0.666094	0.051136	0.000000	0.000000
0.3600	11.55	0.666094	0.053977	0.000000	0.000000
0.3600	11.92	0.666094	0.051136	0.000000	0.000000
0.3600	12.29	0.666094	0.056818	0.000000	0.000000
0.3600	12.65	0.666094	0.054688	0.003690	0.000249
0.3600	13.02	0.666094	0.053977	0.003479	0.000224
0.3600	13.39	0.666094	0.054688	0.004657	0.000397
0.3600	13.76	0.666094	0.054924	0.003904	0.000278
0.3600	14.12	0.666094	0.056250	0.003769	0.000253
0.3600	14.49	0.666094	0.055871	0.004829	0.000417
0.3600	14.86	0.666094	0.056818	0.007335	0.000947
0.3600	15.22	0.666094	0.059401	0.010382	0.001815
0.3600	15.59	0.666094	0.059253	0.008581	0.001243
0.3600	15.96	0.666094	0.059975	0.009078	0.001374
0.3600	16.33	0.666094	0.061395	0.010844	0.001915
0.3600	16.69	0.666094	0.059777	0.009475	0.001502
0.3600	17.06	0.666094	0.062710	0.010138	0.001639
0.3600	17.43	0.666094	0.063791	0.011192	0.001964
0.3600	17.80	0.666094	0.064680	0.011671	0.002106
0.3600	18.16	0.666094	0.065279	0.014492	0.003217
0.3600	18.53	0.666094	0.066153	0.015595	0.003676
0.3600	18.90	0.666094	0.067503	0.017046	0.004305
0.3600	19.27	0.666094	0.072812	0.017925	0.004413
0.3600	19.63	0.666094	0.073210	0.020332	0.005647
0.3600	20.00	0.666094	0.078111	0.021954	0.006170
0.3600	20.37	0.666094	0.082773	0.024646	0.007339
0.3600	20.73	0.666094	0.083170	0.026808	0.008641
0.3600	21.10	0.666094	0.086672	0.029409	0.009979
0.3600	21.47	0.666094	0.086851	0.027731	0.008854
0.3600	21.84	0.666094	0.088913	0.030477	0.010446
0.3600	22.20	0.666094	0.090655	0.032109	0.011372
0.3600	22.57	0.666094	0.095578	0.035287	0.013028
0.3600	22.94	0.666094	0.098762	0.033186	0.011151
0.3600	23.31	0.666094	0.100906	0.039669	0.015595
0.3600	23.67	0.666094	0.089815	0.030108	0.010093
0.3600	24.04	0.666094	0.092497	0.029331	0.009301
0.3600	24.41	0.666094	0.096236	0.036270	0.013670
0.3600	24.78	0.666094	0.099410	0.038857	0.015188
0.3600	25.14	0.666094	0.103302	0.036176	0.012669
0.3600	25.51	0.666094	0.104094	0.037746	0.013687
0.3600	25.88	0.666094	0.124553	0.047045	0.017769
0.3600	26.24	0.666094	0.125076	0.052146	0.021740
0.3600	26.61	0.666094	0.131494	0.050284	0.019229
0.3600	26.98	0.666094	0.139543	0.053228	0.020303
0.3600	27.35	0.666094	0.137699	0.054330	0.021436
0.3600	27.71	0.666094	0.162393	0.070052	0.030218
0.3600	28.08	0.666094	0.159903	0.072028	0.032445
0.3600	28.45	0.666094	0.163146	0.076261	0.035647
0.3600	28.82	0.666094	0.173698	0.073665	0.031241
0.3600	29.18	0.666094	0.173345	0.083804	0.040515
0.3600	29.55	0.666094	0.170066	0.081396	0.038957
0.3600	29.92	0.666094	0.196815	0.100571	0.051391
0.3714	2.00	0.672635	0.052045	0.000000	0.000000
0.3714	2.37	0.672635	0.052045	0.000000	0.000000
0.3714	2.73	0.672635	0.052045	0.000000	0.000000
0.3714	3.10	0.672635	0.052045	0.000000	0.000000
0.3714	3.47	0.672635	0.052045	0.000000	0.000000
0.3714	3.84	0.672635	0.053903	0.001859	0.000064
0.3714	4.20	0.672635	0.055762	0.000000	0.000000
0.3714	4.57	0.672635	0.055762	0.000000	0.000000
0.3714	4.94	0.672635	0.055762	0.000000	0.000000
0.3714	5.31	0.672635	0.055762	0.000000	0.000000
0.3714	5.67	0.672635	0.055762	0.000000	0.000000
0.3714	6.04	0.672635	0.055762	0.000000	0.000000
0.3714	6.41	0.672635	0.055762	0.000000	0.000000
0.3714	6.78	0.672635	0.055762	0.000000	0.000000
0.3714	7.14	0.672635	0.055762	0.000000	0.000000
0.3714	7.51	0.672635	0.059480	0.000000	0.000000
0.3714	7.88	0.672635	0.055762	0.000000	0.000000
0.3714	8.24	0.672635	0.059480	0.000000	0.000000
0.3714	8.61	0.672635	0.059480	0.000000	0.000000
0.3714	8.98	0.672635	0.055762	0.003035	0.000165
0.3714	9.35	0.672635	0.054833	0.003082	0.000173
0.3714	9.71	0.672635	0.055762	0.003035	0.000165
0.3714	10.08	0.672635	0.055019	0.002782	0.000141
0.3714	10.45	0.672635	0.056691	0.001610	0.000046
0.3714	10.82	0.672635	0.056506	0.001487	0.000039
0.3714	11.18	0.672635	0.054169	0.002708	0.000135
0.3714	11.55	0.672635	0.053697	0.002546	0.000121
0.3714	11.92	0.672635	0.056691	0.004829	0.000411
0.3714	12.29	0.672635	0.055762	0.005257	0.000496
0.3714	12.65	0.672635	0.055231	0.004182	0.000317
0.3714	13.02	0.672635	0.056175	0.004449	0.000352
0.3714	13.39	0.672635	0.055762	0.004124	0.000305
0.3714	13.76	0.672635	0.056924	0.005374	0.000507
0.3714	14.12	0.672635	0.056438	0.004967	0.000437
0.3714	14.49	0.672635	0.058605	0.005635	0.000542
0.3714	14.86	0.672635	0.061896	0.008740	0.001234
0.3714	15.22	0.672635	0.062454	0.011803	0.002230
0.3714	15.59	0.672635	0.064479	0.012513	0.002428
0.3714	15.96	0.672635	0.063084	0.010252	0.001666
0.3714	16.33	0.672635	0.065464	0.013134	0.002635
0.3714	16.69	0.672635	0.068432	0.012655	0.002340
0.3714	17.06	0.672635	0.063988	0.013058	0.002665
0.3714	17.43	0.672635	0.065901	0.013533	0.002779
0.3714	17.80	0.672635	0.065906	0.014977	0.003404
0.3714	18.16	0.672635	0.067612	0.017286	0.004419
0.3714	18.53	0.672635	0.070260	0.020431	0.005941
0.3714	18.90	0.672635	0.071633	0.020480	0.005855
0.3714	19.27	0.672635	0.074743	0.022623	0.006848
0.3714	19.63	0.672635	0.082900	0.025037	0.007562
0.3714	20.00	0.672635	0.085545	0.027473	0.008823
0.3714	20.37	0.672635	0.088561	0.028082	0.008904
0.3714	20.73	0.672635	0.089819	0.029696	0.009818
0.3714	21.10	0.672635	0.093013	0.036184	0.014076
0.3714	21.47	0.672635	0.091721	0.035394	0.013658
0.3714	21.84	0.672635	0.099789	0.037594	0.014163
0.3714	22.20	0.672635	0.118040	0.046529	0.018341
0.3714	22.57	0.672635	0.130068	0.053372	0.021901
0.3714	22.94	0.672635	0.134407	0.054362	0.021987
0.3714	23.31	0.672635	0.138152	0.061160	0.027076
0.3714	23.67	0.672635	0.142935	0.063895	0.028562
0.3714	24.04	0.672635	0.157177	0.066867	0.028447
0.3714	24.41	0.672635	0.157993	0.068203	0.029442
0.3714	24.78	0.672635	0.161872	0.072691	0.032643
0.3714	25.14	0.672635	0.174677	0.075746	0.032846
0.3714	25.51	0.672635	0.173267	0.085185	0.041880
0.3714	25.88	0.672635	0.174308	0.083596	0.040091
0.3714	26.24	0.672635	0.193173	0.082362	0.035117
0.3714	26.61	0.672635	0.204325	0.093887	0.043141
0.3714	26.98	0.672635	0.205930	0.098054	0.046689
0.3714	27.35	0.672635	0.195787	0.090023	0.041393
0.3714	27.71	0.672635	0.191094	0.094419	0.046652
0.3714	28.08	0.672635	0.201969	0.097978	0.047531
0.3714	28.45	0.672635	0.204981	0.105944	0.054757
0.3714	28.82	0.672635	0.208883	0.101980	0.049789
0.3714	29.18	0.672635	0.214427	0.110242	0.056678
0.3714	29.55	0.672635	0.231075	0.108996	0.051412
0.3714	29.92	0.672635	0.201770	0.091074	0.041109
0.3829	2.00	0.667328	0.050505	0.000000	0.000000
0.3829	2.37	0.667328	0.050505	0.000000	0.000000
0.3829	2.73	0.667328	0.050505	0.000000	0.000000
0.3829	3.10	0.667328	0.050505	0.000000	0.000000
0.3829	3.47	0.667328	0.050505	0.000000	0.000000
0.3829	3.84	0.667328	0.054924	0.007549	0.001038
0.3829	4.20	0.667328	0.054924	0.007335	0.000980
0.3829	4.57	0.667328	0.054609	0.007410	0.001005
0.3829	4.94	0.667328	0.054226	0.006921	0.000883
0.3829	5.31	0.667328	0.054961	0.007118	0.000922
0.3829	5.67	0.667328	0.054664	0.007192	0.000946
0.3829	6.04	0.667328	0.055871	0.007023	0.000883
0.3829	6.41	0.667328	0.055556	0.006388	0.000735
0.3829	6.78	0.667328	0.054961	0.007118	0.000922
0.3829	7.14	0.667328	0.065657	0.000000	0.000000
0.3829	7.51	0.667328	0.065657	0.000000	0.000000
0.3829	7.88	0.667328	0.065657	0.000000	0.000000
0.3829	8.24	0.667328	0.065657	0.000000	0.000000
0.3829	8.61	0.667328	0.065657	0.000000	0.000000
0.3829	8.98	0.667328	0.070707	0.000000	0.000000
0.3829	9.35	0.667328	0.070707	0.000000	0.000000
0.3829	9.71	0.667328	0.060606	0.010101	0.001684
0.3829	10.08	0.667328	0.053814	0.006118	0.000695
0.3829	10.45	0.667328	0.054882	0.007346	0.000983
0.3829	10.82	0.667328	0.054741	0.006920	0.000875
0.3829	11.18	0.667328	0.055836	0.008243	0.001217
0.3829	11.55	0.667328	0.057099	0.008232	0.001187
0.3829	11.92	0.667328	0.056518	0.007889	0.001101
0.3829	12.29	0.667328	0.057628	0.009130	0.001446
0.3829	12.65	0.667328	0.057532	0.008053	0.001127
0.3829	13.02	0.667328	0.056370	0.007154	0.000908
0.3829	13.39	0.667328	0.057540	0.007435	0.000961
0.3829	13.76	0.667328	0.060258	0.008169	0.001107
0.3829	14.12	0.667328	0.058616	0.008786	0.001317
0.3829	14.49	0.667328	0.057887	0.008470	0.001239
0.3829	14.86	0.667328	0.059809	0.009521	0.001516
0.3829	15.22	0.667328	0.058962	0.009478	0.001524
0.3829	15.59	0.667328	0.061261	0.012786	0.002669
0.3829	15.96	0.667328	0.067584	0.017514	0.004539
0.3829	16.33	0.667328	0.070276	0.021933	0.006845
0.3829	16.69	0.667328	0.075009	0.024099	0.007743
0.3829	17.06	0.667328	0.077243	0.025971	0.008732
0.3829	17.43	0.667328	0.080931	0.030251	0.011308
0.3829	17.80	0.667328	0.083553	0.032971	0.013011
0.3829	18.16	0.667328	0.086648	0.036742	0.015580
0.3829	18.53	0.667328	0.093434	0.041638	0.018555
0.3829	18.90	0.667328	0.096630	0.044310	0.020319
0.3829	19.27	0.667328	0.101171	0.047506	0.022307
0.3829	19.63	0.667328	0.108202	0.057044	0.030074
0.3829	20.00	0.667328	0.108371	0.057167	0.030156
0.3829	20.37	0.667328	0.114227	0.061795	0.033430
0.3829	20.73	0.667328	0.117998	0.064376	0.035122
0.3829	21.10	0.667328	0.129955	0.071541	0.039383
0.3829	21.47	0.667328	0.132979	0.073711	0.040859
0.3829	21.84	0.667328	0.135745	0.077498	0.044244
0.3829	22.20	0.667328	0.169767	0.092626	0.050538
0.3829	22.57	0.667328	0.177318	0.095139	0.051046
0.3829	22.94	0.667328	0.195734	0.102296	0.053463
0.3829	23.31	0.667328	0.224008	0.120330	0.064637
0.3829	23.67	0.667328	0.227160	0.124829	0.068596
0.3829	24.04	0.667328	0.224409	0.122903	0.067311
0.3829	24.41	0.667328	0.235907	0.125323	0.066576
0.3829	24.78	0.667328	0.244478	0.144872	0.085848
0.3829	25.14	0.667328	0.252160	0.123798	0.060779
0.3829	25.51	0.667328	0.268847	0.118493	0.052225
0.3829	25.88	0.667328	0.289821	0.135884	0.063710
0.3829	26.24	0.667328	0.295684	0.139659	0.065965
0.3829	26.61	0.667328	0.299642	0.139494	0.064939
0.3829	26.98	0.667328	0.305492	0.135914	0.060468
0.3829	27.35	0.667328	0.307597	0.158581	0.081756
0.3829	27.71	0.667328	0.318244	0.150132	0.070825
0.3829	28.08	0.667328	0.332940	0.163194	0.079992
0.3829	28.45	0.667328	0.350321	0.160534	0.073565
0.3829	28.82	0.667328	0.379607	0.156023	0.064127
0.3829	29.18	0.667328	0.373155	0.168182	0.075800
0.3829	29.55	0.667328	0.389952	0.157031	0.063235
0.3829	29.92	0.667328	0.388025	0.165625	0.070696
0.3943	2.00	0.642746	0.052688	0.002404	0.000110
0.3943	2.37	0.642746	0.052688	0.002404	0.000110
0.3943	2.73	0.642746	0.052688	0.002404	0.000110
0.3943	3.10	0.642746	0.052688	0.002404	0.000110
0.3943	3.47	0.642746	0.052688	0.002404	0.000110
0.3943	3.84	0.642746	0.052688	0.002404	0.000110
0.3943	4.20	0.642746	0.052688	0.002404	0.000110
0.3943	4.57	0.642746	0.052688	0.002404	0.000110
0.3943	4.94	0.642746	0.052688	0.002404	0.000110
0.3943	5.31	0.642746	0.054839	0.003951	0.000285
0.3943	5.67	0.642746	0.055408	0.003870	0.000270
0.3943	6.04	0.642746	0.055760	0.003937	0.000278
0.3943	6.41	0.642746	0.055645	0.004490	0.000362
0.3943	6.78	0.642746	0.055242	0.003930	0.000280
0.3943	7.14	0.642746	0.055484	0.003942	0.000280
0.3943	7.51	0.642746	0.055408	0.003870	0.000270
0.3943	7.88	0.642746	0.055787	0.004393	0.000346
0.3943	8.24	0.642746	0.055008	0.004375	0.000348
0.3943	8.61	0.642746	0.051613	0.000000	0.000000
0.3943	8.98	0.642746	0.058065	0.000000	0.000000
0.3943	9.35	0.642746	0.058065	0.005268	0.000478
0.3943	9.71	0.642746	0.064516	0.006452	0.000645
0.3943	10.08	0.642746	0.062366	0.010966	0.001928
0.3943	10.45	0.642746	0.062366	0.010966	0.001928
0.3943	10.82	0.642746	0.062366	0.010966	0.001928
0.3943	11.18	0.642746	0.067742	0.009677	0.001382
0.3943	11.55	0.642746	0.070968	0.006452	0.000587
0.3943	11.92	0.642746	0.060645	0.011249	0.002086
0.3943	12.29	0.642746	0.058404	0.006443	0.000711
0.3943	12.65	0.642746	0.057757	0.006444	0.000719
0.3943	13.02	0.642746	0.057258	0.007046	0.000867
0.3943	13.39	0.642746	0.057796	0.007087	0.000869
0.3943	13.76	0.642746	0.058295	0.007992	0.001096
0.3943	14.12	0.642746	0.059447	0.008852	0.001318
0.3943	14.49	0.642746	0.060546	0.008961	0.001326
0.3943	14.86	0.642746	0.062127	0.009316	0.001397
0.3943	15.22	0.642746	0.065472	0.012254	0.002294
0.3943	15.59	0.642746	0.063364	0.012440	0.002442
0.3943	15.96	0.642746	0.067362	0.019367	0.005568
0.3943	16.33	0.642746	0.065737	0.016004	0.003896
0.3943	16.69	0.642746	0.067494	0.016061	0.003822
0.3943	17.06	0.642746	0.068634	0.018220	0.004837
0.3943	17.43	0.642746	0.069703	0.019461	0.005433
0.3943	17.80	0.642746	0.069247	0.020123	0.005848
0.3943	18.16	0.642746	0.072389	0.022974	0.007291
0.3943	18.53	0.642746	0.075166	0.025031	0.008335
0.3943	18.90	0.642746	0.078226	0.030233	0.011684
0.3943	19.27	0.642746	0.082161	0.034967	0.014882
0.3943	19.63	0.642746	0.082494	0.035330	0.015131
0.3943	20.00	0.642746	0.085268	0.037416	0.016418
0.3943	20.37	0.642746	0.092600	0.037978	0.015576
0.3943	20.73	0.642746	0.098781	0.048286	0.023603
0.3943	21.10	0.642746	0.104839	0.055328	0.029199
0.3943	21.47	0.642746	0.106110	0.059076	0.032890
0.3943	21.84	0.642746	0.112792	0.059644	0.031540
0.3943	22.20	0.642746	0.114244	0.059266	0.030745
0.3943	22.57	0.642746	0.116604	0.058115	0.028965
0.3943	22.94	0.642746	0.121757	0.065654	0.035402
0.3943	23.31	0.642746	0.122920	0.068969	0.038698
0.3943	23.67	0.642746	0.124666	0.067627	0.036685
0.3943	24.04	0.642746	0.131586	0.071074	0.038390
0.3943	24.41	0.642746	0.139105	0.073980	0.039345
0.3943	24.78	0.642746	0.143199	0.080248	0.044970
0.3943	25.14	0.642746	0.153015	0.082370	0.044341
0.3943	25.51	0.642746	0.165866	0.093264	0.052441
0.3943	25.88	0.642746	0.151613	0.083946	0.046480
0.3943	26.24	0.642746	0.149882	0.083915	0.046982
0.3943	26.61	0.642746	0.153007	0.082666	0.044662
0.3943	26.98	0.642746	0.161211	0.084012	0.043781
0.3943	27.35	0.642746	0.167823	0.088009	0.046153
0.3943	27.71	0.642746	0.179202	0.092826	0.048084
0.3943	28.08	0.642746	0.188354	0.105274	0.058840
0.3943	28.45	0.642746	0.183605	0.102691	0.057435
0.3943	28.82	0.642746	0.208723	0.122732	0.072168
0.3943	29.18	0.642746	0.217322	0.115434	0.061315
0.3943	29.55	0.642746	0.227027	0.126899	0.070931
0.3943	29.92	0.642746	0.222108	0.129179	0.075131
0.4057	2.00	0.665752	0.000000	0.000000	0.000000
0.4057	2.37	0.665752	0.000000	0.000000	0.000000
0.4057	2.73	0.665752	0.000000	0.000000	0.000000
0.4057	3.10	0.665752	0.000000	0.000000	0.000000
0.4057	3.47	0.665752	0.000000	0.000000	0.000000
0.4057	3.84	0.665752	0.000000	0.000000	0.000000
0.4057	4.20	0.665752	0.000000	0.000000	0.000000
0.4057	4.57	0.665752	0.000000	0.000000	0.000000
0.4057	4.94	0.665752	0.000000	0.000000	0.000000
0.4057	5.31	0.665752	0.000000	0.000000	0.000000
0.4057	5.67	0.665752	0.000000	0.000000	0.000000
0.4057	6.04	0.665752	0.000000	0.000000	0.000000
0.4057	6.41	0.665752	0.000000	0.000000	0.000000
0.4057	6.78	0.665752	0.000000	0.000000	0.000000
0.4057	7.14	0.665752	0.000000	0.000000	0.000000
0.4057	7.51	0.665752	0.000000	0.000000	0.000000
0.4057	7.88	0.665752	0.000000	0.000000	0.000000
0.4057	8.24	0.665752	0.000000	0.000000	0.000000
0.4057	8.61	0.665752	0.000000	0.000000	0.000000
0.4057	8.98	0.665752	0.000000	0.000000	0.000000
0.4057	9.35	0.665752	0.000000	0.000000	0.000000
0.4057	9.71	0.665752	0.054297	0.003023	0.000168
0.4057	10.08	0.665752	0.054769	0.005085	0.000472
0.4057	10.45	0.665752	0.053824	0.002833	0.000149
0.4057	10.82	0.665752	0.054178	0.003303	0.000201
0.4057	11.18	0.665752	0.053052	0.002981	0.000168
0.4057	11.55	0.665752	0.053258	0.003051	0.000175
0.4057	11.92	0.665752	0.000000	0.000000	0.000000
0.4057	12.29	0.665752	0.000000	0.000000	0.000000
0.4057	12.65	0.665752	0.062323	0.000000	0.000000
0.4057	13.02	0.665752	0.050992	0.000000	0.000000
0.4057	13.39	0.665752	0.053824	0.002833	0.000149
0.4057	13.76	0.665752	0.059490	0.008499	0.001214
0.4057	14.12	0.665752	0.055241	0.004758	0.000410
0.4057	14.49	0.665752	0.053470	0.003147	0.000185
0.4057	14.86	0.665752	0.055824	0.005811	0.000605
0.4057	15.22	0.665752	0.056893	0.004969	0.000434
0.4057	15.59	0.665752	0.057224	0.006799	0.000808
0.4057	15.96	0.665752	0.058183	0.007627	0.001000
0.4057	16.33	0.665752	0.059667	0.011513	0.002221
0.4057	16.69	0.665752	0.062220	0.014794	0.003517
0.4057	17.06	0.665752	0.063805	0.013176	0.002721
0.4057	17.43	0.665752	0.064075	0.016690	0.004347
0.4057	17.80	0.665752	0.069405	0.018201	0.004773
0.4057	18.16	0.665752	0.069543	0.020935	0.006302
0.4057	18.53	0.665752	0.072587	0.021095	0.006131
0.4057	18.90	0.665752	0.077138	0.023186	0.006969
0.4057	19.27	0.665752	0.077489	0.027083	0.009466
0.4057	19.63	0.665752	0.081253	0.025837	0.008216
0.4057	20.00	0.665752	0.091135	0.032867	0.011853
0.4057	20.37	0.665752	0.101111	0.035883	0.012734
0.4057	20.73	0.665752	0.093835	0.037871	0.015284
0.4057	21.10	0.665752	0.099569	0.041095	0.016962
0.4057	21.47	0.665752	0.098312	0.037739	0.014487
0.4057	21.84	0.665752	0.107678	0.048953	0.022255
0.4057	22.20	0.665752	0.119673	0.051792	0.022414
0.4057	22.57	0.665752	0.114825	0.048800	0.020739
0.4057	22.94	0.665752	0.116568	0.046830	0.018814
0.4057	23.31	0.665752	0.121469	0.051318	0.021681
0.4057	23.67	0.665752	0.121968	0.052281	0.022410
0.4057	24.04	0.665752	0.124079	0.051318	0.021224
0.4057	24.41	0.665752	0.137296	0.058867	0.025240
0.4057	24.78	0.665752	0.153179	0.074052	0.035800
0.4057	25.14	0.665752	0.161298	0.077284	0.037030
0.4057	25.51	0.665752	0.167443	0.076041	0.034533
0.4057	25.88	0.665752	0.172149	0.086855	0.043822
0.4057	26.24	0.665752	0.177188	0.084304	0.040111
0.4057	26.61	0.665752	0.181215	0.085847	0.040668
0.4057	26.98	0.665752	0.182218	0.096292	0.050885
0.4057	27.35	0.665752	0.198426	0.091618	0.042302
0.4057	27.71	0.665752	0.195999	0.099982	0.051002
0.4057	28.08	0.665752	0.199068	0.096374	0.046657
0.4057	28.45	0.665752	0.203119	0.101035	0.050257
0.4057	28.82	0.665752	0.220276	0.102220	0.047436
0.4057	29.18	0.665752	0.208135	0.099097	0.047182
0.4057	29.55	0.665752	0.214426	0.104556	0.050983
0.4057	29.92	0.665752	0.225914	0.103090	0.047042
0.4171	2.00	0.660086	0.000000	0.000000	0.000000
0.4171	2.37	0.660086	0.000000	0.000000	0.000000
0.4171	2.73	0.660086	0.000000	0.000000	0.000000
0.4171	3.10	0.660086	0.000000	0.000000	0.000000
0.4171	3.47	0.660086	0.000000	0.000000	0.000000
0.4171	3.84	0.660086	0.000000	0.000000	0.000000
0.4171	4.20	0.660086	0.000000	0.000000	0.000000
0.4171	4.57	0.660086	0.000000	0.000000	0.000000
0.4171	4.94	0.660086	0.000000	0.000000	0.000000
0.4171	5.31	0.660086	0.000000	0.000000	0.000000
0.4171	5.67	0.660086	0.000000	0.000000	0.000000
0.4171	6.04	0.660086	0.000000	0.000000	0.000000
0.4171	6.41	0.660086	0.051913	0.000000	0.000000
0.4171	6.78	0.660086	0.051913	0.000000	0.000000
0.4171	7.14	0.660086	0.054645	0.000000	0.000000
0.4171	7.51	0.660086	0.051913	0.000000	0.000000
0.4171	7.88	0.660086	0.051913	0.000000	0.000000
0.4171	8.24	0.660086	0.057377	0.000000	0.000000
0.4171	8.61	0.660086	0.000000	0.000000	0.000000
0.4171	8.98	0.660086	0.000000	0.000000	0.000000
0.4171	9.35	0.660086	0.000000	0.000000	0.000000
0.4171	9.71	0.660086	0.000000	0.000000	0.000000
0.4171	10.08	0.660086	0.000000	0.000000	0.000000
0.4171	10.45	0.660086	0.000000	0.000000	0.000000
0.4171	10.82	0.660086	0.057377	0.000000	0.000000
0.4171	11.18	0.660086	0.057377	0.000000	0.000000
0.4171	11.55	0.660086	0.060109	0.000000	0.000000
0.4171	11.92	0.660086	0.060109	0.000000	0.000000
0.4171	12.29	0.660086	0.060109	0.000000	0.000000
0.4171	12.65	0.660086	0.057377	0.000000	0.000000
0.4171	13.02	0.660086	0.054645	0.000000	0.000000
0.4171	13.39	0.660086	0.053279	0.001366	0.000035
0.4171	13.76	0.660086	0.053552	0.002186	0.000089
0.4171	14.12	0.660086	0.053734	0.002036	0.000077
0.4171	14.49	0.660086	0.057832	0.008556	0.001266
0.4171	14.86	0.660086	0.057036	0.006023	0.000636
0.4171	15.22	0.660086	0.059502	0.008123	0.001109
0.4171	15.59	0.660086	0.059634	0.007629	0.000976
0.4171	15.96	0.660086	0.061093	0.009953	0.001622
0.4171	16.33	0.660086	0.062401	0.009866	0.001560
0.4171	16.69	0.660086	0.063561	0.011031	0.001914
0.4171	17.06	0.660086	0.063649	0.012157	0.002322
0.4171	17.43	0.660086	0.059002	0.006855	0.000796
0.4171	17.80	0.660086	0.060179	0.009104	0.001377
0.4171	18.16	0.660086	0.061178	0.008186	0.001095
0.4171	18.53	0.660086	0.062199	0.010317	0.001711
0.4171	18.90	0.660086	0.063049	0.011702	0.002172
0.4171	19.27	0.660086	0.065448	0.013216	0.002669
0.4171	19.63	0.660086	0.073501	0.016887	0.003880
0.4171	20.00	0.660086	0.077063	0.021759	0.006143
0.4171	20.37	0.660086	0.077305	0.023193	0.006958
0.4171	20.73	0.660086	0.082974	0.024212	0.007065
0.4171	21.10	0.660086	0.084551	0.025971	0.007978
0.4171	21.47	0.660086	0.086856	0.032630	0.012259
0.4171	21.84	0.660086	0.091729	0.030076	0.009861
0.4171	22.20	0.660086	0.094237	0.031156	0.010300
0.4171	22.57	0.660086	0.098068	0.035822	0.013085
0.4171	22.94	0.660086	0.098640	0.034694	0.012203
0.4171	23.31	0.660086	0.103393	0.039019	0.014726
0.4171	23.67	0.660086	0.099333	0.036215	0.013204
0.4171	24.04	0.660086	0.107077	0.043051	0.017309
0.4171	24.41	0.660086	0.111712	0.046543	0.019391
0.4171	24.78	0.660086	0.114141	0.048252	0.020398
0.4171	25.14	0.660086	0.120439	0.053762	0.023999
0.4171	25.51	0.660086	0.119109	0.050197	0.021154
0.4171	25.88	0.660086	0.134689	0.049146	0.017932
0.4171	26.24	0.660086	0.146286	0.056558	0.021866
0.4171	26.61	0.660086	0.165390	0.059443	0.021365
0.4171	26.98	0.660086	0.151721	0.056792	0.021258
0.4171	27.35	0.660086	0.165410	0.063631	0.024478
0.4171	27.71	0.660086	0.155464	0.063901	0.026266
0.4171	28.08	0.660086	0.153141	0.061577	0.024760
0.4171	28.45	0.660086	0.177228	0.071660	0.028975
0.4171	28.82	0.660086	0.167700	0.063358	0.023937
0.4171	29.18	0.660086	0.181292	0.072069	0.028649
0.4171	29.55	0.660086	0.193619	0.071768	0.026602
0.4171	29.92	0.660086	0.188997	0.070471	0.026276
0.4286	2.00	0.643635	0.059406	0.000000	0.000000
0.4286	2.37	0.643635	0.054455	0.000000	0.000000
0.4286	2.73	0.643635	0.054455	0.000000	0.000000
0.4286	3.10	0.643635	0.059406	0.000000	0.000000
0.4286	3.47	0.643635	0.059406	0.000000	0.000000
0.4286	3.84	0.643635	0.000000	0.000000	0.000000
0.4286	4.20	0.643635	0.000000	0.000000	0.000000
0.4286	4.57	0.643635	0.000000	0.000000	0.000000
0.4286	4.94	0.643635	0.000000	0.000000	0.000000
0.4286	5.31	0.643635	0.000000	0.000000	0.000000
0.4286	5.67	0.643635	0.000000	0.000000	0.000000
0.4286	6.04	0.643635	0.000000	0.000000	0.000000
0.4286	6.41	0.643635	0.000000	0.000000	0.000000
0.4286	6.78	0.643635	0.056436	0.003960	0.000278
0.4286	7.14	0.643635	0.055446	0.001980	0.000071
0.4286	7.51	0.643635	0.055693	0.002144	0.000083
0.4286	7.88	0.643635	0.056106	0.002334	0.000097
0.4286	8.24	0.643635	0.057756	0.003690	0.000236
0.4286	8.61	0.643635	0.056577	0.002450	0.000106
0.4286	8.98	0.643635	0.057284	0.002450	0.000105
0.4286	9.35	0.643635	0.056577	0.002450	0.000106
0.4286	9.71	0.643635	0.000000	0.000000	0.000000
0.4286	10.08	0.643635	0.054455	0.000000	0.000000
0.4286	10.45	0.643635	0.000000	0.000000	0.000000
0.4286	10.82	0.643635	0.054455	0.000000	0.000000
0.4286	11.18	0.643635	0.000000	0.000000	0.000000
0.4286	11.55	0.643635	0.054455	0.000000	0.000000
0.4286	11.92	0.643635	0.054455	0.000000	0.000000
0.4286	12.29	0.643635	0.054455	0.000000	0.000000
0.4286	12.65	0.643635	0.055693	0.002144	0.000083
0.4286	13.02	0.643635	0.067657	0.017069	0.004307
0.4286	13.39	0.643635	0.072277	0.016744	0.003879
0.4286	13.76	0.643635	0.066213	0.017492	0.004621
0.4286	14.12	0.643635	0.064356	0.015965	0.003960
0.4286	14.49	0.643635	0.065064	0.016404	0.004136
0.4286	14.86	0.643635	0.064666	0.022514	0.007839
0.4286	15.22	0.643635	0.067107	0.021530	0.006907
0.4286	15.59	0.643635	0.070882	0.020323	0.005827
0.4286	15.96	0.643635	0.063018	0.010272	0.001674
0.4286	16.33	0.643635	0.066641	0.013995	0.002939
0.4286	16.69	0.643635	0.065277	0.010199	0.001594
0.4286	17.06	0.643635	0.066074	0.012791	0.002476
0.4286	17.43	0.643635	0.066927	0.012067	0.002176
0.4286	17.80	0.643635	0.068333	0.015391	0.003467
0.4286	18.16	0.643635	0.070605	0.015932	0.003595
0.4286	18.53	0.643635	0.072536	0.017331	0.004141
0.4286	18.90	0.643635	0.083468	0.032013	0.012278
0.4286	19.27	0.643635	0.086425	0.035924	0.014932
0.4286	19.63	0.643635	0.088418	0.038673	0.016915
0.4286	20.00	0.643635	0.094413	0.044271	0.020759
0.4286	20.37	0.643635	0.097474	0.044673	0.020474
0.4286	20.73	0.643635	0.098151	0.047872	0.023349
0.4286	21.10	0.643635	0.103460	0.049527	0.023709
0.4286	21.47	0.643635	0.101894	0.050403	0.024932
0.4286	21.84	0.643635	0.102052	0.045384	0.020183
0.4286	22.20	0.643635	0.106883	0.052913	0.026195
0.4286	22.57	0.643635	0.112788	0.056392	0.028195
0.4286	22.94	0.643635	0.124414	0.062606	0.031504
0.4286	23.31	0.643635	0.127735	0.063136	0.031207
0.4286	23.67	0.643635	0.136045	0.064223	0.030318
0.4286	24.04	0.643635	0.132848	0.067618	0.034416
0.4286	24.41	0.643635	0.132732	0.065335	0.032160
0.4286	24.78	0.643635	0.147636	0.084154	0.047968
0.4286	25.14	0.643635	0.157940	0.083581	0.044231
0.4286	25.51	0.643635	0.160414	0.091241	0.051896
0.4286	25.88	0.643635	0.158737	0.095494	0.057448
0.4286	26.24	0.643635	0.171374	0.097976	0.056013
0.4286	26.61	0.643635	0.177868	0.101728	0.058182
0.4286	26.98	0.643635	0.189717	0.105683	0.058872
0.4286	27.35	0.643635	0.190620	0.087383	0.040058
0.4286	27.71	0.643635	0.189119	0.086449	0.039517
0.4286	28.08	0.643635	0.191002	0.089462	0.041902
0.4286	28.45	0.643635	0.200945	0.092710	0.042774
0.4286	28.82	0.643635	0.206989	0.097692	0.046108
0.4286	29.18	0.643635	0.222947	0.097571	0.042701
0.4286	29.55	0.643635	0.220542	0.103518	0.048590
0.4286	29.92	0.643635	0.241701	0.097939	0.039685
0.4400	2.00	0.643090	0.059361	0.007572	0.000966
0.4400	2.37	0.643090	0.058447	0.006058	0.000628
0.4400	2.73	0.643090	0.059536	0.008657	0.001259
0.4400	3.10	0.643090	0.059153	0.006706	0.000760
0.4400	3.47	0.643090	0.059536	0.008657	0.001259
0.4400	3.84	0.643090	0.059932	0.008898	0.001321
0.4400	4.20	0.643090	0.059932	0.007464	0.000930
0.4400	4.57	0.643090	0.061117	0.010900	0.001944
0.4400	4.94	0.643090	0.056164	0.002740	0.000134
0.4400	5.31	0.643090	0.057839	0.003403	0.000200
0.4400	5.67	0.643090	0.056849	0.003139	0.000173
0.4400	6.04	0.643090	0.057839	0.003403	0.000200
0.4400	6.41	0.643090	0.059687	0.006032	0.000610
0.4400	6.78	0.643090	0.058708	0.004989	0.000424
0.4400	7.14	0.643090	0.057839	0.004691	0.000381
0.4400	7.51	0.643090	0.058219	0.003425	0.000201
0.4400	7.88	0.643090	0.057078	0.003229	0.000183
0.4400	8.24	0.643090	0.055936	0.002553	0.000116
0.4400	8.61	0.643090	0.056507	0.002966	0.000156
0.4400	8.98	0.643090	0.055936	0.002553	0.000116
0.4400	9.35	0.643090	0.055936	0.002553	0.000116
0.4400	9.71	0.643090	0.056164	0.002740	0.000134
0.4400	10.08	0.643090	0.056164	0.002740	0.000134
0.4400	10.45	0.643090	0.055936	0.002553	0.000116
0.4400	10.82	0.643090	0.055936	0.002553	0.000116
0.4400	11.18	0.643090	0.055936	0.002553	0.000116
0.4400	11.55	0.643090	0.056507	0.002966	0.000156
0.4400	11.92	0.643090	0.058647	0.005398	0.000497
0.4400	12.29	0.643090	0.059503	0.006277	0.000662
0.4400	12.65	0.643090	0.059629	0.006110	0.000626
0.4400	13.02	0.643090	0.059226	0.005726	0.000554
0.4400	13.39	0.643090	0.059481	0.006686	0.000752
0.4400	13.76	0.643090	0.059261	0.007451	0.000937
0.4400	14.12	0.643090	0.058070	0.005294	0.000483
0.4400	14.49	0.643090	0.058505	0.006843	0.000800
0.4400	14.86	0.643090	0.060375	0.009693	0.001556
0.4400	15.22	0.643090	0.059568	0.008171	0.001121
0.4400	15.59	0.643090	0.067316	0.012381	0.002277
0.4400	15.96	0.643090	0.068921	0.015920	0.003677
0.4400	16.33	0.643090	0.068592	0.016594	0.004014
0.4400	16.69	0.643090	0.069150	0.016159	0.003776
0.4400	17.06	0.643090	0.072298	0.016617	0.003819
0.4400	17.43	0.643090	0.071830	0.016840	0.003948
0.4400	17.80	0.643090	0.072896	0.018567	0.004729
0.4400	18.16	0.643090	0.074853	0.020515	0.005622
0.4400	18.53	0.643090	0.078066	0.022020	0.006211
0.4400	18.90	0.643090	0.070118	0.013602	0.002639
0.4400	19.27	0.643090	0.072579	0.015442	0.003285
0.4400	19.63	0.643090	0.071817	0.015517	0.003352
0.4400	20.00	0.643090	0.073372	0.017174	0.004020
0.4400	20.37	0.643090	0.074982	0.018456	0.004543
0.4400	20.73	0.643090	0.075765	0.020487	0.005540
0.4400	21.10	0.643090	0.075028	0.019564	0.005102
0.4400	21.47	0.643090	0.077169	0.021044	0.005739
0.4400	21.84	0.643090	0.078916	0.021363	0.005783
0.4400	22.20	0.643090	0.079813	0.021494	0.005788
0.4400	22.57	0.643090	0.087503	0.033160	0.012567
0.4400	22.94	0.643090	0.091987	0.033440	0.012157
0.4400	23.31	0.643090	0.091601	0.031719	0.010984
0.4400	23.67	0.643090	0.095205	0.034034	0.012166
0.4400	24.04	0.643090	0.094455	0.034548	0.012636
0.4400	24.41	0.643090	0.098997	0.037296	0.014051
0.4400	24.78	0.643090	0.103120	0.038154	0.014117
0.4400	25.14	0.643090	0.108116	0.040525	0.015190
0.4400	25.51	0.643090	0.111744	0.043094	0.016619
0.4400	25.88	0.643090	0.107132	0.043349	0.017541
0.4400	26.24	0.643090	0.108742	0.046727	0.020079
0.4400	26.61	0.643090	0.111775	0.051403	0.023640
0.4400	26.98	0.643090	0.120580	0.054257	0.024414
0.4400	27.35	0.643090	0.126825	0.051849	0.021197
0.4400	27.71	0.643090	0.127265	0.054945	0.023721
0.4400	28.08	0.643090	0.128219	0.055188	0.023754
0.4400	28.45	0.643090	0.127222	0.057544	0.026028
0.4400	28.82	0.643090	0.126906	0.052948	0.022091
0.4400	29.18	0.643090	0.137218	0.065173	0.030955
0.4400	29.55	0.643090	0.139168	0.063454	0.028932
0.4400	29.92	0.643090	0.135060	0.063431	0.029790
0.4514	2.00	0.672419	0.052411	0.002965	0.000168
0.4514	2.37	0.672419	0.053459	0.003145	0.000185
0.4514	2.73	0.672419	0.051363	0.001482	0.000043
0.4514	3.10	0.672419	0.000000	0.000000	0.000000
0.4514	3.47	0.672419	0.000000	0.000000	0.000000
0.4514	3.84	0.672419	0.000000	0.000000	0.000000
0.4514	4.20	0.672419	0.000000	0.000000	0.000000
0.4514	4.57	0.672419	0.000000	0.000000	0.000000
0.4514	4.94	0.672419	0.000000	0.000000	0.000000
0.4514	5.31	0.672419	0.000000	0.000000	0.000000
0.4514	5.67	0.672419	0.000000	0.000000	0.000000
0.4514	6.04	0.672419	0.000000	0.000000	0.000000
0.4514	6.41	0.672419	0.000000	0.000000	0.000000
0.4514	6.78	0.672419	0.000000	0.000000	0.000000
0.4514	7.14	0.672419	0.000000	0.000000	0.000000
0.4514	7.51	0.672419	0.000000	0.000000	0.000000
0.4514	7.88	0.672419	0.056604	0.000000	0.000000
0.4514	8.24	0.672419	0.053459	0.003145	0.000185
0.4514	8.61	0.672419	0.056604	0.000000	0.000000
0.4514	8.98	0.672419	0.053459	0.000000	0.000000
0.4514	9.35	0.672419	0.051887	0.001572	0.000048
0.4514	9.71	0.672419	0.051887	0.002723	0.000143
0.4514	10.08	0.672419	0.050314	0.000000	0.000000
0.4514	10.45	0.672419	0.050314	0.000000	0.000000
0.4514	10.82	0.672419	0.050314	0.000000	0.000000
0.4514	11.18	0.672419	0.053459	0.000000	0.000000
0.4514	11.55	0.672419	0.055031	0.001572	0.000045
0.4514	11.92	0.672419	0.055031	0.001572	0.000045
0.4514	12.29	0.672419	0.051887	0.001572	0.000048
0.4514	12.65	0.672419	0.052411	0.001482	0.000042
0.4514	13.02	0.672419	0.052411	0.001482	0.000042
0.4514	13.39	0.672419	0.053983	0.004599	0.000392
0.4514	13.76	0.672419	0.053908	0.003112	0.000180
0.4514	14.12	0.672419	0.054769	0.004882	0.000435
0.4514	14.49	0.672419	0.056014	0.005693	0.000579
0.4514	14.86	0.672419	0.058928	0.010167	0.001754
0.4514	15.22	0.672419	0.056821	0.006654	0.000779
0.4514	15.59	0.672419	0.060211	0.009061	0.001363
0.4514	15.96	0.672419	0.059591	0.008138	0.001111
0.4514	16.33	0.672419	0.061925	0.009916	0.001588
0.4514	16.69	0.672419	0.063110	0.011515	0.002101
0.4514	17.06	0.672419	0.065125	0.014181	0.003088
0.4514	17.43	0.672419	0.069182	0.015964	0.003684
0.4514	17.80	0.672419	0.069274	0.016553	0.003956
0.4514	18.16	0.672419	0.069795	0.017082	0.004181
0.4514	18.53	0.672419	0.071266	0.020128	0.005685
0.4514	18.90	0.672419	0.073675	0.023445	0.007461
0.4514	19.27	0.672419	0.077292	0.022707	0.006671
0.4514	19.63	0.672419	0.082759	0.030886	0.011527
0.4514	20.00	0.672419	0.085557	0.031105	0.011309
0.4514	20.37	0.672419	0.091981	0.036540	0.014516
0.4514	20.73	0.672419	0.095278	0.038873	0.015860
0.4514	21.10	0.672419	0.099244	0.040636	0.016638
0.4514	21.47	0.672419	0.105271	0.041928	0.016699
0.4514	21.84	0.672419	0.109808	0.043359	0.017121
0.4514	22.20	0.672419	0.118757	0.048755	0.020016
0.4514	22.57	0.672419	0.125437	0.052460	0.021940
0.4514	22.94	0.672419	0.125163	0.050174	0.020113
0.4514	23.31	0.672419	0.131181	0.059500	0.026987
0.4514	23.67	0.672419	0.135711	0.061924	0.028255
0.4514	24.04	0.672419	0.149458	0.060105	0.024171
0.4514	24.41	0.672419	0.139010	0.069811	0.035059
0.4514	24.78	0.672419	0.141639	0.065965	0.030721
0.4514	25.14	0.672419	0.160258	0.069686	0.030302
0.4514	25.51	0.672419	0.165844	0.080967	0.039530
0.4514	25.88	0.672419	0.166515	0.073234	0.032209
0.4514	26.24	0.672419	0.180467	0.084458	0.039526
0.4514	26.61	0.672419	0.171279	0.087420	0.044619
0.4514	26.98	0.672419	0.179964	0.079839	0.035420
0.4514	27.35	0.672419	0.191663	0.094942	0.047031
0.4514	27.71	0.672419	0.176634	0.079972	0.036208
0.4514	28.08	0.672419	0.197503	0.093920	0.044663
0.4514	28.45	0.672419	0.199860	0.086154	0.037139
0.4514	28.82	0.672419	0.155660	0.065973	0.027961
0.4514	29.18	0.672419	0.157088	0.057996	0.021412
0.4514	29.55	0.672419	0.161789	0.068812	0.029267
0.4514	29.92	0.672419	0.170984	0.069673	0.028390
0.4629	2.00	0.645129	0.053942	0.000000	0.000000
0.4629	2.37	0.645129	0.056017	0.002075	0.000077
0.4629	2.73	0.645129	0.056017	0.002075	0.000077
0.4629	3.10	0.645129	0.053942	0.000000	0.000000
0.4629	3.47	0.645129	0.056017	0.002075	0.000077
0.4629	3.84	0.645129	0.056017	0.002075	0.000077
0.4629	4.20	0.645129	0.056017	0.002075	0.000077
0.4629	4.57	0.645129	0.056017	0.002075	0.000077
0.4629	4.94	0.645129	0.000000	0.000000	0.000000
0.4629	5.31	0.645129	0.000000	0.000000	0.000000
0.4629	5.67	0.645129	0.000000	0.000000	0.000000
0.4629	6.04	0.645129	0.000000	0.000000	0.000000
0.4629	6.41	0.645129	0.053942	0.000000	0.000000
0.4629	6.78	0.645129	0.058091	0.000000	0.000000
0.4629	7.14	0.645129	0.062241	0.000000	0.000000
0.4629	7.51	0.645129	0.062241	0.000000	0.000000
0.4629	7.88	0.645129	0.000000	0.000000	0.000000
0.4629	8.24	0.645129	0.000000	0.000000	0.000000
0.4629	8.61	0.645129	0.000000	0.000000	0.000000
0.4629	8.98	0.645129	0.000000	0.000000	0.000000
0.4629	9.35	0.645129	0.000000	0.000000	0.000000
0.4629	9.71	0.645129	0.000000	0.000000	0.000000
0.4629	10.08	0.645129	0.000000	0.000000	0.000000
0.4629	10.45	0.645129	0.053942	0.000000	0.000000
0.4629	10.82	0.645129	0.053942	0.000000	0.000000
0.4629	11.18	0.645129	0.053942	0.000000	0.000000
0.4629	11.55	0.645129	0.053942	0.000000	0.000000
0.4629	11.92	0.645129	0.053942	0.000000	0.000000
0.4629	12.29	0.645129	0.053942	0.000000	0.000000
0.4629	12.65	0.645129	0.057261	0.004839	0.000409
0.4629	13.02	0.645129	0.055720	0.003023	0.000164
0.4629	13.39	0.645129	0.061203	0.006802	0.000756
0.4629	13.76	0.645129	0.061780	0.006321	0.000647
0.4629	14.12	0.645129	0.060581	0.007989	0.001053
0.4629	14.49	0.645129	0.062485	0.012116	0.002349
0.4629	14.86	0.645129	0.065402	0.018195	0.005062
0.4629	15.22	0.645129	0.067292	0.017602	0.004605
0.4629	15.59	0.645129	0.066962	0.016588	0.004109
0.4629	15.96	0.645129	0.065717	0.015511	0.003661
0.4629	16.33	0.645129	0.076349	0.024106	0.007611
0.4629	16.69	0.645129	0.083172	0.029895	0.010746
0.4629	17.06	0.645129	0.085266	0.033056	0.012815
0.4629	17.43	0.645129	0.092116	0.034617	0.013009
0.4629	17.80	0.645129	0.088684	0.034002	0.013036
0.4629	18.16	0.645129	0.091414	0.040772	0.018185
0.4629	18.53	0.645129	0.094902	0.037613	0.014907
0.4629	18.90	0.645129	0.097453	0.044604	0.020416
0.4629	19.27	0.645129	0.080567	0.024937	0.007718
0.4629	19.63	0.645129	0.086649	0.028661	0.009480
0.4629	20.00	0.645129	0.087439	0.030369	0.010548
0.4629	20.37	0.645129	0.089061	0.036224	0.014733
0.4629	20.73	0.645129	0.092370	0.038943	0.016419
0.4629	21.10	0.645129	0.100968	0.043154	0.018444
0.4629	21.47	0.645129	0.105348	0.048488	0.022317
0.4629	21.84	0.645129	0.130619	0.061244	0.028716
0.4629	22.20	0.645129	0.139740	0.075230	0.040501
0.4629	22.57	0.645129	0.147170	0.077429	0.040736
0.4629	22.94	0.645129	0.159250	0.081676	0.041890
0.4629	23.31	0.645129	0.156115	0.083083	0.044216
0.4629	23.67	0.645129	0.163120	0.085996	0.045337
0.4629	24.04	0.645129	0.174462	0.088708	0.045105
0.4629	24.41	0.645129	0.172701	0.093395	0.050507
0.4629	24.78	0.645129	0.221006	0.111370	0.056122
0.4629	25.14	0.645129	0.232693	0.106209	0.048478
0.4629	25.51	0.645129	0.227601	0.120811	0.064126
0.4629	25.88	0.645129	0.243558	0.119605	0.058735
0.4629	26.24	0.645129	0.238589	0.132520	0.073606
0.4629	26.61	0.645129	0.256076	0.133398	0.069491
0.4629	26.98	0.645129	0.227584	0.116557	0.059695
0.4629	27.35	0.645129	0.256362	0.121960	0.058020
0.4629	27.71	0.645129	0.261707	0.115685	0.051138
0.4629	28.08	0.645129	0.254625	0.119094	0.055703
0.4629	28.45	0.645129	0.262251	0.125599	0.060153
0.4629	28.82	0.645129	0.267366	0.125740	0.059134
0.4629	29.18	0.645129	0.281269	0.127454	0.057755
0.4629	29.55	0.645129	0.257538	0.115965	0.052217
0.4629	29.92	0.645129	0.260843	0.119135	0.054412
0.4743	2.00	0.652392	0.000000	0.000000	0.000000
0.4743	2.37	0.652392	0.000000	0.000000	0.000000
0.4743	2.73	0.652392	0.000000	0.000000	0.000000
0.4743	3.10	0.652392	0.000000	0.000000	0.000000
0.4743	3.47	0.652392	0.000000	0.000000	0.000000
0.4743	3.84	0.652392	0.000000	0.000000	0.000000
0.4743	4.20	0.652392	0.000000	0.000000	0.000000
0.4743	4.57	0.652392	0.000000	0.000000	0.000000
0.4743	4.94	0.652392	0.000000	0.000000	0.000000
0.4743	5.31	0.652392	0.000000	0.000000	0.000000
0.4743	5.67	0.652392	0.000000	0.000000	0.000000
0.4743	6.04	0.652392	0.000000	0.000000	0.000000
0.4743	6.41	0.652392	0.000000	0.000000	0.000000
0.4743	6.78	0.652392	0.000000	0.000000	0.000000
0.4743	7.14	0.652392	0.053012	0.000000	0.000000
0.4743	7.51	0.652392	0.053012	0.000000	0.000000
0.4743	7.88	0.652392	0.055422	0.000000	0.000000
0.4743	8.24	0.652392	0.055422	0.000000	0.000000
0.4743	8.61	0.652392	0.053012	0.000000	0.000000
0.4743	8.98	0.652392	0.000000	0.000000	0.000000
0.4743	9.35	0.652392	0.000000	0.000000	0.000000
0.4743	9.71	0.652392	0.000000	0.000000	0.000000
0.4743	10.08	0.652392	0.000000	0.000000	0.000000
0.4743	10.45	0.652392	0.000000	0.000000	0.000000
0.4743	10.82	0.652392	0.050602	0.000000	0.000000
0.4743	11.18	0.652392	0.050602	0.000000	0.000000
0.4743	11.55	0.652392	0.050602	0.000000	0.000000
0.4743	11.92	0.652392	0.051807	0.001205	0.000028
0.4743	12.29	0.652392	0.050602	0.000000	0.000000
0.4743	12.65	0.652392	0.054217	0.001205	0.000027
0.4743	13.02	0.652392	0.054217	0.001205	0.000027
0.4743	13.39	0.652392	0.051807	0.001205	0.000028
0.4743	13.76	0.652392	0.051566	0.001928	0.000072
0.4743	14.12	0.652392	0.053012	0.002782	0.000146
0.4743	14.49	0.652392	0.056627	0.006024	0.000641
0.4743	14.86	0.652392	0.054107	0.004859	0.000436
0.4743	15.22	0.652392	0.055422	0.004911	0.000435
0.4743	15.59	0.652392	0.058153	0.006275	0.000677
0.4743	15.96	0.652392	0.059639	0.006460	0.000700
0.4743	16.33	0.652392	0.057503	0.006004	0.000627
0.4743	16.69	0.652392	0.060470	0.013609	0.003063
0.4743	17.06	0.652392	0.061289	0.011971	0.002338
0.4743	17.43	0.652392	0.062918	0.011194	0.001992
0.4743	17.80	0.652392	0.065760	0.012259	0.002285
0.4743	18.16	0.652392	0.063021	0.013102	0.002724
0.4743	18.53	0.652392	0.065167	0.013791	0.002918
0.4743	18.90	0.652392	0.063454	0.009465	0.001412
0.4743	19.27	0.652392	0.065199	0.010239	0.001608
0.4743	19.63	0.652392	0.066816	0.013866	0.002878
0.4743	20.00	0.652392	0.066751	0.015661	0.003674
0.4743	20.37	0.652392	0.068312	0.015756	0.003634
0.4743	20.73	0.652392	0.075067	0.020881	0.005808
0.4743	21.10	0.652392	0.077164	0.020933	0.005679
0.4743	21.47	0.652392	0.081010	0.022577	0.006292
0.4743	21.84	0.652392	0.082790	0.024710	0.007375
0.4743	22.20	0.652392	0.084163	0.022983	0.006276
0.4743	22.57	0.652392	0.085282	0.031187	0.011405
0.4743	22.94	0.652392	0.087711	0.033373	0.012698
0.4743	23.31	0.652392	0.090684	0.037607	0.015595
0.4743	23.67	0.652392	0.093932	0.035906	0.013725
0.4743	24.04	0.652392	0.088140	0.031678	0.011386
0.4743	24.41	0.652392	0.093330	0.033988	0.012377
0.4743	24.78	0.652392	0.097836	0.039162	0.015676
0.4743	25.14	0.652392	0.098582	0.041227	0.017241
0.4743	25.51	0.652392	0.102917	0.041518	0.016749
0.4743	25.88	0.652392	0.104164	0.042473	0.017318
0.4743	26.24	0.652392	0.115258	0.051858	0.023333
0.4743	26.61	0.652392	0.127196	0.055554	0.024264
0.4743	26.98	0.652392	0.131612	0.057365	0.025003
0.4743	27.35	0.652392	0.135052	0.062071	0.028529
0.4743	27.71	0.652392	0.141365	0.060459	0.025857
0.4743	28.08	0.652392	0.127849	0.050198	0.019709
0.4743	28.45	0.652392	0.138597	0.054403	0.021355
0.4743	28.82	0.652392	0.137308	0.054000	0.021237
0.4743	29.18	0.652392	0.144083	0.056555	0.022199
0.4743	29.55	0.652392	0.137924	0.056242	0.022934
0.4743	29.92	0.652392	0.145721	0.075336	0.038947
0.4857	2.00	0.654044	0.000000	0.000000	0.000000
0.4857	2.37	0.654044	0.000000	0.000000	0.000000
0.4857	2.73	0.654044	0.050296	0.000000	0.000000
0.4857	3.10	0.654044	0.000000	0.000000	0.000000
0.4857	3.47	0.654044	0.051775	0.001479	0.000042
0.4857	3.84	0.654044	0.053254	0.000000	0.000000
0.4857	4.20	0.654044	0.050296	0.000000	0.000000
0.4857	4.57	0.654044	0.050296	0.000000	0.000000
0.4857	4.94	0.654044	0.050296	0.000000	0.000000
0.4857	5.31	0.654044	0.053254	0.000000	0.000000
0.4857	5.67	0.654044	0.000000	0.000000	0.000000
0.4857	6.04	0.654044	0.000000	0.000000	0.000000
0.4857	6.41	0.654044	0.000000	0.000000	0.000000
0.4857	6.78	0.654044	0.000000	0.000000	0.000000
0.4857	7.14	0.654044	0.000000	0.000000	0.000000
0.4857	7.51	0.654044	0.000000	0.000000	0.000000
0.4857	7.88	0.654044	0.000000	0.000000	0.000000
0.4857	8.24	0.654044	0.000000	0.000000	0.000000
0.4857	8.61	0.654044	0.050296	0.000000	0.000000
0.4857	8.98	0.654044	0.000000	0.000000	0.000000
0.4857	9.35	0.654044	0.000000	0.000000	0.000000
0.4857	9.71	0.654044	0.000000	0.000000	0.000000
0.4857	10.08	0.654044	0.053254	0.002959	0.000164
0.4857	10.45	0.654044	0.059172	0.000000	0.000000
0.4857	10.82	0.654044	0.059172	0.000000	0.000000
0.4857	11.18	0.654044	0.059172	0.000000	0.000000
0.4857	11.55	0.654044	0.054734	0.004438	0.000360
0.4857	11.92	0.654044	0.061144	0.013304	0.002895
0.4857	12.29	0.654044	0.061144	0.013304	0.002895
0.4857	12.65	0.654044	0.056213	0.004831	0.000415
0.4857	13.02	0.654044	0.059763	0.011366	0.002162
0.4857	13.39	0.654044	0.062870	0.013457	0.002880
0.4857	13.76	0.654044	0.064541	0.013878	0.002984
0.4857	14.12	0.654044	0.066307	0.020284	0.006205
0.4857	14.49	0.654044	0.070668	0.021956	0.006822
0.4857	14.86	0.654044	0.074204	0.024138	0.007852
0.4857	15.22	0.654044	0.063572	0.018698	0.005500
0.4857	15.59	0.654044	0.064551	0.015234	0.003595
0.4857	15.96	0.654044	0.072932	0.023093	0.007312
0.4857	16.33	0.654044	0.071280	0.023193	0.007547
0.4857	16.69	0.654044	0.074879	0.025655	0.008790
0.4857	17.06	0.654044	0.073225	0.022400	0.006852
0.4857	17.43	0.654044	0.073851	0.020661	0.005780
0.4857	17.80	0.654044	0.079451	0.023939	0.007213
0.4857	18.16	0.654044	0.081683	0.028316	0.009816
0.4857	18.53	0.654044	0.087174	0.028220	0.009135
0.4857	18.90	0.654044	0.091319	0.036217	0.014363
0.4857	19.27	0.654044	0.121208	0.049495	0.020211
0.4857	19.63	0.654044	0.110519	0.051356	0.023864
0.4857	20.00	0.654044	0.126374	0.055908	0.024734
0.4857	20.37	0.654044	0.136523	0.057599	0.024301
0.4857	20.73	0.654044	0.138185	0.060471	0.026462
0.4857	21.10	0.654044	0.152263	0.065780	0.028418
0.4857	21.47	0.654044	0.205404	0.090285	0.039685
0.4857	21.84	0.654044	0.213990	0.099930	0.046666
0.4857	22.20	0.654044	0.229899	0.096014	0.040099
0.4857	22.57	0.654044	0.242952	0.096804	0.038571
0.4857	22.94	0.654044	0.245985	0.110199	0.049368
0.4857	23.31	0.654044	0.211935	0.106411	0.053428
0.4857	23.67	0.654044	0.227080	0.116926	0.060207
0.4857	24.04	0.654044	0.234089	0.111447	0.053059
0.4857	24.41	0.654044	0.250120	0.123749	0.061226
0.4857	24.78	0.654044	0.232786	0.133057	0.076053
0.4857	25.14	0.654044	0.282880	0.141455	0.070735
0.4857	25.51	0.654044	0.285541	0.147069	0.075749
0.4857	25.88	0.654044	0.275291	0.153102	0.085147
0.4857	26.24	0.654044	0.297527	0.149835	0.075457
0.4857	26.61	0.654044	0.293729	0.157463	0.084413
0.4857	26.98	0.654044	0.290293	0.156212	0.084061
0.4857	27.35	0.654044	0.312352	0.152826	0.074774
0.4857	27.71	0.654044	0.332840	0.152152	0.069554
0.4857	28.08	0.654044	0.309653	0.160133	0.082811
0.4857	28.45	0.654044	0.338047	0.158188	0.074023
0.4857	28.82	0.654044	0.360405	0.156866	0.068276
0.4857	29.18	0.654044	0.371752	0.167340	0.075326
0.4857	29.55	0.654044	0.366781	0.180096	0.088430
0.4857	29.92	0.654044	0.389761	0.170390	0.074488
0.4971	2.00	0.641997	0.053683	0.003848	0.000276
0.4971	2.37	0.641997	0.053371	0.003769	0.000266
0.4971	2.73	0.641997	0.050562	0.000000	0.000000
0.4971	3.10	0.641997	0.050562	0.000000	0.000000
0.4971	3.47	0.641997	0.050562	0.000000	0.000000
0.4971	3.84	0.641997	0.050562	0.000000	0.000000
0.4971	4.20	0.641997	0.050562	0.000000	0.000000
0.4971	4.57	0.641997	0.050562	0.000000	0.000000
0.4971	4.94	0.641997	0.050562	0.000000	0.000000
0.4971	5.31	0.641997	0.050562	0.000000	0.000000
0.4971	5.67	0.641997	0.051583	0.002167	0.000091
0.4971	6.04	0.641997	0.051685	0.002247	0.000098
0.4971	6.41	0.641997	0.051858	0.002367	0.000108
0.4971	6.78	0.641997	0.052568	0.002692	0.000138
0.4971	7.14	0.641997	0.052903	0.002770	0.000145
0.4971	7.51	0.641997	0.051766	0.002305	0.000103
0.4971	7.88	0.641997	0.053155	0.003564	0.000239
0.4971	8.24	0.641997	0.054451	0.005113	0.000480
0.4971	8.61	0.641997	0.054903	0.006761	0.000833
0.4971	8.98	0.641997	0.054235	0.006023	0.000669
0.4971	9.35	0.641997	0.053973	0.005881	0.000641
0.4971	9.71	0.641997	0.053772	0.005898	0.000647
0.4971	10.08	0.641997	0.054049	0.005792	0.000621
0.4971	10.45	0.641997	0.053824	0.006504	0.000786
0.4971	10.82	0.641997	0.054368	0.006443	0.000764
0.4971	11.18	0.641997	0.054630	0.006581	0.000793
0.4971	11.55	0.641997	0.053237	0.004460	0.000374
0.4971	11.92	0.641997	0.053371	0.004587	0.000394
0.4971	12.29	0.641997	0.053933	0.003553	0.000234
0.4971	12.65	0.641997	0.053803	0.003871	0.000279
0.4971	13.02	0.641997	0.054019	0.004145	0.000318
0.4971	13.39	0.641997	0.054451	0.004054	0.000302
0.4971	13.76	0.641997	0.054451	0.004054	0.000302
0.4971	14.12	0.641997	0.053130	0.004105	0.000317
0.4971	14.49	0.641997	0.053626	0.004393	0.000360
0.4971	14.86	0.641997	0.056648	0.007764	0.001064
0.4971	15.22	0.641997	0.056180	0.007007	0.000874
0.4971	15.59	0.641997	0.058824	0.008425	0.001207
0.4971	15.96	0.641997	0.056715	0.007927	0.001108
0.4971	16.33	0.641997	0.056414	0.007858	0.001095
0.4971	16.69	0.641997	0.056396	0.008018	0.001140
0.4971	17.06	0.641997	0.058261	0.009927	0.001691
0.4971	17.43	0.641997	0.058240	0.008999	0.001390
0.4971	17.80	0.641997	0.059925	0.011461	0.002192
0.4971	18.16	0.641997	0.064163	0.014038	0.003071
0.4971	18.53	0.641997	0.064958	0.015253	0.003581
0.4971	18.90	0.641997	0.065467	0.015419	0.003632
0.4971	19.27	0.641997	0.065382	0.016485	0.004156
0.4971	19.63	0.641997	0.065008	0.017358	0.004635
0.4971	20.00	0.641997	0.065966	0.017151	0.004459
0.4971	20.37	0.641997	0.067328	0.017696	0.004651
0.4971	20.73	0.641997	0.066326	0.017505	0.004620
0.4971	21.10	0.641997	0.068872	0.017826	0.004614
0.4971	21.47	0.641997	0.070225	0.018963	0.005120
0.4971	21.84	0.641997	0.070105	0.018825	0.005055
0.4971	22.20	0.641997	0.073034	0.021954	0.006599
0.4971	22.57	0.641997	0.074438	0.023050	0.007137
0.4971	22.94	0.641997	0.074779	0.023694	0.007507
0.4971	23.31	0.641997	0.075815	0.025678	0.008697
0.4971	23.67	0.641997	0.076207	0.026064	0.008914
0.4971	24.04	0.641997	0.077988	0.026489	0.008997
0.4971	24.41	0.641997	0.075887	0.023874	0.007511
0.4971	24.78	0.641997	0.077291	0.025627	0.008497
0.4971	25.14	0.641997	0.079963	0.026238	0.008609
0.4971	25.51	0.641997	0.079948	0.025985	0.008445
0.4971	25.88	0.641997	0.080453	0.026860	0.008968
0.4971	26.24	0.641997	0.084128	0.027976	0.009303
0.4971	26.61	0.641997	0.086954	0.029331	0.009894
0.4971	26.98	0.641997	0.089031	0.030374	0.010362
0.4971	27.35	0.641997	0.089936	0.030063	0.010049
0.4971	27.71	0.641997	0.083401	0.033932	0.013806
0.4971	28.08	0.641997	0.085536	0.034380	0.013818
0.4971	28.45	0.641997	0.084430	0.034400	0.014016
0.4971	28.82	0.641997	0.086615	0.034388	0.013652
0.4971	29.18	0.641997	0.085154	0.034328	0.013838
0.4971	29.55	0.641997	0.089246	0.037733	0.015953
0.4971	29.92	0.641997	0.088917	0.037951	0.016198
0.5086	2.00	0.622191	0.000000	0.000000	0.000000
0.5086	2.37	0.622191	0.000000	0.000000	0.000000
0.5086	2.73	0.622191	0.000000	0.000000	0.000000
0.5086	3.10	0.622191	0.000000	0.000000	0.000000
0.5086	3.47	0.622191	0.000000	0.000000	0.000000
0.5086	3.84	0.622191	0.000000	0.000000	0.000000
0.5086	4.20	0.622191	0.000000	0.000000	0.000000
0.5086	4.57	0.622191	0.050388	0.000000	0.000000
0.5086	4.94	0.622191	0.050388	0.000000	0.000000
0.5086	5.31	0.622191	0.050388	0.000000	0.000000
0.5086	5.67	0.622191	0.050388	0.000000	0.000000
0.5086	6.04	0.622191	0.000000	0.000000	0.000000
0.5086	6.41	0.622191	0.050388	0.000000	0.000000
0.5086	6.78	0.622191	0.000000	0.000000	0.000000
0.5086	7.14	0.622191	0.054264	0.000000	0.000000
0.5086	7.51	0.622191	0.050388	0.000000	0.000000
0.5086	7.88	0.622191	0.050388	0.000000	0.000000
0.5086	8.24	0.622191	0.050388	0.000000	0.000000
0.5086	8.61	0.622191	0.050388	0.000000	0.000000
0.5086	8.98	0.622191	0.054264	0.000000	0.000000
0.5086	9.35	0.622191	0.052326	0.001938	0.000072
0.5086	9.71	0.622191	0.050388	0.000000	0.000000
0.5086	10.08	0.622191	0.050388	0.000000	0.000000
0.5086	10.45	0.622191	0.050388	0.000000	0.000000
0.5086	10.82	0.622191	0.051680	0.001827	0.000065
0.5086	11.18	0.622191	0.056202	0.005814	0.000601
0.5086	11.55	0.622191	0.054264	0.003165	0.000185
0.5086	11.92	0.622191	0.054264	0.003165	0.000185
0.5086	12.29	0.622191	0.055233	0.005035	0.000459
0.5086	12.65	0.622191	0.054616	0.004199	0.000323
0.5086	13.02	0.622191	0.054540	0.004739	0.000412
0.5086	13.39	0.622191	0.055879	0.006017	0.000648
0.5086	13.76	0.622191	0.056755	0.006487	0.000741
0.5086	14.12	0.622191	0.056712	0.007874	0.001093
0.5086	14.49	0.622191	0.056508	0.007473	0.000988
0.5086	14.86	0.622191	0.057611	0.008690	0.001311
0.5086	15.22	0.622191	0.057971	0.008436	0.001228
0.5086	15.59	0.622191	0.054694	0.005150	0.000485
0.5086	15.96	0.622191	0.055497	0.005529	0.000551
0.5086	16.33	0.622191	0.055867	0.005893	0.000622
0.5086	16.69	0.622191	0.056848	0.006812	0.000816
0.5086	17.06	0.622191	0.058244	0.009558	0.001568
0.5086	17.43	0.622191	0.060444	0.011054	0.002021
0.5086	17.80	0.622191	0.061757	0.011567	0.002167
0.5086	18.16	0.622191	0.063915	0.014202	0.003156
0.5086	18.53	0.622191	0.061285	0.014715	0.003533
0.5086	18.90	0.622191	0.065165	0.016082	0.003969
0.5086	19.27	0.622191	0.065779	0.018652	0.005289
0.5086	19.63	0.622191	0.067201	0.020284	0.006122
0.5086	20.00	0.622191	0.069415	0.019706	0.005594
0.5086	20.37	0.622191	0.073296	0.022704	0.007033
0.5086	20.73	0.622191	0.074309	0.023013	0.007127
0.5086	21.10	0.622191	0.075740	0.023178	0.007093
0.5086	21.47	0.622191	0.077967	0.024106	0.007453
0.5086	21.84	0.622191	0.080014	0.026269	0.008624
0.5086	22.20	0.622191	0.081919	0.027256	0.009069
0.5086	22.57	0.622191	0.084242	0.030965	0.011382
0.5086	22.94	0.622191	0.087382	0.032762	0.012283
0.5086	23.31	0.622191	0.091608	0.038204	0.015933
0.5086	23.67	0.622191	0.084455	0.032116	0.012213
0.5086	24.04	0.622191	0.088345	0.035026	0.013887
0.5086	24.41	0.622191	0.088913	0.034870	0.013675
0.5086	24.78	0.622191	0.091054	0.037118	0.015131
0.5086	25.14	0.622191	0.095025	0.039550	0.016461
0.5086	25.51	0.622191	0.098202	0.039442	0.015841
0.5086	25.88	0.622191	0.099081	0.042103	0.017891
0.5086	26.24	0.622191	0.098969	0.037302	0.014060
0.5086	26.61	0.622191	0.097956	0.038776	0.015349
0.5086	26.98	0.622191	0.099380	0.036779	0.013611
0.5086	27.35	0.622191	0.105019	0.039990	0.015228
0.5086	27.71	0.622191	0.111033	0.040764	0.014966
0.5086	28.08	0.622191	0.117367	0.044866	0.017151
0.5086	28.45	0.622191	0.119827	0.049528	0.020471
0.5086	28.82	0.622191	0.126265	0.058776	0.027360
0.5086	29.18	0.622191	0.133108	0.066225	0.032949
0.5086	29.55	0.622191	0.130649	0.062323	0.029730
0.5086	29.92	0.622191	0.147639	0.072072	0.035183
0.5200	2.00	0.661870	0.000000	0.000000	0.000000
0.5200	2.37	0.661870	0.000000	0.000000	0.000000
0.5200	2.73	0.661870	0.000000	0.000000	0.000000
0.5200	3.10	0.661870	0.000000	0.000000	0.000000
0.5200	3.47	0.661870	0.000000	0.000000	0.000000
0.5200	3.84	0.661870	0.000000	0.000000	0.000000
0.5200	4.20	0.661870	0.000000	0.000000	0.000000
0.5200	4.57	0.661870	0.000000	0.000000	0.000000
0.5200	4.94	0.661870	0.000000	0.000000	0.000000
0.5200	5.31	0.661870	0.000000	0.000000	0.000000
0.5200	5.67	0.661870	0.000000	0.000000	0.000000
0.5200	6.04	0.661870	0.000000	0.000000	0.000000
0.5200	6.41	0.661870	0.000000	0.000000	0.000000
0.5200	6.78	0.661870	0.000000	0.000000	0.000000
0.5200	7.14	0.661870	0.000000	0.000000	0.000000
0.5200	7.51	0.661870	0.000000	0.000000	0.000000
0.5200	7.88	0.661870	0.000000	0.000000	0.000000
0.5200	8.24	0.661870	0.000000	0.000000	0.000000
0.5200	8.61	0.661870	0.000000	0.000000	0.000000
0.5200	8.98	0.661870	0.000000	0.000000	0.000000
0.5200	9.35	0.661870	0.055118	0.000000	0.000000
0.5200	9.71	0.661870	0.055118	0.000000	0.000000
0.5200	10.08	0.661870	0.055118	0.000000	0.000000
0.5200	10.45	0.661870	0.057743	0.000000	0.000000
0.5200	10.82	0.661870	0.057743	0.000000	0.000000
0.5200	11.18	0.661870	0.057743	0.000000	0.000000
0.5200	11.55	0.661870	0.000000	0.000000	0.000000
0.5200	11.92	0.661870	0.000000	0.000000	0.000000
0.5200	12.29	0.661870	0.052493	0.000000	0.000000
0.5200	12.65	0.661870	0.000000	0.000000	0.000000
0.5200	13.02	0.661870	0.052493	0.000000	0.000000
0.5200	13.39	0.661870	0.055118	0.000000	0.000000
0.5200	13.76	0.661870	0.060367	0.007874	0.001027
0.5200	14.12	0.661870	0.058618	0.008661	0.001280
0.5200	14.49	0.661870	0.061242	0.010571	0.001825
0.5200	14.86	0.661870	0.062117	0.011803	0.002243
0.5200	15.22	0.661870	0.061117	0.008616	0.001215
0.5200	15.59	0.661870	0.060105	0.007737	0.000996
0.5200	15.96	0.661870	0.057415	0.002764	0.000133
0.5200	16.33	0.661870	0.057480	0.004142	0.000298
0.5200	16.69	0.661870	0.057160	0.005707	0.000570
0.5200	17.06	0.661870	0.057524	0.006290	0.000688
0.5200	17.43	0.661870	0.059711	0.009270	0.001439
0.5200	17.80	0.661870	0.063238	0.013373	0.002828
0.5200	18.16	0.661870	0.062677	0.012092	0.002333
0.5200	18.53	0.661870	0.064469	0.015568	0.003760
0.5200	18.90	0.661870	0.063058	0.012205	0.002362
0.5200	19.27	0.661870	0.065338	0.011963	0.002191
0.5200	19.63	0.661870	0.067386	0.016300	0.003943
0.5200	20.00	0.661870	0.071906	0.018750	0.004889
0.5200	20.37	0.661870	0.074406	0.017656	0.004190
0.5200	20.73	0.661870	0.075946	0.017345	0.003962
0.5200	21.10	0.661870	0.076600	0.018738	0.004584
0.5200	21.47	0.661870	0.080090	0.022547	0.006347
0.5200	21.84	0.661870	0.079830	0.023111	0.006691
0.5200	22.20	0.661870	0.085894	0.026534	0.008197
0.5200	22.57	0.661870	0.088121	0.030088	0.010273
0.5200	22.94	0.661870	0.092981	0.032006	0.011017
0.5200	23.31	0.661870	0.093419	0.032161	0.011072
0.5200	23.67	0.661870	0.098707	0.032870	0.010946
0.5200	24.04	0.661870	0.100970	0.034264	0.011627
0.5200	24.41	0.661870	0.106042	0.038588	0.014042
0.5200	24.78	0.661870	0.128832	0.054190	0.022793
0.5200	25.14	0.661870	0.128379	0.049894	0.019391
0.5200	25.51	0.661870	0.152894	0.064301	0.027042
0.5200	25.88	0.661870	0.147034	0.058057	0.022924
0.5200	26.24	0.661870	0.156042	0.066954	0.028728
0.5200	26.61	0.661870	0.132998	0.051372	0.019843
0.5200	26.98	0.661870	0.144877	0.056256	0.021845
0.5200	27.35	0.661870	0.158676	0.061287	0.023672
0.5200	27.71	0.661870	0.155806	0.062116	0.024765
0.5200	28.08	0.661870	0.154543	0.067240	0.029256
0.5200	28.45	0.661870	0.164539	0.072802	0.032212
0.5200	28.82	0.661870	0.202816	0.098772	0.048102
0.5200	29.18	0.661870	0.218259	0.090854	0.037820
0.5200	29.55	0.661870	0.212539	0.099573	0.046650
0.5200	29.92	0.661870	0.230534	0.097051	0.040857
0.5314	2.00	0.640604	0.000000	0.000000	0.000000
0.5314	2.37	0.640604	0.000000	0.000000	0.000000
0.5314	2.73	0.640604	0.000000	0.000000	0.000000
0.5314	3.10	0.640604	0.000000	0.000000	0.000000
0.5314	3.47	0.640604	0.000000	0.000000	0.000000
0.5314	3.84	0.640604	0.000000	0.000000	0.000000
0.5314	4.20	0.640604	0.000000	0.000000	0.000000
0.5314	4.57	0.640604	0.000000	0.000000	0.000000
0.5314	4.94	0.640604	0.000000	0.000000	0.000000
0.5314	5.31	0.640604	0.000000	0.000000	0.000000
0.5314	5.67	0.640604	0.000000	0.000000	0.000000
0.5314	6.04	0.640604	0.000000	0.000000	0.000000
0.5314	6.41	0.640604	0.000000	0.000000	0.000000
0.5314	6.78	0.640604	0.000000	0.000000	0.000000
0.5314	7.14	0.640604	0.000000	0.000000	0.000000
0.5314	7.51	0.640604	0.000000	0.000000	0.000000
0.5314	7.88	0.640604	0.000000	0.000000	0.000000
0.5314	8.24	0.640604	0.000000	0.000000	0.000000
0.5314	8.61	0.640604	0.000000	0.000000	0.000000
0.5314	8.98	0.640604	0.056716	0.000000	0.000000
0.5314	9.35	0.640604	0.056716	0.000000	0.000000
0.5314	9.71	0.640604	0.056716	0.000000	0.000000
0.5314	10.08	0.640604	0.053731	0.002985	0.000166
0.5314	10.45	0.640604	0.055224	0.001493	0.000040
0.5314	10.82	0.640604	0.056716	0.000000	0.000000
0.5314	11.18	0.640604	0.055224	0.001493	0.000040
0.5314	11.55	0.640604	0.055224	0.001493	0.000040
0.5314	11.92	0.640604	0.055224	0.001493	0.000040
0.5314	12.29	0.640604	0.055224	0.001493	0.000040
0.5314	12.65	0.640604	0.055224	0.001493	0.000040
0.5314	13.02	0.640604	0.055224	0.001493	0.000040
0.5314	13.39	0.640604	0.054726	0.002814	0.000145
0.5314	13.76	0.640604	0.053189	0.002794	0.000147
0.5314	14.12	0.640604	0.053731	0.003776	0.000265
0.5314	14.49	0.640604	0.054229	0.003186	0.000187
0.5314	14.86	0.640604	0.056119	0.003215	0.000184
0.5314	15.22	0.640604	0.055437	0.005609	0.000567
0.5314	15.59	0.640604	0.056930	0.007352	0.000950
0.5314	15.96	0.640604	0.055821	0.004232	0.000321
0.5314	16.33	0.640604	0.054797	0.003675	0.000246
0.5314	16.69	0.640604	0.056385	0.005530	0.000542
0.5314	17.06	0.640604	0.055938	0.005149	0.000474
0.5314	17.43	0.640604	0.055348	0.005449	0.000536
0.5314	17.80	0.640604	0.056063	0.006276	0.000703
0.5314	18.16	0.640604	0.057517	0.006852	0.000816
0.5314	18.53	0.640604	0.065595	0.014123	0.003041
0.5314	18.90	0.640604	0.066243	0.017083	0.004405
0.5314	19.27	0.640604	0.065525	0.014397	0.003163
0.5314	19.63	0.640604	0.066388	0.016203	0.003954
0.5314	20.00	0.640604	0.069858	0.018905	0.005116
0.5314	20.37	0.640604	0.073669	0.018907	0.004853
0.5314	20.73	0.640604	0.072115	0.018830	0.004917
0.5314	21.10	0.640604	0.073995	0.022549	0.006871
0.5314	21.47	0.640604	0.075780	0.023316	0.007174
0.5314	21.84	0.640604	0.076149	0.024579	0.007934
0.5314	22.20	0.640604	0.077727	0.026532	0.009056
0.5314	22.57	0.640604	0.078092	0.027612	0.009763
0.5314	22.94	0.640604	0.082024	0.028486	0.009893
0.5314	23.31	0.640604	0.094724	0.035134	0.013032
0.5314	23.67	0.640604	0.098701	0.035100	0.012482
0.5314	24.04	0.640604	0.105753	0.039166	0.014505
0.5314	24.41	0.640604	0.110706	0.041613	0.015641
0.5314	24.78	0.640604	0.111609	0.045130	0.018249
0.5314	25.14	0.640604	0.087865	0.029208	0.009709
0.5314	25.51	0.640604	0.089552	0.028327	0.008960
0.5314	25.88	0.640604	0.091542	0.033951	0.012591
0.5314	26.24	0.640604	0.094670	0.036032	0.013714
0.5314	26.61	0.640604	0.097064	0.037219	0.014272
0.5314	26.98	0.640604	0.101062	0.039161	0.015175
0.5314	27.35	0.640604	0.099842	0.040104	0.016108
0.5314	27.71	0.640604	0.130698	0.055358	0.023447
0.5314	28.08	0.640604	0.132292	0.054857	0.022747
0.5314	28.45	0.640604	0.137811	0.055018	0.021965
0.5314	28.82	0.640604	0.145046	0.055525	0.021256
0.5314	29.18	0.640604	0.158507	0.059061	0.022007
0.5314	29.55	0.640604	0.116374	0.040554	0.014132
0.5314	29.92	0.640604	0.122074	0.045593	0.017028
0.5429	2.00	0.654355	0.000000	0.000000	0.000000
0.5429	2.37	0.654355	0.000000	0.000000	0.000000
0.5429	2.73	0.654355	0.000000	0.000000	0.000000
0.5429	3.10	0.654355	0.000000	0.000000	0.000000
0.5429	3.47	0.654355	0.000000	0.000000	0.000000
0.5429	3.84	0.654355	0.055556	0.000000	0.000000
0.5429	4.20	0.654355	0.055556	0.000000	0.000000
0.5429	4.57	0.654355	0.055556	0.000000	0.000000
0.5429	4.94	0.654355	0.055556	0.000000	0.000000
0.5429	5.31	0.654355	0.055556	0.000000	0.000000
0.5429	5.67	0.654355	0.055556	0.000000	0.000000
0.5429	6.04	0.654355	0.055556	0.000000	0.000000
0.5429	6.41	0.654355	0.057613	0.002910	0.000147
0.5429	6.78	0.654355	0.057613	0.002910	0.000147
0.5429	7.14	0.654355	0.059083	0.005066	0.000434
0.5429	7.51	0.654355	0.058230	0.003800	0.000248
0.5429	7.88	0.654355	0.058642	0.004977	0.000422
0.5429	8.24	0.654355	0.058642	0.003822	0.000249
0.5429	8.61	0.654355	0.058256	0.004065	0.000284
0.5429	8.98	0.654355	0.058460	0.004027	0.000277
0.5429	9.35	0.654355	0.057677	0.003655	0.000232
0.5429	9.71	0.654355	0.058088	0.003623	0.000226
0.5429	10.08	0.654355	0.058246	0.004146	0.000295
0.5429	10.45	0.654355	0.059288	0.004239	0.000303
0.5429	10.82	0.654355	0.057613	0.002910	0.000147
0.5429	11.18	0.654355	0.056437	0.002160	0.000083
0.5429	11.55	0.654355	0.059965	0.004320	0.000311
0.5429	11.92	0.654355	0.057613	0.002910	0.000147
0.5429	12.29	0.654355	0.056927	0.002566	0.000116
0.5429	12.65	0.654355	0.056790	0.002469	0.000107
0.5429	13.02	0.654355	0.057099	0.002673	0.000125
0.5429	13.39	0.654355	0.057870	0.002988	0.000154
0.5429	13.76	0.654355	0.059877	0.006204	0.000643
0.5429	14.12	0.654355	0.074399	0.020665	0.005740
0.5429	14.49	0.654355	0.074074	0.023018	0.007153
0.5429	14.86	0.654355	0.072195	0.021494	0.006399
0.5429	15.22	0.654355	0.072282	0.023213	0.007455
0.5429	15.59	0.654355	0.077160	0.027177	0.009572
0.5429	15.96	0.654355	0.078563	0.027825	0.009855
0.5429	16.33	0.654355	0.082476	0.032376	0.012709
0.5429	16.69	0.654355	0.083096	0.033661	0.013635
0.5429	17.06	0.654355	0.083692	0.032290	0.012458
0.5429	17.43	0.654355	0.068730	0.015154	0.003341
0.5429	17.80	0.654355	0.070426	0.015608	0.003459
0.5429	18.16	0.654355	0.072188	0.018451	0.004716
0.5429	18.53	0.654355	0.075089	0.020461	0.005575
0.5429	18.90	0.654355	0.076720	0.023298	0.007075
0.5429	19.27	0.654355	0.079544	0.026262	0.008671
0.5429	19.63	0.654355	0.078867	0.026213	0.008712
0.5429	20.00	0.654355	0.077518	0.024228	0.007572
0.5429	20.37	0.654355	0.078890	0.025538	0.008267
0.5429	20.73	0.654355	0.094321	0.031629	0.010607
0.5429	21.10	0.654355	0.104233	0.032806	0.010325
0.5429	21.47	0.654355	0.109232	0.039045	0.013956
0.5429	21.84	0.654355	0.111612	0.039090	0.013691
0.5429	22.20	0.654355	0.115309	0.043732	0.016586
0.5429	22.57	0.654355	0.127819	0.050136	0.019665
0.5429	22.94	0.654355	0.130556	0.055856	0.023897
0.5429	23.31	0.654355	0.139539	0.061166	0.026812
0.5429	23.67	0.654355	0.149228	0.066065	0.029248
0.5429	24.04	0.654355	0.143827	0.081760	0.046477
0.5429	24.41	0.654355	0.152885	0.086310	0.048726
0.5429	24.78	0.654355	0.151235	0.095951	0.060876
0.5429	25.14	0.654355	0.165474	0.103525	0.064768
0.5429	25.51	0.654355	0.167695	0.099533	0.059076
0.5429	25.88	0.654355	0.168467	0.094988	0.053557
0.5429	26.24	0.654355	0.174603	0.103248	0.061053
0.5429	26.61	0.654355	0.175003	0.102486	0.060018
0.5429	26.98	0.654355	0.185251	0.108335	0.063354
0.5429	27.35	0.654355	0.188143	0.116035	0.071564
0.5429	27.71	0.654355	0.162373	0.081521	0.040928
0.5429	28.08	0.654355	0.159801	0.081162	0.041221
0.5429	28.45	0.654355	0.172203	0.081384	0.038463
0.5429	28.82	0.654355	0.171001	0.083212	0.040492
0.5429	29.18	0.654355	0.176481	0.085132	0.041066
0.5429	29.55	0.654355	0.182729	0.085049	0.039585
0.5429	29.92	0.654355	0.185571	0.091066	0.044689
0.5543	2.00	0.639032	0.000000	0.000000	0.000000
0.5543	2.37	0.639032	0.000000	0.000000	0.000000
0.5543	2.73	0.639032	0.000000	0.000000	0.000000
0.5543	3.10	0.639032	0.000000	0.000000	0.000000
0.5543	3.47	0.639032	0.000000	0.000000	0.000000
0.5543	3.84	0.639032	0.000000	0.000000	0.000000
0.5543	4.20	0.639032	0.000000	0.000000	0.000000
0.5543	4.57	0.639032	0.055749	0.000000	0.000000
0.5543	4.94	0.639032	0.055749	0.000000	0.000000
0.5543	5.31	0.639032	0.055749	0.000000	0.000000
0.5543	5.67	0.639032	0.055749	0.000000	0.000000
0.5543	6.04	0.639032	0.059233	0.000000	0.000000
0.5543	6.41	0.639032	0.062718	0.000000	0.000000
0.5543	6.78	0.639032	0.057491	0.005226	0.000475
0.5543	7.14	0.639032	0.066202	0.000000	0.000000
0.5543	7.51	0.639032	0.059233	0.006969	0.000820
0.5543	7.88	0.639032	0.056911	0.006570	0.000758
0.5543	8.24	0.639032	0.055052	0.005575	0.000565
0.5543	8.61	0.639032	0.055052	0.005575	0.000565
0.5543	8.98	0.639032	0.056620	0.005712	0.000576
0.5543	9.35	0.639032	0.058072	0.005922	0.000604
0.5543	9.71	0.639032	0.052265	0.000000	0.000000
0.5543	10.08	0.639032	0.000000	0.000000	0.000000
0.5543	10.45	0.639032	0.000000	0.000000	0.000000
0.5543	10.82	0.639032	0.052265	0.000000	0.000000
0.5543	11.18	0.639032	0.052265	0.000000	0.000000
0.5543	11.55	0.639032	0.052265	0.000000	0.000000
0.5543	11.92	0.639032	0.052265	0.000000	0.000000
0.5543	12.29	0.639032	0.054975	0.004276	0.000333
0.5543	12.65	0.639032	0.055432	0.004804	0.000416
0.5543	13.02	0.639032	0.055052	0.004622	0.000388
0.5543	13.39	0.639032	0.056214	0.006216	0.000687
0.5543	13.76	0.639032	0.056523	0.004866	0.000419
0.5543	14.12	0.639032	0.058414	0.005004	0.000429
0.5543	14.49	0.639032	0.059408	0.007982	0.001072
0.5543	14.86	0.639032	0.059233	0.008535	0.001230
0.5543	15.22	0.639032	0.060395	0.007160	0.000849
0.5543	15.59	0.639032	0.061768	0.008926	0.001290
0.5543	15.96	0.639032	0.062401	0.011456	0.002103
0.5543	16.33	0.639032	0.062718	0.010178	0.001652
0.5543	16.69	0.639032	0.060627	0.011939	0.002351
0.5543	17.06	0.639032	0.062559	0.011531	0.002125
0.5543	17.43	0.639032	0.062718	0.011155	0.001984
0.5543	17.80	0.639032	0.063464	0.009929	0.001553
0.5543	18.16	0.639032	0.063902	0.010651	0.001775
0.5543	18.53	0.639032	0.066389	0.012843	0.002485
0.5543	18.90	0.639032	0.067944	0.016296	0.003909
0.5543	19.27	0.639032	0.070102	0.017484	0.004361
0.5543	19.63	0.639032	0.072859	0.016767	0.003859
0.5543	20.00	0.639032	0.075393	0.017110	0.003883
0.5543	20.37	0.639032	0.078810	0.022000	0.006142
0.5543	20.73	0.639032	0.082099	0.023386	0.006661
0.5543	21.10	0.639032	0.080962	0.025551	0.008064
0.5543	21.47	0.639032	0.084297	0.028423	0.009583
0.5543	21.84	0.639032	0.089019	0.031500	0.011147
0.5543	22.20	0.639032	0.088832	0.030057	0.010170
0.5543	22.57	0.639032	0.108530	0.048725	0.021876
0.5543	22.94	0.639032	0.111249	0.044630	0.017904
0.5543	23.31	0.639032	0.120873	0.053495	0.023675
0.5543	23.67	0.639032	0.120189	0.055075	0.025237
0.5543	24.04	0.639032	0.120490	0.059198	0.029084
0.5543	24.41	0.639032	0.123015	0.056909	0.026327
0.5543	24.78	0.639032	0.121382	0.060205	0.029862
0.5543	25.14	0.639032	0.141335	0.064930	0.029829
0.5543	25.51	0.639032	0.126095	0.050803	0.020468
0.5543	25.88	0.639032	0.125216	0.053669	0.023003
0.5543	26.24	0.639032	0.136592	0.059911	0.026278
0.5543	26.61	0.639032	0.134193	0.058851	0.025809
0.5543	26.98	0.639032	0.137506	0.056785	0.023450
0.5543	27.35	0.639032	0.135889	0.058468	0.025156
0.5543	27.71	0.639032	0.164913	0.083632	0.042413
0.5543	28.08	0.639032	0.169933	0.083475	0.041004
0.5543	28.45	0.639032	0.168044	0.087920	0.046000
0.5543	28.82	0.639032	0.173248	0.091441	0.048262
0.5543	29.18	0.639032	0.176803	0.093969	0.049944
0.5543	29.55	0.639032	0.179865	0.097044	0.052359
0.5543	29.92	0.639032	0.184703	0.103582	0.058089
0.5657	2.00	0.638384	0.051871	0.001473	0.000042
0.5657	2.37	0.638384	0.052154	0.001603	0.000049
0.5657	2.73	0.638384	0.051871	0.001473	0.000042
0.5657	3.10	0.638384	0.051871	0.001473	0.000042
0.5657	3.47	0.638384	0.051871	0.001473	0.000042
0.5657	3.84	0.638384	0.051701	0.001361	0.000036
0.5657	4.20	0.638384	0.000000	0.000000	0.000000
0.5657	4.57	0.638384	0.000000	0.000000	0.000000
0.5657	4.94	0.638384	0.000000	0.000000	0.000000
0.5657	5.31	0.638384	0.000000	0.000000	0.000000
0.5657	5.67	0.638384	0.000000	0.000000	0.000000
0.5657	6.04	0.638384	0.000000	0.000000	0.000000
0.5657	6.41	0.638384	0.000000	0.000000	0.000000
0.5657	6.78	0.638384	0.051020	0.000000	0.000000
0.5657	7.14	0.638384	0.052721	0.001701	0.000055
0.5657	7.51	0.638384	0.051020	0.000000	0.000000
0.5657	7.88	0.638384	0.051020	0.000000	0.000000
0.5657	8.24	0.638384	0.051020	0.000000	0.000000
0.5657	8.61	0.638384	0.051020	0.000000	0.000000
0.5657	8.98	0.638384	0.051020	0.000000	0.000000
0.5657	9.35	0.638384	0.052721	0.001701	0.000055
0.5657	9.71	0.638384	0.052721	0.001701	0.000055
0.5657	10.08	0.638384	0.054422	0.002777	0.000142
0.5657	10.45	0.638384	0.052154	0.001603	0.000049
0.5657	10.82	0.638384	0.052721	0.001701	0.000055
0.5657	11.18	0.638384	0.052154	0.001603	0.000049
0.5657	11.55	0.638384	0.051871	0.001473	0.000042
0.5657	11.92	0.638384	0.051871	0.001473	0.000042
0.5657	12.29	0.638384	0.053061	0.001666	0.000052
0.5657	12.65	0.638384	0.053288	0.002535	0.000121
0.5657	13.02	0.638384	0.054800	0.005879	0.000631
0.5657	13.39	0.638384	0.059184	0.010451	0.001845
0.5657	13.76	0.638384	0.057483	0.007045	0.000863
0.5657	14.12	0.638384	0.054422	0.003401	0.000213
0.5657	14.49	0.638384	0.054422	0.004166	0.000319
0.5657	14.86	0.638384	0.053855	0.004974	0.000459
0.5657	15.22	0.638384	0.053288	0.002535	0.000121
0.5657	15.59	0.638384	0.055442	0.005056	0.000461
0.5657	15.96	0.638384	0.056973	0.005400	0.000512
0.5657	16.33	0.638384	0.057823	0.006646	0.000764
0.5657	16.69	0.638384	0.059524	0.008588	0.001239
0.5657	17.06	0.638384	0.061678	0.011708	0.002223
0.5657	17.43	0.638384	0.060189	0.010730	0.001913
0.5657	17.80	0.638384	0.060724	0.011164	0.002052
0.5657	18.16	0.638384	0.060178	0.011635	0.002249
0.5657	18.53	0.638384	0.060695	0.012665	0.002643
0.5657	18.90	0.638384	0.063401	0.014931	0.003516
0.5657	19.27	0.638384	0.076170	0.024584	0.007934
0.5657	19.63	0.638384	0.080465	0.027410	0.009337
0.5657	20.00	0.638384	0.083683	0.034212	0.013987
0.5657	20.37	0.638384	0.089359	0.035992	0.014497
0.5657	20.73	0.638384	0.088123	0.036385	0.015023
0.5657	21.10	0.638384	0.093151	0.036531	0.014326
0.5657	21.47	0.638384	0.099008	0.042846	0.018541
0.5657	21.84	0.638384	0.077576	0.023984	0.007415
0.5657	22.20	0.638384	0.080098	0.027552	0.009477
0.5657	22.57	0.638384	0.080023	0.026302	0.008645
0.5657	22.94	0.638384	0.083587	0.029245	0.010232
0.5657	23.31	0.638384	0.084862	0.030581	0.011020
0.5657	23.67	0.638384	0.092490	0.034177	0.012629
0.5657	24.04	0.638384	0.092464	0.035344	0.013510
0.5657	24.41	0.638384	0.122130	0.060310	0.029783
0.5657	24.78	0.638384	0.128330	0.060073	0.028121
0.5657	25.14	0.638384	0.138851	0.066515	0.031863
0.5657	25.51	0.638384	0.136657	0.064501	0.030444
0.5657	25.88	0.638384	0.141604	0.066635	0.031356
0.5657	26.24	0.638384	0.139031	0.073141	0.038478
0.5657	26.61	0.638384	0.144540	0.075593	0.039534
0.5657	26.98	0.638384	0.136940	0.063321	0.029279
0.5657	27.35	0.638384	0.132746	0.065498	0.032317
0.5657	27.71	0.638384	0.138750	0.067429	0.032769
0.5657	28.08	0.638384	0.137989	0.064558	0.030204
0.5657	28.45	0.638384	0.142358	0.070206	0.034623
0.5657	28.82	0.638384	0.141339	0.074962	0.039758
0.5657	29.18	0.638384	0.148437	0.074208	0.037099
0.5657	29.55	0.638384	0.192641	0.099323	0.051210
0.5657	29.92	0.638384	0.192429	0.098309	0.050224
0.5771	2.00	0.656119	0.000000	0.000000	0.000000
0.5771	2.37	0.656119	0.000000	0.000000	0.000000
0.5771	2.73	0.656119	0.000000	0.000000	0.000000
0.5771	3.10	0.656119	0.000000	0.000000	0.000000
0.5771	3.47	0.656119	0.000000	0.000000	0.000000
0.5771	3.84	0.656119	0.000000	0.000000	0.000000
0.5771	4.20	0.656119	0.000000	0.000000	0.000000
0.5771	4.57	0.656119	0.000000	0.000000	0.000000
0.5771	4.94	0.656119	0.000000	0.000000	0.000000
0.5771	5.31	0.656119	0.000000	0.000000	0.000000
0.5771	5.67	0.656119	0.000000	0.000000	0.000000
0.5771	6.04	0.656119	0.000000	0.000000	0.000000
0.5771	6.41	0.656119	0.000000	0.000000	0.000000
0.5771	6.78	0.656119	0.000000	0.000000	0.000000
0.5771	7.14	0.656119	0.000000	0.000000	0.000000
0.5771	7.51	0.656119	0.052989	0.001359	0.000035
0.5771	7.88	0.656119	0.052989	0.001359	0.000035
0.5771	8.24	0.656119	0.051630	0.000000	0.000000
0.5771	8.61	0.656119	0.051630	0.000000	0.000000
0.5771	8.98	0.656119	0.051630	0.000000	0.000000
0.5771	9.35	0.656119	0.051630	0.000000	0.000000
0.5771	9.71	0.656119	0.000000	0.000000	0.000000
0.5771	10.08	0.656119	0.000000	0.000000	0.000000
0.5771	10.45	0.656119	0.000000	0.000000	0.000000
0.5771	10.82	0.656119	0.051630	0.000000	0.000000
0.5771	11.18	0.656119	0.000000	0.000000	0.000000
0.5771	11.55	0.656119	0.000000	0.000000	0.000000
0.5771	11.92	0.656119	0.000000	0.000000	0.000000
0.5771	12.29	0.656119	0.051630	0.000000	0.000000
0.5771	12.65	0.656119	0.057065	0.000000	0.000000
0.5771	13.02	0.656119	0.051630	0.000000	0.000000
0.5771	13.39	0.656119	0.051630	0.000000	0.000000
0.5771	13.76	0.656119	0.055027	0.003782	0.000260
0.5771	14.12	0.656119	0.055435	0.003480	0.000218
0.5771	14.49	0.656119	0.054574	0.004635	0.000394
0.5771	14.86	0.656119	0.056077	0.004674	0.000390
0.5771	15.22	0.656119	0.056647	0.004627	0.000378
0.5771	15.59	0.656119	0.056556	0.005861	0.000607
0.5771	15.96	0.656119	0.052989	0.001359	0.000035
0.5771	16.33	0.656119	0.054008	0.002519	0.000117
0.5771	16.69	0.656119	0.058424	0.005144	0.000453
0.5771	17.06	0.656119	0.056818	0.005730	0.000578
0.5771	17.43	0.656119	0.054891	0.004675	0.000398
0.5771	17.80	0.656119	0.056914	0.004748	0.000396
0.5771	18.16	0.656119	0.060422	0.006220	0.000640
0.5771	18.53	0.656119	0.060153	0.008327	0.001153
0.5771	18.90	0.656119	0.061594	0.008967	0.001305
0.5771	19.27	0.656119	0.061559	0.009105	0.001347
0.5771	19.63	0.656119	0.060971	0.008960	0.001317
0.5771	20.00	0.656119	0.060569	0.008748	0.001263
0.5771	20.37	0.656119	0.068822	0.013180	0.002524
0.5771	20.73	0.656119	0.068517	0.014238	0.002959
0.5771	21.10	0.656119	0.067415	0.014107	0.002952
0.5771	21.47	0.656119	0.068578	0.014499	0.003066
0.5771	21.84	0.656119	0.073553	0.017487	0.004158
0.5771	22.20	0.656119	0.074779	0.016855	0.003799
0.5771	22.57	0.656119	0.072636	0.022519	0.006982
0.5771	22.94	0.656119	0.073554	0.021647	0.006371
0.5771	23.31	0.656119	0.074516	0.022123	0.006568
0.5771	23.67	0.656119	0.076832	0.023926	0.007451
0.5771	24.04	0.656119	0.077717	0.023185	0.006917
0.5771	24.41	0.656119	0.079564	0.026334	0.008716
0.5771	24.78	0.656119	0.081124	0.024914	0.007651
0.5771	25.14	0.656119	0.082491	0.025762	0.008046
0.5771	25.51	0.656119	0.086531	0.028059	0.009098
0.5771	25.88	0.656119	0.087706	0.026741	0.008153
0.5771	26.24	0.656119	0.088057	0.029832	0.010107
0.5771	26.61	0.656119	0.094580	0.035104	0.013029
0.5771	26.98	0.656119	0.098854	0.036945	0.013808
0.5771	27.35	0.656119	0.098827	0.036310	0.013341
0.5771	27.71	0.656119	0.103706	0.038900	0.014592
0.5771	28.08	0.656119	0.107846	0.042113	0.016445
0.5771	28.45	0.656119	0.113634	0.045340	0.018091
0.5771	28.82	0.656119	0.107003	0.039291	0.014428
0.5771	29.18	0.656119	0.113933	0.043142	0.016336
0.5771	29.55	0.656119	0.114993	0.045006	0.017615
0.5771	29.92	0.656119	0.116952	0.045477	0.017684
0.5886	2.00	0.663188	0.000000	0.000000	0.000000
0.5886	2.37	0.663188	0.000000	0.000000	0.000000
0.5886	2.73	0.663188	0.000000	0.000000	0.000000
0.5886	3.10	0.663188	0.000000	0.000000	0.000000
0.5886	3.47	0.663188	0.000000	0.000000	0.000000
0.5886	3.84	0.663188	0.000000	0.000000	0.000000
0.5886	4.20	0.663188	0.000000	0.000000	0.000000
0.5886	4.57	0.663188	0.052980	0.000000	0.000000
0.5886	4.94	0.663188	0.054636	0.001656	0.000050
0.5886	5.31	0.663188	0.054636	0.001656	0.000050
0.5886	5.67	0.663188	0.052980	0.000000	0.000000
0.5886	6.04	0.663188	0.055188	0.001561	0.000044
0.5886	6.41	0.663188	0.056291	0.000000	0.000000
0.5886	6.78	0.663188	0.062914	0.000000	0.000000
0.5886	7.14	0.663188	0.000000	0.000000	0.000000
0.5886	7.51	0.663188	0.000000	0.000000	0.000000
0.5886	7.88	0.663188	0.000000	0.000000	0.000000
0.5886	8.24	0.663188	0.000000	0.000000	0.000000
0.5886	8.61	0.663188	0.000000	0.000000	0.000000
0.5886	8.98	0.663188	0.000000	0.000000	0.000000
0.5886	9.35	0.663188	0.000000	0.000000	0.000000
0.5886	9.71	0.663188	0.052980	0.000000	0.000000
0.5886	10.08	0.663188	0.054636	0.001656	0.000050
0.5886	10.45	0.663188	0.056291	0.003311	0.000195
0.5886	10.82	0.663188	0.055188	0.003122	0.000177
0.5886	11.18	0.663188	0.055464	0.002746	0.000136
0.5886	11.55	0.663188	0.055188	0.003122	0.000177
0.5886	11.92	0.663188	0.055464	0.002746	0.000136
0.5886	12.29	0.663188	0.058940	0.003244	0.000179
0.5886	12.65	0.663188	0.057947	0.003702	0.000237
0.5886	13.02	0.663188	0.058940	0.003244	0.000179
0.5886	13.39	0.663188	0.058657	0.005225	0.000465
0.5886	13.76	0.663188	0.058775	0.005428	0.000501
0.5886	14.12	0.663188	0.058940	0.006248	0.000662
0.5886	14.49	0.663188	0.059302	0.006691	0.000755
0.5886	14.86	0.663188	0.057395	0.006244	0.000679
0.5886	15.22	0.663188	0.056291	0.003627	0.000234
0.5886	15.59	0.663188	0.055188	0.002704	0.000132
0.5886	15.96	0.663188	0.055990	0.002980	0.000159
0.5886	16.33	0.663188	0.056764	0.003725	0.000244
0.5886	16.69	0.663188	0.058731	0.004663	0.000370
0.5886	17.06	0.663188	0.062126	0.006999	0.000788
0.5886	17.43	0.663188	0.059957	0.007883	0.001036
0.5886	17.80	0.663188	0.062412	0.009820	0.001545
0.5886	18.16	0.663188	0.062599	0.010033	0.001608
0.5886	18.53	0.663188	0.066698	0.011842	0.002102
0.5886	18.90	0.663188	0.069470	0.014319	0.002951
0.5886	19.27	0.663188	0.072338	0.015138	0.003168
0.5886	19.63	0.663188	0.072790	0.016168	0.003591
0.5886	20.00	0.663188	0.069272	0.015660	0.003540
0.5886	20.37	0.663188	0.071310	0.017621	0.004354
0.5886	20.73	0.663188	0.074218	0.020471	0.005646
0.5886	21.10	0.663188	0.074522	0.021494	0.006199
0.5886	21.47	0.663188	0.076705	0.022756	0.006751
0.5886	21.84	0.663188	0.078441	0.024624	0.007730
0.5886	22.20	0.663188	0.080628	0.025174	0.007860
0.5886	22.57	0.663188	0.075759	0.020540	0.005569
0.5886	22.94	0.663188	0.077059	0.023039	0.006888
0.5886	23.31	0.663188	0.079977	0.024731	0.007648
0.5886	23.67	0.663188	0.081751	0.024893	0.007580
0.5886	24.04	0.663188	0.084880	0.028369	0.009482
0.5886	24.41	0.663188	0.086277	0.031215	0.011294
0.5886	24.78	0.663188	0.105304	0.045047	0.019270
0.5886	25.14	0.663188	0.113746	0.048721	0.020869
0.5886	25.51	0.663188	0.117852	0.055318	0.025966
0.5886	25.88	0.663188	0.118037	0.054794	0.025436
0.5886	26.24	0.663188	0.120245	0.056754	0.026787
0.5886	26.61	0.663188	0.125491	0.059608	0.028314
0.5886	26.98	0.663188	0.131193	0.067049	0.034267
0.5886	27.35	0.663188	0.129960	0.048848	0.018360
0.5886	27.71	0.663188	0.135410	0.052805	0.020592
0.5886	28.08	0.663188	0.135762	0.051051	0.019197
0.5886	28.45	0.663188	0.139457	0.051259	0.018841
0.5886	28.82	0.663188	0.138871	0.055893	0.022496
0.5886	29.18	0.663188	0.147843	0.059739	0.024139
0.5886	29.55	0.663188	0.137890	0.059796	0.025930
0.5886	29.92	0.663188	0.142865	0.061296	0.026299
0.6000	2.00	0.642736	0.000000	0.000000	0.000000
0.6000	2.37	0.642736	0.000000	0.000000	0.000000
0.6000	2.73	0.642736	0.000000	0.000000	0.000000
0.6000	3.10	0.642736	0.000000	0.000000	0.000000
0.6000	3.47	0.642736	0.000000	0.000000	0.000000
0.6000	3.84	0.642736	0.000000	0.000000	0.000000
0.6000	4.20	0.642736	0.000000	0.000000	0.000000
0.6000	4.57	0.642736	0.000000	0.000000	0.000000
0.6000	4.94	0.642736	0.000000	0.000000	0.000000
0.6000	5.31	0.642736	0.000000	0.000000	0.000000
0.6000	5.67	0.642736	0.000000	0.000000	0.000000
0.6000	6.04	0.642736	0.000000	0.000000	0.000000
0.6000	6.41	0.642736	0.000000	0.000000	0.000000
0.6000	6.78	0.642736	0.000000	0.000000	0.000000
0.6000	7.14	0.642736	0.000000	0.000000	0.000000
0.6000	7.51	0.642736	0.000000	0.000000	0.000000
0.6000	7.88	0.642736	0.000000	0.000000	0.000000
0.6000	8.24	0.642736	0.000000	0.000000	0.000000
0.6000	8.61	0.642736	0.000000	0.000000	0.000000
0.6000	8.98	0.642736	0.000000	0.000000	0.000000
0.6000	9.35	0.642736	0.000000	0.000000	0.000000
0.6000	9.71	0.642736	0.000000	0.000000	0.000000
0.6000	10.08	0.642736	0.000000	0.000000	0.000000
0.6000	10.45	0.642736	0.052367	0.001424	0.000039
0.6000	10.82	0.642736	0.052870	0.002616	0.000129
0.6000	11.18	0.642736	0.052367	0.001424	0.000039
0.6000	11.55	0.642736	0.052870	0.002616	0.000129
0.6000	11.92	0.642736	0.052870	0.001511	0.000043
0.6000	12.29	0.642736	0.053374	0.003768	0.000266
0.6000	12.65	0.642736	0.053282	0.002958	0.000164
0.6000	13.02	0.642736	0.052870	0.001511	0.000043
0.6000	13.39	0.642736	0.054381	0.002467	0.000112
0.6000	13.76	0.642736	0.054884	0.001126	0.000023
0.6000	14.12	0.642736	0.054381	0.003230	0.000192
0.6000	14.49	0.642736	0.054003	0.002801	0.000145
0.6000	14.86	0.642736	0.053877	0.002518	0.000118
0.6000	15.22	0.642736	0.059856	0.008080	0.001091
0.6000	15.59	0.642736	0.060567	0.008100	0.001083
0.6000	15.96	0.642736	0.061659	0.008079	0.001059
0.6000	16.33	0.642736	0.061881	0.010722	0.001858
0.6000	16.69	0.642736	0.062464	0.010396	0.001730
0.6000	17.06	0.642736	0.063444	0.011594	0.002119
0.6000	17.43	0.642736	0.062921	0.011048	0.001940
0.6000	17.80	0.642736	0.066264	0.012125	0.002219
0.6000	18.16	0.642736	0.067575	0.013382	0.002650
0.6000	18.53	0.642736	0.067391	0.013276	0.002615
0.6000	18.90	0.642736	0.069925	0.017166	0.004214
0.6000	19.27	0.642736	0.070091	0.016394	0.003834
0.6000	19.63	0.642736	0.071324	0.019280	0.005212
0.6000	20.00	0.642736	0.076190	0.021642	0.006148
0.6000	20.37	0.642736	0.077992	0.021785	0.006085
0.6000	20.73	0.642736	0.080583	0.025375	0.007991
0.6000	21.10	0.642736	0.082704	0.025735	0.008008
0.6000	21.47	0.642736	0.086425	0.026123	0.007896
0.6000	21.84	0.642736	0.095267	0.033833	0.012015
0.6000	22.20	0.642736	0.100997	0.037199	0.013701
0.6000	22.57	0.642736	0.111674	0.049305	0.021769
0.6000	22.94	0.642736	0.117882	0.051765	0.022731
0.6000	23.31	0.642736	0.123431	0.053258	0.022980
0.6000	23.67	0.642736	0.127696	0.058180	0.026507
0.6000	24.04	0.642736	0.131600	0.063096	0.030251
0.6000	24.41	0.642736	0.146840	0.070671	0.034012
0.6000	24.78	0.642736	0.109136	0.045309	0.018811
0.6000	25.14	0.642736	0.112424	0.048793	0.021177
0.6000	25.51	0.642736	0.118767	0.051033	0.021928
0.6000	25.88	0.642736	0.123615	0.052632	0.022410
0.6000	26.24	0.642736	0.127577	0.059893	0.028118
0.6000	26.61	0.642736	0.132644	0.055588	0.023296
0.6000	26.98	0.642736	0.130027	0.053596	0.022092
0.6000	27.35	0.642736	0.129721	0.051423	0.020385
0.6000	27.71	0.642736	0.132285	0.051100	0.019739
0.6000	28.08	0.642736	0.141825	0.059471	0.024938
0.6000	28.45	0.642736	0.146386	0.059480	0.024168
0.6000	28.82	0.642736	0.157976	0.069077	0.030205
0.6000	29.18	0.642736	0.213120	0.096062	0.043299
0.6000	29.55	0.642736	0.219003	0.089815	0.036833
0.6000	29.92	0.642736	0.220192	0.093951	0.040087
