base_sigma	MAX_EXC_WEIGHT	Gini	mean_peaks_height	std_peaks_height	fano_factor
0.0400	2.00	0.941662	0.055901	0.000000	0.000000
0.0400	2.37	0.941662	0.055901	0.000000	0.000000
0.0400	2.73	0.941662	0.055901	0.000000	0.000000
0.0400	3.10	0.941662	0.056936	0.002315	0.000094
0.0400	3.47	0.941662	0.058385	0.003043	0.000159
0.0400	3.84	0.941662	0.057971	0.002928	0.000148
0.0400	4.20	0.941662	0.058563	0.003074	0.000161
0.0400	4.57	0.941662	0.058661	0.004254	0.000309
0.0400	4.94	0.941662	0.058159	0.003993	0.000274
0.0400	5.31	0.941662	0.058290	0.003022	0.000157
0.0400	5.67	0.941662	0.063886	0.005470	0.000468
0.0400	6.04	0.941662	0.066253	0.009600	0.001391
0.0400	6.41	0.941662	0.067845	0.011800	0.002052
0.0400	6.78	0.941662	0.066862	0.014687	0.003226
0.0400	7.14	0.941662	0.104037	0.114594	0.126221
0.0400	7.51	0.941662	0.109890	0.137509	0.172070
0.0400	7.88	0.941662	0.163163	0.206976	0.262553
0.0400	8.24	0.941662	0.277019	0.290322	0.304264
0.0400	8.61	0.941662	0.254400	0.285041	0.319373
0.0400	8.98	0.941662	0.341118	0.322216	0.304361
0.0400	9.35	0.941662	0.534410	0.314011	0.184507
0.0400	9.71	0.941662	0.547028	0.322994	0.190713
0.0400	10.08	0.941662	0.661077	0.295122	0.131750
0.0400	10.45	0.941662	0.704862	0.290391	0.119636
0.0400	10.82	0.941662	0.750311	0.263735	0.092703
0.0400	11.18	0.941662	0.745153	0.289803	0.112710
0.0400	11.55	0.941662	0.738440	0.302369	0.123811
0.0400	11.92	0.941662	0.789916	0.263024	0.087581
0.0400	12.29	0.941662	0.760524	0.304568	0.121970
0.0400	12.65	0.941662	0.808144	0.265547	0.087256
0.0400	13.02	0.941662	0.790781	0.277919	0.097674
0.0400	13.39	0.941662	0.802484	0.276709	0.095413
0.0400	13.76	0.941662	0.919787	0.013311	0.000193
0.0400	14.12	0.941662	0.898206	0.129431	0.018651
0.0400	14.49	0.941662	0.902519	0.130038	0.018736
0.0400	14.86	0.941662	0.905625	0.131293	0.019034
0.0400	15.22	0.941662	0.903727	0.140493	0.021841
0.0400	15.59	0.941662	0.905107	0.138566	0.021214
0.0400	15.96	0.941662	0.926176	0.009245	0.000092
0.0400	16.33	0.941662	0.927418	0.008369	0.000076
0.0400	16.69	0.941662	0.907672	0.135928	0.020356
0.0400	17.06	0.941662	0.931850	0.004962	0.000026
0.0400	17.43	0.941662	0.909593	0.141246	0.021933
0.0400	17.80	0.941662	0.909518	0.139288	0.021331
0.0400	18.16	0.941662	0.926501	0.008723	0.000082
0.0400	18.53	0.941662	0.929434	0.006063	0.000040
0.0400	18.90	0.941662	0.927536	0.007320	0.000058
0.0400	19.27	0.941662	0.928571	0.005947	0.000038
0.0400	19.63	0.941662	0.887381	0.174037	0.034133
0.0400	20.00	0.941662	0.929327	0.005471	0.000032
0.0514	2.00	0.914250	0.053476	0.000000	0.000000
0.0514	2.37	0.914250	0.053476	0.000000	0.000000
0.0514	2.73	0.914250	0.055258	0.002521	0.000115
0.0514	3.10	0.914250	0.057041	0.002521	0.000111
0.0514	3.47	0.914250	0.055258	0.002521	0.000115
0.0514	3.84	0.914250	0.057041	0.002521	0.000111
0.0514	4.20	0.914250	0.056684	0.004278	0.000323
0.0514	4.57	0.914250	0.055615	0.002620	0.000123
0.0514	4.94	0.914250	0.054367	0.001993	0.000073
0.0514	5.31	0.914250	0.058824	0.003382	0.000194
0.0514	5.67	0.914250	0.058060	0.005293	0.000482
0.0514	6.04	0.914250	0.057635	0.005510	0.000527
0.0514	6.41	0.914250	0.057041	0.004366	0.000334
0.0514	6.78	0.914250	0.060351	0.005509	0.000503
0.0514	7.14	0.914250	0.059492	0.004957	0.000413
0.0514	7.51	0.914250	0.060160	0.007444	0.000921
0.0514	7.88	0.914250	0.059893	0.005760	0.000554
0.0514	8.24	0.914250	0.058337	0.005793	0.000575
0.0514	8.61	0.914250	0.061292	0.006504	0.000690
0.0514	8.98	0.914250	0.065359	0.013985	0.002992
0.0514	9.35	0.914250	0.070113	0.014687	0.003077
0.0514	9.71	0.914250	0.068060	0.014528	0.003101
0.0514	10.08	0.914250	0.069150	0.018574	0.004989
0.0514	10.45	0.914250	0.066769	0.021481	0.006911
0.0514	10.82	0.914250	0.072672	0.027819	0.010649
0.0514	11.18	0.914250	0.076578	0.035864	0.016796
0.0514	11.55	0.914250	0.082090	0.039986	0.019477
0.0514	11.92	0.914250	0.092994	0.052663	0.029824
0.0514	12.29	0.914250	0.106607	0.071931	0.048534
0.0514	12.65	0.914250	0.112987	0.078894	0.055088
0.0514	13.02	0.914250	0.133189	0.093567	0.065733
0.0514	13.39	0.914250	0.163560	0.116216	0.082577
0.0514	13.76	0.914250	0.180156	0.120903	0.081138
0.0514	14.12	0.914250	0.226462	0.145805	0.093875
0.0514	14.49	0.914250	0.231175	0.161686	0.113085
0.0514	14.86	0.914250	0.242844	0.176640	0.128485
0.0514	15.22	0.914250	0.317664	0.198509	0.124049
0.0514	15.59	0.914250	0.318911	0.224596	0.158174
0.0514	15.96	0.914250	0.344434	0.205355	0.122435
0.0514	16.33	0.914250	0.363171	0.228540	0.143818
0.0514	16.69	0.914250	0.414480	0.244664	0.144424
0.0514	17.06	0.914250	0.443015	0.263968	0.157283
0.0514	17.43	0.914250	0.469354	0.259722	0.143720
0.0514	17.80	0.914250	0.455017	0.259000	0.147425
0.0514	18.16	0.914250	0.444519	0.263900	0.156671
0.0514	18.53	0.914250	0.459726	0.226497	0.111590
0.0514	18.90	0.914250	0.459273	0.228513	0.113697
0.0514	19.27	0.914250	0.492318	0.228317	0.105884
0.0514	19.63	0.914250	0.498560	0.244223	0.119634
0.0514	20.00	0.914250	0.534414	0.238864	0.106763
0.0629	2.00	0.891921	0.055556	0.003489	0.000219
0.0629	2.37	0.891921	0.051282	0.000000	0.000000
0.0629	2.73	0.891921	0.051282	0.000000	0.000000
0.0629	3.10	0.891921	0.051282	0.000000	0.000000
0.0629	3.47	0.891921	0.051282	0.000000	0.000000
0.0629	3.84	0.891921	0.051282	0.000000	0.000000
0.0629	4.20	0.891921	0.053419	0.002137	0.000085
0.0629	4.57	0.891921	0.053419	0.002137	0.000085
0.0629	4.94	0.891921	0.051282	0.000000	0.000000
0.0629	5.31	0.891921	0.000000	0.000000	0.000000
0.0629	5.67	0.891921	0.000000	0.000000	0.000000
0.0629	6.04	0.891921	0.000000	0.000000	0.000000
0.0629	6.41	0.891921	0.000000	0.000000	0.000000
0.0629	6.78	0.891921	0.000000	0.000000	0.000000
0.0629	7.14	0.891921	0.051282	0.000000	0.000000
0.0629	7.51	0.891921	0.054131	0.002015	0.000075
0.0629	7.88	0.891921	0.064103	0.012821	0.002564
0.0629	8.24	0.891921	0.064103	0.012821	0.002564
0.0629	8.61	0.891921	0.064103	0.012821	0.002564
0.0629	8.98	0.891921	0.060440	0.015732	0.004095
0.0629	9.35	0.891921	0.054606	0.005245	0.000504
0.0629	9.71	0.891921	0.056505	0.006914	0.000846
0.0629	10.08	0.891921	0.057692	0.005146	0.000459
0.0629	10.45	0.891921	0.066239	0.015033	0.003412
0.0629	10.82	0.891921	0.074074	0.023715	0.007592
0.0629	11.18	0.891921	0.070513	0.022512	0.007187
0.0629	11.55	0.891921	0.070364	0.031150	0.013790
0.0629	11.92	0.891921	0.090788	0.048610	0.026027
0.0629	12.29	0.891921	0.099537	0.055910	0.031405
0.0629	12.65	0.891921	0.110211	0.062612	0.035570
0.0629	13.02	0.891921	0.128352	0.077201	0.046434
0.0629	13.39	0.891921	0.145372	0.076792	0.040565
0.0629	13.76	0.891921	0.153045	0.090664	0.053709
0.0629	14.12	0.891921	0.199378	0.105287	0.055600
0.0629	14.49	0.891921	0.203353	0.100225	0.049397
0.0629	14.86	0.891921	0.222287	0.096339	0.041753
0.0629	15.22	0.891921	0.269965	0.105690	0.041377
0.0629	15.59	0.891921	0.276134	0.110130	0.043923
0.0629	15.96	0.891921	0.281197	0.111833	0.044477
0.0629	16.33	0.891921	0.289474	0.123992	0.053111
0.0629	16.69	0.891921	0.298326	0.125521	0.052813
0.0629	17.06	0.891921	0.311066	0.138707	0.061850
0.0629	17.43	0.891921	0.312591	0.137639	0.060604
0.0629	17.80	0.891921	0.335583	0.134938	0.054259
0.0629	18.16	0.891921	0.343750	0.136754	0.054404
0.0629	18.53	0.891921	0.346856	0.127750	0.047051
0.0629	18.90	0.891921	0.356025	0.127522	0.045676
0.0629	19.27	0.891921	0.357979	0.131947	0.048634
0.0629	19.63	0.891921	0.373162	0.126767	0.043064
0.0629	20.00	0.891921	0.376125	0.122664	0.040004
0.0743	2.00	0.878491	0.054430	0.005063	0.000471
0.0743	2.37	0.878491	0.053797	0.005103	0.000484
0.0743	2.73	0.878491	0.054149	0.005263	0.000511
0.0743	3.10	0.878491	0.054430	0.005063	0.000471
0.0743	3.47	0.878491	0.052934	0.004069	0.000313
0.0743	3.84	0.878491	0.056329	0.005971	0.000633
0.0743	4.20	0.878491	0.052743	0.003947	0.000295
0.0743	4.57	0.878491	0.052215	0.003767	0.000272
0.0743	4.94	0.878491	0.054761	0.004420	0.000357
0.0743	5.31	0.878491	0.054485	0.004845	0.000431
0.0743	5.67	0.878491	0.054284	0.005018	0.000464
0.0743	6.04	0.878491	0.054476	0.004885	0.000438
0.0743	6.41	0.878491	0.054852	0.005760	0.000605
0.0743	6.78	0.878491	0.055044	0.006515	0.000771
0.0743	7.14	0.878491	0.056435	0.008356	0.001237
0.0743	7.51	0.878491	0.057148	0.008475	0.001257
0.0743	7.88	0.878491	0.056209	0.008647	0.001330
0.0743	8.24	0.878491	0.057414	0.010417	0.001890
0.0743	8.61	0.878491	0.059363	0.011445	0.002207
0.0743	8.98	0.878491	0.060990	0.014684	0.003535
0.0743	9.35	0.878491	0.060896	0.014293	0.003355
0.0743	9.71	0.878491	0.064957	0.021076	0.006838
0.0743	10.08	0.878491	0.065702	0.020807	0.006589
0.0743	10.45	0.878491	0.066600	0.019249	0.005563
0.0743	10.82	0.878491	0.071490	0.026736	0.009999
0.0743	11.18	0.878491	0.073671	0.030135	0.012327
0.0743	11.55	0.878491	0.071730	0.030651	0.013097
0.0743	11.92	0.878491	0.075481	0.036498	0.017648
0.0743	12.29	0.878491	0.089489	0.055931	0.034957
0.0743	12.65	0.878491	0.101834	0.066413	0.043312
0.0743	13.02	0.878491	0.109883	0.088092	0.070622
0.0743	13.39	0.878491	0.123041	0.098377	0.078657
0.0743	13.76	0.878491	0.131560	0.101738	0.078676
0.0743	14.12	0.878491	0.173326	0.157728	0.143533
0.0743	14.49	0.878491	0.316221	0.217818	0.150036
0.0743	14.86	0.878491	0.346960	0.268229	0.207364
0.0743	15.22	0.878491	0.486329	0.291278	0.174455
0.0743	15.59	0.878491	0.570859	0.269375	0.127112
0.0743	15.96	0.878491	0.575045	0.300064	0.156576
0.0743	16.33	0.878491	0.687764	0.230775	0.077435
0.0743	16.69	0.878491	0.737693	0.209236	0.059347
0.0743	17.06	0.878491	0.711702	0.275557	0.106690
0.0743	17.43	0.878491	0.783803	0.230663	0.067881
0.0743	17.80	0.878491	0.862921	0.132012	0.020196
0.0743	18.16	0.878491	0.875579	0.047581	0.002586
0.0743	18.53	0.878491	0.859288	0.177482	0.036658
0.0743	18.90	0.878491	0.824436	0.232421	0.065523
0.0743	19.27	0.878491	0.883199	0.129852	0.019091
0.0743	19.63	0.878491	0.907173	0.131987	0.019203
0.0743	20.00	0.878491	0.889756	0.156557	0.027547
0.0857	2.00	0.864462	0.057778	0.007857	0.001068
0.0857	2.37	0.864462	0.055556	0.005666	0.000578
0.0857	2.73	0.864462	0.057778	0.007370	0.000940
0.0857	3.10	0.864462	0.056667	0.006383	0.000719
0.0857	3.47	0.864462	0.056889	0.006828	0.000819
0.0857	3.84	0.864462	0.057949	0.007106	0.000871
0.0857	4.20	0.864462	0.057500	0.009091	0.001437
0.0857	4.57	0.864462	0.058095	0.007315	0.000921
0.0857	4.94	0.864462	0.056000	0.004989	0.000444
0.0857	5.31	0.864462	0.056667	0.004979	0.000437
0.0857	5.67	0.864462	0.056889	0.005639	0.000559
0.0857	6.04	0.864462	0.057381	0.005145	0.000461
0.0857	6.41	0.864462	0.057701	0.005037	0.000440
0.0857	6.78	0.864462	0.057204	0.006052	0.000640
0.0857	7.14	0.864462	0.058125	0.005830	0.000585
0.0857	7.51	0.864462	0.061505	0.008417	0.001152
0.0857	7.88	0.864462	0.057778	0.006285	0.000684
0.0857	8.24	0.864462	0.057576	0.005876	0.000600
0.0857	8.61	0.864462	0.058333	0.006736	0.000778
0.0857	8.98	0.864462	0.059048	0.009712	0.001598
0.0857	9.35	0.864462	0.058000	0.008459	0.001234
0.0857	9.71	0.864462	0.066111	0.020720	0.006494
0.0857	10.08	0.864462	0.065128	0.016362	0.004111
0.0857	10.45	0.864462	0.063333	0.013851	0.003029
0.0857	10.82	0.864462	0.069293	0.030215	0.013175
0.0857	11.18	0.864462	0.079574	0.045224	0.025702
0.0857	11.55	0.864462	0.081310	0.049319	0.029915
0.0857	11.92	0.864462	0.087831	0.055860	0.035527
0.0857	12.29	0.864462	0.096552	0.073586	0.056083
0.0857	12.65	0.864462	0.107322	0.089944	0.075380
0.0857	13.02	0.864462	0.113437	0.097000	0.082945
0.0857	13.39	0.864462	0.154237	0.140842	0.128610
0.0857	13.76	0.864462	0.176158	0.150501	0.128580
0.0857	14.12	0.864462	0.199096	0.156277	0.122667
0.0857	14.49	0.864462	0.271071	0.207063	0.158169
0.0857	14.86	0.864462	0.286102	0.210147	0.154356
0.0857	15.22	0.864462	0.329212	0.216732	0.142683
0.0857	15.59	0.864462	0.317381	0.216805	0.148100
0.0857	15.96	0.864462	0.336897	0.229119	0.155820
0.0857	16.33	0.864462	0.333871	0.222018	0.147638
0.0857	16.69	0.864462	0.325075	0.233628	0.167906
0.0857	17.06	0.864462	0.336931	0.233343	0.161603
0.0857	17.43	0.864462	0.347960	0.237785	0.162494
0.0857	17.80	0.864462	0.369055	0.250669	0.170259
0.0857	18.16	0.864462	0.378109	0.260335	0.179245
0.0857	18.53	0.864462	0.395521	0.253859	0.162936
0.0857	18.90	0.864462	0.374589	0.253075	0.170979
0.0857	19.27	0.864462	0.389577	0.261206	0.175135
0.0857	19.63	0.864462	0.401759	0.256185	0.163359
0.0857	20.00	0.864462	0.429798	0.260916	0.158393
0.0971	2.00	0.838287	0.053125	0.005555	0.000581
0.0971	2.37	0.838287	0.054375	0.005266	0.000510
0.0971	2.73	0.838287	0.054286	0.005624	0.000583
0.0971	3.10	0.838287	0.053889	0.005152	0.000493
0.0971	3.47	0.838287	0.053889	0.005666	0.000596
0.0971	3.84	0.838287	0.054444	0.005500	0.000556
0.0971	4.20	0.838287	0.055000	0.005590	0.000568
0.0971	4.57	0.838287	0.056250	0.008197	0.001194
0.0971	4.94	0.838287	0.055000	0.007746	0.001091
0.0971	5.31	0.838287	0.055000	0.007746	0.001091
0.0971	5.67	0.838287	0.054167	0.007312	0.000987
0.0971	6.04	0.838287	0.054167	0.007312	0.000987
0.0971	6.41	0.838287	0.054167	0.007312	0.000987
0.0971	6.78	0.838287	0.056667	0.007454	0.000980
0.0971	7.14	0.838287	0.055714	0.007284	0.000952
0.0971	7.51	0.838287	0.051429	0.002259	0.000099
0.0971	7.88	0.838287	0.052500	0.003819	0.000278
0.0971	8.24	0.838287	0.052143	0.002474	0.000117
0.0971	8.61	0.838287	0.052857	0.003642	0.000251
0.0971	8.98	0.838287	0.052857	0.003642	0.000251
0.0971	9.35	0.838287	0.052273	0.003278	0.000206
0.0971	9.71	0.838287	0.051538	0.002308	0.000103
0.0971	10.08	0.838287	0.054000	0.003742	0.000259
0.0971	10.45	0.838287	0.055357	0.004418	0.000353
0.0971	10.82	0.838287	0.057813	0.010602	0.001944
0.0971	11.18	0.838287	0.060263	0.011973	0.002379
0.0971	11.55	0.838287	0.063750	0.019432	0.005923
0.0971	11.92	0.838287	0.066481	0.024601	0.009103
0.0971	12.29	0.838287	0.072593	0.028198	0.010953
0.0971	12.65	0.838287	0.073714	0.035160	0.016770
0.0971	13.02	0.838287	0.066136	0.023473	0.008331
0.0971	13.39	0.838287	0.067170	0.025872	0.009965
0.0971	13.76	0.838287	0.073661	0.028543	0.011060
0.0971	14.12	0.838287	0.079667	0.038761	0.018858
0.0971	14.49	0.838287	0.083596	0.042300	0.021404
0.0971	14.86	0.838287	0.089841	0.047784	0.025415
0.0971	15.22	0.838287	0.101462	0.054721	0.029513
0.0971	15.59	0.838287	0.156000	0.099171	0.063044
0.0971	15.96	0.838287	0.163684	0.099792	0.060839
0.0971	16.33	0.838287	0.163770	0.100587	0.061780
0.0971	16.69	0.838287	0.154653	0.102026	0.067307
0.0971	17.06	0.838287	0.163143	0.102669	0.064611
0.0971	17.43	0.838287	0.165775	0.100889	0.061400
0.0971	17.80	0.838287	0.170338	0.100587	0.059398
0.0971	18.16	0.838287	0.165000	0.098461	0.058755
0.0971	18.53	0.838287	0.161667	0.106361	0.069975
0.0971	18.90	0.838287	0.159651	0.108448	0.073666
0.0971	19.27	0.838287	0.155870	0.102580	0.067509
0.0971	19.63	0.838287	0.162278	0.104028	0.066687
0.0971	20.00	0.838287	0.175536	0.113029	0.072781
0.1086	2.00	0.815822	0.050360	0.000000	0.000000
0.1086	2.37	0.815822	0.000000	0.000000	0.000000
0.1086	2.73	0.815822	0.000000	0.000000	0.000000
0.1086	3.10	0.815822	0.000000	0.000000	0.000000
0.1086	3.47	0.815822	0.000000	0.000000	0.000000
0.1086	3.84	0.815822	0.000000	0.000000	0.000000
0.1086	4.20	0.815822	0.000000	0.000000	0.000000
0.1086	4.57	0.815822	0.000000	0.000000	0.000000
0.1086	4.94	0.815822	0.053957	0.003597	0.000240
0.1086	5.31	0.815822	0.052758	0.003391	0.000218
0.1086	5.67	0.815822	0.053957	0.003597	0.000240
0.1086	6.04	0.815822	0.053957	0.002937	0.000160
0.1086	6.41	0.815822	0.053957	0.002937	0.000160
0.1086	6.78	0.815822	0.051559	0.001696	0.000056
0.1086	7.14	0.815822	0.051559	0.001696	0.000056
0.1086	7.51	0.815822	0.057554	0.000000	0.000000
0.1086	7.88	0.815822	0.057554	0.000000	0.000000
0.1086	8.24	0.815822	0.057554	0.000000	0.000000
0.1086	8.61	0.815822	0.061151	0.000000	0.000000
0.1086	8.98	0.815822	0.059353	0.008993	0.001363
0.1086	9.35	0.815822	0.058753	0.009441	0.001517
0.1086	9.71	0.815822	0.055396	0.003668	0.000243
0.1086	10.08	0.815822	0.052415	0.002620	0.000131
0.1086	10.45	0.815822	0.055156	0.003977	0.000287
0.1086	10.82	0.815822	0.061151	0.015679	0.004020
0.1086	11.18	0.815822	0.060497	0.017677	0.005165
0.1086	11.55	0.815822	0.056526	0.009655	0.001649
0.1086	11.92	0.815822	0.057717	0.012670	0.002781
0.1086	12.29	0.815822	0.059026	0.007084	0.000850
0.1086	12.65	0.815822	0.071594	0.018350	0.004703
0.1086	13.02	0.815822	0.070401	0.020403	0.005913
0.1086	13.39	0.815822	0.063661	0.018103	0.005148
0.1086	13.76	0.815822	0.073578	0.024160	0.007933
0.1086	14.12	0.815822	0.080544	0.027523	0.009405
0.1086	14.49	0.815822	0.085560	0.034581	0.013976
0.1086	14.86	0.815822	0.093198	0.038600	0.015987
0.1086	15.22	0.815822	0.102103	0.044588	0.019471
0.1086	15.59	0.815822	0.106029	0.046004	0.019960
0.1086	15.96	0.815822	0.117035	0.056083	0.026875
0.1086	16.33	0.815822	0.133367	0.065978	0.032640
0.1086	16.69	0.815822	0.141842	0.069445	0.034000
0.1086	17.06	0.815822	0.154969	0.073558	0.034915
0.1086	17.43	0.815822	0.165256	0.078113	0.036923
0.1086	17.80	0.815822	0.184395	0.082198	0.036641
0.1086	18.16	0.815822	0.191875	0.100276	0.052406
0.1086	18.53	0.815822	0.206571	0.105321	0.053698
0.1086	18.90	0.815822	0.208756	0.108650	0.056549
0.1086	19.27	0.815822	0.236655	0.124361	0.065351
0.1086	19.63	0.815822	0.181578	0.084021	0.038879
0.1086	20.00	0.815822	0.198018	0.086236	0.037555
0.1200	2.00	0.827859	0.054299	0.000000	0.000000
0.1200	2.37	0.827859	0.054299	0.000000	0.000000
0.1200	2.73	0.827859	0.054299	0.000000	0.000000
0.1200	3.10	0.827859	0.056561	0.002262	0.000090
0.1200	3.47	0.827859	0.056561	0.002262	0.000090
0.1200	3.84	0.827859	0.056561	0.002262	0.000090
0.1200	4.20	0.827859	0.058824	0.000000	0.000000
0.1200	4.57	0.827859	0.063348	0.000000	0.000000
0.1200	4.94	0.827859	0.054299	0.000000	0.000000
0.1200	5.31	0.827859	0.063348	0.004525	0.000323
0.1200	5.67	0.827859	0.058824	0.006399	0.000696
0.1200	6.04	0.827859	0.056561	0.003456	0.000211
0.1200	6.41	0.827859	0.061840	0.005644	0.000515
0.1200	6.78	0.827859	0.060332	0.008122	0.001094
0.1200	7.14	0.827859	0.058258	0.005740	0.000566
0.1200	7.51	0.827859	0.061409	0.008673	0.001225
0.1200	7.88	0.827859	0.058371	0.007140	0.000873
0.1200	8.24	0.827859	0.058824	0.007010	0.000835
0.1200	8.61	0.827859	0.058824	0.006399	0.000696
0.1200	8.98	0.827859	0.058824	0.006399	0.000696
0.1200	9.35	0.827859	0.056109	0.003620	0.000234
0.1200	9.71	0.827859	0.058824	0.006684	0.000759
0.1200	10.08	0.827859	0.061369	0.007832	0.001000
0.1200	10.45	0.827859	0.064210	0.012063	0.002266
0.1200	10.82	0.827859	0.063760	0.009638	0.001457
0.1200	11.18	0.827859	0.064668	0.012425	0.002387
0.1200	11.55	0.827859	0.061357	0.009837	0.001577
0.1200	11.92	0.827859	0.062864	0.011992	0.002288
0.1200	12.29	0.827859	0.067188	0.022476	0.007519
0.1200	12.65	0.827859	0.066829	0.015956	0.003809
0.1200	13.02	0.827859	0.068889	0.017206	0.004298
0.1200	13.39	0.827859	0.071979	0.022342	0.006935
0.1200	13.76	0.827859	0.077690	0.034603	0.015412
0.1200	14.12	0.827859	0.083630	0.042507	0.021606
0.1200	14.49	0.827859	0.087200	0.036245	0.015066
0.1200	14.86	0.827859	0.108406	0.058553	0.031626
0.1200	15.22	0.827859	0.119741	0.073151	0.044689
0.1200	15.59	0.827859	0.124137	0.074591	0.044821
0.1200	15.96	0.827859	0.137858	0.096496	0.067544
0.1200	16.33	0.827859	0.144854	0.093666	0.060566
0.1200	16.69	0.827859	0.205939	0.145686	0.103062
0.1200	17.06	0.827859	0.230005	0.156732	0.106802
0.1200	17.43	0.827859	0.236914	0.172124	0.125052
0.1200	17.80	0.827859	0.282366	0.168512	0.100566
0.1200	18.16	0.827859	0.311452	0.192694	0.119219
0.1200	18.53	0.827859	0.335899	0.199746	0.118780
0.1200	18.90	0.827859	0.333273	0.212401	0.135367
0.1200	19.27	0.827859	0.388235	0.205129	0.108383
0.1200	19.63	0.827859	0.427036	0.204265	0.097707
0.1200	20.00	0.827859	0.436793	0.218608	0.109410
0.1314	2.00	0.766697	0.000000	0.000000	0.000000
0.1314	2.37	0.766697	0.000000	0.000000	0.000000
0.1314	2.73	0.766697	0.050147	0.000000	0.000000
0.1314	3.10	0.766697	0.050147	0.000000	0.000000
0.1314	3.47	0.766697	0.050147	0.000000	0.000000
0.1314	3.84	0.766697	0.050147	0.000000	0.000000
0.1314	4.20	0.766697	0.000000	0.000000	0.000000
0.1314	4.57	0.766697	0.000000	0.000000	0.000000
0.1314	4.94	0.766697	0.000000	0.000000	0.000000
0.1314	5.31	0.766697	0.000000	0.000000	0.000000
0.1314	5.67	0.766697	0.000000	0.000000	0.000000
0.1314	6.04	0.766697	0.000000	0.000000	0.000000
0.1314	6.41	0.766697	0.000000	0.000000	0.000000
0.1314	6.78	0.766697	0.000000	0.000000	0.000000
0.1314	7.14	0.766697	0.000000	0.000000	0.000000
0.1314	7.51	0.766697	0.000000	0.000000	0.000000
0.1314	7.88	0.766697	0.050147	0.000000	0.000000
0.1314	8.24	0.766697	0.050147	0.000000	0.000000
0.1314	8.61	0.766697	0.000000	0.000000	0.000000
0.1314	8.98	0.766697	0.050147	0.000000	0.000000
0.1314	9.35	0.766697	0.000000	0.000000	0.000000
0.1314	9.71	0.766697	0.053097	0.000000	0.000000
0.1314	10.08	0.766697	0.055064	0.003679	0.000246
0.1314	10.45	0.766697	0.053097	0.004172	0.000328
0.1314	10.82	0.766697	0.054783	0.004129	0.000311
0.1314	11.18	0.766697	0.053097	0.002086	0.000082
0.1314	11.55	0.766697	0.053392	0.003080	0.000178
0.1314	11.92	0.766697	0.054005	0.003144	0.000183
0.1314	12.29	0.766697	0.056890	0.010184	0.001823
0.1314	12.65	0.766697	0.058650	0.016775	0.004798
0.1314	13.02	0.766697	0.062790	0.014384	0.003295
0.1314	13.39	0.766697	0.062662	0.015778	0.003973
0.1314	13.76	0.766697	0.063127	0.017714	0.004971
0.1314	14.12	0.766697	0.066233	0.019276	0.005610
0.1314	14.49	0.766697	0.068247	0.023274	0.007937
0.1314	14.86	0.766697	0.073570	0.025487	0.008830
0.1314	15.22	0.766697	0.081416	0.028203	0.009770
0.1314	15.59	0.766697	0.084489	0.039523	0.018488
0.1314	15.96	0.766697	0.086173	0.038846	0.017512
0.1314	16.33	0.766697	0.097268	0.040119	0.016548
0.1314	16.69	0.766697	0.100084	0.045596	0.020773
0.1314	17.06	0.766697	0.107589	0.051874	0.025011
0.1314	17.43	0.766697	0.112119	0.046677	0.019432
0.1314	17.80	0.766697	0.126900	0.051234	0.020685
0.1314	18.16	0.766697	0.134869	0.053768	0.021436
0.1314	18.53	0.766697	0.145642	0.054949	0.020732
0.1314	18.90	0.766697	0.153993	0.065065	0.027491
0.1314	19.27	0.766697	0.158210	0.061681	0.024048
0.1314	19.63	0.766697	0.171292	0.069026	0.027816
0.1314	20.00	0.766697	0.168063	0.066080	0.025982
0.1429	2.00	0.756549	0.050000	0.000000	0.000000
0.1429	2.37	0.756549	0.051562	0.001562	0.000047
0.1429	2.73	0.756549	0.050000	0.000000	0.000000
0.1429	3.10	0.756549	0.000000	0.000000	0.000000
0.1429	3.47	0.756549	0.000000	0.000000	0.000000
0.1429	3.84	0.756549	0.000000	0.000000	0.000000
0.1429	4.20	0.756549	0.000000	0.000000	0.000000
0.1429	4.57	0.756549	0.000000	0.000000	0.000000
0.1429	4.94	0.756549	0.000000	0.000000	0.000000
0.1429	5.31	0.756549	0.000000	0.000000	0.000000
0.1429	5.67	0.756549	0.000000	0.000000	0.000000
0.1429	6.04	0.756549	0.000000	0.000000	0.000000
0.1429	6.41	0.756549	0.000000	0.000000	0.000000
0.1429	6.78	0.756549	0.000000	0.000000	0.000000
0.1429	7.14	0.756549	0.000000	0.000000	0.000000
0.1429	7.51	0.756549	0.000000	0.000000	0.000000
0.1429	7.88	0.756549	0.000000	0.000000	0.000000
0.1429	8.24	0.756549	0.000000	0.000000	0.000000
0.1429	8.61	0.756549	0.000000	0.000000	0.000000
0.1429	8.98	0.756549	0.050000	0.000000	0.000000
0.1429	9.35	0.756549	0.050000	0.000000	0.000000
0.1429	9.71	0.756549	0.053125	0.003125	0.000184
0.1429	10.08	0.756549	0.057292	0.008202	0.001174
0.1429	10.45	0.756549	0.057031	0.010452	0.001916
0.1429	10.82	0.756549	0.060156	0.017591	0.005144
0.1429	11.18	0.756549	0.060000	0.013607	0.003086
0.1429	11.55	0.756549	0.053438	0.009318	0.001625
0.1429	11.92	0.756549	0.058333	0.011785	0.002381
0.1429	12.29	0.756549	0.054861	0.003928	0.000281
0.1429	12.65	0.756549	0.056771	0.005388	0.000511
0.1429	13.02	0.756549	0.056641	0.007318	0.000946
0.1429	13.39	0.756549	0.060833	0.008218	0.001110
0.1429	13.76	0.756549	0.063095	0.012997	0.002677
0.1429	14.12	0.756549	0.065625	0.015084	0.003467
0.1429	14.49	0.756549	0.062500	0.011191	0.002004
0.1429	14.86	0.756549	0.063437	0.014164	0.003162
0.1429	15.22	0.756549	0.066779	0.020286	0.006163
0.1429	15.59	0.756549	0.066667	0.019441	0.005669
0.1429	15.96	0.756549	0.070873	0.022537	0.007167
0.1429	16.33	0.756549	0.077463	0.030940	0.012358
0.1429	16.69	0.756549	0.089137	0.036451	0.014906
0.1429	17.06	0.756549	0.093501	0.039792	0.016935
0.1429	17.43	0.756549	0.099479	0.046569	0.021800
0.1429	17.80	0.756549	0.116067	0.055359	0.026404
0.1429	18.16	0.756549	0.121410	0.056926	0.026691
0.1429	18.53	0.756549	0.136570	0.069132	0.034995
0.1429	18.90	0.756549	0.170074	0.079406	0.037074
0.1429	19.27	0.756549	0.174749	0.094212	0.050793
0.1429	19.63	0.756549	0.174649	0.098259	0.055281
0.1429	20.00	0.756549	0.209570	0.111486	0.059307
0.1543	2.00	0.752802	0.051354	0.002641	0.000136
0.1543	2.37	0.752802	0.052941	0.005381	0.000547
0.1543	2.73	0.752802	0.052941	0.005381	0.000547
0.1543	3.10	0.752802	0.052941	0.005381	0.000547
0.1543	3.47	0.752802	0.053476	0.005402	0.000546
0.1543	3.84	0.752802	0.053476	0.005402	0.000546
0.1543	4.20	0.752802	0.053476	0.005402	0.000546
0.1543	4.57	0.752802	0.053476	0.005402	0.000546
0.1543	4.94	0.752802	0.054240	0.005509	0.000560
0.1543	5.31	0.752802	0.054622	0.005637	0.000582
0.1543	5.67	0.752802	0.051882	0.003185	0.000196
0.1543	6.04	0.752802	0.052421	0.003579	0.000244
0.1543	6.41	0.752802	0.052247	0.003466	0.000230
0.1543	6.78	0.752802	0.052612	0.003690	0.000259
0.1543	7.14	0.752802	0.052247	0.003466	0.000230
0.1543	7.51	0.752802	0.052171	0.003413	0.000223
0.1543	7.88	0.752802	0.052221	0.003448	0.000228
0.1543	8.24	0.752802	0.052683	0.003727	0.000264
0.1543	8.61	0.752802	0.051869	0.003174	0.000194
0.1543	8.98	0.752802	0.052221	0.003448	0.000228
0.1543	9.35	0.752802	0.054884	0.006638	0.000803
0.1543	9.71	0.752802	0.054730	0.007088	0.000918
0.1543	10.08	0.752802	0.054514	0.007339	0.000988
0.1543	10.45	0.752802	0.055544	0.008480	0.001295
0.1543	10.82	0.752802	0.056423	0.008460	0.001269
0.1543	11.18	0.752802	0.056187	0.009037	0.001453
0.1543	11.55	0.752802	0.057011	0.009010	0.001424
0.1543	11.92	0.752802	0.057930	0.009842	0.001672
0.1543	12.29	0.752802	0.060710	0.012735	0.002671
0.1543	12.65	0.752802	0.061421	0.016174	0.004259
0.1543	13.02	0.752802	0.059605	0.015251	0.003902
0.1543	13.39	0.752802	0.062112	0.015324	0.003780
0.1543	13.76	0.752802	0.064318	0.018195	0.005147
0.1543	14.12	0.752802	0.065633	0.018885	0.005434
0.1543	14.49	0.752802	0.067494	0.019748	0.005778
0.1543	14.86	0.752802	0.067482	0.022135	0.007261
0.1543	15.22	0.752802	0.069485	0.023971	0.008269
0.1543	15.59	0.752802	0.072098	0.026474	0.009721
0.1543	15.96	0.752802	0.075008	0.027438	0.010037
0.1543	16.33	0.752802	0.079988	0.032536	0.013234
0.1543	16.69	0.752802	0.093116	0.045680	0.022409
0.1543	17.06	0.752802	0.094133	0.048931	0.025434
0.1543	17.43	0.752802	0.106473	0.056900	0.030407
0.1543	17.80	0.752802	0.110217	0.058689	0.031251
0.1543	18.16	0.752802	0.125550	0.062366	0.030980
0.1543	18.53	0.752802	0.137192	0.074321	0.040262
0.1543	18.90	0.752802	0.144058	0.071159	0.035149
0.1543	19.27	0.752802	0.157311	0.077220	0.037906
0.1543	19.63	0.752802	0.173449	0.082694	0.039425
0.1543	20.00	0.752802	0.156758	0.093287	0.055515
0.1657	2.00	0.792036	0.000000	0.000000	0.000000
0.1657	2.37	0.792036	0.050000	0.000000	0.000000
0.1657	2.73	0.792036	0.050000	0.000000	0.000000
0.1657	3.10	0.792036	0.050000	0.000000	0.000000
0.1657	3.47	0.792036	0.050000	0.000000	0.000000
0.1657	3.84	0.792036	0.050000	0.000000	0.000000
0.1657	4.20	0.792036	0.050000	0.000000	0.000000
0.1657	4.57	0.792036	0.050000	0.000000	0.000000
0.1657	4.94	0.792036	0.050000	0.000000	0.000000
0.1657	5.31	0.792036	0.051190	0.001190	0.000028
0.1657	5.67	0.792036	0.051190	0.001190	0.000028
0.1657	6.04	0.792036	0.054762	0.000000	0.000000
0.1657	6.41	0.792036	0.051190	0.001190	0.000028
0.1657	6.78	0.792036	0.053571	0.001190	0.000026
0.1657	7.14	0.792036	0.000000	0.000000	0.000000
0.1657	7.51	0.792036	0.000000	0.000000	0.000000
0.1657	7.88	0.792036	0.000000	0.000000	0.000000
0.1657	8.24	0.792036	0.000000	0.000000	0.000000
0.1657	8.61	0.792036	0.000000	0.000000	0.000000
0.1657	8.98	0.792036	0.000000	0.000000	0.000000
0.1657	9.35	0.792036	0.000000	0.000000	0.000000
0.1657	9.71	0.792036	0.052381	0.000000	0.000000
0.1657	10.08	0.792036	0.057143	0.000000	0.000000
0.1657	10.45	0.792036	0.050000	0.000000	0.000000
0.1657	10.82	0.792036	0.061667	0.018084	0.005303
0.1657	11.18	0.792036	0.083333	0.049159	0.028999
0.1657	11.55	0.792036	0.082919	0.039503	0.018820
0.1657	11.92	0.792036	0.089337	0.053137	0.031606
0.1657	12.29	0.792036	0.106845	0.060377	0.034118
0.1657	12.65	0.792036	0.118163	0.062431	0.032985
0.1657	13.02	0.792036	0.113589	0.065557	0.037835
0.1657	13.39	0.792036	0.113839	0.067722	0.040288
0.1657	13.76	0.792036	0.126029	0.073954	0.043397
0.1657	14.12	0.792036	0.155143	0.079664	0.040906
0.1657	14.49	0.792036	0.161632	0.089006	0.049013
0.1657	14.86	0.792036	0.178193	0.085606	0.041126
0.1657	15.22	0.792036	0.189323	0.096050	0.048730
0.1657	15.59	0.792036	0.200380	0.096753	0.046718
0.1657	15.96	0.792036	0.210183	0.107634	0.055119
0.1657	16.33	0.792036	0.198622	0.109713	0.060603
0.1657	16.69	0.792036	0.217906	0.119991	0.066074
0.1657	17.06	0.792036	0.217784	0.126194	0.073123
0.1657	17.43	0.792036	0.232745	0.125399	0.067562
0.1657	17.80	0.792036	0.255499	0.135396	0.071750
0.1657	18.16	0.792036	0.265261	0.138201	0.072002
0.1657	18.53	0.792036	0.300889	0.146723	0.071547
0.1657	18.90	0.792036	0.270334	0.147943	0.080963
0.1657	19.27	0.792036	0.299196	0.162128	0.087853
0.1657	19.63	0.792036	0.283140	0.161728	0.092379
0.1657	20.00	0.792036	0.264772	0.153835	0.089380
0.1771	2.00	0.725328	0.000000	0.000000	0.000000
0.1771	2.37	0.725328	0.000000	0.000000	0.000000
0.1771	2.73	0.725328	0.052045	0.000000	0.000000
0.1771	3.10	0.725328	0.052045	0.000000	0.000000
0.1771	3.47	0.725328	0.052045	0.000000	0.000000
0.1771	3.84	0.725328	0.052045	0.000000	0.000000
0.1771	4.20	0.725328	0.052045	0.000000	0.000000
0.1771	4.57	0.725328	0.052045	0.000000	0.000000
0.1771	4.94	0.725328	0.000000	0.000000	0.000000
0.1771	5.31	0.725328	0.000000	0.000000	0.000000
0.1771	5.67	0.725328	0.000000	0.000000	0.000000
0.1771	6.04	0.725328	0.000000	0.000000	0.000000
0.1771	6.41	0.725328	0.000000	0.000000	0.000000
0.1771	6.78	0.725328	0.000000	0.000000	0.000000
0.1771	7.14	0.725328	0.000000	0.000000	0.000000
0.1771	7.51	0.725328	0.000000	0.000000	0.000000
0.1771	7.88	0.725328	0.000000	0.000000	0.000000
0.1771	8.24	0.725328	0.000000	0.000000	0.000000
0.1771	8.61	0.725328	0.000000	0.000000	0.000000
0.1771	8.98	0.725328	0.000000	0.000000	0.000000
0.1771	9.35	0.725328	0.055762	0.000000	0.000000
0.1771	9.71	0.725328	0.055762	0.000000	0.000000
0.1771	10.08	0.725328	0.055143	0.005437	0.000536
0.1771	10.45	0.725328	0.058736	0.008922	0.001355
0.1771	10.82	0.725328	0.054833	0.004829	0.000425
0.1771	11.18	0.725328	0.055762	0.005961	0.000637
0.1771	11.55	0.725328	0.058364	0.013511	0.003128
0.1771	11.92	0.725328	0.057827	0.009616	0.001599
0.1771	12.29	0.725328	0.057478	0.010374	0.001872
0.1771	12.65	0.725328	0.058550	0.005704	0.000556
0.1771	13.02	0.725328	0.061106	0.008911	0.001300
0.1771	13.39	0.725328	0.061781	0.008622	0.001203
0.1771	13.76	0.725328	0.064328	0.011778	0.002156
0.1771	14.12	0.725328	0.069437	0.015991	0.003683
0.1771	14.49	0.725328	0.072197	0.019921	0.005497
0.1771	14.86	0.725328	0.074436	0.025397	0.008665
0.1771	15.22	0.725328	0.083069	0.033289	0.013341
0.1771	15.59	0.725328	0.085441	0.031812	0.011844
0.1771	15.96	0.725328	0.098288	0.041769	0.017751
0.1771	16.33	0.725328	0.095846	0.042953	0.019249
0.1771	16.69	0.725328	0.121336	0.056843	0.026629
0.1771	17.06	0.725328	0.127837	0.059725	0.027903
0.1771	17.43	0.725328	0.131642	0.062418	0.029595
0.1771	17.80	0.725328	0.131473	0.063011	0.030199
0.1771	18.16	0.725328	0.138941	0.076831	0.042486
0.1771	18.53	0.725328	0.157938	0.083214	0.043844
0.1771	18.90	0.725328	0.160615	0.086443	0.046524
0.1771	19.27	0.725328	0.178332	0.095584	0.051232
0.1771	19.63	0.725328	0.200415	0.103699	0.053656
0.1771	20.00	0.725328	0.200492	0.097578	0.047490
0.1886	2.00	0.699703	0.056712	0.005177	0.000473
0.1886	2.37	0.699703	0.055905	0.005293	0.000501
0.1886	2.73	0.699703	0.055905	0.005293	0.000501
0.1886	3.10	0.699703	0.056712	0.005177	0.000473
0.1886	3.47	0.699703	0.055994	0.004974	0.000442
0.1886	3.84	0.699703	0.055994	0.004974	0.000442
0.1886	4.20	0.699703	0.050810	0.001579	0.000049
0.1886	4.57	0.699703	0.051256	0.002010	0.000079
0.1886	4.94	0.699703	0.051368	0.002089	0.000085
0.1886	5.31	0.699703	0.052136	0.003497	0.000235
0.1886	5.67	0.699703	0.052485	0.004803	0.000440
0.1886	6.04	0.699703	0.052485	0.004803	0.000440
0.1886	6.41	0.699703	0.052764	0.004633	0.000407
0.1886	6.78	0.699703	0.054020	0.006528	0.000789
0.1886	7.14	0.699703	0.050251	0.000000	0.000000
0.1886	7.51	0.699703	0.050251	0.000000	0.000000
0.1886	7.88	0.699703	0.051926	0.002369	0.000108
0.1886	8.24	0.699703	0.051926	0.002369	0.000108
0.1886	8.61	0.699703	0.053601	0.002369	0.000105
0.1886	8.98	0.699703	0.053601	0.002369	0.000105
0.1886	9.35	0.699703	0.053601	0.002369	0.000105
0.1886	9.71	0.699703	0.053601	0.002369	0.000105
0.1886	10.08	0.699703	0.051508	0.002176	0.000092
0.1886	10.45	0.699703	0.051165	0.001938	0.000073
0.1886	10.82	0.699703	0.052079	0.003230	0.000200
0.1886	11.18	0.699703	0.053601	0.006267	0.000733
0.1886	11.55	0.699703	0.054820	0.007562	0.001043
0.1886	11.92	0.699703	0.052571	0.004234	0.000341
0.1886	12.29	0.699703	0.054020	0.004530	0.000380
0.1886	12.65	0.699703	0.055276	0.005505	0.000548
0.1886	13.02	0.699703	0.055868	0.005418	0.000526
0.1886	13.39	0.699703	0.056393	0.005694	0.000575
0.1886	13.76	0.699703	0.058040	0.008021	0.001108
0.1886	14.12	0.699703	0.061019	0.008947	0.001312
0.1886	14.49	0.699703	0.060704	0.010042	0.001661
0.1886	14.86	0.699703	0.060840	0.010856	0.001937
0.1886	15.22	0.699703	0.064250	0.011659	0.002116
0.1886	15.59	0.699703	0.062954	0.013215	0.002774
0.1886	15.96	0.699703	0.062121	0.012156	0.002379
0.1886	16.33	0.699703	0.061848	0.014184	0.003253
0.1886	16.69	0.699703	0.063492	0.013349	0.002807
0.1886	17.06	0.699703	0.064172	0.015401	0.003696
0.1886	17.43	0.699703	0.066018	0.016394	0.004071
0.1886	17.80	0.699703	0.069826	0.017153	0.004214
0.1886	18.16	0.699703	0.071239	0.018195	0.004647
0.1886	18.53	0.699703	0.070448	0.018105	0.004653
0.1886	18.90	0.699703	0.069053	0.017187	0.004278
0.1886	19.27	0.699703	0.072138	0.019923	0.005502
0.1886	19.63	0.699703	0.074523	0.023051	0.007130
0.1886	20.00	0.699703	0.075820	0.021632	0.006172
0.2000	2.00	0.712491	0.050584	0.000000	0.000000
0.2000	2.37	0.712491	0.050584	0.000000	0.000000
0.2000	2.73	0.712491	0.050584	0.000000	0.000000
0.2000	3.10	0.712491	0.050584	0.000000	0.000000
0.2000	3.47	0.712491	0.050584	0.000000	0.000000
0.2000	3.84	0.712491	0.050584	0.000000	0.000000
0.2000	4.20	0.712491	0.050584	0.000000	0.000000
0.2000	4.57	0.712491	0.050584	0.000000	0.000000
0.2000	4.94	0.712491	0.050584	0.000000	0.000000
0.2000	5.31	0.712491	0.000000	0.000000	0.000000
0.2000	5.67	0.712491	0.000000	0.000000	0.000000
0.2000	6.04	0.712491	0.000000	0.000000	0.000000
0.2000	6.41	0.712491	0.000000	0.000000	0.000000
0.2000	6.78	0.712491	0.000000	0.000000	0.000000
0.2000	7.14	0.712491	0.000000	0.000000	0.000000
0.2000	7.51	0.712491	0.000000	0.000000	0.000000
0.2000	7.88	0.712491	0.000000	0.000000	0.000000
0.2000	8.24	0.712491	0.000000	0.000000	0.000000
0.2000	8.61	0.712491	0.050584	0.000000	0.000000
0.2000	8.98	0.712491	0.000000	0.000000	0.000000
0.2000	9.35	0.712491	0.000000	0.000000	0.000000
0.2000	9.71	0.712491	0.050584	0.000000	0.000000
0.2000	10.08	0.712491	0.050584	0.000000	0.000000
0.2000	10.45	0.712491	0.054475	0.005095	0.000476
0.2000	10.82	0.712491	0.054961	0.004936	0.000443
0.2000	11.18	0.712491	0.056597	0.007110	0.000893
0.2000	11.55	0.712491	0.054475	0.005503	0.000556
0.2000	11.92	0.712491	0.057450	0.009104	0.001443
0.2000	12.29	0.712491	0.059501	0.015173	0.003869
0.2000	12.65	0.712491	0.058873	0.011941	0.002422
0.2000	13.02	0.712491	0.063813	0.011853	0.002202
0.2000	13.39	0.712491	0.065269	0.013063	0.002615
0.2000	13.76	0.712491	0.063739	0.016265	0.004151
0.2000	14.12	0.712491	0.069377	0.021150	0.006448
0.2000	14.49	0.712491	0.071401	0.024026	0.008085
0.2000	14.86	0.712491	0.081273	0.033297	0.013642
0.2000	15.22	0.712491	0.088177	0.046157	0.024161
0.2000	15.59	0.712491	0.092259	0.054004	0.031611
0.2000	15.96	0.712491	0.103606	0.054574	0.028747
0.2000	16.33	0.712491	0.111668	0.064546	0.037308
0.2000	16.69	0.712491	0.127211	0.080041	0.050361
0.2000	17.06	0.712491	0.139657	0.083288	0.049671
0.2000	17.43	0.712491	0.147506	0.088279	0.052833
0.2000	17.80	0.712491	0.155879	0.091967	0.054260
0.2000	18.16	0.712491	0.202387	0.126850	0.079506
0.2000	18.53	0.712491	0.221992	0.124370	0.069677
0.2000	18.90	0.712491	0.218640	0.133080	0.081002
0.2000	19.27	0.712491	0.237600	0.141842	0.084676
0.2000	19.63	0.712491	0.243700	0.139708	0.080091
0.2000	20.00	0.712491	0.256903	0.135520	0.071489
0.2114	2.00	0.741102	0.052142	0.002634	0.000133
0.2114	2.37	0.741102	0.054004	0.002634	0.000128
0.2114	2.73	0.741102	0.053073	0.002793	0.000147
0.2114	3.10	0.741102	0.054749	0.002235	0.000091
0.2114	3.47	0.741102	0.054004	0.002634	0.000128
0.2114	3.84	0.741102	0.054749	0.002235	0.000091
0.2114	4.20	0.741102	0.054749	0.002235	0.000091
0.2114	4.57	0.741102	0.055866	0.000000	0.000000
0.2114	4.94	0.741102	0.053834	0.004309	0.000345
0.2114	5.31	0.741102	0.053834	0.004309	0.000345
0.2114	5.67	0.741102	0.053073	0.003606	0.000245
0.2114	6.04	0.741102	0.053327	0.003662	0.000252
0.2114	6.41	0.741102	0.053538	0.003576	0.000239
0.2114	6.78	0.741102	0.053871	0.004532	0.000381
0.2114	7.14	0.741102	0.054577	0.004466	0.000365
0.2114	7.51	0.741102	0.054577	0.004466	0.000365
0.2114	7.88	0.741102	0.052142	0.002634	0.000133
0.2114	8.24	0.741102	0.052142	0.002634	0.000133
0.2114	8.61	0.741102	0.054004	0.004164	0.000321
0.2114	8.98	0.741102	0.054004	0.004164	0.000321
0.2114	9.35	0.741102	0.055866	0.004561	0.000372
0.2114	9.71	0.741102	0.054469	0.004632	0.000394
0.2114	10.08	0.741102	0.053771	0.004787	0.000426
0.2114	10.45	0.741102	0.053771	0.004787	0.000426
0.2114	10.82	0.741102	0.054004	0.004561	0.000385
0.2114	11.18	0.741102	0.055307	0.005270	0.000502
0.2114	11.55	0.741102	0.055168	0.006710	0.000816
0.2114	11.92	0.741102	0.054972	0.005400	0.000530
0.2114	12.29	0.741102	0.055467	0.007748	0.001082
0.2114	12.65	0.741102	0.056838	0.008179	0.001177
0.2114	13.02	0.741102	0.056694	0.009336	0.001537
0.2114	13.39	0.741102	0.055706	0.007252	0.000944
0.2114	13.76	0.741102	0.057263	0.012224	0.002609
0.2114	14.12	0.741102	0.059167	0.013119	0.002909
0.2114	14.49	0.741102	0.058061	0.012069	0.002509
0.2114	14.86	0.741102	0.061695	0.014121	0.003232
0.2114	15.22	0.741102	0.061453	0.017605	0.005044
0.2114	15.59	0.741102	0.064890	0.016955	0.004430
0.2114	15.96	0.741102	0.065177	0.017344	0.004616
0.2114	16.33	0.741102	0.065109	0.014961	0.003438
0.2114	16.69	0.741102	0.066365	0.016922	0.004315
0.2114	17.06	0.741102	0.068672	0.016852	0.004135
0.2114	17.43	0.741102	0.073283	0.022316	0.006796
0.2114	17.80	0.741102	0.076637	0.025158	0.008259
0.2114	18.16	0.741102	0.075772	0.025813	0.008794
0.2114	18.53	0.741102	0.078279	0.027806	0.009877
0.2114	18.90	0.741102	0.085736	0.033650	0.013207
0.2114	19.27	0.741102	0.090849	0.035990	0.014258
0.2114	19.63	0.741102	0.096247	0.036967	0.014198
0.2114	20.00	0.741102	0.100083	0.042893	0.018383
0.2229	2.00	0.707322	0.000000	0.000000	0.000000
0.2229	2.37	0.707322	0.000000	0.000000	0.000000
0.2229	2.73	0.707322	0.000000	0.000000	0.000000
0.2229	3.10	0.707322	0.000000	0.000000	0.000000
0.2229	3.47	0.707322	0.000000	0.000000	0.000000
0.2229	3.84	0.707322	0.000000	0.000000	0.000000
0.2229	4.20	0.707322	0.000000	0.000000	0.000000
0.2229	4.57	0.707322	0.000000	0.000000	0.000000
0.2229	4.94	0.707322	0.000000	0.000000	0.000000
0.2229	5.31	0.707322	0.000000	0.000000	0.000000
0.2229	5.67	0.707322	0.000000	0.000000	0.000000
0.2229	6.04	0.707322	0.055118	0.003215	0.000187
0.2229	6.41	0.707322	0.054134	0.003264	0.000197
0.2229	6.78	0.707322	0.054134	0.003264	0.000197
0.2229	7.14	0.707322	0.054134	0.003264	0.000197
0.2229	7.51	0.707322	0.054134	0.003264	0.000197
0.2229	7.88	0.707322	0.055118	0.003215	0.000187
0.2229	8.24	0.707322	0.055118	0.003215	0.000187
0.2229	8.61	0.707322	0.055512	0.004472	0.000360
0.2229	8.98	0.707322	0.055906	0.004240	0.000322
0.2229	9.35	0.707322	0.056299	0.004675	0.000388
0.2229	9.71	0.707322	0.057266	0.005137	0.000461
0.2229	10.08	0.707322	0.056908	0.005404	0.000513
0.2229	10.45	0.707322	0.055610	0.005368	0.000518
0.2229	10.82	0.707322	0.055581	0.005548	0.000554
0.2229	11.18	0.707322	0.057743	0.008090	0.001133
0.2229	11.55	0.707322	0.056594	0.007349	0.000954
0.2229	11.92	0.707322	0.058071	0.006748	0.000784
0.2229	12.29	0.707322	0.056632	0.009334	0.001539
0.2229	12.65	0.707322	0.055655	0.006952	0.000868
0.2229	13.02	0.707322	0.059055	0.010206	0.001764
0.2229	13.39	0.707322	0.069116	0.020565	0.006119
0.2229	13.76	0.707322	0.072966	0.023812	0.007771
0.2229	14.12	0.707322	0.073845	0.026520	0.009524
0.2229	14.49	0.707322	0.075091	0.033138	0.014624
0.2229	14.86	0.707322	0.086239	0.041030	0.019521
0.2229	15.22	0.707322	0.093325	0.046315	0.022985
0.2229	15.59	0.707322	0.101398	0.051033	0.025684
0.2229	15.96	0.707322	0.099579	0.054616	0.029956
0.2229	16.33	0.707322	0.119927	0.073527	0.045079
0.2229	16.69	0.707322	0.125182	0.073543	0.043206
0.2229	17.06	0.707322	0.137139	0.080023	0.046695
0.2229	17.43	0.707322	0.154086	0.090289	0.052907
0.2229	17.80	0.707322	0.161798	0.092517	0.052901
0.2229	18.16	0.707322	0.176603	0.101609	0.058462
0.2229	18.53	0.707322	0.177057	0.106320	0.063843
0.2229	18.90	0.707322	0.189250	0.113772	0.068396
0.2229	19.27	0.707322	0.187391	0.118633	0.075103
0.2229	19.63	0.707322	0.213212	0.133310	0.083351
0.2229	20.00	0.707322	0.253509	0.133326	0.070119
0.2343	2.00	0.711370	0.051075	0.001552	0.000047
0.2343	2.37	0.711370	0.051374	0.001690	0.000056
0.2343	2.73	0.711370	0.051075	0.001552	0.000047
0.2343	3.10	0.711370	0.051374	0.001690	0.000056
0.2343	3.47	0.711370	0.051075	0.001552	0.000047
0.2343	3.84	0.711370	0.051075	0.001552	0.000047
0.2343	4.20	0.711370	0.051971	0.001792	0.000062
0.2343	4.57	0.711370	0.052569	0.001690	0.000054
0.2343	4.94	0.711370	0.052867	0.002972	0.000167
0.2343	5.31	0.711370	0.051971	0.003104	0.000185
0.2343	5.67	0.711370	0.051613	0.002867	0.000159
0.2343	6.04	0.711370	0.051613	0.002867	0.000159
0.2343	6.41	0.711370	0.051971	0.003104	0.000185
0.2343	6.78	0.711370	0.000000	0.000000	0.000000
0.2343	7.14	0.711370	0.000000	0.000000	0.000000
0.2343	7.51	0.711370	0.000000	0.000000	0.000000
0.2343	7.88	0.711370	0.000000	0.000000	0.000000
0.2343	8.24	0.711370	0.000000	0.000000	0.000000
0.2343	8.61	0.711370	0.050179	0.000000	0.000000
0.2343	8.98	0.711370	0.055556	0.005944	0.000636
0.2343	9.35	0.711370	0.055556	0.005944	0.000636
0.2343	9.71	0.711370	0.055556	0.005944	0.000636
0.2343	10.08	0.711370	0.055556	0.005944	0.000636
0.2343	10.45	0.711370	0.057348	0.005069	0.000448
0.2343	10.82	0.711370	0.056452	0.006399	0.000725
0.2343	11.18	0.711370	0.056452	0.006399	0.000725
0.2343	11.55	0.711370	0.059737	0.006434	0.000693
0.2343	11.92	0.711370	0.058941	0.007577	0.000974
0.2343	12.29	0.711370	0.057945	0.009350	0.001509
0.2343	12.65	0.711370	0.058116	0.009004	0.001395
0.2343	13.02	0.711370	0.062818	0.021829	0.007585
0.2343	13.39	0.711370	0.063620	0.023736	0.008855
0.2343	13.76	0.711370	0.063380	0.012726	0.002555
0.2343	14.12	0.711370	0.068100	0.021629	0.006870
0.2343	14.49	0.711370	0.072855	0.021522	0.006358
0.2343	14.86	0.711370	0.078233	0.032614	0.013596
0.2343	15.22	0.711370	0.081805	0.029396	0.010563
0.2343	15.59	0.711370	0.088899	0.036954	0.015361
0.2343	15.96	0.711370	0.089398	0.041202	0.018989
0.2343	16.33	0.711370	0.098408	0.042823	0.018635
0.2343	16.69	0.711370	0.100041	0.046286	0.021415
0.2343	17.06	0.711370	0.106828	0.056811	0.030212
0.2343	17.43	0.711370	0.115827	0.065254	0.036762
0.2343	17.80	0.711370	0.134363	0.073569	0.040282
0.2343	18.16	0.711370	0.150108	0.081666	0.044430
0.2343	18.53	0.711370	0.153839	0.084164	0.046045
0.2343	18.90	0.711370	0.159149	0.092378	0.053620
0.2343	19.27	0.711370	0.164831	0.098534	0.058902
0.2343	19.63	0.711370	0.176950	0.103053	0.060016
0.2343	20.00	0.711370	0.183521	0.107723	0.063231
0.2457	2.00	0.688431	0.052174	0.000000	0.000000
0.2457	2.37	0.688431	0.052174	0.000000	0.000000
0.2457	2.73	0.688431	0.052174	0.000000	0.000000
0.2457	3.10	0.688431	0.052174	0.000000	0.000000
0.2457	3.47	0.688431	0.052174	0.000000	0.000000
0.2457	3.84	0.688431	0.000000	0.000000	0.000000
0.2457	4.20	0.688431	0.055435	0.001883	0.000064
0.2457	4.57	0.688431	0.055652	0.001739	0.000054
0.2457	4.94	0.688431	0.055435	0.001883	0.000064
0.2457	5.31	0.688431	0.055435	0.001883	0.000064
0.2457	5.67	0.688431	0.055652	0.001739	0.000054
0.2457	6.04	0.688431	0.000000	0.000000	0.000000
0.2457	6.41	0.688431	0.000000	0.000000	0.000000
0.2457	6.78	0.688431	0.052174	0.000000	0.000000
0.2457	7.14	0.688431	0.052174	0.000000	0.000000
0.2457	7.51	0.688431	0.052174	0.000000	0.000000
0.2457	7.88	0.688431	0.052174	0.000000	0.000000
0.2457	8.24	0.688431	0.052174	0.000000	0.000000
0.2457	8.61	0.688431	0.054348	0.002174	0.000087
0.2457	8.98	0.688431	0.052174	0.000000	0.000000
0.2457	9.35	0.688431	0.052174	0.000000	0.000000
0.2457	9.71	0.688431	0.054348	0.002174	0.000087
0.2457	10.08	0.688431	0.054348	0.002174	0.000087
0.2457	10.45	0.688431	0.056522	0.000000	0.000000
0.2457	10.82	0.688431	0.064130	0.013532	0.002856
0.2457	11.18	0.688431	0.063768	0.010248	0.001647
0.2457	11.55	0.688431	0.060870	0.013401	0.002950
0.2457	11.92	0.688431	0.062609	0.009761	0.001522
0.2457	12.29	0.688431	0.063043	0.010724	0.001824
0.2457	12.65	0.688431	0.066221	0.011586	0.002027
0.2457	13.02	0.688431	0.064450	0.011083	0.001906
0.2457	13.39	0.688431	0.065406	0.016984	0.004410
0.2457	13.76	0.688431	0.069004	0.018070	0.004732
0.2457	14.12	0.688431	0.070652	0.022079	0.006900
0.2457	14.49	0.688431	0.072348	0.024000	0.007962
0.2457	14.86	0.688431	0.072847	0.027118	0.010095
0.2457	15.22	0.688431	0.076044	0.028235	0.010483
0.2457	15.59	0.688431	0.071773	0.019235	0.005155
0.2457	15.96	0.688431	0.074151	0.024158	0.007871
0.2457	16.33	0.688431	0.083023	0.030790	0.011419
0.2457	16.69	0.688431	0.090732	0.039221	0.016955
0.2457	17.06	0.688431	0.097062	0.047923	0.023661
0.2457	17.43	0.688431	0.106363	0.049824	0.023340
0.2457	17.80	0.688431	0.098098	0.042337	0.018272
0.2457	18.16	0.688431	0.109126	0.051557	0.024359
0.2457	18.53	0.688431	0.110511	0.056443	0.028828
0.2457	18.90	0.688431	0.125087	0.070806	0.040080
0.2457	19.27	0.688431	0.130382	0.074337	0.042383
0.2457	19.63	0.688431	0.140840	0.085562	0.051980
0.2457	20.00	0.688431	0.163696	0.081378	0.040456
0.2571	2.00	0.689604	0.000000	0.000000	0.000000
0.2571	2.37	0.689604	0.050926	0.000000	0.000000
0.2571	2.73	0.689604	0.000000	0.000000	0.000000
0.2571	3.10	0.689604	0.052469	0.002182	0.000091
0.2571	3.47	0.689604	0.052469	0.002182	0.000091
0.2571	3.84	0.689604	0.052469	0.002182	0.000091
0.2571	4.20	0.689604	0.052469	0.002182	0.000091
0.2571	4.57	0.689604	0.053241	0.002315	0.000101
0.2571	4.94	0.689604	0.053241	0.002315	0.000101
0.2571	5.31	0.689604	0.053241	0.002315	0.000101
0.2571	5.67	0.689604	0.050926	0.000000	0.000000
0.2571	6.04	0.689604	0.055556	0.000000	0.000000
0.2571	6.41	0.689604	0.053241	0.002315	0.000101
0.2571	6.78	0.689604	0.055556	0.000000	0.000000
0.2571	7.14	0.689604	0.053922	0.003871	0.000278
0.2571	7.51	0.689604	0.053755	0.003824	0.000272
0.2571	7.88	0.689604	0.054466	0.005621	0.000580
0.2571	8.24	0.689604	0.054012	0.005018	0.000466
0.2571	8.61	0.689604	0.053241	0.004009	0.000302
0.2571	8.98	0.689604	0.055556	0.003780	0.000257
0.2571	9.35	0.689604	0.050926	0.000000	0.000000
0.2571	9.71	0.689604	0.054894	0.003856	0.000271
0.2571	10.08	0.689604	0.054527	0.003637	0.000243
0.2571	10.45	0.689604	0.055556	0.005922	0.000631
0.2571	10.82	0.689604	0.054398	0.006581	0.000796
0.2571	11.18	0.689604	0.057660	0.006355	0.000700
0.2571	11.55	0.689604	0.057099	0.006363	0.000709
0.2571	11.92	0.689604	0.060541	0.011262	0.002095
0.2571	12.29	0.689604	0.054750	0.005896	0.000635
0.2571	12.65	0.689604	0.054147	0.005004	0.000462
0.2571	13.02	0.689604	0.055384	0.006725	0.000816
0.2571	13.39	0.689604	0.057462	0.010893	0.002065
0.2571	13.76	0.689604	0.059028	0.012238	0.002537
0.2571	14.12	0.689604	0.060396	0.010765	0.001919
0.2571	14.49	0.689604	0.062211	0.014360	0.003315
0.2571	14.86	0.689604	0.061061	0.014273	0.003336
0.2571	15.22	0.689604	0.061966	0.015106	0.003683
0.2571	15.59	0.689604	0.065492	0.014873	0.003377
0.2571	15.96	0.689604	0.065813	0.017903	0.004870
0.2571	16.33	0.689604	0.067901	0.015684	0.003623
0.2571	16.69	0.689604	0.070791	0.023067	0.007516
0.2571	17.06	0.689604	0.071083	0.020964	0.006183
0.2571	17.43	0.689604	0.091066	0.040992	0.018452
0.2571	17.80	0.689604	0.092923	0.041605	0.018628
0.2571	18.16	0.689604	0.096549	0.042191	0.018437
0.2571	18.53	0.689604	0.103560	0.042358	0.017325
0.2571	18.90	0.689604	0.096142	0.037643	0.014739
0.2571	19.27	0.689604	0.103989	0.042439	0.017319
0.2571	19.63	0.689604	0.108192	0.046536	0.020016
0.2571	20.00	0.689604	0.130702	0.059400	0.026996
0.2686	2.00	0.670252	0.056818	0.002934	0.000152
0.2686	2.37	0.670252	0.055411	0.002121	0.000081
0.2686	2.73	0.670252	0.057143	0.002999	0.000157
0.2686	3.10	0.670252	0.058874	0.004242	0.000306
0.2686	3.47	0.670252	0.058333	0.004218	0.000305
0.2686	3.84	0.670252	0.054545	0.000000	0.000000
0.2686	4.20	0.670252	0.054545	0.000000	0.000000
0.2686	4.57	0.670252	0.054545	0.000000	0.000000
0.2686	4.94	0.670252	0.054545	0.000000	0.000000
0.2686	5.31	0.670252	0.054545	0.000000	0.000000
0.2686	5.67	0.670252	0.055892	0.002520	0.000114
0.2686	6.04	0.670252	0.055892	0.002520	0.000114
0.2686	6.41	0.670252	0.055892	0.002520	0.000114
0.2686	6.78	0.670252	0.055892	0.002520	0.000114
0.2686	7.14	0.670252	0.055758	0.002424	0.000105
0.2686	7.51	0.670252	0.057912	0.004151	0.000298
0.2686	7.88	0.670252	0.055844	0.003381	0.000205
0.2686	8.24	0.670252	0.056710	0.003699	0.000241
0.2686	8.61	0.670252	0.058275	0.004472	0.000343
0.2686	8.98	0.670252	0.058442	0.004917	0.000414
0.2686	9.35	0.670252	0.057576	0.003799	0.000251
0.2686	9.71	0.670252	0.056970	0.004020	0.000284
0.2686	10.08	0.670252	0.056710	0.003699	0.000241
0.2686	10.45	0.670252	0.057809	0.004520	0.000353
0.2686	10.82	0.670252	0.057576	0.003030	0.000159
0.2686	11.18	0.670252	0.057041	0.003636	0.000232
0.2686	11.55	0.670252	0.061212	0.004242	0.000294
0.2686	11.92	0.670252	0.060606	0.003655	0.000220
0.2686	12.29	0.670252	0.061364	0.004731	0.000365
0.2686	12.65	0.670252	0.063131	0.005781	0.000529
0.2686	13.02	0.670252	0.060606	0.008299	0.001136
0.2686	13.39	0.670252	0.060963	0.009632	0.001522
0.2686	13.76	0.670252	0.064646	0.011605	0.002083
0.2686	14.12	0.670252	0.062915	0.010493	0.001750
0.2686	14.49	0.670252	0.063781	0.010349	0.001679
0.2686	14.86	0.670252	0.065103	0.012020	0.002219
0.2686	15.22	0.670252	0.064815	0.012190	0.002293
0.2686	15.59	0.670252	0.066667	0.013416	0.002700
0.2686	15.96	0.670252	0.068145	0.014341	0.003018
0.2686	16.33	0.670252	0.074146	0.018762	0.004748
0.2686	16.69	0.670252	0.077187	0.019811	0.005085
0.2686	17.06	0.670252	0.078900	0.022631	0.006491
0.2686	17.43	0.670252	0.080547	0.027803	0.009597
0.2686	17.80	0.670252	0.084564	0.029873	0.010553
0.2686	18.16	0.670252	0.083543	0.030784	0.011343
0.2686	18.53	0.670252	0.087751	0.033488	0.012780
0.2686	18.90	0.670252	0.090488	0.040910	0.018496
0.2686	19.27	0.670252	0.087603	0.036063	0.014846
0.2686	19.63	0.670252	0.093333	0.040748	0.017790
0.2686	20.00	0.670252	0.097608	0.044981	0.020729
0.2800	2.00	0.725081	0.055763	0.003491	0.000219
0.2800	2.37	0.725081	0.056006	0.002862	0.000146
0.2800	2.73	0.725081	0.057086	0.004824	0.000408
0.2800	3.10	0.725081	0.057884	0.004187	0.000303
0.2800	3.47	0.725081	0.054890	0.002232	0.000091
0.2800	3.84	0.725081	0.054890	0.002232	0.000091
0.2800	4.20	0.725081	0.055090	0.002395	0.000104
0.2800	4.57	0.725081	0.054748	0.002095	0.000080
0.2800	4.94	0.725081	0.054748	0.002095	0.000080
0.2800	5.31	0.725081	0.059880	0.006643	0.000737
0.2800	5.67	0.725081	0.058959	0.006986	0.000828
0.2800	6.04	0.725081	0.060379	0.008275	0.001134
0.2800	6.41	0.725081	0.061377	0.008154	0.001083
0.2800	6.78	0.725081	0.000000	0.000000	0.000000
0.2800	7.14	0.725081	0.000000	0.000000	0.000000
0.2800	7.51	0.725081	0.000000	0.000000	0.000000
0.2800	7.88	0.725081	0.000000	0.000000	0.000000
0.2800	8.24	0.725081	0.000000	0.000000	0.000000
0.2800	8.61	0.725081	0.000000	0.000000	0.000000
0.2800	8.98	0.725081	0.000000	0.000000	0.000000
0.2800	9.35	0.725081	0.059581	0.007204	0.000871
0.2800	9.71	0.725081	0.059608	0.007329	0.000901
0.2800	10.08	0.725081	0.059880	0.007222	0.000871
0.2800	10.45	0.725081	0.061241	0.008260	0.001114
0.2800	10.82	0.725081	0.060878	0.008046	0.001063
0.2800	11.18	0.725081	0.060324	0.007803	0.001009
0.2800	11.55	0.725081	0.062874	0.008145	0.001055
0.2800	11.92	0.725081	0.063373	0.010921	0.001882
0.2800	12.29	0.725081	0.062447	0.011915	0.002273
0.2800	12.65	0.725081	0.062170	0.011157	0.002002
0.2800	13.02	0.725081	0.063207	0.012893	0.002630
0.2800	13.39	0.725081	0.064026	0.013228	0.002733
0.2800	13.76	0.725081	0.064271	0.011249	0.001969
0.2800	14.12	0.725081	0.066099	0.011800	0.002106
0.2800	14.49	0.725081	0.073921	0.022031	0.006566
0.2800	14.86	0.725081	0.073353	0.023122	0.007288
0.2800	15.22	0.725081	0.075848	0.026329	0.009140
0.2800	15.59	0.725081	0.076443	0.023541	0.007250
0.2800	15.96	0.725081	0.077485	0.022862	0.006745
0.2800	16.33	0.725081	0.081282	0.026445	0.008604
0.2800	16.69	0.725081	0.084572	0.032409	0.012420
0.2800	17.06	0.725081	0.085496	0.032798	0.012582
0.2800	17.43	0.725081	0.092298	0.037219	0.015008
0.2800	17.80	0.725081	0.099943	0.044148	0.019501
0.2800	18.16	0.725081	0.103372	0.043953	0.018689
0.2800	18.53	0.725081	0.107980	0.046913	0.020382
0.2800	18.90	0.725081	0.124028	0.055981	0.025267
0.2800	19.27	0.725081	0.101681	0.041768	0.017157
0.2800	19.63	0.725081	0.112883	0.046317	0.019004
0.2800	20.00	0.725081	0.118607	0.054032	0.024615
0.2914	2.00	0.654767	0.000000	0.000000	0.000000
0.2914	2.37	0.654767	0.000000	0.000000	0.000000
0.2914	2.73	0.654767	0.000000	0.000000	0.000000
0.2914	3.10	0.654767	0.053191	0.000000	0.000000
0.2914	3.47	0.654767	0.053191	0.000000	0.000000
0.2914	3.84	0.654767	0.053191	0.000000	0.000000
0.2914	4.20	0.654767	0.053191	0.000000	0.000000
0.2914	4.57	0.654767	0.053191	0.000000	0.000000
0.2914	4.94	0.654767	0.053191	0.000000	0.000000
0.2914	5.31	0.654767	0.056738	0.000000	0.000000
0.2914	5.67	0.654767	0.056738	0.000000	0.000000
0.2914	6.04	0.654767	0.053191	0.000000	0.000000
0.2914	6.41	0.654767	0.053191	0.000000	0.000000
0.2914	6.78	0.654767	0.053191	0.000000	0.000000
0.2914	7.14	0.654767	0.053191	0.000000	0.000000
0.2914	7.51	0.654767	0.000000	0.000000	0.000000
0.2914	7.88	0.654767	0.000000	0.000000	0.000000
0.2914	8.24	0.654767	0.053191	0.000000	0.000000
0.2914	8.61	0.654767	0.053191	0.000000	0.000000
0.2914	8.98	0.654767	0.053191	0.000000	0.000000
0.2914	9.35	0.654767	0.000000	0.000000	0.000000
0.2914	9.71	0.654767	0.000000	0.000000	0.000000
0.2914	10.08	0.654767	0.000000	0.000000	0.000000
0.2914	10.45	0.654767	0.053191	0.000000	0.000000
0.2914	10.82	0.654767	0.053191	0.000000	0.000000
0.2914	11.18	0.654767	0.054965	0.001773	0.000057
0.2914	11.55	0.654767	0.053191	0.000000	0.000000
0.2914	11.92	0.654767	0.053191	0.000000	0.000000
0.2914	12.29	0.654767	0.053901	0.001418	0.000037
0.2914	12.65	0.654767	0.055724	0.003123	0.000175
0.2914	13.02	0.654767	0.062411	0.009929	0.001580
0.2914	13.39	0.654767	0.058764	0.008446	0.001214
0.2914	13.76	0.654767	0.057329	0.004303	0.000323
0.2914	14.12	0.654767	0.058865	0.005307	0.000479
0.2914	14.49	0.654767	0.058511	0.004909	0.000412
0.2914	14.86	0.654767	0.059890	0.006129	0.000627
0.2914	15.22	0.654767	0.059693	0.006608	0.000731
0.2914	15.59	0.654767	0.058954	0.006500	0.000717
0.2914	15.96	0.654767	0.059866	0.006759	0.000763
0.2914	16.33	0.654767	0.063346	0.009278	0.001359
0.2914	16.69	0.654767	0.063593	0.013944	0.003057
0.2914	17.06	0.654767	0.064162	0.015184	0.003593
0.2914	17.43	0.654767	0.065739	0.013337	0.002706
0.2914	17.80	0.654767	0.067283	0.015012	0.003349
0.2914	18.16	0.654767	0.068745	0.014715	0.003150
0.2914	18.53	0.654767	0.069035	0.014906	0.003218
0.2914	18.90	0.654767	0.072433	0.015430	0.003287
0.2914	19.27	0.654767	0.074781	0.017655	0.004168
0.2914	19.63	0.654767	0.074841	0.019807	0.005242
0.2914	20.00	0.654767	0.076108	0.020768	0.005667
0.3029	2.00	0.670847	0.000000	0.000000	0.000000
0.3029	2.37	0.670847	0.000000	0.000000	0.000000
0.3029	2.73	0.670847	0.000000	0.000000	0.000000
0.3029	3.10	0.670847	0.000000	0.000000	0.000000
0.3029	3.47	0.670847	0.000000	0.000000	0.000000
0.3029	3.84	0.670847	0.000000	0.000000	0.000000
0.3029	4.20	0.670847	0.000000	0.000000	0.000000
0.3029	4.57	0.670847	0.000000	0.000000	0.000000
0.3029	4.94	0.670847	0.000000	0.000000	0.000000
0.3029	5.31	0.670847	0.000000	0.000000	0.000000
0.3029	5.67	0.670847	0.000000	0.000000	0.000000
0.3029	6.04	0.670847	0.000000	0.000000	0.000000
0.3029	6.41	0.670847	0.000000	0.000000	0.000000
0.3029	6.78	0.670847	0.000000	0.000000	0.000000
0.3029	7.14	0.670847	0.000000	0.000000	0.000000
0.3029	7.51	0.670847	0.000000	0.000000	0.000000
0.3029	7.88	0.670847	0.000000	0.000000	0.000000
0.3029	8.24	0.670847	0.000000	0.000000	0.000000
0.3029	8.61	0.670847	0.000000	0.000000	0.000000
0.3029	8.98	0.670847	0.000000	0.000000	0.000000
0.3029	9.35	0.670847	0.052632	0.000000	0.000000
0.3029	9.71	0.670847	0.053555	0.001306	0.000032
0.3029	10.08	0.670847	0.054017	0.001385	0.000036
0.3029	10.45	0.670847	0.000000	0.000000	0.000000
0.3029	10.82	0.670847	0.000000	0.000000	0.000000
0.3029	11.18	0.670847	0.000000	0.000000	0.000000
0.3029	11.55	0.670847	0.000000	0.000000	0.000000
0.3029	11.92	0.670847	0.000000	0.000000	0.000000
0.3029	12.29	0.670847	0.053555	0.001306	0.000032
0.3029	12.65	0.670847	0.053555	0.001306	0.000032
0.3029	13.02	0.670847	0.053324	0.001199	0.000027
0.3029	13.39	0.670847	0.054709	0.001199	0.000026
0.3029	13.76	0.670847	0.058385	0.009185	0.001445
0.3029	14.12	0.670847	0.060942	0.012165	0.002428
0.3029	14.49	0.670847	0.060701	0.011287	0.002099
0.3029	14.86	0.670847	0.061062	0.010087	0.001666
0.3029	15.22	0.670847	0.059312	0.007664	0.000990
0.3029	15.59	0.670847	0.061773	0.009439	0.001442
0.3029	15.96	0.670847	0.062228	0.009112	0.001334
0.3029	16.33	0.670847	0.063250	0.010916	0.001884
0.3029	16.69	0.670847	0.064590	0.010043	0.001561
0.3029	17.06	0.670847	0.073295	0.018728	0.004785
0.3029	17.43	0.670847	0.073644	0.021422	0.006231
0.3029	17.80	0.670847	0.074446	0.020964	0.005904
0.3029	18.16	0.670847	0.075035	0.024400	0.007934
0.3029	18.53	0.670847	0.080426	0.025383	0.008011
0.3029	18.90	0.670847	0.077796	0.023368	0.007019
0.3029	19.27	0.670847	0.082157	0.026770	0.008723
0.3029	19.63	0.670847	0.091485	0.031788	0.011045
0.3029	20.00	0.670847	0.094381	0.033742	0.012063
0.3143	2.00	0.688153	0.000000	0.000000	0.000000
0.3143	2.37	0.688153	0.000000	0.000000	0.000000
0.3143	2.73	0.688153	0.000000	0.000000	0.000000
0.3143	3.10	0.688153	0.000000	0.000000	0.000000
0.3143	3.47	0.688153	0.000000	0.000000	0.000000
0.3143	3.84	0.688153	0.000000	0.000000	0.000000
0.3143	4.20	0.688153	0.000000	0.000000	0.000000
0.3143	4.57	0.688153	0.000000	0.000000	0.000000
0.3143	4.94	0.688153	0.000000	0.000000	0.000000
0.3143	5.31	0.688153	0.000000	0.000000	0.000000
0.3143	5.67	0.688153	0.000000	0.000000	0.000000
0.3143	6.04	0.688153	0.000000	0.000000	0.000000
0.3143	6.41	0.688153	0.000000	0.000000	0.000000
0.3143	6.78	0.688153	0.000000	0.000000	0.000000
0.3143	7.14	0.688153	0.000000	0.000000	0.000000
0.3143	7.51	0.688153	0.000000	0.000000	0.000000
0.3143	7.88	0.688153	0.000000	0.000000	0.000000
0.3143	8.24	0.688153	0.000000	0.000000	0.000000
0.3143	8.61	0.688153	0.000000	0.000000	0.000000
0.3143	8.98	0.688153	0.000000	0.000000	0.000000
0.3143	9.35	0.688153	0.000000	0.000000	0.000000
0.3143	9.71	0.688153	0.000000	0.000000	0.000000
0.3143	10.08	0.688153	0.000000	0.000000	0.000000
0.3143	10.45	0.688153	0.000000	0.000000	0.000000
0.3143	10.82	0.688153	0.000000	0.000000	0.000000
0.3143	11.18	0.688153	0.000000	0.000000	0.000000
0.3143	11.55	0.688153	0.054201	0.000000	0.000000
0.3143	11.92	0.688153	0.051491	0.000000	0.000000
0.3143	12.29	0.688153	0.051491	0.000000	0.000000
0.3143	12.65	0.688153	0.051491	0.000000	0.000000
0.3143	13.02	0.688153	0.053297	0.002555	0.000122
0.3143	13.39	0.688153	0.055285	0.003252	0.000191
0.3143	13.76	0.688153	0.054201	0.003428	0.000217
0.3143	14.12	0.688153	0.054201	0.002213	0.000090
0.3143	14.49	0.688153	0.056911	0.005070	0.000452
0.3143	14.86	0.688153	0.053749	0.002432	0.000110
0.3143	15.22	0.688153	0.056369	0.003160	0.000177
0.3143	15.59	0.688153	0.054539	0.004163	0.000318
0.3143	15.96	0.688153	0.059621	0.011656	0.002279
0.3143	16.33	0.688153	0.060271	0.009207	0.001406
0.3143	16.69	0.688153	0.061693	0.012661	0.002598
0.3143	17.06	0.688153	0.064346	0.012722	0.002515
0.3143	17.43	0.688153	0.065686	0.012940	0.002549
0.3143	17.80	0.688153	0.064819	0.013708	0.002899
0.3143	18.16	0.688153	0.071604	0.018664	0.004865
0.3143	18.53	0.688153	0.072762	0.020608	0.005837
0.3143	18.90	0.688153	0.076220	0.026572	0.009263
0.3143	19.27	0.688153	0.076411	0.026673	0.009311
0.3143	19.63	0.688153	0.080200	0.026867	0.009000
0.3143	20.00	0.688153	0.079722	0.026407	0.008747
0.3257	2.00	0.685034	0.053498	0.000000	0.000000
0.3257	2.37	0.685034	0.053498	0.000000	0.000000
0.3257	2.73	0.685034	0.053498	0.000000	0.000000
0.3257	3.10	0.685034	0.053498	0.000000	0.000000
0.3257	3.47	0.685034	0.053498	0.000000	0.000000
0.3257	3.84	0.685034	0.053498	0.000000	0.000000
0.3257	4.20	0.685034	0.055556	0.002058	0.000076
0.3257	4.57	0.685034	0.053498	0.000000	0.000000
0.3257	4.94	0.685034	0.053498	0.000000	0.000000
0.3257	5.31	0.685034	0.054870	0.001940	0.000069
0.3257	5.67	0.685034	0.055556	0.002058	0.000076
0.3257	6.04	0.685034	0.054321	0.001646	0.000050
0.3257	6.41	0.685034	0.054527	0.001782	0.000058
0.3257	6.78	0.685034	0.000000	0.000000	0.000000
0.3257	7.14	0.685034	0.000000	0.000000	0.000000
0.3257	7.51	0.685034	0.000000	0.000000	0.000000
0.3257	7.88	0.685034	0.000000	0.000000	0.000000
0.3257	8.24	0.685034	0.000000	0.000000	0.000000
0.3257	8.61	0.685034	0.053498	0.000000	0.000000
0.3257	8.98	0.685034	0.000000	0.000000	0.000000
0.3257	9.35	0.685034	0.053498	0.000000	0.000000
0.3257	9.71	0.685034	0.053498	0.000000	0.000000
0.3257	10.08	0.685034	0.053498	0.000000	0.000000
0.3257	10.45	0.685034	0.055556	0.002058	0.000076
0.3257	10.82	0.685034	0.057613	0.004115	0.000294
0.3257	11.18	0.685034	0.059671	0.002058	0.000071
0.3257	11.55	0.685034	0.061728	0.000000	0.000000
0.3257	11.92	0.685034	0.060357	0.005133	0.000436
0.3257	12.29	0.685034	0.062277	0.009368	0.001409
0.3257	12.65	0.685034	0.062939	0.008559	0.001164
0.3257	13.02	0.685034	0.066461	0.014093	0.002988
0.3257	13.39	0.685034	0.066627	0.011189	0.001879
0.3257	13.76	0.685034	0.065369	0.012204	0.002278
0.3257	14.12	0.685034	0.071858	0.018412	0.004718
0.3257	14.49	0.685034	0.071081	0.017526	0.004321
0.3257	14.86	0.685034	0.071236	0.014783	0.003068
0.3257	15.22	0.685034	0.076426	0.023003	0.006924
0.3257	15.59	0.685034	0.080060	0.025105	0.007873
0.3257	15.96	0.685034	0.079218	0.026527	0.008883
0.3257	16.33	0.685034	0.085139	0.029341	0.010112
0.3257	16.69	0.685034	0.089695	0.032103	0.011490
0.3257	17.06	0.685034	0.085375	0.029693	0.010327
0.3257	17.43	0.685034	0.093256	0.033079	0.011733
0.3257	17.80	0.685034	0.095398	0.041307	0.017886
0.3257	18.16	0.685034	0.099577	0.045009	0.020344
0.3257	18.53	0.685034	0.104662	0.049138	0.023070
0.3257	18.90	0.685034	0.103795	0.049149	0.023273
0.3257	19.27	0.685034	0.114568	0.054665	0.026083
0.3257	19.63	0.685034	0.131349	0.067020	0.034196
0.3257	20.00	0.685034	0.133745	0.064622	0.031224
0.3371	2.00	0.665125	0.057348	0.000000	0.000000
0.3371	2.37	0.665125	0.057348	0.000000	0.000000
0.3371	2.73	0.665125	0.057348	0.000000	0.000000
0.3371	3.10	0.665125	0.057348	0.000000	0.000000
0.3371	3.47	0.665125	0.057348	0.000000	0.000000
0.3371	3.84	0.665125	0.000000	0.000000	0.000000
0.3371	4.20	0.665125	0.000000	0.000000	0.000000
0.3371	4.57	0.665125	0.000000	0.000000	0.000000
0.3371	4.94	0.665125	0.000000	0.000000	0.000000
0.3371	5.31	0.665125	0.000000	0.000000	0.000000
0.3371	5.67	0.665125	0.000000	0.000000	0.000000
0.3371	6.04	0.665125	0.000000	0.000000	0.000000
0.3371	6.41	0.665125	0.050179	0.000000	0.000000
0.3371	6.78	0.665125	0.053763	0.000000	0.000000
0.3371	7.14	0.665125	0.053763	0.000000	0.000000
0.3371	7.51	0.665125	0.053763	0.000000	0.000000
0.3371	7.88	0.665125	0.053763	0.000000	0.000000
0.3371	8.24	0.665125	0.053763	0.000000	0.000000
0.3371	8.61	0.665125	0.054659	0.004656	0.000397
0.3371	8.98	0.665125	0.054788	0.004160	0.000316
0.3371	9.35	0.665125	0.053405	0.004928	0.000455
0.3371	9.71	0.665125	0.054162	0.004289	0.000340
0.3371	10.08	0.665125	0.053763	0.003744	0.000261
0.3371	10.45	0.665125	0.053488	0.003840	0.000276
0.3371	10.82	0.665125	0.053465	0.003419	0.000219
0.3371	11.18	0.665125	0.051971	0.001792	0.000062
0.3371	11.55	0.665125	0.052569	0.001690	0.000054
0.3371	11.92	0.665125	0.051971	0.002738	0.000144
0.3371	12.29	0.665125	0.053763	0.005553	0.000573
0.3371	12.65	0.665125	0.055556	0.005376	0.000520
0.3371	13.02	0.665125	0.053763	0.005069	0.000478
0.3371	13.39	0.665125	0.053763	0.005748	0.000614
0.3371	13.76	0.665125	0.056859	0.005646	0.000561
0.3371	14.12	0.665125	0.056286	0.005327	0.000504
0.3371	14.49	0.665125	0.057497	0.005712	0.000568
0.3371	14.86	0.665125	0.061149	0.009704	0.001540
0.3371	15.22	0.665125	0.059621	0.012905	0.002793
0.3371	15.59	0.665125	0.061099	0.011645	0.002220
0.3371	15.96	0.665125	0.061389	0.010208	0.001697
0.3371	16.33	0.665125	0.060789	0.009906	0.001614
0.3371	16.69	0.665125	0.062148	0.010030	0.001619
0.3371	17.06	0.665125	0.063969	0.010069	0.001585
0.3371	17.43	0.665125	0.063376	0.011234	0.001991
0.3371	17.80	0.665125	0.063748	0.011947	0.002239
0.3371	18.16	0.665125	0.066018	0.014778	0.003308
0.3371	18.53	0.665125	0.085273	0.033659	0.013286
0.3371	18.90	0.665125	0.088210	0.035639	0.014399
0.3371	19.27	0.665125	0.100122	0.047335	0.022379
0.3371	19.63	0.665125	0.111672	0.051490	0.023741
0.3371	20.00	0.665125	0.114302	0.053734	0.025261
0.3486	2.00	0.682405	0.052980	0.000000	0.000000
0.3486	2.37	0.682405	0.052980	0.000000	0.000000
0.3486	2.73	0.682405	0.052980	0.000000	0.000000
0.3486	3.10	0.682405	0.052980	0.000000	0.000000
0.3486	3.47	0.682405	0.052980	0.000000	0.000000
0.3486	3.84	0.682405	0.052980	0.000000	0.000000
0.3486	4.20	0.682405	0.052980	0.000000	0.000000
0.3486	4.57	0.682405	0.052980	0.000000	0.000000
0.3486	4.94	0.682405	0.052980	0.000000	0.000000
0.3486	5.31	0.682405	0.052980	0.000000	0.000000
0.3486	5.67	0.682405	0.052980	0.000000	0.000000
0.3486	6.04	0.682405	0.056705	0.004664	0.000384
0.3486	6.41	0.682405	0.055707	0.004576	0.000376
0.3486	6.78	0.682405	0.056876	0.004576	0.000368
0.3486	7.14	0.682405	0.056117	0.004491	0.000359
0.3486	7.51	0.682405	0.055923	0.004536	0.000368
0.3486	7.88	0.682405	0.057616	0.004729	0.000388
0.3486	8.24	0.682405	0.058434	0.005197	0.000462
0.3486	8.61	0.682405	0.057511	0.004830	0.000406
0.3486	8.98	0.682405	0.055769	0.003913	0.000274
0.3486	9.35	0.682405	0.055689	0.004310	0.000334
0.3486	9.71	0.682405	0.056134	0.004392	0.000344
0.3486	10.08	0.682405	0.056449	0.004392	0.000342
0.3486	10.45	0.682405	0.056723	0.005102	0.000459
0.3486	10.82	0.682405	0.056723	0.004714	0.000392
0.3486	11.18	0.682405	0.056159	0.004634	0.000382
0.3486	11.55	0.682405	0.057947	0.005148	0.000457
0.3486	11.92	0.682405	0.058184	0.004801	0.000396
0.3486	12.29	0.682405	0.056291	0.007975	0.001130
0.3486	12.65	0.682405	0.056291	0.007153	0.000909
0.3486	13.02	0.682405	0.057565	0.007957	0.001100
0.3486	13.39	0.682405	0.058004	0.008278	0.001181
0.3486	13.76	0.682405	0.056862	0.007279	0.000932
0.3486	14.12	0.682405	0.061495	0.010599	0.001827
0.3486	14.49	0.682405	0.061953	0.012761	0.002628
0.3486	14.86	0.682405	0.063719	0.012729	0.002543
0.3486	15.22	0.682405	0.064404	0.013161	0.002689
0.3486	15.59	0.682405	0.064680	0.012760	0.002517
0.3486	15.96	0.682405	0.064776	0.013826	0.002951
0.3486	16.33	0.682405	0.065094	0.016542	0.004204
0.3486	16.69	0.682405	0.065505	0.017964	0.004926
0.3486	17.06	0.682405	0.067743	0.018399	0.004997
0.3486	17.43	0.682405	0.069474	0.021124	0.006423
0.3486	17.80	0.682405	0.070810	0.022961	0.007445
0.3486	18.16	0.682405	0.072062	0.023896	0.007924
0.3486	18.53	0.682405	0.074984	0.024687	0.008128
0.3486	18.90	0.682405	0.073065	0.019372	0.005136
0.3486	19.27	0.682405	0.076354	0.019556	0.005009
0.3486	19.63	0.682405	0.076619	0.023643	0.007296
0.3486	20.00	0.682405	0.075709	0.023337	0.007194
0.3600	2.00	0.671909	0.000000	0.000000	0.000000
0.3600	2.37	0.671909	0.000000	0.000000	0.000000
0.3600	2.73	0.671909	0.000000	0.000000	0.000000
0.3600	3.10	0.671909	0.000000	0.000000	0.000000
0.3600	3.47	0.671909	0.000000	0.000000	0.000000
0.3600	3.84	0.671909	0.000000	0.000000	0.000000
0.3600	4.20	0.671909	0.000000	0.000000	0.000000
0.3600	4.57	0.671909	0.000000	0.000000	0.000000
0.3600	4.94	0.671909	0.000000	0.000000	0.000000
0.3600	5.31	0.671909	0.000000	0.000000	0.000000
0.3600	5.67	0.671909	0.000000	0.000000	0.000000
0.3600	6.04	0.671909	0.000000	0.000000	0.000000
0.3600	6.41	0.671909	0.000000	0.000000	0.000000
0.3600	6.78	0.671909	0.000000	0.000000	0.000000
0.3600	7.14	0.671909	0.000000	0.000000	0.000000
0.3600	7.51	0.671909	0.000000	0.000000	0.000000
0.3600	7.88	0.671909	0.000000	0.000000	0.000000
0.3600	8.24	0.671909	0.000000	0.000000	0.000000
0.3600	8.61	0.671909	0.000000	0.000000	0.000000
0.3600	8.98	0.671909	0.000000	0.000000	0.000000
0.3600	9.35	0.671909	0.000000	0.000000	0.000000
0.3600	9.71	0.671909	0.000000	0.000000	0.000000
0.3600	10.08	0.671909	0.000000	0.000000	0.000000
0.3600	10.45	0.671909	0.000000	0.000000	0.000000
0.3600	10.82	0.671909	0.000000	0.000000	0.000000
0.3600	11.18	0.671909	0.000000	0.000000	0.000000
0.3600	11.55	0.671909	0.000000	0.000000	0.000000
0.3600	11.92	0.671909	0.055215	0.000000	0.000000
0.3600	12.29	0.671909	0.053988	0.002454	0.000112
0.3600	12.65	0.671909	0.056091	0.003919	0.000274
0.3600	13.02	0.671909	0.064855	0.011528	0.002049
0.3600	13.39	0.671909	0.062765	0.011826	0.002228
0.3600	13.76	0.671909	0.065125	0.009332	0.001337
0.3600	14.12	0.671909	0.063804	0.011543	0.002088
0.3600	14.49	0.671909	0.068507	0.016789	0.004114
0.3600	14.86	0.671909	0.068166	0.014189	0.002953
0.3600	15.22	0.671909	0.068782	0.019645	0.005611
0.3600	15.59	0.671909	0.072139	0.025874	0.009280
0.3600	15.96	0.671909	0.071575	0.025593	0.009151
0.3600	16.33	0.671909	0.076858	0.026624	0.009222
0.3600	16.69	0.671909	0.089532	0.035512	0.014086
0.3600	17.06	0.671909	0.094216	0.040029	0.017007
0.3600	17.43	0.671909	0.091975	0.042574	0.019707
0.3600	17.80	0.671909	0.101636	0.047158	0.021881
0.3600	18.16	0.671909	0.104097	0.051922	0.025898
0.3600	18.53	0.671909	0.111777	0.053574	0.025678
0.3600	18.90	0.671909	0.117663	0.058143	0.028731
0.3600	19.27	0.671909	0.128468	0.058246	0.026408
0.3600	19.63	0.671909	0.139548	0.066059	0.031271
0.3600	20.00	0.671909	0.131863	0.064432	0.031483
0.3714	2.00	0.695647	0.000000	0.000000	0.000000
0.3714	2.37	0.695647	0.000000	0.000000	0.000000
0.3714	2.73	0.695647	0.000000	0.000000	0.000000
0.3714	3.10	0.695647	0.000000	0.000000	0.000000
0.3714	3.47	0.695647	0.000000	0.000000	0.000000
0.3714	3.84	0.695647	0.000000	0.000000	0.000000
0.3714	4.20	0.695647	0.000000	0.000000	0.000000
0.3714	4.57	0.695647	0.000000	0.000000	0.000000
0.3714	4.94	0.695647	0.000000	0.000000	0.000000
0.3714	5.31	0.695647	0.000000	0.000000	0.000000
0.3714	5.67	0.695647	0.000000	0.000000	0.000000
0.3714	6.04	0.695647	0.000000	0.000000	0.000000
0.3714	6.41	0.695647	0.000000	0.000000	0.000000
0.3714	6.78	0.695647	0.000000	0.000000	0.000000
0.3714	7.14	0.695647	0.000000	0.000000	0.000000
0.3714	7.51	0.695647	0.000000	0.000000	0.000000
0.3714	7.88	0.695647	0.000000	0.000000	0.000000
0.3714	8.24	0.695647	0.000000	0.000000	0.000000
0.3714	8.61	0.695647	0.000000	0.000000	0.000000
0.3714	8.98	0.695647	0.000000	0.000000	0.000000
0.3714	9.35	0.695647	0.000000	0.000000	0.000000
0.3714	9.71	0.695647	0.000000	0.000000	0.000000
0.3714	10.08	0.695647	0.000000	0.000000	0.000000
0.3714	10.45	0.695647	0.054017	0.001385	0.000036
0.3714	10.82	0.695647	0.054478	0.002612	0.000125
0.3714	11.18	0.695647	0.054017	0.001385	0.000036
0.3714	11.55	0.695647	0.053324	0.001199	0.000027
0.3714	11.92	0.695647	0.054363	0.003078	0.000174
0.3714	12.29	0.695647	0.057064	0.002216	0.000086
0.3714	12.65	0.695647	0.056510	0.002216	0.000087
0.3714	13.02	0.695647	0.059095	0.005223	0.000462
0.3714	13.39	0.695647	0.057133	0.004366	0.000334
0.3714	13.76	0.695647	0.061733	0.006405	0.000665
0.3714	14.12	0.695647	0.057825	0.008009	0.001109
0.3714	14.49	0.695647	0.059775	0.007037	0.000829
0.3714	14.86	0.695647	0.059809	0.007820	0.001022
0.3714	15.22	0.695647	0.058615	0.006861	0.000803
0.3714	15.59	0.695647	0.059953	0.006024	0.000605
0.3714	15.96	0.695647	0.061721	0.008956	0.001299
0.3714	16.33	0.695647	0.062035	0.008396	0.001136
0.3714	16.69	0.695647	0.064050	0.013601	0.002888
0.3714	17.06	0.695647	0.065732	0.014557	0.003224
0.3714	17.43	0.695647	0.068213	0.016773	0.004124
0.3714	17.80	0.695647	0.072022	0.017816	0.004407
0.3714	18.16	0.695647	0.077264	0.022284	0.006427
0.3714	18.53	0.695647	0.085683	0.032257	0.012144
0.3714	18.90	0.695647	0.089317	0.032204	0.011612
0.3714	19.27	0.695647	0.089034	0.035685	0.014303
0.3714	19.63	0.695647	0.097678	0.037143	0.014124
0.3714	20.00	0.695647	0.103074	0.041524	0.016728
0.3829	2.00	0.661643	0.053922	0.000000	0.000000
0.3829	2.37	0.661643	0.053922	0.000000	0.000000
0.3829	2.73	0.661643	0.053922	0.000000	0.000000
0.3829	3.10	0.661643	0.053922	0.000000	0.000000
0.3829	3.47	0.661643	0.053922	0.000000	0.000000
0.3829	3.84	0.661643	0.053922	0.000000	0.000000
0.3829	4.20	0.661643	0.053922	0.000000	0.000000
0.3829	4.57	0.661643	0.053922	0.000000	0.000000
0.3829	4.94	0.661643	0.053922	0.000000	0.000000
0.3829	5.31	0.661643	0.000000	0.000000	0.000000
0.3829	5.67	0.661643	0.000000	0.000000	0.000000
0.3829	6.04	0.661643	0.053922	0.000000	0.000000
0.3829	6.41	0.661643	0.053922	0.000000	0.000000
0.3829	6.78	0.661643	0.053922	0.000000	0.000000
0.3829	7.14	0.661643	0.053922	0.000000	0.000000
0.3829	7.51	0.661643	0.053922	0.000000	0.000000
0.3829	7.88	0.661643	0.054739	0.001827	0.000061
0.3829	8.24	0.661643	0.054739	0.001827	0.000061
0.3829	8.61	0.661643	0.055882	0.002401	0.000103
0.3829	8.98	0.661643	0.055147	0.002123	0.000082
0.3829	9.35	0.661643	0.056022	0.002426	0.000105
0.3829	9.71	0.661643	0.055147	0.002123	0.000082
0.3829	10.08	0.661643	0.056100	0.003358	0.000201
0.3829	10.45	0.661643	0.055258	0.002183	0.000086
0.3829	10.82	0.661643	0.055882	0.002401	0.000103
0.3829	11.18	0.661643	0.055556	0.003654	0.000240
0.3829	11.55	0.661643	0.056022	0.002426	0.000105
0.3829	11.92	0.661643	0.057041	0.003781	0.000251
0.3829	12.29	0.661643	0.057598	0.004064	0.000287
0.3829	12.65	0.661643	0.059477	0.005020	0.000424
0.3829	13.02	0.661643	0.059130	0.006592	0.000735
0.3829	13.39	0.661643	0.061275	0.007708	0.000969
0.3829	13.76	0.661643	0.064103	0.014189	0.003141
0.3829	14.12	0.661643	0.067291	0.015654	0.003642
0.3829	14.49	0.661643	0.067496	0.017743	0.004664
0.3829	14.86	0.661643	0.063419	0.016484	0.004285
0.3829	15.22	0.661643	0.070433	0.018493	0.004856
0.3829	15.59	0.661643	0.070000	0.018783	0.005040
0.3829	15.96	0.661643	0.068809	0.016092	0.003763
0.3829	16.33	0.661643	0.066714	0.015647	0.003670
0.3829	16.69	0.661643	0.068627	0.019531	0.005558
0.3829	17.06	0.661643	0.071756	0.022072	0.006789
0.3829	17.43	0.661643	0.071925	0.026108	0.009477
0.3829	17.80	0.661643	0.074628	0.023773	0.007573
0.3829	18.16	0.661643	0.074333	0.023853	0.007654
0.3829	18.53	0.661643	0.077190	0.025428	0.008377
0.3829	18.90	0.661643	0.080750	0.031913	0.012613
0.3829	19.27	0.661643	0.079710	0.026121	0.008560
0.3829	19.63	0.661643	0.081990	0.028986	0.010248
0.3829	20.00	0.661643	0.085453	0.027460	0.008824
0.3943	2.00	0.667207	0.000000	0.000000	0.000000
0.3943	2.37	0.667207	0.000000	0.000000	0.000000
0.3943	2.73	0.667207	0.000000	0.000000	0.000000
0.3943	3.10	0.667207	0.054983	0.000000	0.000000
0.3943	3.47	0.667207	0.053265	0.001718	0.000055
0.3943	3.84	0.667207	0.054983	0.000000	0.000000
0.3943	4.20	0.667207	0.054983	0.000000	0.000000
0.3943	4.57	0.667207	0.053265	0.001718	0.000055
0.3943	4.94	0.667207	0.054983	0.000000	0.000000
0.3943	5.31	0.667207	0.000000	0.000000	0.000000
0.3943	5.67	0.667207	0.000000	0.000000	0.000000
0.3943	6.04	0.667207	0.000000	0.000000	0.000000
0.3943	6.41	0.667207	0.000000	0.000000	0.000000
0.3943	6.78	0.667207	0.000000	0.000000	0.000000
0.3943	7.14	0.667207	0.000000	0.000000	0.000000
0.3943	7.51	0.667207	0.000000	0.000000	0.000000
0.3943	7.88	0.667207	0.054983	0.003436	0.000215
0.3943	8.24	0.667207	0.056701	0.005155	0.000469
0.3943	8.61	0.667207	0.056701	0.005155	0.000469
0.3943	8.98	0.667207	0.058419	0.003436	0.000202
0.3943	9.35	0.667207	0.057274	0.005841	0.000596
0.3943	9.71	0.667207	0.056128	0.006480	0.000748
0.3943	10.08	0.667207	0.000000	0.000000	0.000000
0.3943	10.45	0.667207	0.000000	0.000000	0.000000
0.3943	10.82	0.667207	0.000000	0.000000	0.000000
0.3943	11.18	0.667207	0.000000	0.000000	0.000000
0.3943	11.55	0.667207	0.051546	0.000000	0.000000
0.3943	11.92	0.667207	0.058419	0.000000	0.000000
0.3943	12.29	0.667207	0.058419	0.003436	0.000202
0.3943	12.65	0.667207	0.061092	0.007020	0.000807
0.3943	13.02	0.667207	0.058684	0.007797	0.001036
0.3943	13.39	0.667207	0.058419	0.006313	0.000682
0.3943	13.76	0.667207	0.058037	0.006366	0.000698
0.3943	14.12	0.667207	0.058583	0.006912	0.000815
0.3943	14.49	0.667207	0.061037	0.010056	0.001657
0.3943	14.86	0.667207	0.067539	0.016887	0.004222
0.3943	15.22	0.667207	0.066151	0.017360	0.004556
0.3943	15.59	0.667207	0.065654	0.016382	0.004088
0.3943	15.96	0.667207	0.068238	0.018342	0.004930
0.3943	16.33	0.667207	0.071735	0.018597	0.004821
0.3943	16.69	0.667207	0.072983	0.021731	0.006471
0.3943	17.06	0.667207	0.072477	0.024281	0.008135
0.3943	17.43	0.667207	0.074833	0.026125	0.009121
0.3943	17.80	0.667207	0.079074	0.032072	0.013008
0.3943	18.16	0.667207	0.084839	0.030270	0.010800
0.3943	18.53	0.667207	0.088506	0.040333	0.018380
0.3943	18.90	0.667207	0.102300	0.045774	0.020482
0.3943	19.27	0.667207	0.116491	0.055866	0.026792
0.3943	19.63	0.667207	0.122826	0.058596	0.027954
0.3943	20.00	0.667207	0.136549	0.070166	0.036055
0.4057	2.00	0.652565	0.050725	0.000000	0.000000
0.4057	2.37	0.652565	0.050725	0.000000	0.000000
0.4057	2.73	0.652565	0.050725	0.000000	0.000000
0.4057	3.10	0.652565	0.050725	0.000000	0.000000
0.4057	3.47	0.652565	0.050725	0.000000	0.000000
0.4057	3.84	0.652565	0.050725	0.000000	0.000000
0.4057	4.20	0.652565	0.050725	0.000000	0.000000
0.4057	4.57	0.652565	0.050725	0.000000	0.000000
0.4057	4.94	0.652565	0.050725	0.000000	0.000000
0.4057	5.31	0.652565	0.050725	0.000000	0.000000
0.4057	5.67	0.652565	0.061594	0.000000	0.000000
0.4057	6.04	0.652565	0.056159	0.005435	0.000526
0.4057	6.41	0.652565	0.054348	0.003623	0.000242
0.4057	6.78	0.652565	0.057971	0.000000	0.000000
0.4057	7.14	0.652565	0.057971	0.000000	0.000000
0.4057	7.51	0.652565	0.054348	0.000000	0.000000
0.4057	7.88	0.652565	0.052536	0.001812	0.000062
0.4057	8.24	0.652565	0.052536	0.001812	0.000062
0.4057	8.61	0.652565	0.052536	0.001812	0.000062
0.4057	8.98	0.652565	0.050725	0.000000	0.000000
0.4057	9.35	0.652565	0.052536	0.001812	0.000062
0.4057	9.71	0.652565	0.052536	0.001812	0.000062
0.4057	10.08	0.652565	0.052536	0.001812	0.000062
0.4057	10.45	0.652565	0.050725	0.000000	0.000000
0.4057	10.82	0.652565	0.054348	0.000000	0.000000
0.4057	11.18	0.652565	0.050725	0.000000	0.000000
0.4057	11.55	0.652565	0.052536	0.001812	0.000062
0.4057	11.92	0.652565	0.054348	0.000000	0.000000
0.4057	12.29	0.652565	0.054348	0.003623	0.000242
0.4057	12.65	0.652565	0.054348	0.005124	0.000483
0.4057	13.02	0.652565	0.052899	0.004348	0.000357
0.4057	13.39	0.652565	0.055072	0.008696	0.001373
0.4057	13.76	0.652565	0.055072	0.006234	0.000706
0.4057	14.12	0.652565	0.056763	0.007246	0.000925
0.4057	14.49	0.652565	0.054348	0.005435	0.000543
0.4057	14.86	0.652565	0.057246	0.006092	0.000648
0.4057	15.22	0.652565	0.055707	0.007884	0.001116
0.4057	15.59	0.652565	0.056884	0.008733	0.001341
0.4057	15.96	0.652565	0.058747	0.010885	0.002017
0.4057	16.33	0.652565	0.059398	0.011174	0.002102
0.4057	16.69	0.652565	0.059345	0.011434	0.002203
0.4057	17.06	0.652565	0.059086	0.010351	0.001813
0.4057	17.43	0.652565	0.060499	0.010528	0.001832
0.4057	17.80	0.652565	0.059742	0.009771	0.001598
0.4057	18.16	0.652565	0.063290	0.011908	0.002241
0.4057	18.53	0.652565	0.064229	0.011916	0.002211
0.4057	18.90	0.652565	0.066271	0.013899	0.002915
0.4057	19.27	0.652565	0.065990	0.014027	0.002981
0.4057	19.63	0.652565	0.070968	0.016173	0.003686
0.4057	20.00	0.652565	0.070030	0.018784	0.005038
0.4171	2.00	0.676610	0.000000	0.000000	0.000000
0.4171	2.37	0.676610	0.000000	0.000000	0.000000
0.4171	2.73	0.676610	0.000000	0.000000	0.000000
0.4171	3.10	0.676610	0.000000	0.000000	0.000000
0.4171	3.47	0.676610	0.000000	0.000000	0.000000
0.4171	3.84	0.676610	0.000000	0.000000	0.000000
0.4171	4.20	0.676610	0.000000	0.000000	0.000000
0.4171	4.57	0.676610	0.000000	0.000000	0.000000
0.4171	4.94	0.676610	0.000000	0.000000	0.000000
0.4171	5.31	0.676610	0.000000	0.000000	0.000000
0.4171	5.67	0.676610	0.000000	0.000000	0.000000
0.4171	6.04	0.676610	0.000000	0.000000	0.000000
0.4171	6.41	0.676610	0.000000	0.000000	0.000000
0.4171	6.78	0.676610	0.000000	0.000000	0.000000
0.4171	7.14	0.676610	0.000000	0.000000	0.000000
0.4171	7.51	0.676610	0.000000	0.000000	0.000000
0.4171	7.88	0.676610	0.052326	0.000000	0.000000
0.4171	8.24	0.676610	0.055233	0.000000	0.000000
0.4171	8.61	0.676610	0.061047	0.000000	0.000000
0.4171	8.98	0.676610	0.061047	0.000000	0.000000
0.4171	9.35	0.676610	0.058140	0.000000	0.000000
0.4171	9.71	0.676610	0.000000	0.000000	0.000000
0.4171	10.08	0.676610	0.000000	0.000000	0.000000
0.4171	10.45	0.676610	0.000000	0.000000	0.000000
0.4171	10.82	0.676610	0.055233	0.000000	0.000000
0.4171	11.18	0.676610	0.055233	0.000000	0.000000
0.4171	11.55	0.676610	0.052326	0.000000	0.000000
0.4171	11.92	0.676610	0.059593	0.001453	0.000035
0.4171	12.29	0.676610	0.058140	0.004747	0.000388
0.4171	12.65	0.676610	0.058624	0.005671	0.000549
0.4171	13.02	0.676610	0.058624	0.007004	0.000837
0.4171	13.39	0.676610	0.058503	0.008278	0.001171
0.4171	13.76	0.676610	0.059461	0.006364	0.000681
0.4171	14.12	0.676610	0.059593	0.007827	0.001028
0.4171	14.49	0.676610	0.059302	0.008643	0.001260
0.4171	14.86	0.676610	0.065072	0.015405	0.003647
0.4171	15.22	0.676610	0.065262	0.013400	0.002751
0.4171	15.59	0.676610	0.061773	0.012151	0.002390
0.4171	15.96	0.676610	0.068508	0.015952	0.003714
0.4171	16.33	0.676610	0.070090	0.018931	0.005113
0.4171	16.69	0.676610	0.072997	0.019729	0.005332
0.4171	17.06	0.676610	0.072464	0.019512	0.005254
0.4171	17.43	0.676610	0.082079	0.025499	0.007922
0.4171	17.80	0.676610	0.084423	0.030013	0.010670
0.4171	18.16	0.676610	0.086483	0.031625	0.011565
0.4171	18.53	0.676610	0.087348	0.030283	0.010499
0.4171	18.90	0.676610	0.096873	0.036324	0.013620
0.4171	19.27	0.676610	0.100974	0.041762	0.017273
0.4171	19.63	0.676610	0.118876	0.058821	0.029105
0.4171	20.00	0.676610	0.121918	0.058687	0.028250
0.4286	2.00	0.660081	0.000000	0.000000	0.000000
0.4286	2.37	0.660081	0.000000	0.000000	0.000000
0.4286	2.73	0.660081	0.000000	0.000000	0.000000
0.4286	3.10	0.660081	0.000000	0.000000	0.000000
0.4286	3.47	0.660081	0.000000	0.000000	0.000000
0.4286	3.84	0.660081	0.000000	0.000000	0.000000
0.4286	4.20	0.660081	0.000000	0.000000	0.000000
0.4286	4.57	0.660081	0.000000	0.000000	0.000000
0.4286	4.94	0.660081	0.000000	0.000000	0.000000
0.4286	5.31	0.660081	0.000000	0.000000	0.000000
0.4286	5.67	0.660081	0.000000	0.000000	0.000000
0.4286	6.04	0.660081	0.000000	0.000000	0.000000
0.4286	6.41	0.660081	0.000000	0.000000	0.000000
0.4286	6.78	0.660081	0.000000	0.000000	0.000000
0.4286	7.14	0.660081	0.000000	0.000000	0.000000
0.4286	7.51	0.660081	0.000000	0.000000	0.000000
0.4286	7.88	0.660081	0.000000	0.000000	0.000000
0.4286	8.24	0.660081	0.000000	0.000000	0.000000
0.4286	8.61	0.660081	0.000000	0.000000	0.000000
0.4286	8.98	0.660081	0.000000	0.000000	0.000000
0.4286	9.35	0.660081	0.000000	0.000000	0.000000
0.4286	9.71	0.660081	0.000000	0.000000	0.000000
0.4286	10.08	0.660081	0.000000	0.000000	0.000000
0.4286	10.45	0.660081	0.000000	0.000000	0.000000
0.4286	10.82	0.660081	0.000000	0.000000	0.000000
0.4286	11.18	0.660081	0.054829	0.002492	0.000113
0.4286	11.55	0.660081	0.055630	0.001990	0.000071
0.4286	11.92	0.660081	0.056075	0.002786	0.000138
0.4286	12.29	0.660081	0.058300	0.005190	0.000462
0.4286	12.65	0.660081	0.059635	0.004539	0.000345
0.4286	13.02	0.660081	0.057113	0.002937	0.000151
0.4286	13.39	0.660081	0.057632	0.003483	0.000210
0.4286	13.76	0.660081	0.059190	0.003115	0.000164
0.4286	14.12	0.660081	0.060228	0.002937	0.000143
0.4286	14.49	0.660081	0.059190	0.004996	0.000422
0.4286	14.86	0.660081	0.058567	0.005710	0.000557
0.4286	15.22	0.660081	0.056464	0.003632	0.000234
0.4286	15.59	0.660081	0.057113	0.005874	0.000604
0.4286	15.96	0.660081	0.060080	0.008526	0.001210
0.4286	16.33	0.660081	0.060488	0.007357	0.000895
0.4286	16.69	0.660081	0.059858	0.007464	0.000931
0.4286	17.06	0.660081	0.059518	0.007624	0.000977
0.4286	17.43	0.660081	0.058930	0.008432	0.001207
0.4286	17.80	0.660081	0.068660	0.011197	0.001826
0.4286	18.16	0.660081	0.067161	0.011831	0.002084
0.4286	18.53	0.660081	0.068115	0.012527	0.002304
0.4286	18.90	0.660081	0.069840	0.014769	0.003123
0.4286	19.27	0.660081	0.070440	0.014617	0.003033
0.4286	19.63	0.660081	0.075323	0.019966	0.005292
0.4286	20.00	0.660081	0.075399	0.019518	0.005053
0.4400	2.00	0.669022	0.000000	0.000000	0.000000
0.4400	2.37	0.669022	0.000000	0.000000	0.000000
0.4400	2.73	0.669022	0.000000	0.000000	0.000000
0.4400	3.10	0.669022	0.000000	0.000000	0.000000
0.4400	3.47	0.669022	0.050505	0.000000	0.000000
0.4400	3.84	0.669022	0.050505	0.000000	0.000000
0.4400	4.20	0.669022	0.050505	0.000000	0.000000
0.4400	4.57	0.669022	0.050505	0.000000	0.000000
0.4400	4.94	0.669022	0.050505	0.000000	0.000000
0.4400	5.31	0.669022	0.050505	0.000000	0.000000
0.4400	5.67	0.669022	0.000000	0.000000	0.000000
0.4400	6.04	0.669022	0.000000	0.000000	0.000000
0.4400	6.41	0.669022	0.000000	0.000000	0.000000
0.4400	6.78	0.669022	0.000000	0.000000	0.000000
0.4400	7.14	0.669022	0.000000	0.000000	0.000000
0.4400	7.51	0.669022	0.000000	0.000000	0.000000
0.4400	7.88	0.669022	0.050505	0.000000	0.000000
0.4400	8.24	0.669022	0.000000	0.000000	0.000000
0.4400	8.61	0.669022	0.050505	0.000000	0.000000
0.4400	8.98	0.669022	0.050505	0.000000	0.000000
0.4400	9.35	0.669022	0.050505	0.000000	0.000000
0.4400	9.71	0.669022	0.050505	0.000000	0.000000
0.4400	10.08	0.669022	0.050505	0.000000	0.000000
0.4400	10.45	0.669022	0.000000	0.000000	0.000000
0.4400	10.82	0.669022	0.000000	0.000000	0.000000
0.4400	11.18	0.669022	0.000000	0.000000	0.000000
0.4400	11.55	0.669022	0.050505	0.000000	0.000000
0.4400	11.92	0.669022	0.050505	0.000000	0.000000
0.4400	12.29	0.669022	0.050505	0.000000	0.000000
0.4400	12.65	0.669022	0.053872	0.004762	0.000421
0.4400	13.02	0.669022	0.052525	0.004040	0.000311
0.4400	13.39	0.669022	0.054994	0.004199	0.000321
0.4400	13.76	0.669022	0.054994	0.004628	0.000389
0.4400	14.12	0.669022	0.054353	0.003787	0.000264
0.4400	14.49	0.669022	0.053311	0.003847	0.000278
0.4400	14.86	0.669022	0.056758	0.006513	0.000747
0.4400	15.22	0.669022	0.058860	0.008807	0.001318
0.4400	15.59	0.669022	0.059371	0.009096	0.001394
0.4400	15.96	0.669022	0.060433	0.008658	0.001240
0.4400	16.33	0.669022	0.063091	0.012230	0.002371
0.4400	16.69	0.669022	0.063900	0.012291	0.002364
0.4400	17.06	0.669022	0.064675	0.013607	0.002863
0.4400	17.43	0.669022	0.061338	0.013430	0.002940
0.4400	17.80	0.669022	0.061341	0.012461	0.002532
0.4400	18.16	0.669022	0.063606	0.014608	0.003355
0.4400	18.53	0.669022	0.064800	0.013793	0.002936
0.4400	18.90	0.669022	0.065299	0.016231	0.004035
0.4400	19.27	0.669022	0.068837	0.018372	0.004904
0.4400	19.63	0.669022	0.088309	0.033584	0.012772
0.4400	20.00	0.669022	0.090869	0.034118	0.012810
0.4514	2.00	0.649123	0.000000	0.000000	0.000000
0.4514	2.37	0.649123	0.000000	0.000000	0.000000
0.4514	2.73	0.649123	0.000000	0.000000	0.000000
0.4514	3.10	0.649123	0.000000	0.000000	0.000000
0.4514	3.47	0.649123	0.000000	0.000000	0.000000
0.4514	3.84	0.649123	0.000000	0.000000	0.000000
0.4514	4.20	0.649123	0.000000	0.000000	0.000000
0.4514	4.57	0.649123	0.000000	0.000000	0.000000
0.4514	4.94	0.649123	0.000000	0.000000	0.000000
0.4514	5.31	0.649123	0.000000	0.000000	0.000000
0.4514	5.67	0.649123	0.000000	0.000000	0.000000
0.4514	6.04	0.649123	0.000000	0.000000	0.000000
0.4514	6.41	0.649123	0.000000	0.000000	0.000000
0.4514	6.78	0.649123	0.000000	0.000000	0.000000
0.4514	7.14	0.649123	0.000000	0.000000	0.000000
0.4514	7.51	0.649123	0.000000	0.000000	0.000000
0.4514	7.88	0.649123	0.055718	0.000000	0.000000
0.4514	8.24	0.649123	0.055718	0.000000	0.000000
0.4514	8.61	0.649123	0.052786	0.000000	0.000000
0.4514	8.98	0.649123	0.055718	0.000000	0.000000
0.4514	9.35	0.649123	0.052786	0.000000	0.000000
0.4514	9.71	0.649123	0.000000	0.000000	0.000000
0.4514	10.08	0.649123	0.000000	0.000000	0.000000
0.4514	10.45	0.649123	0.000000	0.000000	0.000000
0.4514	10.82	0.649123	0.000000	0.000000	0.000000
0.4514	11.18	0.649123	0.000000	0.000000	0.000000
0.4514	11.55	0.649123	0.000000	0.000000	0.000000
0.4514	11.92	0.649123	0.057918	0.004337	0.000325
0.4514	12.29	0.649123	0.057674	0.004984	0.000431
0.4514	12.65	0.649123	0.055230	0.004289	0.000333
0.4514	13.02	0.649123	0.059238	0.004692	0.000372
0.4514	13.39	0.649123	0.060117	0.006046	0.000608
0.4514	13.76	0.649123	0.055718	0.000000	0.000000
0.4514	14.12	0.649123	0.052786	0.000000	0.000000
0.4514	14.49	0.649123	0.055718	0.000000	0.000000
0.4514	14.86	0.649123	0.056452	0.003809	0.000257
0.4514	15.22	0.649123	0.054252	0.001466	0.000040
0.4514	15.59	0.649123	0.055132	0.002195	0.000087
0.4514	15.96	0.649123	0.056395	0.002853	0.000144
0.4514	16.33	0.649123	0.057185	0.003879	0.000263
0.4514	16.69	0.649123	0.056940	0.003042	0.000163
0.4514	17.06	0.649123	0.058651	0.004543	0.000352
0.4514	17.43	0.649123	0.059971	0.007840	0.001025
0.4514	17.80	0.649123	0.059966	0.008208	0.001123
0.4514	18.16	0.649123	0.062856	0.009490	0.001433
0.4514	18.53	0.649123	0.064516	0.010973	0.001866
0.4514	18.90	0.649123	0.065934	0.012144	0.002237
0.4514	19.27	0.649123	0.066739	0.012438	0.002318
0.4514	19.63	0.649123	0.069581	0.014444	0.002998
0.4514	20.00	0.649123	0.070582	0.015019	0.003196
0.4629	2.00	0.636586	0.058442	0.000000	0.000000
0.4629	2.37	0.636586	0.058442	0.000000	0.000000
0.4629	2.73	0.636586	0.058442	0.000000	0.000000
0.4629	3.10	0.636586	0.058442	0.000000	0.000000
0.4629	3.47	0.636586	0.058442	0.000000	0.000000
0.4629	3.84	0.636586	0.058442	0.000000	0.000000
0.4629	4.20	0.636586	0.058442	0.000000	0.000000
0.4629	4.57	0.636586	0.058442	0.000000	0.000000
0.4629	4.94	0.636586	0.051948	0.000000	0.000000
0.4629	5.31	0.636586	0.051948	0.000000	0.000000
0.4629	5.67	0.636586	0.051948	0.000000	0.000000
0.4629	6.04	0.636586	0.051948	0.000000	0.000000
0.4629	6.41	0.636586	0.051948	0.000000	0.000000
0.4629	6.78	0.636586	0.051948	0.000000	0.000000
0.4629	7.14	0.636586	0.051948	0.000000	0.000000
0.4629	7.51	0.636586	0.051948	0.000000	0.000000
0.4629	7.88	0.636586	0.051948	0.000000	0.000000
0.4629	8.24	0.636586	0.056671	0.005600	0.000553
0.4629	8.61	0.636586	0.057261	0.006679	0.000779
0.4629	8.98	0.636586	0.057261	0.006679	0.000779
0.4629	9.35	0.636586	0.057851	0.007560	0.000988
0.4629	9.71	0.636586	0.057359	0.006403	0.000715
0.4629	10.08	0.636586	0.056818	0.006561	0.000758
0.4629	10.45	0.636586	0.057900	0.007240	0.000905
0.4629	10.82	0.636586	0.057900	0.006193	0.000662
0.4629	11.18	0.636586	0.057978	0.010257	0.001814
0.4629	11.55	0.636586	0.057823	0.005266	0.000480
0.4629	11.92	0.636586	0.057312	0.005297	0.000490
0.4629	12.29	0.636586	0.057143	0.005195	0.000472
0.4629	12.65	0.636586	0.057050	0.005849	0.000600
0.4629	13.02	0.636586	0.057746	0.006338	0.000696
0.4629	13.39	0.636586	0.058442	0.007910	0.001071
0.4629	13.76	0.636586	0.059885	0.009324	0.001452
0.4629	14.12	0.636586	0.061781	0.010340	0.001730
0.4629	14.49	0.636586	0.063164	0.010637	0.001791
0.4629	14.86	0.636586	0.066234	0.021563	0.007020
0.4629	15.22	0.636586	0.068831	0.022505	0.007358
0.4629	15.59	0.636586	0.070656	0.021639	0.006627
0.4629	15.96	0.636586	0.076228	0.026165	0.008981
0.4629	16.33	0.636586	0.072754	0.024472	0.008232
0.4629	16.69	0.636586	0.074351	0.023989	0.007740
0.4629	17.06	0.636586	0.081169	0.027841	0.009550
0.4629	17.43	0.636586	0.080830	0.028829	0.010282
0.4629	17.80	0.636586	0.083319	0.031472	0.011888
0.4629	18.16	0.636586	0.079347	0.030960	0.012080
0.4629	18.53	0.636586	0.082603	0.030692	0.011404
0.4629	18.90	0.636586	0.083710	0.031398	0.011777
0.4629	19.27	0.636586	0.090195	0.037109	0.015267
0.4629	19.63	0.636586	0.097817	0.044253	0.020020
0.4629	20.00	0.636586	0.103551	0.052774	0.026896
0.4743	2.00	0.664075	0.000000	0.000000	0.000000
0.4743	2.37	0.664075	0.050000	0.000000	0.000000
0.4743	2.73	0.664075	0.050000	0.000000	0.000000
0.4743	3.10	0.664075	0.050000	0.000000	0.000000
0.4743	3.47	0.664075	0.050000	0.000000	0.000000
0.4743	3.84	0.664075	0.050000	0.000000	0.000000
0.4743	4.20	0.664075	0.051190	0.001684	0.000055
0.4743	4.57	0.664075	0.050000	0.000000	0.000000
0.4743	4.94	0.664075	0.000000	0.000000	0.000000
0.4743	5.31	0.664075	0.000000	0.000000	0.000000
0.4743	5.67	0.664075	0.000000	0.000000	0.000000
0.4743	6.04	0.664075	0.000000	0.000000	0.000000
0.4743	6.41	0.664075	0.000000	0.000000	0.000000
0.4743	6.78	0.664075	0.000000	0.000000	0.000000
0.4743	7.14	0.664075	0.050000	0.000000	0.000000
0.4743	7.51	0.664075	0.050000	0.000000	0.000000
0.4743	7.88	0.664075	0.050000	0.000000	0.000000
0.4743	8.24	0.664075	0.050000	0.000000	0.000000
0.4743	8.61	0.664075	0.052381	0.001684	0.000054
0.4743	8.98	0.664075	0.051190	0.001684	0.000055
0.4743	9.35	0.664075	0.051190	0.001684	0.000055
0.4743	9.71	0.664075	0.052381	0.003948	0.000298
0.4743	10.08	0.664075	0.053571	0.006521	0.000794
0.4743	10.45	0.664075	0.052976	0.003205	0.000194
0.4743	10.82	0.664075	0.051786	0.003093	0.000185
0.4743	11.18	0.664075	0.052551	0.004145	0.000327
0.4743	11.55	0.664075	0.052232	0.003968	0.000301
0.4743	11.92	0.664075	0.051948	0.004132	0.000329
0.4743	12.29	0.664075	0.052679	0.002961	0.000166
0.4743	12.65	0.664075	0.052381	0.003948	0.000298
0.4743	13.02	0.664075	0.055952	0.003948	0.000279
0.4743	13.39	0.664075	0.055102	0.004999	0.000454
0.4743	13.76	0.664075	0.055220	0.007090	0.000910
0.4743	14.12	0.664075	0.054688	0.006527	0.000779
0.4743	14.49	0.664075	0.055556	0.007065	0.000899
0.4743	14.86	0.664075	0.055844	0.006627	0.000787
0.4743	15.22	0.664075	0.058150	0.006908	0.000821
0.4743	15.59	0.664075	0.057993	0.007786	0.001045
0.4743	15.96	0.664075	0.060512	0.010645	0.001873
0.4743	16.33	0.664075	0.062819	0.011802	0.002217
0.4743	16.69	0.664075	0.063853	0.013356	0.002794
0.4743	17.06	0.664075	0.061000	0.010494	0.001805
0.4743	17.43	0.664075	0.060842	0.011131	0.002036
0.4743	17.80	0.664075	0.062178	0.010731	0.001852
0.4743	18.16	0.664075	0.066156	0.016334	0.004033
0.4743	18.53	0.664075	0.069156	0.019676	0.005598
0.4743	18.90	0.664075	0.070640	0.020077	0.005706
0.4743	19.27	0.664075	0.069430	0.021516	0.006668
0.4743	19.63	0.664075	0.086289	0.032381	0.012151
0.4743	20.00	0.664075	0.084001	0.031691	0.011956
0.4857	2.00	0.634182	0.000000	0.000000	0.000000
0.4857	2.37	0.634182	0.000000	0.000000	0.000000
0.4857	2.73	0.634182	0.000000	0.000000	0.000000
0.4857	3.10	0.634182	0.000000	0.000000	0.000000
0.4857	3.47	0.634182	0.000000	0.000000	0.000000
0.4857	3.84	0.634182	0.000000	0.000000	0.000000
0.4857	4.20	0.634182	0.000000	0.000000	0.000000
0.4857	4.57	0.634182	0.000000	0.000000	0.000000
0.4857	4.94	0.634182	0.000000	0.000000	0.000000
0.4857	5.31	0.634182	0.000000	0.000000	0.000000
0.4857	5.67	0.634182	0.000000	0.000000	0.000000
0.4857	6.04	0.634182	0.000000	0.000000	0.000000
0.4857	6.41	0.634182	0.000000	0.000000	0.000000
0.4857	6.78	0.634182	0.000000	0.000000	0.000000
0.4857	7.14	0.634182	0.000000	0.000000	0.000000
0.4857	7.51	0.634182	0.000000	0.000000	0.000000
0.4857	7.88	0.634182	0.000000	0.000000	0.000000
0.4857	8.24	0.634182	0.000000	0.000000	0.000000
0.4857	8.61	0.634182	0.052469	0.000000	0.000000
0.4857	8.98	0.634182	0.052469	0.000000	0.000000
0.4857	9.35	0.634182	0.052469	0.000000	0.000000
0.4857	9.71	0.634182	0.052469	0.000000	0.000000
0.4857	10.08	0.634182	0.000000	0.000000	0.000000
0.4857	10.45	0.634182	0.000000	0.000000	0.000000
0.4857	10.82	0.634182	0.000000	0.000000	0.000000
0.4857	11.18	0.634182	0.000000	0.000000	0.000000
0.4857	11.55	0.634182	0.000000	0.000000	0.000000
0.4857	11.92	0.634182	0.000000	0.000000	0.000000
0.4857	12.29	0.634182	0.052469	0.000000	0.000000
0.4857	12.65	0.634182	0.052469	0.000000	0.000000
0.4857	13.02	0.634182	0.054527	0.001455	0.000039
0.4857	13.39	0.634182	0.053498	0.001455	0.000040
0.4857	13.76	0.634182	0.053498	0.001455	0.000040
0.4857	14.12	0.634182	0.052469	0.000000	0.000000
0.4857	14.49	0.634182	0.059671	0.003849	0.000248
0.4857	14.86	0.634182	0.058128	0.004853	0.000405
0.4857	15.22	0.634182	0.058642	0.005472	0.000511
0.4857	15.59	0.634182	0.060185	0.004880	0.000396
0.4857	15.96	0.634182	0.061728	0.005346	0.000463
0.4857	16.33	0.634182	0.062654	0.004588	0.000336
0.4857	16.69	0.634182	0.057760	0.004275	0.000316
0.4857	17.06	0.634182	0.058951	0.004870	0.000402
0.4857	17.43	0.634182	0.060288	0.005842	0.000566
0.4857	17.80	0.634182	0.059083	0.005894	0.000588
0.4857	18.16	0.634182	0.061241	0.006586	0.000708
0.4857	18.53	0.634182	0.059896	0.007515	0.000943
0.4857	18.90	0.634182	0.067374	0.012192	0.002206
0.4857	19.27	0.634182	0.065981	0.012920	0.002530
0.4857	19.63	0.634182	0.069412	0.013609	0.002668
0.4857	20.00	0.634182	0.067143	0.012931	0.002490
0.4971	2.00	0.637119	0.054507	0.003544	0.000230
0.4971	2.37	0.637119	0.051639	0.003277	0.000208
0.4971	2.73	0.637119	0.051054	0.002960	0.000172
0.4971	3.10	0.637119	0.051308	0.003070	0.000184
0.4971	3.47	0.637119	0.052061	0.003511	0.000237
0.4971	3.84	0.637119	0.052061	0.004090	0.000321
0.4971	4.20	0.637119	0.052411	0.004193	0.000335
0.4971	4.57	0.637119	0.051712	0.003953	0.000302
0.4971	4.94	0.637119	0.052061	0.004090	0.000321
0.4971	5.31	0.637119	0.052061	0.004090	0.000321
0.4971	5.67	0.637119	0.050314	0.000000	0.000000
0.4971	6.04	0.637119	0.050314	0.000000	0.000000
0.4971	6.41	0.637119	0.050314	0.000000	0.000000
0.4971	6.78	0.637119	0.050314	0.000000	0.000000
0.4971	7.14	0.637119	0.050314	0.000000	0.000000
0.4971	7.51	0.637119	0.053110	0.005229	0.000515
0.4971	7.88	0.637119	0.051101	0.002080	0.000085
0.4971	8.24	0.637119	0.051712	0.002615	0.000132
0.4971	8.61	0.637119	0.051887	0.002723	0.000143
0.4971	8.98	0.637119	0.052411	0.002965	0.000168
0.4971	9.35	0.637119	0.052411	0.002965	0.000168
0.4971	9.71	0.637119	0.053459	0.004804	0.000432
0.4971	10.08	0.637119	0.053110	0.004308	0.000349
0.4971	10.45	0.637119	0.052673	0.003045	0.000176
0.4971	10.82	0.637119	0.053459	0.005798	0.000629
0.4971	11.18	0.637119	0.055206	0.006481	0.000761
0.4971	11.55	0.637119	0.054185	0.005806	0.000622
0.4971	11.92	0.637119	0.056080	0.007467	0.000994
0.4971	12.29	0.637119	0.054403	0.006678	0.000820
0.4971	12.65	0.637119	0.058101	0.011630	0.002328
0.4971	13.02	0.637119	0.059748	0.013993	0.003277
0.4971	13.39	0.637119	0.060377	0.014989	0.003721
0.4971	13.76	0.637119	0.058835	0.014068	0.003364
0.4971	14.12	0.637119	0.060683	0.014638	0.003531
0.4971	14.49	0.637119	0.062732	0.016081	0.004122
0.4971	14.86	0.637119	0.065818	0.019997	0.006075
0.4971	15.22	0.637119	0.064947	0.017897	0.004932
0.4971	15.59	0.637119	0.061368	0.011590	0.002189
0.4971	15.96	0.637119	0.060557	0.011654	0.002243
0.4971	16.33	0.637119	0.060797	0.013461	0.002981
0.4971	16.69	0.637119	0.061035	0.011810	0.002285
0.4971	17.06	0.637119	0.061976	0.013464	0.002925
0.4971	17.43	0.637119	0.066615	0.018541	0.005160
0.4971	17.80	0.637119	0.067668	0.018749	0.005195
0.4971	18.16	0.637119	0.068420	0.020730	0.006281
0.4971	18.53	0.637119	0.084187	0.042845	0.021805
0.4971	18.90	0.637119	0.087062	0.041113	0.019415
0.4971	19.27	0.637119	0.093692	0.048527	0.025134
0.4971	19.63	0.637119	0.098282	0.053254	0.028856
0.4971	20.00	0.637119	0.105211	0.054487	0.028218
0.5086	2.00	0.664656	0.000000	0.000000	0.000000
0.5086	2.37	0.664656	0.000000	0.000000	0.000000
0.5086	2.73	0.664656	0.000000	0.000000	0.000000
0.5086	3.10	0.664656	0.000000	0.000000	0.000000
0.5086	3.47	0.664656	0.000000	0.000000	0.000000
0.5086	3.84	0.664656	0.000000	0.000000	0.000000
0.5086	4.20	0.664656	0.000000	0.000000	0.000000
0.5086	4.57	0.664656	0.000000	0.000000	0.000000
0.5086	4.94	0.664656	0.052786	0.000000	0.000000
0.5086	5.31	0.664656	0.052786	0.000000	0.000000
0.5086	5.67	0.664656	0.052786	0.000000	0.000000
0.5086	6.04	0.664656	0.052786	0.000000	0.000000
0.5086	6.41	0.664656	0.000000	0.000000	0.000000
0.5086	6.78	0.664656	0.052786	0.000000	0.000000
0.5086	7.14	0.664656	0.000000	0.000000	0.000000
0.5086	7.51	0.664656	0.000000	0.000000	0.000000
0.5086	7.88	0.664656	0.000000	0.000000	0.000000
0.5086	8.24	0.664656	0.000000	0.000000	0.000000
0.5086	8.61	0.664656	0.000000	0.000000	0.000000
0.5086	8.98	0.664656	0.000000	0.000000	0.000000
0.5086	9.35	0.664656	0.000000	0.000000	0.000000
0.5086	9.71	0.664656	0.000000	0.000000	0.000000
0.5086	10.08	0.664656	0.000000	0.000000	0.000000
0.5086	10.45	0.664656	0.000000	0.000000	0.000000
0.5086	10.82	0.664656	0.000000	0.000000	0.000000
0.5086	11.18	0.664656	0.000000	0.000000	0.000000
0.5086	11.55	0.664656	0.052786	0.000000	0.000000
0.5086	11.92	0.664656	0.053519	0.001270	0.000030
0.5086	12.29	0.664656	0.054985	0.003809	0.000264
0.5086	12.65	0.664656	0.053959	0.001437	0.000038
0.5086	13.02	0.664656	0.056891	0.003519	0.000218
0.5086	13.39	0.664656	0.053959	0.001437	0.000038
0.5086	13.76	0.664656	0.055718	0.003386	0.000206
0.5086	14.12	0.664656	0.054545	0.002346	0.000101
0.5086	14.49	0.664656	0.055300	0.002443	0.000108
0.5086	14.86	0.664656	0.057674	0.002765	0.000133
0.5086	15.22	0.664656	0.057551	0.004131	0.000297
0.5086	15.59	0.664656	0.063839	0.015820	0.003920
0.5086	15.96	0.664656	0.067658	0.016003	0.003785
0.5086	16.33	0.664656	0.067757	0.014675	0.003178
0.5086	16.69	0.664656	0.066750	0.015302	0.003508
0.5086	17.06	0.664656	0.065924	0.015740	0.003758
0.5086	17.43	0.664656	0.064053	0.017291	0.004668
0.5086	17.80	0.664656	0.066084	0.012008	0.002182
0.5086	18.16	0.664656	0.067357	0.013084	0.002541
0.5086	18.53	0.664656	0.068548	0.015312	0.003420
0.5086	18.90	0.664656	0.070992	0.016180	0.003688
0.5086	19.27	0.664656	0.072200	0.018253	0.004615
0.5086	19.63	0.664656	0.073747	0.019719	0.005273
0.5086	20.00	0.664656	0.074780	0.016748	0.003751
0.5200	2.00	0.628153	0.000000	0.000000	0.000000
0.5200	2.37	0.628153	0.000000	0.000000	0.000000
0.5200	2.73	0.628153	0.000000	0.000000	0.000000
0.5200	3.10	0.628153	0.000000	0.000000	0.000000
0.5200	3.47	0.628153	0.000000	0.000000	0.000000
0.5200	3.84	0.628153	0.000000	0.000000	0.000000
0.5200	4.20	0.628153	0.000000	0.000000	0.000000
0.5200	4.57	0.628153	0.000000	0.000000	0.000000
0.5200	4.94	0.628153	0.000000	0.000000	0.000000
0.5200	5.31	0.628153	0.000000	0.000000	0.000000
0.5200	5.67	0.628153	0.000000	0.000000	0.000000
0.5200	6.04	0.628153	0.054902	0.003202	0.000187
0.5200	6.41	0.628153	0.054902	0.003631	0.000240
0.5200	6.78	0.628153	0.053922	0.003252	0.000196
0.5200	7.14	0.628153	0.053922	0.002594	0.000125
0.5200	7.51	0.628153	0.055462	0.002505	0.000113
0.5200	7.88	0.628153	0.053922	0.003252	0.000196
0.5200	8.24	0.628153	0.054412	0.004130	0.000314
0.5200	8.61	0.628153	0.000000	0.000000	0.000000
0.5200	8.98	0.628153	0.054902	0.000000	0.000000
0.5200	9.35	0.628153	0.052941	0.001961	0.000073
0.5200	9.71	0.628153	0.052288	0.001849	0.000065
0.5200	10.08	0.628153	0.053595	0.003697	0.000255
0.5200	10.45	0.628153	0.053922	0.005094	0.000481
0.5200	10.82	0.628153	0.054902	0.005546	0.000560
0.5200	11.18	0.628153	0.054902	0.000000	0.000000
0.5200	11.55	0.628153	0.058824	0.003922	0.000261
0.5200	11.92	0.628153	0.054902	0.000000	0.000000
0.5200	12.29	0.628153	0.054902	0.000000	0.000000
0.5200	12.65	0.628153	0.054902	0.000000	0.000000
0.5200	13.02	0.628153	0.054902	0.000000	0.000000
0.5200	13.39	0.628153	0.052941	0.001961	0.000073
0.5200	13.76	0.628153	0.058263	0.009239	0.001465
0.5200	14.12	0.628153	0.060131	0.009243	0.001421
0.5200	14.49	0.628153	0.058039	0.009247	0.001473
0.5200	14.86	0.628153	0.057255	0.008075	0.001139
0.5200	15.22	0.628153	0.057919	0.006554	0.000742
0.5200	15.59	0.628153	0.059346	0.008927	0.001343
0.5200	15.96	0.628153	0.062353	0.009354	0.001403
0.5200	16.33	0.628153	0.065266	0.012688	0.002467
0.5200	16.69	0.628153	0.066475	0.013417	0.002708
0.5200	17.06	0.628153	0.066139	0.013715	0.002844
0.5200	17.43	0.628153	0.068435	0.016770	0.004109
0.5200	17.80	0.628153	0.070522	0.019674	0.005489
0.5200	18.16	0.628153	0.070277	0.020613	0.006046
0.5200	18.53	0.628153	0.078982	0.024829	0.007805
0.5200	18.90	0.628153	0.067487	0.019259	0.005496
0.5200	19.27	0.628153	0.071546	0.021932	0.006723
0.5200	19.63	0.628153	0.072907	0.022215	0.006769
0.5200	20.00	0.628153	0.076360	0.027151	0.009654
0.5314	2.00	0.620310	0.053385	0.002255	0.000095
0.5314	2.37	0.620310	0.053385	0.002255	0.000095
0.5314	2.73	0.620310	0.054688	0.002604	0.000124
0.5314	3.10	0.620310	0.054688	0.002604	0.000124
0.5314	3.47	0.620310	0.052083	0.000000	0.000000
0.5314	3.84	0.620310	0.052083	0.000000	0.000000
0.5314	4.20	0.620310	0.052083	0.000000	0.000000
0.5314	4.57	0.620310	0.052083	0.000000	0.000000
0.5314	4.94	0.620310	0.052083	0.000000	0.000000
0.5314	5.31	0.620310	0.052083	0.000000	0.000000
0.5314	5.67	0.620310	0.052083	0.000000	0.000000
0.5314	6.04	0.620310	0.055208	0.003455	0.000216
0.5314	6.41	0.620310	0.054888	0.004389	0.000351
0.5314	6.78	0.620310	0.054688	0.004511	0.000372
0.5314	7.14	0.620310	0.053819	0.003248	0.000196
0.5314	7.51	0.620310	0.056134	0.004772	0.000406
0.5314	7.88	0.620310	0.056134	0.005367	0.000513
0.5314	8.24	0.620310	0.056250	0.005610	0.000559
0.5314	8.61	0.620310	0.052083	0.000000	0.000000
0.5314	8.98	0.620310	0.052083	0.000000	0.000000
0.5314	9.35	0.620310	0.052083	0.000000	0.000000
0.5314	9.71	0.620310	0.054688	0.002604	0.000124
0.5314	10.08	0.620310	0.054688	0.002604	0.000124
0.5314	10.45	0.620310	0.054688	0.002604	0.000124
0.5314	10.82	0.620310	0.057292	0.005208	0.000473
0.5314	11.18	0.620310	0.057292	0.005208	0.000473
0.5314	11.55	0.620310	0.057292	0.005208	0.000473
0.5314	11.92	0.620310	0.055556	0.004426	0.000353
0.5314	12.29	0.620310	0.056490	0.005722	0.000580
0.5314	12.65	0.620310	0.055903	0.005534	0.000548
0.5314	13.02	0.620310	0.056315	0.005886	0.000615
0.5314	13.39	0.620310	0.058824	0.006628	0.000747
0.5314	13.76	0.620310	0.060764	0.007528	0.000933
0.5314	14.12	0.620310	0.062211	0.006829	0.000750
0.5314	14.49	0.620310	0.062760	0.008148	0.001058
0.5314	14.86	0.620310	0.065365	0.012702	0.002468
0.5314	15.22	0.620310	0.062700	0.010760	0.001846
0.5314	15.59	0.620310	0.063657	0.009752	0.001494
0.5314	15.96	0.620310	0.064931	0.011780	0.002137
0.5314	16.33	0.620310	0.066023	0.011349	0.001951
0.5314	16.69	0.620310	0.064189	0.011806	0.002171
0.5314	17.06	0.620310	0.066592	0.013711	0.002823
0.5314	17.43	0.620310	0.066721	0.016081	0.003876
0.5314	17.80	0.620310	0.067551	0.017463	0.004514
0.5314	18.16	0.620310	0.068765	0.017093	0.004249
0.5314	18.53	0.620310	0.068636	0.018776	0.005136
0.5314	18.90	0.620310	0.072049	0.021384	0.006347
0.5314	19.27	0.620310	0.072981	0.023025	0.007264
0.5314	19.63	0.620310	0.076092	0.025796	0.008745
0.5314	20.00	0.620310	0.078502	0.026751	0.009116
0.5429	2.00	0.645800	0.053623	0.003241	0.000196
0.5429	2.37	0.645800	0.053708	0.003315	0.000205
0.5429	2.73	0.645800	0.053623	0.003241	0.000196
0.5429	3.10	0.645800	0.053623	0.003241	0.000196
0.5429	3.47	0.645800	0.053261	0.002876	0.000155
0.5429	3.84	0.645800	0.053623	0.003241	0.000196
0.5429	4.20	0.645800	0.053708	0.003315	0.000205
0.5429	4.57	0.645800	0.053623	0.003241	0.000196
0.5429	4.94	0.645800	0.053913	0.003478	0.000224
0.5429	5.31	0.645800	0.053416	0.003043	0.000173
0.5429	5.67	0.645800	0.053416	0.003043	0.000173
0.5429	6.04	0.645800	0.054348	0.003765	0.000261
0.5429	6.41	0.645800	0.053623	0.003241	0.000196
0.5429	6.78	0.645800	0.053623	0.003241	0.000196
0.5429	7.14	0.645800	0.054658	0.003928	0.000282
0.5429	7.51	0.645800	0.054658	0.003928	0.000282
0.5429	7.88	0.645800	0.054348	0.003765	0.000261
0.5429	8.24	0.645800	0.054658	0.003928	0.000282
0.5429	8.61	0.645800	0.054348	0.003765	0.000261
0.5429	8.98	0.645800	0.056522	0.007011	0.000870
0.5429	9.35	0.645800	0.056315	0.006904	0.000846
0.5429	9.71	0.645800	0.056159	0.006138	0.000671
0.5429	10.08	0.645800	0.058087	0.009110	0.001429
0.5429	10.45	0.645800	0.058435	0.008348	0.001193
0.5429	10.82	0.645800	0.060870	0.009594	0.001512
0.5429	11.18	0.645800	0.059070	0.010053	0.001711
0.5429	11.55	0.645800	0.059710	0.012243	0.002510
0.5429	11.92	0.645800	0.059239	0.010964	0.002029
0.5429	12.29	0.645800	0.060343	0.014190	0.003337
0.5429	12.65	0.645800	0.057900	0.009332	0.001504
0.5429	13.02	0.645800	0.057198	0.008298	0.001204
0.5429	13.39	0.645800	0.058937	0.008577	0.001248
0.5429	13.76	0.645800	0.059204	0.009258	0.001448
0.5429	14.12	0.645800	0.059881	0.009492	0.001505
0.5429	14.49	0.645800	0.059805	0.009881	0.001632
0.5429	14.86	0.645800	0.060711	0.010288	0.001743
0.5429	15.22	0.645800	0.063987	0.012651	0.002501
0.5429	15.59	0.645800	0.063817	0.012046	0.002274
0.5429	15.96	0.645800	0.065897	0.016108	0.003937
0.5429	16.33	0.645800	0.068731	0.019796	0.005702
0.5429	16.69	0.645800	0.067984	0.019202	0.005423
0.5429	17.06	0.645800	0.070699	0.019298	0.005267
0.5429	17.43	0.645800	0.070518	0.021327	0.006450
0.5429	17.80	0.645800	0.072268	0.025329	0.008877
0.5429	18.16	0.645800	0.075619	0.028636	0.010844
0.5429	18.53	0.645800	0.078690	0.033578	0.014328
0.5429	18.90	0.645800	0.080512	0.035219	0.015406
0.5429	19.27	0.645800	0.085474	0.039702	0.018441
0.5429	19.63	0.645800	0.087146	0.036892	0.015618
0.5429	20.00	0.645800	0.091027	0.039518	0.017156
0.5543	2.00	0.631310	0.050542	0.000000	0.000000
0.5543	2.37	0.631310	0.000000	0.000000	0.000000
0.5543	2.73	0.631310	0.050542	0.000000	0.000000
0.5543	3.10	0.631310	0.000000	0.000000	0.000000
0.5543	3.47	0.631310	0.050542	0.000000	0.000000
0.5543	3.84	0.631310	0.000000	0.000000	0.000000
0.5543	4.20	0.631310	0.054152	0.000000	0.000000
0.5543	4.57	0.631310	0.050542	0.000000	0.000000
0.5543	4.94	0.631310	0.000000	0.000000	0.000000
0.5543	5.31	0.631310	0.050542	0.000000	0.000000
0.5543	5.67	0.631310	0.057762	0.000000	0.000000
0.5543	6.04	0.631310	0.050542	0.000000	0.000000
0.5543	6.41	0.631310	0.050542	0.000000	0.000000
0.5543	6.78	0.631310	0.050542	0.000000	0.000000
0.5543	7.14	0.631310	0.050542	0.000000	0.000000
0.5543	7.51	0.631310	0.050542	0.000000	0.000000
0.5543	7.88	0.631310	0.050542	0.000000	0.000000
0.5543	8.24	0.631310	0.050542	0.000000	0.000000
0.5543	8.61	0.631310	0.050542	0.000000	0.000000
0.5543	8.98	0.631310	0.053751	0.004945	0.000455
0.5543	9.35	0.631310	0.053349	0.004091	0.000314
0.5543	9.71	0.631310	0.052948	0.003404	0.000219
0.5543	10.08	0.631310	0.052948	0.003805	0.000273
0.5543	10.45	0.631310	0.053495	0.003713	0.000258
0.5543	10.82	0.631310	0.052647	0.003745	0.000266
0.5543	11.18	0.631310	0.050542	0.000000	0.000000
0.5543	11.55	0.631310	0.051444	0.001563	0.000048
0.5543	11.92	0.631310	0.051444	0.001563	0.000048
0.5543	12.29	0.631310	0.052347	0.002553	0.000124
0.5543	12.65	0.631310	0.053120	0.003179	0.000190
0.5543	13.02	0.631310	0.053249	0.002993	0.000168
0.5543	13.39	0.631310	0.053751	0.004643	0.000401
0.5543	13.76	0.631310	0.055183	0.007146	0.000925
0.5543	14.12	0.631310	0.055355	0.006965	0.000876
0.5543	14.49	0.631310	0.056634	0.007839	0.001085
0.5543	14.86	0.631310	0.057762	0.007971	0.001100
0.5543	15.22	0.631310	0.057040	0.008358	0.001225
0.5543	15.59	0.631310	0.058051	0.008227	0.001166
0.5543	15.96	0.631310	0.058734	0.008931	0.001358
0.5543	16.33	0.631310	0.058011	0.007400	0.000944
0.5543	16.69	0.631310	0.061252	0.007936	0.001028
0.5543	17.06	0.631310	0.061177	0.009822	0.001577
0.5543	17.43	0.631310	0.061372	0.008240	0.001106
0.5543	17.80	0.631310	0.060834	0.011195	0.002060
0.5543	18.16	0.631310	0.061175	0.010807	0.001909
0.5543	18.53	0.631310	0.066880	0.018002	0.004845
0.5543	18.90	0.631310	0.069003	0.019614	0.005575
0.5543	19.27	0.631310	0.070999	0.020994	0.006208
0.5543	19.63	0.631310	0.072546	0.022411	0.006923
0.5543	20.00	0.631310	0.073585	0.022490	0.006874
0.5657	2.00	0.641923	0.000000	0.000000	0.000000
0.5657	2.37	0.641923	0.000000	0.000000	0.000000
0.5657	2.73	0.641923	0.000000	0.000000	0.000000
0.5657	3.10	0.641923	0.000000	0.000000	0.000000
0.5657	3.47	0.641923	0.000000	0.000000	0.000000
0.5657	3.84	0.641923	0.000000	0.000000	0.000000
0.5657	4.20	0.641923	0.000000	0.000000	0.000000
0.5657	4.57	0.641923	0.000000	0.000000	0.000000
0.5657	4.94	0.641923	0.000000	0.000000	0.000000
0.5657	5.31	0.641923	0.000000	0.000000	0.000000
0.5657	5.67	0.641923	0.000000	0.000000	0.000000
0.5657	6.04	0.641923	0.000000	0.000000	0.000000
0.5657	6.41	0.641923	0.000000	0.000000	0.000000
0.5657	6.78	0.641923	0.054487	0.000000	0.000000
0.5657	7.14	0.641923	0.057692	0.000000	0.000000
0.5657	7.51	0.641923	0.057692	0.000000	0.000000
0.5657	7.88	0.641923	0.054487	0.003205	0.000189
0.5657	8.24	0.641923	0.054487	0.003205	0.000189
0.5657	8.61	0.641923	0.057692	0.006410	0.000712
0.5657	8.98	0.641923	0.057692	0.003205	0.000178
0.5657	9.35	0.641923	0.051282	0.000000	0.000000
0.5657	9.71	0.641923	0.054487	0.000000	0.000000
0.5657	10.08	0.641923	0.054487	0.000000	0.000000
0.5657	10.45	0.641923	0.054487	0.000000	0.000000
0.5657	10.82	0.641923	0.052350	0.001511	0.000044
0.5657	11.18	0.641923	0.053419	0.001511	0.000043
0.5657	11.55	0.641923	0.000000	0.000000	0.000000
0.5657	11.92	0.641923	0.000000	0.000000	0.000000
0.5657	12.29	0.641923	0.000000	0.000000	0.000000
0.5657	12.65	0.641923	0.000000	0.000000	0.000000
0.5657	13.02	0.641923	0.000000	0.000000	0.000000
0.5657	13.39	0.641923	0.052885	0.001603	0.000049
0.5657	13.76	0.641923	0.057692	0.000000	0.000000
0.5657	14.12	0.641923	0.059911	0.010472	0.001830
0.5657	14.49	0.641923	0.058583	0.010727	0.001964
0.5657	14.86	0.641923	0.059676	0.011385	0.002172
0.5657	15.22	0.641923	0.060440	0.010101	0.001688
0.5657	15.59	0.641923	0.059495	0.009342	0.001467
0.5657	15.96	0.641923	0.060238	0.009826	0.001603
0.5657	16.33	0.641923	0.061012	0.009747	0.001557
0.5657	16.69	0.641923	0.061799	0.010048	0.001634
0.5657	17.06	0.641923	0.060176	0.010173	0.001720
0.5657	17.43	0.641923	0.062322	0.012723	0.002597
0.5657	17.80	0.641923	0.063615	0.013432	0.002836
0.5657	18.16	0.641923	0.063918	0.013734	0.002951
0.5657	18.53	0.641923	0.066876	0.014621	0.003196
0.5657	18.90	0.641923	0.068376	0.015433	0.003483
0.5657	19.27	0.641923	0.068473	0.017481	0.004463
0.5657	19.63	0.641923	0.072160	0.021993	0.006703
0.5657	20.00	0.641923	0.074622	0.024127	0.007801
0.5771	2.00	0.637709	0.000000	0.000000	0.000000
0.5771	2.37	0.637709	0.000000	0.000000	0.000000
0.5771	2.73	0.637709	0.000000	0.000000	0.000000
0.5771	3.10	0.637709	0.000000	0.000000	0.000000
0.5771	3.47	0.637709	0.000000	0.000000	0.000000
0.5771	3.84	0.637709	0.000000	0.000000	0.000000
0.5771	4.20	0.637709	0.000000	0.000000	0.000000
0.5771	4.57	0.637709	0.000000	0.000000	0.000000
0.5771	4.94	0.637709	0.000000	0.000000	0.000000
0.5771	5.31	0.637709	0.000000	0.000000	0.000000
0.5771	5.67	0.637709	0.000000	0.000000	0.000000
0.5771	6.04	0.637709	0.000000	0.000000	0.000000
0.5771	6.41	0.637709	0.000000	0.000000	0.000000
0.5771	6.78	0.637709	0.000000	0.000000	0.000000
0.5771	7.14	0.637709	0.000000	0.000000	0.000000
0.5771	7.51	0.637709	0.000000	0.000000	0.000000
0.5771	7.88	0.637709	0.000000	0.000000	0.000000
0.5771	8.24	0.637709	0.000000	0.000000	0.000000
0.5771	8.61	0.637709	0.000000	0.000000	0.000000
0.5771	8.98	0.637709	0.000000	0.000000	0.000000
0.5771	9.35	0.637709	0.000000	0.000000	0.000000
0.5771	9.71	0.637709	0.000000	0.000000	0.000000
0.5771	10.08	0.637709	0.000000	0.000000	0.000000
0.5771	10.45	0.637709	0.000000	0.000000	0.000000
0.5771	10.82	0.637709	0.052894	0.001411	0.000038
0.5771	11.18	0.637709	0.051896	0.001411	0.000038
0.5771	11.55	0.637709	0.051896	0.001411	0.000038
0.5771	11.92	0.637709	0.054890	0.001411	0.000036
0.5771	12.29	0.637709	0.054890	0.001411	0.000036
0.5771	12.65	0.637709	0.053892	0.004234	0.000333
0.5771	13.02	0.637709	0.000000	0.000000	0.000000
0.5771	13.39	0.637709	0.050898	0.000000	0.000000
0.5771	13.76	0.637709	0.053892	0.002994	0.000166
0.5771	14.12	0.637709	0.053892	0.002445	0.000111
0.5771	14.49	0.637709	0.052695	0.002395	0.000109
0.5771	14.86	0.637709	0.052395	0.002117	0.000086
0.5771	15.22	0.637709	0.057718	0.006680	0.000773
0.5771	15.59	0.637709	0.058777	0.007844	0.001047
0.5771	15.96	0.637709	0.058106	0.007784	0.001043
0.5771	16.33	0.637709	0.059154	0.008533	0.001231
0.5771	16.69	0.637709	0.059152	0.008593	0.001248
0.5771	17.06	0.637709	0.060308	0.009137	0.001384
0.5771	17.43	0.637709	0.057989	0.005640	0.000549
0.5771	17.80	0.637709	0.058655	0.006825	0.000794
0.5771	18.16	0.637709	0.060163	0.007980	0.001059
0.5771	18.53	0.637709	0.061840	0.008886	0.001277
0.5771	18.90	0.637709	0.064396	0.011328	0.001993
0.5771	19.27	0.637709	0.064734	0.011558	0.002064
0.5771	19.63	0.637709	0.066085	0.012999	0.002557
0.5771	20.00	0.637709	0.066065	0.013206	0.002640
0.5886	2.00	0.621964	0.056911	0.000000	0.000000
0.5886	2.37	0.621964	0.056911	0.000000	0.000000
0.5886	2.73	0.621964	0.056911	0.000000	0.000000
0.5886	3.10	0.621964	0.060976	0.000000	0.000000
0.5886	3.47	0.621964	0.052846	0.000000	0.000000
0.5886	3.84	0.621964	0.052846	0.000000	0.000000
0.5886	4.20	0.621964	0.052846	0.000000	0.000000
0.5886	4.57	0.621964	0.052846	0.000000	0.000000
0.5886	4.94	0.621964	0.052846	0.000000	0.000000
0.5886	5.31	0.621964	0.052846	0.000000	0.000000
0.5886	5.67	0.621964	0.052846	0.000000	0.000000
0.5886	6.04	0.621964	0.055285	0.003252	0.000191
0.5886	6.41	0.621964	0.054878	0.003105	0.000176
0.5886	6.78	0.621964	0.055556	0.004494	0.000364
0.5886	7.14	0.621964	0.056911	0.006298	0.000697
0.5886	7.51	0.621964	0.056098	0.004741	0.000401
0.5886	7.88	0.621964	0.056098	0.006504	0.000754
0.5886	8.24	0.621964	0.055168	0.005690	0.000587
0.5886	8.61	0.621964	0.055894	0.001760	0.000055
0.5886	8.98	0.621964	0.056911	0.002874	0.000145
0.5886	9.35	0.621964	0.056098	0.003042	0.000165
0.5886	9.71	0.621964	0.056911	0.002571	0.000116
0.5886	10.08	0.621964	0.055749	0.002845	0.000145
0.5886	10.45	0.621964	0.055894	0.004430	0.000351
0.5886	10.82	0.621964	0.054878	0.004065	0.000301
0.5886	11.18	0.621964	0.057588	0.004338	0.000327
0.5886	11.55	0.621964	0.052846	0.000000	0.000000
0.5886	11.92	0.621964	0.052846	0.000000	0.000000
0.5886	12.29	0.621964	0.056911	0.000000	0.000000
0.5886	12.65	0.621964	0.056911	0.004065	0.000290
0.5886	13.02	0.621964	0.056911	0.004065	0.000290
0.5886	13.39	0.621964	0.056911	0.004065	0.000290
0.5886	13.76	0.621964	0.058266	0.005070	0.000441
0.5886	14.12	0.621964	0.057927	0.004874	0.000410
0.5886	14.49	0.621964	0.056911	0.006871	0.000830
0.5886	14.86	0.621964	0.057362	0.005228	0.000477
0.5886	15.22	0.621964	0.058019	0.007166	0.000885
0.5886	15.59	0.621964	0.061601	0.008106	0.001067
0.5886	15.96	0.621964	0.060497	0.008352	0.001153
0.5886	16.33	0.621964	0.062331	0.008130	0.001060
0.5886	16.69	0.621964	0.058943	0.006098	0.000631
0.5886	17.06	0.621964	0.058508	0.005885	0.000592
0.5886	17.43	0.621964	0.060189	0.007332	0.000893
0.5886	17.80	0.621964	0.060213	0.007966	0.001054
0.5886	18.16	0.621964	0.061288	0.009131	0.001360
0.5886	18.53	0.621964	0.062016	0.009883	0.001575
0.5886	18.90	0.621964	0.062500	0.010048	0.001615
0.5886	19.27	0.621964	0.068968	0.014551	0.003070
0.5886	19.63	0.621964	0.069352	0.014062	0.002851
0.5886	20.00	0.621964	0.068838	0.015343	0.003420
0.6000	2.00	0.655847	0.000000	0.000000	0.000000
0.6000	2.37	0.655847	0.000000	0.000000	0.000000
0.6000	2.73	0.655847	0.000000	0.000000	0.000000
0.6000	3.10	0.655847	0.000000	0.000000	0.000000
0.6000	3.47	0.655847	0.000000	0.000000	0.000000
0.6000	3.84	0.655847	0.000000	0.000000	0.000000
0.6000	4.20	0.655847	0.000000	0.000000	0.000000
0.6000	4.57	0.655847	0.000000	0.000000	0.000000
0.6000	4.94	0.655847	0.000000	0.000000	0.000000
0.6000	5.31	0.655847	0.052023	0.000000	0.000000
0.6000	5.67	0.655847	0.052023	0.000000	0.000000
0.6000	6.04	0.655847	0.052023	0.000000	0.000000
0.6000	6.41	0.655847	0.052023	0.000000	0.000000
0.6000	6.78	0.655847	0.052023	0.000000	0.000000
0.6000	7.14	0.655847	0.052023	0.000000	0.000000
0.6000	7.51	0.655847	0.000000	0.000000	0.000000
0.6000	7.88	0.655847	0.000000	0.000000	0.000000
0.6000	8.24	0.655847	0.000000	0.000000	0.000000
0.6000	8.61	0.655847	0.054913	0.000000	0.000000
0.6000	8.98	0.655847	0.052023	0.000000	0.000000
0.6000	9.35	0.655847	0.000000	0.000000	0.000000
0.6000	9.71	0.655847	0.000000	0.000000	0.000000
0.6000	10.08	0.655847	0.000000	0.000000	0.000000
0.6000	10.45	0.655847	0.000000	0.000000	0.000000
0.6000	10.82	0.655847	0.000000	0.000000	0.000000
0.6000	11.18	0.655847	0.000000	0.000000	0.000000
0.6000	11.55	0.655847	0.054913	0.000000	0.000000
0.6000	11.92	0.655847	0.054913	0.002890	0.000152
0.6000	12.29	0.655847	0.056358	0.001445	0.000037
0.6000	12.65	0.655847	0.056358	0.001445	0.000037
0.6000	13.02	0.655847	0.055877	0.002725	0.000133
0.6000	13.39	0.655847	0.054913	0.002360	0.000101
0.6000	13.76	0.655847	0.053107	0.001399	0.000037
0.6000	14.12	0.655847	0.052746	0.001912	0.000069
0.6000	14.49	0.655847	0.052987	0.001927	0.000070
0.6000	14.86	0.655847	0.054913	0.003540	0.000228
0.6000	15.22	0.655847	0.056025	0.005261	0.000494
0.6000	15.59	0.655847	0.057984	0.006171	0.000657
0.6000	15.96	0.655847	0.062139	0.007509	0.000907
0.6000	16.33	0.655847	0.062139	0.008978	0.001297
0.6000	16.69	0.655847	0.060249	0.007676	0.000978
0.6000	17.06	0.655847	0.060694	0.008247	0.001121
0.6000	17.43	0.655847	0.059504	0.008980	0.001355
0.6000	17.80	0.655847	0.060694	0.010924	0.001966
0.6000	18.16	0.655847	0.060874	0.010318	0.001749
0.6000	18.53	0.655847	0.064066	0.012808	0.002561
0.6000	18.90	0.655847	0.062881	0.011372	0.002057
0.6000	19.27	0.655847	0.064992	0.014865	0.003400
0.6000	19.63	0.655847	0.066003	0.014815	0.003325
0.6000	20.00	0.655847	0.067982	0.016479	0.003995
