base_sigma	MAX_EXC_WEIGHT	Gini	mean_peaks_height	std_peaks_height	fano_factor
0.0400	2.00	0.933497	0.000000	0.000000	0.000000
0.0400	2.37	0.933497	0.000000	0.000000	0.000000
0.0400	2.73	0.933497	0.000000	0.000000	0.000000
0.0400	3.10	0.933497	0.000000	0.000000	0.000000
0.0400	3.47	0.933497	0.000000	0.000000	0.000000
0.0400	3.84	0.933497	0.000000	0.000000	0.000000
0.0400	4.20	0.933497	0.000000	0.000000	0.000000
0.0400	4.57	0.933497	0.000000	0.000000	0.000000
0.0400	4.94	0.933497	0.000000	0.000000	0.000000
0.0400	5.31	0.933497	0.000000	0.000000	0.000000
0.0400	5.67	0.933497	0.000000	0.000000	0.000000
0.0400	6.04	0.933497	0.000000	0.000000	0.000000
0.0400	6.41	0.933497	0.000000	0.000000	0.000000
0.0400	6.78	0.933497	0.000000	0.000000	0.000000
0.0400	7.14	0.933497	0.053903	0.001859	0.000064
0.0400	7.51	0.933497	0.070632	0.000000	0.000000
0.0400	7.88	0.933497	0.055762	0.004702	0.000397
0.0400	8.24	0.933497	0.060967	0.012268	0.002468
0.0400	8.61	0.933497	0.070346	0.028627	0.011650
0.0400	8.98	0.933497	0.079089	0.041892	0.022189
0.0400	9.35	0.933497	0.134944	0.169758	0.213553
0.0400	9.71	0.933497	0.174954	0.212351	0.257742
0.0400	10.08	0.933497	0.368631	0.334306	0.303178
0.0400	10.45	0.933497	0.591344	0.319155	0.172251
0.0400	10.82	0.933497	0.720350	0.254245	0.089735
0.0400	11.18	0.933497	0.753389	0.245317	0.079879
0.0400	11.55	0.933497	0.809665	0.176628	0.038531
0.0400	11.92	0.933497	0.868850	0.023945	0.000660
0.0400	12.29	0.933497	0.874031	0.021772	0.000542
0.0400	12.65	0.933497	0.858051	0.126409	0.018623
0.0400	13.02	0.933497	0.878563	0.016121	0.000296
0.0400	13.39	0.933497	0.872049	0.022257	0.000568
0.0400	13.76	0.933497	0.876981	0.017194	0.000337
0.0400	14.12	0.933497	0.877974	0.007253	0.000060
0.0400	14.49	0.933497	0.877752	0.008600	0.000084
0.0400	14.86	0.933497	0.876905	0.012270	0.000172
0.0400	15.22	0.933497	0.879740	0.005277	0.000032
0.0400	15.59	0.933497	0.881132	0.003434	0.000013
0.0400	15.96	0.933497	0.886980	0.003899	0.000017
0.0400	16.33	0.933497	0.886934	0.003177	0.000011
0.0400	16.69	0.933497	0.887206	0.002944	0.000010
0.0400	17.06	0.933497	0.881993	0.002758	0.000009
0.0400	17.43	0.933497	0.881404	0.003051	0.000011
0.0400	17.80	0.933497	0.887901	0.002853	0.000009
0.0400	18.16	0.933497	0.887369	0.002599	0.000008
0.0400	18.53	0.933497	0.885892	0.003599	0.000015
0.0400	18.90	0.933497	0.886307	0.003113	0.000011
0.0400	19.27	0.933497	0.886352	0.002856	0.000009
0.0400	19.63	0.933497	0.887148	0.003043	0.000010
0.0400	20.00	0.933497	0.891468	0.002928	0.000010
0.0514	2.00	0.911685	0.000000	0.000000	0.000000
0.0514	2.37	0.911685	0.000000	0.000000	0.000000
0.0514	2.73	0.911685	0.000000	0.000000	0.000000
0.0514	3.10	0.911685	0.000000	0.000000	0.000000
0.0514	3.47	0.911685	0.000000	0.000000	0.000000
0.0514	3.84	0.911685	0.000000	0.000000	0.000000
0.0514	4.20	0.911685	0.000000	0.000000	0.000000
0.0514	4.57	0.911685	0.000000	0.000000	0.000000
0.0514	4.94	0.911685	0.000000	0.000000	0.000000
0.0514	5.31	0.911685	0.000000	0.000000	0.000000
0.0514	5.67	0.911685	0.000000	0.000000	0.000000
0.0514	6.04	0.911685	0.050373	0.000000	0.000000
0.0514	6.41	0.911685	0.000000	0.000000	0.000000
0.0514	6.78	0.911685	0.000000	0.000000	0.000000
0.0514	7.14	0.911685	0.000000	0.000000	0.000000
0.0514	7.51	0.911685	0.054104	0.000000	0.000000
0.0514	7.88	0.911685	0.056903	0.000933	0.000015
0.0514	8.24	0.911685	0.055348	0.003834	0.000266
0.0514	8.61	0.911685	0.061800	0.009714	0.001527
0.0514	8.98	0.911685	0.068408	0.012592	0.002318
0.0514	9.35	0.911685	0.074378	0.023647	0.007518
0.0514	9.71	0.911685	0.077790	0.031668	0.012892
0.0514	10.08	0.911685	0.114272	0.075050	0.049290
0.0514	10.45	0.911685	0.135891	0.093332	0.064102
0.0514	10.82	0.911685	0.168022	0.111129	0.073499
0.0514	11.18	0.911685	0.248838	0.158216	0.100597
0.0514	11.55	0.911685	0.327542	0.185613	0.105184
0.0514	11.92	0.911685	0.518487	0.187671	0.067929
0.0514	12.29	0.911685	0.456557	0.214055	0.100359
0.0514	12.65	0.911685	0.603498	0.198090	0.065020
0.0514	13.02	0.911685	0.652052	0.193485	0.057414
0.0514	13.39	0.911685	0.793263	0.048053	0.002911
0.0514	13.76	0.911685	0.830420	0.020324	0.000497
0.0514	14.12	0.911685	0.845247	0.020406	0.000493
0.0514	14.49	0.911685	0.831228	0.042255	0.002148
0.0514	14.86	0.911685	0.843921	0.034274	0.001392
0.0514	15.22	0.911685	0.858254	0.015081	0.000265
0.0514	15.59	0.911685	0.855677	0.029145	0.000993
0.0514	15.96	0.911685	0.863628	0.021946	0.000558
0.0514	16.33	0.911685	0.869447	0.019059	0.000418
0.0514	16.69	0.911685	0.872588	0.004810	0.000027
0.0514	17.06	0.911685	0.875455	0.004603	0.000024
0.0514	17.43	0.911685	0.871919	0.004061	0.000019
0.0514	17.80	0.911685	0.875044	0.004911	0.000028
0.0514	18.16	0.911685	0.876692	0.004060	0.000019
0.0514	18.53	0.911685	0.879339	0.004421	0.000022
0.0514	18.90	0.911685	0.881118	0.004395	0.000022
0.0514	19.27	0.911685	0.887339	0.005220	0.000031
0.0514	19.63	0.911685	0.888314	0.004930	0.000027
0.0514	20.00	0.911685	0.889586	0.004380	0.000022
0.0629	2.00	0.901902	0.000000	0.000000	0.000000
0.0629	2.37	0.901902	0.000000	0.000000	0.000000
0.0629	2.73	0.901902	0.000000	0.000000	0.000000
0.0629	3.10	0.901902	0.000000	0.000000	0.000000
0.0629	3.47	0.901902	0.000000	0.000000	0.000000
0.0629	3.84	0.901902	0.000000	0.000000	0.000000
0.0629	4.20	0.901902	0.000000	0.000000	0.000000
0.0629	4.57	0.901902	0.000000	0.000000	0.000000
0.0629	4.94	0.901902	0.000000	0.000000	0.000000
0.0629	5.31	0.901902	0.000000	0.000000	0.000000
0.0629	5.67	0.901902	0.000000	0.000000	0.000000
0.0629	6.04	0.901902	0.000000	0.000000	0.000000
0.0629	6.41	0.901902	0.000000	0.000000	0.000000
0.0629	6.78	0.901902	0.000000	0.000000	0.000000
0.0629	7.14	0.901902	0.050752	0.000000	0.000000
0.0629	7.51	0.901902	0.057331	0.006579	0.000755
0.0629	7.88	0.901902	0.061560	0.018720	0.005693
0.0629	8.24	0.901902	0.064662	0.020714	0.006636
0.0629	8.61	0.901902	0.066729	0.016088	0.003879
0.0629	8.98	0.901902	0.086560	0.054034	0.033730
0.0629	9.35	0.901902	0.101382	0.054012	0.028775
0.0629	9.71	0.901902	0.203634	0.148551	0.108368
0.0629	10.08	0.901902	0.384801	0.205456	0.109699
0.0629	10.45	0.901902	0.389911	0.207778	0.110723
0.0629	10.82	0.901902	0.584064	0.241072	0.099502
0.0629	11.18	0.901902	0.680064	0.138844	0.028347
0.0629	11.55	0.901902	0.794228	0.034153	0.001469
0.0629	11.92	0.901902	0.809752	0.018393	0.000418
0.0629	12.29	0.901902	0.816103	0.014995	0.000276
0.0629	12.65	0.901902	0.832331	0.008676	0.000090
0.0629	13.02	0.901902	0.834942	0.011569	0.000160
0.0629	13.39	0.901902	0.840480	0.012112	0.000175
0.0629	13.76	0.901902	0.847942	0.008665	0.000089
0.0629	14.12	0.901902	0.853046	0.007371	0.000064
0.0629	14.49	0.901902	0.853289	0.006854	0.000055
0.0629	14.86	0.901902	0.852726	0.005359	0.000034
0.0629	15.22	0.901902	0.855733	0.006273	0.000046
0.0629	15.59	0.901902	0.853102	0.005725	0.000038
0.0629	15.96	0.901902	0.855874	0.006490	0.000049
0.0629	16.33	0.901902	0.857005	0.006191	0.000045
0.0629	16.69	0.901902	0.857097	0.004284	0.000021
0.0629	17.06	0.901902	0.860581	0.004411	0.000023
0.0629	17.43	0.901902	0.869048	0.003638	0.000015
0.0629	17.80	0.901902	0.869540	0.004438	0.000023
0.0629	18.16	0.901902	0.866855	0.005347	0.000033
0.0629	18.53	0.901902	0.869182	0.004767	0.000026
0.0629	18.90	0.901902	0.866273	0.005165	0.000031
0.0629	19.27	0.901902	0.866804	0.004789	0.000026
0.0629	19.63	0.901902	0.868596	0.003842	0.000017
0.0629	20.00	0.901902	0.869316	0.003875	0.000017
0.0743	2.00	0.876210	0.000000	0.000000	0.000000
0.0743	2.37	0.876210	0.000000	0.000000	0.000000
0.0743	2.73	0.876210	0.000000	0.000000	0.000000
0.0743	3.10	0.876210	0.000000	0.000000	0.000000
0.0743	3.47	0.876210	0.000000	0.000000	0.000000
0.0743	3.84	0.876210	0.000000	0.000000	0.000000
0.0743	4.20	0.876210	0.000000	0.000000	0.000000
0.0743	4.57	0.876210	0.000000	0.000000	0.000000
0.0743	4.94	0.876210	0.000000	0.000000	0.000000
0.0743	5.31	0.876210	0.000000	0.000000	0.000000
0.0743	5.67	0.876210	0.000000	0.000000	0.000000
0.0743	6.04	0.876210	0.000000	0.000000	0.000000
0.0743	6.41	0.876210	0.000000	0.000000	0.000000
0.0743	6.78	0.876210	0.000000	0.000000	0.000000
0.0743	7.14	0.876210	0.000000	0.000000	0.000000
0.0743	7.51	0.876210	0.000000	0.000000	0.000000
0.0743	7.88	0.876210	0.000000	0.000000	0.000000
0.0743	8.24	0.876210	0.000000	0.000000	0.000000
0.0743	8.61	0.876210	0.052239	0.001523	0.000044
0.0743	8.98	0.876210	0.071162	0.017428	0.004268
0.0743	9.35	0.876210	0.060738	0.009558	0.001504
0.0743	9.71	0.876210	0.071065	0.025845	0.009399
0.0743	10.08	0.876210	0.072406	0.032497	0.014585
0.0743	10.45	0.876210	0.076493	0.035091	0.016098
0.0743	10.82	0.876210	0.092477	0.040234	0.017504
0.0743	11.18	0.876210	0.101598	0.049932	0.024540
0.0743	11.55	0.876210	0.116686	0.071816	0.044200
0.0743	11.92	0.876210	0.193829	0.107578	0.059707
0.0743	12.29	0.876210	0.239846	0.123401	0.063490
0.0743	12.65	0.876210	0.285507	0.127651	0.057074
0.0743	13.02	0.876210	0.343626	0.158554	0.073160
0.0743	13.39	0.876210	0.479258	0.176196	0.064778
0.0743	13.76	0.876210	0.583002	0.184922	0.058655
0.0743	14.12	0.876210	0.680926	0.152159	0.034001
0.0743	14.49	0.876210	0.702203	0.147731	0.031080
0.0743	14.86	0.876210	0.724236	0.141722	0.027733
0.0743	15.22	0.876210	0.794458	0.078659	0.007788
0.0743	15.59	0.876210	0.843994	0.056575	0.003792
0.0743	15.96	0.876210	0.862635	0.026067	0.000788
0.0743	16.33	0.876210	0.876866	0.014679	0.000246
0.0743	16.69	0.876210	0.879729	0.015807	0.000284
0.0743	17.06	0.876210	0.885972	0.013048	0.000192
0.0743	17.43	0.876210	0.890307	0.011635	0.000152
0.0743	17.80	0.876210	0.891459	0.009335	0.000098
0.0743	18.16	0.876210	0.897430	0.006143	0.000042
0.0743	18.53	0.876210	0.896766	0.008003	0.000071
0.0743	18.90	0.876210	0.898448	0.006997	0.000054
0.0743	19.27	0.876210	0.900456	0.005715	0.000036
0.0743	19.63	0.876210	0.904022	0.005707	0.000036
0.0743	20.00	0.876210	0.905141	0.004344	0.000021
0.0857	2.00	0.843354	0.000000	0.000000	0.000000
0.0857	2.37	0.843354	0.000000	0.000000	0.000000
0.0857	2.73	0.843354	0.000000	0.000000	0.000000
0.0857	3.10	0.843354	0.000000	0.000000	0.000000
0.0857	3.47	0.843354	0.000000	0.000000	0.000000
0.0857	3.84	0.843354	0.000000	0.000000	0.000000
0.0857	4.20	0.843354	0.000000	0.000000	0.000000
0.0857	4.57	0.843354	0.000000	0.000000	0.000000
0.0857	4.94	0.843354	0.000000	0.000000	0.000000
0.0857	5.31	0.843354	0.000000	0.000000	0.000000
0.0857	5.67	0.843354	0.000000	0.000000	0.000000
0.0857	6.04	0.843354	0.000000	0.000000	0.000000
0.0857	6.41	0.843354	0.000000	0.000000	0.000000
0.0857	6.78	0.843354	0.000000	0.000000	0.000000
0.0857	7.14	0.843354	0.000000	0.000000	0.000000
0.0857	7.51	0.843354	0.000000	0.000000	0.000000
0.0857	7.88	0.843354	0.053605	0.002068	0.000080
0.0857	8.24	0.843354	0.055028	0.002324	0.000098
0.0857	8.61	0.843354	0.063567	0.014189	0.003167
0.0857	8.98	0.843354	0.060721	0.014501	0.003463
0.0857	9.35	0.843354	0.082859	0.047104	0.026778
0.0857	9.71	0.843354	0.070525	0.019240	0.005249
0.0857	10.08	0.843354	0.107021	0.074551	0.051932
0.0857	10.45	0.843354	0.220936	0.137958	0.086144
0.0857	10.82	0.843354	0.298130	0.160125	0.086003
0.0857	11.18	0.843354	0.310170	0.198046	0.126454
0.0857	11.55	0.843354	0.407461	0.265024	0.172380
0.0857	11.92	0.843354	0.544731	0.248546	0.113405
0.0857	12.29	0.843354	0.502449	0.285166	0.161847
0.0857	12.65	0.843354	0.646596	0.241183	0.089962
0.0857	13.02	0.843354	0.687345	0.218940	0.069739
0.0857	13.39	0.843354	0.777424	0.124424	0.019914
0.0857	13.76	0.843354	0.745731	0.174228	0.040706
0.0857	14.12	0.843354	0.778416	0.176395	0.039973
0.0857	14.49	0.843354	0.779796	0.179752	0.041435
0.0857	14.86	0.843354	0.820382	0.125075	0.019069
0.0857	15.22	0.843354	0.852085	0.040979	0.001971
0.0857	15.59	0.843354	0.874578	0.029923	0.001024
0.0857	15.96	0.843354	0.876254	0.031200	0.001111
0.0857	16.33	0.843354	0.891389	0.012592	0.000178
0.0857	16.69	0.843354	0.892970	0.013790	0.000213
0.0857	17.06	0.843354	0.897352	0.012592	0.000177
0.0857	17.43	0.843354	0.899215	0.007137	0.000057
0.0857	17.80	0.843354	0.899726	0.007839	0.000068
0.0857	18.16	0.843354	0.894202	0.121339	0.016465
0.0857	18.53	0.843354	0.912972	0.007725	0.000065
0.0857	18.90	0.843354	0.913102	0.007488	0.000061
0.0857	19.27	0.843354	0.917544	0.006101	0.000041
0.0857	19.63	0.843354	0.918490	0.005685	0.000035
0.0857	20.00	0.843354	0.915517	0.003974	0.000017
0.0971	2.00	0.818967	0.000000	0.000000	0.000000
0.0971	2.37	0.818967	0.000000	0.000000	0.000000
0.0971	2.73	0.818967	0.000000	0.000000	0.000000
0.0971	3.10	0.818967	0.000000	0.000000	0.000000
0.0971	3.47	0.818967	0.000000	0.000000	0.000000
0.0971	3.84	0.818967	0.000000	0.000000	0.000000
0.0971	4.20	0.818967	0.000000	0.000000	0.000000
0.0971	4.57	0.818967	0.000000	0.000000	0.000000
0.0971	4.94	0.818967	0.000000	0.000000	0.000000
0.0971	5.31	0.818967	0.000000	0.000000	0.000000
0.0971	5.67	0.818967	0.000000	0.000000	0.000000
0.0971	6.04	0.818967	0.000000	0.000000	0.000000
0.0971	6.41	0.818967	0.000000	0.000000	0.000000
0.0971	6.78	0.818967	0.000000	0.000000	0.000000
0.0971	7.14	0.818967	0.000000	0.000000	0.000000
0.0971	7.51	0.818967	0.000000	0.000000	0.000000
0.0971	7.88	0.818967	0.052124	0.000000	0.000000
0.0971	8.24	0.818967	0.054054	0.001931	0.000069
0.0971	8.61	0.818967	0.081357	0.047618	0.027870
0.0971	8.98	0.818967	0.102317	0.059163	0.034210
0.0971	9.35	0.818967	0.147245	0.083494	0.047345
0.0971	9.71	0.818967	0.183249	0.125359	0.085757
0.0971	10.08	0.818967	0.253999	0.157649	0.097848
0.0971	10.45	0.818967	0.353833	0.156640	0.069344
0.0971	10.82	0.818967	0.349478	0.186264	0.099275
0.0971	11.18	0.818967	0.364920	0.209530	0.120308
0.0971	11.55	0.818967	0.374413	0.180204	0.086732
0.0971	11.92	0.818967	0.463910	0.143409	0.044332
0.0971	12.29	0.818967	0.492684	0.148348	0.044668
0.0971	12.65	0.818967	0.495297	0.171898	0.059659
0.0971	13.02	0.818967	0.517240	0.245035	0.116082
0.0971	13.39	0.818967	0.598151	0.183173	0.056093
0.0971	13.76	0.818967	0.615632	0.181215	0.053342
0.0971	14.12	0.818967	0.671369	0.107776	0.017301
0.0971	14.49	0.818967	0.633894	0.205848	0.066846
0.0971	14.86	0.818967	0.650265	0.210817	0.068347
0.0971	15.22	0.818967	0.709671	0.146282	0.030153
0.0971	15.59	0.818967	0.734309	0.150162	0.030707
0.0971	15.96	0.818967	0.726498	0.175785	0.042533
0.0971	16.33	0.818967	0.788363	0.055453	0.003901
0.0971	16.69	0.818967	0.804077	0.043960	0.002403
0.0971	17.06	0.818967	0.816076	0.031752	0.001235
0.0971	17.43	0.818967	0.787351	0.050515	0.003241
0.0971	17.80	0.818967	0.787519	0.119386	0.018099
0.0971	18.16	0.818967	0.813245	0.046556	0.002665
0.0971	18.53	0.818967	0.821819	0.034838	0.001477
0.0971	18.90	0.818967	0.833505	0.097895	0.011498
0.0971	19.27	0.818967	0.833689	0.013416	0.000216
0.0971	19.63	0.818967	0.838536	0.021070	0.000529
0.0971	20.00	0.818967	0.839125	0.028412	0.000962
0.1086	2.00	0.816670	0.000000	0.000000	0.000000
0.1086	2.37	0.816670	0.000000	0.000000	0.000000
0.1086	2.73	0.816670	0.000000	0.000000	0.000000
0.1086	3.10	0.816670	0.000000	0.000000	0.000000
0.1086	3.47	0.816670	0.000000	0.000000	0.000000
0.1086	3.84	0.816670	0.000000	0.000000	0.000000
0.1086	4.20	0.816670	0.000000	0.000000	0.000000
0.1086	4.57	0.816670	0.000000	0.000000	0.000000
0.1086	4.94	0.816670	0.000000	0.000000	0.000000
0.1086	5.31	0.816670	0.000000	0.000000	0.000000
0.1086	5.67	0.816670	0.000000	0.000000	0.000000
0.1086	6.04	0.816670	0.000000	0.000000	0.000000
0.1086	6.41	0.816670	0.000000	0.000000	0.000000
0.1086	6.78	0.816670	0.000000	0.000000	0.000000
0.1086	7.14	0.816670	0.000000	0.000000	0.000000
0.1086	7.51	0.816670	0.000000	0.000000	0.000000
0.1086	7.88	0.816670	0.000000	0.000000	0.000000
0.1086	8.24	0.816670	0.053333	0.000000	0.000000
0.1086	8.61	0.816670	0.055619	0.002527	0.000115
0.1086	8.98	0.816670	0.056508	0.005350	0.000507
0.1086	9.35	0.816670	0.071429	0.022423	0.007039
0.1086	9.71	0.816670	0.057270	0.008005	0.001119
0.1086	10.08	0.816670	0.091293	0.051280	0.028804
0.1086	10.45	0.816670	0.103651	0.073902	0.052691
0.1086	10.82	0.816670	0.140338	0.107081	0.081705
0.1086	11.18	0.816670	0.222135	0.159841	0.115016
0.1086	11.55	0.816670	0.318662	0.230649	0.166944
0.1086	11.92	0.816670	0.442963	0.255672	0.147570
0.1086	12.29	0.816670	0.623866	0.168074	0.045281
0.1086	12.65	0.816670	0.679881	0.045240	0.003010
0.1086	13.02	0.816670	0.564506	0.250859	0.111478
0.1086	13.39	0.816670	0.710940	0.113883	0.018243
0.1086	13.76	0.816670	0.718145	0.157564	0.034570
0.1086	14.12	0.816670	0.764376	0.114748	0.017226
0.1086	14.49	0.816670	0.766266	0.117773	0.018101
0.1086	14.86	0.816670	0.743619	0.186524	0.046786
0.1086	15.22	0.816670	0.784576	0.113882	0.016530
0.1086	15.59	0.816670	0.813107	0.018917	0.000440
0.1086	15.96	0.816670	0.797209	0.116517	0.017030
0.1086	16.33	0.816670	0.777989	0.188334	0.045592
0.1086	16.69	0.816670	0.814352	0.115178	0.016290
0.1086	17.06	0.816670	0.801354	0.157057	0.030782
0.1086	17.43	0.816670	0.856000	0.017766	0.000369
0.1086	17.80	0.816670	0.865249	0.013101	0.000198
0.1086	18.16	0.816670	0.877298	0.012132	0.000168
0.1086	18.53	0.816670	0.876320	0.016513	0.000311
0.1086	18.90	0.816670	0.879567	0.014043	0.000224
0.1086	19.27	0.816670	0.886334	0.012680	0.000181
0.1086	19.63	0.816670	0.887826	0.016300	0.000299
0.1086	20.00	0.816670	0.884589	0.008002	0.000072
0.1200	2.00	0.764562	0.000000	0.000000	0.000000
0.1200	2.37	0.764562	0.000000	0.000000	0.000000
0.1200	2.73	0.764562	0.000000	0.000000	0.000000
0.1200	3.10	0.764562	0.000000	0.000000	0.000000
0.1200	3.47	0.764562	0.000000	0.000000	0.000000
0.1200	3.84	0.764562	0.000000	0.000000	0.000000
0.1200	4.20	0.764562	0.000000	0.000000	0.000000
0.1200	4.57	0.764562	0.000000	0.000000	0.000000
0.1200	4.94	0.764562	0.000000	0.000000	0.000000
0.1200	5.31	0.764562	0.000000	0.000000	0.000000
0.1200	5.67	0.764562	0.000000	0.000000	0.000000
0.1200	6.04	0.764562	0.000000	0.000000	0.000000
0.1200	6.41	0.764562	0.000000	0.000000	0.000000
0.1200	6.78	0.764562	0.000000	0.000000	0.000000
0.1200	7.14	0.764562	0.000000	0.000000	0.000000
0.1200	7.51	0.764562	0.000000	0.000000	0.000000
0.1200	7.88	0.764562	0.000000	0.000000	0.000000
0.1200	8.24	0.764562	0.000000	0.000000	0.000000
0.1200	8.61	0.764562	0.000000	0.000000	0.000000
0.1200	8.98	0.764562	0.000000	0.000000	0.000000
0.1200	9.35	0.764562	0.000000	0.000000	0.000000
0.1200	9.71	0.764562	0.052083	0.001640	0.000052
0.1200	10.08	0.764562	0.058712	0.008540	0.001242
0.1200	10.45	0.764562	0.058502	0.010618	0.001927
0.1200	10.82	0.764562	0.060795	0.008447	0.001174
0.1200	11.18	0.764562	0.059269	0.008854	0.001323
0.1200	11.55	0.764562	0.067384	0.026335	0.010292
0.1200	11.92	0.764562	0.072058	0.026970	0.010095
0.1200	12.29	0.764562	0.079848	0.038140	0.018218
0.1200	12.65	0.764562	0.086938	0.040523	0.018888
0.1200	13.02	0.764562	0.101274	0.064080	0.040546
0.1200	13.39	0.764562	0.127285	0.088456	0.061472
0.1200	13.76	0.764562	0.142884	0.101443	0.072021
0.1200	14.12	0.764562	0.201113	0.129049	0.082808
0.1200	14.49	0.764562	0.148569	0.078041	0.040994
0.1200	14.86	0.764562	0.190446	0.112619	0.066597
0.1200	15.22	0.764562	0.260020	0.128819	0.063820
0.1200	15.59	0.764562	0.310296	0.140197	0.063344
0.1200	15.96	0.764562	0.639807	0.114930	0.020645
0.1200	16.33	0.764562	0.658391	0.177292	0.047741
0.1200	16.69	0.764562	0.738034	0.069137	0.006477
0.1200	17.06	0.764562	0.740109	0.118199	0.018877
0.1200	17.43	0.764562	0.764031	0.152781	0.030551
0.1200	17.80	0.764562	0.785824	0.103021	0.013506
0.1200	18.16	0.764562	0.832326	0.039791	0.001902
0.1200	18.53	0.764562	0.839499	0.042541	0.002156
0.1200	18.90	0.764562	0.842842	0.114788	0.015633
0.1200	19.27	0.764562	0.858112	0.115286	0.015489
0.1200	19.63	0.764562	0.881125	0.020626	0.000483
0.1200	20.00	0.764562	0.886364	0.021379	0.000516
0.1314	2.00	0.762318	0.000000	0.000000	0.000000
0.1314	2.37	0.762318	0.000000	0.000000	0.000000
0.1314	2.73	0.762318	0.000000	0.000000	0.000000
0.1314	3.10	0.762318	0.000000	0.000000	0.000000
0.1314	3.47	0.762318	0.000000	0.000000	0.000000
0.1314	3.84	0.762318	0.000000	0.000000	0.000000
0.1314	4.20	0.762318	0.000000	0.000000	0.000000
0.1314	4.57	0.762318	0.000000	0.000000	0.000000
0.1314	4.94	0.762318	0.000000	0.000000	0.000000
0.1314	5.31	0.762318	0.000000	0.000000	0.000000
0.1314	5.67	0.762318	0.000000	0.000000	0.000000
0.1314	6.04	0.762318	0.000000	0.000000	0.000000
0.1314	6.41	0.762318	0.000000	0.000000	0.000000
0.1314	6.78	0.762318	0.000000	0.000000	0.000000
0.1314	7.14	0.762318	0.000000	0.000000	0.000000
0.1314	7.51	0.762318	0.000000	0.000000	0.000000
0.1314	7.88	0.762318	0.068702	0.000000	0.000000
0.1314	8.24	0.762318	0.066794	0.000000	0.000000
0.1314	8.61	0.762318	0.062977	0.009542	0.001446
0.1314	8.98	0.762318	0.068702	0.011450	0.001908
0.1314	9.35	0.762318	0.057252	0.004003	0.000280
0.1314	9.71	0.762318	0.072519	0.038147	0.020066
0.1314	10.08	0.762318	0.069656	0.021101	0.006392
0.1314	10.45	0.762318	0.085429	0.060655	0.043066
0.1314	10.82	0.762318	0.098402	0.059620	0.036123
0.1314	11.18	0.762318	0.142414	0.103239	0.074839
0.1314	11.55	0.762318	0.179548	0.132517	0.097805
0.1314	11.92	0.762318	0.278769	0.170470	0.104244
0.1314	12.29	0.762318	0.356727	0.223720	0.140305
0.1314	12.65	0.762318	0.363201	0.226862	0.141703
0.1314	13.02	0.762318	0.486641	0.197279	0.079975
0.1314	13.39	0.762318	0.468363	0.233448	0.116359
0.1314	13.76	0.762318	0.572845	0.204553	0.073043
0.1314	14.12	0.762318	0.588230	0.203392	0.070327
0.1314	14.49	0.762318	0.585836	0.229846	0.090177
0.1314	14.86	0.762318	0.626727	0.177226	0.050116
0.1314	15.22	0.762318	0.614292	0.206731	0.069572
0.1314	15.59	0.762318	0.653087	0.181125	0.050232
0.1314	15.96	0.762318	0.710923	0.148979	0.031219
0.1314	16.33	0.762318	0.694332	0.192283	0.053249
0.1314	16.69	0.762318	0.734309	0.150674	0.030917
0.1314	17.06	0.762318	0.632068	0.209120	0.069187
0.1314	17.43	0.762318	0.702980	0.166765	0.039561
0.1314	17.80	0.762318	0.761694	0.138160	0.025060
0.1314	18.16	0.762318	0.770019	0.148274	0.028552
0.1314	18.53	0.762318	0.761634	0.149003	0.029150
0.1314	18.90	0.762318	0.781679	0.147446	0.027812
0.1314	19.27	0.762318	0.863748	0.117129	0.015883
0.1314	19.63	0.762318	0.880258	0.021423	0.000521
0.1314	20.00	0.762318	0.887197	0.015361	0.000266
0.1429	2.00	0.752511	0.000000	0.000000	0.000000
0.1429	2.37	0.752511	0.000000	0.000000	0.000000
0.1429	2.73	0.752511	0.000000	0.000000	0.000000
0.1429	3.10	0.752511	0.000000	0.000000	0.000000
0.1429	3.47	0.752511	0.000000	0.000000	0.000000
0.1429	3.84	0.752511	0.000000	0.000000	0.000000
0.1429	4.20	0.752511	0.000000	0.000000	0.000000
0.1429	4.57	0.752511	0.000000	0.000000	0.000000
0.1429	4.94	0.752511	0.000000	0.000000	0.000000
0.1429	5.31	0.752511	0.000000	0.000000	0.000000
0.1429	5.67	0.752511	0.000000	0.000000	0.000000
0.1429	6.04	0.752511	0.000000	0.000000	0.000000
0.1429	6.41	0.752511	0.000000	0.000000	0.000000
0.1429	6.78	0.752511	0.000000	0.000000	0.000000
0.1429	7.14	0.752511	0.000000	0.000000	0.000000
0.1429	7.51	0.752511	0.000000	0.000000	0.000000
0.1429	7.88	0.752511	0.000000	0.000000	0.000000
0.1429	8.24	0.752511	0.000000	0.000000	0.000000
0.1429	8.61	0.752511	0.050000	0.000000	0.000000
0.1429	8.98	0.752511	0.000000	0.000000	0.000000
0.1429	9.35	0.752511	0.055769	0.000000	0.000000
0.1429	9.71	0.752511	0.056731	0.004808	0.000407
0.1429	10.08	0.752511	0.062179	0.011323	0.002062
0.1429	10.45	0.752511	0.067548	0.011231	0.001867
0.1429	10.82	0.752511	0.071308	0.038653	0.020952
0.1429	11.18	0.752511	0.078147	0.039686	0.020154
0.1429	11.55	0.752511	0.082212	0.051404	0.032141
0.1429	11.92	0.752511	0.112890	0.076926	0.052419
0.1429	12.29	0.752511	0.137289	0.094053	0.064433
0.1429	12.65	0.752511	0.198339	0.133018	0.089210
0.1429	13.02	0.752511	0.256368	0.162519	0.103026
0.1429	13.39	0.752511	0.348776	0.175730	0.088541
0.1429	13.76	0.752511	0.261192	0.141938	0.077132
0.1429	14.12	0.752511	0.300962	0.175176	0.101962
0.1429	14.49	0.752511	0.384393	0.194064	0.097975
0.1429	14.86	0.752511	0.488889	0.163172	0.054461
0.1429	15.22	0.752511	0.539975	0.202887	0.076231
0.1429	15.59	0.752511	0.561622	0.193322	0.066545
0.1429	15.96	0.752511	0.659481	0.106321	0.017141
0.1429	16.33	0.752511	0.634095	0.178985	0.050522
0.1429	16.69	0.752511	0.673813	0.170463	0.043124
0.1429	17.06	0.752511	0.711838	0.110844	0.017260
0.1429	17.43	0.752511	0.699666	0.166759	0.039746
0.1429	17.80	0.752511	0.721715	0.166060	0.038209
0.1429	18.16	0.752511	0.744898	0.138840	0.025878
0.1429	18.53	0.752511	0.771234	0.139767	0.025329
0.1429	18.90	0.752511	0.801227	0.105521	0.013897
0.1429	19.27	0.752511	0.813838	0.102349	0.012871
0.1429	19.63	0.752511	0.816612	0.117813	0.016997
0.1429	20.00	0.752511	0.837500	0.031130	0.001157
0.1543	2.00	0.754115	0.000000	0.000000	0.000000
0.1543	2.37	0.754115	0.000000	0.000000	0.000000
0.1543	2.73	0.754115	0.000000	0.000000	0.000000
0.1543	3.10	0.754115	0.000000	0.000000	0.000000
0.1543	3.47	0.754115	0.000000	0.000000	0.000000
0.1543	3.84	0.754115	0.000000	0.000000	0.000000
0.1543	4.20	0.754115	0.000000	0.000000	0.000000
0.1543	4.57	0.754115	0.000000	0.000000	0.000000
0.1543	4.94	0.754115	0.000000	0.000000	0.000000
0.1543	5.31	0.754115	0.000000	0.000000	0.000000
0.1543	5.67	0.754115	0.000000	0.000000	0.000000
0.1543	6.04	0.754115	0.000000	0.000000	0.000000
0.1543	6.41	0.754115	0.000000	0.000000	0.000000
0.1543	6.78	0.754115	0.000000	0.000000	0.000000
0.1543	7.14	0.754115	0.000000	0.000000	0.000000
0.1543	7.51	0.754115	0.054475	0.000000	0.000000
0.1543	7.88	0.754115	0.054475	0.003177	0.000185
0.1543	8.24	0.754115	0.000000	0.000000	0.000000
0.1543	8.61	0.754115	0.054475	0.000000	0.000000
0.1543	8.98	0.754115	0.053502	0.002918	0.000159
0.1543	9.35	0.754115	0.052529	0.001946	0.000072
0.1543	9.71	0.754115	0.000000	0.000000	0.000000
0.1543	10.08	0.754115	0.054475	0.000000	0.000000
0.1543	10.45	0.754115	0.055642	0.008217	0.001214
0.1543	10.82	0.754115	0.065905	0.016578	0.004170
0.1543	11.18	0.754115	0.069431	0.018733	0.005054
0.1543	11.55	0.754115	0.067329	0.020327	0.006137
0.1543	11.92	0.754115	0.073812	0.026697	0.009656
0.1543	12.29	0.754115	0.081270	0.031941	0.012554
0.1543	12.65	0.754115	0.077722	0.029310	0.011053
0.1543	13.02	0.754115	0.084380	0.036792	0.016042
0.1543	13.39	0.754115	0.092256	0.043323	0.020345
0.1543	13.76	0.754115	0.120294	0.066535	0.036801
0.1543	14.12	0.754115	0.189800	0.115790	0.070639
0.1543	14.49	0.754115	0.213858	0.117005	0.064015
0.1543	14.86	0.754115	0.262520	0.146444	0.081692
0.1543	15.22	0.754115	0.351564	0.150585	0.064500
0.1543	15.59	0.754115	0.418359	0.179381	0.076914
0.1543	15.96	0.754115	0.452105	0.193749	0.083031
0.1543	16.33	0.754115	0.564355	0.167240	0.049560
0.1543	16.69	0.754115	0.634484	0.145385	0.033313
0.1543	17.06	0.754115	0.677846	0.148979	0.032743
0.1543	17.43	0.754115	0.774496	0.039509	0.002015
0.1543	17.80	0.754115	0.790264	0.049639	0.003118
0.1543	18.16	0.754115	0.814761	0.026402	0.000856
0.1543	18.53	0.754115	0.820556	0.039043	0.001858
0.1543	18.90	0.754115	0.828996	0.037102	0.001660
0.1543	19.27	0.754115	0.821214	0.045037	0.002470
0.1543	19.63	0.754115	0.827761	0.105080	0.013339
0.1543	20.00	0.754115	0.850357	0.029126	0.000998
0.1657	2.00	0.766541	0.000000	0.000000	0.000000
0.1657	2.37	0.766541	0.000000	0.000000	0.000000
0.1657	2.73	0.766541	0.000000	0.000000	0.000000
0.1657	3.10	0.766541	0.000000	0.000000	0.000000
0.1657	3.47	0.766541	0.000000	0.000000	0.000000
0.1657	3.84	0.766541	0.000000	0.000000	0.000000
0.1657	4.20	0.766541	0.000000	0.000000	0.000000
0.1657	4.57	0.766541	0.000000	0.000000	0.000000
0.1657	4.94	0.766541	0.000000	0.000000	0.000000
0.1657	5.31	0.766541	0.000000	0.000000	0.000000
0.1657	5.67	0.766541	0.000000	0.000000	0.000000
0.1657	6.04	0.766541	0.000000	0.000000	0.000000
0.1657	6.41	0.766541	0.000000	0.000000	0.000000
0.1657	6.78	0.766541	0.000000	0.000000	0.000000
0.1657	7.14	0.766541	0.000000	0.000000	0.000000
0.1657	7.51	0.766541	0.000000	0.000000	0.000000
0.1657	7.88	0.766541	0.000000	0.000000	0.000000
0.1657	8.24	0.766541	0.053640	0.000000	0.000000
0.1657	8.61	0.766541	0.054598	0.002874	0.000151
0.1657	8.98	0.766541	0.059387	0.005640	0.000536
0.1657	9.35	0.766541	0.059387	0.000000	0.000000
0.1657	9.71	0.766541	0.068966	0.000000	0.000000
0.1657	10.08	0.766541	0.077586	0.004789	0.000296
0.1657	10.45	0.766541	0.074234	0.008500	0.000973
0.1657	10.82	0.766541	0.064039	0.012577	0.002470
0.1657	11.18	0.766541	0.067655	0.023165	0.007932
0.1657	11.55	0.766541	0.076827	0.039554	0.020364
0.1657	11.92	0.766541	0.101400	0.047480	0.022232
0.1657	12.29	0.766541	0.110859	0.067181	0.040712
0.1657	12.65	0.766541	0.159038	0.095882	0.057806
0.1657	13.02	0.766541	0.188715	0.113802	0.068627
0.1657	13.39	0.766541	0.226219	0.144637	0.092476
0.1657	13.76	0.766541	0.340528	0.147584	0.063963
0.1657	14.12	0.766541	0.455172	0.119204	0.031218
0.1657	14.49	0.766541	0.462354	0.138259	0.041344
0.1657	14.86	0.766541	0.580232	0.104218	0.018719
0.1657	15.22	0.766541	0.522379	0.166368	0.052985
0.1657	15.59	0.766541	0.593521	0.105889	0.018891
0.1657	15.96	0.766541	0.588664	0.183451	0.057170
0.1657	16.33	0.766541	0.604326	0.158601	0.041624
0.1657	16.69	0.766541	0.680758	0.107886	0.017098
0.1657	17.06	0.766541	0.726794	0.041308	0.002348
0.1657	17.43	0.766541	0.698954	0.144007	0.029670
0.1657	17.80	0.766541	0.748838	0.104398	0.014555
0.1657	18.16	0.766541	0.778919	0.030597	0.001202
0.1657	18.53	0.766541	0.795101	0.024083	0.000729
0.1657	18.90	0.766541	0.780536	0.106210	0.014452
0.1657	19.27	0.766541	0.815644	0.024607	0.000742
0.1657	19.63	0.766541	0.817929	0.024447	0.000731
0.1657	20.00	0.766541	0.811321	0.106053	0.013863
0.1771	2.00	0.784735	0.000000	0.000000	0.000000
0.1771	2.37	0.784735	0.000000	0.000000	0.000000
0.1771	2.73	0.784735	0.000000	0.000000	0.000000
0.1771	3.10	0.784735	0.000000	0.000000	0.000000
0.1771	3.47	0.784735	0.000000	0.000000	0.000000
0.1771	3.84	0.784735	0.000000	0.000000	0.000000
0.1771	4.20	0.784735	0.000000	0.000000	0.000000
0.1771	4.57	0.784735	0.000000	0.000000	0.000000
0.1771	4.94	0.784735	0.000000	0.000000	0.000000
0.1771	5.31	0.784735	0.000000	0.000000	0.000000
0.1771	5.67	0.784735	0.000000	0.000000	0.000000
0.1771	6.04	0.784735	0.000000	0.000000	0.000000
0.1771	6.41	0.784735	0.000000	0.000000	0.000000
0.1771	6.78	0.784735	0.000000	0.000000	0.000000
0.1771	7.14	0.784735	0.000000	0.000000	0.000000
0.1771	7.51	0.784735	0.053089	0.000965	0.000018
0.1771	7.88	0.784735	0.050193	0.000000	0.000000
0.1771	8.24	0.784735	0.053571	0.003950	0.000291
0.1771	8.61	0.784735	0.055019	0.003297	0.000198
0.1771	8.98	0.784735	0.055985	0.004901	0.000429
0.1771	9.35	0.784735	0.059319	0.008479	0.001212
0.1771	9.71	0.784735	0.063514	0.016606	0.004342
0.1771	10.08	0.784735	0.069800	0.026111	0.009768
0.1771	10.45	0.784735	0.125216	0.110948	0.098306
0.1771	10.82	0.784735	0.158844	0.155373	0.151977
0.1771	11.18	0.784735	0.280036	0.178988	0.114401
0.1771	11.55	0.784735	0.270765	0.196050	0.141952
0.1771	11.92	0.784735	0.327172	0.204801	0.128200
0.1771	12.29	0.784735	0.411692	0.191716	0.089278
0.1771	12.65	0.784735	0.401293	0.206631	0.106397
0.1771	13.02	0.784735	0.408623	0.226822	0.125906
0.1771	13.39	0.784735	0.392078	0.229333	0.134140
0.1771	13.76	0.784735	0.456525	0.221173	0.107152
0.1771	14.12	0.784735	0.471748	0.228755	0.110926
0.1771	14.49	0.784735	0.545703	0.212911	0.083069
0.1771	14.86	0.784735	0.551467	0.235037	0.100174
0.1771	15.22	0.784735	0.610236	0.234224	0.089901
0.1771	15.59	0.784735	0.649963	0.217418	0.072728
0.1771	15.96	0.784735	0.670199	0.238792	0.085081
0.1771	16.33	0.784735	0.707277	0.212524	0.063860
0.1771	16.69	0.784735	0.696872	0.231660	0.077011
0.1771	17.06	0.784735	0.689189	0.165073	0.039538
0.1771	17.43	0.784735	0.760536	0.132010	0.022914
0.1771	17.80	0.784735	0.785457	0.135920	0.023520
0.1771	18.16	0.784735	0.626228	0.246559	0.097075
0.1771	18.53	0.784735	0.613540	0.235944	0.090735
0.1771	18.90	0.784735	0.655502	0.241382	0.088886
0.1771	19.27	0.784735	0.679401	0.258490	0.098347
0.1771	19.63	0.784735	0.780159	0.169150	0.036674
0.1771	20.00	0.784735	0.821509	0.128592	0.020129
0.1886	2.00	0.726666	0.000000	0.000000	0.000000
0.1886	2.37	0.726666	0.000000	0.000000	0.000000
0.1886	2.73	0.726666	0.000000	0.000000	0.000000
0.1886	3.10	0.726666	0.000000	0.000000	0.000000
0.1886	3.47	0.726666	0.000000	0.000000	0.000000
0.1886	3.84	0.726666	0.000000	0.000000	0.000000
0.1886	4.20	0.726666	0.000000	0.000000	0.000000
0.1886	4.57	0.726666	0.000000	0.000000	0.000000
0.1886	4.94	0.726666	0.000000	0.000000	0.000000
0.1886	5.31	0.726666	0.000000	0.000000	0.000000
0.1886	5.67	0.726666	0.000000	0.000000	0.000000
0.1886	6.04	0.726666	0.000000	0.000000	0.000000
0.1886	6.41	0.726666	0.000000	0.000000	0.000000
0.1886	6.78	0.726666	0.000000	0.000000	0.000000
0.1886	7.14	0.726666	0.000000	0.000000	0.000000
0.1886	7.51	0.726666	0.050290	0.000000	0.000000
0.1886	7.88	0.726666	0.000000	0.000000	0.000000
0.1886	8.24	0.726666	0.000000	0.000000	0.000000
0.1886	8.61	0.726666	0.058027	0.009606	0.001590
0.1886	8.98	0.726666	0.059961	0.009317	0.001448
0.1886	9.35	0.726666	0.060348	0.010043	0.001671
0.1886	9.71	0.726666	0.059961	0.009735	0.001581
0.1886	10.08	0.726666	0.063722	0.014581	0.003337
0.1886	10.45	0.726666	0.060238	0.008553	0.001214
0.1886	10.82	0.726666	0.077221	0.036961	0.017691
0.1886	11.18	0.726666	0.090725	0.042866	0.020253
0.1886	11.55	0.726666	0.102515	0.055658	0.030218
0.1886	11.92	0.726666	0.079831	0.042315	0.022430
0.1886	12.29	0.726666	0.106297	0.059162	0.032928
0.1886	12.65	0.726666	0.128342	0.096354	0.072338
0.1886	13.02	0.726666	0.195432	0.134101	0.092016
0.1886	13.39	0.726666	0.313425	0.157993	0.079642
0.1886	13.76	0.726666	0.374779	0.176745	0.083353
0.1886	14.12	0.726666	0.485673	0.151465	0.047237
0.1886	14.49	0.726666	0.517232	0.179065	0.061992
0.1886	14.86	0.726666	0.673759	0.032468	0.001565
0.1886	15.22	0.726666	0.672973	0.098175	0.014322
0.1886	15.59	0.726666	0.687252	0.098076	0.013996
0.1886	15.96	0.726666	0.709680	0.029470	0.001224
0.1886	16.33	0.726666	0.669074	0.160964	0.038724
0.1886	16.69	0.726666	0.693951	0.135705	0.026538
0.1886	17.06	0.726666	0.741076	0.022859	0.000705
0.1886	17.43	0.726666	0.720812	0.169782	0.039991
0.1886	17.80	0.726666	0.704183	0.188464	0.050439
0.1886	18.16	0.726666	0.763808	0.105813	0.014659
0.1886	18.53	0.726666	0.770793	0.148623	0.028657
0.1886	18.90	0.726666	0.786549	0.101429	0.013080
0.1886	19.27	0.726666	0.795213	0.108565	0.014822
0.1886	19.63	0.726666	0.838787	0.025363	0.000767
0.1886	20.00	0.726666	0.847031	0.023823	0.000670
0.2000	2.00	0.717312	0.000000	0.000000	0.000000
0.2000	2.37	0.717312	0.000000	0.000000	0.000000
0.2000	2.73	0.717312	0.000000	0.000000	0.000000
0.2000	3.10	0.717312	0.000000	0.000000	0.000000
0.2000	3.47	0.717312	0.000000	0.000000	0.000000
0.2000	3.84	0.717312	0.000000	0.000000	0.000000
0.2000	4.20	0.717312	0.000000	0.000000	0.000000
0.2000	4.57	0.717312	0.000000	0.000000	0.000000
0.2000	4.94	0.717312	0.000000	0.000000	0.000000
0.2000	5.31	0.717312	0.000000	0.000000	0.000000
0.2000	5.67	0.717312	0.000000	0.000000	0.000000
0.2000	6.04	0.717312	0.000000	0.000000	0.000000
0.2000	6.41	0.717312	0.000000	0.000000	0.000000
0.2000	6.78	0.717312	0.000000	0.000000	0.000000
0.2000	7.14	0.717312	0.000000	0.000000	0.000000
0.2000	7.51	0.717312	0.000000	0.000000	0.000000
0.2000	7.88	0.717312	0.000000	0.000000	0.000000
0.2000	8.24	0.717312	0.000000	0.000000	0.000000
0.2000	8.61	0.717312	0.000000	0.000000	0.000000
0.2000	8.98	0.717312	0.000000	0.000000	0.000000
0.2000	9.35	0.717312	0.000000	0.000000	0.000000
0.2000	9.71	0.717312	0.000000	0.000000	0.000000
0.2000	10.08	0.717312	0.058110	0.006512	0.000730
0.2000	10.45	0.717312	0.056194	0.006322	0.000711
0.2000	10.82	0.717312	0.054119	0.002088	0.000081
0.2000	11.18	0.717312	0.060824	0.007087	0.000826
0.2000	11.55	0.717312	0.060345	0.007675	0.000976
0.2000	11.92	0.717312	0.067848	0.022740	0.007622
0.2000	12.29	0.717312	0.060744	0.008061	0.001070
0.2000	12.65	0.717312	0.066518	0.017608	0.004661
0.2000	13.02	0.717312	0.074315	0.025103	0.008480
0.2000	13.39	0.717312	0.068835	0.017156	0.004276
0.2000	13.76	0.717312	0.075990	0.026174	0.009015
0.2000	14.12	0.717312	0.083559	0.036193	0.015677
0.2000	14.49	0.717312	0.097200	0.042830	0.018873
0.2000	14.86	0.717312	0.094298	0.042424	0.019086
0.2000	15.22	0.717312	0.119360	0.055587	0.025887
0.2000	15.59	0.717312	0.135751	0.060906	0.027326
0.2000	15.96	0.717312	0.160873	0.095311	0.056468
0.2000	16.33	0.717312	0.187379	0.111325	0.066140
0.2000	16.69	0.717312	0.227923	0.104990	0.048362
0.2000	17.06	0.717312	0.244103	0.110228	0.049775
0.2000	17.43	0.717312	0.301941	0.131316	0.057110
0.2000	17.80	0.717312	0.399149	0.153537	0.059059
0.2000	18.16	0.717312	0.397616	0.163081	0.066887
0.2000	18.53	0.717312	0.461881	0.169226	0.062002
0.2000	18.90	0.717312	0.542018	0.187368	0.064770
0.2000	19.27	0.717312	0.657124	0.114362	0.019903
0.2000	19.63	0.717312	0.677416	0.147117	0.031950
0.2000	20.00	0.717312	0.699930	0.141326	0.028536
0.2114	2.00	0.718531	0.000000	0.000000	0.000000
0.2114	2.37	0.718531	0.000000	0.000000	0.000000
0.2114	2.73	0.718531	0.000000	0.000000	0.000000
0.2114	3.10	0.718531	0.000000	0.000000	0.000000
0.2114	3.47	0.718531	0.000000	0.000000	0.000000
0.2114	3.84	0.718531	0.000000	0.000000	0.000000
0.2114	4.20	0.718531	0.000000	0.000000	0.000000
0.2114	4.57	0.718531	0.000000	0.000000	0.000000
0.2114	4.94	0.718531	0.000000	0.000000	0.000000
0.2114	5.31	0.718531	0.000000	0.000000	0.000000
0.2114	5.67	0.718531	0.000000	0.000000	0.000000
0.2114	6.04	0.718531	0.000000	0.000000	0.000000
0.2114	6.41	0.718531	0.000000	0.000000	0.000000
0.2114	6.78	0.718531	0.000000	0.000000	0.000000
0.2114	7.14	0.718531	0.000000	0.000000	0.000000
0.2114	7.51	0.718531	0.000000	0.000000	0.000000
0.2114	7.88	0.718531	0.000000	0.000000	0.000000
0.2114	8.24	0.718531	0.000000	0.000000	0.000000
0.2114	8.61	0.718531	0.000000	0.000000	0.000000
0.2114	8.98	0.718531	0.059387	0.000000	0.000000
0.2114	9.35	0.718531	0.070881	0.000000	0.000000
0.2114	9.71	0.718531	0.066092	0.006705	0.000680
0.2114	10.08	0.718531	0.084291	0.022989	0.006270
0.2114	10.45	0.718531	0.068008	0.019886	0.005815
0.2114	10.82	0.718531	0.085010	0.029816	0.010457
0.2114	11.18	0.718531	0.092660	0.036966	0.014747
0.2114	11.55	0.718531	0.087020	0.040358	0.018718
0.2114	11.92	0.718531	0.082375	0.039428	0.018872
0.2114	12.29	0.718531	0.090421	0.047735	0.025200
0.2114	12.65	0.718531	0.109051	0.064060	0.037631
0.2114	13.02	0.718531	0.146073	0.087066	0.051895
0.2114	13.39	0.718531	0.202720	0.129788	0.083095
0.2114	13.76	0.718531	0.259938	0.138669	0.073975
0.2114	14.12	0.718531	0.321686	0.190443	0.112745
0.2114	14.49	0.718531	0.434906	0.211228	0.102590
0.2114	14.86	0.718531	0.515326	0.219621	0.093598
0.2114	15.22	0.718531	0.590840	0.184802	0.057802
0.2114	15.59	0.718531	0.639629	0.192562	0.057972
0.2114	15.96	0.718531	0.708599	0.174610	0.043027
0.2114	16.33	0.718531	0.734021	0.155594	0.032982
0.2114	16.69	0.718531	0.787448	0.050400	0.003226
0.2114	17.06	0.718531	0.815736	0.042871	0.002253
0.2114	17.43	0.718531	0.813131	0.118227	0.017190
0.2114	17.80	0.718531	0.817175	0.118456	0.017171
0.2114	18.16	0.718531	0.824488	0.044019	0.002350
0.2114	18.53	0.718531	0.841241	0.031405	0.001172
0.2114	18.90	0.718531	0.846173	0.041002	0.001987
0.2114	19.27	0.718531	0.857341	0.118164	0.016286
0.2114	19.63	0.718531	0.846983	0.162006	0.030988
0.2114	20.00	0.718531	0.868876	0.117186	0.015805
0.2229	2.00	0.704731	0.000000	0.000000	0.000000
0.2229	2.37	0.704731	0.000000	0.000000	0.000000
0.2229	2.73	0.704731	0.000000	0.000000	0.000000
0.2229	3.10	0.704731	0.000000	0.000000	0.000000
0.2229	3.47	0.704731	0.000000	0.000000	0.000000
0.2229	3.84	0.704731	0.000000	0.000000	0.000000
0.2229	4.20	0.704731	0.000000	0.000000	0.000000
0.2229	4.57	0.704731	0.000000	0.000000	0.000000
0.2229	4.94	0.704731	0.000000	0.000000	0.000000
0.2229	5.31	0.704731	0.000000	0.000000	0.000000
0.2229	5.67	0.704731	0.000000	0.000000	0.000000
0.2229	6.04	0.704731	0.000000	0.000000	0.000000
0.2229	6.41	0.704731	0.000000	0.000000	0.000000
0.2229	6.78	0.704731	0.000000	0.000000	0.000000
0.2229	7.14	0.704731	0.000000	0.000000	0.000000
0.2229	7.51	0.704731	0.000000	0.000000	0.000000
0.2229	7.88	0.704731	0.000000	0.000000	0.000000
0.2229	8.24	0.704731	0.000000	0.000000	0.000000
0.2229	8.61	0.704731	0.000000	0.000000	0.000000
0.2229	8.98	0.704731	0.051724	0.000000	0.000000
0.2229	9.35	0.704731	0.053161	0.002489	0.000116
0.2229	9.71	0.704731	0.052874	0.000939	0.000017
0.2229	10.08	0.704731	0.056274	0.003824	0.000260
0.2229	10.45	0.704731	0.060664	0.005188	0.000444
0.2229	10.82	0.704731	0.057745	0.003610	0.000226
0.2229	11.18	0.704731	0.059934	0.005487	0.000502
0.2229	11.55	0.704731	0.058269	0.004245	0.000309
0.2229	11.92	0.704731	0.062629	0.010189	0.001658
0.2229	12.29	0.704731	0.069221	0.019384	0.005428
0.2229	12.65	0.704731	0.068341	0.026662	0.010402
0.2229	13.02	0.704731	0.074224	0.026830	0.009698
0.2229	13.39	0.704731	0.082081	0.029779	0.010804
0.2229	13.76	0.704731	0.088345	0.038405	0.016695
0.2229	14.12	0.704731	0.100170	0.055117	0.030327
0.2229	14.49	0.704731	0.110983	0.061982	0.034616
0.2229	14.86	0.704731	0.131751	0.079018	0.047391
0.2229	15.22	0.704731	0.152378	0.070608	0.032718
0.2229	15.59	0.704731	0.173229	0.091296	0.048115
0.2229	15.96	0.704731	0.208279	0.115048	0.063550
0.2229	16.33	0.704731	0.284635	0.141689	0.070532
0.2229	16.69	0.704731	0.356501	0.177660	0.088536
0.2229	17.06	0.704731	0.443288	0.163946	0.060634
0.2229	17.43	0.704731	0.508566	0.199869	0.078549
0.2229	17.80	0.704731	0.590076	0.177686	0.053506
0.2229	18.16	0.704731	0.571378	0.209987	0.077172
0.2229	18.53	0.704731	0.643793	0.149844	0.034877
0.2229	18.90	0.704731	0.687927	0.122450	0.021796
0.2229	19.27	0.704731	0.762377	0.082828	0.008999
0.2229	19.63	0.704731	0.755563	0.141852	0.026632
0.2229	20.00	0.704731	0.821539	0.060588	0.004468
0.2343	2.00	0.686805	0.000000	0.000000	0.000000
0.2343	2.37	0.686805	0.000000	0.000000	0.000000
0.2343	2.73	0.686805	0.000000	0.000000	0.000000
0.2343	3.10	0.686805	0.000000	0.000000	0.000000
0.2343	3.47	0.686805	0.000000	0.000000	0.000000
0.2343	3.84	0.686805	0.000000	0.000000	0.000000
0.2343	4.20	0.686805	0.000000	0.000000	0.000000
0.2343	4.57	0.686805	0.000000	0.000000	0.000000
0.2343	4.94	0.686805	0.000000	0.000000	0.000000
0.2343	5.31	0.686805	0.000000	0.000000	0.000000
0.2343	5.67	0.686805	0.000000	0.000000	0.000000
0.2343	6.04	0.686805	0.000000	0.000000	0.000000
0.2343	6.41	0.686805	0.000000	0.000000	0.000000
0.2343	6.78	0.686805	0.000000	0.000000	0.000000
0.2343	7.14	0.686805	0.000000	0.000000	0.000000
0.2343	7.51	0.686805	0.000000	0.000000	0.000000
0.2343	7.88	0.686805	0.000000	0.000000	0.000000
0.2343	8.24	0.686805	0.000000	0.000000	0.000000
0.2343	8.61	0.686805	0.053537	0.000000	0.000000
0.2343	8.98	0.686805	0.000000	0.000000	0.000000
0.2343	9.35	0.686805	0.000000	0.000000	0.000000
0.2343	9.71	0.686805	0.055449	0.000000	0.000000
0.2343	10.08	0.686805	0.054493	0.002868	0.000151
0.2343	10.45	0.686805	0.055722	0.004014	0.000289
0.2343	10.82	0.686805	0.061012	0.008412	0.001160
0.2343	11.18	0.686805	0.062192	0.012099	0.002354
0.2343	11.55	0.686805	0.069790	0.020167	0.005828
0.2343	11.92	0.686805	0.067180	0.016782	0.004192
0.2343	12.29	0.686805	0.105696	0.070018	0.046384
0.2343	12.65	0.686805	0.099231	0.062281	0.039089
0.2343	13.02	0.686805	0.133772	0.094205	0.066341
0.2343	13.39	0.686805	0.177688	0.123808	0.086265
0.2343	13.76	0.686805	0.142341	0.104989	0.077439
0.2343	14.12	0.686805	0.202016	0.135124	0.090382
0.2343	14.49	0.686805	0.258995	0.147841	0.084392
0.2343	14.86	0.686805	0.311303	0.167843	0.090495
0.2343	15.22	0.686805	0.417723	0.176584	0.074648
0.2343	15.59	0.686805	0.489359	0.184412	0.069494
0.2343	15.96	0.686805	0.535731	0.206568	0.079649
0.2343	16.33	0.686805	0.489692	0.246514	0.124097
0.2343	16.69	0.686805	0.518766	0.216562	0.090405
0.2343	17.06	0.686805	0.545546	0.239752	0.105364
0.2343	17.43	0.686805	0.637649	0.196096	0.060306
0.2343	17.80	0.686805	0.662856	0.189663	0.054268
0.2343	18.16	0.686805	0.683388	0.180110	0.047469
0.2343	18.53	0.686805	0.702409	0.159443	0.036193
0.2343	18.90	0.686805	0.692423	0.147022	0.031217
0.2343	19.27	0.686805	0.693080	0.162700	0.038194
0.2343	19.63	0.686805	0.784797	0.104088	0.013805
0.2343	20.00	0.686805	0.802945	0.109104	0.014825
0.2457	2.00	0.658624	0.000000	0.000000	0.000000
0.2457	2.37	0.658624	0.000000	0.000000	0.000000
0.2457	2.73	0.658624	0.000000	0.000000	0.000000
0.2457	3.10	0.658624	0.000000	0.000000	0.000000
0.2457	3.47	0.658624	0.000000	0.000000	0.000000
0.2457	3.84	0.658624	0.000000	0.000000	0.000000
0.2457	4.20	0.658624	0.000000	0.000000	0.000000
0.2457	4.57	0.658624	0.000000	0.000000	0.000000
0.2457	4.94	0.658624	0.000000	0.000000	0.000000
0.2457	5.31	0.658624	0.000000	0.000000	0.000000
0.2457	5.67	0.658624	0.000000	0.000000	0.000000
0.2457	6.04	0.658624	0.000000	0.000000	0.000000
0.2457	6.41	0.658624	0.000000	0.000000	0.000000
0.2457	6.78	0.658624	0.000000	0.000000	0.000000
0.2457	7.14	0.658624	0.000000	0.000000	0.000000
0.2457	7.51	0.658624	0.000000	0.000000	0.000000
0.2457	7.88	0.658624	0.000000	0.000000	0.000000
0.2457	8.24	0.658624	0.000000	0.000000	0.000000
0.2457	8.61	0.658624	0.000000	0.000000	0.000000
0.2457	8.98	0.658624	0.000000	0.000000	0.000000
0.2457	9.35	0.658624	0.000000	0.000000	0.000000
0.2457	9.71	0.658624	0.000000	0.000000	0.000000
0.2457	10.08	0.658624	0.051233	0.000000	0.000000
0.2457	10.45	0.658624	0.053131	0.001898	0.000068
0.2457	10.82	0.658624	0.055661	0.000895	0.000014
0.2457	11.18	0.658624	0.055977	0.004348	0.000338
0.2457	11.55	0.658624	0.055300	0.003114	0.000175
0.2457	11.92	0.658624	0.057756	0.006363	0.000701
0.2457	12.29	0.658624	0.057717	0.008160	0.001154
0.2457	12.65	0.658624	0.060212	0.007625	0.000966
0.2457	13.02	0.658624	0.061178	0.010218	0.001707
0.2457	13.39	0.658624	0.065663	0.015209	0.003523
0.2457	13.76	0.658624	0.077306	0.026654	0.009190
0.2457	14.12	0.658624	0.077851	0.023485	0.007085
0.2457	14.49	0.658624	0.081120	0.028413	0.009952
0.2457	14.86	0.658624	0.112429	0.067582	0.040624
0.2457	15.22	0.658624	0.132995	0.078946	0.046862
0.2457	15.59	0.658624	0.178005	0.106205	0.063366
0.2457	15.96	0.658624	0.221194	0.121344	0.066568
0.2457	16.33	0.658624	0.274320	0.134601	0.066045
0.2457	16.69	0.658624	0.343054	0.160279	0.074884
0.2457	17.06	0.658624	0.427859	0.153971	0.055408
0.2457	17.43	0.658624	0.486751	0.155678	0.049791
0.2457	17.80	0.658624	0.533672	0.132200	0.032748
0.2457	18.16	0.658624	0.564292	0.154250	0.042165
0.2457	18.53	0.658624	0.639724	0.126336	0.024949
0.2457	18.90	0.658624	0.660623	0.125770	0.023944
0.2457	19.27	0.658624	0.743535	0.073154	0.007197
0.2457	19.63	0.658624	0.789958	0.055010	0.003831
0.2457	20.00	0.658624	0.812789	0.067460	0.005599
0.2571	2.00	0.709977	0.000000	0.000000	0.000000
0.2571	2.37	0.709977	0.000000	0.000000	0.000000
0.2571	2.73	0.709977	0.000000	0.000000	0.000000
0.2571	3.10	0.709977	0.000000	0.000000	0.000000
0.2571	3.47	0.709977	0.000000	0.000000	0.000000
0.2571	3.84	0.709977	0.000000	0.000000	0.000000
0.2571	4.20	0.709977	0.000000	0.000000	0.000000
0.2571	4.57	0.709977	0.000000	0.000000	0.000000
0.2571	4.94	0.709977	0.000000	0.000000	0.000000
0.2571	5.31	0.709977	0.000000	0.000000	0.000000
0.2571	5.67	0.709977	0.000000	0.000000	0.000000
0.2571	6.04	0.709977	0.000000	0.000000	0.000000
0.2571	6.41	0.709977	0.051823	0.000000	0.000000
0.2571	6.78	0.709977	0.051823	0.000000	0.000000
0.2571	7.14	0.709977	0.000000	0.000000	0.000000
0.2571	7.51	0.709977	0.000000	0.000000	0.000000
0.2571	7.88	0.709977	0.000000	0.000000	0.000000
0.2571	8.24	0.709977	0.051823	0.000000	0.000000
0.2571	8.61	0.709977	0.000000	0.000000	0.000000
0.2571	8.98	0.709977	0.000000	0.000000	0.000000
0.2571	9.35	0.709977	0.058541	0.002879	0.000142
0.2571	9.71	0.709977	0.054383	0.001810	0.000060
0.2571	10.08	0.709977	0.058861	0.004914	0.000410
0.2571	10.45	0.709977	0.060373	0.011498	0.002190
0.2571	10.82	0.709977	0.059885	0.005616	0.000527
0.2571	11.18	0.709977	0.058467	0.008268	0.001169
0.2571	11.55	0.709977	0.066859	0.015708	0.003690
0.2571	11.92	0.709977	0.075602	0.028713	0.010905
0.2571	12.29	0.709977	0.155530	0.090483	0.052641
0.2571	12.65	0.709977	0.149980	0.102671	0.070284
0.2571	13.02	0.709977	0.220417	0.129487	0.076069
0.2571	13.39	0.709977	0.241333	0.178410	0.131893
0.2571	13.76	0.709977	0.253829	0.166218	0.108847
0.2571	14.12	0.709977	0.345929	0.174954	0.088483
0.2571	14.49	0.709977	0.481083	0.175612	0.064104
0.2571	14.86	0.709977	0.584029	0.167831	0.048229
0.2571	15.22	0.709977	0.516869	0.162795	0.051275
0.2571	15.59	0.709977	0.612986	0.138265	0.031187
0.2571	15.96	0.709977	0.645092	0.104095	0.016797
0.2571	16.33	0.709977	0.685815	0.047567	0.003299
0.2571	16.69	0.709977	0.741597	0.022977	0.000712
0.2571	17.06	0.709977	0.755702	0.013991	0.000259
0.2571	17.43	0.709977	0.745788	0.100712	0.013600
0.2571	17.80	0.709977	0.780689	0.105331	0.014211
0.2571	18.16	0.709977	0.800217	0.026038	0.000847
0.2571	18.53	0.709977	0.812625	0.026212	0.000846
0.2571	18.90	0.709977	0.824001	0.022451	0.000612
0.2571	19.27	0.709977	0.815290	0.019438	0.000463
0.2571	19.63	0.709977	0.822559	0.017335	0.000365
0.2571	20.00	0.709977	0.824960	0.014621	0.000259
0.2686	2.00	0.638553	0.000000	0.000000	0.000000
0.2686	2.37	0.638553	0.000000	0.000000	0.000000
0.2686	2.73	0.638553	0.000000	0.000000	0.000000
0.2686	3.10	0.638553	0.000000	0.000000	0.000000
0.2686	3.47	0.638553	0.000000	0.000000	0.000000
0.2686	3.84	0.638553	0.000000	0.000000	0.000000
0.2686	4.20	0.638553	0.000000	0.000000	0.000000
0.2686	4.57	0.638553	0.000000	0.000000	0.000000
0.2686	4.94	0.638553	0.000000	0.000000	0.000000
0.2686	5.31	0.638553	0.000000	0.000000	0.000000
0.2686	5.67	0.638553	0.000000	0.000000	0.000000
0.2686	6.04	0.638553	0.000000	0.000000	0.000000
0.2686	6.41	0.638553	0.000000	0.000000	0.000000
0.2686	6.78	0.638553	0.000000	0.000000	0.000000
0.2686	7.14	0.638553	0.000000	0.000000	0.000000
0.2686	7.51	0.638553	0.000000	0.000000	0.000000
0.2686	7.88	0.638553	0.000000	0.000000	0.000000
0.2686	8.24	0.638553	0.000000	0.000000	0.000000
0.2686	8.61	0.638553	0.000000	0.000000	0.000000
0.2686	8.98	0.638553	0.000000	0.000000	0.000000
0.2686	9.35	0.638553	0.000000	0.000000	0.000000
0.2686	9.71	0.638553	0.000000	0.000000	0.000000
0.2686	10.08	0.638553	0.050962	0.000962	0.000018
0.2686	10.45	0.638553	0.050000	0.000000	0.000000
0.2686	10.82	0.638553	0.054808	0.004808	0.000422
0.2686	11.18	0.638553	0.053846	0.004034	0.000302
0.2686	11.55	0.638553	0.053526	0.003752	0.000263
0.2686	11.92	0.638553	0.057692	0.008536	0.001263
0.2686	12.29	0.638553	0.056044	0.006928	0.000856
0.2686	12.65	0.638553	0.058871	0.007841	0.001044
0.2686	13.02	0.638553	0.061035	0.010081	0.001665
0.2686	13.39	0.638553	0.065929	0.018006	0.004918
0.2686	13.76	0.638553	0.066254	0.016874	0.004297
0.2686	14.12	0.638553	0.076578	0.030995	0.012545
0.2686	14.49	0.638553	0.086468	0.035659	0.014706
0.2686	14.86	0.638553	0.083937	0.031992	0.012194
0.2686	15.22	0.638553	0.093520	0.035415	0.013411
0.2686	15.59	0.638553	0.103964	0.046823	0.021088
0.2686	15.96	0.638553	0.126716	0.056875	0.025528
0.2686	16.33	0.638553	0.214030	0.116038	0.062911
0.2686	16.69	0.638553	0.279335	0.131010	0.061445
0.2686	17.06	0.638553	0.369062	0.134594	0.049086
0.2686	17.43	0.638553	0.425490	0.150837	0.053472
0.2686	17.80	0.638553	0.349304	0.134659	0.051912
0.2686	18.16	0.638553	0.427056	0.157463	0.058059
0.2686	18.53	0.638553	0.498410	0.106166	0.022615
0.2686	18.90	0.638553	0.600907	0.134116	0.029933
0.2686	19.27	0.638553	0.634512	0.120756	0.022981
0.2686	19.63	0.638553	0.700871	0.116063	0.019220
0.2686	20.00	0.638553	0.727286	0.115878	0.018463
0.2800	2.00	0.670083	0.000000	0.000000	0.000000
0.2800	2.37	0.670083	0.000000	0.000000	0.000000
0.2800	2.73	0.670083	0.000000	0.000000	0.000000
0.2800	3.10	0.670083	0.000000	0.000000	0.000000
0.2800	3.47	0.670083	0.000000	0.000000	0.000000
0.2800	3.84	0.670083	0.000000	0.000000	0.000000
0.2800	4.20	0.670083	0.000000	0.000000	0.000000
0.2800	4.57	0.670083	0.000000	0.000000	0.000000
0.2800	4.94	0.670083	0.000000	0.000000	0.000000
0.2800	5.31	0.670083	0.000000	0.000000	0.000000
0.2800	5.67	0.670083	0.000000	0.000000	0.000000
0.2800	6.04	0.670083	0.000000	0.000000	0.000000
0.2800	6.41	0.670083	0.000000	0.000000	0.000000
0.2800	6.78	0.670083	0.051233	0.000000	0.000000
0.2800	7.14	0.670083	0.051233	0.000000	0.000000
0.2800	7.51	0.670083	0.051233	0.000000	0.000000
0.2800	7.88	0.670083	0.000000	0.000000	0.000000
0.2800	8.24	0.670083	0.000000	0.000000	0.000000
0.2800	8.61	0.670083	0.000000	0.000000	0.000000
0.2800	8.98	0.670083	0.000000	0.000000	0.000000
0.2800	9.35	0.670083	0.000000	0.000000	0.000000
0.2800	9.71	0.670083	0.000000	0.000000	0.000000
0.2800	10.08	0.670083	0.051233	0.000000	0.000000
0.2800	10.45	0.670083	0.052182	0.000949	0.000017
0.2800	10.82	0.670083	0.055028	0.004450	0.000360
0.2800	11.18	0.670083	0.053131	0.002940	0.000163
0.2800	11.55	0.670083	0.055345	0.004160	0.000313
0.2800	11.92	0.670083	0.057271	0.006205	0.000672
0.2800	12.29	0.670083	0.061354	0.009317	0.001415
0.2800	12.65	0.670083	0.062315	0.011073	0.001968
0.2800	13.02	0.670083	0.064414	0.012146	0.002290
0.2800	13.39	0.670083	0.068040	0.016124	0.003821
0.2800	13.76	0.670083	0.085389	0.029350	0.010088
0.2800	14.12	0.670083	0.082968	0.028893	0.010062
0.2800	14.49	0.670083	0.096713	0.050888	0.026776
0.2800	14.86	0.670083	0.121722	0.066767	0.036623
0.2800	15.22	0.670083	0.121095	0.065989	0.035959
0.2800	15.59	0.670083	0.139102	0.077349	0.043010
0.2800	15.96	0.670083	0.209390	0.108677	0.056406
0.2800	16.33	0.670083	0.220389	0.108711	0.053624
0.2800	16.69	0.670083	0.308441	0.141144	0.064588
0.2800	17.06	0.670083	0.369921	0.139238	0.052409
0.2800	17.43	0.670083	0.410285	0.151225	0.055740
0.2800	17.80	0.670083	0.428506	0.171424	0.068578
0.2800	18.16	0.670083	0.601956	0.112845	0.021154
0.2800	18.53	0.670083	0.663808	0.076055	0.008714
0.2800	18.90	0.670083	0.703036	0.143423	0.029259
0.2800	19.27	0.670083	0.759013	0.037692	0.001872
0.2800	19.63	0.670083	0.769943	0.039947	0.002073
0.2800	20.00	0.670083	0.771007	0.054522	0.003855
0.2914	2.00	0.656682	0.000000	0.000000	0.000000
0.2914	2.37	0.656682	0.000000	0.000000	0.000000
0.2914	2.73	0.656682	0.000000	0.000000	0.000000
0.2914	3.10	0.656682	0.000000	0.000000	0.000000
0.2914	3.47	0.656682	0.000000	0.000000	0.000000
0.2914	3.84	0.656682	0.000000	0.000000	0.000000
0.2914	4.20	0.656682	0.000000	0.000000	0.000000
0.2914	4.57	0.656682	0.000000	0.000000	0.000000
0.2914	4.94	0.656682	0.000000	0.000000	0.000000
0.2914	5.31	0.656682	0.000000	0.000000	0.000000
0.2914	5.67	0.656682	0.000000	0.000000	0.000000
0.2914	6.04	0.656682	0.000000	0.000000	0.000000
0.2914	6.41	0.656682	0.000000	0.000000	0.000000
0.2914	6.78	0.656682	0.000000	0.000000	0.000000
0.2914	7.14	0.656682	0.000000	0.000000	0.000000
0.2914	7.51	0.656682	0.000000	0.000000	0.000000
0.2914	7.88	0.656682	0.053030	0.000000	0.000000
0.2914	8.24	0.656682	0.054924	0.000000	0.000000
0.2914	8.61	0.656682	0.053030	0.000000	0.000000
0.2914	8.98	0.656682	0.053030	0.000000	0.000000
0.2914	9.35	0.656682	0.053977	0.000947	0.000017
0.2914	9.71	0.656682	0.055871	0.000947	0.000016
0.2914	10.08	0.656682	0.000000	0.000000	0.000000
0.2914	10.45	0.656682	0.000000	0.000000	0.000000
0.2914	10.82	0.656682	0.053030	0.000000	0.000000
0.2914	11.18	0.656682	0.055303	0.004997	0.000451
0.2914	11.55	0.656682	0.054341	0.003515	0.000227
0.2914	11.92	0.656682	0.056818	0.004442	0.000347
0.2914	12.29	0.656682	0.059315	0.006521	0.000717
0.2914	12.65	0.656682	0.059079	0.007955	0.001071
0.2914	13.02	0.656682	0.062213	0.011695	0.002198
0.2914	13.39	0.656682	0.070741	0.017275	0.004219
0.2914	13.76	0.656682	0.074481	0.023888	0.007662
0.2914	14.12	0.656682	0.073059	0.022076	0.006670
0.2914	14.49	0.656682	0.088263	0.039129	0.017347
0.2914	14.86	0.656682	0.085182	0.036410	0.015563
0.2914	15.22	0.656682	0.101271	0.042777	0.018069
0.2914	15.59	0.656682	0.130442	0.069634	0.037173
0.2914	15.96	0.656682	0.165546	0.097266	0.057149
0.2914	16.33	0.656682	0.273348	0.135979	0.067643
0.2914	16.69	0.656682	0.297096	0.143015	0.068844
0.2914	17.06	0.656682	0.413498	0.133858	0.043332
0.2914	17.43	0.656682	0.445953	0.175459	0.069034
0.2914	17.80	0.656682	0.392595	0.166585	0.070685
0.2914	18.16	0.656682	0.486777	0.153378	0.048327
0.2914	18.53	0.656682	0.484122	0.182345	0.068680
0.2914	18.90	0.656682	0.636655	0.159574	0.039996
0.2914	19.27	0.656682	0.692031	0.107916	0.016828
0.2914	19.63	0.656682	0.726716	0.074788	0.007697
0.2914	20.00	0.656682	0.750219	0.115320	0.017726
0.3029	2.00	0.693365	0.000000	0.000000	0.000000
0.3029	2.37	0.693365	0.000000	0.000000	0.000000
0.3029	2.73	0.693365	0.000000	0.000000	0.000000
0.3029	3.10	0.693365	0.000000	0.000000	0.000000
0.3029	3.47	0.693365	0.000000	0.000000	0.000000
0.3029	3.84	0.693365	0.000000	0.000000	0.000000
0.3029	4.20	0.693365	0.000000	0.000000	0.000000
0.3029	4.57	0.693365	0.000000	0.000000	0.000000
0.3029	4.94	0.693365	0.000000	0.000000	0.000000
0.3029	5.31	0.693365	0.000000	0.000000	0.000000
0.3029	5.67	0.693365	0.000000	0.000000	0.000000
0.3029	6.04	0.693365	0.000000	0.000000	0.000000
0.3029	6.41	0.693365	0.000000	0.000000	0.000000
0.3029	6.78	0.693365	0.000000	0.000000	0.000000
0.3029	7.14	0.693365	0.000000	0.000000	0.000000
0.3029	7.51	0.693365	0.000000	0.000000	0.000000
0.3029	7.88	0.693365	0.000000	0.000000	0.000000
0.3029	8.24	0.693365	0.000000	0.000000	0.000000
0.3029	8.61	0.693365	0.050373	0.000000	0.000000
0.3029	8.98	0.693365	0.000000	0.000000	0.000000
0.3029	9.35	0.693365	0.054104	0.000000	0.000000
0.3029	9.71	0.693365	0.053172	0.000933	0.000016
0.3029	10.08	0.693365	0.054571	0.004249	0.000331
0.3029	10.45	0.693365	0.056670	0.004369	0.000337
0.3029	10.82	0.693365	0.057436	0.007762	0.001049
0.3029	11.18	0.693365	0.060199	0.005596	0.000520
0.3029	11.55	0.693365	0.064499	0.012556	0.002444
0.3029	11.92	0.693365	0.058160	0.007123	0.000872
0.3029	12.29	0.693365	0.064657	0.016389	0.004154
0.3029	12.65	0.693365	0.069257	0.024277	0.008510
0.3029	13.02	0.693365	0.072761	0.024577	0.008302
0.3029	13.39	0.693365	0.075862	0.032380	0.013821
0.3029	13.76	0.693365	0.093234	0.041493	0.018466
0.3029	14.12	0.693365	0.119403	0.068185	0.038936
0.3029	14.49	0.693365	0.184639	0.113599	0.069891
0.3029	14.86	0.693365	0.185864	0.108184	0.062969
0.3029	15.22	0.693365	0.273763	0.123884	0.056061
0.3029	15.59	0.693365	0.316444	0.164412	0.085422
0.3029	15.96	0.693365	0.359235	0.169757	0.080219
0.3029	16.33	0.693365	0.451241	0.178741	0.070801
0.3029	16.69	0.693365	0.449016	0.210185	0.098388
0.3029	17.06	0.693365	0.610950	0.125248	0.025677
0.3029	17.43	0.693365	0.630407	0.117529	0.021911
0.3029	17.80	0.693365	0.695591	0.057299	0.004720
0.3029	18.16	0.693365	0.712001	0.094742	0.012607
0.3029	18.53	0.693365	0.765737	0.057498	0.004317
0.3029	18.90	0.693365	0.787710	0.046749	0.002774
0.3029	19.27	0.693365	0.817839	0.038613	0.001823
0.3029	19.63	0.693365	0.833800	0.030189	0.001093
0.3029	20.00	0.693365	0.849502	0.027587	0.000896
0.3143	2.00	0.682075	0.000000	0.000000	0.000000
0.3143	2.37	0.682075	0.000000	0.000000	0.000000
0.3143	2.73	0.682075	0.000000	0.000000	0.000000
0.3143	3.10	0.682075	0.000000	0.000000	0.000000
0.3143	3.47	0.682075	0.000000	0.000000	0.000000
0.3143	3.84	0.682075	0.000000	0.000000	0.000000
0.3143	4.20	0.682075	0.000000	0.000000	0.000000
0.3143	4.57	0.682075	0.000000	0.000000	0.000000
0.3143	4.94	0.682075	0.000000	0.000000	0.000000
0.3143	5.31	0.682075	0.000000	0.000000	0.000000
0.3143	5.67	0.682075	0.000000	0.000000	0.000000
0.3143	6.04	0.682075	0.000000	0.000000	0.000000
0.3143	6.41	0.682075	0.000000	0.000000	0.000000
0.3143	6.78	0.682075	0.000000	0.000000	0.000000
0.3143	7.14	0.682075	0.000000	0.000000	0.000000
0.3143	7.51	0.682075	0.000000	0.000000	0.000000
0.3143	7.88	0.682075	0.000000	0.000000	0.000000
0.3143	8.24	0.682075	0.000000	0.000000	0.000000
0.3143	8.61	0.682075	0.051040	0.000000	0.000000
0.3143	8.98	0.682075	0.062382	0.000000	0.000000
0.3143	9.35	0.682075	0.059074	0.008701	0.001282
0.3143	9.71	0.682075	0.055198	0.004987	0.000451
0.3143	10.08	0.682075	0.056081	0.003022	0.000163
0.3143	10.45	0.682075	0.075898	0.042351	0.023632
0.3143	10.82	0.682075	0.085231	0.047523	0.026498
0.3143	11.18	0.682075	0.080636	0.040027	0.019869
0.3143	11.55	0.682075	0.105196	0.060567	0.034872
0.3143	11.92	0.682075	0.140211	0.082500	0.048543
0.3143	12.29	0.682075	0.271294	0.148838	0.081656
0.3143	12.65	0.682075	0.354660	0.147478	0.061326
0.3143	13.02	0.682075	0.422471	0.146522	0.050817
0.3143	13.39	0.682075	0.504930	0.115278	0.026318
0.3143	13.76	0.682075	0.508790	0.184396	0.066829
0.3143	14.12	0.682075	0.550662	0.187543	0.063873
0.3143	14.49	0.682075	0.603214	0.155515	0.040094
0.3143	14.86	0.682075	0.700142	0.036203	0.001872
0.3143	15.22	0.682075	0.728295	0.041260	0.002337
0.3143	15.59	0.682075	0.724887	0.106765	0.015725
0.3143	15.96	0.682075	0.729327	0.109880	0.016555
0.3143	16.33	0.682075	0.736166	0.147739	0.029649
0.3143	16.69	0.682075	0.775839	0.037158	0.001780
0.3143	17.06	0.682075	0.774669	0.108986	0.015333
0.3143	17.43	0.682075	0.798032	0.027727	0.000963
0.3143	17.80	0.682075	0.808300	0.028519	0.001006
0.3143	18.16	0.682075	0.802992	0.025081	0.000783
0.3143	18.53	0.682075	0.811909	0.025028	0.000772
0.3143	18.90	0.682075	0.821582	0.026108	0.000830
0.3143	19.27	0.682075	0.868373	0.018039	0.000375
0.3143	19.63	0.682075	0.874834	0.015534	0.000276
0.3143	20.00	0.682075	0.880545	0.011979	0.000163
0.3257	2.00	0.685477	0.000000	0.000000	0.000000
0.3257	2.37	0.685477	0.000000	0.000000	0.000000
0.3257	2.73	0.685477	0.000000	0.000000	0.000000
0.3257	3.10	0.685477	0.000000	0.000000	0.000000
0.3257	3.47	0.685477	0.000000	0.000000	0.000000
0.3257	3.84	0.685477	0.000000	0.000000	0.000000
0.3257	4.20	0.685477	0.000000	0.000000	0.000000
0.3257	4.57	0.685477	0.000000	0.000000	0.000000
0.3257	4.94	0.685477	0.000000	0.000000	0.000000
0.3257	5.31	0.685477	0.000000	0.000000	0.000000
0.3257	5.67	0.685477	0.000000	0.000000	0.000000
0.3257	6.04	0.685477	0.000000	0.000000	0.000000
0.3257	6.41	0.685477	0.050193	0.000000	0.000000
0.3257	6.78	0.685477	0.050193	0.000000	0.000000
0.3257	7.14	0.685477	0.052124	0.000000	0.000000
0.3257	7.51	0.685477	0.054054	0.000000	0.000000
0.3257	7.88	0.685477	0.054054	0.000000	0.000000
0.3257	8.24	0.685477	0.052124	0.000000	0.000000
0.3257	8.61	0.685477	0.053089	0.000965	0.000018
0.3257	8.98	0.685477	0.055341	0.001820	0.000060
0.3257	9.35	0.685477	0.058687	0.008939	0.001362
0.3257	9.71	0.685477	0.058988	0.009014	0.001377
0.3257	10.08	0.685477	0.062500	0.009205	0.001356
0.3257	10.45	0.685477	0.069498	0.016879	0.004099
0.3257	10.82	0.685477	0.074131	0.036999	0.018466
0.3257	11.18	0.685477	0.082576	0.046600	0.026298
0.3257	11.55	0.685477	0.134054	0.095510	0.068048
0.3257	11.92	0.685477	0.111873	0.076521	0.052340
0.3257	12.29	0.685477	0.131060	0.096383	0.070881
0.3257	12.65	0.685477	0.153191	0.129730	0.109862
0.3257	13.02	0.685477	0.263220	0.170914	0.110978
0.3257	13.39	0.685477	0.326334	0.196727	0.118595
0.3257	13.76	0.685477	0.471429	0.175152	0.065075
0.3257	14.12	0.685477	0.574782	0.142339	0.035249
0.3257	14.49	0.685477	0.704735	0.105165	0.015693
0.3257	14.86	0.685477	0.697357	0.146834	0.030917
0.3257	15.22	0.685477	0.750421	0.012640	0.000213
0.3257	15.59	0.685477	0.760262	0.016945	0.000378
0.3257	15.96	0.685477	0.714824	0.146850	0.030168
0.3257	16.33	0.685477	0.693694	0.194752	0.054676
0.3257	16.69	0.685477	0.716216	0.175492	0.043000
0.3257	17.06	0.685477	0.758912	0.107839	0.015324
0.3257	17.43	0.685477	0.762285	0.105978	0.014734
0.3257	17.80	0.685477	0.744968	0.176914	0.042013
0.3257	18.16	0.685477	0.768256	0.150505	0.029485
0.3257	18.53	0.685477	0.791592	0.104625	0.013828
0.3257	18.90	0.685477	0.762745	0.174436	0.039893
0.3257	19.27	0.685477	0.775510	0.178895	0.041267
0.3257	19.63	0.685477	0.789213	0.183854	0.042830
0.3257	20.00	0.685477	0.842704	0.098223	0.011449
0.3371	2.00	0.645931	0.000000	0.000000	0.000000
0.3371	2.37	0.645931	0.000000	0.000000	0.000000
0.3371	2.73	0.645931	0.000000	0.000000	0.000000
0.3371	3.10	0.645931	0.000000	0.000000	0.000000
0.3371	3.47	0.645931	0.000000	0.000000	0.000000
0.3371	3.84	0.645931	0.000000	0.000000	0.000000
0.3371	4.20	0.645931	0.000000	0.000000	0.000000
0.3371	4.57	0.645931	0.000000	0.000000	0.000000
0.3371	4.94	0.645931	0.000000	0.000000	0.000000
0.3371	5.31	0.645931	0.000000	0.000000	0.000000
0.3371	5.67	0.645931	0.000000	0.000000	0.000000
0.3371	6.04	0.645931	0.000000	0.000000	0.000000
0.3371	6.41	0.645931	0.000000	0.000000	0.000000
0.3371	6.78	0.645931	0.000000	0.000000	0.000000
0.3371	7.14	0.645931	0.000000	0.000000	0.000000
0.3371	7.51	0.645931	0.000000	0.000000	0.000000
0.3371	7.88	0.645931	0.000000	0.000000	0.000000
0.3371	8.24	0.645931	0.000000	0.000000	0.000000
0.3371	8.61	0.645931	0.000000	0.000000	0.000000
0.3371	8.98	0.645931	0.000000	0.000000	0.000000
0.3371	9.35	0.645931	0.000000	0.000000	0.000000
0.3371	9.71	0.645931	0.000000	0.000000	0.000000
0.3371	10.08	0.645931	0.000000	0.000000	0.000000
0.3371	10.45	0.645931	0.050467	0.000000	0.000000
0.3371	10.82	0.645931	0.056075	0.003738	0.000249
0.3371	11.18	0.645931	0.054907	0.003612	0.000238
0.3371	11.55	0.645931	0.053271	0.002804	0.000148
0.3371	11.92	0.645931	0.055068	0.005318	0.000514
0.3371	12.29	0.645931	0.057677	0.005374	0.000501
0.3371	12.65	0.645931	0.058340	0.009258	0.001469
0.3371	13.02	0.645931	0.060228	0.010153	0.001712
0.3371	13.39	0.645931	0.064120	0.013472	0.002831
0.3371	13.76	0.645931	0.065857	0.018331	0.005102
0.3371	14.12	0.645931	0.067252	0.017847	0.004736
0.3371	14.49	0.645931	0.066854	0.017572	0.004619
0.3371	14.86	0.645931	0.071106	0.020583	0.005958
0.3371	15.22	0.645931	0.080143	0.035606	0.015819
0.3371	15.59	0.645931	0.094768	0.037549	0.014877
0.3371	15.96	0.645931	0.109774	0.052499	0.025107
0.3371	16.33	0.645931	0.110245	0.060771	0.033499
0.3371	16.69	0.645931	0.145413	0.083027	0.047407
0.3371	17.06	0.645931	0.190484	0.110582	0.064197
0.3371	17.43	0.645931	0.277630	0.141353	0.071969
0.3371	17.80	0.645931	0.361971	0.130987	0.047400
0.3371	18.16	0.645931	0.413213	0.151718	0.055706
0.3371	18.53	0.645931	0.473231	0.140552	0.041745
0.3371	18.90	0.645931	0.535599	0.154965	0.044836
0.3371	19.27	0.645931	0.568394	0.112446	0.022245
0.3371	19.63	0.645931	0.625998	0.138409	0.030602
0.3371	20.00	0.645931	0.647024	0.180747	0.050492
0.3486	2.00	0.688642	0.000000	0.000000	0.000000
0.3486	2.37	0.688642	0.000000	0.000000	0.000000
0.3486	2.73	0.688642	0.000000	0.000000	0.000000
0.3486	3.10	0.688642	0.000000	0.000000	0.000000
0.3486	3.47	0.688642	0.000000	0.000000	0.000000
0.3486	3.84	0.688642	0.000000	0.000000	0.000000
0.3486	4.20	0.688642	0.000000	0.000000	0.000000
0.3486	4.57	0.688642	0.000000	0.000000	0.000000
0.3486	4.94	0.688642	0.000000	0.000000	0.000000
0.3486	5.31	0.688642	0.000000	0.000000	0.000000
0.3486	5.67	0.688642	0.000000	0.000000	0.000000
0.3486	6.04	0.688642	0.000000	0.000000	0.000000
0.3486	6.41	0.688642	0.000000	0.000000	0.000000
0.3486	6.78	0.688642	0.000000	0.000000	0.000000
0.3486	7.14	0.688642	0.000000	0.000000	0.000000
0.3486	7.51	0.688642	0.000000	0.000000	0.000000
0.3486	7.88	0.688642	0.000000	0.000000	0.000000
0.3486	8.24	0.688642	0.000000	0.000000	0.000000
0.3486	8.61	0.688642	0.054603	0.004490	0.000369
0.3486	8.98	0.688642	0.054286	0.002857	0.000150
0.3486	9.35	0.688642	0.066667	0.011742	0.002068
0.3486	9.71	0.688642	0.082857	0.021905	0.005791
0.3486	10.08	0.688642	0.057143	0.003810	0.000254
0.3486	10.45	0.688642	0.059429	0.010598	0.001890
0.3486	10.82	0.688642	0.063619	0.012262	0.002363
0.3486	11.18	0.688642	0.065306	0.010369	0.001646
0.3486	11.55	0.688642	0.072222	0.024162	0.008083
0.3486	11.92	0.688642	0.073651	0.027458	0.010236
0.3486	12.29	0.688642	0.090364	0.056253	0.035018
0.3486	12.65	0.688642	0.127758	0.083469	0.054534
0.3486	13.02	0.688642	0.142579	0.105994	0.078797
0.3486	13.39	0.688642	0.337905	0.159614	0.075396
0.3486	13.76	0.688642	0.399184	0.160817	0.064788
0.3486	14.12	0.688642	0.502313	0.153023	0.046616
0.3486	14.49	0.688642	0.536145	0.159610	0.047516
0.3486	14.86	0.688642	0.650619	0.095993	0.014163
0.3486	15.22	0.688642	0.657933	0.137017	0.028534
0.3486	15.59	0.688642	0.704251	0.025374	0.000914
0.3486	15.96	0.688642	0.706168	0.104103	0.015347
0.3486	16.33	0.688642	0.737886	0.016233	0.000357
0.3486	16.69	0.688642	0.752653	0.023973	0.000764
0.3486	17.06	0.688642	0.750606	0.107023	0.015259
0.3486	17.43	0.688642	0.754328	0.109072	0.015771
0.3486	17.80	0.688642	0.770116	0.102279	0.013584
0.3486	18.16	0.688642	0.796741	0.028268	0.001003
0.3486	18.53	0.688642	0.782646	0.149302	0.028482
0.3486	18.90	0.688642	0.824974	0.020155	0.000492
0.3486	19.27	0.688642	0.821206	0.114711	0.016024
0.3486	19.63	0.688642	0.817726	0.154778	0.029296
0.3486	20.00	0.688642	0.794493	0.111671	0.015696
0.3600	2.00	0.644743	0.000000	0.000000	0.000000
0.3600	2.37	0.644743	0.000000	0.000000	0.000000
0.3600	2.73	0.644743	0.000000	0.000000	0.000000
0.3600	3.10	0.644743	0.000000	0.000000	0.000000
0.3600	3.47	0.644743	0.000000	0.000000	0.000000
0.3600	3.84	0.644743	0.000000	0.000000	0.000000
0.3600	4.20	0.644743	0.000000	0.000000	0.000000
0.3600	4.57	0.644743	0.000000	0.000000	0.000000
0.3600	4.94	0.644743	0.000000	0.000000	0.000000
0.3600	5.31	0.644743	0.000000	0.000000	0.000000
0.3600	5.67	0.644743	0.000000	0.000000	0.000000
0.3600	6.04	0.644743	0.000000	0.000000	0.000000
0.3600	6.41	0.644743	0.000000	0.000000	0.000000
0.3600	6.78	0.644743	0.000000	0.000000	0.000000
0.3600	7.14	0.644743	0.000000	0.000000	0.000000
0.3600	7.51	0.644743	0.000000	0.000000	0.000000
0.3600	7.88	0.644743	0.000000	0.000000	0.000000
0.3600	8.24	0.644743	0.000000	0.000000	0.000000
0.3600	8.61	0.644743	0.000000	0.000000	0.000000
0.3600	8.98	0.644743	0.054206	0.000000	0.000000
0.3600	9.35	0.644743	0.051402	0.000935	0.000017
0.3600	9.71	0.644743	0.050467	0.000000	0.000000
0.3600	10.08	0.644743	0.052336	0.001526	0.000045
0.3600	10.45	0.644743	0.052025	0.001284	0.000032
0.3600	10.82	0.644743	0.056876	0.005727	0.000577
0.3600	11.18	0.644743	0.060833	0.010704	0.001883
0.3600	11.55	0.644743	0.064278	0.014251	0.003159
0.3600	11.92	0.644743	0.063551	0.012533	0.002472
0.3600	12.29	0.644743	0.069296	0.030078	0.013056
0.3600	12.65	0.644743	0.074652	0.033582	0.015107
0.3600	13.02	0.644743	0.078037	0.040623	0.021146
0.3600	13.39	0.644743	0.084735	0.035752	0.015085
0.3600	13.76	0.644743	0.091612	0.049449	0.026691
0.3600	14.12	0.644743	0.132654	0.090512	0.061757
0.3600	14.49	0.644743	0.177233	0.117883	0.078408
0.3600	14.86	0.644743	0.211334	0.134861	0.086060
0.3600	15.22	0.644743	0.285247	0.171361	0.102944
0.3600	15.59	0.644743	0.400343	0.158632	0.062857
0.3600	15.96	0.644743	0.413444	0.173211	0.072566
0.3600	16.33	0.644743	0.469303	0.174496	0.064881
0.3600	16.69	0.644743	0.559894	0.077618	0.010760
0.3600	17.06	0.644743	0.573383	0.125046	0.027271
0.3600	17.43	0.644743	0.630784	0.052644	0.004393
0.3600	17.80	0.644743	0.669704	0.099050	0.014650
0.3600	18.16	0.644743	0.695844	0.096605	0.013412
0.3600	18.53	0.644743	0.739136	0.037098	0.001862
0.3600	18.90	0.644743	0.751593	0.104647	0.014570
0.3600	19.27	0.644743	0.786799	0.034677	0.001528
0.3600	19.63	0.644743	0.785234	0.147199	0.027594
0.3600	20.00	0.644743	0.829144	0.043256	0.002257
0.3714	2.00	0.644763	0.000000	0.000000	0.000000
0.3714	2.37	0.644763	0.000000	0.000000	0.000000
0.3714	2.73	0.644763	0.000000	0.000000	0.000000
0.3714	3.10	0.644763	0.000000	0.000000	0.000000
0.3714	3.47	0.644763	0.000000	0.000000	0.000000
0.3714	3.84	0.644763	0.000000	0.000000	0.000000
0.3714	4.20	0.644763	0.000000	0.000000	0.000000
0.3714	4.57	0.644763	0.000000	0.000000	0.000000
0.3714	4.94	0.644763	0.000000	0.000000	0.000000
0.3714	5.31	0.644763	0.000000	0.000000	0.000000
0.3714	5.67	0.644763	0.000000	0.000000	0.000000
0.3714	6.04	0.644763	0.000000	0.000000	0.000000
0.3714	6.41	0.644763	0.000000	0.000000	0.000000
0.3714	6.78	0.644763	0.000000	0.000000	0.000000
0.3714	7.14	0.644763	0.000000	0.000000	0.000000
0.3714	7.51	0.644763	0.000000	0.000000	0.000000
0.3714	7.88	0.644763	0.000000	0.000000	0.000000
0.3714	8.24	0.644763	0.000000	0.000000	0.000000
0.3714	8.61	0.644763	0.000000	0.000000	0.000000
0.3714	8.98	0.644763	0.000000	0.000000	0.000000
0.3714	9.35	0.644763	0.000000	0.000000	0.000000
0.3714	9.71	0.644763	0.052336	0.000000	0.000000
0.3714	10.08	0.644763	0.050467	0.000000	0.000000
0.3714	10.45	0.644763	0.056075	0.001869	0.000062
0.3714	10.82	0.644763	0.059346	0.009097	0.001395
0.3714	11.18	0.644763	0.056324	0.007688	0.001049
0.3714	11.55	0.644763	0.058775	0.006112	0.000636
0.3714	11.92	0.644763	0.063759	0.013804	0.002989
0.3714	12.29	0.644763	0.068002	0.029137	0.012485
0.3714	12.65	0.644763	0.065479	0.022049	0.007425
0.3714	13.02	0.644763	0.069914	0.027481	0.010802
0.3714	13.39	0.644763	0.074654	0.028309	0.010735
0.3714	13.76	0.644763	0.086463	0.049898	0.028796
0.3714	14.12	0.644763	0.085522	0.041410	0.020051
0.3714	14.49	0.644763	0.101568	0.048491	0.023151
0.3714	14.86	0.644763	0.120401	0.068778	0.039289
0.3714	15.22	0.644763	0.134456	0.082754	0.050933
0.3714	15.59	0.644763	0.171838	0.101462	0.059908
0.3714	15.96	0.644763	0.209105	0.117265	0.065762
0.3714	16.33	0.644763	0.268270	0.129165	0.062190
0.3714	16.69	0.644763	0.305194	0.150300	0.074019
0.3714	17.06	0.644763	0.353081	0.159942	0.072452
0.3714	17.43	0.644763	0.492118	0.186861	0.070953
0.3714	17.80	0.644763	0.585706	0.138646	0.032820
0.3714	18.16	0.644763	0.637347	0.159147	0.039739
0.3714	18.53	0.644763	0.610122	0.135527	0.030105
0.3714	18.90	0.644763	0.639935	0.151986	0.036097
0.3714	19.27	0.644763	0.699908	0.095141	0.012933
0.3714	19.63	0.644763	0.716311	0.143002	0.028549
0.3714	20.00	0.644763	0.774318	0.071120	0.006532
0.3829	2.00	0.646961	0.000000	0.000000	0.000000
0.3829	2.37	0.646961	0.000000	0.000000	0.000000
0.3829	2.73	0.646961	0.000000	0.000000	0.000000
0.3829	3.10	0.646961	0.000000	0.000000	0.000000
0.3829	3.47	0.646961	0.000000	0.000000	0.000000
0.3829	3.84	0.646961	0.000000	0.000000	0.000000
0.3829	4.20	0.646961	0.000000	0.000000	0.000000
0.3829	4.57	0.646961	0.000000	0.000000	0.000000
0.3829	4.94	0.646961	0.000000	0.000000	0.000000
0.3829	5.31	0.646961	0.000000	0.000000	0.000000
0.3829	5.67	0.646961	0.000000	0.000000	0.000000
0.3829	6.04	0.646961	0.000000	0.000000	0.000000
0.3829	6.41	0.646961	0.000000	0.000000	0.000000
0.3829	6.78	0.646961	0.000000	0.000000	0.000000
0.3829	7.14	0.646961	0.000000	0.000000	0.000000
0.3829	7.51	0.646961	0.000000	0.000000	0.000000
0.3829	7.88	0.646961	0.000000	0.000000	0.000000
0.3829	8.24	0.646961	0.000000	0.000000	0.000000
0.3829	8.61	0.646961	0.050562	0.000000	0.000000
0.3829	8.98	0.646961	0.054307	0.000000	0.000000
0.3829	9.35	0.646961	0.000000	0.000000	0.000000
0.3829	9.71	0.646961	0.050562	0.000000	0.000000
0.3829	10.08	0.646961	0.000000	0.000000	0.000000
0.3829	10.45	0.646961	0.058989	0.000936	0.000015
0.3829	10.82	0.646961	0.056180	0.005662	0.000571
0.3829	11.18	0.646961	0.055460	0.005170	0.000482
0.3829	11.55	0.646961	0.057678	0.012217	0.002588
0.3829	11.92	0.646961	0.062266	0.019377	0.006030
0.3829	12.29	0.646961	0.060159	0.011472	0.002188
0.3829	12.65	0.646961	0.062506	0.014677	0.003446
0.3829	13.02	0.646961	0.069139	0.023105	0.007722
0.3829	13.39	0.646961	0.078017	0.030442	0.011878
0.3829	13.76	0.646961	0.091570	0.059408	0.038542
0.3829	14.12	0.646961	0.109018	0.067014	0.041194
0.3829	14.49	0.646961	0.115023	0.080160	0.055863
0.3829	14.86	0.646961	0.139513	0.096481	0.066722
0.3829	15.22	0.646961	0.165744	0.096874	0.056620
0.3829	15.59	0.646961	0.193910	0.111683	0.064324
0.3829	15.96	0.646961	0.229668	0.121091	0.063844
0.3829	16.33	0.646961	0.327448	0.160920	0.079082
0.3829	16.69	0.646961	0.412487	0.189744	0.087282
0.3829	17.06	0.646961	0.492686	0.151325	0.046478
0.3829	17.43	0.646961	0.571338	0.154086	0.041556
0.3829	17.80	0.646961	0.647433	0.108444	0.018164
0.3829	18.16	0.646961	0.658888	0.145843	0.032282
0.3829	18.53	0.646961	0.702897	0.141903	0.028648
0.3829	18.90	0.646961	0.749925	0.132851	0.023535
0.3829	19.27	0.646961	0.796945	0.036759	0.001695
0.3829	19.63	0.646961	0.824009	0.027754	0.000935
0.3829	20.00	0.646961	0.821620	0.108811	0.014410
0.3943	2.00	0.662537	0.000000	0.000000	0.000000
0.3943	2.37	0.662537	0.000000	0.000000	0.000000
0.3943	2.73	0.662537	0.000000	0.000000	0.000000
0.3943	3.10	0.662537	0.000000	0.000000	0.000000
0.3943	3.47	0.662537	0.000000	0.000000	0.000000
0.3943	3.84	0.662537	0.000000	0.000000	0.000000
0.3943	4.20	0.662537	0.000000	0.000000	0.000000
0.3943	4.57	0.662537	0.000000	0.000000	0.000000
0.3943	4.94	0.662537	0.000000	0.000000	0.000000
0.3943	5.31	0.662537	0.000000	0.000000	0.000000
0.3943	5.67	0.662537	0.000000	0.000000	0.000000
0.3943	6.04	0.662537	0.000000	0.000000	0.000000
0.3943	6.41	0.662537	0.000000	0.000000	0.000000
0.3943	6.78	0.662537	0.000000	0.000000	0.000000
0.3943	7.14	0.662537	0.000000	0.000000	0.000000
0.3943	7.51	0.662537	0.000000	0.000000	0.000000
0.3943	7.88	0.662537	0.000000	0.000000	0.000000
0.3943	8.24	0.662537	0.051233	0.000000	0.000000
0.3943	8.61	0.662537	0.000000	0.000000	0.000000
0.3943	8.98	0.662537	0.051233	0.000000	0.000000
0.3943	9.35	0.662537	0.051233	0.000000	0.000000
0.3943	9.71	0.662537	0.000000	0.000000	0.000000
0.3943	10.08	0.662537	0.000000	0.000000	0.000000
0.3943	10.45	0.662537	0.055408	0.005680	0.000582
0.3943	10.82	0.662537	0.056083	0.004482	0.000358
0.3943	11.18	0.662537	0.066241	0.010929	0.001803
0.3943	11.55	0.662537	0.063288	0.017108	0.004625
0.3943	11.92	0.662537	0.062473	0.011262	0.002030
0.3943	12.29	0.662537	0.068081	0.018414	0.004980
0.3943	12.65	0.662537	0.078030	0.034045	0.014854
0.3943	13.02	0.662537	0.087919	0.065803	0.049251
0.3943	13.39	0.662537	0.104364	0.064566	0.039944
0.3943	13.76	0.662537	0.117618	0.089113	0.067517
0.3943	14.12	0.662537	0.193790	0.132371	0.090417
0.3943	14.49	0.662537	0.202545	0.148019	0.108171
0.3943	14.86	0.662537	0.265082	0.155103	0.090753
0.3943	15.22	0.662537	0.303778	0.160457	0.084754
0.3943	15.59	0.662537	0.432234	0.159720	0.059020
0.3943	15.96	0.662537	0.530278	0.139830	0.036872
0.3943	16.33	0.662537	0.502882	0.225906	0.101482
0.3943	16.69	0.662537	0.627918	0.173311	0.047835
0.3943	17.06	0.662537	0.653236	0.175259	0.047021
0.3943	17.43	0.662537	0.752941	0.070121	0.006530
0.3943	17.80	0.662537	0.752289	0.095249	0.012060
0.3943	18.16	0.662537	0.746640	0.148487	0.029530
0.3943	18.53	0.662537	0.786132	0.116546	0.017278
0.3943	18.90	0.662537	0.791796	0.116248	0.017067
0.3943	19.27	0.662537	0.813921	0.062793	0.004844
0.3943	19.63	0.662537	0.839638	0.039291	0.001839
0.3943	20.00	0.662537	0.807420	0.053037	0.003484
0.4057	2.00	0.653643	0.000000	0.000000	0.000000
0.4057	2.37	0.653643	0.000000	0.000000	0.000000
0.4057	2.73	0.653643	0.000000	0.000000	0.000000
0.4057	3.10	0.653643	0.000000	0.000000	0.000000
0.4057	3.47	0.653643	0.000000	0.000000	0.000000
0.4057	3.84	0.653643	0.000000	0.000000	0.000000
0.4057	4.20	0.653643	0.000000	0.000000	0.000000
0.4057	4.57	0.653643	0.000000	0.000000	0.000000
0.4057	4.94	0.653643	0.000000	0.000000	0.000000
0.4057	5.31	0.653643	0.000000	0.000000	0.000000
0.4057	5.67	0.653643	0.000000	0.000000	0.000000
0.4057	6.04	0.653643	0.000000	0.000000	0.000000
0.4057	6.41	0.653643	0.000000	0.000000	0.000000
0.4057	6.78	0.653643	0.000000	0.000000	0.000000
0.4057	7.14	0.653643	0.000000	0.000000	0.000000
0.4057	7.51	0.653643	0.000000	0.000000	0.000000
0.4057	7.88	0.653643	0.000000	0.000000	0.000000
0.4057	8.24	0.653643	0.000000	0.000000	0.000000
0.4057	8.61	0.653643	0.000000	0.000000	0.000000
0.4057	8.98	0.653643	0.051985	0.000945	0.000017
0.4057	9.35	0.653643	0.058601	0.000000	0.000000
0.4057	9.71	0.653643	0.055766	0.002113	0.000080
0.4057	10.08	0.653643	0.057845	0.004871	0.000410
0.4057	10.45	0.653643	0.061122	0.011856	0.002300
0.4057	10.82	0.653643	0.058601	0.006077	0.000630
0.4057	11.18	0.653643	0.076938	0.024473	0.007785
0.4057	11.55	0.653643	0.076778	0.024429	0.007773
0.4057	11.92	0.653643	0.075532	0.024832	0.008164
0.4057	12.29	0.653643	0.099629	0.050681	0.025782
0.4057	12.65	0.653643	0.095180	0.052550	0.029013
0.4057	13.02	0.653643	0.082773	0.038024	0.017467
0.4057	13.39	0.653643	0.108768	0.074508	0.051039
0.4057	13.76	0.653643	0.159866	0.112700	0.079450
0.4057	14.12	0.653643	0.182084	0.126459	0.087826
0.4057	14.49	0.653643	0.215329	0.140360	0.091492
0.4057	14.86	0.653643	0.271298	0.148721	0.081526
0.4057	15.22	0.653643	0.375603	0.175723	0.082211
0.4057	15.59	0.653643	0.442653	0.177795	0.071413
0.4057	15.96	0.653643	0.474515	0.194324	0.079580
0.4057	16.33	0.653643	0.605923	0.148140	0.036218
0.4057	16.69	0.653643	0.648311	0.156195	0.037631
0.4057	17.06	0.653643	0.672516	0.153644	0.035102
0.4057	17.43	0.653643	0.692488	0.098963	0.014143
0.4057	17.80	0.653643	0.745222	0.049354	0.003269
0.4057	18.16	0.653643	0.758774	0.049794	0.003268
0.4057	18.53	0.653643	0.774806	0.054211	0.003793
0.4057	18.90	0.653643	0.769455	0.061847	0.004971
0.4057	19.27	0.653643	0.786823	0.115386	0.016921
0.4057	19.63	0.653643	0.852276	0.040026	0.001880
0.4057	20.00	0.653643	0.857336	0.038143	0.001697
0.4171	2.00	0.636132	0.000000	0.000000	0.000000
0.4171	2.37	0.636132	0.000000	0.000000	0.000000
0.4171	2.73	0.636132	0.000000	0.000000	0.000000
0.4171	3.10	0.636132	0.000000	0.000000	0.000000
0.4171	3.47	0.636132	0.000000	0.000000	0.000000
0.4171	3.84	0.636132	0.000000	0.000000	0.000000
0.4171	4.20	0.636132	0.000000	0.000000	0.000000
0.4171	4.57	0.636132	0.000000	0.000000	0.000000
0.4171	4.94	0.636132	0.000000	0.000000	0.000000
0.4171	5.31	0.636132	0.000000	0.000000	0.000000
0.4171	5.67	0.636132	0.000000	0.000000	0.000000
0.4171	6.04	0.636132	0.000000	0.000000	0.000000
0.4171	6.41	0.636132	0.000000	0.000000	0.000000
0.4171	6.78	0.636132	0.000000	0.000000	0.000000
0.4171	7.14	0.636132	0.000000	0.000000	0.000000
0.4171	7.51	0.636132	0.000000	0.000000	0.000000
0.4171	7.88	0.636132	0.000000	0.000000	0.000000
0.4171	8.24	0.636132	0.000000	0.000000	0.000000
0.4171	8.61	0.636132	0.000000	0.000000	0.000000
0.4171	8.98	0.636132	0.052731	0.000000	0.000000
0.4171	9.35	0.636132	0.051789	0.000942	0.000017
0.4171	9.71	0.636132	0.054614	0.004068	0.000303
0.4171	10.08	0.636132	0.054237	0.005883	0.000638
0.4171	10.45	0.636132	0.057439	0.007109	0.000880
0.4171	10.82	0.636132	0.061519	0.009765	0.001550
0.4171	11.18	0.636132	0.056497	0.005157	0.000471
0.4171	11.55	0.636132	0.053986	0.002349	0.000102
0.4171	11.92	0.636132	0.055421	0.002219	0.000089
0.4171	12.29	0.636132	0.060698	0.008524	0.001197
0.4171	12.65	0.636132	0.067077	0.018688	0.005207
0.4171	13.02	0.636132	0.065686	0.018758	0.005357
0.4171	13.39	0.636132	0.072285	0.021789	0.006568
0.4171	13.76	0.636132	0.077295	0.031531	0.012863
0.4171	14.12	0.636132	0.089719	0.043743	0.021327
0.4171	14.49	0.636132	0.087986	0.046519	0.024595
0.4171	14.86	0.636132	0.109630	0.071741	0.046947
0.4171	15.22	0.636132	0.118830	0.074958	0.047283
0.4171	15.59	0.636132	0.176592	0.110953	0.069712
0.4171	15.96	0.636132	0.206201	0.131724	0.084147
0.4171	16.33	0.636132	0.285071	0.150569	0.079527
0.4171	16.69	0.636132	0.339014	0.151663	0.067849
0.4171	17.06	0.636132	0.417474	0.164674	0.064956
0.4171	17.43	0.636132	0.515152	0.188845	0.069227
0.4171	17.80	0.636132	0.568878	0.189356	0.063029
0.4171	18.16	0.636132	0.639649	0.144797	0.032778
0.4171	18.53	0.636132	0.598207	0.166819	0.046520
0.4171	18.90	0.636132	0.609812	0.188071	0.058003
0.4171	19.27	0.636132	0.684244	0.138071	0.027861
0.4171	19.63	0.636132	0.736347	0.105161	0.015018
0.4171	20.00	0.636132	0.782787	0.082006	0.008591
0.4286	2.00	0.644806	0.000000	0.000000	0.000000
0.4286	2.37	0.644806	0.000000	0.000000	0.000000
0.4286	2.73	0.644806	0.000000	0.000000	0.000000
0.4286	3.10	0.644806	0.000000	0.000000	0.000000
0.4286	3.47	0.644806	0.000000	0.000000	0.000000
0.4286	3.84	0.644806	0.000000	0.000000	0.000000
0.4286	4.20	0.644806	0.000000	0.000000	0.000000
0.4286	4.57	0.644806	0.000000	0.000000	0.000000
0.4286	4.94	0.644806	0.000000	0.000000	0.000000
0.4286	5.31	0.644806	0.000000	0.000000	0.000000
0.4286	5.67	0.644806	0.000000	0.000000	0.000000
0.4286	6.04	0.644806	0.000000	0.000000	0.000000
0.4286	6.41	0.644806	0.000000	0.000000	0.000000
0.4286	6.78	0.644806	0.000000	0.000000	0.000000
0.4286	7.14	0.644806	0.000000	0.000000	0.000000
0.4286	7.51	0.644806	0.000000	0.000000	0.000000
0.4286	7.88	0.644806	0.000000	0.000000	0.000000
0.4286	8.24	0.644806	0.000000	0.000000	0.000000
0.4286	8.61	0.644806	0.000000	0.000000	0.000000
0.4286	8.98	0.644806	0.000000	0.000000	0.000000
0.4286	9.35	0.644806	0.000000	0.000000	0.000000
0.4286	9.71	0.644806	0.000000	0.000000	0.000000
0.4286	10.08	0.644806	0.054717	0.000000	0.000000
0.4286	10.45	0.644806	0.053774	0.000943	0.000017
0.4286	10.82	0.644806	0.055849	0.005546	0.000551
0.4286	11.18	0.644806	0.058491	0.009138	0.001428
0.4286	11.55	0.644806	0.057925	0.007918	0.001082
0.4286	11.92	0.644806	0.058019	0.007292	0.000917
0.4286	12.29	0.644806	0.059586	0.009437	0.001495
0.4286	12.65	0.644806	0.064654	0.015920	0.003920
0.4286	13.02	0.644806	0.073291	0.023995	0.007856
0.4286	13.39	0.644806	0.079245	0.031685	0.012668
0.4286	13.76	0.644806	0.088075	0.039584	0.017790
0.4286	14.12	0.644806	0.095144	0.054687	0.031433
0.4286	14.49	0.644806	0.101074	0.048300	0.023081
0.4286	14.86	0.644806	0.096998	0.050026	0.025801
0.4286	15.22	0.644806	0.132407	0.074690	0.042132
0.4286	15.59	0.644806	0.154040	0.086562	0.048644
0.4286	15.96	0.644806	0.264660	0.132509	0.066344
0.4286	16.33	0.644806	0.299129	0.158607	0.084098
0.4286	16.69	0.644806	0.332429	0.156318	0.073506
0.4286	17.06	0.644806	0.373137	0.152965	0.062707
0.4286	17.43	0.644806	0.416915	0.145111	0.050507
0.4286	17.80	0.644806	0.505233	0.127231	0.032040
0.4286	18.16	0.644806	0.476480	0.151470	0.048151
0.4286	18.53	0.644806	0.480126	0.168210	0.058932
0.4286	18.90	0.644806	0.560309	0.155004	0.042880
0.4286	19.27	0.644806	0.596425	0.171527	0.049330
0.4286	19.63	0.644806	0.642790	0.174387	0.047311
0.4286	20.00	0.644806	0.743752	0.118300	0.018816
0.4400	2.00	0.647708	0.000000	0.000000	0.000000
0.4400	2.37	0.647708	0.000000	0.000000	0.000000
0.4400	2.73	0.647708	0.000000	0.000000	0.000000
0.4400	3.10	0.647708	0.000000	0.000000	0.000000
0.4400	3.47	0.647708	0.000000	0.000000	0.000000
0.4400	3.84	0.647708	0.000000	0.000000	0.000000
0.4400	4.20	0.647708	0.000000	0.000000	0.000000
0.4400	4.57	0.647708	0.000000	0.000000	0.000000
0.4400	4.94	0.647708	0.000000	0.000000	0.000000
0.4400	5.31	0.647708	0.000000	0.000000	0.000000
0.4400	5.67	0.647708	0.000000	0.000000	0.000000
0.4400	6.04	0.647708	0.000000	0.000000	0.000000
0.4400	6.41	0.647708	0.000000	0.000000	0.000000
0.4400	6.78	0.647708	0.000000	0.000000	0.000000
0.4400	7.14	0.647708	0.000000	0.000000	0.000000
0.4400	7.51	0.647708	0.000000	0.000000	0.000000
0.4400	7.88	0.647708	0.000000	0.000000	0.000000
0.4400	8.24	0.647708	0.000000	0.000000	0.000000
0.4400	8.61	0.647708	0.000000	0.000000	0.000000
0.4400	8.98	0.647708	0.055662	0.000000	0.000000
0.4400	9.35	0.647708	0.057582	0.000000	0.000000
0.4400	9.71	0.647708	0.000000	0.000000	0.000000
0.4400	10.08	0.647708	0.000000	0.000000	0.000000
0.4400	10.45	0.647708	0.059981	0.009822	0.001608
0.4400	10.82	0.647708	0.062380	0.006718	0.000723
0.4400	11.18	0.647708	0.058435	0.008396	0.001206
0.4400	11.55	0.647708	0.056114	0.004771	0.000406
0.4400	11.92	0.647708	0.063877	0.015795	0.003906
0.4400	12.29	0.647708	0.065670	0.017292	0.004553
0.4400	12.65	0.647708	0.064886	0.016498	0.004195
0.4400	13.02	0.647708	0.070092	0.021225	0.006427
0.4400	13.39	0.647708	0.090439	0.039360	0.017130
0.4400	13.76	0.647708	0.096554	0.047972	0.023835
0.4400	14.12	0.647708	0.107344	0.068143	0.043257
0.4400	14.49	0.647708	0.130045	0.077213	0.045845
0.4400	14.86	0.647708	0.171298	0.106969	0.066798
0.4400	15.22	0.647708	0.220523	0.136527	0.084524
0.4400	15.59	0.647708	0.388108	0.165424	0.070509
0.4400	15.96	0.647708	0.491771	0.157976	0.050748
0.4400	16.33	0.647708	0.559521	0.110511	0.021827
0.4400	16.69	0.647708	0.666107	0.110997	0.018496
0.4400	17.06	0.647708	0.714220	0.058024	0.004714
0.4400	17.43	0.647708	0.748401	0.047295	0.002989
0.4400	17.80	0.647708	0.776984	0.043425	0.002427
0.4400	18.16	0.647708	0.798219	0.049498	0.003069
0.4400	18.53	0.647708	0.808767	0.106040	0.013903
0.4400	18.90	0.647708	0.801794	0.046405	0.002686
0.4400	19.27	0.647708	0.813743	0.039334	0.001901
0.4400	19.63	0.647708	0.833405	0.026374	0.000835
0.4400	20.00	0.647708	0.875632	0.014227	0.000231
0.4514	2.00	0.633059	0.000000	0.000000	0.000000
0.4514	2.37	0.633059	0.000000	0.000000	0.000000
0.4514	2.73	0.633059	0.000000	0.000000	0.000000
0.4514	3.10	0.633059	0.000000	0.000000	0.000000
0.4514	3.47	0.633059	0.000000	0.000000	0.000000
0.4514	3.84	0.633059	0.000000	0.000000	0.000000
0.4514	4.20	0.633059	0.000000	0.000000	0.000000
0.4514	4.57	0.633059	0.000000	0.000000	0.000000
0.4514	4.94	0.633059	0.000000	0.000000	0.000000
0.4514	5.31	0.633059	0.000000	0.000000	0.000000
0.4514	5.67	0.633059	0.000000	0.000000	0.000000
0.4514	6.04	0.633059	0.000000	0.000000	0.000000
0.4514	6.41	0.633059	0.000000	0.000000	0.000000
0.4514	6.78	0.633059	0.000000	0.000000	0.000000
0.4514	7.14	0.633059	0.000000	0.000000	0.000000
0.4514	7.51	0.633059	0.000000	0.000000	0.000000
0.4514	7.88	0.633059	0.000000	0.000000	0.000000
0.4514	8.24	0.633059	0.000000	0.000000	0.000000
0.4514	8.61	0.633059	0.000000	0.000000	0.000000
0.4514	8.98	0.633059	0.000000	0.000000	0.000000
0.4514	9.35	0.633059	0.000000	0.000000	0.000000
0.4514	9.71	0.633059	0.000000	0.000000	0.000000
0.4514	10.08	0.633059	0.000000	0.000000	0.000000
0.4514	10.45	0.633059	0.051527	0.000000	0.000000
0.4514	10.82	0.633059	0.054389	0.002863	0.000151
0.4514	11.18	0.633059	0.054389	0.003259	0.000195
0.4514	11.55	0.633059	0.056139	0.004832	0.000416
0.4514	11.92	0.633059	0.058445	0.005954	0.000607
0.4514	12.29	0.633059	0.058047	0.007053	0.000857
0.4514	12.65	0.633059	0.059449	0.006478	0.000706
0.4514	13.02	0.633059	0.065635	0.016919	0.004361
0.4514	13.39	0.633059	0.082824	0.034642	0.014489
0.4514	13.76	0.633059	0.085361	0.039419	0.018204
0.4514	14.12	0.633059	0.091011	0.044744	0.021997
0.4514	14.49	0.633059	0.086776	0.038448	0.017035
0.4514	14.86	0.633059	0.099609	0.053336	0.028559
0.4514	15.22	0.633059	0.127260	0.074206	0.043270
0.4514	15.59	0.633059	0.141850	0.088124	0.054746
0.4514	15.96	0.633059	0.145641	0.078008	0.041783
0.4514	16.33	0.633059	0.160959	0.091056	0.051511
0.4514	16.69	0.633059	0.230260	0.118739	0.061230
0.4514	17.06	0.633059	0.320324	0.168014	0.088125
0.4514	17.43	0.633059	0.435006	0.144439	0.047959
0.4514	17.80	0.633059	0.530786	0.107837	0.021909
0.4514	18.16	0.633059	0.571989	0.150581	0.039642
0.4514	18.53	0.633059	0.608383	0.108342	0.019294
0.4514	18.90	0.633059	0.651081	0.132842	0.027104
0.4514	19.27	0.633059	0.694833	0.115953	0.019350
0.4514	19.63	0.633059	0.714601	0.090935	0.011572
0.4514	20.00	0.633059	0.754241	0.104655	0.014522
0.4629	2.00	0.655432	0.000000	0.000000	0.000000
0.4629	2.37	0.655432	0.000000	0.000000	0.000000
0.4629	2.73	0.655432	0.000000	0.000000	0.000000
0.4629	3.10	0.655432	0.000000	0.000000	0.000000
0.4629	3.47	0.655432	0.000000	0.000000	0.000000
0.4629	3.84	0.655432	0.000000	0.000000	0.000000
0.4629	4.20	0.655432	0.000000	0.000000	0.000000
0.4629	4.57	0.655432	0.000000	0.000000	0.000000
0.4629	4.94	0.655432	0.000000	0.000000	0.000000
0.4629	5.31	0.655432	0.000000	0.000000	0.000000
0.4629	5.67	0.655432	0.000000	0.000000	0.000000
0.4629	6.04	0.655432	0.000000	0.000000	0.000000
0.4629	6.41	0.655432	0.000000	0.000000	0.000000
0.4629	6.78	0.655432	0.000000	0.000000	0.000000
0.4629	7.14	0.655432	0.000000	0.000000	0.000000
0.4629	7.51	0.655432	0.000000	0.000000	0.000000
0.4629	7.88	0.655432	0.000000	0.000000	0.000000
0.4629	8.24	0.655432	0.000000	0.000000	0.000000
0.4629	8.61	0.655432	0.000000	0.000000	0.000000
0.4629	8.98	0.655432	0.000000	0.000000	0.000000
0.4629	9.35	0.655432	0.000000	0.000000	0.000000
0.4629	9.71	0.655432	0.056391	0.000000	0.000000
0.4629	10.08	0.655432	0.054511	0.003759	0.000259
0.4629	10.45	0.655432	0.052632	0.001880	0.000067
0.4629	10.82	0.655432	0.054511	0.001880	0.000065
0.4629	11.18	0.655432	0.055639	0.004384	0.000345
0.4629	11.55	0.655432	0.057018	0.006660	0.000778
0.4629	11.92	0.655432	0.058271	0.008817	0.001334
0.4629	12.29	0.655432	0.060150	0.008179	0.001112
0.4629	12.65	0.655432	0.060477	0.010643	0.001873
0.4629	13.02	0.655432	0.062935	0.016580	0.004368
0.4629	13.39	0.655432	0.064536	0.016282	0.004108
0.4629	13.76	0.655432	0.065967	0.016698	0.004227
0.4629	14.12	0.655432	0.066123	0.014656	0.003248
0.4629	14.49	0.655432	0.067283	0.017194	0.004394
0.4629	14.86	0.655432	0.074460	0.025460	0.008706
0.4629	15.22	0.655432	0.081036	0.031097	0.011933
0.4629	15.59	0.655432	0.118175	0.059524	0.029982
0.4629	15.96	0.655432	0.137170	0.072163	0.037964
0.4629	16.33	0.655432	0.167179	0.095848	0.054952
0.4629	16.69	0.655432	0.208488	0.112209	0.060391
0.4629	17.06	0.655432	0.176670	0.099051	0.055533
0.4629	17.43	0.655432	0.196591	0.111457	0.063191
0.4629	17.80	0.655432	0.241863	0.131677	0.071689
0.4629	18.16	0.655432	0.323917	0.147540	0.067202
0.4629	18.53	0.655432	0.374772	0.172640	0.079528
0.4629	18.90	0.655432	0.447756	0.162661	0.059092
0.4629	19.27	0.655432	0.473089	0.141986	0.042613
0.4629	19.63	0.655432	0.508197	0.171142	0.057634
0.4629	20.00	0.655432	0.574151	0.135460	0.031959
0.4743	2.00	0.622356	0.000000	0.000000	0.000000
0.4743	2.37	0.622356	0.000000	0.000000	0.000000
0.4743	2.73	0.622356	0.000000	0.000000	0.000000
0.4743	3.10	0.622356	0.000000	0.000000	0.000000
0.4743	3.47	0.622356	0.000000	0.000000	0.000000
0.4743	3.84	0.622356	0.000000	0.000000	0.000000
0.4743	4.20	0.622356	0.000000	0.000000	0.000000
0.4743	4.57	0.622356	0.000000	0.000000	0.000000
0.4743	4.94	0.622356	0.000000	0.000000	0.000000
0.4743	5.31	0.622356	0.000000	0.000000	0.000000
0.4743	5.67	0.622356	0.000000	0.000000	0.000000
0.4743	6.04	0.622356	0.000000	0.000000	0.000000
0.4743	6.41	0.622356	0.000000	0.000000	0.000000
0.4743	6.78	0.622356	0.000000	0.000000	0.000000
0.4743	7.14	0.622356	0.000000	0.000000	0.000000
0.4743	7.51	0.622356	0.000000	0.000000	0.000000
0.4743	7.88	0.622356	0.000000	0.000000	0.000000
0.4743	8.24	0.622356	0.000000	0.000000	0.000000
0.4743	8.61	0.622356	0.000000	0.000000	0.000000
0.4743	8.98	0.622356	0.052731	0.000000	0.000000
0.4743	9.35	0.622356	0.050847	0.000000	0.000000
0.4743	9.71	0.622356	0.050847	0.000000	0.000000
0.4743	10.08	0.622356	0.050847	0.000000	0.000000
0.4743	10.45	0.622356	0.054614	0.003766	0.000260
0.4743	10.82	0.622356	0.058757	0.006120	0.000637
0.4743	11.18	0.622356	0.057543	0.007108	0.000878
0.4743	11.55	0.622356	0.054405	0.003708	0.000253
0.4743	11.92	0.622356	0.058757	0.007539	0.000967
0.4743	12.29	0.622356	0.057721	0.005595	0.000542
0.4743	12.65	0.622356	0.060264	0.012440	0.002568
0.4743	13.02	0.622356	0.064706	0.017514	0.004740
0.4743	13.39	0.622356	0.067578	0.017756	0.004665
0.4743	13.76	0.622356	0.076552	0.029813	0.011611
0.4743	14.12	0.622356	0.087453	0.043290	0.021429
0.4743	14.49	0.622356	0.097496	0.052791	0.028585
0.4743	14.86	0.622356	0.120230	0.074372	0.046005
0.4743	15.22	0.622356	0.139912	0.083480	0.049809
0.4743	15.59	0.622356	0.197084	0.123716	0.077661
0.4743	15.96	0.622356	0.251891	0.153379	0.093395
0.4743	16.33	0.622356	0.277330	0.140898	0.071584
0.4743	16.69	0.622356	0.368076	0.168274	0.076930
0.4743	17.06	0.622356	0.472077	0.172772	0.063232
0.4743	17.43	0.622356	0.583952	0.095951	0.015766
0.4743	17.80	0.622356	0.645122	0.073268	0.008321
0.4743	18.16	0.622356	0.667413	0.136549	0.027937
0.4743	18.53	0.622356	0.690062	0.104425	0.015802
0.4743	18.90	0.622356	0.729379	0.103412	0.014662
0.4743	19.27	0.622356	0.763413	0.041303	0.002235
0.4743	19.63	0.622356	0.829115	0.033102	0.001322
0.4743	20.00	0.622356	0.835367	0.112304	0.015098
0.4857	2.00	0.635108	0.000000	0.000000	0.000000
0.4857	2.37	0.635108	0.000000	0.000000	0.000000
0.4857	2.73	0.635108	0.000000	0.000000	0.000000
0.4857	3.10	0.635108	0.000000	0.000000	0.000000
0.4857	3.47	0.635108	0.000000	0.000000	0.000000
0.4857	3.84	0.635108	0.000000	0.000000	0.000000
0.4857	4.20	0.635108	0.000000	0.000000	0.000000
0.4857	4.57	0.635108	0.000000	0.000000	0.000000
0.4857	4.94	0.635108	0.000000	0.000000	0.000000
0.4857	5.31	0.635108	0.000000	0.000000	0.000000
0.4857	5.67	0.635108	0.000000	0.000000	0.000000
0.4857	6.04	0.635108	0.000000	0.000000	0.000000
0.4857	6.41	0.635108	0.000000	0.000000	0.000000
0.4857	6.78	0.635108	0.000000	0.000000	0.000000
0.4857	7.14	0.635108	0.000000	0.000000	0.000000
0.4857	7.51	0.635108	0.000000	0.000000	0.000000
0.4857	7.88	0.635108	0.000000	0.000000	0.000000
0.4857	8.24	0.635108	0.000000	0.000000	0.000000
0.4857	8.61	0.635108	0.000000	0.000000	0.000000
0.4857	8.98	0.635108	0.000000	0.000000	0.000000
0.4857	9.35	0.635108	0.000000	0.000000	0.000000
0.4857	9.71	0.635108	0.000000	0.000000	0.000000
0.4857	10.08	0.635108	0.054717	0.000000	0.000000
0.4857	10.45	0.635108	0.052830	0.000000	0.000000
0.4857	10.82	0.635108	0.052830	0.001334	0.000034
0.4857	11.18	0.635108	0.053066	0.001987	0.000074
0.4857	11.55	0.635108	0.055094	0.002773	0.000140
0.4857	11.92	0.635108	0.057311	0.005655	0.000558
0.4857	12.29	0.635108	0.061321	0.008491	0.001176
0.4857	12.65	0.635108	0.064151	0.012151	0.002302
0.4857	13.02	0.635108	0.061656	0.011556	0.002166
0.4857	13.39	0.635108	0.062539	0.011586	0.002146
0.4857	13.76	0.635108	0.069646	0.018938	0.005150
0.4857	14.12	0.635108	0.068360	0.018244	0.004869
0.4857	14.49	0.635108	0.068450	0.016924	0.004184
0.4857	14.86	0.635108	0.080004	0.029333	0.010755
0.4857	15.22	0.635108	0.081576	0.032882	0.013254
0.4857	15.59	0.635108	0.118723	0.060313	0.030640
0.4857	15.96	0.635108	0.145203	0.080653	0.044799
0.4857	16.33	0.635108	0.182658	0.105358	0.060771
0.4857	16.69	0.635108	0.229275	0.113830	0.056514
0.4857	17.06	0.635108	0.250044	0.125663	0.063154
0.4857	17.43	0.635108	0.274861	0.139187	0.070483
0.4857	17.80	0.635108	0.338162	0.139722	0.057731
0.4857	18.16	0.635108	0.362235	0.146706	0.059416
0.4857	18.53	0.635108	0.416007	0.157247	0.059438
0.4857	18.90	0.635108	0.481750	0.154875	0.049790
0.4857	19.27	0.635108	0.570384	0.126346	0.027987
0.4857	19.63	0.635108	0.602284	0.127676	0.027065
0.4857	20.00	0.635108	0.599488	0.165309	0.045584
0.4971	2.00	0.651490	0.000000	0.000000	0.000000
0.4971	2.37	0.651490	0.000000	0.000000	0.000000
0.4971	2.73	0.651490	0.000000	0.000000	0.000000
0.4971	3.10	0.651490	0.000000	0.000000	0.000000
0.4971	3.47	0.651490	0.000000	0.000000	0.000000
0.4971	3.84	0.651490	0.000000	0.000000	0.000000
0.4971	4.20	0.651490	0.000000	0.000000	0.000000
0.4971	4.57	0.651490	0.000000	0.000000	0.000000
0.4971	4.94	0.651490	0.000000	0.000000	0.000000
0.4971	5.31	0.651490	0.000000	0.000000	0.000000
0.4971	5.67	0.651490	0.000000	0.000000	0.000000
0.4971	6.04	0.651490	0.000000	0.000000	0.000000
0.4971	6.41	0.651490	0.000000	0.000000	0.000000
0.4971	6.78	0.651490	0.000000	0.000000	0.000000
0.4971	7.14	0.651490	0.000000	0.000000	0.000000
0.4971	7.51	0.651490	0.000000	0.000000	0.000000
0.4971	7.88	0.651490	0.000000	0.000000	0.000000
0.4971	8.24	0.651490	0.000000	0.000000	0.000000
0.4971	8.61	0.651490	0.051040	0.000000	0.000000
0.4971	8.98	0.651490	0.051040	0.000000	0.000000
0.4971	9.35	0.651490	0.000000	0.000000	0.000000
0.4971	9.71	0.651490	0.000000	0.000000	0.000000
0.4971	10.08	0.651490	0.051985	0.000945	0.000017
0.4971	10.45	0.651490	0.052930	0.003274	0.000203
0.4971	10.82	0.651490	0.054348	0.002060	0.000078
0.4971	11.18	0.651490	0.054610	0.005597	0.000574
0.4971	11.55	0.651490	0.056565	0.004774	0.000403
0.4971	11.92	0.651490	0.058310	0.007592	0.000989
0.4971	12.29	0.651490	0.058507	0.006669	0.000760
0.4971	12.65	0.651490	0.059901	0.008960	0.001340
0.4971	13.02	0.651490	0.062646	0.014126	0.003185
0.4971	13.39	0.651490	0.064973	0.016227	0.004053
0.4971	13.76	0.651490	0.080841	0.036285	0.016287
0.4971	14.12	0.651490	0.088922	0.046487	0.024303
0.4971	14.49	0.651490	0.099088	0.049847	0.025076
0.4971	14.86	0.651490	0.112190	0.058336	0.030334
0.4971	15.22	0.651490	0.195509	0.107380	0.058977
0.4971	15.59	0.651490	0.221361	0.115264	0.060018
0.4971	15.96	0.651490	0.315027	0.143135	0.065035
0.4971	16.33	0.651490	0.387015	0.174461	0.078645
0.4971	16.69	0.651490	0.338944	0.171130	0.086402
0.4971	17.06	0.651490	0.383371	0.191726	0.095883
0.4971	17.43	0.651490	0.509091	0.168641	0.055864
0.4971	17.80	0.651490	0.639298	0.145193	0.032975
0.4971	18.16	0.651490	0.721626	0.069533	0.006700
0.4971	18.53	0.651490	0.741712	0.135546	0.024771
0.4971	18.90	0.651490	0.800567	0.055134	0.003797
0.4971	19.27	0.651490	0.778124	0.060457	0.004697
0.4971	19.63	0.651490	0.803554	0.063616	0.005036
0.4971	20.00	0.651490	0.838034	0.024465	0.000714
0.5086	2.00	0.654076	0.000000	0.000000	0.000000
0.5086	2.37	0.654076	0.000000	0.000000	0.000000
0.5086	2.73	0.654076	0.000000	0.000000	0.000000
0.5086	3.10	0.654076	0.000000	0.000000	0.000000
0.5086	3.47	0.654076	0.000000	0.000000	0.000000
0.5086	3.84	0.654076	0.000000	0.000000	0.000000
0.5086	4.20	0.654076	0.000000	0.000000	0.000000
0.5086	4.57	0.654076	0.000000	0.000000	0.000000
0.5086	4.94	0.654076	0.000000	0.000000	0.000000
0.5086	5.31	0.654076	0.000000	0.000000	0.000000
0.5086	5.67	0.654076	0.000000	0.000000	0.000000
0.5086	6.04	0.654076	0.000000	0.000000	0.000000
0.5086	6.41	0.654076	0.000000	0.000000	0.000000
0.5086	6.78	0.654076	0.000000	0.000000	0.000000
0.5086	7.14	0.654076	0.000000	0.000000	0.000000
0.5086	7.51	0.654076	0.000000	0.000000	0.000000
0.5086	7.88	0.654076	0.000000	0.000000	0.000000
0.5086	8.24	0.654076	0.050562	0.000000	0.000000
0.5086	8.61	0.654076	0.052434	0.000000	0.000000
0.5086	8.98	0.654076	0.050562	0.000000	0.000000
0.5086	9.35	0.654076	0.000000	0.000000	0.000000
0.5086	9.71	0.654076	0.000000	0.000000	0.000000
0.5086	10.08	0.654076	0.000000	0.000000	0.000000
0.5086	10.45	0.654076	0.000000	0.000000	0.000000
0.5086	10.82	0.654076	0.054575	0.003232	0.000191
0.5086	11.18	0.654076	0.056554	0.007146	0.000903
0.5086	11.55	0.654076	0.059800	0.012068	0.002435
0.5086	11.92	0.654076	0.065668	0.014005	0.002987
0.5086	12.29	0.654076	0.066113	0.015604	0.003683
0.5086	12.65	0.654076	0.069288	0.021843	0.006886
0.5086	13.02	0.654076	0.076046	0.029138	0.011165
0.5086	13.39	0.654076	0.065955	0.018296	0.005075
0.5086	13.76	0.654076	0.076863	0.024802	0.008003
0.5086	14.12	0.654076	0.082878	0.029643	0.010602
0.5086	14.49	0.654076	0.087586	0.031755	0.011513
0.5086	14.86	0.654076	0.116479	0.060356	0.031275
0.5086	15.22	0.654076	0.138265	0.080789	0.047205
0.5086	15.59	0.654076	0.187596	0.112834	0.067867
0.5086	15.96	0.654076	0.245289	0.124643	0.063337
0.5086	16.33	0.654076	0.305987	0.162775	0.086591
0.5086	16.69	0.654076	0.400102	0.165420	0.068392
0.5086	17.06	0.654076	0.461117	0.164322	0.058558
0.5086	17.43	0.654076	0.559169	0.149106	0.039760
0.5086	17.80	0.654076	0.598747	0.145083	0.035155
0.5086	18.16	0.654076	0.675994	0.083004	0.010192
0.5086	18.53	0.654076	0.705851	0.134664	0.025692
0.5086	18.90	0.654076	0.762532	0.053104	0.003698
0.5086	19.27	0.654076	0.788771	0.058056	0.004273
0.5086	19.63	0.654076	0.818856	0.061807	0.004665
0.5086	20.00	0.654076	0.843835	0.042779	0.002169
0.5200	2.00	0.668728	0.000000	0.000000	0.000000
0.5200	2.37	0.668728	0.000000	0.000000	0.000000
0.5200	2.73	0.668728	0.000000	0.000000	0.000000
0.5200	3.10	0.668728	0.000000	0.000000	0.000000
0.5200	3.47	0.668728	0.000000	0.000000	0.000000
0.5200	3.84	0.668728	0.000000	0.000000	0.000000
0.5200	4.20	0.668728	0.000000	0.000000	0.000000
0.5200	4.57	0.668728	0.000000	0.000000	0.000000
0.5200	4.94	0.668728	0.000000	0.000000	0.000000
0.5200	5.31	0.668728	0.000000	0.000000	0.000000
0.5200	5.67	0.668728	0.000000	0.000000	0.000000
0.5200	6.04	0.668728	0.000000	0.000000	0.000000
0.5200	6.41	0.668728	0.000000	0.000000	0.000000
0.5200	6.78	0.668728	0.050943	0.000000	0.000000
0.5200	7.14	0.668728	0.000000	0.000000	0.000000
0.5200	7.51	0.668728	0.052830	0.000000	0.000000
0.5200	7.88	0.668728	0.000000	0.000000	0.000000
0.5200	8.24	0.668728	0.050943	0.000000	0.000000
0.5200	8.61	0.668728	0.050943	0.000000	0.000000
0.5200	8.98	0.668728	0.050943	0.000000	0.000000
0.5200	9.35	0.668728	0.054717	0.000000	0.000000
0.5200	9.71	0.668728	0.053774	0.002109	0.000083
0.5200	10.08	0.668728	0.055526	0.003473	0.000217
0.5200	10.45	0.668728	0.056132	0.004970	0.000440
0.5200	10.82	0.668728	0.056447	0.007948	0.001119
0.5200	11.18	0.668728	0.058373	0.007678	0.001010
0.5200	11.55	0.668728	0.062736	0.010815	0.001864
0.5200	11.92	0.668728	0.062629	0.010922	0.001905
0.5200	12.29	0.668728	0.068841	0.022345	0.007253
0.5200	12.65	0.668728	0.072556	0.022718	0.007113
0.5200	13.02	0.668728	0.074465	0.026237	0.009244
0.5200	13.39	0.668728	0.083464	0.048144	0.027770
0.5200	13.76	0.668728	0.092580	0.049724	0.026706
0.5200	14.12	0.668728	0.106778	0.066689	0.041651
0.5200	14.49	0.668728	0.117186	0.075792	0.049020
0.5200	14.86	0.668728	0.156833	0.103483	0.068281
0.5200	15.22	0.668728	0.235994	0.164179	0.114218
0.5200	15.59	0.668728	0.318194	0.177810	0.099362
0.5200	15.96	0.668728	0.467774	0.171491	0.062870
0.5200	16.33	0.668728	0.550629	0.160074	0.046535
0.5200	16.69	0.668728	0.641779	0.120043	0.022454
0.5200	17.06	0.668728	0.694377	0.146715	0.030999
0.5200	17.43	0.668728	0.736684	0.151937	0.031336
0.5200	17.80	0.668728	0.767037	0.123286	0.019816
0.5200	18.16	0.668728	0.800501	0.052149	0.003397
0.5200	18.53	0.668728	0.828264	0.044805	0.002424
0.5200	18.90	0.668728	0.856132	0.046075	0.002480
0.5200	19.27	0.668728	0.863090	0.031546	0.001153
0.5200	19.63	0.668728	0.873192	0.028921	0.000958
0.5200	20.00	0.668728	0.888797	0.016692	0.000313
0.5314	2.00	0.639952	0.000000	0.000000	0.000000
0.5314	2.37	0.639952	0.000000	0.000000	0.000000
0.5314	2.73	0.639952	0.000000	0.000000	0.000000
0.5314	3.10	0.639952	0.000000	0.000000	0.000000
0.5314	3.47	0.639952	0.000000	0.000000	0.000000
0.5314	3.84	0.639952	0.000000	0.000000	0.000000
0.5314	4.20	0.639952	0.050562	0.000000	0.000000
0.5314	4.57	0.639952	0.000000	0.000000	0.000000
0.5314	4.94	0.639952	0.050562	0.000000	0.000000
0.5314	5.31	0.639952	0.000000	0.000000	0.000000
0.5314	5.67	0.639952	0.000000	0.000000	0.000000
0.5314	6.04	0.639952	0.050562	0.000000	0.000000
0.5314	6.41	0.639952	0.052434	0.000000	0.000000
0.5314	6.78	0.639952	0.000000	0.000000	0.000000
0.5314	7.14	0.639952	0.000000	0.000000	0.000000
0.5314	7.51	0.639952	0.000000	0.000000	0.000000
0.5314	7.88	0.639952	0.000000	0.000000	0.000000
0.5314	8.24	0.639952	0.000000	0.000000	0.000000
0.5314	8.61	0.639952	0.000000	0.000000	0.000000
0.5314	8.98	0.639952	0.000000	0.000000	0.000000
0.5314	9.35	0.639952	0.050562	0.000000	0.000000
0.5314	9.71	0.639952	0.000000	0.000000	0.000000
0.5314	10.08	0.639952	0.000000	0.000000	0.000000
0.5314	10.45	0.639952	0.052434	0.000000	0.000000
0.5314	10.82	0.639952	0.050562	0.000000	0.000000
0.5314	11.18	0.639952	0.053267	0.003959	0.000294
0.5314	11.55	0.639952	0.053605	0.004075	0.000310
0.5314	11.92	0.639952	0.061352	0.019158	0.005982
0.5314	12.29	0.639952	0.059401	0.009644	0.001566
0.5314	12.65	0.639952	0.059444	0.008474	0.001208
0.5314	13.02	0.639952	0.067456	0.020498	0.006229
0.5314	13.39	0.639952	0.076816	0.032828	0.014030
0.5314	13.76	0.639952	0.084395	0.041532	0.020438
0.5314	14.12	0.639952	0.087935	0.040441	0.018598
0.5314	14.49	0.639952	0.093886	0.053286	0.030243
0.5314	14.86	0.639952	0.105337	0.062141	0.036659
0.5314	15.22	0.639952	0.132170	0.073919	0.041341
0.5314	15.59	0.639952	0.131718	0.073442	0.040949
0.5314	15.96	0.639952	0.173696	0.108672	0.067990
0.5314	16.33	0.639952	0.193061	0.112689	0.065776
0.5314	16.69	0.639952	0.251714	0.139989	0.077853
0.5314	17.06	0.639952	0.285539	0.155066	0.084210
0.5314	17.43	0.639952	0.354064	0.150548	0.064013
0.5314	17.80	0.639952	0.404598	0.144132	0.051345
0.5314	18.16	0.639952	0.449370	0.148415	0.049017
0.5314	18.53	0.639952	0.489180	0.149073	0.045429
0.5314	18.90	0.639952	0.575699	0.128973	0.028894
0.5314	19.27	0.639952	0.615993	0.098681	0.015809
0.5314	19.63	0.639952	0.611042	0.163196	0.043586
0.5314	20.00	0.639952	0.682376	0.126157	0.023324
0.5429	2.00	0.642573	0.000000	0.000000	0.000000
0.5429	2.37	0.642573	0.000000	0.000000	0.000000
0.5429	2.73	0.642573	0.000000	0.000000	0.000000
0.5429	3.10	0.642573	0.000000	0.000000	0.000000
0.5429	3.47	0.642573	0.000000	0.000000	0.000000
0.5429	3.84	0.642573	0.000000	0.000000	0.000000
0.5429	4.20	0.642573	0.000000	0.000000	0.000000
0.5429	4.57	0.642573	0.000000	0.000000	0.000000
0.5429	4.94	0.642573	0.000000	0.000000	0.000000
0.5429	5.31	0.642573	0.000000	0.000000	0.000000
0.5429	5.67	0.642573	0.000000	0.000000	0.000000
0.5429	6.04	0.642573	0.000000	0.000000	0.000000
0.5429	6.41	0.642573	0.000000	0.000000	0.000000
0.5429	6.78	0.642573	0.000000	0.000000	0.000000
0.5429	7.14	0.642573	0.000000	0.000000	0.000000
0.5429	7.51	0.642573	0.000000	0.000000	0.000000
0.5429	7.88	0.642573	0.000000	0.000000	0.000000
0.5429	8.24	0.642573	0.053435	0.000000	0.000000
0.5429	8.61	0.642573	0.053435	0.000000	0.000000
0.5429	8.98	0.642573	0.000000	0.000000	0.000000
0.5429	9.35	0.642573	0.000000	0.000000	0.000000
0.5429	9.71	0.642573	0.052481	0.000954	0.000017
0.5429	10.08	0.642573	0.051527	0.000000	0.000000
0.5429	10.45	0.642573	0.052799	0.001799	0.000061
0.5429	10.82	0.642573	0.057252	0.003678	0.000236
0.5429	11.18	0.642573	0.056234	0.004562	0.000370
0.5429	11.55	0.642573	0.058969	0.007511	0.000957
0.5429	11.92	0.642573	0.061887	0.011904	0.002290
0.5429	12.29	0.642573	0.060903	0.009090	0.001357
0.5429	12.65	0.642573	0.060411	0.009977	0.001648
0.5429	13.02	0.642573	0.065222	0.014141	0.003066
0.5429	13.39	0.642573	0.072560	0.021496	0.006368
0.5429	13.76	0.642573	0.066008	0.017767	0.004782
0.5429	14.12	0.642573	0.076300	0.024701	0.007997
0.5429	14.49	0.642573	0.077415	0.022035	0.006272
0.5429	14.86	0.642573	0.081879	0.035423	0.015325
0.5429	15.22	0.642573	0.142494	0.080210	0.045150
0.5429	15.59	0.642573	0.188250	0.117616	0.073485
0.5429	15.96	0.642573	0.235955	0.135255	0.077531
0.5429	16.33	0.642573	0.295438	0.166826	0.094202
0.5429	16.69	0.642573	0.253333	0.132657	0.069465
0.5429	17.06	0.642573	0.300088	0.144220	0.069311
0.5429	17.43	0.642573	0.325755	0.169512	0.088208
0.5429	17.80	0.642573	0.606683	0.151655	0.037910
0.5429	18.16	0.642573	0.653343	0.160485	0.039421
0.5429	18.53	0.642573	0.726051	0.118480	0.019334
0.5429	18.90	0.642573	0.753637	0.087067	0.010059
0.5429	19.27	0.642573	0.774285	0.145525	0.027351
0.5429	19.63	0.642573	0.820498	0.066646	0.005413
0.5429	20.00	0.642573	0.864092	0.028327	0.000929
0.5543	2.00	0.628916	0.000000	0.000000	0.000000
0.5543	2.37	0.628916	0.000000	0.000000	0.000000
0.5543	2.73	0.628916	0.000000	0.000000	0.000000
0.5543	3.10	0.628916	0.000000	0.000000	0.000000
0.5543	3.47	0.628916	0.000000	0.000000	0.000000
0.5543	3.84	0.628916	0.000000	0.000000	0.000000
0.5543	4.20	0.628916	0.000000	0.000000	0.000000
0.5543	4.57	0.628916	0.000000	0.000000	0.000000
0.5543	4.94	0.628916	0.000000	0.000000	0.000000
0.5543	5.31	0.628916	0.000000	0.000000	0.000000
0.5543	5.67	0.628916	0.000000	0.000000	0.000000
0.5543	6.04	0.628916	0.000000	0.000000	0.000000
0.5543	6.41	0.628916	0.000000	0.000000	0.000000
0.5543	6.78	0.628916	0.000000	0.000000	0.000000
0.5543	7.14	0.628916	0.000000	0.000000	0.000000
0.5543	7.51	0.628916	0.000000	0.000000	0.000000
0.5543	7.88	0.628916	0.000000	0.000000	0.000000
0.5543	8.24	0.628916	0.000000	0.000000	0.000000
0.5543	8.61	0.628916	0.000000	0.000000	0.000000
0.5543	8.98	0.628916	0.052336	0.000000	0.000000
0.5543	9.35	0.628916	0.051402	0.000935	0.000017
0.5543	9.71	0.628916	0.000000	0.000000	0.000000
0.5543	10.08	0.628916	0.000000	0.000000	0.000000
0.5543	10.45	0.628916	0.054206	0.000000	0.000000
0.5543	10.82	0.628916	0.051402	0.000935	0.000017
0.5543	11.18	0.628916	0.052870	0.003270	0.000202
0.5543	11.55	0.628916	0.054206	0.003052	0.000172
0.5543	11.92	0.628916	0.054050	0.004106	0.000312
0.5543	12.29	0.628916	0.062505	0.014334	0.003287
0.5543	12.65	0.628916	0.057499	0.007317	0.000931
0.5543	13.02	0.628916	0.061415	0.009275	0.001401
0.5543	13.39	0.628916	0.064032	0.020477	0.006549
0.5543	13.76	0.628916	0.069477	0.020386	0.005982
0.5543	14.12	0.628916	0.069278	0.025919	0.009697
0.5543	14.49	0.628916	0.082243	0.032671	0.012978
0.5543	14.86	0.628916	0.101174	0.048794	0.023532
0.5543	15.22	0.628916	0.102528	0.049227	0.023635
0.5543	15.59	0.628916	0.126277	0.067917	0.036529
0.5543	15.96	0.628916	0.146838	0.083597	0.047593
0.5543	16.33	0.628916	0.188232	0.105721	0.059379
0.5543	16.69	0.628916	0.220748	0.119156	0.064319
0.5543	17.06	0.628916	0.290142	0.130770	0.058939
0.5543	17.43	0.628916	0.293543	0.136937	0.063880
0.5543	17.80	0.628916	0.426274	0.115346	0.031212
0.5543	18.16	0.628916	0.469533	0.128490	0.035162
0.5543	18.53	0.628916	0.540048	0.156905	0.045587
0.5543	18.90	0.628916	0.616611	0.108281	0.019015
0.5543	19.27	0.628916	0.649727	0.132304	0.026941
0.5543	19.63	0.628916	0.711710	0.068104	0.006517
0.5543	20.00	0.628916	0.735376	0.071263	0.006906
0.5657	2.00	0.620971	0.000000	0.000000	0.000000
0.5657	2.37	0.620971	0.000000	0.000000	0.000000
0.5657	2.73	0.620971	0.000000	0.000000	0.000000
0.5657	3.10	0.620971	0.000000	0.000000	0.000000
0.5657	3.47	0.620971	0.000000	0.000000	0.000000
0.5657	3.84	0.620971	0.000000	0.000000	0.000000
0.5657	4.20	0.620971	0.000000	0.000000	0.000000
0.5657	4.57	0.620971	0.000000	0.000000	0.000000
0.5657	4.94	0.620971	0.000000	0.000000	0.000000
0.5657	5.31	0.620971	0.000000	0.000000	0.000000
0.5657	5.67	0.620971	0.000000	0.000000	0.000000
0.5657	6.04	0.620971	0.000000	0.000000	0.000000
0.5657	6.41	0.620971	0.000000	0.000000	0.000000
0.5657	6.78	0.620971	0.000000	0.000000	0.000000
0.5657	7.14	0.620971	0.000000	0.000000	0.000000
0.5657	7.51	0.620971	0.000000	0.000000	0.000000
0.5657	7.88	0.620971	0.000000	0.000000	0.000000
0.5657	8.24	0.620971	0.000000	0.000000	0.000000
0.5657	8.61	0.620971	0.000000	0.000000	0.000000
0.5657	8.98	0.620971	0.000000	0.000000	0.000000
0.5657	9.35	0.620971	0.000000	0.000000	0.000000
0.5657	9.71	0.620971	0.000000	0.000000	0.000000
0.5657	10.08	0.620971	0.000000	0.000000	0.000000
0.5657	10.45	0.620971	0.053706	0.002816	0.000148
0.5657	10.82	0.620971	0.053728	0.003637	0.000246
0.5657	11.18	0.620971	0.054780	0.005588	0.000570
0.5657	11.55	0.620971	0.056839	0.007055	0.000876
0.5657	11.92	0.620971	0.060268	0.007706	0.000985
0.5657	12.29	0.620971	0.061048	0.010942	0.001961
0.5657	12.65	0.620971	0.065648	0.014863	0.003365
0.5657	13.02	0.620971	0.071609	0.028851	0.011624
0.5657	13.39	0.620971	0.070826	0.021437	0.006489
0.5657	13.76	0.620971	0.078038	0.028654	0.010521
0.5657	14.12	0.620971	0.083130	0.038456	0.017790
0.5657	14.49	0.620971	0.101427	0.062058	0.037970
0.5657	14.86	0.620971	0.137080	0.072934	0.038805
0.5657	15.22	0.620971	0.172154	0.114946	0.076749
0.5657	15.59	0.620971	0.234037	0.130509	0.072778
0.5657	15.96	0.620971	0.285244	0.144732	0.073437
0.5657	16.33	0.620971	0.302534	0.137447	0.062445
0.5657	16.69	0.620971	0.374408	0.149007	0.059301
0.5657	17.06	0.620971	0.451553	0.150798	0.050359
0.5657	17.43	0.620971	0.498901	0.133086	0.035502
0.5657	17.80	0.620971	0.673891	0.052681	0.004118
0.5657	18.16	0.620971	0.717777	0.107056	0.015967
0.5657	18.53	0.620971	0.725932	0.109026	0.016374
0.5657	18.90	0.620971	0.759173	0.105846	0.014757
0.5657	19.27	0.620971	0.718045	0.164453	0.037665
0.5657	19.63	0.620971	0.748688	0.141906	0.026897
0.5657	20.00	0.620971	0.790285	0.106271	0.014290
0.5771	2.00	0.618116	0.000000	0.000000	0.000000
0.5771	2.37	0.618116	0.000000	0.000000	0.000000
0.5771	2.73	0.618116	0.000000	0.000000	0.000000
0.5771	3.10	0.618116	0.000000	0.000000	0.000000
0.5771	3.47	0.618116	0.000000	0.000000	0.000000
0.5771	3.84	0.618116	0.000000	0.000000	0.000000
0.5771	4.20	0.618116	0.000000	0.000000	0.000000
0.5771	4.57	0.618116	0.000000	0.000000	0.000000
0.5771	4.94	0.618116	0.000000	0.000000	0.000000
0.5771	5.31	0.618116	0.000000	0.000000	0.000000
0.5771	5.67	0.618116	0.000000	0.000000	0.000000
0.5771	6.04	0.618116	0.000000	0.000000	0.000000
0.5771	6.41	0.618116	0.000000	0.000000	0.000000
0.5771	6.78	0.618116	0.000000	0.000000	0.000000
0.5771	7.14	0.618116	0.000000	0.000000	0.000000
0.5771	7.51	0.618116	0.000000	0.000000	0.000000
0.5771	7.88	0.618116	0.000000	0.000000	0.000000
0.5771	8.24	0.618116	0.000000	0.000000	0.000000
0.5771	8.61	0.618116	0.000000	0.000000	0.000000
0.5771	8.98	0.618116	0.000000	0.000000	0.000000
0.5771	9.35	0.618116	0.000000	0.000000	0.000000
0.5771	9.71	0.618116	0.000000	0.000000	0.000000
0.5771	10.08	0.618116	0.000000	0.000000	0.000000
0.5771	10.45	0.618116	0.050657	0.000000	0.000000
0.5771	10.82	0.618116	0.050657	0.000000	0.000000
0.5771	11.18	0.618116	0.054409	0.003064	0.000173
0.5771	11.55	0.618116	0.063321	0.010223	0.001650
0.5771	11.92	0.618116	0.060976	0.012667	0.002631
0.5771	12.29	0.618116	0.059014	0.010288	0.001793
0.5771	12.65	0.618116	0.059787	0.010135	0.001718
0.5771	13.02	0.618116	0.064916	0.010402	0.001667
0.5771	13.39	0.618116	0.062852	0.013167	0.002758
0.5771	13.76	0.618116	0.063341	0.011828	0.002209
0.5771	14.12	0.618116	0.072214	0.024185	0.008100
0.5771	14.49	0.618116	0.073042	0.027461	0.010324
0.5771	14.86	0.618116	0.081532	0.037746	0.017474
0.5771	15.22	0.618116	0.093365	0.048099	0.024780
0.5771	15.59	0.618116	0.113429	0.069086	0.042078
0.5771	15.96	0.618116	0.124431	0.077974	0.048862
0.5771	16.33	0.618116	0.157124	0.098514	0.061767
0.5771	16.69	0.618116	0.182458	0.107944	0.063861
0.5771	17.06	0.618116	0.240946	0.127693	0.067672
0.5771	17.43	0.618116	0.282123	0.130853	0.060692
0.5771	17.80	0.618116	0.349781	0.139143	0.055351
0.5771	18.16	0.618116	0.449007	0.113180	0.028529
0.5771	18.53	0.618116	0.475888	0.130853	0.035980
0.5771	18.90	0.618116	0.518623	0.141811	0.038776
0.5771	19.27	0.618116	0.561760	0.134387	0.032149
0.5771	19.63	0.618116	0.725862	0.058118	0.004653
0.5771	20.00	0.618116	0.722604	0.112025	0.017367
0.5886	2.00	0.653180	0.000000	0.000000	0.000000
0.5886	2.37	0.653180	0.000000	0.000000	0.000000
0.5886	2.73	0.653180	0.000000	0.000000	0.000000
0.5886	3.10	0.653180	0.000000	0.000000	0.000000
0.5886	3.47	0.653180	0.000000	0.000000	0.000000
0.5886	3.84	0.653180	0.000000	0.000000	0.000000
0.5886	4.20	0.653180	0.000000	0.000000	0.000000
0.5886	4.57	0.653180	0.000000	0.000000	0.000000
0.5886	4.94	0.653180	0.000000	0.000000	0.000000
0.5886	5.31	0.653180	0.000000	0.000000	0.000000
0.5886	5.67	0.653180	0.000000	0.000000	0.000000
0.5886	6.04	0.653180	0.000000	0.000000	0.000000
0.5886	6.41	0.653180	0.000000	0.000000	0.000000
0.5886	6.78	0.653180	0.000000	0.000000	0.000000
0.5886	7.14	0.653180	0.000000	0.000000	0.000000
0.5886	7.51	0.653180	0.000000	0.000000	0.000000
0.5886	7.88	0.653180	0.000000	0.000000	0.000000
0.5886	8.24	0.653180	0.000000	0.000000	0.000000
0.5886	8.61	0.653180	0.000000	0.000000	0.000000
0.5886	8.98	0.653180	0.000000	0.000000	0.000000
0.5886	9.35	0.653180	0.000000	0.000000	0.000000
0.5886	9.71	0.653180	0.000000	0.000000	0.000000
0.5886	10.08	0.653180	0.000000	0.000000	0.000000
0.5886	10.45	0.653180	0.000000	0.000000	0.000000
0.5886	10.82	0.653180	0.000000	0.000000	0.000000
0.5886	11.18	0.653180	0.055238	0.003110	0.000175
0.5886	11.55	0.653180	0.056667	0.003658	0.000236
0.5886	11.92	0.653180	0.058095	0.004762	0.000390
0.5886	12.29	0.653180	0.061633	0.012729	0.002629
0.5886	12.65	0.653180	0.059048	0.007499	0.000952
0.5886	13.02	0.653180	0.062476	0.012857	0.002646
0.5886	13.39	0.653180	0.063150	0.011294	0.002020
0.5886	13.76	0.653180	0.066797	0.014383	0.003097
0.5886	14.12	0.653180	0.073061	0.019846	0.005391
0.5886	14.49	0.653180	0.069282	0.024377	0.008577
0.5886	14.86	0.653180	0.083530	0.038592	0.017830
0.5886	15.22	0.653180	0.091100	0.048292	0.025599
0.5886	15.59	0.653180	0.133432	0.078766	0.046496
0.5886	15.96	0.653180	0.187632	0.112108	0.066984
0.5886	16.33	0.653180	0.212245	0.113254	0.060432
0.5886	16.69	0.653180	0.270444	0.136052	0.068443
0.5886	17.06	0.653180	0.290068	0.143008	0.070505
0.5886	17.43	0.653180	0.326425	0.136646	0.057202
0.5886	17.80	0.653180	0.398719	0.163013	0.066647
0.5886	18.16	0.653180	0.481177	0.124174	0.032045
0.5886	18.53	0.653180	0.510794	0.123998	0.030101
0.5886	18.90	0.653180	0.555979	0.145752	0.038209
0.5886	19.27	0.653180	0.654192	0.084411	0.010892
0.5886	19.63	0.653180	0.676298	0.124932	0.023079
0.5886	20.00	0.653180	0.662308	0.127701	0.024622
0.6000	2.00	0.628443	0.000000	0.000000	0.000000
0.6000	2.37	0.628443	0.000000	0.000000	0.000000
0.6000	2.73	0.628443	0.000000	0.000000	0.000000
0.6000	3.10	0.628443	0.000000	0.000000	0.000000
0.6000	3.47	0.628443	0.000000	0.000000	0.000000
0.6000	3.84	0.628443	0.000000	0.000000	0.000000
0.6000	4.20	0.628443	0.000000	0.000000	0.000000
0.6000	4.57	0.628443	0.000000	0.000000	0.000000
0.6000	4.94	0.628443	0.000000	0.000000	0.000000
0.6000	5.31	0.628443	0.000000	0.000000	0.000000
0.6000	5.67	0.628443	0.000000	0.000000	0.000000
0.6000	6.04	0.628443	0.000000	0.000000	0.000000
0.6000	6.41	0.628443	0.000000	0.000000	0.000000
0.6000	6.78	0.628443	0.051040	0.000000	0.000000
0.6000	7.14	0.628443	0.052930	0.000000	0.000000
0.6000	7.51	0.628443	0.052930	0.000000	0.000000
0.6000	7.88	0.628443	0.000000	0.000000	0.000000
0.6000	8.24	0.628443	0.000000	0.000000	0.000000
0.6000	8.61	0.628443	0.000000	0.000000	0.000000
0.6000	8.98	0.628443	0.000000	0.000000	0.000000
0.6000	9.35	0.628443	0.000000	0.000000	0.000000
0.6000	9.71	0.628443	0.051040	0.000000	0.000000
0.6000	10.08	0.628443	0.051040	0.000000	0.000000
0.6000	10.45	0.628443	0.056711	0.000000	0.000000
0.6000	10.82	0.628443	0.055766	0.000945	0.000016
0.6000	11.18	0.628443	0.056711	0.000000	0.000000
0.6000	11.55	0.628443	0.065217	0.000945	0.000014
0.6000	11.92	0.628443	0.054442	0.002205	0.000089
0.6000	12.29	0.628443	0.059357	0.011505	0.002230
0.6000	12.65	0.628443	0.056195	0.004775	0.000406
0.6000	13.02	0.628443	0.059619	0.007437	0.000928
0.6000	13.39	0.628443	0.060228	0.009908	0.001630
0.6000	13.76	0.628443	0.066200	0.013681	0.002827
0.6000	14.12	0.628443	0.066803	0.016867	0.004259
0.6000	14.49	0.628443	0.071862	0.022027	0.006751
0.6000	14.86	0.628443	0.075369	0.023028	0.007036
0.6000	15.22	0.628443	0.080915	0.032412	0.012983
0.6000	15.59	0.628443	0.096742	0.039168	0.015858
0.6000	15.96	0.628443	0.094371	0.034782	0.012820
0.6000	16.33	0.628443	0.131640	0.077145	0.045209
0.6000	16.69	0.628443	0.175830	0.095128	0.051466
0.6000	17.06	0.628443	0.238586	0.133465	0.074660
0.6000	17.43	0.628443	0.300631	0.136064	0.061582
0.6000	17.80	0.628443	0.311025	0.152136	0.074417
0.6000	18.16	0.628443	0.377616	0.155523	0.064053
0.6000	18.53	0.628443	0.391945	0.179411	0.082125
0.6000	18.90	0.628443	0.451307	0.176270	0.068847
0.6000	19.27	0.628443	0.503797	0.155282	0.047861
0.6000	19.63	0.628443	0.583330	0.114941	0.022648
0.6000	20.00	0.628443	0.597519	0.145037	0.035205
