axonal_length	MAX_EXC_WEIGHT	mean_peaks_height	std_peaks_height	fano_factor	GC_fraction	mean_degree
0.10	2.00	0.056980	0.009449	0.001567	0.144444	15.06
0.10	2.37	0.058405	0.011217	0.002154	0.144444	15.06
0.10	2.73	0.058608	0.011065	0.002089	0.144444	15.06
0.10	3.10	0.058608	0.011065	0.002089	0.144444	15.06
0.10	3.47	0.058974	0.011274	0.002155	0.144444	15.06
0.10	3.84	0.058547	0.011315	0.002187	0.144444	15.06
0.10	4.20	0.058275	0.010975	0.002067	0.144444	15.06
0.10	4.57	0.058069	0.010876	0.002037	0.144444	15.06
0.10	4.94	0.058494	0.011528	0.002272	0.144444	15.06
0.10	5.31	0.059955	0.012715	0.002696	0.144444	15.06
0.10	5.67	0.059707	0.013339	0.002980	0.144444	15.06
0.10	6.04	0.060440	0.014234	0.003352	0.144444	15.06
0.10	6.41	0.056938	0.008338	0.001221	0.144444	15.06
0.10	6.78	0.058367	0.010059	0.001734	0.144444	15.06
0.10	7.14	0.058704	0.010859	0.002009	0.144444	15.06
0.10	7.51	0.060038	0.010760	0.001928	0.144444	15.06
0.10	7.88	0.061419	0.011911	0.002310	0.144444	15.06
0.10	8.24	0.061859	0.013412	0.002908	0.144444	15.06
0.10	8.61	0.062910	0.017002	0.004595	0.144444	15.06
0.10	8.98	0.062646	0.017117	0.004677	0.144444	15.06
0.10	9.35	0.066239	0.030218	0.013785	0.144444	15.06
0.10	9.71	0.067949	0.025801	0.009797	0.144444	15.06
0.10	10.08	0.074020	0.040515	0.022175	0.144444	15.06
0.10	10.45	0.082202	0.068698	0.057412	0.144444	15.06
0.10	10.82	0.101068	0.086640	0.074272	0.144444	15.06
0.10	11.18	0.158425	0.178461	0.201031	0.144444	15.06
0.10	11.55	0.188984	0.226686	0.271910	0.144444	15.06
0.10	11.92	0.222783	0.265975	0.317541	0.144444	15.06
0.10	12.29	0.289090	0.295939	0.302950	0.144444	15.06
0.10	12.65	0.286100	0.294193	0.302515	0.144444	15.06
0.10	13.02	0.324786	0.335155	0.345854	0.144444	15.06
0.10	13.39	0.453628	0.379089	0.316798	0.144444	15.06
0.10	13.76	0.495819	0.385664	0.299982	0.144444	15.06
0.10	14.12	0.646967	0.366316	0.207410	0.144444	15.06
0.10	14.49	0.786325	0.271393	0.093669	0.144444	15.06
0.10	14.86	0.820842	0.313399	0.119656	0.144444	15.06
0.10	15.22	0.808367	0.336021	0.139677	0.144444	15.06
0.10	15.59	0.799359	0.357501	0.159887	0.144444	15.06
0.10	15.96	0.804167	0.355084	0.156789	0.144444	15.06
0.10	16.33	0.893387	0.271488	0.082502	0.144444	15.06
0.10	16.69	0.911296	0.251978	0.069673	0.144444	15.06
0.10	17.06	0.899679	0.271388	0.081864	0.144444	15.06
0.10	17.43	0.896778	0.275351	0.084545	0.144444	15.06
0.10	17.80	0.919366	0.250539	0.068275	0.144444	15.06
0.10	18.16	0.947368	0.199284	0.041920	0.144444	15.06
0.10	18.53	0.903526	0.276712	0.084745	0.144444	15.06
0.10	18.90	0.999653	0.002079	0.000004	0.144444	15.06
0.10	19.27	0.974705	0.151767	0.023631	0.144444	15.06
0.10	19.63	0.975052	0.149688	0.022980	0.144444	15.06
0.10	20.00	1.000000	0.000000	0.000000	0.144444	15.06
0.10	20.37	1.000000	0.000000	0.000000	0.144444	15.06
0.10	20.73	1.000000	0.000000	0.000000	0.144444	15.06
0.10	21.10	0.976046	0.145707	0.021752	0.144444	15.06
0.10	21.47	0.975052	0.149688	0.022980	0.144444	15.06
0.10	21.84	1.000000	0.000000	0.000000	0.144444	15.06
0.10	22.20	1.000000	0.000000	0.000000	0.144444	15.06
0.10	22.57	1.000000	0.000000	0.000000	0.144444	15.06
0.10	22.94	0.995098	0.006230	0.000039	0.144444	15.06
0.10	23.31	0.967366	0.159788	0.026394	0.144444	15.06
0.10	23.67	0.967147	0.162293	0.027234	0.144444	15.06
0.10	24.04	0.995864	0.005993	0.000036	0.144444	15.06
0.10	24.41	0.996795	0.005551	0.000031	0.144444	15.06
0.10	24.78	0.997105	0.005360	0.000029	0.144444	15.06
0.10	25.14	0.998397	0.004240	0.000018	0.144444	15.06
0.10	25.51	0.997932	0.004715	0.000022	0.144444	15.06
0.10	25.88	0.997932	0.004715	0.000022	0.144444	15.06
0.10	26.24	0.975524	0.003686	0.000014	0.144444	15.06
0.10	26.61	0.950499	0.149882	0.023635	0.144444	15.06
0.10	26.98	0.949849	0.154266	0.025054	0.144444	15.06
0.10	27.35	0.949095	0.154113	0.025025	0.144444	15.06
0.10	27.71	0.976690	0.004945	0.000025	0.144444	15.06
0.10	28.08	0.976362	0.004655	0.000022	0.144444	15.06
0.10	28.45	0.950549	0.152101	0.024338	0.144444	15.06
0.10	28.82	0.949495	0.156604	0.025829	0.144444	15.06
0.10	29.18	0.950916	0.152173	0.024352	0.144444	15.06
0.10	29.55	0.949849	0.154266	0.025054	0.144444	15.06
0.10	29.92	0.807692	0.377749	0.176669	0.144444	15.06
0.13	2.00	0.057226	0.009664	0.001632	0.146296	16.49
0.13	2.37	0.057097	0.009368	0.001537	0.146296	16.49
0.13	2.73	0.057091	0.009945	0.001732	0.146296	16.49
0.13	3.10	0.058017	0.009951	0.001707	0.146296	16.49
0.13	3.47	0.056365	0.008717	0.001348	0.146296	16.49
0.13	3.84	0.056365	0.008717	0.001348	0.146296	16.49
0.13	4.20	0.056387	0.008298	0.001221	0.146296	16.49
0.13	4.57	0.058318	0.011641	0.002323	0.146296	16.49
0.13	4.94	0.057835	0.011053	0.002112	0.146296	16.49
0.13	5.31	0.057559	0.010877	0.002055	0.146296	16.49
0.13	5.67	0.057768	0.011517	0.002296	0.146296	16.49
0.13	6.04	0.058179	0.011446	0.002252	0.146296	16.49
0.13	6.41	0.059241	0.012769	0.002752	0.146296	16.49
0.13	6.78	0.059148	0.014292	0.003453	0.146296	16.49
0.13	7.14	0.060017	0.014213	0.003366	0.146296	16.49
0.13	7.51	0.061545	0.016361	0.004349	0.146296	16.49
0.13	7.88	0.063061	0.020552	0.006698	0.146296	16.49
0.13	8.24	0.065008	0.021795	0.007307	0.146296	16.49
0.13	8.61	0.068440	0.031017	0.014056	0.146296	16.49
0.13	8.98	0.069715	0.033837	0.016423	0.146296	16.49
0.13	9.35	0.073748	0.041001	0.022795	0.146296	16.49
0.13	9.71	0.082539	0.067928	0.055904	0.146296	16.49
0.13	10.08	0.069937	0.027294	0.010652	0.146296	16.49
0.13	10.45	0.077017	0.041877	0.022770	0.146296	16.49
0.13	10.82	0.090717	0.104387	0.120116	0.146296	16.49
0.13	11.18	0.100165	0.100777	0.101393	0.146296	16.49
0.13	11.55	0.130315	0.161178	0.199351	0.146296	16.49
0.13	11.92	0.162447	0.215918	0.286989	0.146296	16.49
0.13	12.29	0.227290	0.284105	0.355124	0.146296	16.49
0.13	12.65	0.311802	0.330656	0.350650	0.146296	16.49
0.13	13.02	0.391976	0.387975	0.384014	0.146296	16.49
0.13	13.39	0.476180	0.406474	0.346972	0.146296	16.49
0.13	13.76	0.498192	0.420455	0.354849	0.146296	16.49
0.13	14.12	0.742941	0.368726	0.183001	0.146296	16.49
0.13	14.49	0.777075	0.339096	0.147973	0.146296	16.49
0.13	14.86	0.811181	0.314160	0.121670	0.146296	16.49
0.13	15.22	0.933640	0.154310	0.025504	0.146296	16.49
0.13	15.59	0.888246	0.245200	0.067687	0.146296	16.49
0.13	15.96	0.867993	0.280288	0.090509	0.146296	16.49
0.13	16.33	0.942666	0.151284	0.024279	0.146296	16.49
0.13	16.69	0.917349	0.210680	0.048385	0.146296	16.49
0.13	17.06	0.852891	0.306358	0.110043	0.146296	16.49
0.13	17.43	0.950112	0.152485	0.024473	0.146296	16.49
0.13	17.80	0.904712	0.250042	0.069106	0.146296	16.49
0.13	18.16	0.883339	0.280142	0.088844	0.146296	16.49
0.13	18.53	0.915498	0.251965	0.069346	0.146296	16.49
0.13	18.90	0.941372	0.207070	0.045548	0.146296	16.49
0.13	19.27	0.942867	0.210369	0.046937	0.146296	16.49
0.13	19.63	0.899708	0.281757	0.088237	0.146296	16.49
0.13	20.00	0.946288	0.209643	0.046445	0.146296	16.49
0.13	20.37	0.946906	0.212815	0.047830	0.146296	16.49
0.13	20.73	0.947257	0.212892	0.047847	0.146296	16.49
0.13	21.10	0.973277	0.151716	0.023650	0.146296	16.49
0.13	21.47	0.974332	0.151854	0.023667	0.146296	16.49
0.13	21.84	0.974332	0.151854	0.023667	0.146296	16.49
0.13	22.20	0.923709	0.254350	0.070037	0.146296	16.49
0.13	22.57	0.923366	0.254256	0.070011	0.146296	16.49
0.13	22.94	0.919349	0.260844	0.074008	0.146296	16.49
0.13	23.31	0.921238	0.257438	0.071940	0.146296	16.49
0.13	23.67	0.947257	0.212892	0.047847	0.146296	16.49
0.13	24.04	0.972875	0.153850	0.024330	0.146296	16.49
0.13	24.41	0.921589	0.257536	0.071968	0.146296	16.49
0.13	24.78	0.921941	0.257635	0.071995	0.146296	16.49
0.13	25.14	0.919711	0.260946	0.074037	0.146296	16.49
0.13	25.51	0.895921	0.293273	0.096001	0.146296	16.49
0.13	25.88	0.992767	0.006264	0.000040	0.146296	16.49
0.13	26.24	0.993490	0.006327	0.000040	0.146296	16.49
0.13	26.61	0.992926	0.006285	0.000040	0.146296	16.49
0.13	26.98	0.993863	0.006326	0.000040	0.146296	16.49
0.13	27.35	0.994630	0.006256	0.000039	0.146296	16.49
0.13	27.71	0.995905	0.005922	0.000035	0.146296	16.49
0.13	28.08	0.995905	0.005922	0.000035	0.146296	16.49
0.13	28.45	0.969982	0.153431	0.024269	0.146296	16.49
0.13	28.82	0.969844	0.155699	0.024996	0.146296	16.49
0.13	29.18	0.970216	0.155755	0.025004	0.146296	16.49
0.13	29.55	0.999233	0.003020	0.000009	0.146296	16.49
0.13	29.92	1.000000	0.000000	0.000000	0.146296	16.49
0.16	2.00	0.057407	0.003704	0.000239	0.200000	14.83
0.16	2.37	0.057870	0.004009	0.000278	0.200000	14.83
0.16	2.73	0.057870	0.004009	0.000278	0.200000	14.83
0.16	3.10	0.057407	0.003704	0.000239	0.200000	14.83
0.16	3.47	0.057407	0.003704	0.000239	0.200000	14.83
0.16	3.84	0.057407	0.003704	0.000239	0.200000	14.83
0.16	4.20	0.057407	0.003704	0.000239	0.200000	14.83
0.16	4.57	0.060664	0.007912	0.001032	0.200000	14.83
0.16	4.94	0.059568	0.007814	0.001025	0.200000	14.83
0.16	5.31	0.061043	0.009176	0.001379	0.200000	14.83
0.16	5.67	0.061231	0.009888	0.001597	0.200000	14.83
0.16	6.04	0.060475	0.008341	0.001150	0.200000	14.83
0.16	6.41	0.061622	0.008860	0.001274	0.200000	14.83
0.16	6.78	0.061728	0.010363	0.001740	0.200000	14.83
0.16	7.14	0.061061	0.008464	0.001173	0.200000	14.83
0.16	7.51	0.065329	0.011537	0.002037	0.200000	14.83
0.16	7.88	0.063686	0.012303	0.002377	0.200000	14.83
0.16	8.24	0.077635	0.070442	0.063915	0.200000	14.83
0.16	8.61	0.082621	0.064454	0.050281	0.200000	14.83
0.16	8.98	0.096914	0.090839	0.085146	0.200000	14.83
0.16	9.35	0.150206	0.158088	0.166385	0.200000	14.83
0.16	9.71	0.162458	0.172625	0.183429	0.200000	14.83
0.16	10.08	0.135328	0.160438	0.190208	0.200000	14.83
0.16	10.45	0.163957	0.187388	0.214168	0.200000	14.83
0.16	10.82	0.244639	0.220035	0.197905	0.200000	14.83
0.16	11.18	0.331369	0.223257	0.150418	0.200000	14.83
0.16	11.55	0.324074	0.229228	0.162140	0.200000	14.83
0.16	11.92	0.317189	0.227228	0.162782	0.200000	14.83
0.16	12.29	0.337232	0.223171	0.147688	0.200000	14.83
0.16	12.65	0.328704	0.231157	0.162559	0.200000	14.83
0.16	13.02	0.371212	0.219201	0.129439	0.200000	14.83
0.16	13.39	0.397717	0.213051	0.114129	0.200000	14.83
0.16	13.76	0.388101	0.220300	0.125050	0.200000	14.83
0.16	14.12	0.395314	0.229277	0.132978	0.200000	14.83
0.16	14.49	0.409336	0.230212	0.129472	0.200000	14.83
0.16	14.86	0.406296	0.225270	0.124900	0.200000	14.83
0.16	15.22	0.426834	0.223830	0.117375	0.200000	14.83
0.16	15.59	0.380929	0.210176	0.115963	0.200000	14.83
0.16	15.96	0.391762	0.197486	0.099552	0.200000	14.83
0.16	16.33	0.404762	0.239355	0.141542	0.200000	14.83
0.16	16.69	0.408192	0.230089	0.129696	0.200000	14.83
0.16	17.06	0.416667	0.211184	0.107037	0.200000	14.83
0.16	17.43	0.427338	0.212117	0.105288	0.200000	14.83
0.16	17.80	0.448239	0.229927	0.117943	0.200000	14.83
0.16	18.16	0.469397	0.227963	0.110710	0.200000	14.83
0.16	18.53	0.468519	0.226926	0.109911	0.200000	14.83
0.16	18.90	0.455795	0.230286	0.116350	0.200000	14.83
0.16	19.27	0.476235	0.226630	0.107849	0.200000	14.83
0.16	19.63	0.505848	0.233572	0.107850	0.200000	14.83
0.16	20.00	0.476017	0.170389	0.060991	0.200000	14.83
0.16	20.37	0.451940	0.198882	0.087521	0.200000	14.83
0.16	20.73	0.472222	0.180232	0.068789	0.200000	14.83
0.16	21.10	0.477219	0.217542	0.099167	0.200000	14.83
0.16	21.47	0.485428	0.205000	0.086573	0.200000	14.83
0.16	21.84	0.490893	0.204258	0.084991	0.200000	14.83
0.16	22.20	0.472078	0.196470	0.081767	0.200000	14.83
0.16	22.57	0.490143	0.214508	0.093878	0.200000	14.83
0.16	22.94	0.492901	0.217487	0.095963	0.200000	14.83
0.16	23.31	0.610254	0.295127	0.142728	0.200000	14.83
0.16	23.67	0.612858	0.288608	0.135912	0.200000	14.83
0.16	24.04	0.628931	0.279998	0.124655	0.200000	14.83
0.16	24.41	0.631232	0.257041	0.104669	0.200000	14.83
0.16	24.78	0.632479	0.271920	0.116906	0.200000	14.83
0.16	25.14	0.617003	0.278693	0.125882	0.200000	14.83
0.16	25.51	0.629115	0.261554	0.108741	0.200000	14.83
0.16	25.88	0.620885	0.261657	0.110269	0.200000	14.83
0.16	26.24	0.583162	0.253653	0.110330	0.200000	14.83
0.16	26.61	0.637037	0.251722	0.099467	0.200000	14.83
0.16	26.98	0.624214	0.261115	0.109227	0.200000	14.83
0.16	27.35	0.636481	0.271571	0.115873	0.200000	14.83
0.16	27.71	0.628258	0.259127	0.106878	0.200000	14.83
0.16	28.08	0.640636	0.266642	0.110980	0.200000	14.83
0.16	28.45	0.638539	0.267960	0.112449	0.200000	14.83
0.16	28.82	0.650997	0.269741	0.111767	0.200000	14.83
0.16	29.18	0.767011	0.243220	0.077125	0.200000	14.83
0.16	29.55	0.800485	0.227705	0.064772	0.200000	14.83
0.16	29.92	0.816396	0.223376	0.061118	0.200000	14.83
0.19	2.00	0.055556	0.000000	0.000000	0.200000	15.53
0.19	2.37	0.055556	0.000000	0.000000	0.200000	15.53
0.19	2.73	0.055556	0.000000	0.000000	0.200000	15.53
0.19	3.10	0.055556	0.000000	0.000000	0.200000	15.53
0.19	3.47	0.055556	0.000000	0.000000	0.200000	15.53
0.19	3.84	0.055556	0.000000	0.000000	0.200000	15.53
0.19	4.20	0.062500	0.006124	0.000600	0.200000	15.53
0.19	4.57	0.062500	0.006124	0.000600	0.200000	15.53
0.19	4.94	0.062500	0.006124	0.000600	0.200000	15.53
0.19	5.31	0.062500	0.006124	0.000600	0.200000	15.53
0.19	5.67	0.061728	0.006173	0.000617	0.200000	15.53
0.19	6.04	0.061448	0.007142	0.000830	0.200000	15.53
0.19	6.41	0.060957	0.007030	0.000811	0.200000	15.53
0.19	6.78	0.061966	0.007605	0.000933	0.200000	15.53
0.19	7.14	0.061343	0.007228	0.000852	0.200000	15.53
0.19	7.51	0.063973	0.008788	0.001207	0.200000	15.53
0.19	7.88	0.070833	0.021170	0.006327	0.200000	15.53
0.19	8.24	0.067183	0.016111	0.003864	0.200000	15.53
0.19	8.61	0.070795	0.034360	0.016676	0.200000	15.53
0.19	8.98	0.075586	0.039918	0.021081	0.200000	15.53
0.19	9.35	0.092593	0.086512	0.080830	0.200000	15.53
0.19	9.71	0.107778	0.107356	0.106935	0.200000	15.53
0.19	10.08	0.151598	0.150411	0.149234	0.200000	15.53
0.19	10.45	0.188079	0.191110	0.194191	0.200000	15.53
0.19	10.82	0.224192	0.211031	0.198642	0.200000	15.53
0.19	11.18	0.282716	0.222004	0.174330	0.200000	15.53
0.19	11.55	0.294033	0.226116	0.173887	0.200000	15.53
0.19	11.92	0.317230	0.228405	0.164451	0.200000	15.53
0.19	12.29	0.336069	0.244049	0.177226	0.200000	15.53
0.19	12.65	0.347119	0.246339	0.174819	0.200000	15.53
0.19	13.02	0.355131	0.248800	0.174306	0.200000	15.53
0.19	13.39	0.388486	0.227313	0.133007	0.200000	15.53
0.19	13.76	0.392110	0.234555	0.140307	0.200000	15.53
0.19	14.12	0.417245	0.231469	0.128409	0.200000	15.53
0.19	14.49	0.465226	0.222635	0.106542	0.200000	15.53
0.19	14.86	0.466115	0.250101	0.134195	0.200000	15.53
0.19	15.22	0.517657	0.209426	0.084726	0.200000	15.53
0.19	15.59	0.502758	0.224175	0.099957	0.200000	15.53
0.19	15.96	0.397829	0.217033	0.118401	0.200000	15.53
0.19	16.33	0.453361	0.226440	0.113100	0.200000	15.53
0.19	16.69	0.501634	0.234284	0.109420	0.200000	15.53
0.19	17.06	0.482853	0.253371	0.132953	0.200000	15.53
0.19	17.43	0.489138	0.238903	0.116684	0.200000	15.53
0.19	17.80	0.455460	0.230710	0.116865	0.200000	15.53
0.19	18.16	0.467752	0.236324	0.119399	0.200000	15.53
0.19	18.53	0.532495	0.268483	0.135369	0.200000	15.53
0.19	18.90	0.526094	0.263967	0.132445	0.200000	15.53
0.19	19.27	0.718855	0.274753	0.105013	0.200000	15.53
0.19	19.63	0.765212	0.253493	0.083975	0.200000	15.53
0.19	20.00	0.752425	0.301392	0.120726	0.200000	15.53
0.19	20.37	0.874228	0.226556	0.058712	0.200000	15.53
0.19	20.73	0.862112	0.218561	0.055409	0.200000	15.53
0.19	21.10	0.865616	0.216750	0.054274	0.200000	15.53
0.19	21.47	0.907922	0.206305	0.046878	0.200000	15.53
0.19	21.84	0.915916	0.204831	0.045807	0.200000	15.53
0.19	22.20	0.941615	0.148193	0.023323	0.200000	15.53
0.19	22.57	0.633681	0.274732	0.119110	0.200000	15.53
0.19	22.94	0.630763	0.263182	0.109811	0.200000	15.53
0.19	23.31	0.629444	0.293818	0.137151	0.200000	15.53
0.19	23.67	0.656225	0.279027	0.118642	0.200000	15.53
0.19	24.04	0.702263	0.252724	0.090948	0.200000	15.53
0.19	24.41	0.676312	0.255365	0.096422	0.200000	15.53
0.19	24.78	0.692474	0.244723	0.086486	0.200000	15.53
0.19	25.14	0.683063	0.275221	0.110893	0.200000	15.53
0.19	25.51	0.813153	0.255380	0.080205	0.200000	15.53
0.19	25.88	0.794213	0.277650	0.097064	0.200000	15.53
0.19	26.24	0.816002	0.256559	0.080665	0.200000	15.53
0.19	26.61	0.789070	0.278796	0.098505	0.200000	15.53
0.19	26.98	0.822856	0.243732	0.072194	0.200000	15.53
0.19	27.35	0.802778	0.275750	0.094719	0.200000	15.53
0.19	27.71	0.780362	0.293228	0.110183	0.200000	15.53
0.19	28.08	0.797877	0.286040	0.102546	0.200000	15.53
0.19	28.45	0.866843	0.272487	0.085655	0.200000	15.53
0.19	28.82	0.924951	0.188300	0.038334	0.200000	15.53
0.19	29.18	0.908120	0.223705	0.055107	0.200000	15.53
0.19	29.55	0.908796	0.225369	0.055888	0.200000	15.53
0.19	29.92	0.890696	0.251690	0.071122	0.200000	15.53
0.21	2.00	0.058333	0.004243	0.000309	0.200000	16.27
0.21	2.37	0.058923	0.005952	0.000601	0.200000	16.27
0.21	2.73	0.057099	0.003451	0.000209	0.200000	16.27
0.21	3.10	0.057692	0.003901	0.000264	0.200000	16.27
0.21	3.47	0.057540	0.003799	0.000251	0.200000	16.27
0.21	3.84	0.056645	0.002983	0.000157	0.200000	16.27
0.21	4.20	0.056713	0.003062	0.000165	0.200000	16.27
0.21	4.57	0.059028	0.005551	0.000522	0.200000	16.27
0.21	4.94	0.060458	0.007185	0.000854	0.200000	16.27
0.21	5.31	0.059913	0.007185	0.000862	0.200000	16.27
0.21	5.67	0.059259	0.006804	0.000781	0.200000	16.27
0.21	6.04	0.059942	0.005514	0.000507	0.200000	16.27
0.21	6.41	0.059965	0.006773	0.000765	0.200000	16.27
0.21	6.78	0.063957	0.009640	0.001453	0.200000	16.27
0.21	7.14	0.066194	0.013230	0.002644	0.200000	16.27
0.21	7.51	0.071225	0.037194	0.019423	0.200000	16.27
0.21	7.88	0.073578	0.048506	0.031978	0.200000	16.27
0.21	8.24	0.079815	0.061611	0.047559	0.200000	16.27
0.21	8.61	0.092593	0.080897	0.070679	0.200000	16.27
0.21	8.98	0.101687	0.106948	0.112481	0.200000	16.27
0.21	9.35	0.132373	0.140792	0.149746	0.200000	16.27
0.21	9.71	0.155051	0.174598	0.196610	0.200000	16.27
0.21	10.08	0.172037	0.193898	0.218536	0.200000	16.27
0.21	10.45	0.204630	0.217317	0.230790	0.200000	16.27
0.21	10.82	0.244190	0.241271	0.238386	0.200000	16.27
0.21	11.18	0.209402	0.224253	0.240157	0.200000	16.27
0.21	11.55	0.233980	0.237922	0.241930	0.200000	16.27
0.21	11.92	0.255787	0.249182	0.242747	0.200000	16.27
0.21	12.29	0.277315	0.251518	0.228121	0.200000	16.27
0.21	12.65	0.323132	0.259582	0.208531	0.200000	16.27
0.21	13.02	0.320341	0.267168	0.222822	0.200000	16.27
0.21	13.39	0.308221	0.261677	0.222161	0.200000	16.27
0.21	13.76	0.339459	0.271084	0.216482	0.200000	16.27
0.21	14.12	0.351988	0.259854	0.191837	0.200000	16.27
0.21	14.49	0.391443	0.258115	0.170200	0.200000	16.27
0.21	14.86	0.410078	0.217182	0.115022	0.200000	16.27
0.21	15.22	0.437642	0.216493	0.107095	0.200000	16.27
0.21	15.59	0.439993	0.216522	0.106551	0.200000	16.27
0.21	15.96	0.434499	0.213156	0.104569	0.200000	16.27
0.21	16.33	0.441774	0.196354	0.087273	0.200000	16.27
0.21	16.69	0.436869	0.198990	0.090638	0.200000	16.27
0.21	17.06	0.453872	0.210267	0.097411	0.200000	16.27
0.21	17.43	0.480957	0.224406	0.104703	0.200000	16.27
0.21	17.80	0.506289	0.232251	0.106541	0.200000	16.27
0.21	18.16	0.537571	0.237919	0.105299	0.200000	16.27
0.21	18.53	0.584758	0.246984	0.104318	0.200000	16.27
0.21	18.90	0.578620	0.262230	0.118842	0.200000	16.27
0.21	19.27	0.600605	0.284098	0.134384	0.200000	16.27
0.21	19.63	0.652778	0.277946	0.118346	0.200000	16.27
0.21	20.00	0.647059	0.287950	0.128142	0.200000	16.27
0.21	20.37	0.717078	0.271138	0.102522	0.200000	16.27
0.21	20.73	0.818376	0.207569	0.052647	0.200000	16.27
0.21	21.10	0.820009	0.191514	0.044728	0.200000	16.27
0.21	21.47	0.821590	0.221062	0.059480	0.200000	16.27
0.21	21.84	0.802249	0.255339	0.081269	0.200000	16.27
0.21	22.20	0.817019	0.246686	0.074483	0.200000	16.27
0.21	22.57	0.817901	0.258839	0.081914	0.200000	16.27
0.21	22.94	0.852778	0.235791	0.065196	0.200000	16.27
0.21	23.31	0.886452	0.181365	0.037107	0.200000	16.27
0.21	23.67	0.889640	0.181321	0.036956	0.200000	16.27
0.21	24.04	0.850271	0.248695	0.072741	0.200000	16.27
0.21	24.41	0.867593	0.239126	0.065908	0.200000	16.27
0.21	24.78	0.963508	0.013833	0.000199	0.200000	16.27
0.21	25.14	0.965414	0.011298	0.000132	0.200000	16.27
0.21	25.51	0.965414	0.011298	0.000132	0.200000	16.27
0.21	25.88	0.944709	0.133749	0.018936	0.200000	16.27
0.21	26.24	0.943915	0.144786	0.022208	0.200000	16.27
0.21	26.61	0.944974	0.144955	0.022235	0.200000	16.27
0.21	26.98	0.934928	0.151258	0.024471	0.200000	16.27
0.21	27.35	0.947884	0.145244	0.022256	0.200000	16.27
0.21	27.71	0.976852	0.013542	0.000188	0.200000	16.27
0.21	28.08	0.978395	0.011954	0.000146	0.200000	16.27
0.21	28.45	0.980710	0.012225	0.000152	0.200000	16.27
0.21	28.82	0.980453	0.012303	0.000154	0.200000	16.27
0.21	29.18	0.970422	0.072377	0.005398	0.200000	16.27
0.21	29.55	0.983660	0.010305	0.000108	0.200000	16.27
0.21	29.92	0.985082	0.008530	0.000074	0.200000	16.27
0.24	2.00	0.060185	0.004630	0.000356	0.200000	16.75
0.24	2.37	0.060185	0.004630	0.000356	0.200000	16.75
0.24	2.73	0.060185	0.004630	0.000356	0.200000	16.75
0.24	3.10	0.060185	0.004630	0.000356	0.200000	16.75
0.24	3.47	0.058642	0.004365	0.000325	0.200000	16.75
0.24	3.84	0.057870	0.004009	0.000278	0.200000	16.75
0.24	4.20	0.057870	0.004009	0.000278	0.200000	16.75
0.24	4.57	0.057870	0.004009	0.000278	0.200000	16.75
0.24	4.94	0.057870	0.004009	0.000278	0.200000	16.75
0.24	5.31	0.057099	0.003451	0.000209	0.200000	16.75
0.24	5.67	0.058201	0.004183	0.000301	0.200000	16.75
0.24	6.04	0.060185	0.005977	0.000594	0.200000	16.75
0.24	6.41	0.061111	0.008817	0.001272	0.200000	16.75
0.24	6.78	0.063492	0.009810	0.001516	0.200000	16.75
0.24	7.14	0.065302	0.017892	0.004902	0.200000	16.75
0.24	7.51	0.066296	0.020568	0.006381	0.200000	16.75
0.24	7.88	0.084568	0.061453	0.044656	0.200000	16.75
0.24	8.24	0.110425	0.110823	0.111222	0.200000	16.75
0.24	8.61	0.116733	0.131862	0.148953	0.200000	16.75
0.24	8.98	0.168757	0.177666	0.187044	0.200000	16.75
0.24	9.35	0.239783	0.220531	0.202825	0.200000	16.75
0.24	9.71	0.241799	0.233864	0.226189	0.200000	16.75
0.24	10.08	0.308542	0.240619	0.187648	0.200000	16.75
0.24	10.45	0.193704	0.200324	0.207171	0.200000	16.75
0.24	10.82	0.240915	0.240415	0.239915	0.200000	16.75
0.24	11.18	0.279187	0.247444	0.219311	0.200000	16.75
0.24	11.55	0.361953	0.264687	0.193560	0.200000	16.75
0.24	11.92	0.375000	0.269167	0.193203	0.200000	16.75
0.24	12.29	0.439492	0.267275	0.162541	0.200000	16.75
0.24	12.65	0.444024	0.273180	0.168071	0.200000	16.75
0.24	13.02	0.457778	0.287486	0.180542	0.200000	16.75
0.24	13.39	0.510522	0.280858	0.154511	0.200000	16.75
0.24	13.76	0.535985	0.299262	0.167090	0.200000	16.75
0.24	14.12	0.659600	0.311098	0.146728	0.200000	16.75
0.24	14.49	0.689696	0.279678	0.113412	0.200000	16.75
0.24	14.86	0.696106	0.295857	0.125744	0.200000	16.75
0.24	15.22	0.751218	0.274083	0.100000	0.200000	16.75
0.24	15.59	0.682249	0.285136	0.119169	0.200000	16.75
0.24	15.96	0.772173	0.260072	0.087594	0.200000	16.75
0.24	16.33	0.760209	0.289259	0.110063	0.200000	16.75
0.24	16.69	0.759022	0.286262	0.107963	0.200000	16.75
0.24	17.06	0.838992	0.218627	0.056971	0.200000	16.75
0.24	17.43	0.765131	0.292244	0.111624	0.200000	16.75
0.24	17.80	0.745935	0.288748	0.111773	0.200000	16.75
0.24	18.16	0.759491	0.288827	0.109838	0.200000	16.75
0.24	18.53	0.758598	0.306252	0.123637	0.200000	16.75
0.24	18.90	0.760141	0.306841	0.123860	0.200000	16.75
0.24	19.27	0.773380	0.292569	0.110679	0.200000	16.75
0.24	19.63	0.728467	0.339172	0.157918	0.200000	16.75
0.24	20.00	0.783650	0.292930	0.109498	0.200000	16.75
0.24	20.37	0.805324	0.274709	0.093708	0.200000	16.75
0.24	20.73	0.888388	0.138127	0.021476	0.200000	16.75
0.24	21.10	0.768078	0.309485	0.124702	0.200000	16.75
0.24	21.47	0.809259	0.273092	0.092157	0.200000	16.75
0.24	21.84	0.794490	0.291832	0.107196	0.200000	16.75
0.24	22.20	0.815509	0.271664	0.090497	0.200000	16.75
0.24	22.57	0.882310	0.156702	0.027831	0.200000	16.75
0.24	22.94	0.836657	0.237407	0.067366	0.200000	16.75
0.24	23.31	0.878168	0.181425	0.037482	0.200000	16.75
0.24	23.67	0.861598	0.224906	0.058708	0.200000	16.75
0.24	24.04	0.939683	0.011149	0.000132	0.200000	16.75
0.24	24.41	0.915895	0.142968	0.022317	0.200000	16.75
0.24	24.78	0.918210	0.144840	0.022847	0.200000	16.75
0.24	25.14	0.898398	0.198548	0.043880	0.200000	16.75
0.24	25.51	0.945261	0.013910	0.000205	0.200000	16.75
0.24	25.88	0.923354	0.144083	0.022483	0.200000	16.75
0.24	26.24	0.901401	0.199221	0.044030	0.200000	16.75
0.24	26.61	0.882066	0.231478	0.060746	0.200000	16.75
0.24	26.98	0.967836	0.013049	0.000176	0.200000	16.75
0.24	27.35	0.967349	0.012699	0.000167	0.200000	16.75
0.24	27.71	0.971004	0.010657	0.000117	0.200000	16.75
0.24	28.08	0.972737	0.011943	0.000147	0.200000	16.75
0.24	28.45	0.948343	0.144238	0.021938	0.200000	16.75
0.24	28.82	0.952953	0.146677	0.022576	0.200000	16.75
0.24	29.18	0.952160	0.148670	0.023213	0.200000	16.75
0.24	29.55	0.988426	0.006682	0.000045	0.200000	16.75
0.24	29.92	0.987140	0.006997	0.000050	0.200000	16.75
0.27	2.00	0.058642	0.005635	0.000541	0.200000	17.03
0.27	2.37	0.059524	0.005766	0.000558	0.200000	17.03
0.27	2.73	0.059764	0.006873	0.000790	0.200000	17.03
0.27	3.10	0.060494	0.006648	0.000731	0.200000	17.03
0.27	3.47	0.061420	0.007741	0.000976	0.200000	17.03
0.27	3.84	0.061508	0.008287	0.001117	0.200000	17.03
0.27	4.20	0.061061	0.008464	0.001173	0.200000	17.03
0.27	4.57	0.060664	0.006697	0.000739	0.200000	17.03
0.27	4.94	0.060847	0.006745	0.000748	0.200000	17.03
0.27	5.31	0.061941	0.009758	0.001537	0.200000	17.03
0.27	5.67	0.062963	0.009973	0.001580	0.200000	17.03
0.27	6.04	0.062500	0.009544	0.001457	0.200000	17.03
0.27	6.41	0.062290	0.009744	0.001524	0.200000	17.03
0.27	6.78	0.062908	0.009469	0.001425	0.200000	17.03
0.27	7.14	0.065087	0.010883	0.001820	0.200000	17.03
0.27	7.51	0.066101	0.011580	0.002029	0.200000	17.03
0.27	7.88	0.070513	0.018591	0.004902	0.200000	17.03
0.27	8.24	0.083764	0.065775	0.051650	0.200000	17.03
0.27	8.61	0.148649	0.164398	0.181816	0.200000	17.03
0.27	8.98	0.176389	0.184547	0.193082	0.200000	17.03
0.27	9.35	0.230884	0.214843	0.199917	0.200000	17.03
0.27	9.71	0.288580	0.243351	0.205211	0.200000	17.03
0.27	10.08	0.285012	0.247931	0.215675	0.200000	17.03
0.27	10.45	0.331427	0.252607	0.192531	0.200000	17.03
0.27	10.82	0.402330	0.252645	0.158649	0.200000	17.03
0.27	11.18	0.424804	0.257073	0.155570	0.200000	17.03
0.27	11.55	0.376242	0.279128	0.207080	0.200000	17.03
0.27	11.92	0.455603	0.268753	0.158533	0.200000	17.03
0.27	12.29	0.421958	0.295462	0.206888	0.200000	17.03
0.27	12.65	0.460027	0.287430	0.179589	0.200000	17.03
0.27	13.02	0.476098	0.299584	0.188512	0.200000	17.03
0.27	13.39	0.531944	0.295543	0.164200	0.200000	17.03
0.27	13.76	0.584308	0.281504	0.135621	0.200000	17.03
0.27	14.12	0.526936	0.320202	0.194576	0.200000	17.03
0.27	14.49	0.598916	0.302072	0.152355	0.200000	17.03
0.27	14.86	0.619444	0.299754	0.145053	0.200000	17.03
0.27	15.22	0.669676	0.279580	0.116721	0.200000	17.03
0.27	15.59	0.790123	0.205901	0.053657	0.200000	17.03
0.27	15.96	0.669753	0.307465	0.141148	0.200000	17.03
0.27	16.33	0.649383	0.329254	0.166940	0.200000	17.03
0.27	16.69	0.658589	0.337286	0.172736	0.200000	17.03
0.27	17.06	0.722012	0.324750	0.146067	0.200000	17.03
0.27	17.43	0.716385	0.328543	0.150674	0.200000	17.03
0.27	17.80	0.765073	0.300963	0.118393	0.200000	17.03
0.27	18.16	0.740137	0.335203	0.151812	0.200000	17.03
0.27	18.53	0.818202	0.275379	0.092683	0.200000	17.03
0.27	18.90	0.846759	0.251768	0.074859	0.200000	17.03
0.27	19.27	0.861574	0.226123	0.059347	0.200000	17.03
0.27	19.63	0.903265	0.182815	0.037001	0.200000	17.03
0.27	20.00	0.896486	0.186615	0.038846	0.200000	17.03
0.27	20.37	0.914767	0.156197	0.026671	0.200000	17.03
0.27	20.73	0.937688	0.098053	0.010253	0.200000	17.03
0.27	21.10	0.933183	0.129721	0.018033	0.200000	17.03
0.27	21.47	0.947948	0.041260	0.001796	0.200000	17.03
0.27	21.84	0.933480	0.141685	0.021505	0.200000	17.03
0.27	22.20	0.958709	0.010004	0.000104	0.200000	17.03
0.27	22.57	0.923097	0.141030	0.021546	0.200000	17.03
0.27	22.94	0.922582	0.141272	0.021632	0.200000	17.03
0.27	23.31	0.930556	0.142369	0.021782	0.200000	17.03
0.27	23.67	0.929784	0.142183	0.021743	0.200000	17.03
0.27	24.04	0.910160	0.197921	0.043039	0.200000	17.03
0.27	24.41	0.912412	0.196402	0.042277	0.200000	17.03
0.27	24.78	0.962169	0.010232	0.000109	0.200000	17.03
0.27	25.14	0.917953	0.200346	0.043726	0.200000	17.03
0.27	25.51	0.923173	0.198809	0.042814	0.200000	17.03
0.27	25.88	0.933967	0.161261	0.027844	0.200000	17.03
0.27	26.24	0.926657	0.194646	0.040886	0.200000	17.03
0.27	26.61	0.926413	0.196842	0.041825	0.200000	17.03
0.27	26.98	0.916667	0.207933	0.047167	0.200000	17.03
0.27	27.35	0.886806	0.261289	0.076986	0.200000	17.03
0.27	27.71	0.915005	0.210214	0.048295	0.200000	17.03
0.27	28.08	0.930199	0.192757	0.039943	0.200000	17.03
0.27	28.45	0.888388	0.241969	0.065905	0.200000	17.03
0.27	28.82	0.887888	0.241814	0.065858	0.200000	17.03
0.27	29.18	0.888138	0.241916	0.065894	0.200000	17.03
0.27	29.55	0.888889	0.241231	0.065467	0.200000	17.03
0.27	29.92	0.889640	0.242337	0.066012	0.200000	17.03
0.30	2.00	0.051786	0.002823	0.000154	0.296296	16.24
0.30	2.37	0.051786	0.002823	0.000154	0.296296	16.24
0.30	2.73	0.052083	0.002946	0.000167	0.296296	16.24
0.30	3.10	0.052679	0.003093	0.000182	0.296296	16.24
0.30	3.47	0.052344	0.003026	0.000175	0.296296	16.24
0.30	3.84	0.053125	0.003125	0.000184	0.296296	16.24
0.30	4.20	0.052679	0.003093	0.000182	0.296296	16.24
0.30	4.57	0.052344	0.003026	0.000175	0.296296	16.24
0.30	4.94	0.052679	0.003093	0.000182	0.296296	16.24
0.30	5.31	0.052679	0.003093	0.000182	0.296296	16.24
0.30	5.67	0.053125	0.003125	0.000184	0.296296	16.24
0.30	6.04	0.057353	0.007499	0.000980	0.296296	16.24
0.30	6.41	0.056597	0.007647	0.001033	0.296296	16.24
0.30	6.78	0.058125	0.009499	0.001552	0.296296	16.24
0.30	7.14	0.061198	0.013738	0.003084	0.296296	16.24
0.30	7.51	0.061384	0.016285	0.004321	0.296296	16.24
0.30	7.88	0.066042	0.021511	0.007006	0.296296	16.24
0.30	8.24	0.098958	0.098954	0.098950	0.296296	16.24
0.30	8.61	0.127917	0.142611	0.158993	0.296296	16.24
0.30	8.98	0.154032	0.170319	0.188327	0.296296	16.24
0.30	9.35	0.174053	0.186913	0.200723	0.296296	16.24
0.30	9.71	0.230743	0.212834	0.196316	0.296296	16.24
0.30	10.08	0.223933	0.214876	0.206185	0.296296	16.24
0.30	10.45	0.304730	0.230687	0.174636	0.296296	16.24
0.30	10.82	0.317599	0.221806	0.154906	0.296296	16.24
0.30	11.18	0.332927	0.223628	0.150212	0.296296	16.24
0.30	11.55	0.342857	0.225807	0.148717	0.296296	16.24
0.30	11.92	0.364810	0.220591	0.133386	0.296296	16.24
0.30	12.29	0.372554	0.221797	0.132045	0.296296	16.24
0.30	12.65	0.390489	0.209456	0.112351	0.296296	16.24
0.30	13.02	0.388702	0.225820	0.131192	0.296296	16.24
0.30	13.39	0.380425	0.211080	0.117119	0.296296	16.24
0.30	13.76	0.383443	0.221022	0.127400	0.296296	16.24
0.30	14.12	0.417067	0.214845	0.110674	0.296296	16.24
0.30	14.49	0.431364	0.203473	0.095978	0.296296	16.24
0.30	14.86	0.418432	0.216605	0.112128	0.296296	16.24
0.30	15.22	0.441183	0.210954	0.100869	0.296296	16.24
0.30	15.59	0.453864	0.219262	0.105926	0.296296	16.24
0.30	15.96	0.396926	0.210327	0.111450	0.296296	16.24
0.30	16.33	0.419492	0.197676	0.093151	0.296296	16.24
0.30	16.69	0.414936	0.214716	0.111109	0.296296	16.24
0.30	17.06	0.428021	0.210748	0.103768	0.296296	16.24
0.30	17.43	0.431140	0.201500	0.094174	0.296296	16.24
0.30	17.80	0.433369	0.212184	0.103888	0.296296	16.24
0.30	18.16	0.440360	0.198212	0.089218	0.296296	16.24
0.30	18.53	0.475670	0.224549	0.106003	0.296296	16.24
0.30	18.90	0.516023	0.249763	0.120890	0.296296	16.24
0.30	19.27	0.488771	0.252099	0.130028	0.296296	16.24
0.30	19.63	0.504741	0.245101	0.119020	0.296296	16.24
0.30	20.00	0.514195	0.242343	0.114217	0.296296	16.24
0.30	20.37	0.486017	0.247138	0.125668	0.296296	16.24
0.30	20.73	0.519773	0.258579	0.128639	0.296296	16.24
0.30	21.10	0.491595	0.245927	0.123029	0.296296	16.24
0.30	21.47	0.507841	0.240759	0.114140	0.296296	16.24
0.30	21.84	0.518986	0.245183	0.115832	0.296296	16.24
0.30	22.20	0.498904	0.231791	0.107690	0.296296	16.24
0.30	22.57	0.525708	0.237319	0.107132	0.296296	16.24
0.30	22.94	0.521296	0.238465	0.109085	0.296296	16.24
0.30	23.31	0.509487	0.235180	0.108560	0.296296	16.24
0.30	23.67	0.542067	0.224636	0.093091	0.296296	16.24
0.30	24.04	0.518415	0.251012	0.121538	0.296296	16.24
0.30	24.41	0.518862	0.251282	0.121694	0.296296	16.24
0.30	24.78	0.513925	0.252330	0.123891	0.296296	16.24
0.30	25.14	0.521875	0.241158	0.111439	0.296296	16.24
0.30	25.51	0.550000	0.244030	0.108274	0.296296	16.24
0.30	25.88	0.621750	0.206870	0.068830	0.296296	16.24
0.30	26.24	0.507924	0.255570	0.128594	0.296296	16.24
0.30	26.61	0.519978	0.248507	0.118766	0.296296	16.24
0.30	26.98	0.503289	0.256051	0.130267	0.296296	16.24
0.30	27.35	0.668616	0.148438	0.032954	0.296296	16.24
0.30	27.71	0.679911	0.168251	0.041635	0.296296	16.24
0.30	28.08	0.686908	0.129397	0.024375	0.296296	16.24
0.30	28.45	0.684245	0.146991	0.031577	0.296296	16.24
0.30	28.82	0.688947	0.139417	0.028213	0.296296	16.24
0.30	29.18	0.696118	0.124648	0.022320	0.296296	16.24
0.30	29.55	0.710239	0.069876	0.006875	0.296296	16.24
0.30	29.92	0.687819	0.119381	0.020720	0.296296	16.24
0.33	2.00	0.052500	0.003062	0.000179	0.296296	16.64
0.33	2.37	0.052500	0.003062	0.000179	0.296296	16.64
0.33	2.73	0.050000	0.000000	0.000000	0.296296	16.64
0.33	3.10	0.054688	0.006315	0.000729	0.296296	16.64
0.33	3.47	0.054688	0.007273	0.000967	0.296296	16.64
0.33	3.84	0.054464	0.006858	0.000864	0.296296	16.64
0.33	4.20	0.056250	0.008839	0.001389	0.296296	16.64
0.33	4.57	0.056771	0.007421	0.000970	0.296296	16.64
0.33	4.94	0.055417	0.007862	0.001115	0.296296	16.64
0.33	5.31	0.054688	0.006811	0.000848	0.296296	16.64
0.33	5.67	0.055556	0.007479	0.001007	0.296296	16.64
0.33	6.04	0.054167	0.007302	0.000984	0.296296	16.64
0.33	6.41	0.055313	0.007467	0.001008	0.296296	16.64
0.33	6.78	0.055984	0.008351	0.001246	0.296296	16.64
0.33	7.14	0.056760	0.009603	0.001625	0.296296	16.64
0.33	7.51	0.059316	0.014901	0.003743	0.296296	16.64
0.33	7.88	0.060453	0.016633	0.004576	0.296296	16.64
0.33	8.24	0.085204	0.090894	0.096963	0.296296	16.64
0.33	8.61	0.107452	0.129864	0.156950	0.296296	16.64
0.33	8.98	0.124777	0.155341	0.193392	0.296296	16.64
0.33	9.35	0.129873	0.161109	0.199858	0.296296	16.64
0.33	9.71	0.163147	0.186573	0.213364	0.296296	16.64
0.33	10.08	0.188934	0.201640	0.215201	0.296296	16.64
0.33	10.45	0.242472	0.217601	0.195281	0.296296	16.64
0.33	10.82	0.276389	0.228324	0.188617	0.296296	16.64
0.33	11.18	0.291528	0.227994	0.178306	0.296296	16.64
0.33	11.55	0.344665	0.235383	0.160751	0.296296	16.64
0.33	11.92	0.349148	0.230132	0.151686	0.296296	16.64
0.33	12.29	0.362883	0.214012	0.126214	0.296296	16.64
0.33	12.65	0.343375	0.232666	0.157651	0.296296	16.64
0.33	13.02	0.385156	0.226016	0.132630	0.296296	16.64
0.33	13.39	0.389875	0.202604	0.105286	0.296296	16.64
0.33	13.76	0.477261	0.207066	0.089838	0.296296	16.64
0.33	14.12	0.458182	0.228197	0.113653	0.296296	16.64
0.33	14.49	0.472500	0.227763	0.109790	0.296296	16.64
0.33	14.86	0.436794	0.212512	0.103393	0.296296	16.64
0.33	15.22	0.441354	0.216004	0.105715	0.296296	16.64
0.33	15.59	0.472433	0.224733	0.106903	0.296296	16.64
0.33	15.96	0.479318	0.227077	0.107577	0.296296	16.64
0.33	16.33	0.483051	0.231921	0.111349	0.296296	16.64
0.33	16.69	0.524107	0.213010	0.086572	0.296296	16.64
0.33	17.06	0.513170	0.221654	0.095739	0.296296	16.64
0.33	17.43	0.525223	0.216567	0.089298	0.296296	16.64
0.33	17.80	0.575962	0.204415	0.072549	0.296296	16.64
0.33	18.16	0.567217	0.211362	0.078760	0.296296	16.64
0.33	18.53	0.591319	0.223757	0.084670	0.296296	16.64
0.33	18.90	0.597837	0.239484	0.095934	0.296296	16.64
0.33	19.27	0.591375	0.215837	0.078775	0.296296	16.64
0.33	19.63	0.582813	0.225640	0.087358	0.296296	16.64
0.33	20.00	0.608375	0.220460	0.079889	0.296296	16.64
0.33	20.37	0.627041	0.227191	0.082316	0.296296	16.64
0.33	20.73	0.608894	0.239984	0.094585	0.296296	16.64
0.33	21.10	0.630125	0.226580	0.081474	0.296296	16.64
0.33	21.47	0.642187	0.223958	0.078103	0.296296	16.64
0.33	21.84	0.522848	0.238973	0.109225	0.296296	16.64
0.33	22.20	0.507422	0.238574	0.112170	0.296296	16.64
0.33	22.57	0.493044	0.250868	0.127645	0.296296	16.64
0.33	22.94	0.483730	0.233651	0.112858	0.296296	16.64
0.33	23.31	0.509119	0.245118	0.118013	0.296296	16.64
0.33	23.67	0.531875	0.235462	0.104239	0.296296	16.64
0.33	24.04	0.524896	0.238936	0.108765	0.296296	16.64
0.33	24.41	0.621591	0.224943	0.081403	0.296296	16.64
0.33	24.78	0.663787	0.129920	0.025428	0.296296	16.64
0.33	25.14	0.687083	0.129793	0.024518	0.296296	16.64
0.33	25.51	0.653851	0.148434	0.033697	0.296296	16.64
0.33	25.88	0.666146	0.244663	0.089860	0.296296	16.64
0.33	26.24	0.732267	0.193818	0.051300	0.296296	16.64
0.33	26.61	0.734028	0.198478	0.053667	0.296296	16.64
0.33	26.98	0.762500	0.167478	0.036785	0.296296	16.64
0.33	27.35	0.733967	0.202098	0.055648	0.296296	16.64
0.33	27.71	0.736047	0.200321	0.054519	0.296296	16.64
0.33	28.08	0.755139	0.188715	0.047161	0.296296	16.64
0.33	28.45	0.662729	0.129068	0.025136	0.296296	16.64
0.33	28.82	0.657004	0.122491	0.022837	0.296296	16.64
0.33	29.18	0.671540	0.121099	0.021838	0.296296	16.64
0.33	29.55	0.676991	0.125442	0.023244	0.296296	16.64
0.33	29.92	0.775904	0.101644	0.013315	0.296296	16.64
0.36	2.00	0.054167	0.005103	0.000481	0.296296	16.91
0.36	2.37	0.054167	0.005103	0.000481	0.296296	16.91
0.36	2.73	0.053472	0.005197	0.000505	0.296296	16.91
0.36	3.10	0.054167	0.005103	0.000481	0.296296	16.91
0.36	3.47	0.052778	0.004281	0.000347	0.296296	16.91
0.36	3.84	0.055469	0.004879	0.000429	0.296296	16.91
0.36	4.20	0.054167	0.005103	0.000481	0.296296	16.91
0.36	4.57	0.053472	0.004281	0.000343	0.296296	16.91
0.36	4.94	0.053750	0.005000	0.000465	0.296296	16.91
0.36	5.31	0.055000	0.004677	0.000398	0.296296	16.91
0.36	5.67	0.053846	0.004611	0.000395	0.296296	16.91
0.36	6.04	0.053516	0.004402	0.000362	0.296296	16.91
0.36	6.41	0.056250	0.007329	0.000955	0.296296	16.91
0.36	6.78	0.055488	0.006648	0.000797	0.296296	16.91
0.36	7.14	0.055952	0.007339	0.000963	0.296296	16.91
0.36	7.51	0.056888	0.008399	0.001240	0.296296	16.91
0.36	7.88	0.058053	0.010280	0.001820	0.296296	16.91
0.36	8.24	0.064543	0.025379	0.009980	0.296296	16.91
0.36	8.61	0.067273	0.031215	0.014484	0.296296	16.91
0.36	8.98	0.102455	0.117876	0.135617	0.296296	16.91
0.36	9.35	0.147872	0.170829	0.197350	0.296296	16.91
0.36	9.71	0.207589	0.214003	0.220614	0.296296	16.91
0.36	10.08	0.225399	0.227686	0.229996	0.296296	16.91
0.36	10.45	0.272384	0.237371	0.206859	0.296296	16.91
0.36	10.82	0.394257	0.229747	0.133882	0.296296	16.91
0.36	11.18	0.402365	0.233661	0.135691	0.296296	16.91
0.36	11.55	0.382895	0.236127	0.145617	0.296296	16.91
0.36	11.92	0.416506	0.233839	0.131284	0.296296	16.91
0.36	12.29	0.437500	0.232917	0.124001	0.296296	16.91
0.36	12.65	0.443333	0.233773	0.123271	0.296296	16.91
0.36	13.02	0.444260	0.241226	0.130982	0.296296	16.91
0.36	13.39	0.455859	0.226950	0.112987	0.296296	16.91
0.36	13.76	0.438797	0.265707	0.160895	0.296296	16.91
0.36	14.12	0.434483	0.263471	0.159769	0.296296	16.91
0.36	14.49	0.470139	0.256334	0.139761	0.296296	16.91
0.36	14.86	0.509681	0.253720	0.126302	0.296296	16.91
0.36	15.22	0.474342	0.258890	0.141299	0.296296	16.91
0.36	15.59	0.503571	0.267673	0.142281	0.296296	16.91
0.36	15.96	0.531611	0.249074	0.116698	0.296296	16.91
0.36	16.33	0.440332	0.222010	0.111934	0.296296	16.91
0.36	16.69	0.462198	0.245561	0.130465	0.296296	16.91
0.36	17.06	0.479406	0.240107	0.120256	0.296296	16.91
0.36	17.43	0.480853	0.243733	0.123543	0.296296	16.91
0.36	17.80	0.492404	0.256999	0.134135	0.296296	16.91
0.36	18.16	0.500512	0.256439	0.131388	0.296296	16.91
0.36	18.53	0.546820	0.257250	0.121022	0.296296	16.91
0.36	18.90	0.569085	0.261833	0.120468	0.296296	16.91
0.36	19.27	0.664158	0.261462	0.102931	0.296296	16.91
0.36	19.63	0.657875	0.275184	0.115107	0.296296	16.91
0.36	20.00	0.775893	0.213237	0.058603	0.296296	16.91
0.36	20.37	0.727983	0.248270	0.084669	0.296296	16.91
0.36	20.73	0.703804	0.250100	0.088874	0.296296	16.91
0.36	21.10	0.711685	0.257333	0.093047	0.296296	16.91
0.36	21.47	0.880099	0.024242	0.000668	0.296296	16.91
0.36	21.84	0.883882	0.006669	0.000050	0.296296	16.91
0.36	22.20	0.882051	0.016024	0.000291	0.296296	16.91
0.36	22.57	0.884868	0.007399	0.000062	0.296296	16.91
0.36	22.94	0.886678	0.008133	0.000075	0.296296	16.91
0.36	23.31	0.886678	0.006278	0.000044	0.296296	16.91
0.36	23.67	0.885526	0.005930	0.000040	0.296296	16.91
0.36	24.04	0.876603	0.006746	0.000052	0.296296	16.91
0.36	24.41	0.874013	0.035400	0.001434	0.296296	16.91
0.36	24.78	0.857566	0.129873	0.019669	0.296296	16.91
0.36	25.14	0.874679	0.030155	0.001040	0.296296	16.91
0.36	25.51	0.878526	0.006904	0.000054	0.296296	16.91
0.36	25.88	0.881250	0.007722	0.000068	0.296296	16.91
0.36	26.24	0.885473	0.006824	0.000053	0.296296	16.91
0.36	26.61	0.857083	0.070804	0.005849	0.296296	16.91
0.36	26.98	0.815402	0.112717	0.015581	0.296296	16.91
0.36	27.35	0.776202	0.122389	0.019298	0.296296	16.91
0.36	27.71	0.809470	0.091580	0.010361	0.296296	16.91
0.36	28.08	0.747965	0.229116	0.070182	0.296296	16.91
0.36	28.45	0.757292	0.232045	0.071102	0.296296	16.91
0.36	28.82	0.761905	0.216725	0.061647	0.296296	16.91
0.36	29.18	0.720640	0.239547	0.079628	0.296296	16.91
0.36	29.55	0.784375	0.201619	0.051825	0.296296	16.91
0.36	29.92	0.740923	0.245681	0.081465	0.296296	16.91
0.39	2.00	0.050694	0.001964	0.000076	0.296296	17.26
0.39	2.37	0.050694	0.001964	0.000076	0.296296	17.26
0.39	2.73	0.051250	0.002500	0.000122	0.296296	17.26
0.39	3.10	0.051875	0.002864	0.000158	0.296296	17.26
0.39	3.47	0.051136	0.002411	0.000114	0.296296	17.26
0.39	3.84	0.051042	0.002329	0.000106	0.296296	17.26
0.39	4.20	0.051563	0.002706	0.000142	0.296296	17.26
0.39	4.57	0.051786	0.002823	0.000154	0.296296	17.26
0.39	4.94	0.052232	0.002995	0.000172	0.296296	17.26
0.39	5.31	0.056434	0.007501	0.000997	0.296296	17.26
0.39	5.67	0.055937	0.007520	0.001011	0.296296	17.26
0.39	6.04	0.058277	0.015105	0.003915	0.296296	17.26
0.39	6.41	0.059604	0.019721	0.006525	0.296296	17.26
0.39	6.78	0.063110	0.026474	0.011105	0.296296	17.26
0.39	7.14	0.065278	0.037187	0.021185	0.296296	17.26
0.39	7.51	0.064413	0.029672	0.013668	0.296296	17.26
0.39	7.88	0.071274	0.055945	0.043914	0.296296	17.26
0.39	8.24	0.082361	0.076323	0.070727	0.296296	17.26
0.39	8.61	0.083523	0.083320	0.083118	0.296296	17.26
0.39	8.98	0.125000	0.143966	0.165809	0.296296	17.26
0.39	9.35	0.197266	0.198775	0.200296	0.296296	17.26
0.39	9.71	0.246780	0.226694	0.208242	0.296296	17.26
0.39	10.08	0.307353	0.233802	0.177852	0.296296	17.26
0.39	10.45	0.319853	0.235213	0.172970	0.296296	17.26
0.39	10.82	0.349671	0.233272	0.155621	0.296296	17.26
0.39	11.18	0.418919	0.214903	0.110244	0.296296	17.26
0.39	11.55	0.418590	0.228009	0.124198	0.296296	17.26
0.39	11.92	0.433654	0.220652	0.112272	0.296296	17.26
0.39	12.29	0.425815	0.246627	0.142843	0.296296	17.26
0.39	12.65	0.400354	0.257584	0.165727	0.296296	17.26
0.39	13.02	0.416947	0.246588	0.145836	0.296296	17.26
0.39	13.39	0.459255	0.238801	0.124171	0.296296	17.26
0.39	13.76	0.448264	0.236154	0.124411	0.296296	17.26
0.39	14.12	0.456023	0.239145	0.125411	0.296296	17.26
0.39	14.49	0.473438	0.239632	0.121291	0.296296	17.26
0.39	14.86	0.480154	0.253082	0.133396	0.296296	17.26
0.39	15.22	0.500123	0.244171	0.119209	0.296296	17.26
0.39	15.59	0.517940	0.230821	0.102866	0.296296	17.26
0.39	15.96	0.490948	0.233012	0.110591	0.296296	17.26
0.39	16.33	0.531971	0.225042	0.095201	0.296296	17.26
0.39	16.69	0.526415	0.229192	0.099786	0.296296	17.26
0.39	17.06	0.507386	0.236925	0.110633	0.296296	17.26
0.39	17.43	0.575638	0.227867	0.090201	0.296296	17.26
0.39	17.80	0.552451	0.247345	0.110742	0.296296	17.26
0.39	18.16	0.731250	0.215964	0.063782	0.296296	17.26
0.39	18.53	0.716755	0.219363	0.067136	0.296296	17.26
0.39	18.90	0.798780	0.134418	0.022620	0.296296	17.26
0.39	19.27	0.788720	0.166766	0.035261	0.296296	17.26
0.39	19.63	0.805335	0.161934	0.032561	0.296296	17.26
0.39	20.00	0.788081	0.166546	0.035196	0.296296	17.26
0.39	20.37	0.836406	0.111767	0.014935	0.296296	17.26
0.39	20.73	0.727717	0.201942	0.056039	0.296296	17.26
0.39	21.10	0.749185	0.197542	0.052087	0.296296	17.26
0.39	21.47	0.793023	0.150013	0.028377	0.296296	17.26
0.39	21.84	0.813517	0.136591	0.022934	0.296296	17.26
0.39	22.20	0.821948	0.140851	0.024137	0.296296	17.26
0.39	22.57	0.818006	0.130177	0.020716	0.296296	17.26
0.39	22.94	0.867061	0.005929	0.000041	0.296296	17.26
0.39	23.31	0.866216	0.006410	0.000047	0.296296	17.26
0.39	23.67	0.866667	0.005893	0.000040	0.296296	17.26
0.39	24.04	0.867535	0.005274	0.000032	0.296296	17.26
0.39	24.41	0.867014	0.006182	0.000044	0.296296	17.26
0.39	24.78	0.867857	0.005416	0.000034	0.296296	17.26
0.39	25.14	0.867535	0.005859	0.000040	0.296296	17.26
0.39	25.51	0.877724	0.052306	0.003117	0.296296	17.26
0.39	25.88	0.862969	0.091636	0.009731	0.296296	17.26
0.39	26.24	0.881250	0.043030	0.002101	0.296296	17.26
0.39	26.61	0.885417	0.033021	0.001232	0.296296	17.26
0.39	26.98	0.885691	0.034140	0.001316	0.296296	17.26
0.39	27.35	0.891118	0.005485	0.000034	0.296296	17.26
0.39	27.71	0.888851	0.031973	0.001150	0.296296	17.26
0.39	28.08	0.893929	0.005686	0.000036	0.296296	17.26
0.39	28.45	0.894088	0.005228	0.000031	0.296296	17.26
0.39	28.82	0.892763	0.005650	0.000036	0.296296	17.26
0.39	29.18	0.893750	0.005812	0.000038	0.296296	17.26
0.39	29.55	0.895312	0.004745	0.000025	0.296296	17.26
0.39	29.92	0.792563	0.113546	0.016267	0.296296	17.26
0.41	2.00	0.000000	0.000000	0.000000	0.690741	16.36
0.41	2.37	0.000000	0.000000	0.000000	0.690741	16.36
0.41	2.73	0.000000	0.000000	0.000000	0.690741	16.36
0.41	3.10	0.050938	0.000000	0.000000	0.690741	16.36
0.41	3.47	0.000000	0.000000	0.000000	0.690741	16.36
0.41	3.84	0.000000	0.000000	0.000000	0.690741	16.36
0.41	4.20	0.000000	0.000000	0.000000	0.690741	16.36
0.41	4.57	0.000000	0.000000	0.000000	0.690741	16.36
0.41	4.94	0.000000	0.000000	0.000000	0.690741	16.36
0.41	5.31	0.000000	0.000000	0.000000	0.690741	16.36
0.41	5.67	0.050938	0.000000	0.000000	0.690741	16.36
0.41	6.04	0.050938	0.000000	0.000000	0.690741	16.36
0.41	6.41	0.050938	0.000000	0.000000	0.690741	16.36
0.41	6.78	0.052279	0.001340	0.000034	0.690741	16.36
0.41	7.14	0.052726	0.001264	0.000030	0.690741	16.36
0.41	7.51	0.052279	0.001340	0.000034	0.690741	16.36
0.41	7.88	0.055630	0.002922	0.000153	0.690741	16.36
0.41	8.24	0.067918	0.011339	0.001893	0.690741	16.36
0.41	8.61	0.063856	0.016480	0.004253	0.690741	16.36
0.41	8.98	0.084372	0.037602	0.016758	0.690741	16.36
0.41	9.35	0.098729	0.043465	0.019135	0.690741	16.36
0.41	9.71	0.123047	0.051112	0.021232	0.690741	16.36
0.41	10.08	0.112438	0.054681	0.026592	0.690741	16.36
0.41	10.45	0.122054	0.061209	0.030695	0.690741	16.36
0.41	10.82	0.166632	0.095722	0.054988	0.690741	16.36
0.41	11.18	0.161270	0.088959	0.049071	0.690741	16.36
0.41	11.55	0.164901	0.095298	0.055074	0.690741	16.36
0.41	11.92	0.186083	0.103886	0.057997	0.690741	16.36
0.41	12.29	0.210322	0.113307	0.061042	0.690741	16.36
0.41	12.65	0.225549	0.125022	0.069300	0.690741	16.36
0.41	13.02	0.237969	0.136915	0.078774	0.690741	16.36
0.41	13.39	0.251660	0.138732	0.076479	0.690741	16.36
0.41	13.76	0.277961	0.137587	0.068104	0.690741	16.36
0.41	14.12	0.240757	0.127662	0.067694	0.690741	16.36
0.41	14.49	0.272203	0.141157	0.073200	0.690741	16.36
0.41	14.86	0.276073	0.161498	0.094474	0.690741	16.36
0.41	15.22	0.305067	0.172973	0.098075	0.690741	16.36
0.41	15.59	0.300268	0.155776	0.080815	0.690741	16.36
0.41	15.96	0.301064	0.155870	0.080698	0.690741	16.36
0.41	16.33	0.329540	0.156713	0.074525	0.690741	16.36
0.41	16.69	0.346335	0.195129	0.109938	0.690741	16.36
0.41	17.06	0.350454	0.171628	0.084052	0.690741	16.36
0.41	17.43	0.348852	0.169896	0.082741	0.690741	16.36
0.41	17.80	0.359184	0.170779	0.081199	0.690741	16.36
0.41	18.16	0.362792	0.178455	0.087781	0.690741	16.36
0.41	18.53	0.361307	0.174218	0.084006	0.690741	16.36
0.41	18.90	0.350722	0.164426	0.077086	0.690741	16.36
0.41	19.27	0.336718	0.170634	0.086470	0.690741	16.36
0.41	19.63	0.366508	0.188763	0.097219	0.690741	16.36
0.41	20.00	0.334246	0.194533	0.113219	0.690741	16.36
0.41	20.37	0.428473	0.182757	0.077952	0.690741	16.36
0.41	20.73	0.435234	0.168716	0.065402	0.690741	16.36
0.41	21.10	0.426652	0.200488	0.094211	0.690741	16.36
0.41	21.47	0.425174	0.205060	0.098899	0.690741	16.36
0.41	21.84	0.396881	0.200562	0.101353	0.690741	16.36
0.41	22.20	0.432064	0.215199	0.107184	0.690741	16.36
0.41	22.57	0.436092	0.215467	0.106460	0.690741	16.36
0.41	22.94	0.408110	0.215672	0.113976	0.690741	16.36
0.41	23.31	0.454822	0.210375	0.097308	0.690741	16.36
0.41	23.67	0.450261	0.228043	0.115496	0.690741	16.36
0.41	24.04	0.472277	0.249938	0.132272	0.690741	16.36
0.41	24.41	0.427011	0.220499	0.113861	0.690741	16.36
0.41	24.78	0.420523	0.231362	0.127290	0.690741	16.36
0.41	25.14	0.426138	0.228308	0.122319	0.690741	16.36
0.41	25.51	0.415859	0.213248	0.109352	0.690741	16.36
0.41	25.88	0.387792	0.213757	0.117826	0.690741	16.36
0.41	26.24	0.395143	0.215412	0.117432	0.690741	16.36
0.41	26.61	0.454615	0.188998	0.078572	0.690741	16.36
0.41	26.98	0.515554	0.222805	0.096288	0.690741	16.36
0.41	27.35	0.485060	0.213786	0.094224	0.690741	16.36
0.41	27.71	0.491355	0.202791	0.083696	0.690741	16.36
0.41	28.08	0.394039	0.201135	0.102669	0.690741	16.36
0.41	28.45	0.402016	0.220202	0.120615	0.690741	16.36
0.41	28.82	0.395771	0.199785	0.100851	0.690741	16.36
0.41	29.18	0.461235	0.221106	0.105994	0.690741	16.36
0.41	29.55	0.458988	0.216700	0.102310	0.690741	16.36
0.41	29.92	0.434893	0.222552	0.113889	0.690741	16.36
0.44	2.00	0.050938	0.000000	0.000000	0.690741	16.62
0.44	2.37	0.050938	0.000000	0.000000	0.690741	16.62
0.44	2.73	0.053619	0.002681	0.000134	0.690741	16.62
0.44	3.10	0.000000	0.000000	0.000000	0.690741	16.62
0.44	3.47	0.000000	0.000000	0.000000	0.690741	16.62
0.44	3.84	0.000000	0.000000	0.000000	0.690741	16.62
0.44	4.20	0.000000	0.000000	0.000000	0.690741	16.62
0.44	4.57	0.000000	0.000000	0.000000	0.690741	16.62
0.44	4.94	0.000000	0.000000	0.000000	0.690741	16.62
0.44	5.31	0.000000	0.000000	0.000000	0.690741	16.62
0.44	5.67	0.000000	0.000000	0.000000	0.690741	16.62
0.44	6.04	0.000000	0.000000	0.000000	0.690741	16.62
0.44	6.41	0.050938	0.000000	0.000000	0.690741	16.62
0.44	6.78	0.000000	0.000000	0.000000	0.690741	16.62
0.44	7.14	0.000000	0.000000	0.000000	0.690741	16.62
0.44	7.51	0.070599	0.016430	0.003823	0.690741	16.62
0.44	7.88	0.067024	0.016086	0.003861	0.690741	16.62
0.44	8.24	0.095509	0.038849	0.015802	0.690741	16.62
0.44	8.61	0.087131	0.041353	0.019626	0.690741	16.62
0.44	8.98	0.105324	0.045970	0.020064	0.690741	16.62
0.44	9.35	0.127920	0.050225	0.019720	0.690741	16.62
0.44	9.71	0.139491	0.064696	0.030006	0.690741	16.62
0.44	10.08	0.165352	0.064244	0.024960	0.690741	16.62
0.44	10.45	0.162095	0.075510	0.035175	0.690741	16.62
0.44	10.82	0.177694	0.101332	0.057786	0.690741	16.62
0.44	11.18	0.192183	0.100261	0.052306	0.690741	16.62
0.44	11.55	0.205839	0.108991	0.057710	0.690741	16.62
0.44	11.92	0.200536	0.111245	0.061712	0.690741	16.62
0.44	12.29	0.222195	0.125161	0.070503	0.690741	16.62
0.44	12.65	0.254814	0.118306	0.054927	0.690741	16.62
0.44	13.02	0.267203	0.109221	0.044645	0.690741	16.62
0.44	13.39	0.266775	0.143244	0.076914	0.690741	16.62
0.44	13.76	0.266655	0.138647	0.072089	0.690741	16.62
0.44	14.12	0.271384	0.135816	0.067971	0.690741	16.62
0.44	14.49	0.290198	0.140298	0.067828	0.690741	16.62
0.44	14.86	0.333405	0.164204	0.080872	0.690741	16.62
0.44	15.22	0.340629	0.165908	0.080808	0.690741	16.62
0.44	15.59	0.350942	0.192130	0.105186	0.690741	16.62
0.44	15.96	0.349539	0.202185	0.116951	0.690741	16.62
0.44	16.33	0.393029	0.189273	0.091149	0.690741	16.62
0.44	16.69	0.377076	0.214393	0.121897	0.690741	16.62
0.44	17.06	0.378380	0.192251	0.097681	0.690741	16.62
0.44	17.43	0.387208	0.198763	0.102030	0.690741	16.62
0.44	17.80	0.351331	0.185452	0.097892	0.690741	16.62
0.44	18.16	0.374011	0.209373	0.117208	0.690741	16.62
0.44	18.53	0.465513	0.270925	0.157677	0.690741	16.62
0.44	18.90	0.435917	0.275182	0.173714	0.690741	16.62
0.44	19.27	0.442992	0.274088	0.169584	0.690741	16.62
0.44	19.63	0.477406	0.275881	0.159425	0.690741	16.62
0.44	20.00	0.423801	0.230837	0.125733	0.690741	16.62
0.44	20.37	0.412277	0.220906	0.118366	0.690741	16.62
0.44	20.73	0.492607	0.247161	0.124010	0.690741	16.62
0.44	21.10	0.478986	0.263970	0.145474	0.690741	16.62
0.44	21.47	0.408864	0.251278	0.154429	0.690741	16.62
0.44	21.84	0.461945	0.266490	0.153735	0.690741	16.62
0.44	22.20	0.479213	0.268234	0.150141	0.690741	16.62
0.44	22.57	0.510440	0.267830	0.140532	0.690741	16.62
0.44	22.94	0.540256	0.255750	0.121069	0.690741	16.62
0.44	23.31	0.532088	0.274741	0.141861	0.690741	16.62
0.44	23.67	0.520920	0.300467	0.173309	0.690741	16.62
0.44	24.04	0.443115	0.202707	0.092730	0.690741	16.62
0.44	24.41	0.489723	0.237522	0.115202	0.690741	16.62
0.44	24.78	0.454576	0.217327	0.103901	0.690741	16.62
0.44	25.14	0.478284	0.237000	0.117439	0.690741	16.62
0.44	25.51	0.484944	0.253491	0.132506	0.690741	16.62
0.44	25.88	0.492920	0.259011	0.136100	0.690741	16.62
0.44	26.24	0.505265	0.263128	0.137030	0.690741	16.62
0.44	26.61	0.556733	0.261979	0.123279	0.690741	16.62
0.44	26.98	0.511104	0.253530	0.125762	0.690741	16.62
0.44	27.35	0.464956	0.287161	0.177353	0.690741	16.62
0.44	27.71	0.480364	0.284463	0.168454	0.690741	16.62
0.44	28.08	0.529391	0.284732	0.153143	0.690741	16.62
0.44	28.45	0.503741	0.286026	0.162407	0.690741	16.62
0.44	28.82	0.525210	0.293257	0.163744	0.690741	16.62
0.44	29.18	0.526831	0.300347	0.171229	0.690741	16.62
0.44	29.55	0.440335	0.213426	0.103445	0.690741	16.62
0.44	29.92	0.426430	0.202060	0.095744	0.690741	16.62
0.47	2.00	0.000000	0.000000	0.000000	0.690741	16.90
0.47	2.37	0.000000	0.000000	0.000000	0.690741	16.90
0.47	2.73	0.000000	0.000000	0.000000	0.690741	16.90
0.47	3.10	0.000000	0.000000	0.000000	0.690741	16.90
0.47	3.47	0.000000	0.000000	0.000000	0.690741	16.90
0.47	3.84	0.000000	0.000000	0.000000	0.690741	16.90
0.47	4.20	0.000000	0.000000	0.000000	0.690741	16.90
0.47	4.57	0.000000	0.000000	0.000000	0.690741	16.90
0.47	4.94	0.000000	0.000000	0.000000	0.690741	16.90
0.47	5.31	0.000000	0.000000	0.000000	0.690741	16.90
0.47	5.67	0.000000	0.000000	0.000000	0.690741	16.90
0.47	6.04	0.000000	0.000000	0.000000	0.690741	16.90
0.47	6.41	0.000000	0.000000	0.000000	0.690741	16.90
0.47	6.78	0.085791	0.000000	0.000000	0.690741	16.90
0.47	7.14	0.052279	0.001340	0.000034	0.690741	16.90
0.47	7.51	0.075067	0.022828	0.006942	0.690741	16.90
0.47	7.88	0.092940	0.029800	0.009555	0.690741	16.90
0.47	8.24	0.097706	0.038709	0.015336	0.690741	16.90
0.47	8.61	0.125622	0.025732	0.005271	0.690741	16.90
0.47	8.98	0.126452	0.049202	0.019144	0.690741	16.90
0.47	9.35	0.120260	0.060291	0.030227	0.690741	16.90
0.47	9.71	0.144276	0.059270	0.024348	0.690741	16.90
0.47	10.08	0.163036	0.069377	0.029522	0.690741	16.90
0.47	10.45	0.167663	0.075410	0.033917	0.690741	16.90
0.47	10.82	0.183311	0.073445	0.029426	0.690741	16.90
0.47	11.18	0.190295	0.097405	0.049858	0.690741	16.90
0.47	11.55	0.194700	0.089112	0.040786	0.690741	16.90
0.47	11.92	0.210036	0.104134	0.051629	0.690741	16.90
0.47	12.29	0.227962	0.112151	0.055175	0.690741	16.90
0.47	12.65	0.234173	0.105756	0.047761	0.690741	16.90
0.47	13.02	0.257098	0.143197	0.079758	0.690741	16.90
0.47	13.39	0.266685	0.136817	0.070191	0.690741	16.90
0.47	13.76	0.294533	0.168939	0.096901	0.690741	16.90
0.47	14.12	0.319696	0.143928	0.064796	0.690741	16.90
0.47	14.49	0.334238	0.171984	0.088495	0.690741	16.90
0.47	14.86	0.350501	0.184332	0.096942	0.690741	16.90
0.47	15.22	0.375819	0.202353	0.108953	0.690741	16.90
0.47	15.59	0.371589	0.174737	0.082169	0.690741	16.90
0.47	15.96	0.394102	0.205348	0.106997	0.690741	16.90
0.47	16.33	0.405214	0.202612	0.101308	0.690741	16.90
0.47	16.69	0.445040	0.218039	0.106824	0.690741	16.90
0.47	17.06	0.475122	0.207433	0.090563	0.690741	16.90
0.47	17.43	0.470394	0.219005	0.101964	0.690741	16.90
0.47	17.80	0.485580	0.215801	0.095906	0.690741	16.90
0.47	18.16	0.495266	0.205816	0.085530	0.690741	16.90
0.47	18.53	0.499043	0.229061	0.105139	0.690741	16.90
0.47	18.90	0.555914	0.209402	0.078877	0.690741	16.90
0.47	19.27	0.486765	0.218462	0.098047	0.690741	16.90
0.47	19.63	0.520340	0.222382	0.095041	0.690741	16.90
0.47	20.00	0.531887	0.259612	0.126716	0.690741	16.90
0.47	20.37	0.520063	0.227346	0.099384	0.690741	16.90
0.47	20.73	0.527001	0.225645	0.096614	0.690741	16.90
0.47	21.10	0.620695	0.233992	0.088211	0.690741	16.90
0.47	21.47	0.565820	0.233773	0.096585	0.690741	16.90
0.47	21.84	0.515265	0.251680	0.122932	0.690741	16.90
0.47	22.20	0.563589	0.277305	0.136444	0.690741	16.90
0.47	22.57	0.568777	0.266683	0.125040	0.690741	16.90
0.47	22.94	0.636729	0.257823	0.104397	0.690741	16.90
0.47	23.31	0.660379	0.280233	0.118917	0.690741	16.90
0.47	23.67	0.683100	0.248563	0.090446	0.690741	16.90
0.47	24.04	0.663466	0.281637	0.119553	0.690741	16.90
0.47	24.41	0.642761	0.235241	0.086095	0.690741	16.90
0.47	24.78	0.549638	0.252622	0.116109	0.690741	16.90
0.47	25.14	0.586964	0.235355	0.094371	0.690741	16.90
0.47	25.51	0.600626	0.249071	0.103286	0.690741	16.90
0.47	25.88	0.614311	0.269024	0.117813	0.690741	16.90
0.47	26.24	0.631767	0.245786	0.095622	0.690741	16.90
0.47	26.61	0.676298	0.262236	0.101682	0.690741	16.90
0.47	26.98	0.703257	0.243616	0.084391	0.690741	16.90
0.47	27.35	0.685113	0.237758	0.082510	0.690741	16.90
0.47	27.71	0.619962	0.240008	0.092915	0.690741	16.90
0.47	28.08	0.611436	0.257743	0.108648	0.690741	16.90
0.47	28.45	0.605595	0.243517	0.097921	0.690741	16.90
0.47	28.82	0.513465	0.195723	0.074606	0.690741	16.90
0.47	29.18	0.509607	0.197618	0.076634	0.690741	16.90
0.47	29.55	0.478826	0.205738	0.088400	0.690741	16.90
0.47	29.92	0.609517	0.247770	0.100719	0.690741	16.90
0.50	2.00	0.000000	0.000000	0.000000	0.690741	17.09
0.50	2.37	0.000000	0.000000	0.000000	0.690741	17.09
0.50	2.73	0.050938	0.000000	0.000000	0.690741	17.09
0.50	3.10	0.000000	0.000000	0.000000	0.690741	17.09
0.50	3.47	0.050938	0.000000	0.000000	0.690741	17.09
0.50	3.84	0.000000	0.000000	0.000000	0.690741	17.09
0.50	4.20	0.000000	0.000000	0.000000	0.690741	17.09
0.50	4.57	0.000000	0.000000	0.000000	0.690741	17.09
0.50	4.94	0.000000	0.000000	0.000000	0.690741	17.09
0.50	5.31	0.000000	0.000000	0.000000	0.690741	17.09
0.50	5.67	0.000000	0.000000	0.000000	0.690741	17.09
0.50	6.04	0.000000	0.000000	0.000000	0.690741	17.09
0.50	6.41	0.000000	0.000000	0.000000	0.690741	17.09
0.50	6.78	0.064343	0.013405	0.002793	0.690741	17.09
0.50	7.14	0.062332	0.016675	0.004461	0.690741	17.09
0.50	7.51	0.077748	0.040348	0.020939	0.690741	17.09
0.50	7.88	0.073280	0.037999	0.019704	0.690741	17.09
0.50	8.24	0.082663	0.042430	0.021779	0.690741	17.09
0.50	8.61	0.082216	0.037999	0.017562	0.690741	17.09
0.50	8.98	0.105707	0.056887	0.030615	0.690741	17.09
0.50	9.35	0.110104	0.065937	0.039487	0.690741	17.09
0.50	9.71	0.119049	0.068676	0.039617	0.690741	17.09
0.50	10.08	0.129021	0.087026	0.058699	0.690741	17.09
0.50	10.45	0.192345	0.107201	0.059747	0.690741	17.09
0.50	10.82	0.200652	0.108017	0.058149	0.690741	17.09
0.50	11.18	0.208019	0.108196	0.056276	0.690741	17.09
0.50	11.55	0.211548	0.112516	0.059844	0.690741	17.09
0.50	11.92	0.248784	0.115255	0.053395	0.690741	17.09
0.50	12.29	0.280522	0.133547	0.063577	0.690741	17.09
0.50	12.65	0.299950	0.147603	0.072634	0.690741	17.09
0.50	13.02	0.291000	0.163335	0.091678	0.690741	17.09
0.50	13.39	0.287928	0.137603	0.065761	0.690741	17.09
0.50	13.76	0.293096	0.162171	0.089729	0.690741	17.09
0.50	14.12	0.334344	0.176918	0.093616	0.690741	17.09
0.50	14.49	0.355925	0.180031	0.091062	0.690741	17.09
0.50	14.86	0.342572	0.166114	0.080549	0.690741	17.09
0.50	15.22	0.443029	0.187759	0.079573	0.690741	17.09
0.50	15.59	0.425055	0.179764	0.076026	0.690741	17.09
0.50	15.96	0.501005	0.214060	0.091459	0.690741	17.09
0.50	16.33	0.428183	0.167529	0.065546	0.690741	17.09
0.50	16.69	0.705216	0.176717	0.044283	0.690741	17.09
0.50	17.06	0.669256	0.181017	0.048960	0.690741	17.09
0.50	17.43	0.720723	0.184494	0.047228	0.690741	17.09
0.50	17.80	0.658676	0.227508	0.078582	0.690741	17.09
0.50	18.16	0.558981	0.238073	0.101397	0.690741	17.09
0.50	18.53	0.502941	0.235805	0.110558	0.690741	17.09
0.50	18.90	0.548023	0.247722	0.111977	0.690741	17.09
0.50	19.27	0.578957	0.235732	0.095982	0.690741	17.09
0.50	19.63	0.503421	0.223276	0.099027	0.690741	17.09
0.50	20.00	0.500900	0.217474	0.094420	0.690741	17.09
0.50	20.37	0.495396	0.188529	0.071747	0.690741	17.09
0.50	20.73	0.673128	0.246442	0.090226	0.690741	17.09
0.50	21.10	0.662099	0.232730	0.081805	0.690741	17.09
0.50	21.47	0.568499	0.238578	0.100123	0.690741	17.09
0.50	21.84	0.606175	0.237271	0.092874	0.690741	17.09
0.50	22.20	0.573982	0.254911	0.113209	0.690741	17.09
0.50	22.57	0.554038	0.281087	0.142607	0.690741	17.09
0.50	22.94	0.580602	0.270916	0.126412	0.690741	17.09
0.50	23.31	0.754150	0.222177	0.065454	0.690741	17.09
0.50	23.67	0.756260	0.222601	0.065522	0.690741	17.09
0.50	24.04	0.730228	0.244945	0.082164	0.690741	17.09
0.50	24.41	0.689398	0.221465	0.071144	0.690741	17.09
0.50	24.78	0.660411	0.248950	0.093845	0.690741	17.09
0.50	25.14	0.720965	0.216412	0.064960	0.690741	17.09
0.50	25.51	0.735979	0.216102	0.063453	0.690741	17.09
0.50	25.88	0.706177	0.211255	0.063197	0.690741	17.09
0.50	26.24	0.742901	0.206025	0.057136	0.690741	17.09
0.50	26.61	0.710298	0.206019	0.059755	0.690741	17.09
0.50	26.98	0.609124	0.277336	0.126272	0.690741	17.09
0.50	27.35	0.615070	0.251583	0.102905	0.690741	17.09
0.50	27.71	0.639013	0.230872	0.083413	0.690741	17.09
0.50	28.08	0.695453	0.234599	0.079138	0.690741	17.09
0.50	28.45	0.718070	0.236750	0.078057	0.690741	17.09
0.50	28.82	0.647106	0.243444	0.091584	0.690741	17.09
0.50	29.18	0.670757	0.226370	0.076396	0.690741	17.09
0.50	29.55	0.486982	0.216424	0.096183	0.690741	17.09
0.50	29.92	0.735624	0.234301	0.074626	0.690741	17.09
0.53	2.00	0.000000	0.000000	0.000000	0.690741	17.32
0.53	2.37	0.000000	0.000000	0.000000	0.690741	17.32
0.53	2.73	0.000000	0.000000	0.000000	0.690741	17.32
0.53	3.10	0.000000	0.000000	0.000000	0.690741	17.32
0.53	3.47	0.000000	0.000000	0.000000	0.690741	17.32
0.53	3.84	0.000000	0.000000	0.000000	0.690741	17.32
0.53	4.20	0.000000	0.000000	0.000000	0.690741	17.32
0.53	4.57	0.000000	0.000000	0.000000	0.690741	17.32
0.53	4.94	0.000000	0.000000	0.000000	0.690741	17.32
0.53	5.31	0.000000	0.000000	0.000000	0.690741	17.32
0.53	5.67	0.000000	0.000000	0.000000	0.690741	17.32
0.53	6.04	0.000000	0.000000	0.000000	0.690741	17.32
0.53	6.41	0.061662	0.000000	0.000000	0.690741	17.32
0.53	6.78	0.058981	0.000000	0.000000	0.690741	17.32
0.53	7.14	0.053619	0.000000	0.000000	0.690741	17.32
0.53	7.51	0.055853	0.003253	0.000189	0.690741	17.32
0.53	7.88	0.056683	0.008034	0.001139	0.690741	17.32
0.53	8.24	0.065074	0.022316	0.007653	0.690741	17.32
0.53	8.61	0.070088	0.025592	0.009345	0.690741	17.32
0.53	8.98	0.067882	0.025272	0.009409	0.690741	17.32
0.53	9.35	0.086483	0.046391	0.024885	0.690741	17.32
0.53	9.71	0.128984	0.065476	0.033238	0.690741	17.32
0.53	10.08	0.138293	0.060559	0.026519	0.690741	17.32
0.53	10.45	0.176646	0.090623	0.046491	0.690741	17.32
0.53	10.82	0.210567	0.093971	0.041937	0.690741	17.32
0.53	11.18	0.231352	0.103551	0.046349	0.690741	17.32
0.53	11.55	0.238201	0.124948	0.065541	0.690741	17.32
0.53	11.92	0.265756	0.128510	0.062143	0.690741	17.32
0.53	12.29	0.278940	0.120539	0.052089	0.690741	17.32
0.53	12.65	0.288778	0.133633	0.061839	0.690741	17.32
0.53	13.02	0.326624	0.155155	0.073703	0.690741	17.32
0.53	13.39	0.360799	0.170850	0.080903	0.690741	17.32
0.53	13.76	0.307062	0.136408	0.060597	0.690741	17.32
0.53	14.12	0.356248	0.163953	0.075455	0.690741	17.32
0.53	14.49	0.363730	0.148281	0.060449	0.690741	17.32
0.53	14.86	0.399045	0.185254	0.086003	0.690741	17.32
0.53	15.22	0.419839	0.158754	0.060030	0.690741	17.32
0.53	15.59	0.465622	0.175574	0.066205	0.690741	17.32
0.53	15.96	0.455228	0.182657	0.073290	0.690741	17.32
0.53	16.33	0.450796	0.189348	0.079532	0.690741	17.32
0.53	16.69	0.484801	0.224809	0.104247	0.690741	17.32
0.53	17.06	0.583904	0.219973	0.082870	0.690741	17.32
0.53	17.43	0.542346	0.230793	0.098213	0.690741	17.32
0.53	17.80	0.607214	0.235006	0.090953	0.690741	17.32
0.53	18.16	0.613558	0.219127	0.078259	0.690741	17.32
0.53	18.53	0.535182	0.200162	0.074862	0.690741	17.32
0.53	18.90	0.499919	0.211359	0.089360	0.690741	17.32
0.53	19.27	0.507063	0.253706	0.126940	0.690741	17.32
0.53	19.63	0.599473	0.239373	0.095583	0.690741	17.32
0.53	20.00	0.679196	0.192376	0.054489	0.690741	17.32
0.53	20.37	0.606086	0.227361	0.085290	0.690741	17.32
0.53	20.73	0.627872	0.218220	0.075844	0.690741	17.32
0.53	21.10	0.625156	0.237572	0.090282	0.690741	17.32
0.53	21.47	0.663892	0.237536	0.084989	0.690741	17.32
0.53	21.84	0.689349	0.223239	0.072294	0.690741	17.32
0.53	22.20	0.681348	0.238026	0.083153	0.690741	17.32
0.53	22.57	0.624263	0.225594	0.081525	0.690741	17.32
0.53	22.94	0.654479	0.242776	0.090057	0.690741	17.32
0.53	23.31	0.628708	0.216923	0.074845	0.690741	17.32
0.53	23.67	0.688512	0.243921	0.086415	0.690741	17.32
0.53	24.04	0.705751	0.235183	0.078372	0.690741	17.32
0.53	24.41	0.647853	0.224121	0.077534	0.690741	17.32
0.53	24.78	0.638347	0.239489	0.089849	0.690741	17.32
0.53	25.14	0.670697	0.229457	0.078501	0.690741	17.32
0.53	25.51	0.685265	0.234778	0.080437	0.690741	17.32
0.53	25.88	0.717313	0.210301	0.061656	0.690741	17.32
0.53	26.24	0.679802	0.232345	0.079411	0.690741	17.32
0.53	26.61	0.705661	0.214375	0.065126	0.690741	17.32
0.53	26.98	0.636423	0.203494	0.065067	0.690741	17.32
0.53	27.35	0.677562	0.204110	0.061486	0.690741	17.32
0.53	27.71	0.693459	0.204396	0.060245	0.690741	17.32
0.53	28.08	0.683494	0.210183	0.064634	0.690741	17.32
0.53	28.45	0.715211	0.214636	0.064412	0.690741	17.32
0.53	28.82	0.714188	0.214048	0.064152	0.690741	17.32
0.53	29.18	0.677309	0.219301	0.071006	0.690741	17.32
0.53	29.55	0.675262	0.221135	0.072417	0.690741	17.32
0.53	29.92	0.697876	0.216328	0.067057	0.690741	17.32
0.56	2.00	0.000000	0.000000	0.000000	0.690741	17.53
0.56	2.37	0.000000	0.000000	0.000000	0.690741	17.53
0.56	2.73	0.053619	0.000000	0.000000	0.690741	17.53
0.56	3.10	0.056300	0.000000	0.000000	0.690741	17.53
0.56	3.47	0.050938	0.000000	0.000000	0.690741	17.53
0.56	3.84	0.050938	0.000000	0.000000	0.690741	17.53
0.56	4.20	0.050938	0.000000	0.000000	0.690741	17.53
0.56	4.57	0.050938	0.000000	0.000000	0.690741	17.53
0.56	4.94	0.050938	0.000000	0.000000	0.690741	17.53
0.56	5.31	0.050938	0.000000	0.000000	0.690741	17.53
0.56	5.67	0.053619	0.000000	0.000000	0.690741	17.53
0.56	6.04	0.000000	0.000000	0.000000	0.690741	17.53
0.56	6.41	0.000000	0.000000	0.000000	0.690741	17.53
0.56	6.78	0.000000	0.000000	0.000000	0.690741	17.53
0.56	7.14	0.050938	0.000000	0.000000	0.690741	17.53
0.56	7.51	0.053619	0.000000	0.000000	0.690741	17.53
0.56	7.88	0.074620	0.031472	0.013274	0.690741	17.53
0.56	8.24	0.054838	0.004624	0.000390	0.690741	17.53
0.56	8.61	0.066067	0.027669	0.011588	0.690741	17.53
0.56	8.98	0.084227	0.045799	0.024903	0.690741	17.53
0.56	9.35	0.110992	0.060468	0.032943	0.690741	17.53
0.56	9.71	0.131889	0.066109	0.033137	0.690741	17.53
0.56	10.08	0.128572	0.076316	0.045298	0.690741	17.53
0.56	10.45	0.198326	0.111533	0.062723	0.690741	17.53
0.56	10.82	0.225201	0.102484	0.046638	0.690741	17.53
0.56	11.18	0.235116	0.092082	0.036063	0.690741	17.53
0.56	11.55	0.262052	0.128156	0.062675	0.690741	17.53
0.56	11.92	0.296137	0.116108	0.045523	0.690741	17.53
0.56	12.29	0.313621	0.146953	0.068858	0.690741	17.53
0.56	12.65	0.337049	0.170528	0.086278	0.690741	17.53
0.56	13.02	0.348257	0.156160	0.070023	0.690741	17.53
0.56	13.39	0.368374	0.162532	0.071712	0.690741	17.53
0.56	13.76	0.365586	0.186747	0.095393	0.690741	17.53
0.56	14.12	0.398673	0.187725	0.088395	0.690741	17.53
0.56	14.49	0.447326	0.154376	0.053276	0.690741	17.53
0.56	14.86	0.517065	0.207420	0.083206	0.690741	17.53
0.56	15.22	0.473622	0.205026	0.088753	0.690741	17.53
0.56	15.59	0.528964	0.201369	0.076658	0.690741	17.53
0.56	15.96	0.536739	0.190646	0.067716	0.690741	17.53
0.56	16.33	0.521850	0.195579	0.073299	0.690741	17.53
0.56	16.69	0.643546	0.165809	0.042721	0.690741	17.53
0.56	17.06	0.534661	0.209339	0.081963	0.690741	17.53
0.56	17.43	0.517119	0.189647	0.069551	0.690741	17.53
0.56	17.80	0.535242	0.201408	0.075788	0.690741	17.53
0.56	18.16	0.615459	0.237321	0.091511	0.690741	17.53
0.56	18.53	0.530789	0.200202	0.075512	0.690741	17.53
0.56	18.90	0.513260	0.282123	0.155075	0.690741	17.53
0.56	19.27	0.568496	0.259299	0.118270	0.690741	17.53
0.56	19.63	0.559457	0.285134	0.145322	0.690741	17.53
0.56	20.00	0.669475	0.195662	0.057185	0.690741	17.53
0.56	20.37	0.670342	0.185583	0.051378	0.690741	17.53
0.56	20.73	0.675067	0.208325	0.064289	0.690741	17.53
0.56	21.10	0.690091	0.192982	0.053967	0.690741	17.53
0.56	21.47	0.619035	0.209090	0.070624	0.690741	17.53
0.56	21.84	0.710405	0.229631	0.074226	0.690741	17.53
0.56	22.20	0.651192	0.228559	0.080221	0.690741	17.53
0.56	22.57	0.628224	0.254924	0.103444	0.690741	17.53
0.56	22.94	0.643978	0.249970	0.097030	0.690741	17.53
0.56	23.31	0.634901	0.260780	0.107113	0.690741	17.53
0.56	23.67	0.654503	0.252652	0.097529	0.690741	17.53
0.56	24.04	0.772289	0.182478	0.043116	0.690741	17.53
0.56	24.41	0.706847	0.210991	0.062980	0.690741	17.53
0.56	24.78	0.709373	0.212916	0.063906	0.690741	17.53
0.56	25.14	0.800385	0.162539	0.033008	0.690741	17.53
0.56	25.51	0.722675	0.213235	0.062918	0.690741	17.53
0.56	25.88	0.745416	0.196744	0.051928	0.690741	17.53
0.56	26.24	0.711923	0.203808	0.058346	0.690741	17.53
0.56	26.61	0.720612	0.217023	0.065360	0.690741	17.53
0.56	26.98	0.741478	0.222980	0.067055	0.690741	17.53
0.56	27.35	0.672972	0.243312	0.087969	0.690741	17.53
0.56	27.71	0.659761	0.250668	0.095238	0.690741	17.53
0.56	28.08	0.680763	0.264110	0.102465	0.690741	17.53
0.56	28.45	0.646405	0.220021	0.074890	0.690741	17.53
0.56	28.82	0.640946	0.218198	0.074281	0.690741	17.53
0.56	29.18	0.666518	0.225113	0.076031	0.690741	17.53
0.56	29.55	0.726289	0.213904	0.062998	0.690741	17.53
0.56	29.92	0.804345	0.189172	0.044491	0.690741	17.53
0.59	2.00	0.000000	0.000000	0.000000	0.690741	17.72
0.59	2.37	0.000000	0.000000	0.000000	0.690741	17.72
0.59	2.73	0.000000	0.000000	0.000000	0.690741	17.72
0.59	3.10	0.000000	0.000000	0.000000	0.690741	17.72
0.59	3.47	0.000000	0.000000	0.000000	0.690741	17.72
0.59	3.84	0.000000	0.000000	0.000000	0.690741	17.72
0.59	4.20	0.056300	0.000000	0.000000	0.690741	17.72
0.59	4.57	0.056300	0.000000	0.000000	0.690741	17.72
0.59	4.94	0.056300	0.000000	0.000000	0.690741	17.72
0.59	5.31	0.056300	0.000000	0.000000	0.690741	17.72
0.59	5.67	0.052279	0.001340	0.000034	0.690741	17.72
0.59	6.04	0.052726	0.001264	0.000030	0.690741	17.72
0.59	6.41	0.056300	0.000000	0.000000	0.690741	17.72
0.59	6.78	0.052279	0.001340	0.000034	0.690741	17.72
0.59	7.14	0.056300	0.002681	0.000128	0.690741	17.72
0.59	7.51	0.057641	0.006702	0.000779	0.690741	17.72
0.59	7.88	0.072769	0.029032	0.011583	0.690741	17.72
0.59	8.24	0.078479	0.037361	0.017786	0.690741	17.72
0.59	8.61	0.086685	0.055392	0.035396	0.690741	17.72
0.59	8.98	0.124901	0.070723	0.040046	0.690741	17.72
0.59	9.35	0.117665	0.077573	0.051141	0.690741	17.72
0.59	9.71	0.138414	0.083710	0.050626	0.690741	17.72
0.59	10.08	0.148178	0.085509	0.049345	0.690741	17.72
0.59	10.45	0.189351	0.097031	0.049723	0.690741	17.72
0.59	10.82	0.186113	0.110311	0.065383	0.690741	17.72
0.59	11.18	0.225096	0.127744	0.072496	0.690741	17.72
0.59	11.55	0.244391	0.148360	0.090063	0.690741	17.72
0.59	11.92	0.264662	0.125222	0.059247	0.690741	17.72
0.59	12.29	0.322290	0.156016	0.075525	0.690741	17.72
0.59	12.65	0.347208	0.157058	0.071045	0.690741	17.72
0.59	13.02	0.405548	0.179725	0.079648	0.690741	17.72
0.59	13.39	0.440322	0.186192	0.078732	0.690741	17.72
0.59	13.76	0.475562	0.160354	0.054069	0.690741	17.72
0.59	14.12	0.535794	0.199523	0.074300	0.690741	17.72
0.59	14.49	0.405586	0.193768	0.092572	0.690741	17.72
0.59	14.86	0.462772	0.213047	0.098081	0.690741	17.72
0.59	15.22	0.433462	0.236184	0.128691	0.690741	17.72
0.59	15.59	0.544803	0.226329	0.094024	0.690741	17.72
0.59	15.96	0.512680	0.233612	0.106450	0.690741	17.72
0.59	16.33	0.534991	0.242306	0.109745	0.690741	17.72
0.59	16.69	0.613205	0.251546	0.103188	0.690741	17.72
0.59	17.06	0.579512	0.249390	0.107324	0.690741	17.72
0.59	17.43	0.650709	0.240214	0.088677	0.690741	17.72
0.59	17.80	0.647402	0.235702	0.085813	0.690741	17.72
0.59	18.16	0.610555	0.220461	0.079605	0.690741	17.72
0.59	18.53	0.577271	0.190215	0.062677	0.690741	17.72
0.59	18.90	0.586195	0.200670	0.068694	0.690741	17.72
0.59	19.27	0.654723	0.237491	0.086146	0.690741	17.72
0.59	19.63	0.656938	0.230662	0.080990	0.690741	17.72
0.59	20.00	0.649538	0.225120	0.078023	0.690741	17.72
0.59	20.37	0.624853	0.275319	0.121310	0.690741	17.72
0.59	20.73	0.582966	0.235911	0.095467	0.690741	17.72
0.59	21.10	0.585163	0.234354	0.093857	0.690741	17.72
0.59	21.47	0.620402	0.240443	0.093186	0.690741	17.72
0.59	21.84	0.617873	0.225030	0.081956	0.690741	17.72
0.59	22.20	0.611875	0.238615	0.093053	0.690741	17.72
0.59	22.57	0.644772	0.239165	0.088714	0.690741	17.72
0.59	22.94	0.604535	0.246646	0.100630	0.690741	17.72
0.59	23.31	0.611394	0.263864	0.113878	0.690741	17.72
0.59	23.67	0.589505	0.225048	0.085914	0.690741	17.72
0.59	24.04	0.709495	0.210531	0.062472	0.690741	17.72
0.59	24.41	0.726962	0.211415	0.061483	0.690741	17.72
0.59	24.78	0.719235	0.210052	0.061346	0.690741	17.72
0.59	25.14	0.716576	0.213125	0.063388	0.690741	17.72
0.59	25.51	0.703222	0.225381	0.072234	0.690741	17.72
0.59	25.88	0.722599	0.223981	0.069426	0.690741	17.72
0.59	26.24	0.689463	0.253835	0.093452	0.690741	17.72
0.59	26.61	0.692751	0.261772	0.098916	0.690741	17.72
0.59	26.98	0.683100	0.272797	0.108942	0.690741	17.72
0.59	27.35	0.731475	0.197717	0.053443	0.690741	17.72
0.59	27.71	0.732451	0.197060	0.053017	0.690741	17.72
0.59	28.08	0.751676	0.196661	0.051453	0.690741	17.72
0.59	28.45	0.824762	0.178364	0.038573	0.690741	17.72
0.59	28.82	0.824179	0.153271	0.028504	0.690741	17.72
0.59	29.18	0.726313	0.210312	0.060898	0.690741	17.72
0.59	29.55	0.557923	0.209308	0.078523	0.690741	17.72
0.59	29.92	0.574286	0.225378	0.088449	0.690741	17.72
0.61	2.00	0.000000	0.000000	0.000000	0.690741	17.87
0.61	2.37	0.000000	0.000000	0.000000	0.690741	17.87
0.61	2.73	0.000000	0.000000	0.000000	0.690741	17.87
0.61	3.10	0.000000	0.000000	0.000000	0.690741	17.87
0.61	3.47	0.000000	0.000000	0.000000	0.690741	17.87
0.61	3.84	0.000000	0.000000	0.000000	0.690741	17.87
0.61	4.20	0.000000	0.000000	0.000000	0.690741	17.87
0.61	4.57	0.000000	0.000000	0.000000	0.690741	17.87
0.61	4.94	0.000000	0.000000	0.000000	0.690741	17.87
0.61	5.31	0.000000	0.000000	0.000000	0.690741	17.87
0.61	5.67	0.000000	0.000000	0.000000	0.690741	17.87
0.61	6.04	0.056300	0.000000	0.000000	0.690741	17.87
0.61	6.41	0.052279	0.001340	0.000034	0.690741	17.87
0.61	6.78	0.053619	0.002681	0.000134	0.690741	17.87
0.61	7.14	0.054960	0.001340	0.000033	0.690741	17.87
0.61	7.51	0.066488	0.024478	0.009012	0.690741	17.87
0.61	7.88	0.078897	0.033603	0.014312	0.690741	17.87
0.61	8.24	0.089142	0.034169	0.013097	0.690741	17.87
0.61	8.61	0.081404	0.046327	0.026365	0.690741	17.87
0.61	8.98	0.097766	0.052104	0.027769	0.690741	17.87
0.61	9.35	0.123968	0.057965	0.027103	0.690741	17.87
0.61	9.71	0.153952	0.060979	0.024153	0.690741	17.87
0.61	10.08	0.178578	0.077451	0.033591	0.690741	17.87
0.61	10.45	0.168080	0.091152	0.049432	0.690741	17.87
0.61	10.82	0.179673	0.103231	0.059311	0.690741	17.87
0.61	11.18	0.207845	0.111921	0.060268	0.690741	17.87
0.61	11.55	0.243287	0.125933	0.065187	0.690741	17.87
0.61	11.92	0.249803	0.136076	0.074125	0.690741	17.87
0.61	12.29	0.306685	0.141215	0.065023	0.690741	17.87
0.61	12.65	0.356958	0.153235	0.065780	0.690741	17.87
0.61	13.02	0.376902	0.151682	0.061044	0.690741	17.87
0.61	13.39	0.417322	0.164069	0.064503	0.690741	17.87
0.61	13.76	0.441019	0.172132	0.067184	0.690741	17.87
0.61	14.12	0.498947	0.207207	0.086051	0.690741	17.87
0.61	14.49	0.523306	0.205871	0.080991	0.690741	17.87
0.61	14.86	0.573832	0.224925	0.088164	0.690741	17.87
0.61	15.22	0.598783	0.193522	0.062545	0.690741	17.87
0.61	15.59	0.553476	0.191314	0.066129	0.690741	17.87
0.61	15.96	0.466099	0.223531	0.107201	0.690741	17.87
0.61	16.33	0.495939	0.193285	0.075330	0.690741	17.87
0.61	16.69	0.554914	0.203196	0.074406	0.690741	17.87
0.61	17.06	0.475118	0.216653	0.098794	0.690741	17.87
0.61	17.43	0.587224	0.204108	0.070944	0.690741	17.87
0.61	17.80	0.639513	0.218618	0.074735	0.690741	17.87
0.61	18.16	0.588379	0.237281	0.095690	0.690741	17.87
0.61	18.53	0.615258	0.249134	0.100881	0.690741	17.87
0.61	18.90	0.634445	0.217786	0.074759	0.690741	17.87
0.61	19.27	0.660074	0.214598	0.069768	0.690741	17.87
0.61	19.63	0.673170	0.220794	0.072419	0.690741	17.87
0.61	20.00	0.707775	0.214405	0.064949	0.690741	17.87
0.61	20.37	0.644137	0.234058	0.085049	0.690741	17.87
0.61	20.73	0.692483	0.219657	0.069676	0.690741	17.87
0.61	21.10	0.770833	0.192553	0.048100	0.690741	17.87
0.61	21.47	0.623113	0.226958	0.082665	0.690741	17.87
0.61	21.84	0.674946	0.222187	0.073142	0.690741	17.87
0.61	22.20	0.640368	0.217259	0.073710	0.690741	17.87
0.61	22.57	0.667064	0.223723	0.075033	0.690741	17.87
0.61	22.94	0.748462	0.199210	0.053022	0.690741	17.87
0.61	23.31	0.745102	0.192110	0.049532	0.690741	17.87
0.61	23.67	0.743740	0.200528	0.054067	0.690741	17.87
0.61	24.04	0.717158	0.236769	0.078169	0.690741	17.87
0.61	24.41	0.674433	0.242406	0.087126	0.690741	17.87
0.61	24.78	0.687448	0.234554	0.080028	0.690741	17.87
0.61	25.14	0.664644	0.221160	0.073591	0.690741	17.87
0.61	25.51	0.610611	0.243152	0.096826	0.690741	17.87
0.61	25.88	0.649611	0.254463	0.099677	0.690741	17.87
0.61	26.24	0.758322	0.227153	0.068043	0.690741	17.87
0.61	26.61	0.743393	0.234003	0.073659	0.690741	17.87
0.61	26.98	0.769660	0.213974	0.059487	0.690741	17.87
0.61	27.35	0.731367	0.193963	0.051440	0.690741	17.87
0.61	27.71	0.738123	0.190034	0.048925	0.690741	17.87
0.61	28.08	0.765443	0.185761	0.045081	0.690741	17.87
0.61	28.45	0.677093	0.258091	0.098378	0.690741	17.87
0.61	28.82	0.679094	0.273049	0.109787	0.690741	17.87
0.61	29.18	0.713910	0.251319	0.088472	0.690741	17.87
0.61	29.55	0.572775	0.182218	0.057969	0.690741	17.87
0.61	29.92	0.539330	0.197746	0.072503	0.690741	17.87
0.64	2.00	0.000000	0.000000	0.000000	0.690741	18.04
0.64	2.37	0.000000	0.000000	0.000000	0.690741	18.04
0.64	2.73	0.000000	0.000000	0.000000	0.690741	18.04
0.64	3.10	0.000000	0.000000	0.000000	0.690741	18.04
0.64	3.47	0.000000	0.000000	0.000000	0.690741	18.04
0.64	3.84	0.000000	0.000000	0.000000	0.690741	18.04
0.64	4.20	0.000000	0.000000	0.000000	0.690741	18.04
0.64	4.57	0.000000	0.000000	0.000000	0.690741	18.04
0.64	4.94	0.050938	0.000000	0.000000	0.690741	18.04
0.64	5.31	0.000000	0.000000	0.000000	0.690741	18.04
0.64	5.67	0.000000	0.000000	0.000000	0.690741	18.04
0.64	6.04	0.000000	0.000000	0.000000	0.690741	18.04
0.64	6.41	0.000000	0.000000	0.000000	0.690741	18.04
0.64	6.78	0.052726	0.002528	0.000121	0.690741	18.04
0.64	7.14	0.053619	0.001896	0.000067	0.690741	18.04
0.64	7.51	0.056300	0.003791	0.000255	0.690741	18.04
0.64	7.88	0.069437	0.027300	0.010733	0.690741	18.04
0.64	8.24	0.076854	0.041147	0.022030	0.690741	18.04
0.64	8.61	0.082514	0.043281	0.022702	0.690741	18.04
0.64	8.98	0.120777	0.060095	0.029901	0.690741	18.04
0.64	9.35	0.105094	0.064775	0.039924	0.690741	18.04
0.64	9.71	0.114924	0.072143	0.045288	0.690741	18.04
0.64	10.08	0.137019	0.086678	0.054832	0.690741	18.04
0.64	10.45	0.139470	0.087809	0.055283	0.690741	18.04
0.64	10.82	0.154012	0.095961	0.059791	0.690741	18.04
0.64	11.18	0.302279	0.119056	0.046891	0.690741	18.04
0.64	11.55	0.321374	0.140618	0.061528	0.690741	18.04
0.64	11.92	0.349183	0.150915	0.065225	0.690741	18.04
0.64	12.29	0.390836	0.174694	0.078084	0.690741	18.04
0.64	12.65	0.403071	0.166848	0.069065	0.690741	18.04
0.64	13.02	0.360143	0.144272	0.057795	0.690741	18.04
0.64	13.39	0.403650	0.150538	0.056142	0.690741	18.04
0.64	13.76	0.417650	0.167013	0.066786	0.690741	18.04
0.64	14.12	0.470988	0.173770	0.064112	0.690741	18.04
0.64	14.49	0.485255	0.218382	0.098280	0.690741	18.04
0.64	14.86	0.573674	0.180492	0.056787	0.690741	18.04
0.64	15.22	0.579392	0.192185	0.063748	0.690741	18.04
0.64	15.59	0.615991	0.181402	0.053421	0.690741	18.04
0.64	15.96	0.574808	0.181855	0.057534	0.690741	18.04
0.64	16.33	0.560947	0.200724	0.071825	0.690741	18.04
0.64	16.69	0.600536	0.208247	0.072213	0.690741	18.04
0.64	17.06	0.585698	0.206416	0.072746	0.690741	18.04
0.64	17.43	0.620828	0.205546	0.068053	0.690741	18.04
0.64	17.80	0.625591	0.179179	0.051319	0.690741	18.04
0.64	18.16	0.618084	0.198724	0.063893	0.690741	18.04
0.64	18.53	0.603957	0.180644	0.054031	0.690741	18.04
0.64	18.90	0.648338	0.186928	0.053895	0.690741	18.04
0.64	19.27	0.630118	0.228391	0.082782	0.690741	18.04
0.64	19.63	0.593724	0.225817	0.085887	0.690741	18.04
0.64	20.00	0.632943	0.232051	0.085075	0.690741	18.04
0.64	20.37	0.743667	0.183683	0.045369	0.690741	18.04
0.64	20.73	0.634048	0.224940	0.079802	0.690741	18.04
0.64	21.10	0.633282	0.200120	0.063239	0.690741	18.04
0.64	21.47	0.595394	0.210758	0.074604	0.690741	18.04
0.64	21.84	0.640463	0.213531	0.071191	0.690741	18.04
0.64	22.20	0.679873	0.206694	0.062839	0.690741	18.04
0.64	22.57	0.713400	0.218797	0.067104	0.690741	18.04
0.64	22.94	0.657448	0.222918	0.075584	0.690741	18.04
0.64	23.31	0.726902	0.192846	0.051162	0.690741	18.04
0.64	23.67	0.729065	0.193219	0.051207	0.690741	18.04
0.64	24.04	0.670241	0.232009	0.080312	0.690741	18.04
0.64	24.41	0.669559	0.237323	0.084118	0.690741	18.04
0.64	24.78	0.656741	0.231509	0.081610	0.690741	18.04
0.64	25.14	0.798403	0.188627	0.044564	0.690741	18.04
0.64	25.51	0.791854	0.195547	0.048290	0.690741	18.04
0.64	25.88	0.765159	0.203274	0.054002	0.690741	18.04
0.64	26.24	0.639318	0.239109	0.089428	0.690741	18.04
0.64	26.61	0.716515	0.216615	0.065486	0.690741	18.04
0.64	26.98	0.728365	0.217694	0.065064	0.690741	18.04
0.64	27.35	0.728365	0.217237	0.064791	0.690741	18.04
0.64	27.71	0.656980	0.227815	0.078997	0.690741	18.04
0.64	28.08	0.675057	0.230480	0.078691	0.690741	18.04
0.64	28.45	0.691740	0.218548	0.069048	0.690741	18.04
0.64	28.82	0.700783	0.240405	0.082471	0.690741	18.04
0.64	29.18	0.648363	0.238989	0.088092	0.690741	18.04
0.64	29.55	0.761052	0.223853	0.065843	0.690741	18.04
0.64	29.92	0.742798	0.228424	0.070245	0.690741	18.04
0.67	2.00	0.050802	0.000000	0.000000	0.692593	18.20
0.67	2.37	0.050802	0.000000	0.000000	0.692593	18.20
0.67	2.73	0.050802	0.000000	0.000000	0.692593	18.20
0.67	3.10	0.050802	0.000000	0.000000	0.692593	18.20
0.67	3.47	0.050802	0.000000	0.000000	0.692593	18.20
0.67	3.84	0.050802	0.000000	0.000000	0.692593	18.20
0.67	4.20	0.052139	0.001337	0.000034	0.692593	18.20
0.67	4.57	0.054813	0.001337	0.000033	0.692593	18.20
0.67	4.94	0.054813	0.001337	0.000033	0.692593	18.20
0.67	5.31	0.058824	0.002674	0.000122	0.692593	18.20
0.67	5.67	0.058824	0.002674	0.000122	0.692593	18.20
0.67	6.04	0.053476	0.002674	0.000134	0.692593	18.20
0.67	6.41	0.000000	0.000000	0.000000	0.692593	18.20
0.67	6.78	0.000000	0.000000	0.000000	0.692593	18.20
0.67	7.14	0.000000	0.000000	0.000000	0.692593	18.20
0.67	7.51	0.053476	0.002674	0.000134	0.692593	18.20
0.67	7.88	0.054813	0.004011	0.000293	0.692593	18.20
0.67	8.24	0.064840	0.008943	0.001234	0.692593	18.20
0.67	8.61	0.095365	0.044918	0.021157	0.692593	18.20
0.67	8.98	0.090703	0.044066	0.021408	0.692593	18.20
0.67	9.35	0.120469	0.066317	0.036507	0.692593	18.20
0.67	9.71	0.132655	0.085369	0.054939	0.692593	18.20
0.67	10.08	0.181042	0.120619	0.080362	0.692593	18.20
0.67	10.45	0.204437	0.123225	0.074274	0.692593	18.20
0.67	10.82	0.252807	0.108701	0.046738	0.692593	18.20
0.67	11.18	0.262601	0.125550	0.060026	0.692593	18.20
0.67	11.55	0.290637	0.127404	0.055849	0.692593	18.20
0.67	11.92	0.344097	0.163405	0.077598	0.692593	18.20
0.67	12.29	0.338537	0.170846	0.086219	0.692593	18.20
0.67	12.65	0.425377	0.198307	0.092449	0.692593	18.20
0.67	13.02	0.419882	0.217176	0.112330	0.692593	18.20
0.67	13.39	0.436837	0.164128	0.061666	0.692593	18.20
0.67	13.76	0.466731	0.182562	0.071409	0.692593	18.20
0.67	14.12	0.572582	0.182539	0.058194	0.692593	18.20
0.67	14.49	0.572834	0.214000	0.079947	0.692593	18.20
0.67	14.86	0.558675	0.193626	0.067107	0.692593	18.20
0.67	15.22	0.549052	0.202034	0.074342	0.692593	18.20
0.67	15.59	0.601296	0.200345	0.066752	0.692593	18.20
0.67	15.96	0.714815	0.144675	0.029281	0.692593	18.20
0.67	16.33	0.773937	0.135973	0.023889	0.692593	18.20
0.67	16.69	0.738333	0.195740	0.051893	0.692593	18.20
0.67	17.06	0.774157	0.141815	0.025979	0.692593	18.20
0.67	17.43	0.813518	0.118491	0.017258	0.692593	18.20
0.67	17.80	0.878244	0.025897	0.000764	0.692593	18.20
0.67	18.16	0.886070	0.023436	0.000620	0.692593	18.20
0.67	18.53	0.881462	0.026435	0.000793	0.692593	18.20
0.67	18.90	0.885345	0.022304	0.000562	0.692593	18.20
0.67	19.27	0.828504	0.148798	0.026724	0.692593	18.20
0.67	19.63	0.810596	0.191542	0.045261	0.692593	18.20
0.67	20.00	0.871723	0.037515	0.001614	0.692593	18.20
0.67	20.37	0.904380	0.008768	0.000085	0.692593	18.20
0.67	20.73	0.896157	0.064316	0.004616	0.692593	18.20
0.67	21.10	0.908158	0.007246	0.000058	0.692593	18.20
0.67	21.47	0.891556	0.015764	0.000279	0.692593	18.20
0.67	21.84	0.892076	0.015840	0.000281	0.692593	18.20
0.67	22.20	0.894851	0.014332	0.000230	0.692593	18.20
0.67	22.57	0.898943	0.009583	0.000102	0.692593	18.20
0.67	22.94	0.895276	0.017513	0.000343	0.692593	18.20
0.67	23.31	0.898014	0.014500	0.000234	0.692593	18.20
0.67	23.67	0.901833	0.010458	0.000121	0.692593	18.20
0.67	24.04	0.903222	0.004769	0.000025	0.692593	18.20
0.67	24.41	0.904526	0.004429	0.000022	0.692593	18.20
0.67	24.78	0.906751	0.004973	0.000027	0.692593	18.20
0.67	25.14	0.906417	0.004049	0.000018	0.692593	18.20
0.67	25.51	0.906874	0.005145	0.000029	0.692593	18.20
0.67	25.88	0.908308	0.003506	0.000014	0.692593	18.20
0.67	26.24	0.908900	0.003471	0.000013	0.692593	18.20
0.67	26.61	0.909091	0.003142	0.000011	0.692593	18.20
0.67	26.98	0.909091	0.003158	0.000011	0.692593	18.20
0.67	27.35	0.718669	0.202978	0.057328	0.692593	18.20
0.67	27.71	0.723804	0.202877	0.056865	0.692593	18.20
0.67	28.08	0.901852	0.004584	0.000023	0.692593	18.20
0.67	28.45	0.902178	0.004686	0.000024	0.692593	18.20
0.67	28.82	0.902243	0.003964	0.000017	0.692593	18.20
0.67	29.18	0.898657	0.003583	0.000014	0.692593	18.20
0.67	29.55	0.750997	0.191809	0.048989	0.692593	18.20
0.67	29.92	0.686879	0.256672	0.095913	0.692593	18.20
0.70	2.00	0.000000	0.000000	0.000000	0.738889	18.15
0.70	2.37	0.000000	0.000000	0.000000	0.738889	18.15
0.70	2.73	0.000000	0.000000	0.000000	0.738889	18.15
0.70	3.10	0.000000	0.000000	0.000000	0.738889	18.15
0.70	3.47	0.000000	0.000000	0.000000	0.738889	18.15
0.70	3.84	0.000000	0.000000	0.000000	0.738889	18.15
0.70	4.20	0.000000	0.000000	0.000000	0.738889	18.15
0.70	4.57	0.000000	0.000000	0.000000	0.738889	18.15
0.70	4.94	0.000000	0.000000	0.000000	0.738889	18.15
0.70	5.31	0.000000	0.000000	0.000000	0.738889	18.15
0.70	5.67	0.000000	0.000000	0.000000	0.738889	18.15
0.70	6.04	0.052632	0.000000	0.000000	0.738889	18.15
0.70	6.41	0.050125	0.000000	0.000000	0.738889	18.15
0.70	6.78	0.055764	0.003707	0.000246	0.738889	18.15
0.70	7.14	0.057226	0.005494	0.000527	0.738889	18.15
0.70	7.51	0.069062	0.023926	0.008289	0.738889	18.15
0.70	7.88	0.064536	0.020338	0.006410	0.738889	18.15
0.70	8.24	0.065038	0.024575	0.009286	0.738889	18.15
0.70	8.61	0.068977	0.025707	0.009581	0.738889	18.15
0.70	8.98	0.103721	0.073649	0.052297	0.738889	18.15
0.70	9.35	0.122871	0.082928	0.055970	0.738889	18.15
0.70	9.71	0.167263	0.124740	0.093028	0.738889	18.15
0.70	10.08	0.208080	0.141319	0.095978	0.738889	18.15
0.70	10.45	0.284186	0.165439	0.096311	0.738889	18.15
0.70	10.82	0.296614	0.140333	0.066394	0.738889	18.15
0.70	11.18	0.317887	0.159955	0.080486	0.738889	18.15
0.70	11.55	0.355024	0.165935	0.077556	0.738889	18.15
0.70	11.92	0.395267	0.201101	0.102314	0.738889	18.15
0.70	12.29	0.396542	0.183802	0.085195	0.738889	18.15
0.70	12.65	0.402558	0.170935	0.072583	0.738889	18.15
0.70	13.02	0.438789	0.161094	0.059143	0.738889	18.15
0.70	13.39	0.497281	0.200960	0.081211	0.738889	18.15
0.70	13.76	0.489348	0.196608	0.078992	0.738889	18.15
0.70	14.12	0.587285	0.214427	0.078291	0.738889	18.15
0.70	14.49	0.727673	0.122385	0.020583	0.738889	18.15
0.70	14.86	0.733560	0.159145	0.034526	0.738889	18.15
0.70	15.22	0.770452	0.117179	0.017822	0.738889	18.15
0.70	15.59	0.797057	0.039393	0.001947	0.738889	18.15
0.70	15.96	0.808118	0.030385	0.001142	0.738889	18.15
0.70	16.33	0.821199	0.028888	0.001016	0.738889	18.15
0.70	16.69	0.825784	0.025179	0.000768	0.738889	18.15
0.70	17.06	0.830369	0.022392	0.000604	0.738889	18.15
0.70	17.43	0.839966	0.024697	0.000726	0.738889	18.15
0.70	17.80	0.840516	0.022292	0.000591	0.738889	18.15
0.70	18.16	0.849441	0.015473	0.000282	0.738889	18.15
0.70	18.53	0.844492	0.023383	0.000647	0.738889	18.15
0.70	18.90	0.853085	0.017873	0.000374	0.738889	18.15
0.70	19.27	0.854637	0.014928	0.000261	0.738889	18.15
0.70	19.63	0.870347	0.005911	0.000040	0.738889	18.15
0.70	20.00	0.869256	0.005521	0.000035	0.738889	18.15
0.70	20.37	0.870927	0.005871	0.000040	0.738889	18.15
0.70	20.73	0.871508	0.005013	0.000029	0.738889	18.15
0.70	21.10	0.861678	0.004680	0.000025	0.738889	18.15
0.70	21.47	0.860664	0.005685	0.000038	0.738889	18.15
0.70	21.84	0.861976	0.004490	0.000023	0.738889	18.15
0.70	22.20	0.866585	0.005561	0.000036	0.738889	18.15
0.70	22.57	0.867596	0.004726	0.000026	0.738889	18.15
0.70	22.94	0.866818	0.003689	0.000016	0.738889	18.15
0.70	23.31	0.865334	0.004890	0.000028	0.738889	18.15
0.70	23.67	0.864005	0.007870	0.000072	0.738889	18.15
0.70	24.04	0.872880	0.004963	0.000028	0.738889	18.15
0.70	24.41	0.873929	0.004572	0.000024	0.738889	18.15
0.70	24.78	0.872996	0.004177	0.000020	0.738889	18.15
0.70	25.14	0.869137	0.005058	0.000029	0.738889	18.15
0.70	25.51	0.869791	0.004289	0.000021	0.738889	18.15
0.70	25.88	0.868392	0.004630	0.000025	0.738889	18.15
0.70	26.24	0.871763	0.004407	0.000022	0.738889	18.15
0.70	26.61	0.871447	0.004865	0.000027	0.738889	18.15
0.70	26.98	0.865701	0.003671	0.000016	0.738889	18.15
0.70	27.35	0.865701	0.003991	0.000018	0.738889	18.15
0.70	27.71	0.866129	0.003874	0.000017	0.738889	18.15
0.70	28.08	0.869735	0.004376	0.000022	0.738889	18.15
0.70	28.45	0.869208	0.004433	0.000023	0.738889	18.15
0.70	28.82	0.869615	0.004392	0.000022	0.738889	18.15
0.70	29.18	0.734306	0.186863	0.047552	0.738889	18.15
0.70	29.55	0.722729	0.193185	0.051638	0.738889	18.15
0.70	29.92	0.872682	0.004126	0.000020	0.738889	18.15
0.73	2.00	0.000000	0.000000	0.000000	0.738889	18.30
0.73	2.37	0.000000	0.000000	0.000000	0.738889	18.30
0.73	2.73	0.000000	0.000000	0.000000	0.738889	18.30
0.73	3.10	0.050125	0.000000	0.000000	0.738889	18.30
0.73	3.47	0.000000	0.000000	0.000000	0.738889	18.30
0.73	3.84	0.000000	0.000000	0.000000	0.738889	18.30
0.73	4.20	0.000000	0.000000	0.000000	0.738889	18.30
0.73	4.57	0.000000	0.000000	0.000000	0.738889	18.30
0.73	4.94	0.000000	0.000000	0.000000	0.738889	18.30
0.73	5.31	0.000000	0.000000	0.000000	0.738889	18.30
0.73	5.67	0.000000	0.000000	0.000000	0.738889	18.30
0.73	6.04	0.052632	0.002046	0.000080	0.738889	18.30
0.73	6.41	0.053258	0.002731	0.000140	0.738889	18.30
0.73	6.78	0.054135	0.002556	0.000121	0.738889	18.30
0.73	7.14	0.055138	0.007926	0.001139	0.738889	18.30
0.73	7.51	0.056078	0.005595	0.000558	0.738889	18.30
0.73	7.88	0.069264	0.026443	0.010096	0.738889	18.30
0.73	8.24	0.055764	0.004109	0.000303	0.738889	18.30
0.73	8.61	0.067251	0.026143	0.010163	0.738889	18.30
0.73	8.98	0.089251	0.049819	0.027809	0.738889	18.30
0.73	9.35	0.102365	0.062817	0.038547	0.738889	18.30
0.73	9.71	0.100501	0.074019	0.054515	0.738889	18.30
0.73	10.08	0.181638	0.094537	0.049204	0.738889	18.30
0.73	10.45	0.237667	0.123448	0.064121	0.738889	18.30
0.73	10.82	0.296455	0.160113	0.086476	0.738889	18.30
0.73	11.18	0.340269	0.170151	0.085083	0.738889	18.30
0.73	11.55	0.376451	0.195288	0.101308	0.738889	18.30
0.73	11.92	0.489462	0.180376	0.066472	0.738889	18.30
0.73	12.29	0.673398	0.150254	0.033526	0.738889	18.30
0.73	12.65	0.686856	0.139222	0.028220	0.738889	18.30
0.73	13.02	0.704590	0.163284	0.037840	0.738889	18.30
0.73	13.39	0.739151	0.126755	0.021737	0.738889	18.30
0.73	13.76	0.788661	0.051350	0.003343	0.738889	18.30
0.73	14.12	0.806696	0.037597	0.001752	0.738889	18.30
0.73	14.49	0.817356	0.030987	0.001175	0.738889	18.30
0.73	14.86	0.828032	0.028176	0.000959	0.738889	18.30
0.73	15.22	0.821992	0.028912	0.001017	0.738889	18.30
0.73	15.59	0.831015	0.023927	0.000689	0.738889	18.30
0.73	15.96	0.839536	0.020640	0.000507	0.738889	18.30
0.73	16.33	0.843939	0.016129	0.000308	0.738889	18.30
0.73	16.69	0.842046	0.021263	0.000537	0.738889	18.30
0.73	17.06	0.845956	0.022971	0.000624	0.738889	18.30
0.73	17.43	0.846760	0.023181	0.000635	0.738889	18.30
0.73	17.80	0.850877	0.019721	0.000457	0.738889	18.30
0.73	18.16	0.855326	0.010838	0.000137	0.738889	18.30
0.73	18.53	0.857832	0.009543	0.000106	0.738889	18.30
0.73	18.90	0.858993	0.008421	0.000083	0.738889	18.30
0.73	19.27	0.864967	0.007793	0.000070	0.738889	18.30
0.73	19.63	0.866068	0.005282	0.000032	0.738889	18.30
0.73	20.00	0.867290	0.005534	0.000035	0.738889	18.30
0.73	20.37	0.860664	0.004984	0.000029	0.738889	18.30
0.73	20.73	0.860582	0.004458	0.000023	0.738889	18.30
0.73	21.10	0.862454	0.004647	0.000025	0.738889	18.30
0.73	21.47	0.863230	0.004241	0.000021	0.738889	18.30
0.73	21.84	0.873579	0.004659	0.000025	0.738889	18.30
0.73	22.20	0.872897	0.004839	0.000027	0.738889	18.30
0.73	22.57	0.873672	0.005132	0.000030	0.738889	18.30
0.73	22.94	0.873076	0.005212	0.000031	0.738889	18.30
0.73	23.31	0.873525	0.004954	0.000028	0.738889	18.30
0.73	23.67	0.871763	0.004507	0.000023	0.738889	18.30
0.73	24.04	0.872419	0.004855	0.000027	0.738889	18.30
0.73	24.41	0.873747	0.004542	0.000024	0.738889	18.30
0.73	24.78	0.872300	0.004408	0.000022	0.738889	18.30
0.73	25.14	0.872355	0.003912	0.000018	0.738889	18.30
0.73	25.51	0.870748	0.003550	0.000014	0.738889	18.30
0.73	25.88	0.861917	0.003494	0.000014	0.738889	18.30
0.73	26.24	0.861631	0.003688	0.000016	0.738889	18.30
0.73	26.61	0.862334	0.003765	0.000016	0.738889	18.30
0.73	26.98	0.871325	0.003859	0.000017	0.738889	18.30
0.73	27.35	0.871447	0.003764	0.000016	0.738889	18.30
0.73	27.71	0.870987	0.004349	0.000022	0.738889	18.30
0.73	28.08	0.871047	0.004450	0.000023	0.738889	18.30
0.73	28.45	0.870782	0.003946	0.000018	0.738889	18.30
0.73	28.82	0.865823	0.003957	0.000018	0.738889	18.30
0.73	29.18	0.866801	0.004200	0.000020	0.738889	18.30
0.73	29.55	0.870426	0.003229	0.000012	0.738889	18.30
0.73	29.92	0.870990	0.003267	0.000012	0.738889	18.30
0.76	2.00	0.000000	0.000000	0.000000	0.938889	18.21
0.76	2.37	0.000000	0.000000	0.000000	0.938889	18.21
0.76	2.73	0.000000	0.000000	0.000000	0.938889	18.21
0.76	3.10	0.000000	0.000000	0.000000	0.938889	18.21
0.76	3.47	0.000000	0.000000	0.000000	0.938889	18.21
0.76	3.84	0.000000	0.000000	0.000000	0.938889	18.21
0.76	4.20	0.000000	0.000000	0.000000	0.938889	18.21
0.76	4.57	0.000000	0.000000	0.000000	0.938889	18.21
0.76	4.94	0.053254	0.000000	0.000000	0.938889	18.21
0.76	5.31	0.054241	0.000986	0.000018	0.938889	18.21
0.76	5.67	0.053254	0.000000	0.000000	0.938889	18.21
0.76	6.04	0.052268	0.000986	0.000019	0.938889	18.21
0.76	6.41	0.052268	0.000986	0.000019	0.938889	18.21
0.76	6.78	0.000000	0.000000	0.000000	0.938889	18.21
0.76	7.14	0.057199	0.000000	0.000000	0.938889	18.21
0.76	7.51	0.069034	0.017751	0.004565	0.938889	18.21
0.76	7.88	0.071006	0.013807	0.002685	0.938889	18.21
0.76	8.24	0.071335	0.028524	0.011406	0.938889	18.21
0.76	8.61	0.071795	0.032328	0.014557	0.938889	18.21
0.76	8.98	0.081020	0.034018	0.014283	0.938889	18.21
0.76	9.35	0.080991	0.037627	0.017481	0.938889	18.21
0.76	9.71	0.120096	0.066676	0.037018	0.938889	18.21
0.76	10.08	0.178223	0.098662	0.054618	0.938889	18.21
0.76	10.45	0.230366	0.139146	0.084047	0.938889	18.21
0.76	10.82	0.242642	0.122356	0.061699	0.938889	18.21
0.76	11.18	0.272457	0.125109	0.057448	0.938889	18.21
0.76	11.55	0.349697	0.151592	0.065714	0.938889	18.21
0.76	11.92	0.318062	0.140670	0.062214	0.938889	18.21
0.76	12.29	0.382413	0.154457	0.062386	0.938889	18.21
0.76	12.65	0.417949	0.171672	0.070514	0.938889	18.21
0.76	13.02	0.436144	0.168903	0.065410	0.938889	18.21
0.76	13.39	0.516299	0.209829	0.085276	0.938889	18.21
0.76	13.76	0.477124	0.208023	0.090697	0.938889	18.21
0.76	14.12	0.501156	0.207753	0.086123	0.938889	18.21
0.76	14.49	0.485978	0.212323	0.092764	0.938889	18.21
0.76	14.86	0.492126	0.206515	0.086661	0.938889	18.21
0.76	15.22	0.524185	0.226918	0.098232	0.938889	18.21
0.76	15.59	0.499226	0.215731	0.093224	0.938889	18.21
0.76	15.96	0.535853	0.216366	0.087364	0.938889	18.21
0.76	16.33	0.533288	0.226779	0.096437	0.938889	18.21
0.76	16.69	0.526935	0.225593	0.096581	0.938889	18.21
0.76	17.06	0.529662	0.235440	0.104655	0.938889	18.21
0.76	17.43	0.524169	0.235629	0.105922	0.938889	18.21
0.76	17.80	0.537266	0.237930	0.105368	0.938889	18.21
0.76	18.16	0.537198	0.234678	0.102520	0.938889	18.21
0.76	18.53	0.504762	0.232224	0.106838	0.938889	18.21
0.76	18.90	0.533590	0.233021	0.101761	0.938889	18.21
0.76	19.27	0.541235	0.231079	0.098659	0.938889	18.21
0.76	19.63	0.507990	0.226391	0.100894	0.938889	18.21
0.76	20.00	0.554460	0.237733	0.101932	0.938889	18.21
0.76	20.37	0.536736	0.233169	0.101293	0.938889	18.21
0.76	20.73	0.551298	0.237675	0.102467	0.938889	18.21
0.76	21.10	0.527315	0.231418	0.101560	0.938889	18.21
0.76	21.47	0.542042	0.238285	0.104752	0.938889	18.21
0.76	21.84	0.556490	0.242134	0.105355	0.938889	18.21
0.76	22.20	0.594658	0.244742	0.100728	0.938889	18.21
0.76	22.57	0.503959	0.228272	0.103397	0.938889	18.21
0.76	22.94	0.504598	0.229725	0.104585	0.938889	18.21
0.76	23.31	0.514848	0.233183	0.105612	0.938889	18.21
0.76	23.67	0.537490	0.236270	0.103860	0.938889	18.21
0.76	24.04	0.511341	0.236794	0.109656	0.938889	18.21
0.76	24.41	0.516963	0.238907	0.110408	0.938889	18.21
0.76	24.78	0.524336	0.236600	0.106763	0.938889	18.21
0.76	25.14	0.576478	0.251591	0.109801	0.938889	18.21
0.76	25.51	0.562694	0.255795	0.116281	0.938889	18.21
0.76	25.88	0.546444	0.245045	0.109887	0.938889	18.21
0.76	26.24	0.537873	0.233481	0.101350	0.938889	18.21
0.76	26.61	0.552329	0.238618	0.103088	0.938889	18.21
0.76	26.98	0.544080	0.238085	0.104184	0.938889	18.21
0.76	27.35	0.624894	0.225227	0.081177	0.938889	18.21
0.76	27.71	0.614927	0.227999	0.084536	0.938889	18.21
0.76	28.08	0.567094	0.243384	0.104455	0.938889	18.21
0.76	28.45	0.586906	0.237290	0.095938	0.938889	18.21
0.76	28.82	0.560095	0.245556	0.107656	0.938889	18.21
0.76	29.18	0.536459	0.232988	0.101188	0.938889	18.21
0.76	29.55	0.533468	0.238918	0.107002	0.938889	18.21
0.76	29.92	0.672621	0.205577	0.062832	0.938889	18.21
0.79	2.00	0.000000	0.000000	0.000000	0.938889	18.41
0.79	2.37	0.000000	0.000000	0.000000	0.938889	18.41
0.79	2.73	0.000000	0.000000	0.000000	0.938889	18.41
0.79	3.10	0.000000	0.000000	0.000000	0.938889	18.41
0.79	3.47	0.000000	0.000000	0.000000	0.938889	18.41
0.79	3.84	0.000000	0.000000	0.000000	0.938889	18.41
0.79	4.20	0.000000	0.000000	0.000000	0.938889	18.41
0.79	4.57	0.000000	0.000000	0.000000	0.938889	18.41
0.79	4.94	0.000000	0.000000	0.000000	0.938889	18.41
0.79	5.31	0.000000	0.000000	0.000000	0.938889	18.41
0.79	5.67	0.000000	0.000000	0.000000	0.938889	18.41
0.79	6.04	0.000000	0.000000	0.000000	0.938889	18.41
0.79	6.41	0.051282	0.000000	0.000000	0.938889	18.41
0.79	6.78	0.051282	0.000000	0.000000	0.938889	18.41
0.79	7.14	0.052268	0.000986	0.000019	0.938889	18.41
0.79	7.51	0.061144	0.007890	0.001018	0.938889	18.41
0.79	7.88	0.056805	0.004023	0.000285	0.938889	18.41
0.79	8.24	0.080868	0.030992	0.011877	0.938889	18.41
0.79	8.61	0.116568	0.034020	0.009928	0.938889	18.41
0.79	8.98	0.119165	0.046309	0.017996	0.938889	18.41
0.79	9.35	0.115125	0.070474	0.043141	0.938889	18.41
0.79	9.71	0.150493	0.073478	0.035875	0.938889	18.41
0.79	10.08	0.176768	0.093144	0.049080	0.938889	18.41
0.79	10.45	0.168820	0.061938	0.022724	0.938889	18.41
0.79	10.82	0.199287	0.077556	0.030183	0.938889	18.41
0.79	11.18	0.244334	0.098466	0.039681	0.938889	18.41
0.79	11.55	0.294801	0.135732	0.062494	0.938889	18.41
0.79	11.92	0.379702	0.160590	0.067919	0.938889	18.41
0.79	12.29	0.360498	0.154654	0.066346	0.938889	18.41
0.79	12.65	0.396115	0.173237	0.075763	0.938889	18.41
0.79	13.02	0.439314	0.184068	0.077122	0.938889	18.41
0.79	13.39	0.403367	0.190437	0.089909	0.938889	18.41
0.79	13.76	0.469234	0.197847	0.083420	0.938889	18.41
0.79	14.12	0.481392	0.202977	0.085585	0.938889	18.41
0.79	14.49	0.479666	0.204994	0.087608	0.938889	18.41
0.79	14.86	0.554552	0.210571	0.079957	0.938889	18.41
0.79	15.22	0.516233	0.227579	0.100327	0.938889	18.41
0.79	15.59	0.503198	0.230009	0.105136	0.938889	18.41
0.79	15.96	0.486351	0.229596	0.108388	0.938889	18.41
0.79	16.33	0.535471	0.233280	0.101629	0.938889	18.41
0.79	16.69	0.503347	0.231718	0.106672	0.938889	18.41
0.79	17.06	0.570513	0.236866	0.098343	0.938889	18.41
0.79	17.43	0.515087	0.235278	0.107469	0.938889	18.41
0.79	17.80	0.529339	0.226134	0.096605	0.938889	18.41
0.79	18.16	0.594368	0.230620	0.089482	0.938889	18.41
0.79	18.53	0.562162	0.241157	0.103452	0.938889	18.41
0.79	18.90	0.494308	0.226475	0.103763	0.938889	18.41
0.79	19.27	0.512680	0.236021	0.108657	0.938889	18.41
0.79	19.63	0.522624	0.228996	0.100338	0.938889	18.41
0.79	20.00	0.554151	0.232710	0.097724	0.938889	18.41
0.79	20.37	0.556422	0.242551	0.105730	0.938889	18.41
0.79	20.73	0.542436	0.241218	0.107269	0.938889	18.41
0.79	21.10	0.560064	0.252839	0.114143	0.938889	18.41
0.79	21.47	0.601010	0.235625	0.092377	0.938889	18.41
0.79	21.84	0.552738	0.236475	0.101170	0.938889	18.41
0.79	22.20	0.563038	0.235033	0.098112	0.938889	18.41
0.79	22.57	0.512879	0.229864	0.103021	0.938889	18.41
0.79	22.94	0.510674	0.232386	0.105749	0.938889	18.41
0.79	23.31	0.552033	0.249265	0.112553	0.938889	18.41
0.79	23.67	0.578629	0.242541	0.101665	0.938889	18.41
0.79	24.04	0.568695	0.244903	0.105465	0.938889	18.41
0.79	24.41	0.493809	0.226821	0.104186	0.938889	18.41
0.79	24.78	0.495458	0.223242	0.100588	0.938889	18.41
0.79	25.14	0.536663	0.248067	0.114666	0.938889	18.41
0.79	25.51	0.545291	0.249028	0.113728	0.938889	18.41
0.79	25.88	0.543054	0.235506	0.102131	0.938889	18.41
0.79	26.24	0.530972	0.238898	0.107487	0.938889	18.41
0.79	26.61	0.524684	0.246459	0.115768	0.938889	18.41
0.79	26.98	0.556181	0.246007	0.108812	0.938889	18.41
0.79	27.35	0.515328	0.239645	0.111443	0.938889	18.41
0.79	27.71	0.543317	0.242897	0.108590	0.938889	18.41
0.79	28.08	0.612426	0.233887	0.089322	0.938889	18.41
0.79	28.45	0.582281	0.233430	0.093580	0.938889	18.41
0.79	28.82	0.623228	0.172613	0.047808	0.938889	18.41
0.79	29.18	0.634366	0.168231	0.044614	0.938889	18.41
0.79	29.55	0.523579	0.239031	0.109125	0.938889	18.41
0.79	29.92	0.664146	0.145505	0.031878	0.938889	18.41
0.81	2.00	0.000000	0.000000	0.000000	0.938889	18.60
0.81	2.37	0.000000	0.000000	0.000000	0.938889	18.60
0.81	2.73	0.000000	0.000000	0.000000	0.938889	18.60
0.81	3.10	0.000000	0.000000	0.000000	0.938889	18.60
0.81	3.47	0.000000	0.000000	0.000000	0.938889	18.60
0.81	3.84	0.000000	0.000000	0.000000	0.938889	18.60
0.81	4.20	0.000000	0.000000	0.000000	0.938889	18.60
0.81	4.57	0.000000	0.000000	0.000000	0.938889	18.60
0.81	4.94	0.000000	0.000000	0.000000	0.938889	18.60
0.81	5.31	0.055227	0.000000	0.000000	0.938889	18.60
0.81	5.67	0.057199	0.000000	0.000000	0.938889	18.60
0.81	6.04	0.057199	0.000000	0.000000	0.938889	18.60
0.81	6.41	0.063116	0.000000	0.000000	0.938889	18.60
0.81	6.78	0.061144	0.000000	0.000000	0.938889	18.60
0.81	7.14	0.059172	0.000000	0.000000	0.938889	18.60
0.81	7.51	0.061144	0.000000	0.000000	0.938889	18.60
0.81	7.88	0.065089	0.001972	0.000060	0.938889	18.60
0.81	8.24	0.064103	0.015932	0.003960	0.938889	18.60
0.81	8.61	0.071115	0.033164	0.015466	0.938889	18.60
0.81	8.98	0.089786	0.043497	0.021072	0.938889	18.60
0.81	9.35	0.104323	0.051177	0.025105	0.938889	18.60
0.81	9.71	0.142213	0.084030	0.049651	0.938889	18.60
0.81	10.08	0.178072	0.102423	0.058911	0.938889	18.60
0.81	10.45	0.250637	0.144546	0.083362	0.938889	18.60
0.81	10.82	0.274614	0.135142	0.066505	0.938889	18.60
0.81	11.18	0.305341	0.163447	0.087492	0.938889	18.60
0.81	11.55	0.334288	0.177463	0.094210	0.938889	18.60
0.81	11.92	0.431551	0.173065	0.069404	0.938889	18.60
0.81	12.29	0.452553	0.194270	0.083396	0.938889	18.60
0.81	12.65	0.474761	0.195648	0.080626	0.938889	18.60
0.81	13.02	0.442096	0.183165	0.075887	0.938889	18.60
0.81	13.39	0.480812	0.190293	0.075313	0.938889	18.60
0.81	13.76	0.478387	0.199499	0.083196	0.938889	18.60
0.81	14.12	0.448569	0.207253	0.095757	0.938889	18.60
0.81	14.49	0.493156	0.213324	0.092278	0.938889	18.60
0.81	14.86	0.484366	0.216249	0.096547	0.938889	18.60
0.81	15.22	0.496772	0.200821	0.081182	0.938889	18.60
0.81	15.59	0.525086	0.223022	0.094725	0.938889	18.60
0.81	15.96	0.518977	0.224418	0.097044	0.938889	18.60
0.81	16.33	0.518191	0.230771	0.102772	0.938889	18.60
0.81	16.69	0.528014	0.238993	0.108175	0.938889	18.60
0.81	17.06	0.510519	0.219560	0.094427	0.938889	18.60
0.81	17.43	0.540179	0.231393	0.099120	0.938889	18.60
0.81	17.80	0.529935	0.236313	0.105379	0.938889	18.60
0.81	18.16	0.507292	0.234862	0.108735	0.938889	18.60
0.81	18.53	0.562318	0.239375	0.101900	0.938889	18.60
0.81	18.90	0.515526	0.232114	0.104509	0.938889	18.60
0.81	19.27	0.473322	0.225865	0.107781	0.938889	18.60
0.81	19.63	0.491995	0.221507	0.099727	0.938889	18.60
0.81	20.00	0.556589	0.232997	0.097537	0.938889	18.60
0.81	20.37	0.519782	0.234827	0.106090	0.938889	18.60
0.81	20.73	0.518395	0.233032	0.104754	0.938889	18.60
0.81	21.10	0.526747	0.234874	0.104730	0.938889	18.60
0.81	21.47	0.553902	0.246022	0.109273	0.938889	18.60
0.81	21.84	0.574385	0.244566	0.104133	0.938889	18.60
0.81	22.20	0.566294	0.247553	0.108217	0.938889	18.60
0.81	22.57	0.533515	0.232607	0.101414	0.938889	18.60
0.81	22.94	0.533746	0.234434	0.102969	0.938889	18.60
0.81	23.31	0.536459	0.238533	0.106062	0.938889	18.60
0.81	23.67	0.562287	0.235187	0.098371	0.938889	18.60
0.81	24.04	0.539597	0.239710	0.106489	0.938889	18.60
0.81	24.41	0.537685	0.236266	0.103819	0.938889	18.60
0.81	24.78	0.508447	0.229887	0.103940	0.938889	18.60
0.81	25.14	0.532868	0.236023	0.104542	0.938889	18.60
0.81	25.51	0.542583	0.236746	0.103300	0.938889	18.60
0.81	25.88	0.504657	0.228357	0.103332	0.938889	18.60
0.81	26.24	0.536054	0.236568	0.104401	0.938889	18.60
0.81	26.61	0.566576	0.249885	0.110210	0.938889	18.60
0.81	26.98	0.574902	0.254353	0.112533	0.938889	18.60
0.81	27.35	0.583826	0.239866	0.098550	0.938889	18.60
0.81	27.71	0.585051	0.242487	0.100504	0.938889	18.60
0.81	28.08	0.563784	0.251848	0.112503	0.938889	18.60
0.81	28.45	0.559458	0.248211	0.110122	0.938889	18.60
0.81	28.82	0.547529	0.247408	0.111794	0.938889	18.60
0.81	29.18	0.569948	0.216325	0.082106	0.938889	18.60
0.81	29.55	0.655111	0.162420	0.040268	0.938889	18.60
0.81	29.92	0.588585	0.178806	0.054320	0.938889	18.60
0.84	2.00	0.000000	0.000000	0.000000	0.938889	18.75
0.84	2.37	0.000000	0.000000	0.000000	0.938889	18.75
0.84	2.73	0.000000	0.000000	0.000000	0.938889	18.75
0.84	3.10	0.000000	0.000000	0.000000	0.938889	18.75
0.84	3.47	0.000000	0.000000	0.000000	0.938889	18.75
0.84	3.84	0.000000	0.000000	0.000000	0.938889	18.75
0.84	4.20	0.000000	0.000000	0.000000	0.938889	18.75
0.84	4.57	0.000000	0.000000	0.000000	0.938889	18.75
0.84	4.94	0.000000	0.000000	0.000000	0.938889	18.75
0.84	5.31	0.000000	0.000000	0.000000	0.938889	18.75
0.84	5.67	0.000000	0.000000	0.000000	0.938889	18.75
0.84	6.04	0.053254	0.000000	0.000000	0.938889	18.75
0.84	6.41	0.051282	0.000000	0.000000	0.938889	18.75
0.84	6.78	0.071006	0.000000	0.000000	0.938889	18.75
0.84	7.14	0.065089	0.000000	0.000000	0.938889	18.75
0.84	7.51	0.080868	0.000000	0.000000	0.938889	18.75
0.84	7.88	0.065582	0.012811	0.002503	0.938889	18.75
0.84	8.24	0.074556	0.031765	0.013533	0.938889	18.75
0.84	8.61	0.098619	0.023074	0.005399	0.938889	18.75
0.84	8.98	0.108728	0.046108	0.019553	0.938889	18.75
0.84	9.35	0.121516	0.068860	0.039021	0.938889	18.75
0.84	9.71	0.128142	0.089893	0.063061	0.938889	18.75
0.84	10.08	0.170084	0.096353	0.054584	0.938889	18.75
0.84	10.45	0.217199	0.112436	0.058204	0.938889	18.75
0.84	10.82	0.291329	0.150554	0.077804	0.938889	18.75
0.84	11.18	0.329891	0.152196	0.070216	0.938889	18.75
0.84	11.55	0.390497	0.164875	0.069614	0.938889	18.75
0.84	11.92	0.397787	0.181341	0.082669	0.938889	18.75
0.84	12.29	0.417477	0.177908	0.075815	0.938889	18.75
0.84	12.65	0.458546	0.197117	0.084735	0.938889	18.75
0.84	13.02	0.456123	0.185025	0.075055	0.938889	18.75
0.84	13.39	0.493312	0.217121	0.095562	0.938889	18.75
0.84	13.76	0.505173	0.220081	0.095879	0.938889	18.75
0.84	14.12	0.515507	0.226238	0.099288	0.938889	18.75
0.84	14.49	0.497460	0.221803	0.098896	0.938889	18.75
0.84	14.86	0.510911	0.222813	0.097171	0.938889	18.75
0.84	15.22	0.506071	0.229539	0.104112	0.938889	18.75
0.84	15.59	0.552794	0.242710	0.106564	0.938889	18.75
0.84	15.96	0.477901	0.221177	0.102363	0.938889	18.75
0.84	16.33	0.542534	0.236163	0.102801	0.938889	18.75
0.84	16.69	0.512467	0.231946	0.104980	0.938889	18.75
0.84	17.06	0.522241	0.236455	0.107060	0.938889	18.75
0.84	17.43	0.498328	0.232139	0.108139	0.938889	18.75
0.84	17.80	0.540403	0.237338	0.104236	0.938889	18.75
0.84	18.16	0.564329	0.239970	0.102042	0.938889	18.75
0.84	18.53	0.521443	0.241585	0.111927	0.938889	18.75
0.84	18.90	0.521024	0.240045	0.110593	0.938889	18.75
0.84	19.27	0.567620	0.245454	0.106141	0.938889	18.75
0.84	19.63	0.511677	0.225200	0.099115	0.938889	18.75
0.84	20.00	0.528747	0.222491	0.093621	0.938889	18.75
0.84	20.37	0.539463	0.234308	0.101768	0.938889	18.75
0.84	20.73	0.505903	0.238997	0.112906	0.938889	18.75
0.84	21.10	0.539418	0.237363	0.104448	0.938889	18.75
0.84	21.47	0.573837	0.234831	0.096100	0.938889	18.75
0.84	21.84	0.559813	0.236507	0.099919	0.938889	18.75
0.84	22.20	0.533136	0.250586	0.117781	0.938889	18.75
0.84	22.57	0.554211	0.247950	0.110931	0.938889	18.75
0.84	22.94	0.566043	0.244044	0.105217	0.938889	18.75
0.84	23.31	0.560785	0.253973	0.115022	0.938889	18.75
0.84	23.67	0.568767	0.248184	0.108296	0.938889	18.75
0.84	24.04	0.535622	0.236893	0.104772	0.938889	18.75
0.84	24.41	0.532515	0.235016	0.103720	0.938889	18.75
0.84	24.78	0.575707	0.237622	0.098078	0.938889	18.75
0.84	25.14	0.617859	0.238962	0.092420	0.938889	18.75
0.84	25.51	0.554119	0.251931	0.114541	0.938889	18.75
0.84	25.88	0.582598	0.251055	0.108185	0.938889	18.75
0.84	26.24	0.521058	0.237527	0.108278	0.938889	18.75
0.84	26.61	0.557497	0.243657	0.106492	0.938889	18.75
0.84	26.98	0.609848	0.251319	0.103569	0.938889	18.75
0.84	27.35	0.573077	0.242640	0.102734	0.938889	18.75
0.84	27.71	0.655288	0.166292	0.042200	0.938889	18.75
0.84	28.08	0.623002	0.192947	0.059757	0.938889	18.75
0.84	28.45	0.531588	0.241999	0.110167	0.938889	18.75
0.84	28.82	0.528779	0.239207	0.108211	0.938889	18.75
0.84	29.18	0.654183	0.136979	0.028682	0.938889	18.75
0.84	29.55	0.617979	0.156134	0.039447	0.938889	18.75
0.84	29.92	0.642631	0.166220	0.042993	0.938889	18.75
0.87	2.00	0.000000	0.000000	0.000000	0.988889	18.65
0.87	2.37	0.000000	0.000000	0.000000	0.988889	18.65
0.87	2.73	0.000000	0.000000	0.000000	0.988889	18.65
0.87	3.10	0.000000	0.000000	0.000000	0.988889	18.65
0.87	3.47	0.000000	0.000000	0.000000	0.988889	18.65
0.87	3.84	0.000000	0.000000	0.000000	0.988889	18.65
0.87	4.20	0.000000	0.000000	0.000000	0.988889	18.65
0.87	4.57	0.000000	0.000000	0.000000	0.988889	18.65
0.87	4.94	0.000000	0.000000	0.000000	0.988889	18.65
0.87	5.31	0.000000	0.000000	0.000000	0.988889	18.65
0.87	5.67	0.000000	0.000000	0.000000	0.988889	18.65
0.87	6.04	0.000000	0.000000	0.000000	0.988889	18.65
0.87	6.41	0.052434	0.000000	0.000000	0.988889	18.65
0.87	6.78	0.056180	0.000000	0.000000	0.988889	18.65
0.87	7.14	0.052434	0.001529	0.000045	0.988889	18.65
0.87	7.51	0.070537	0.016206	0.003723	0.988889	18.65
0.87	7.88	0.072659	0.020356	0.005703	0.988889	18.65
0.87	8.24	0.079588	0.023632	0.007017	0.988889	18.65
0.87	8.61	0.087703	0.036487	0.015180	0.988889	18.65
0.87	8.98	0.088240	0.041545	0.019561	0.988889	18.65
0.87	9.35	0.109932	0.060604	0.033410	0.988889	18.65
0.87	9.71	0.125702	0.085277	0.057853	0.988889	18.65
0.87	10.08	0.181648	0.103898	0.059427	0.988889	18.65
0.87	10.45	0.214974	0.112292	0.058656	0.988889	18.65
0.87	10.82	0.273264	0.161023	0.094885	0.988889	18.65
0.87	11.18	0.325525	0.175470	0.094585	0.988889	18.65
0.87	11.55	0.382547	0.172353	0.077652	0.988889	18.65
0.87	11.92	0.417828	0.197602	0.093451	0.988889	18.65
0.87	12.29	0.396850	0.183832	0.085156	0.988889	18.65
0.87	12.65	0.422924	0.199828	0.094417	0.988889	18.65
0.87	13.02	0.459028	0.209470	0.095588	0.988889	18.65
0.87	13.39	0.468038	0.208754	0.093109	0.988889	18.65
0.87	13.76	0.451099	0.202942	0.091300	0.988889	18.65
0.87	14.12	0.421452	0.218457	0.113235	0.988889	18.65
0.87	14.49	0.435966	0.220193	0.111212	0.988889	18.65
0.87	14.86	0.451396	0.230281	0.117478	0.988889	18.65
0.87	15.22	0.403214	0.244825	0.148654	0.988889	18.65
0.87	15.59	0.421070	0.238330	0.134898	0.988889	18.65
0.87	15.96	0.498781	0.289505	0.168036	0.988889	18.65
0.87	16.33	0.534199	0.302449	0.171239	0.988889	18.65
0.87	16.69	0.457339	0.257791	0.145310	0.988889	18.65
0.87	17.06	0.447110	0.256939	0.147655	0.988889	18.65
0.87	17.43	0.453841	0.275240	0.166924	0.988889	18.65
0.87	17.80	0.568828	0.317759	0.177507	0.988889	18.65
0.87	18.16	0.588327	0.316294	0.170045	0.988889	18.65
0.87	18.53	0.584088	0.306255	0.160579	0.988889	18.65
0.87	18.90	0.623763	0.303778	0.147942	0.988889	18.65
0.87	19.27	0.691273	0.250673	0.090900	0.988889	18.65
0.87	19.63	0.570693	0.311552	0.170082	0.988889	18.65
0.87	20.00	0.617342	0.333526	0.180191	0.988889	18.65
0.87	20.37	0.550413	0.332203	0.200502	0.988889	18.65
0.87	20.73	0.651617	0.295340	0.133860	0.988889	18.65
0.87	21.10	0.530102	0.314364	0.186425	0.988889	18.65
0.87	21.47	0.739242	0.252746	0.086413	0.988889	18.65
0.87	21.84	0.665815	0.311899	0.146108	0.988889	18.65
0.87	22.20	0.628612	0.318407	0.161281	0.988889	18.65
0.87	22.57	0.608227	0.313378	0.161463	0.988889	18.65
0.87	22.94	0.430314	0.261750	0.159217	0.988889	18.65
0.87	23.31	0.412346	0.255771	0.158650	0.988889	18.65
0.87	23.67	0.573034	0.346497	0.209517	0.988889	18.65
0.87	24.04	0.550647	0.355582	0.229618	0.988889	18.65
0.87	24.41	0.565422	0.318276	0.179158	0.988889	18.65
0.87	24.78	0.565875	0.311905	0.171919	0.988889	18.65
0.87	25.14	0.648668	0.322682	0.160519	0.988889	18.65
0.87	25.51	0.700075	0.289524	0.119736	0.988889	18.65
0.87	25.88	0.592744	0.335543	0.189946	0.988889	18.65
0.87	26.24	0.651685	0.315182	0.152435	0.988889	18.65
0.87	26.61	0.445885	0.254777	0.145578	0.988889	18.65
0.87	26.98	0.465856	0.256830	0.141592	0.988889	18.65
0.87	27.35	0.447906	0.269784	0.162497	0.988889	18.65
0.87	27.71	0.459639	0.273421	0.162648	0.988889	18.65
0.87	28.08	0.465959	0.305654	0.200500	0.988889	18.65
0.87	28.45	0.466998	0.309284	0.204833	0.988889	18.65
0.87	28.82	0.617242	0.321926	0.167902	0.988889	18.65
0.87	29.18	0.594060	0.343406	0.198512	0.988889	18.65
0.87	29.55	0.472299	0.268929	0.153130	0.988889	18.65
0.87	29.92	0.634897	0.190537	0.057182	0.988889	18.65
0.90	2.00	0.000000	0.000000	0.000000	0.988889	18.78
0.90	2.37	0.000000	0.000000	0.000000	0.988889	18.78
0.90	2.73	0.000000	0.000000	0.000000	0.988889	18.78
0.90	3.10	0.000000	0.000000	0.000000	0.988889	18.78
0.90	3.47	0.000000	0.000000	0.000000	0.988889	18.78
0.90	3.84	0.000000	0.000000	0.000000	0.988889	18.78
0.90	4.20	0.000000	0.000000	0.000000	0.988889	18.78
0.90	4.57	0.000000	0.000000	0.000000	0.988889	18.78
0.90	4.94	0.000000	0.000000	0.000000	0.988889	18.78
0.90	5.31	0.000000	0.000000	0.000000	0.988889	18.78
0.90	5.67	0.000000	0.000000	0.000000	0.988889	18.78
0.90	6.04	0.000000	0.000000	0.000000	0.988889	18.78
0.90	6.41	0.000000	0.000000	0.000000	0.988889	18.78
0.90	6.78	0.000000	0.000000	0.000000	0.988889	18.78
0.90	7.14	0.063670	0.000000	0.000000	0.988889	18.78
0.90	7.51	0.123596	0.003745	0.000113	0.988889	18.78
0.90	7.88	0.106742	0.040454	0.015332	0.988889	18.78
0.90	8.24	0.078184	0.035713	0.016313	0.988889	18.78
0.90	8.61	0.077341	0.030760	0.012234	0.988889	18.78
0.90	8.98	0.090824	0.034329	0.012975	0.988889	18.78
0.90	9.35	0.094361	0.043593	0.020139	0.988889	18.78
0.90	9.71	0.093034	0.051048	0.028011	0.988889	18.78
0.90	10.08	0.205660	0.138983	0.093924	0.988889	18.78
0.90	10.45	0.257058	0.160860	0.100661	0.988889	18.78
0.90	10.82	0.304572	0.181143	0.107734	0.988889	18.78
0.90	11.18	0.327438	0.160246	0.078424	0.988889	18.78
0.90	11.55	0.358879	0.158709	0.070186	0.988889	18.78
0.90	11.92	0.395626	0.186258	0.087689	0.988889	18.78
0.90	12.29	0.390824	0.186850	0.089332	0.988889	18.78
0.90	12.65	0.459594	0.206449	0.092737	0.988889	18.78
0.90	13.02	0.488831	0.235800	0.113744	0.988889	18.78
0.90	13.39	0.454603	0.211363	0.098271	0.988889	18.78
0.90	13.76	0.537885	0.222295	0.091870	0.988889	18.78
0.90	14.12	0.563369	0.264082	0.123789	0.988889	18.78
0.90	14.49	0.553704	0.278867	0.140448	0.988889	18.78
0.90	14.86	0.605805	0.290315	0.139126	0.988889	18.78
0.90	15.22	0.557852	0.286308	0.146943	0.988889	18.78
0.90	15.59	0.579980	0.277758	0.133021	0.988889	18.78
0.90	15.96	0.587879	0.280725	0.134052	0.988889	18.78
0.90	16.33	0.568320	0.307457	0.166332	0.988889	18.78
0.90	16.69	0.612602	0.308200	0.155056	0.988889	18.78
0.90	17.06	0.654782	0.288177	0.126830	0.988889	18.78
0.90	17.43	0.583895	0.312286	0.167021	0.988889	18.78
0.90	17.80	0.587391	0.319443	0.173724	0.988889	18.78
0.90	18.16	0.649084	0.303407	0.141824	0.988889	18.78
0.90	18.53	0.592363	0.312531	0.164891	0.988889	18.78
0.90	18.90	0.649084	0.308268	0.146404	0.988889	18.78
0.90	19.27	0.578590	0.297255	0.152716	0.988889	18.78
0.90	19.63	0.671048	0.281634	0.118200	0.988889	18.78
0.90	20.00	0.565008	0.304139	0.163715	0.988889	18.78
0.90	20.37	0.603409	0.299880	0.149034	0.988889	18.78
0.90	20.73	0.596918	0.330969	0.183510	0.988889	18.78
0.90	21.10	0.550953	0.347718	0.219452	0.988889	18.78
0.90	21.47	0.555045	0.340001	0.208273	0.988889	18.78
0.90	21.84	0.695640	0.287783	0.119055	0.988889	18.78
0.90	22.20	0.721874	0.279492	0.108212	0.988889	18.78
0.90	22.57	0.677313	0.299750	0.132657	0.988889	18.78
0.90	22.94	0.665496	0.304608	0.139424	0.988889	18.78
0.90	23.31	0.585177	0.296249	0.149978	0.988889	18.78
0.90	23.67	0.633308	0.290474	0.133229	0.988889	18.78
0.90	24.04	0.731124	0.253328	0.087776	0.988889	18.78
0.90	24.41	0.693136	0.286576	0.118484	0.988889	18.78
0.90	24.78	0.639803	0.329868	0.170073	0.988889	18.78
0.90	25.14	0.689881	0.299877	0.130350	0.988889	18.78
0.90	25.51	0.723840	0.261555	0.094511	0.988889	18.78
0.90	25.88	0.710961	0.277129	0.108024	0.988889	18.78
0.90	26.24	0.707194	0.272488	0.104992	0.988889	18.78
0.90	26.61	0.712675	0.263924	0.097739	0.988889	18.78
0.90	26.98	0.692672	0.274130	0.108489	0.988889	18.78
0.90	27.35	0.728464	0.276923	0.105271	0.988889	18.78
0.90	27.71	0.715356	0.288267	0.116163	0.988889	18.78
0.90	28.08	0.709314	0.266498	0.100126	0.988889	18.78
0.90	28.45	0.652122	0.297479	0.135701	0.988889	18.78
0.90	28.82	0.688845	0.301979	0.132383	0.988889	18.78
0.90	29.18	0.702846	0.298726	0.126965	0.988889	18.78
0.90	29.55	0.664476	0.302752	0.137941	0.988889	18.78
0.90	29.92	0.730605	0.251273	0.086419	0.988889	18.78
0.93	2.00	0.000000	0.000000	0.000000	0.988889	18.98
0.93	2.37	0.000000	0.000000	0.000000	0.988889	18.98
0.93	2.73	0.000000	0.000000	0.000000	0.988889	18.98
0.93	3.10	0.000000	0.000000	0.000000	0.988889	18.98
0.93	3.47	0.000000	0.000000	0.000000	0.988889	18.98
0.93	3.84	0.000000	0.000000	0.000000	0.988889	18.98
0.93	4.20	0.000000	0.000000	0.000000	0.988889	18.98
0.93	4.57	0.000000	0.000000	0.000000	0.988889	18.98
0.93	4.94	0.000000	0.000000	0.000000	0.988889	18.98
0.93	5.31	0.000000	0.000000	0.000000	0.988889	18.98
0.93	5.67	0.000000	0.000000	0.000000	0.988889	18.98
0.93	6.04	0.000000	0.000000	0.000000	0.988889	18.98
0.93	6.41	0.000000	0.000000	0.000000	0.988889	18.98
0.93	6.78	0.000000	0.000000	0.000000	0.988889	18.98
0.93	7.14	0.072409	0.019361	0.005177	0.988889	18.98
0.93	7.51	0.069913	0.010408	0.001549	0.988889	18.98
0.93	7.88	0.073034	0.022833	0.007139	0.988889	18.98
0.93	8.24	0.101826	0.030340	0.009040	0.988889	18.98
0.93	8.61	0.098963	0.031092	0.009769	0.988889	18.98
0.93	8.98	0.113400	0.056174	0.027826	0.988889	18.98
0.93	9.35	0.137250	0.095821	0.066897	0.988889	18.98
0.93	9.71	0.141563	0.118609	0.099377	0.988889	18.98
0.93	10.08	0.220146	0.152002	0.104951	0.988889	18.98
0.93	10.45	0.263353	0.138546	0.072887	0.988889	18.98
0.93	10.82	0.309114	0.159923	0.082738	0.988889	18.98
0.93	11.18	0.346366	0.198397	0.113641	0.988889	18.98
0.93	11.55	0.415951	0.187657	0.084662	0.988889	18.98
0.93	11.92	0.396191	0.184347	0.085777	0.988889	18.98
0.93	12.29	0.472846	0.199876	0.084489	0.988889	18.98
0.93	12.65	0.484568	0.184606	0.070329	0.988889	18.98
0.93	13.02	0.539844	0.225924	0.094549	0.988889	18.98
0.93	13.39	0.440103	0.241828	0.132879	0.988889	18.98
0.93	13.76	0.462422	0.278041	0.167178	0.988889	18.98
0.93	14.12	0.562806	0.288364	0.147748	0.988889	18.98
0.93	14.49	0.509681	0.253201	0.125786	0.988889	18.98
0.93	14.86	0.589125	0.270139	0.123870	0.988889	18.98
0.93	15.22	0.597626	0.263482	0.116164	0.988889	18.98
0.93	15.59	0.623783	0.282239	0.127703	0.988889	18.98
0.93	15.96	0.661393	0.253666	0.097290	0.988889	18.98
0.93	16.33	0.620628	0.270404	0.117814	0.988889	18.98
0.93	16.69	0.648541	0.264280	0.107694	0.988889	18.98
0.93	17.06	0.648738	0.280350	0.121153	0.988889	18.98
0.93	17.43	0.716999	0.264852	0.097834	0.988889	18.98
0.93	17.80	0.707939	0.272702	0.105046	0.988889	18.98
0.93	18.16	0.683061	0.298216	0.130198	0.988889	18.98
0.93	18.53	0.707521	0.284486	0.114389	0.988889	18.98
0.93	18.90	0.710899	0.279238	0.109683	0.988889	18.98
0.93	19.27	0.663390	0.293127	0.129522	0.988889	18.98
0.93	19.63	0.662487	0.304925	0.140349	0.988889	18.98
0.93	20.00	0.609176	0.317711	0.165699	0.988889	18.98
0.93	20.37	0.663511	0.299530	0.135217	0.988889	18.98
0.93	20.73	0.651890	0.319295	0.156391	0.988889	18.98
0.93	21.10	0.705090	0.268728	0.102419	0.988889	18.98
0.93	21.47	0.671607	0.297160	0.131482	0.988889	18.98
0.93	21.84	0.755453	0.252646	0.084492	0.988889	18.98
0.93	22.20	0.704222	0.301738	0.129286	0.988889	18.98
0.93	22.57	0.749675	0.255726	0.087232	0.988889	18.98
0.93	22.94	0.750375	0.252873	0.085217	0.988889	18.98
0.93	23.31	0.785332	0.211961	0.057208	0.988889	18.98
0.93	23.67	0.798494	0.190894	0.045637	0.988889	18.98
0.93	24.04	0.785971	0.217156	0.059998	0.988889	18.98
0.93	24.41	0.800104	0.192974	0.046543	0.988889	18.98
0.93	24.78	0.780789	0.209057	0.055975	0.988889	18.98
0.93	25.14	0.766404	0.230139	0.069107	0.988889	18.98
0.93	25.51	0.803809	0.193781	0.046717	0.988889	18.98
0.93	25.88	0.795655	0.187095	0.043995	0.988889	18.98
0.93	26.24	0.765367	0.217069	0.061564	0.988889	18.98
0.93	26.61	0.767102	0.228686	0.068175	0.988889	18.98
0.93	26.98	0.793275	0.191153	0.046062	0.988889	18.98
0.93	27.35	0.795840	0.190814	0.045750	0.988889	18.98
0.93	27.71	0.811635	0.159370	0.031293	0.988889	18.98
0.93	28.08	0.769438	0.235314	0.071965	0.988889	18.98
0.93	28.45	0.801225	0.180670	0.040740	0.988889	18.98
0.93	28.82	0.835310	0.013201	0.000209	0.988889	18.98
0.93	29.18	0.838441	0.101130	0.012198	0.988889	18.98
0.93	29.55	0.819684	0.150744	0.027723	0.988889	18.98
0.93	29.92	0.799196	0.178771	0.039989	0.988889	18.98
0.96	2.00	0.000000	0.000000	0.000000	0.988889	19.23
0.96	2.37	0.000000	0.000000	0.000000	0.988889	19.23
0.96	2.73	0.000000	0.000000	0.000000	0.988889	19.23
0.96	3.10	0.000000	0.000000	0.000000	0.988889	19.23
0.96	3.47	0.000000	0.000000	0.000000	0.988889	19.23
0.96	3.84	0.000000	0.000000	0.000000	0.988889	19.23
0.96	4.20	0.000000	0.000000	0.000000	0.988889	19.23
0.96	4.57	0.000000	0.000000	0.000000	0.988889	19.23
0.96	4.94	0.000000	0.000000	0.000000	0.988889	19.23
0.96	5.31	0.000000	0.000000	0.000000	0.988889	19.23
0.96	5.67	0.000000	0.000000	0.000000	0.988889	19.23
0.96	6.04	0.000000	0.000000	0.000000	0.988889	19.23
0.96	6.41	0.055243	0.002809	0.000143	0.988889	19.23
0.96	6.78	0.075843	0.025281	0.008427	0.988889	19.23
0.96	7.14	0.072409	0.028249	0.011021	0.988889	19.23
0.96	7.51	0.064419	0.025856	0.010378	0.988889	19.23
0.96	7.88	0.063670	0.024600	0.009505	0.988889	19.23
0.96	8.24	0.074104	0.028714	0.011126	0.988889	19.23
0.96	8.61	0.086677	0.042465	0.020804	0.988889	19.23
0.96	8.98	0.087937	0.042869	0.020898	0.988889	19.23
0.96	9.35	0.124122	0.062874	0.031849	0.988889	19.23
0.96	9.71	0.164188	0.105667	0.068005	0.988889	19.23
0.96	10.08	0.177453	0.115912	0.075713	0.988889	19.23
0.96	10.45	0.282730	0.163944	0.095064	0.988889	19.23
0.96	10.82	0.304528	0.190721	0.119446	0.988889	19.23
0.96	11.18	0.339587	0.180100	0.095516	0.988889	19.23
0.96	11.55	0.400749	0.187645	0.087862	0.988889	19.23
0.96	11.92	0.494764	0.180109	0.065565	0.988889	19.23
0.96	12.29	0.511509	0.258200	0.130334	0.988889	19.23
0.96	12.65	0.672519	0.160091	0.038109	0.988889	19.23
0.96	13.02	0.578262	0.225953	0.088290	0.988889	19.23
0.96	13.39	0.626345	0.232196	0.086079	0.988889	19.23
0.96	13.76	0.684755	0.217039	0.068793	0.988889	19.23
0.96	14.12	0.652841	0.284496	0.123978	0.988889	19.23
0.96	14.49	0.630824	0.300191	0.142852	0.988889	19.23
0.96	14.86	0.741135	0.224408	0.067948	0.988889	19.23
0.96	15.22	0.751893	0.213523	0.060636	0.988889	19.23
0.96	15.59	0.693214	0.278003	0.111489	0.988889	19.23
0.96	15.96	0.668611	0.290038	0.125816	0.988889	19.23
0.96	16.33	0.687158	0.286458	0.119417	0.988889	19.23
0.96	16.69	0.681224	0.296611	0.129147	0.988889	19.23
0.96	17.06	0.730000	0.251401	0.086579	0.988889	19.23
0.96	17.43	0.778269	0.209146	0.056204	0.988889	19.23
0.96	17.80	0.742996	0.248942	0.083408	0.988889	19.23
0.96	18.16	0.710833	0.282885	0.112578	0.988889	19.23
0.96	18.53	0.751161	0.243381	0.078857	0.988889	19.23
0.96	18.90	0.699716	0.290592	0.120683	0.988889	19.23
0.96	19.27	0.668211	0.316361	0.149779	0.988889	19.23
0.96	19.63	0.790223	0.194305	0.047777	0.988889	19.23
0.96	20.00	0.743198	0.257803	0.089427	0.988889	19.23
0.96	20.37	0.788577	0.197683	0.049556	0.988889	19.23
0.96	20.73	0.772472	0.220736	0.063076	0.988889	19.23
0.96	21.10	0.728005	0.274887	0.103795	0.988889	19.23
0.96	21.47	0.741249	0.263919	0.093968	0.988889	19.23
0.96	21.84	0.732457	0.274558	0.102917	0.988889	19.23
0.96	22.20	0.766554	0.234562	0.071775	0.988889	19.23
0.96	22.57	0.797714	0.189471	0.045003	0.988889	19.23
0.96	22.94	0.762870	0.247628	0.080380	0.988889	19.23
0.96	23.31	0.777978	0.225977	0.065639	0.988889	19.23
0.96	23.67	0.802512	0.182461	0.041485	0.988889	19.23
0.96	24.04	0.806843	0.191416	0.045412	0.988889	19.23
0.96	24.41	0.761992	0.241231	0.076369	0.988889	19.23
0.96	24.78	0.819757	0.158328	0.030580	0.988889	19.23
0.96	25.14	0.805435	0.184933	0.042462	0.988889	19.23
0.96	25.51	0.802903	0.191569	0.045707	0.988889	19.23
0.96	25.88	0.769176	0.234701	0.071615	0.988889	19.23
0.96	26.24	0.804976	0.179808	0.040164	0.988889	19.23
0.96	26.61	0.785982	0.202749	0.052300	0.988889	19.23
0.96	26.98	0.793567	0.200859	0.050839	0.988889	19.23
0.96	27.35	0.776793	0.226869	0.066259	0.988889	19.23
0.96	27.71	0.737504	0.265027	0.095239	0.988889	19.23
0.96	28.08	0.758240	0.254429	0.085374	0.988889	19.23
0.96	28.45	0.820021	0.161103	0.031651	0.988889	19.23
0.96	28.82	0.821853	0.162224	0.032021	0.988889	19.23
0.96	29.18	0.823237	0.162950	0.032254	0.988889	19.23
0.96	29.55	0.828297	0.089094	0.009583	0.988889	19.23
0.96	29.92	0.723309	0.161309	0.035974	0.988889	19.23
0.99	2.00	0.000000	0.000000	0.000000	0.988889	19.52
0.99	2.37	0.000000	0.000000	0.000000	0.988889	19.52
0.99	2.73	0.000000	0.000000	0.000000	0.988889	19.52
0.99	3.10	0.000000	0.000000	0.000000	0.988889	19.52
0.99	3.47	0.000000	0.000000	0.000000	0.988889	19.52
0.99	3.84	0.000000	0.000000	0.000000	0.988889	19.52
0.99	4.20	0.000000	0.000000	0.000000	0.988889	19.52
0.99	4.57	0.000000	0.000000	0.000000	0.988889	19.52
0.99	4.94	0.000000	0.000000	0.000000	0.988889	19.52
0.99	5.31	0.000000	0.000000	0.000000	0.988889	19.52
0.99	5.67	0.000000	0.000000	0.000000	0.988889	19.52
0.99	6.04	0.000000	0.000000	0.000000	0.988889	19.52
0.99	6.41	0.000000	0.000000	0.000000	0.988889	19.52
0.99	6.78	0.000000	0.000000	0.000000	0.988889	19.52
0.99	7.14	0.000000	0.000000	0.000000	0.988889	19.52
0.99	7.51	0.050562	0.000000	0.000000	0.988889	19.52
0.99	7.88	0.080524	0.016854	0.003528	0.988889	19.52
0.99	8.24	0.104334	0.037835	0.013720	0.988889	19.52
0.99	8.61	0.109082	0.049823	0.022757	0.988889	19.52
0.99	8.98	0.175679	0.113048	0.072746	0.988889	19.52
0.99	9.35	0.229713	0.149535	0.097342	0.988889	19.52
0.99	9.71	0.144145	0.067793	0.031884	0.988889	19.52
0.99	10.08	0.192937	0.087470	0.039656	0.988889	19.52
0.99	10.45	0.237739	0.133107	0.074525	0.988889	19.52
0.99	10.82	0.324307	0.170923	0.090083	0.988889	19.52
0.99	11.18	0.370262	0.180901	0.088384	0.988889	19.52
0.99	11.55	0.379526	0.190749	0.095870	0.988889	19.52
0.99	11.92	0.501053	0.198068	0.078297	0.988889	19.52
0.99	12.29	0.527934	0.254101	0.122302	0.988889	19.52
0.99	12.65	0.736099	0.157382	0.033649	0.988889	19.52
0.99	13.02	0.720334	0.216702	0.065191	0.988889	19.52
0.99	13.39	0.694331	0.248982	0.089283	0.988889	19.52
0.99	13.76	0.737248	0.218570	0.064799	0.988889	19.52
0.99	14.12	0.714845	0.254970	0.090942	0.988889	19.52
0.99	14.49	0.694916	0.272915	0.107183	0.988889	19.52
0.99	14.86	0.745928	0.219094	0.064352	0.988889	19.52
0.99	15.22	0.669188	0.284767	0.121180	0.988889	19.52
0.99	15.59	0.680767	0.272348	0.108956	0.988889	19.52
0.99	15.96	0.757137	0.217093	0.062247	0.988889	19.52
0.99	16.33	0.730844	0.244087	0.081520	0.988889	19.52
0.99	16.69	0.752769	0.233483	0.072418	0.988889	19.52
0.99	17.06	0.667688	0.310933	0.144797	0.988889	19.52
0.99	17.43	0.721398	0.267567	0.099241	0.988889	19.52
0.99	17.80	0.651083	0.315024	0.152423	0.988889	19.52
0.99	18.16	0.728097	0.255497	0.089656	0.988889	19.52
0.99	18.53	0.657796	0.316421	0.152208	0.988889	19.52
0.99	18.90	0.783045	0.207791	0.055140	0.988889	19.52
0.99	19.27	0.797870	0.189483	0.044999	0.988889	19.52
0.99	19.63	0.761236	0.231181	0.070207	0.988889	19.52
0.99	20.00	0.776045	0.211814	0.057813	0.988889	19.52
0.99	20.37	0.743057	0.258283	0.089778	0.988889	19.52
0.99	20.73	0.691931	0.303718	0.133315	0.988889	19.52
0.99	21.10	0.731432	0.270824	0.100277	0.988889	19.52
0.99	21.47	0.789476	0.198953	0.050137	0.988889	19.52
0.99	21.84	0.813319	0.168291	0.034823	0.988889	19.52
0.99	22.20	0.825165	0.137208	0.022815	0.988889	19.52
0.99	22.57	0.815715	0.161378	0.031926	0.988889	19.52
0.99	22.94	0.722034	0.284290	0.111935	0.988889	19.52
0.99	23.31	0.773258	0.224800	0.065353	0.988889	19.52
0.99	23.67	0.774289	0.228176	0.067241	0.988889	19.52
0.99	24.04	0.761536	0.242997	0.077538	0.988889	19.52
0.99	24.41	0.760412	0.242271	0.077189	0.988889	19.52
0.99	24.78	0.839419	0.108685	0.014072	0.988889	19.52
0.99	25.14	0.823502	0.158191	0.030388	0.988889	19.52
0.99	25.51	0.817528	0.171519	0.035985	0.988889	19.52
0.99	25.88	0.803261	0.198756	0.049180	0.988889	19.52
0.99	26.24	0.796247	0.203937	0.052233	0.988889	19.52
0.99	26.61	0.807566	0.186641	0.043136	0.988889	19.52
0.99	26.98	0.808052	0.188226	0.043845	0.988889	19.52
0.99	27.35	0.802606	0.184901	0.042597	0.988889	19.52
0.99	27.71	0.839900	0.022249	0.000589	0.988889	19.52
0.99	28.08	0.737302	0.227656	0.070293	0.988889	19.52
0.99	28.45	0.788733	0.212619	0.057316	0.988889	19.52
0.99	28.82	0.772616	0.217188	0.061053	0.988889	19.52
0.99	29.18	0.835474	0.112563	0.015165	0.988889	19.52
0.99	29.55	0.819766	0.156084	0.029719	0.988889	19.52
0.99	29.92	0.787778	0.199933	0.050742	0.988889	19.52
1.01	2.00	0.000000	0.000000	0.000000	0.988889	19.76
1.01	2.37	0.000000	0.000000	0.000000	0.988889	19.76
1.01	2.73	0.000000	0.000000	0.000000	0.988889	19.76
1.01	3.10	0.000000	0.000000	0.000000	0.988889	19.76
1.01	3.47	0.000000	0.000000	0.000000	0.988889	19.76
1.01	3.84	0.000000	0.000000	0.000000	0.988889	19.76
1.01	4.20	0.000000	0.000000	0.000000	0.988889	19.76
1.01	4.57	0.000000	0.000000	0.000000	0.988889	19.76
1.01	4.94	0.000000	0.000000	0.000000	0.988889	19.76
1.01	5.31	0.000000	0.000000	0.000000	0.988889	19.76
1.01	5.67	0.000000	0.000000	0.000000	0.988889	19.76
1.01	6.04	0.000000	0.000000	0.000000	0.988889	19.76
1.01	6.41	0.000000	0.000000	0.000000	0.988889	19.76
1.01	6.78	0.000000	0.000000	0.000000	0.988889	19.76
1.01	7.14	0.050562	0.000000	0.000000	0.988889	19.76
1.01	7.51	0.051498	0.000936	0.000017	0.988889	19.76
1.01	7.88	0.064295	0.008959	0.001248	0.988889	19.76
1.01	8.24	0.059457	0.007054	0.000837	0.988889	19.76
1.01	8.61	0.068820	0.034349	0.017144	0.988889	19.76
1.01	8.98	0.092385	0.033528	0.012168	0.988889	19.76
1.01	9.35	0.107333	0.053580	0.026747	0.988889	19.76
1.01	9.71	0.185955	0.110044	0.065122	0.988889	19.76
1.01	10.08	0.267746	0.152892	0.087307	0.988889	19.76
1.01	10.45	0.328489	0.194968	0.115719	0.988889	19.76
1.01	10.82	0.361782	0.175083	0.084731	0.988889	19.76
1.01	11.18	0.441337	0.200802	0.091362	0.988889	19.76
1.01	11.55	0.458762	0.212205	0.098157	0.988889	19.76
1.01	11.92	0.535893	0.218814	0.089346	0.988889	19.76
1.01	12.29	0.614445	0.214624	0.074968	0.988889	19.76
1.01	12.65	0.644320	0.230207	0.082250	0.988889	19.76
1.01	13.02	0.672583	0.227581	0.077007	0.988889	19.76
1.01	13.39	0.698368	0.235467	0.079392	0.988889	19.76
1.01	13.76	0.728975	0.215737	0.063846	0.988889	19.76
1.01	14.12	0.723263	0.226002	0.070620	0.988889	19.76
1.01	14.49	0.686742	0.275009	0.110129	0.988889	19.76
1.01	14.86	0.704345	0.270553	0.103925	0.988889	19.76
1.01	15.22	0.733263	0.244717	0.081671	0.988889	19.76
1.01	15.59	0.730688	0.239640	0.078594	0.988889	19.76
1.01	15.96	0.684192	0.269615	0.106245	0.988889	19.76
1.01	16.33	0.733809	0.240702	0.078955	0.988889	19.76
1.01	16.69	0.721423	0.270685	0.101564	0.988889	19.76
1.01	17.06	0.764318	0.226843	0.067325	0.988889	19.76
1.01	17.43	0.764198	0.224675	0.066055	0.988889	19.76
1.01	17.80	0.784485	0.200024	0.051001	0.988889	19.76
1.01	18.16	0.796119	0.190613	0.045638	0.988889	19.76
1.01	18.53	0.766067	0.226065	0.066711	0.988889	19.76
1.01	18.90	0.755893	0.244518	0.079097	0.988889	19.76
1.01	19.27	0.701823	0.271250	0.104837	0.988889	19.76
1.01	19.63	0.691219	0.291656	0.123063	0.988889	19.76
1.01	20.00	0.727276	0.273563	0.102900	0.988889	19.76
1.01	20.37	0.730609	0.258693	0.091597	0.988889	19.76
1.01	20.73	0.710725	0.279390	0.109830	0.988889	19.76
1.01	21.10	0.791498	0.202412	0.051764	0.988889	19.76
1.01	21.47	0.779283	0.222842	0.063723	0.988889	19.76
1.01	21.84	0.780936	0.185440	0.044034	0.988889	19.76
1.01	22.20	0.799855	0.150962	0.028492	0.988889	19.76
1.01	22.57	0.809340	0.182259	0.041044	0.988889	19.76
1.01	22.94	0.764926	0.245702	0.078922	0.988889	19.76
1.01	23.31	0.787702	0.214504	0.058413	0.988889	19.76
1.01	23.67	0.736475	0.273434	0.101519	0.988889	19.76
1.01	24.04	0.825960	0.158140	0.030278	0.988889	19.76
1.01	24.41	0.825921	0.158140	0.030279	0.988889	19.76
1.01	24.78	0.790936	0.210612	0.056082	0.988889	19.76
1.01	25.14	0.812772	0.172900	0.036781	0.988889	19.76
1.01	25.51	0.826798	0.147464	0.026301	0.988889	19.76
1.01	25.88	0.750900	0.266352	0.094478	0.988889	19.76
1.01	26.24	0.769345	0.241321	0.075695	0.988889	19.76
1.01	26.61	0.785195	0.220695	0.062031	0.988889	19.76
1.01	26.98	0.791141	0.206558	0.053930	0.988889	19.76
1.01	27.35	0.819627	0.153370	0.028699	0.988889	19.76
1.01	27.71	0.837151	0.020953	0.000524	0.988889	19.76
1.01	28.08	0.837934	0.116540	0.016208	0.988889	19.76
1.01	28.45	0.788733	0.212594	0.057302	0.988889	19.76
1.01	28.82	0.795770	0.210301	0.055577	0.988889	19.76
1.01	29.18	0.844187	0.101879	0.012295	0.988889	19.76
1.01	29.55	0.781331	0.219335	0.061572	0.988889	19.76
1.01	29.92	0.834698	0.093539	0.010482	0.988889	19.76
1.04	2.00	0.000000	0.000000	0.000000	0.990741	19.95
1.04	2.37	0.000000	0.000000	0.000000	0.990741	19.95
1.04	2.73	0.000000	0.000000	0.000000	0.990741	19.95
1.04	3.10	0.000000	0.000000	0.000000	0.990741	19.95
1.04	3.47	0.000000	0.000000	0.000000	0.990741	19.95
1.04	3.84	0.000000	0.000000	0.000000	0.990741	19.95
1.04	4.20	0.000000	0.000000	0.000000	0.990741	19.95
1.04	4.57	0.000000	0.000000	0.000000	0.990741	19.95
1.04	4.94	0.000000	0.000000	0.000000	0.990741	19.95
1.04	5.31	0.000000	0.000000	0.000000	0.990741	19.95
1.04	5.67	0.000000	0.000000	0.000000	0.990741	19.95
1.04	6.04	0.000000	0.000000	0.000000	0.990741	19.95
1.04	6.41	0.000000	0.000000	0.000000	0.990741	19.95
1.04	6.78	0.000000	0.000000	0.000000	0.990741	19.95
1.04	7.14	0.000000	0.000000	0.000000	0.990741	19.95
1.04	7.51	0.000000	0.000000	0.000000	0.990741	19.95
1.04	7.88	0.050467	0.000000	0.000000	0.990741	19.95
1.04	8.24	0.062056	0.013957	0.003139	0.990741	19.95
1.04	8.61	0.100935	0.050808	0.025575	0.990741	19.95
1.04	8.98	0.114243	0.099457	0.086584	0.990741	19.95
1.04	9.35	0.145911	0.109261	0.081816	0.990741	19.95
1.04	9.71	0.248543	0.173628	0.121294	0.990741	19.95
1.04	10.08	0.220698	0.125339	0.071183	0.990741	19.95
1.04	10.45	0.289033	0.166308	0.095692	0.990741	19.95
1.04	10.82	0.351813	0.194615	0.107657	0.990741	19.95
1.04	11.18	0.419664	0.213685	0.108805	0.990741	19.95
1.04	11.55	0.463551	0.206632	0.092108	0.990741	19.95
1.04	11.92	0.465597	0.220196	0.104138	0.990741	19.95
1.04	12.29	0.564252	0.251038	0.111687	0.990741	19.95
1.04	12.65	0.617578	0.248688	0.100142	0.990741	19.95
1.04	13.02	0.679184	0.216358	0.068922	0.990741	19.95
1.04	13.39	0.688407	0.252519	0.092628	0.990741	19.95
1.04	13.76	0.687622	0.266573	0.103343	0.990741	19.95
1.04	14.12	0.685047	0.243388	0.086472	0.990741	19.95
1.04	14.49	0.638497	0.283178	0.125591	0.990741	19.95
1.04	14.86	0.649198	0.300435	0.139035	0.990741	19.95
1.04	15.22	0.697563	0.286169	0.117398	0.990741	19.95
1.04	15.59	0.684535	0.286065	0.119545	0.990741	19.95
1.04	15.96	0.703390	0.273572	0.106401	0.990741	19.95
1.04	16.33	0.688138	0.292467	0.124302	0.990741	19.95
1.04	16.69	0.655971	0.299544	0.136784	0.990741	19.95
1.04	17.06	0.738692	0.254806	0.087894	0.990741	19.95
1.04	17.43	0.754318	0.252051	0.084221	0.990741	19.95
1.04	17.80	0.740834	0.253415	0.086685	0.990741	19.95
1.04	18.16	0.727667	0.272415	0.101984	0.990741	19.95
1.04	18.53	0.765458	0.229554	0.068841	0.990741	19.95
1.04	18.90	0.738882	0.256663	0.089156	0.990741	19.95
1.04	19.27	0.737347	0.256916	0.089518	0.990741	19.95
1.04	19.63	0.752768	0.257015	0.087752	0.990741	19.95
1.04	20.00	0.741225	0.272463	0.100153	0.990741	19.95
1.04	20.37	0.712184	0.282249	0.111859	0.990741	19.95
1.04	20.73	0.701502	0.298765	0.127242	0.990741	19.95
1.04	21.10	0.700255	0.295143	0.124397	0.990741	19.95
1.04	21.47	0.731370	0.276403	0.104459	0.990741	19.95
1.04	21.84	0.760673	0.249846	0.082063	0.990741	19.95
1.04	22.20	0.763020	0.248647	0.081027	0.990741	19.95
1.04	22.57	0.763803	0.243167	0.077415	0.990741	19.95
1.04	22.94	0.766032	0.241314	0.076018	0.990741	19.95
1.04	23.31	0.852575	0.028724	0.000968	0.990741	19.95
1.04	23.67	0.822277	0.144774	0.025489	0.990741	19.95
1.04	24.04	0.760088	0.246362	0.079852	0.990741	19.95
1.04	24.41	0.750009	0.259460	0.089758	0.990741	19.95
1.04	24.78	0.777350	0.232040	0.069264	0.990741	19.95
1.04	25.14	0.776654	0.233008	0.069906	0.990741	19.95
1.04	25.51	0.842783	0.118419	0.016639	0.990741	19.95
1.04	25.88	0.808217	0.164166	0.033345	0.990741	19.95
1.04	26.24	0.834400	0.114485	0.015708	0.990741	19.95
1.04	26.61	0.829094	0.092729	0.010371	0.990741	19.95
1.04	26.98	0.841096	0.021535	0.000551	0.990741	19.95
1.04	27.35	0.781418	0.232826	0.069371	0.990741	19.95
1.04	27.71	0.822679	0.152388	0.028228	0.990741	19.95
1.04	28.08	0.809540	0.189004	0.044127	0.990741	19.95
1.04	28.45	0.825039	0.156679	0.029754	0.990741	19.95
1.04	28.82	0.780062	0.233243	0.069741	0.990741	19.95
1.04	29.18	0.792972	0.212708	0.057057	0.990741	19.95
1.04	29.55	0.649580	0.233299	0.083790	0.990741	19.95
1.04	29.92	0.834735	0.095922	0.011023	0.990741	19.95
1.07	2.00	0.000000	0.000000	0.000000	0.990741	20.11
1.07	2.37	0.000000	0.000000	0.000000	0.990741	20.11
1.07	2.73	0.000000	0.000000	0.000000	0.990741	20.11
1.07	3.10	0.000000	0.000000	0.000000	0.990741	20.11
1.07	3.47	0.000000	0.000000	0.000000	0.990741	20.11
1.07	3.84	0.000000	0.000000	0.000000	0.990741	20.11
1.07	4.20	0.000000	0.000000	0.000000	0.990741	20.11
1.07	4.57	0.000000	0.000000	0.000000	0.990741	20.11
1.07	4.94	0.000000	0.000000	0.000000	0.990741	20.11
1.07	5.31	0.000000	0.000000	0.000000	0.990741	20.11
1.07	5.67	0.000000	0.000000	0.000000	0.990741	20.11
1.07	6.04	0.000000	0.000000	0.000000	0.990741	20.11
1.07	6.41	0.000000	0.000000	0.000000	0.990741	20.11
1.07	6.78	0.000000	0.000000	0.000000	0.990741	20.11
1.07	7.14	0.054206	0.000000	0.000000	0.990741	20.11
1.07	7.51	0.095327	0.000000	0.000000	0.990741	20.11
1.07	7.88	0.072897	0.000000	0.000000	0.990741	20.11
1.07	8.24	0.068479	0.020772	0.006301	0.990741	20.11
1.07	8.61	0.083801	0.029378	0.010299	0.990741	20.11
1.07	8.98	0.099342	0.048786	0.023958	0.990741	20.11
1.07	9.35	0.130359	0.074150	0.042178	0.990741	20.11
1.07	9.71	0.177196	0.106964	0.064569	0.990741	20.11
1.07	10.08	0.223899	0.153753	0.105584	0.990741	20.11
1.07	10.45	0.296600	0.171026	0.098617	0.990741	20.11
1.07	10.82	0.414953	0.225941	0.123024	0.990741	20.11
1.07	11.18	0.479668	0.213640	0.095153	0.990741	20.11
1.07	11.55	0.570504	0.211058	0.078081	0.990741	20.11
1.07	11.92	0.650418	0.148634	0.033966	0.990741	20.11
1.07	12.29	0.644951	0.221483	0.076060	0.990741	20.11
1.07	12.65	0.699567	0.217563	0.067661	0.990741	20.11
1.07	13.02	0.696440	0.224973	0.072673	0.990741	20.11
1.07	13.39	0.701997	0.255010	0.092636	0.990741	20.11
1.07	13.76	0.728207	0.234430	0.075470	0.990741	20.11
1.07	14.12	0.708014	0.263851	0.098327	0.990741	20.11
1.07	14.49	0.724915	0.247956	0.084813	0.990741	20.11
1.07	14.86	0.729216	0.254339	0.088709	0.990741	20.11
1.07	15.22	0.747582	0.237432	0.075409	0.990741	20.11
1.07	15.59	0.685607	0.305181	0.135844	0.990741	20.11
1.07	15.96	0.694269	0.285361	0.117290	0.990741	20.11
1.07	16.33	0.731718	0.266626	0.097154	0.990741	20.11
1.07	16.69	0.786713	0.190071	0.045922	0.990741	20.11
1.07	17.06	0.764369	0.233823	0.071527	0.990741	20.11
1.07	17.43	0.756056	0.240052	0.076218	0.990741	20.11
1.07	17.80	0.774175	0.209772	0.056840	0.990741	20.11
1.07	18.16	0.754554	0.242722	0.078078	0.990741	20.11
1.07	18.53	0.784680	0.201830	0.051913	0.990741	20.11
1.07	18.90	0.775481	0.223132	0.064203	0.990741	20.11
1.07	19.27	0.816288	0.146286	0.026216	0.990741	20.11
1.07	19.63	0.775884	0.217675	0.061069	0.990741	20.11
1.07	20.00	0.747769	0.260987	0.091090	0.990741	20.11
1.07	20.37	0.774052	0.230331	0.068538	0.990741	20.11
1.07	20.73	0.778875	0.224242	0.064561	0.990741	20.11
1.07	21.10	0.802267	0.184499	0.042429	0.990741	20.11
1.07	21.47	0.770019	0.229812	0.068587	0.990741	20.11
1.07	21.84	0.736197	0.272195	0.100639	0.990741	20.11
1.07	22.20	0.714676	0.287201	0.115415	0.990741	20.11
1.07	22.57	0.789914	0.214733	0.058374	0.990741	20.11
1.07	22.94	0.725913	0.284543	0.111535	0.990741	20.11
1.07	23.31	0.739668	0.275220	0.102406	0.990741	20.11
1.07	23.67	0.774052	0.227901	0.067100	0.990741	20.11
1.07	24.04	0.776312	0.224631	0.064998	0.990741	20.11
1.07	24.41	0.796636	0.208895	0.054777	0.990741	20.11
1.07	24.78	0.769698	0.247838	0.079802	0.990741	20.11
1.07	25.14	0.715308	0.286378	0.114653	0.990741	20.11
1.07	25.51	0.784687	0.220318	0.061859	0.990741	20.11
1.07	25.88	0.777354	0.227031	0.066306	0.990741	20.11
1.07	26.24	0.789396	0.207381	0.054481	0.990741	20.11
1.07	26.61	0.722291	0.288285	0.115062	0.990741	20.11
1.07	26.98	0.779403	0.226528	0.065839	0.990741	20.11
1.07	27.35	0.782243	0.218573	0.061073	0.990741	20.11
1.07	27.71	0.839213	0.114609	0.015652	0.990741	20.11
1.07	28.08	0.856552	0.025473	0.000758	0.990741	20.11
1.07	28.45	0.810206	0.181707	0.040752	0.990741	20.11
1.07	28.82	0.806564	0.098527	0.012036	0.990741	20.11
1.07	29.18	0.846322	0.019594	0.000454	0.990741	20.11
1.07	29.55	0.844491	0.018528	0.000407	0.990741	20.11
1.07	29.92	0.838980	0.111442	0.014803	0.990741	20.11
1.10	2.00	0.000000	0.000000	0.000000	0.990741	20.28
1.10	2.37	0.000000	0.000000	0.000000	0.990741	20.28
1.10	2.73	0.000000	0.000000	0.000000	0.990741	20.28
1.10	3.10	0.000000	0.000000	0.000000	0.990741	20.28
1.10	3.47	0.000000	0.000000	0.000000	0.990741	20.28
1.10	3.84	0.000000	0.000000	0.000000	0.990741	20.28
1.10	4.20	0.000000	0.000000	0.000000	0.990741	20.28
1.10	4.57	0.000000	0.000000	0.000000	0.990741	20.28
1.10	4.94	0.000000	0.000000	0.000000	0.990741	20.28
1.10	5.31	0.000000	0.000000	0.000000	0.990741	20.28
1.10	5.67	0.000000	0.000000	0.000000	0.990741	20.28
1.10	6.04	0.000000	0.000000	0.000000	0.990741	20.28
1.10	6.41	0.000000	0.000000	0.000000	0.990741	20.28
1.10	6.78	0.000000	0.000000	0.000000	0.990741	20.28
1.10	7.14	0.050467	0.000000	0.000000	0.990741	20.28
1.10	7.51	0.060748	0.008411	0.001165	0.990741	20.28
1.10	7.88	0.078505	0.016079	0.003293	0.990741	20.28
1.10	8.24	0.069574	0.031718	0.014460	0.990741	20.28
1.10	8.61	0.073192	0.023847	0.007769	0.990741	20.28
1.10	8.98	0.095981	0.037487	0.014641	0.990741	20.28
1.10	9.35	0.121379	0.056525	0.026323	0.990741	20.28
1.10	9.71	0.142575	0.075412	0.039888	0.990741	20.28
1.10	10.08	0.227907	0.117339	0.060412	0.990741	20.28
1.10	10.45	0.292991	0.148702	0.075471	0.990741	20.28
1.10	10.82	0.416497	0.218334	0.114454	0.990741	20.28
1.10	11.18	0.432106	0.223549	0.115652	0.990741	20.28
1.10	11.55	0.527023	0.229593	0.100021	0.990741	20.28
1.10	11.92	0.595060	0.225312	0.085311	0.990741	20.28
1.10	12.29	0.626212	0.236626	0.089413	0.990741	20.28
1.10	12.65	0.675587	0.215108	0.068491	0.990741	20.28
1.10	13.02	0.666015	0.218042	0.071383	0.990741	20.28
1.10	13.39	0.748376	0.192598	0.049566	0.990741	20.28
1.10	13.76	0.736579	0.212380	0.061236	0.990741	20.28
1.10	14.12	0.777437	0.160906	0.033303	0.990741	20.28
1.10	14.49	0.616686	0.322677	0.168839	0.990741	20.28
1.10	14.86	0.650606	0.290955	0.130117	0.990741	20.28
1.10	15.22	0.706066	0.271318	0.104259	0.990741	20.28
1.10	15.59	0.754663	0.233058	0.071974	0.990741	20.28
1.10	15.96	0.786044	0.188204	0.045062	0.990741	20.28
1.10	16.33	0.810408	0.154333	0.029391	0.990741	20.28
1.10	16.69	0.796054	0.194673	0.047607	0.990741	20.28
1.10	17.06	0.763357	0.236273	0.073131	0.990741	20.28
1.10	17.43	0.686466	0.307156	0.137435	0.990741	20.28
1.10	17.80	0.701784	0.295011	0.124015	0.990741	20.28
1.10	18.16	0.768748	0.232152	0.070107	0.990741	20.28
1.10	18.53	0.774824	0.228341	0.067292	0.990741	20.28
1.10	18.90	0.763203	0.243331	0.077581	0.990741	20.28
1.10	19.27	0.772449	0.230448	0.068751	0.990741	20.28
1.10	19.63	0.779664	0.227256	0.066240	0.990741	20.28
1.10	20.00	0.717961	0.252869	0.089062	0.990741	20.28
1.10	20.37	0.724588	0.257811	0.091730	0.990741	20.28
1.10	20.73	0.714724	0.290347	0.117949	0.990741	20.28
1.10	21.10	0.715299	0.287257	0.115360	0.990741	20.28
1.10	21.47	0.754136	0.259431	0.089247	0.990741	20.28
1.10	21.84	0.749879	0.256701	0.087875	0.990741	20.28
1.10	22.20	0.815335	0.168698	0.034905	0.990741	20.28
1.10	22.57	0.814280	0.168045	0.034680	0.990741	20.28
1.10	22.94	0.755392	0.249789	0.082599	0.990741	20.28
1.10	23.31	0.770453	0.226643	0.066671	0.990741	20.28
1.10	23.67	0.719456	0.267911	0.099765	0.990741	20.28
1.10	24.04	0.762293	0.227516	0.067905	0.990741	20.28
1.10	24.41	0.759664	0.254129	0.085014	0.990741	20.28
1.10	24.78	0.823305	0.157928	0.030294	0.990741	20.28
1.10	25.14	0.810872	0.188134	0.043650	0.990741	20.28
1.10	25.51	0.801196	0.186111	0.043232	0.990741	20.28
1.10	25.88	0.796605	0.199801	0.050113	0.990741	20.28
1.10	26.24	0.779673	0.227310	0.066271	0.990741	20.28
1.10	26.61	0.759428	0.238661	0.075003	0.990741	20.28
1.10	26.98	0.832710	0.147067	0.025974	0.990741	20.28
1.10	27.35	0.792860	0.185856	0.043567	0.990741	20.28
1.10	27.71	0.793439	0.187835	0.044467	0.990741	20.28
1.10	28.08	0.827734	0.124193	0.018634	0.990741	20.28
1.10	28.45	0.796785	0.204127	0.052295	0.990741	20.28
1.10	28.82	0.784939	0.228637	0.066598	0.990741	20.28
1.10	29.18	0.849435	0.024090	0.000683	0.990741	20.28
1.10	29.55	0.613984	0.288857	0.135897	0.990741	20.28
1.10	29.92	0.589604	0.297652	0.150265	0.990741	20.28
1.13	2.00	0.000000	0.000000	0.000000	0.990741	20.45
1.13	2.37	0.000000	0.000000	0.000000	0.990741	20.45
1.13	2.73	0.000000	0.000000	0.000000	0.990741	20.45
1.13	3.10	0.000000	0.000000	0.000000	0.990741	20.45
1.13	3.47	0.000000	0.000000	0.000000	0.990741	20.45
1.13	3.84	0.000000	0.000000	0.000000	0.990741	20.45
1.13	4.20	0.000000	0.000000	0.000000	0.990741	20.45
1.13	4.57	0.000000	0.000000	0.000000	0.990741	20.45
1.13	4.94	0.000000	0.000000	0.000000	0.990741	20.45
1.13	5.31	0.000000	0.000000	0.000000	0.990741	20.45
1.13	5.67	0.050467	0.000000	0.000000	0.990741	20.45
1.13	6.04	0.050467	0.000000	0.000000	0.990741	20.45
1.13	6.41	0.050467	0.000000	0.000000	0.990741	20.45
1.13	6.78	0.052336	0.000000	0.000000	0.990741	20.45
1.13	7.14	0.050467	0.000000	0.000000	0.990741	20.45
1.13	7.51	0.051090	0.000881	0.000015	0.990741	20.45
1.13	7.88	0.064252	0.023568	0.008645	0.990741	20.45
1.13	8.24	0.076769	0.031241	0.012713	0.990741	20.45
1.13	8.61	0.089031	0.039934	0.017912	0.990741	20.45
1.13	8.98	0.110903	0.084436	0.064286	0.990741	20.45
1.13	9.35	0.164486	0.119913	0.087419	0.990741	20.45
1.13	9.71	0.236974	0.154870	0.101212	0.990741	20.45
1.13	10.08	0.271081	0.170390	0.107099	0.990741	20.45
1.13	10.45	0.320114	0.178752	0.099815	0.990741	20.45
1.13	10.82	0.372822	0.184747	0.091549	0.990741	20.45
1.13	11.18	0.429283	0.201863	0.094922	0.990741	20.45
1.13	11.55	0.550297	0.203277	0.075090	0.990741	20.45
1.13	11.92	0.576744	0.210454	0.076795	0.990741	20.45
1.13	12.29	0.575820	0.241525	0.101307	0.990741	20.45
1.13	12.65	0.654995	0.209501	0.067009	0.990741	20.45
1.13	13.02	0.699544	0.203197	0.059023	0.990741	20.45
1.13	13.39	0.726364	0.241944	0.080589	0.990741	20.45
1.13	13.76	0.712532	0.260929	0.095552	0.990741	20.45
1.13	14.12	0.684532	0.293827	0.126122	0.990741	20.45
1.13	14.49	0.690063	0.291190	0.122875	0.990741	20.45
1.13	14.86	0.774787	0.191873	0.047516	0.990741	20.45
1.13	15.22	0.707419	0.280968	0.111593	0.990741	20.45
1.13	15.59	0.676283	0.304193	0.136826	0.990741	20.45
1.13	15.96	0.726736	0.258590	0.092013	0.990741	20.45
1.13	16.33	0.713570	0.278911	0.109017	0.990741	20.45
1.13	16.69	0.693740	0.280898	0.113737	0.990741	20.45
1.13	17.06	0.712617	0.273315	0.104827	0.990741	20.45
1.13	17.43	0.763723	0.234249	0.071849	0.990741	20.45
1.13	17.80	0.764944	0.233153	0.071064	0.990741	20.45
1.13	18.16	0.741682	0.267012	0.096127	0.990741	20.45
1.13	18.53	0.744644	0.260708	0.091277	0.990741	20.45
1.13	18.90	0.749605	0.237593	0.075307	0.990741	20.45
1.13	19.27	0.775298	0.200874	0.052045	0.990741	20.45
1.13	19.63	0.727380	0.260852	0.093546	0.990741	20.45
1.13	20.00	0.744348	0.264019	0.093647	0.990741	20.45
1.13	20.37	0.733195	0.276016	0.103908	0.990741	20.45
1.13	20.73	0.774638	0.234107	0.070751	0.990741	20.45
1.13	21.10	0.766391	0.247499	0.079927	0.990741	20.45
1.13	21.47	0.768811	0.225867	0.066357	0.990741	20.45
1.13	21.84	0.767995	0.229953	0.068853	0.990741	20.45
1.13	22.20	0.745171	0.254648	0.087021	0.990741	20.45
1.13	22.57	0.763759	0.232925	0.071036	0.990741	20.45
1.13	22.94	0.794617	0.207353	0.054108	0.990741	20.45
1.13	23.31	0.790879	0.211829	0.056736	0.990741	20.45
1.13	23.67	0.757820	0.237392	0.074364	0.990741	20.45
1.13	24.04	0.806267	0.182857	0.041471	0.990741	20.45
1.13	24.41	0.794942	0.210543	0.055763	0.990741	20.45
1.13	24.78	0.736653	0.275983	0.103395	0.990741	20.45
1.13	25.14	0.738017	0.276216	0.103378	0.990741	20.45
1.13	25.51	0.841083	0.100273	0.011954	0.990741	20.45
1.13	25.88	0.834735	0.115286	0.015922	0.990741	20.45
1.13	26.24	0.856562	0.118999	0.016532	0.990741	20.45
1.13	26.61	0.817835	0.192864	0.045482	0.990741	20.45
1.13	26.98	0.814875	0.190456	0.044514	0.990741	20.45
1.13	27.35	0.846462	0.113562	0.015235	0.990741	20.45
1.13	27.71	0.816935	0.174485	0.037267	0.990741	20.45
1.13	28.08	0.851722	0.023325	0.000639	0.990741	20.45
1.13	28.45	0.779374	0.221723	0.063078	0.990741	20.45
1.13	28.82	0.827716	0.104307	0.013145	0.990741	20.45
1.13	29.18	0.842636	0.019148	0.000435	0.990741	20.45
1.13	29.55	0.846158	0.019573	0.000453	0.990741	20.45
1.13	29.92	0.751090	0.217603	0.063043	0.990741	20.45
1.16	2.00	0.000000	0.000000	0.000000	0.990741	20.61
1.16	2.37	0.000000	0.000000	0.000000	0.990741	20.61
1.16	2.73	0.000000	0.000000	0.000000	0.990741	20.61
1.16	3.10	0.000000	0.000000	0.000000	0.990741	20.61
1.16	3.47	0.000000	0.000000	0.000000	0.990741	20.61
1.16	3.84	0.000000	0.000000	0.000000	0.990741	20.61
1.16	4.20	0.000000	0.000000	0.000000	0.990741	20.61
1.16	4.57	0.000000	0.000000	0.000000	0.990741	20.61
1.16	4.94	0.000000	0.000000	0.000000	0.990741	20.61
1.16	5.31	0.000000	0.000000	0.000000	0.990741	20.61
1.16	5.67	0.000000	0.000000	0.000000	0.990741	20.61
1.16	6.04	0.000000	0.000000	0.000000	0.990741	20.61
1.16	6.41	0.050467	0.000000	0.000000	0.990741	20.61
1.16	6.78	0.050467	0.000000	0.000000	0.990741	20.61
1.16	7.14	0.052336	0.000000	0.000000	0.990741	20.61
1.16	7.51	0.063551	0.000000	0.000000	0.990741	20.61
1.16	7.88	0.053583	0.000881	0.000014	0.990741	20.61
1.16	8.24	0.077466	0.031538	0.012840	0.990741	20.61
1.16	8.61	0.085194	0.042934	0.021637	0.990741	20.61
1.16	8.98	0.107927	0.056046	0.029105	0.990741	20.61
1.16	9.35	0.134019	0.088068	0.057872	0.990741	20.61
1.16	9.71	0.183849	0.103153	0.057877	0.990741	20.61
1.16	10.08	0.243182	0.169608	0.118293	0.990741	20.61
1.16	10.45	0.357009	0.200892	0.113044	0.990741	20.61
1.16	10.82	0.444459	0.245419	0.135514	0.990741	20.61
1.16	11.18	0.582243	0.225011	0.086957	0.990741	20.61
1.16	11.55	0.702700	0.200401	0.057152	0.990741	20.61
1.16	11.92	0.671696	0.231470	0.079766	0.990741	20.61
1.16	12.29	0.713107	0.243953	0.083456	0.990741	20.61
1.16	12.65	0.781205	0.123863	0.019639	0.990741	20.61
1.16	13.02	0.773736	0.164605	0.035018	0.990741	20.61
1.16	13.39	0.795064	0.122069	0.018742	0.990741	20.61
1.16	13.76	0.703576	0.267829	0.101954	0.990741	20.61
1.16	14.12	0.806246	0.117572	0.017145	0.990741	20.61
1.16	14.49	0.777179	0.194244	0.048548	0.990741	20.61
1.16	14.86	0.756847	0.239363	0.075702	0.990741	20.61
1.16	15.22	0.650017	0.325329	0.162824	0.990741	20.61
1.16	15.59	0.656041	0.324108	0.160121	0.990741	20.61
1.16	15.96	0.693674	0.296118	0.126408	0.990741	20.61
1.16	16.33	0.694249	0.289602	0.120806	0.990741	20.61
1.16	16.69	0.767017	0.238342	0.074062	0.990741	20.61
1.16	17.06	0.741942	0.267711	0.096596	0.990741	20.61
1.16	17.43	0.754759	0.253007	0.084812	0.990741	20.61
1.16	17.80	0.755397	0.248598	0.081812	0.990741	20.61
1.16	18.16	0.702600	0.294436	0.123388	0.990741	20.61
1.16	18.53	0.819340	0.136206	0.022643	0.990741	20.61
1.16	18.90	0.784723	0.210085	0.056244	0.990741	20.61
1.16	19.27	0.767362	0.245261	0.078389	0.990741	20.61
1.16	19.63	0.782005	0.230744	0.068085	0.990741	20.61
1.16	20.00	0.718946	0.281191	0.109978	0.990741	20.61
1.16	20.37	0.757926	0.242059	0.077306	0.990741	20.61
1.16	20.73	0.816075	0.179353	0.039417	0.990741	20.61
1.16	21.10	0.815925	0.173843	0.037039	0.990741	20.61
1.16	21.47	0.767074	0.240346	0.075308	0.990741	20.61
1.16	21.84	0.739910	0.269675	0.098288	0.990741	20.61
1.16	22.20	0.784112	0.220607	0.062067	0.990741	20.61
1.16	22.57	0.810280	0.178217	0.039198	0.990741	20.61
1.16	22.94	0.789481	0.203314	0.052359	0.990741	20.61
1.16	23.31	0.790906	0.202097	0.051641	0.990741	20.61
1.16	23.67	0.778926	0.230868	0.068427	0.990741	20.61
1.16	24.04	0.753483	0.258546	0.088716	0.990741	20.61
1.16	24.41	0.782393	0.219835	0.061769	0.990741	20.61
1.16	24.78	0.821651	0.157383	0.030146	0.990741	20.61
1.16	25.14	0.833454	0.124951	0.018733	0.990741	20.61
1.16	25.51	0.818168	0.179353	0.039317	0.990741	20.61
1.16	25.88	0.812967	0.189240	0.044051	0.990741	20.61
1.16	26.24	0.806308	0.189840	0.044697	0.990741	20.61
1.16	26.61	0.791433	0.215950	0.058924	0.990741	20.61
1.16	26.98	0.829983	0.156276	0.029425	0.990741	20.61
1.16	27.35	0.811787	0.186631	0.042907	0.990741	20.61
1.16	27.71	0.747296	0.272323	0.099237	0.990741	20.61
1.16	28.08	0.824727	0.158035	0.030283	0.990741	20.61
1.16	28.45	0.812588	0.186523	0.042815	0.990741	20.61
1.16	28.82	0.767381	0.251706	0.082561	0.990741	20.61
1.16	29.18	0.659425	0.243302	0.089769	0.990741	20.61
1.16	29.55	0.797482	0.191157	0.045821	0.990741	20.61
1.16	29.92	0.762991	0.254463	0.084865	0.990741	20.61
1.19	2.00	0.000000	0.000000	0.000000	0.990741	20.78
1.19	2.37	0.000000	0.000000	0.000000	0.990741	20.78
1.19	2.73	0.000000	0.000000	0.000000	0.990741	20.78
1.19	3.10	0.000000	0.000000	0.000000	0.990741	20.78
1.19	3.47	0.000000	0.000000	0.000000	0.990741	20.78
1.19	3.84	0.000000	0.000000	0.000000	0.990741	20.78
1.19	4.20	0.000000	0.000000	0.000000	0.990741	20.78
1.19	4.57	0.000000	0.000000	0.000000	0.990741	20.78
1.19	4.94	0.000000	0.000000	0.000000	0.990741	20.78
1.19	5.31	0.000000	0.000000	0.000000	0.990741	20.78
1.19	5.67	0.000000	0.000000	0.000000	0.990741	20.78
1.19	6.04	0.000000	0.000000	0.000000	0.990741	20.78
1.19	6.41	0.000000	0.000000	0.000000	0.990741	20.78
1.19	6.78	0.052336	0.000000	0.000000	0.990741	20.78
1.19	7.14	0.054206	0.003738	0.000258	0.990741	20.78
1.19	7.51	0.059813	0.014050	0.003300	0.990741	20.78
1.19	7.88	0.063818	0.022989	0.008281	0.990741	20.78
1.19	8.24	0.079958	0.034699	0.015058	0.990741	20.78
1.19	8.61	0.082099	0.039810	0.019303	0.990741	20.78
1.19	8.98	0.101128	0.049765	0.024489	0.990741	20.78
1.19	9.35	0.126310	0.080720	0.051585	0.990741	20.78
1.19	9.71	0.181656	0.120045	0.079330	0.990741	20.78
1.19	10.08	0.298401	0.165921	0.092258	0.990741	20.78
1.19	10.45	0.367767	0.209599	0.119456	0.990741	20.78
1.19	10.82	0.433146	0.244201	0.137677	0.990741	20.78
1.19	11.18	0.669269	0.161042	0.038751	0.990741	20.78
1.19	11.55	0.717082	0.134919	0.025385	0.990741	20.78
1.19	11.92	0.690023	0.211332	0.064724	0.990741	20.78
1.19	12.29	0.743318	0.151760	0.030984	0.990741	20.78
1.19	12.65	0.729018	0.200199	0.054978	0.990741	20.78
1.19	13.02	0.690272	0.267498	0.103662	0.990741	20.78
1.19	13.39	0.674563	0.301164	0.134457	0.990741	20.78
1.19	13.76	0.699741	0.284693	0.115829	0.990741	20.78
1.19	14.12	0.702648	0.282976	0.113962	0.990741	20.78
1.19	14.49	0.761412	0.217496	0.062127	0.990741	20.78
1.19	14.86	0.784031	0.189969	0.046029	0.990741	20.78
1.19	15.22	0.788785	0.190906	0.046204	0.990741	20.78
1.19	15.59	0.689720	0.292035	0.123651	0.990741	20.78
1.19	15.96	0.656007	0.316457	0.152658	0.990741	20.78
1.19	16.33	0.739161	0.267472	0.096787	0.990741	20.78
1.19	16.69	0.769941	0.234626	0.071498	0.990741	20.78
1.19	17.06	0.716382	0.289870	0.117290	0.990741	20.78
1.19	17.43	0.743314	0.262868	0.092961	0.990741	20.78
1.19	17.80	0.733753	0.276644	0.104302	0.990741	20.78
1.19	18.16	0.754505	0.250600	0.083234	0.990741	20.78
1.19	18.53	0.769788	0.233321	0.070719	0.990741	20.78
1.19	18.90	0.762221	0.233650	0.071623	0.990741	20.78
1.19	19.27	0.733733	0.270220	0.099517	0.990741	20.78
1.19	19.63	0.737060	0.265419	0.095579	0.990741	20.78
1.19	20.00	0.739270	0.275954	0.103008	0.990741	20.78
1.19	20.37	0.752624	0.262509	0.091561	0.990741	20.78
1.19	20.73	0.830344	0.135164	0.022002	0.990741	20.78
1.19	21.10	0.798094	0.168260	0.035474	0.990741	20.78
1.19	21.47	0.844941	0.117823	0.016430	0.990741	20.78
1.19	21.84	0.826512	0.148795	0.026787	0.990741	20.78
1.19	22.20	0.817212	0.174882	0.037424	0.990741	20.78
1.19	22.57	0.818463	0.173901	0.036949	0.990741	20.78
1.19	22.94	0.799619	0.201977	0.051017	0.990741	20.78
1.19	23.31	0.815028	0.167068	0.034246	0.990741	20.78
1.19	23.67	0.829907	0.145395	0.025472	0.990741	20.78
1.19	24.04	0.779293	0.225563	0.065288	0.990741	20.78
1.19	24.41	0.779549	0.228212	0.066809	0.990741	20.78
1.19	24.78	0.810795	0.188272	0.043718	0.990741	20.78
1.19	25.14	0.827007	0.156532	0.029628	0.990741	20.78
1.19	25.51	0.831698	0.141099	0.023938	0.990741	20.78
1.19	25.88	0.817242	0.176672	0.038193	0.990741	20.78
1.19	26.24	0.801196	0.199093	0.049473	0.990741	20.78
1.19	26.61	0.813008	0.188456	0.043684	0.990741	20.78
1.19	26.98	0.824048	0.117022	0.016618	0.990741	20.78
1.19	27.35	0.848311	0.020524	0.000497	0.990741	20.78
1.19	27.71	0.824528	0.155554	0.029347	0.990741	20.78
1.19	28.08	0.825475	0.137514	0.022908	0.990741	20.78
1.19	28.45	0.825281	0.141331	0.024203	0.990741	20.78
1.19	28.82	0.793306	0.148379	0.027753	0.990741	20.78
1.19	29.18	0.784654	0.176843	0.039856	0.990741	20.78
1.19	29.55	0.839701	0.091327	0.009933	0.990741	20.78
1.19	29.92	0.849308	0.021001	0.000519	0.990741	20.78
1.21	2.00	0.000000	0.000000	0.000000	0.992593	20.90
1.21	2.37	0.000000	0.000000	0.000000	0.992593	20.90
1.21	2.73	0.000000	0.000000	0.000000	0.992593	20.90
1.21	3.10	0.000000	0.000000	0.000000	0.992593	20.90
1.21	3.47	0.000000	0.000000	0.000000	0.992593	20.90
1.21	3.84	0.000000	0.000000	0.000000	0.992593	20.90
1.21	4.20	0.000000	0.000000	0.000000	0.992593	20.90
1.21	4.57	0.000000	0.000000	0.000000	0.992593	20.90
1.21	4.94	0.000000	0.000000	0.000000	0.992593	20.90
1.21	5.31	0.000000	0.000000	0.000000	0.992593	20.90
1.21	5.67	0.000000	0.000000	0.000000	0.992593	20.90
1.21	6.04	0.000000	0.000000	0.000000	0.992593	20.90
1.21	6.41	0.050373	0.000000	0.000000	0.992593	20.90
1.21	6.78	0.000000	0.000000	0.000000	0.992593	20.90
1.21	7.14	0.000000	0.000000	0.000000	0.992593	20.90
1.21	7.51	0.050373	0.000000	0.000000	0.992593	20.90
1.21	7.88	0.054104	0.003731	0.000257	0.992593	20.90
1.21	8.24	0.095616	0.060776	0.038631	0.992593	20.90
1.21	8.61	0.092694	0.076240	0.062706	0.992593	20.90
1.21	8.98	0.164001	0.127400	0.098967	0.992593	20.90
1.21	9.35	0.156853	0.122684	0.095959	0.992593	20.90
1.21	9.71	0.262241	0.201900	0.155443	0.992593	20.90
1.21	10.08	0.272819	0.219589	0.176745	0.992593	20.90
1.21	10.45	0.356065	0.167412	0.078712	0.992593	20.90
1.21	10.82	0.542962	0.221777	0.090587	0.992593	20.90
1.21	11.18	0.646784	0.192741	0.057436	0.992593	20.90
1.21	11.55	0.583162	0.210678	0.076112	0.992593	20.90
1.21	11.92	0.676856	0.210600	0.065527	0.992593	20.90
1.21	12.29	0.741997	0.157663	0.033501	0.992593	20.90
1.21	12.65	0.704291	0.264860	0.099605	0.992593	20.90
1.21	13.02	0.729789	0.244824	0.082132	0.992593	20.90
1.21	13.39	0.748579	0.223328	0.066627	0.992593	20.90
1.21	13.76	0.735697	0.258783	0.091027	0.992593	20.90
1.21	14.12	0.726064	0.273710	0.103182	0.992593	20.90
1.21	14.49	0.698731	0.288979	0.119515	0.992593	20.90
1.21	14.86	0.731754	0.266721	0.097219	0.992593	20.90
1.21	15.22	0.735336	0.267702	0.097458	0.992593	20.90
1.21	15.59	0.767210	0.235679	0.072398	0.992593	20.90
1.21	15.96	0.802604	0.188079	0.044074	0.992593	20.90
1.21	16.33	0.766441	0.233334	0.071035	0.992593	20.90
1.21	16.69	0.699763	0.303381	0.131530	0.992593	20.90
1.21	17.06	0.696303	0.303071	0.131914	0.992593	20.90
1.21	17.43	0.701730	0.296094	0.124937	0.992593	20.90
1.21	17.80	0.761523	0.250717	0.082544	0.992593	20.90
1.21	18.16	0.773470	0.232778	0.070055	0.992593	20.90
1.21	18.53	0.746305	0.256857	0.088403	0.992593	20.90
1.21	18.90	0.743972	0.260080	0.090920	0.992593	20.90
1.21	19.27	0.772540	0.232692	0.070088	0.992593	20.90
1.21	19.63	0.790672	0.210260	0.055914	0.992593	20.90
1.21	20.00	0.734249	0.279355	0.106284	0.992593	20.90
1.21	20.37	0.754975	0.264304	0.092528	0.992593	20.90
1.21	20.73	0.779097	0.221388	0.062910	0.992593	20.90
1.21	21.10	0.742503	0.265495	0.094933	0.992593	20.90
1.21	21.47	0.770713	0.235334	0.071858	0.992593	20.90
1.21	21.84	0.784398	0.214658	0.058743	0.992593	20.90
1.21	22.20	0.788985	0.211738	0.056824	0.992593	20.90
1.21	22.57	0.808419	0.190229	0.044763	0.992593	20.90
1.21	22.94	0.812687	0.187012	0.043034	0.992593	20.90
1.21	23.31	0.780696	0.229114	0.067239	0.992593	20.90
1.21	23.67	0.816662	0.179777	0.039576	0.992593	20.90
1.21	24.04	0.831358	0.146380	0.025773	0.992593	20.90
1.21	24.41	0.815075	0.185918	0.042408	0.992593	20.90
1.21	24.78	0.834577	0.159877	0.030627	0.992593	20.90
1.21	25.14	0.797008	0.192844	0.046661	0.992593	20.90
1.21	25.51	0.833398	0.086173	0.008910	0.992593	20.90
1.21	25.88	0.788619	0.220573	0.061693	0.992593	20.90
1.21	26.24	0.766007	0.249789	0.081454	0.992593	20.90
1.21	26.61	0.764515	0.253011	0.083732	0.992593	20.90
1.21	26.98	0.833815	0.083525	0.008367	0.992593	20.90
1.21	27.35	0.831575	0.133321	0.021375	0.992593	20.90
1.21	27.71	0.827091	0.121104	0.017732	0.992593	20.90
1.21	28.08	0.849042	0.020184	0.000480	0.992593	20.90
1.21	28.45	0.791522	0.168199	0.035743	0.992593	20.90
1.21	28.82	0.829400	0.122551	0.018108	0.992593	20.90
1.21	29.18	0.844094	0.019123	0.000433	0.992593	20.90
1.21	29.55	0.700800	0.225249	0.072399	0.992593	20.90
1.21	29.92	0.846137	0.016803	0.000334	0.992593	20.90
1.24	2.00	0.000000	0.000000	0.000000	0.992593	21.04
1.24	2.37	0.000000	0.000000	0.000000	0.992593	21.04
1.24	2.73	0.000000	0.000000	0.000000	0.992593	21.04
1.24	3.10	0.000000	0.000000	0.000000	0.992593	21.04
1.24	3.47	0.000000	0.000000	0.000000	0.992593	21.04
1.24	3.84	0.000000	0.000000	0.000000	0.992593	21.04
1.24	4.20	0.000000	0.000000	0.000000	0.992593	21.04
1.24	4.57	0.000000	0.000000	0.000000	0.992593	21.04
1.24	4.94	0.000000	0.000000	0.000000	0.992593	21.04
1.24	5.31	0.000000	0.000000	0.000000	0.992593	21.04
1.24	5.67	0.055970	0.000000	0.000000	0.992593	21.04
1.24	6.04	0.000000	0.000000	0.000000	0.992593	21.04
1.24	6.41	0.000000	0.000000	0.000000	0.992593	21.04
1.24	6.78	0.000000	0.000000	0.000000	0.992593	21.04
1.24	7.14	0.055970	0.000000	0.000000	0.992593	21.04
1.24	7.51	0.098881	0.044776	0.020276	0.992593	21.04
1.24	7.88	0.116604	0.034515	0.010216	0.992593	21.04
1.24	8.24	0.129851	0.043954	0.014878	0.992593	21.04
1.24	8.61	0.125000	0.078951	0.049866	0.992593	21.04
1.24	8.98	0.162313	0.070019	0.030205	0.992593	21.04
1.24	9.35	0.153487	0.104472	0.071109	0.992593	21.04
1.24	9.71	0.251745	0.174394	0.120810	0.992593	21.04
1.24	10.08	0.447257	0.165235	0.061045	0.992593	21.04
1.24	10.45	0.536381	0.217877	0.088502	0.992593	21.04
1.24	10.82	0.566418	0.223939	0.088537	0.992593	21.04
1.24	11.18	0.680696	0.202175	0.060048	0.992593	21.04
1.24	11.55	0.723987	0.168943	0.039423	0.992593	21.04
1.24	11.92	0.783902	0.033978	0.001473	0.992593	21.04
1.24	12.29	0.766496	0.166286	0.036075	0.992593	21.04
1.24	12.65	0.753172	0.196810	0.051428	0.992593	21.04
1.24	13.02	0.733079	0.241397	0.079490	0.992593	21.04
1.24	13.39	0.693503	0.286464	0.118329	0.992593	21.04
1.24	13.76	0.731343	0.254976	0.088895	0.992593	21.04
1.24	14.12	0.704019	0.279219	0.110740	0.992593	21.04
1.24	14.49	0.695522	0.295695	0.125712	0.992593	21.04
1.24	14.86	0.676557	0.314120	0.145843	0.992593	21.04
1.24	15.22	0.678189	0.309657	0.141387	0.992593	21.04
1.24	15.59	0.767024	0.238500	0.074159	0.992593	21.04
1.24	15.96	0.771922	0.234404	0.071180	0.992593	21.04
1.24	16.33	0.751793	0.247631	0.081567	0.992593	21.04
1.24	16.69	0.725782	0.277143	0.105828	0.992593	21.04
1.24	17.06	0.727002	0.276111	0.104865	0.992593	21.04
1.24	17.43	0.728965	0.279855	0.107439	0.992593	21.04
1.24	17.80	0.738627	0.268162	0.097357	0.992593	21.04
1.24	18.16	0.746376	0.264965	0.094063	0.992593	21.04
1.24	18.53	0.776335	0.228420	0.067208	0.992593	21.04
1.24	18.90	0.710176	0.300095	0.126809	0.992593	21.04
1.24	19.27	0.747988	0.269990	0.097455	0.992593	21.04
1.24	19.63	0.749718	0.260136	0.090262	0.992593	21.04
1.24	20.00	0.790672	0.211047	0.056333	0.992593	21.04
1.24	20.37	0.750658	0.267636	0.095421	0.992593	21.04
1.24	20.73	0.762463	0.252209	0.083426	0.992593	21.04
1.24	21.10	0.824899	0.156765	0.029792	0.992593	21.04
1.24	21.47	0.810051	0.190983	0.045028	0.992593	21.04
1.24	21.84	0.810098	0.193624	0.046278	0.992593	21.04
1.24	22.20	0.731205	0.288991	0.114217	0.992593	21.04
1.24	22.57	0.781716	0.232456	0.069125	0.992593	21.04
1.24	22.94	0.782119	0.231737	0.068662	0.992593	21.04
1.24	23.31	0.789963	0.224764	0.063951	0.992593	21.04
1.24	23.67	0.831138	0.157925	0.030007	0.992593	21.04
1.24	24.04	0.779997	0.232974	0.069586	0.992593	21.04
1.24	24.41	0.793977	0.215087	0.058267	0.992593	21.04
1.24	24.78	0.850191	0.116603	0.015992	0.992593	21.04
1.24	25.14	0.823576	0.141980	0.024477	0.992593	21.04
1.24	25.51	0.850398	0.020906	0.000514	0.992593	21.04
1.24	25.88	0.817638	0.160874	0.031653	0.992593	21.04
1.24	26.24	0.844100	0.110647	0.014504	0.992593	21.04
1.24	26.61	0.836476	0.086626	0.008971	0.992593	21.04
1.24	26.98	0.826125	0.131149	0.020820	0.992593	21.04
1.24	27.35	0.843443	0.084065	0.008379	0.992593	21.04
1.24	27.71	0.780956	0.222502	0.063393	0.992593	21.04
1.24	28.08	0.847493	0.020360	0.000489	0.992593	21.04
1.24	28.45	0.805316	0.165906	0.034179	0.992593	21.04
1.24	28.82	0.850672	0.021124	0.000525	0.992593	21.04
1.24	29.18	0.846532	0.018249	0.000393	0.992593	21.04
1.24	29.55	0.722421	0.226697	0.071138	0.992593	21.04
1.24	29.92	0.845021	0.018994	0.000427	0.992593	21.04
1.27	2.00	0.000000	0.000000	0.000000	0.992593	21.21
1.27	2.37	0.000000	0.000000	0.000000	0.992593	21.21
1.27	2.73	0.000000	0.000000	0.000000	0.992593	21.21
1.27	3.10	0.000000	0.000000	0.000000	0.992593	21.21
1.27	3.47	0.000000	0.000000	0.000000	0.992593	21.21
1.27	3.84	0.000000	0.000000	0.000000	0.992593	21.21
1.27	4.20	0.000000	0.000000	0.000000	0.992593	21.21
1.27	4.57	0.000000	0.000000	0.000000	0.992593	21.21
1.27	4.94	0.000000	0.000000	0.000000	0.992593	21.21
1.27	5.31	0.000000	0.000000	0.000000	0.992593	21.21
1.27	5.67	0.000000	0.000000	0.000000	0.992593	21.21
1.27	6.04	0.000000	0.000000	0.000000	0.992593	21.21
1.27	6.41	0.000000	0.000000	0.000000	0.992593	21.21
1.27	6.78	0.000000	0.000000	0.000000	0.992593	21.21
1.27	7.14	0.063433	0.000000	0.000000	0.992593	21.21
1.27	7.51	0.059701	0.000000	0.000000	0.992593	21.21
1.27	7.88	0.059701	0.013667	0.003129	0.992593	21.21
1.27	8.24	0.059328	0.010381	0.001816	0.992593	21.21
1.27	8.61	0.079229	0.031440	0.012476	0.992593	21.21
1.27	8.98	0.096629	0.069370	0.049800	0.992593	21.21
1.27	9.35	0.170077	0.128741	0.097451	0.992593	21.21
1.27	9.71	0.283472	0.174607	0.107550	0.992593	21.21
1.27	10.08	0.376961	0.191062	0.096839	0.992593	21.21
1.27	10.45	0.470236	0.194697	0.080612	0.992593	21.21
1.27	10.82	0.644745	0.184604	0.052856	0.992593	21.21
1.27	11.18	0.720736	0.168958	0.039608	0.992593	21.21
1.27	11.55	0.704654	0.219527	0.068391	0.992593	21.21
1.27	11.92	0.741294	0.198003	0.052888	0.992593	21.21
1.27	12.29	0.757606	0.194368	0.049866	0.992593	21.21
1.27	12.65	0.745950	0.222128	0.066145	0.992593	21.21
1.27	13.02	0.732987	0.244141	0.081318	0.992593	21.21
1.27	13.39	0.736559	0.240799	0.078723	0.992593	21.21
1.27	13.76	0.712687	0.269072	0.101587	0.992593	21.21
1.27	14.12	0.726741	0.257647	0.091342	0.992593	21.21
1.27	14.49	0.742132	0.257790	0.089547	0.992593	21.21
1.27	14.86	0.676397	0.308606	0.140801	0.992593	21.21
1.27	15.22	0.697902	0.294180	0.124003	0.992593	21.21
1.27	15.59	0.739377	0.270361	0.098861	0.992593	21.21
1.27	15.96	0.771144	0.237470	0.073127	0.992593	21.21
1.27	16.33	0.682403	0.303174	0.134692	0.992593	21.21
1.27	16.69	0.710234	0.284328	0.113825	0.992593	21.21
1.27	17.06	0.775522	0.215142	0.059684	0.992593	21.21
1.27	17.43	0.788187	0.219383	0.061063	0.992593	21.21
1.27	17.80	0.774487	0.240035	0.074394	0.992593	21.21
1.27	18.16	0.722768	0.287621	0.114457	0.992593	21.21
1.27	18.53	0.669840	0.322952	0.155706	0.992593	21.21
1.27	18.90	0.757649	0.253656	0.084922	0.992593	21.21
1.27	19.27	0.757276	0.254471	0.085511	0.992593	21.21
1.27	19.63	0.734931	0.271481	0.100284	0.992593	21.21
1.27	20.00	0.739792	0.266443	0.095962	0.992593	21.21
1.27	20.37	0.755252	0.262624	0.091322	0.992593	21.21
1.27	20.73	0.784407	0.231987	0.068610	0.992593	21.21
1.27	21.10	0.790928	0.218155	0.060172	0.992593	21.21
1.27	21.47	0.763694	0.256693	0.086280	0.992593	21.21
1.27	21.84	0.784443	0.220790	0.062144	0.992593	21.21
1.27	22.20	0.782777	0.223549	0.063842	0.992593	21.21
1.27	22.57	0.812335	0.184871	0.042073	0.992593	21.21
1.27	22.94	0.813396	0.186018	0.042541	0.992593	21.21
1.27	23.31	0.790345	0.216415	0.059260	0.992593	21.21
1.27	23.67	0.775299	0.233509	0.070330	0.992593	21.21
1.27	24.04	0.800602	0.210554	0.055375	0.992593	21.21
1.27	24.41	0.783209	0.236335	0.071314	0.992593	21.21
1.27	24.78	0.730238	0.291744	0.116557	0.992593	21.21
1.27	25.14	0.730618	0.291808	0.116547	0.992593	21.21
1.27	25.51	0.795037	0.201213	0.050924	0.992593	21.21
1.27	25.88	0.845585	0.020976	0.000520	0.992593	21.21
1.27	26.24	0.826658	0.120042	0.017432	0.992593	21.21
1.27	26.61	0.813319	0.188405	0.043644	0.992593	21.21
1.27	26.98	0.811186	0.182436	0.041030	0.992593	21.21
1.27	27.35	0.838815	0.086526	0.008925	0.992593	21.21
1.27	27.71	0.838316	0.086521	0.008930	0.992593	21.21
1.27	28.08	0.828077	0.125465	0.019010	0.992593	21.21
1.27	28.45	0.849517	0.018904	0.000421	0.992593	21.21
1.27	28.82	0.814366	0.191041	0.044816	0.992593	21.21
1.27	29.18	0.847059	0.016704	0.000329	0.992593	21.21
1.27	29.55	0.838163	0.082076	0.008037	0.992593	21.21
1.27	29.92	0.815152	0.124434	0.018995	0.992593	21.21
1.30	2.00	0.000000	0.000000	0.000000	0.992593	21.37
1.30	2.37	0.000000	0.000000	0.000000	0.992593	21.37
1.30	2.73	0.000000	0.000000	0.000000	0.992593	21.37
1.30	3.10	0.000000	0.000000	0.000000	0.992593	21.37
1.30	3.47	0.000000	0.000000	0.000000	0.992593	21.37
1.30	3.84	0.000000	0.000000	0.000000	0.992593	21.37
1.30	4.20	0.000000	0.000000	0.000000	0.992593	21.37
1.30	4.57	0.000000	0.000000	0.000000	0.992593	21.37
1.30	4.94	0.050373	0.000000	0.000000	0.992593	21.37
1.30	5.31	0.050373	0.000000	0.000000	0.992593	21.37
1.30	5.67	0.000000	0.000000	0.000000	0.992593	21.37
1.30	6.04	0.000000	0.000000	0.000000	0.992593	21.37
1.30	6.41	0.000000	0.000000	0.000000	0.992593	21.37
1.30	6.78	0.052239	0.000000	0.000000	0.992593	21.37
1.30	7.14	0.057836	0.006093	0.000642	0.992593	21.37
1.30	7.51	0.085821	0.000000	0.000000	0.992593	21.37
1.30	7.88	0.073694	0.023321	0.007380	0.992593	21.37
1.30	8.24	0.064232	0.025265	0.009938	0.992593	21.37
1.30	8.61	0.101161	0.044904	0.019932	0.992593	21.37
1.30	8.98	0.090931	0.062051	0.042344	0.992593	21.37
1.30	9.35	0.163727	0.127939	0.099975	0.992593	21.37
1.30	9.71	0.291615	0.221279	0.167907	0.992593	21.37
1.30	10.08	0.508337	0.240029	0.113338	0.992593	21.37
1.30	10.45	0.595875	0.248095	0.103296	0.992593	21.37
1.30	10.82	0.641846	0.233600	0.085019	0.992593	21.37
1.30	11.18	0.743470	0.172010	0.039796	0.992593	21.37
1.30	11.55	0.736335	0.200740	0.054726	0.992593	21.37
1.30	11.92	0.732731	0.227510	0.070641	0.992593	21.37
1.30	12.29	0.735744	0.227413	0.070292	0.992593	21.37
1.30	12.65	0.711576	0.265002	0.098691	0.992593	21.37
1.30	13.02	0.662512	0.308263	0.143433	0.992593	21.37
1.30	13.39	0.710489	0.276936	0.107944	0.992593	21.37
1.30	13.76	0.743428	0.241325	0.078337	0.992593	21.37
1.30	14.12	0.795354	0.163142	0.033463	0.992593	21.37
1.30	14.49	0.679142	0.307405	0.139143	0.992593	21.37
1.30	14.86	0.740226	0.258996	0.090620	0.992593	21.37
1.30	15.22	0.727107	0.273256	0.102693	0.992593	21.37
1.30	15.59	0.696541	0.302851	0.131677	0.992593	21.37
1.30	15.96	0.742799	0.268723	0.097216	0.992593	21.37
1.30	16.33	0.772816	0.237655	0.073083	0.992593	21.37
1.30	16.69	0.760889	0.253940	0.084750	0.992593	21.37
1.30	17.06	0.747842	0.268082	0.096100	0.992593	21.37
1.30	17.43	0.741952	0.261646	0.092268	0.992593	21.37
1.30	17.80	0.731953	0.278768	0.106170	0.992593	21.37
1.30	18.16	0.721839	0.287984	0.114894	0.992593	21.37
1.30	18.53	0.751579	0.262084	0.091391	0.992593	21.37
1.30	18.90	0.699729	0.309846	0.137203	0.992593	21.37
1.30	19.27	0.722226	0.292734	0.118651	0.992593	21.37
1.30	19.63	0.738947	0.278621	0.105054	0.992593	21.37
1.30	20.00	0.794852	0.217288	0.059400	0.992593	21.37
1.30	20.37	0.741676	0.279510	0.105337	0.992593	21.37
1.30	20.73	0.786811	0.232989	0.068992	0.992593	21.37
1.30	21.10	0.784972	0.234016	0.069765	0.992593	21.37
1.30	21.47	0.800597	0.212838	0.056583	0.992593	21.37
1.30	21.84	0.813509	0.189764	0.044265	0.992593	21.37
1.30	22.20	0.771958	0.240858	0.075150	0.992593	21.37
1.30	22.57	0.818687	0.172035	0.036151	0.992593	21.37
1.30	22.94	0.828929	0.153286	0.028346	0.992593	21.37
1.30	23.31	0.809776	0.194136	0.046542	0.992593	21.37
1.30	23.67	0.794704	0.223498	0.062855	0.992593	21.37
1.30	24.04	0.814664	0.188294	0.043521	0.992593	21.37
1.30	24.41	0.829462	0.157614	0.029950	0.992593	21.37
1.30	24.78	0.772973	0.252715	0.082623	0.992593	21.37
1.30	25.14	0.802278	0.216101	0.058209	0.992593	21.37
1.30	25.51	0.759259	0.259420	0.088637	0.992593	21.37
1.30	25.88	0.854232	0.020681	0.000501	0.992593	21.37
1.30	26.24	0.852864	0.020029	0.000470	0.992593	21.37
1.30	26.61	0.838840	0.086093	0.008836	0.992593	21.37
1.30	26.98	0.844554	0.114506	0.015525	0.992593	21.37
1.30	27.35	0.848503	0.018796	0.000416	0.992593	21.37
1.30	27.71	0.849400	0.019017	0.000426	0.992593	21.37
1.30	28.08	0.833527	0.125021	0.018752	0.992593	21.37
1.30	28.45	0.815641	0.190104	0.044308	0.992593	21.37
1.30	28.82	0.838680	0.087226	0.009072	0.992593	21.37
1.30	29.18	0.849600	0.020894	0.000514	0.992593	21.37
1.30	29.55	0.851721	0.018400	0.000398	0.992593	21.37
1.30	29.92	0.848999	0.021452	0.000542	0.992593	21.37
1.33	2.00	0.000000	0.000000	0.000000	0.992593	21.54
1.33	2.37	0.000000	0.000000	0.000000	0.992593	21.54
1.33	2.73	0.000000	0.000000	0.000000	0.992593	21.54
1.33	3.10	0.000000	0.000000	0.000000	0.992593	21.54
1.33	3.47	0.000000	0.000000	0.000000	0.992593	21.54
1.33	3.84	0.000000	0.000000	0.000000	0.992593	21.54
1.33	4.20	0.000000	0.000000	0.000000	0.992593	21.54
1.33	4.57	0.000000	0.000000	0.000000	0.992593	21.54
1.33	4.94	0.000000	0.000000	0.000000	0.992593	21.54
1.33	5.31	0.000000	0.000000	0.000000	0.992593	21.54
1.33	5.67	0.000000	0.000000	0.000000	0.992593	21.54
1.33	6.04	0.050373	0.000000	0.000000	0.992593	21.54
1.33	6.41	0.052239	0.001866	0.000067	0.992593	21.54
1.33	6.78	0.053172	0.002799	0.000147	0.992593	21.54
1.33	7.14	0.054104	0.003958	0.000290	0.992593	21.54
1.33	7.51	0.058209	0.005829	0.000584	0.992593	21.54
1.33	7.88	0.055737	0.010735	0.002068	0.992593	21.54
1.33	8.24	0.070709	0.024560	0.008530	0.992593	21.54
1.33	8.61	0.066819	0.026075	0.010175	0.992593	21.54
1.33	8.98	0.086154	0.044568	0.023055	0.992593	21.54
1.33	9.35	0.233562	0.169401	0.122866	0.992593	21.54
1.33	9.71	0.337253	0.239298	0.169795	0.992593	21.54
1.33	10.08	0.508199	0.245525	0.118620	0.992593	21.54
1.33	10.45	0.632632	0.232856	0.085708	0.992593	21.54
1.33	10.82	0.775578	0.031715	0.001297	0.992593	21.54
1.33	11.18	0.772772	0.126157	0.020595	0.992593	21.54
1.33	11.55	0.785874	0.125838	0.020150	0.992593	21.54
1.33	11.92	0.815032	0.009228	0.000104	0.992593	21.54
1.33	12.29	0.745790	0.229021	0.070329	0.992593	21.54
1.33	12.65	0.786086	0.167839	0.035836	0.992593	21.54
1.33	13.02	0.774254	0.196263	0.049750	0.992593	21.54
1.33	13.39	0.764969	0.222974	0.064992	0.992593	21.54
1.33	13.76	0.756633	0.244465	0.078985	0.992593	21.54
1.33	14.12	0.791435	0.195733	0.048407	0.992593	21.54
1.33	14.49	0.730986	0.262647	0.094370	0.992593	21.54
1.33	14.86	0.747785	0.243674	0.079404	0.992593	21.54
1.33	15.22	0.733399	0.271530	0.100530	0.992593	21.54
1.33	15.59	0.752138	0.256143	0.087230	0.992593	21.54
1.33	15.96	0.711626	0.295437	0.122653	0.992593	21.54
1.33	16.33	0.771572	0.240045	0.074681	0.992593	21.54
1.33	16.69	0.733173	0.279681	0.106689	0.992593	21.54
1.33	17.06	0.708674	0.300858	0.127725	0.992593	21.54
1.33	17.43	0.720221	0.293667	0.119741	0.992593	21.54
1.33	17.80	0.711823	0.302641	0.128672	0.992593	21.54
1.33	18.16	0.759219	0.251741	0.083472	0.992593	21.54
1.33	18.53	0.759580	0.247982	0.080959	0.992593	21.54
1.33	18.90	0.699389	0.307803	0.135465	0.992593	21.54
1.33	19.27	0.750732	0.270091	0.097171	0.992593	21.54
1.33	19.63	0.776194	0.234350	0.070755	0.992593	21.54
1.33	20.00	0.776828	0.234631	0.070867	0.992593	21.54
1.33	20.37	0.743677	0.275472	0.102040	0.992593	21.54
1.33	20.73	0.767815	0.253950	0.083992	0.992593	21.54
1.33	21.10	0.829859	0.162773	0.031927	0.992593	21.54
1.33	21.47	0.815793	0.190467	0.044469	0.992593	21.54
1.33	21.84	0.849773	0.107544	0.013610	0.992593	21.54
1.33	22.20	0.851517	0.106959	0.013435	0.992593	21.54
1.33	22.57	0.786632	0.233150	0.069103	0.992593	21.54
1.33	22.94	0.744573	0.277203	0.103202	0.992593	21.54
1.33	23.31	0.785265	0.235259	0.070482	0.992593	21.54
1.33	23.67	0.811157	0.187743	0.043453	0.992593	21.54
1.33	24.04	0.748803	0.256642	0.087960	0.992593	21.54
1.33	24.41	0.771121	0.243967	0.077186	0.992593	21.54
1.33	24.78	0.786668	0.223497	0.063497	0.992593	21.54
1.33	25.14	0.851517	0.020956	0.000516	0.992593	21.54
1.33	25.51	0.771912	0.254877	0.084157	0.992593	21.54
1.33	25.88	0.815337	0.190478	0.044499	0.992593	21.54
1.33	26.24	0.848305	0.017752	0.000371	0.992593	21.54
1.33	26.61	0.853332	0.021696	0.000552	0.992593	21.54
1.33	26.98	0.853985	0.022090	0.000571	0.992593	21.54
1.33	27.35	0.852484	0.023112	0.000627	0.992593	21.54
1.33	27.71	0.847555	0.087985	0.009134	0.992593	21.54
1.33	28.08	0.835868	0.103770	0.012883	0.992593	21.54
1.33	28.45	0.852461	0.021388	0.000537	0.992593	21.54
1.33	28.82	0.850792	0.019480	0.000446	0.992593	21.54
1.33	29.18	0.848993	0.019161	0.000432	0.992593	21.54
1.33	29.55	0.850014	0.021448	0.000541	0.992593	21.54
1.33	29.92	0.838859	0.082673	0.008148	0.992593	21.54
1.36	2.00	0.000000	0.000000	0.000000	0.992593	21.71
1.36	2.37	0.000000	0.000000	0.000000	0.992593	21.71
1.36	2.73	0.000000	0.000000	0.000000	0.992593	21.71
1.36	3.10	0.000000	0.000000	0.000000	0.992593	21.71
1.36	3.47	0.000000	0.000000	0.000000	0.992593	21.71
1.36	3.84	0.000000	0.000000	0.000000	0.992593	21.71
1.36	4.20	0.000000	0.000000	0.000000	0.992593	21.71
1.36	4.57	0.000000	0.000000	0.000000	0.992593	21.71
1.36	4.94	0.000000	0.000000	0.000000	0.992593	21.71
1.36	5.31	0.000000	0.000000	0.000000	0.992593	21.71
1.36	5.67	0.000000	0.000000	0.000000	0.992593	21.71
1.36	6.04	0.000000	0.000000	0.000000	0.992593	21.71
1.36	6.41	0.000000	0.000000	0.000000	0.992593	21.71
1.36	6.78	0.000000	0.000000	0.000000	0.992593	21.71
1.36	7.14	0.000000	0.000000	0.000000	0.992593	21.71
1.36	7.51	0.054104	0.000000	0.000000	0.992593	21.71
1.36	7.88	0.082090	0.016477	0.003307	0.992593	21.71
1.36	8.24	0.062396	0.016362	0.004291	0.992593	21.71
1.36	8.61	0.089722	0.039460	0.017355	0.992593	21.71
1.36	8.98	0.095373	0.073700	0.056952	0.992593	21.71
1.36	9.35	0.170243	0.142875	0.119908	0.992593	21.71
1.36	9.71	0.440683	0.298342	0.201978	0.992593	21.71
1.36	10.08	0.620576	0.216836	0.075765	0.992593	21.71
1.36	10.45	0.642377	0.266084	0.110217	0.992593	21.71
1.36	10.82	0.705864	0.231590	0.075983	0.992593	21.71
1.36	11.18	0.716692	0.243357	0.082633	0.992593	21.71
1.36	11.55	0.688979	0.282557	0.115880	0.992593	21.71
1.36	11.92	0.726272	0.254144	0.088932	0.992593	21.71
1.36	12.29	0.761101	0.196295	0.050626	0.992593	21.71
1.36	12.65	0.750410	0.222293	0.065850	0.992593	21.71
1.36	13.02	0.769840	0.198058	0.050955	0.992593	21.71
1.36	13.39	0.727736	0.256390	0.090330	0.992593	21.71
1.36	13.76	0.698500	0.299815	0.128689	0.992593	21.71
1.36	14.12	0.688843	0.302068	0.132462	0.992593	21.71
1.36	14.49	0.708736	0.292226	0.120491	0.992593	21.71
1.36	14.86	0.815008	0.153951	0.029081	0.992593	21.71
1.36	15.22	0.770367	0.231743	0.069713	0.992593	21.71
1.36	15.59	0.722856	0.279565	0.108122	0.992593	21.71
1.36	15.96	0.714623	0.290615	0.118184	0.992593	21.71
1.36	16.33	0.748354	0.266138	0.094647	0.992593	21.71
1.36	16.69	0.764664	0.255486	0.085362	0.992593	21.71
1.36	17.06	0.729616	0.283166	0.109898	0.992593	21.71
1.36	17.43	0.727392	0.275397	0.104268	0.992593	21.71
1.36	17.80	0.761308	0.244060	0.078241	0.992593	21.71
1.36	18.16	0.811567	0.173193	0.036960	0.992593	21.71
1.36	18.53	0.756960	0.246721	0.080415	0.992593	21.71
1.36	18.90	0.750669	0.267656	0.095434	0.992593	21.71
1.36	19.27	0.762401	0.252497	0.083623	0.992593	21.71
1.36	19.63	0.767565	0.236601	0.072932	0.992593	21.71
1.36	20.00	0.769009	0.235289	0.071990	0.992593	21.71
1.36	20.37	0.807097	0.191218	0.045303	0.992593	21.71
1.36	20.73	0.777388	0.235497	0.071340	0.992593	21.71
1.36	21.10	0.779776	0.231049	0.068460	0.992593	21.71
1.36	21.47	0.808521	0.184697	0.042192	0.992593	21.71
1.36	21.84	0.769664	0.251736	0.082336	0.992593	21.71
1.36	22.20	0.803191	0.211937	0.055924	0.992593	21.71
1.36	22.57	0.816503	0.181848	0.040500	0.992593	21.71
1.36	22.94	0.834266	0.146713	0.025801	0.992593	21.71
1.36	23.31	0.820788	0.183802	0.041160	0.992593	21.71
1.36	23.67	0.835393	0.146862	0.025818	0.992593	21.71
1.36	24.04	0.829017	0.149007	0.026782	0.992593	21.71
1.36	24.41	0.779196	0.240677	0.074340	0.992593	21.71
1.36	24.78	0.833582	0.131315	0.020686	0.992593	21.71
1.36	25.14	0.789237	0.201220	0.051302	0.992593	21.71
1.36	25.51	0.829192	0.161700	0.031533	0.992593	21.71
1.36	25.88	0.783507	0.237463	0.071970	0.992593	21.71
1.36	26.24	0.786493	0.230307	0.067440	0.992593	21.71
1.36	26.61	0.801889	0.208603	0.054266	0.992593	21.71
1.36	26.98	0.865120	0.025424	0.000747	0.992593	21.71
1.36	27.35	0.847040	0.018296	0.000395	0.992593	21.71
1.36	27.71	0.846159	0.017864	0.000377	0.992593	21.71
1.36	28.08	0.854120	0.021708	0.000552	0.992593	21.71
1.36	28.45	0.844417	0.088285	0.009230	0.992593	21.71
1.36	28.82	0.847526	0.019447	0.000446	0.992593	21.71
1.36	29.18	0.844113	0.016489	0.000322	0.992593	21.71
1.36	29.55	0.837343	0.086825	0.009003	0.992593	21.71
1.36	29.92	0.844007	0.018489	0.000405	0.992593	21.71
1.39	2.00	0.000000	0.000000	0.000000	0.992593	21.85
1.39	2.37	0.000000	0.000000	0.000000	0.992593	21.85
1.39	2.73	0.000000	0.000000	0.000000	0.992593	21.85
1.39	3.10	0.000000	0.000000	0.000000	0.992593	21.85
1.39	3.47	0.000000	0.000000	0.000000	0.992593	21.85
1.39	3.84	0.000000	0.000000	0.000000	0.992593	21.85
1.39	4.20	0.000000	0.000000	0.000000	0.992593	21.85
1.39	4.57	0.000000	0.000000	0.000000	0.992593	21.85
1.39	4.94	0.000000	0.000000	0.000000	0.992593	21.85
1.39	5.31	0.000000	0.000000	0.000000	0.992593	21.85
1.39	5.67	0.000000	0.000000	0.000000	0.992593	21.85
1.39	6.04	0.000000	0.000000	0.000000	0.992593	21.85
1.39	6.41	0.000000	0.000000	0.000000	0.992593	21.85
1.39	6.78	0.000000	0.000000	0.000000	0.992593	21.85
1.39	7.14	0.052861	0.000879	0.000015	0.992593	21.85
1.39	7.51	0.059080	0.007667	0.000995	0.992593	21.85
1.39	7.88	0.063200	0.018051	0.005156	0.992593	21.85
1.39	8.24	0.094450	0.057978	0.035590	0.992593	21.85
1.39	8.61	0.118781	0.064430	0.034948	0.992593	21.85
1.39	8.98	0.175734	0.159770	0.145256	0.992593	21.85
1.39	9.35	0.238636	0.234843	0.231110	0.992593	21.85
1.39	9.71	0.421891	0.288595	0.197413	0.992593	21.85
1.39	10.08	0.573327	0.275002	0.131907	0.992593	21.85
1.39	10.45	0.688974	0.160222	0.037260	0.992593	21.85
1.39	10.82	0.717910	0.201389	0.056494	0.992593	21.85
1.39	11.18	0.716107	0.232723	0.075631	0.992593	21.85
1.39	11.55	0.747201	0.208250	0.058041	0.992593	21.85
1.39	11.92	0.764064	0.201105	0.052932	0.992593	21.85
1.39	12.29	0.752892	0.230238	0.070408	0.992593	21.85
1.39	12.65	0.745184	0.245464	0.080856	0.992593	21.85
1.39	13.02	0.779942	0.200835	0.051715	0.992593	21.85
1.39	13.39	0.718608	0.275189	0.105383	0.992593	21.85
1.39	13.76	0.711456	0.290958	0.118991	0.992593	21.85
1.39	14.12	0.762938	0.237312	0.073816	0.992593	21.85
1.39	14.49	0.750357	0.260048	0.090124	0.992593	21.85
1.39	14.86	0.817291	0.159717	0.031212	0.992593	21.85
1.39	15.22	0.735113	0.271758	0.100464	0.992593	21.85
1.39	15.59	0.768540	0.238297	0.073888	0.992593	21.85
1.39	15.96	0.742271	0.273372	0.100680	0.992593	21.85
1.39	16.33	0.758871	0.253970	0.084996	0.992593	21.85
1.39	16.69	0.690264	0.313207	0.142118	0.992593	21.85
1.39	17.06	0.711187	0.296089	0.123271	0.992593	21.85
1.39	17.43	0.748098	0.270816	0.098037	0.992593	21.85
1.39	17.80	0.717662	0.296359	0.122382	0.992593	21.85
1.39	18.16	0.692411	0.312875	0.141377	0.992593	21.85
1.39	18.53	0.768693	0.245859	0.078636	0.992593	21.85
1.39	18.90	0.785594	0.226567	0.065342	0.992593	21.85
1.39	19.27	0.795864	0.212696	0.056843	0.992593	21.85
1.39	19.63	0.797687	0.210000	0.055285	0.992593	21.85
1.39	20.00	0.752276	0.266671	0.094531	0.992593	21.85
1.39	20.37	0.756386	0.263820	0.092018	0.992593	21.85
1.39	20.73	0.815336	0.185914	0.042392	0.992593	21.85
1.39	21.10	0.847372	0.105148	0.013047	0.992593	21.85
1.39	21.47	0.780041	0.235865	0.071320	0.992593	21.85
1.39	21.84	0.771383	0.250355	0.081254	0.992593	21.85
1.39	22.20	0.745820	0.273648	0.100404	0.992593	21.85
1.39	22.57	0.800154	0.210194	0.055216	0.992593	21.85
1.39	22.94	0.833308	0.158847	0.030280	0.992593	21.85
1.39	23.31	0.853389	0.097886	0.011228	0.992593	21.85
1.39	23.67	0.832517	0.155914	0.029200	0.992593	21.85
1.39	24.04	0.819146	0.191885	0.044949	0.992593	21.85
1.39	24.41	0.716522	0.301782	0.127104	0.992593	21.85
1.39	24.78	0.833917	0.154204	0.028515	0.992593	21.85
1.39	25.14	0.817724	0.185911	0.042267	0.992593	21.85
1.39	25.51	0.832008	0.152435	0.027928	0.992593	21.85
1.39	25.88	0.852323	0.022757	0.000608	0.992593	21.85
1.39	26.24	0.851455	0.112940	0.014981	0.992593	21.85
1.39	26.61	0.831118	0.159172	0.030484	0.992593	21.85
1.39	26.98	0.836392	0.142562	0.024300	0.992593	21.85
1.39	27.35	0.815401	0.173016	0.036711	0.992593	21.85
1.39	27.71	0.849153	0.018933	0.000422	0.992593	21.85
1.39	28.08	0.873549	0.025359	0.000736	0.992593	21.85
1.39	28.45	0.859189	0.024214	0.000682	0.992593	21.85
1.39	28.82	0.855744	0.021674	0.000549	0.992593	21.85
1.39	29.18	0.850373	0.019409	0.000443	0.992593	21.85
1.39	29.55	0.843665	0.081521	0.007877	0.992593	21.85
1.39	29.92	0.847393	0.017871	0.000377	0.992593	21.85
1.41	2.00	0.000000	0.000000	0.000000	0.992593	22.01
1.41	2.37	0.000000	0.000000	0.000000	0.992593	22.01
1.41	2.73	0.000000	0.000000	0.000000	0.992593	22.01
1.41	3.10	0.000000	0.000000	0.000000	0.992593	22.01
1.41	3.47	0.000000	0.000000	0.000000	0.992593	22.01
1.41	3.84	0.000000	0.000000	0.000000	0.992593	22.01
1.41	4.20	0.000000	0.000000	0.000000	0.992593	22.01
1.41	4.57	0.000000	0.000000	0.000000	0.992593	22.01
1.41	4.94	0.000000	0.000000	0.000000	0.992593	22.01
1.41	5.31	0.000000	0.000000	0.000000	0.992593	22.01
1.41	5.67	0.050373	0.000000	0.000000	0.992593	22.01
1.41	6.04	0.050373	0.000000	0.000000	0.992593	22.01
1.41	6.41	0.050373	0.000000	0.000000	0.992593	22.01
1.41	6.78	0.052239	0.001523	0.000044	0.992593	22.01
1.41	7.14	0.054104	0.000000	0.000000	0.992593	22.01
1.41	7.51	0.057836	0.004030	0.000281	0.992593	22.01
1.41	7.88	0.065532	0.017808	0.004839	0.992593	22.01
1.41	8.24	0.083156	0.038576	0.017896	0.992593	22.01
1.41	8.61	0.089891	0.038719	0.016677	0.992593	22.01
1.41	8.98	0.143812	0.107303	0.080062	0.992593	22.01
1.41	9.35	0.250836	0.179885	0.129002	0.992593	22.01
1.41	9.71	0.406308	0.291504	0.209138	0.992593	22.01
1.41	10.08	0.571558	0.268803	0.126418	0.992593	22.01
1.41	10.45	0.643710	0.229115	0.081548	0.992593	22.01
1.41	10.82	0.728600	0.208255	0.059525	0.992593	22.01
1.41	11.18	0.782112	0.129883	0.021569	0.992593	22.01
1.41	11.55	0.734191	0.230477	0.072351	0.992593	22.01
1.41	11.92	0.786479	0.169522	0.036540	0.992593	22.01
1.41	12.29	0.807345	0.120212	0.017899	0.992593	22.01
1.41	12.65	0.773297	0.204153	0.053897	0.992593	22.01
1.41	13.02	0.758919	0.227536	0.068219	0.992593	22.01
1.41	13.39	0.749873	0.245755	0.080541	0.992593	22.01
1.41	13.76	0.746666	0.257082	0.088515	0.992593	22.01
1.41	14.12	0.798719	0.187424	0.043980	0.992593	22.01
1.41	14.49	0.762562	0.242058	0.076836	0.992593	22.01
1.41	14.86	0.734440	0.267518	0.097443	0.992593	22.01
1.41	15.22	0.667544	0.323730	0.156995	0.992593	22.01
1.41	15.59	0.692877	0.304752	0.134041	0.992593	22.01
1.41	15.96	0.755752	0.260291	0.089647	0.992593	22.01
1.41	16.33	0.700452	0.306480	0.134099	0.992593	22.01
1.41	16.69	0.788465	0.219410	0.061056	0.992593	22.01
1.41	17.06	0.732563	0.281525	0.108191	0.992593	22.01
1.41	17.43	0.788341	0.215257	0.058776	0.992593	22.01
1.41	17.80	0.736474	0.281192	0.107362	0.992593	22.01
1.41	18.16	0.738294	0.284066	0.109297	0.992593	22.01
1.41	18.53	0.809622	0.189121	0.044177	0.992593	22.01
1.41	18.90	0.777490	0.232507	0.069531	0.992593	22.01
1.41	19.27	0.755139	0.264460	0.092618	0.992593	22.01
1.41	19.63	0.732056	0.289143	0.114204	0.992593	22.01
1.41	20.00	0.767230	0.251863	0.082681	0.992593	22.01
1.41	20.37	0.784443	0.232773	0.069072	0.992593	22.01
1.41	20.73	0.813104	0.183541	0.041431	0.992593	22.01
1.41	21.10	0.815746	0.181812	0.040522	0.992593	22.01
1.41	21.47	0.773680	0.247074	0.078903	0.992593	22.01
1.41	21.84	0.773321	0.251117	0.081544	0.992593	22.01
1.41	22.20	0.775059	0.242578	0.075922	0.992593	22.01
1.41	22.57	0.762199	0.260824	0.089254	0.992593	22.01
1.41	22.94	0.801500	0.208835	0.054413	0.992593	22.01
1.41	23.31	0.798622	0.217490	0.059229	0.992593	22.01
1.41	23.67	0.753475	0.272670	0.098675	0.992593	22.01
1.41	24.04	0.744473	0.281393	0.106360	0.992593	22.01
1.41	24.41	0.758396	0.269464	0.095742	0.992593	22.01
1.41	24.78	0.863806	0.025174	0.000734	0.992593	22.01
1.41	25.14	0.844855	0.105041	0.013060	0.992593	22.01
1.41	25.51	0.849511	0.019444	0.000445	0.992593	22.01
1.41	25.88	0.852661	0.019129	0.000429	0.992593	22.01
1.41	26.24	0.810984	0.187373	0.043291	0.992593	22.01
1.41	26.61	0.783582	0.228012	0.066348	0.992593	22.01
1.41	26.98	0.852837	0.019285	0.000436	0.992593	22.01
1.41	27.35	0.853909	0.023078	0.000624	0.992593	22.01
1.41	27.71	0.844193	0.086043	0.008770	0.992593	22.01
1.41	28.08	0.847971	0.018554	0.000406	0.992593	22.01
1.41	28.45	0.849735	0.018518	0.000404	0.992593	22.01
1.41	28.82	0.826870	0.139056	0.023385	0.992593	22.01
1.41	29.18	0.835915	0.112474	0.015134	0.992593	22.01
1.41	29.55	0.850920	0.018751	0.000413	0.992593	22.01
1.41	29.92	0.853954	0.021775	0.000555	0.992593	22.01
1.44	2.00	0.000000	0.000000	0.000000	0.992593	22.19
1.44	2.37	0.000000	0.000000	0.000000	0.992593	22.19
1.44	2.73	0.000000	0.000000	0.000000	0.992593	22.19
1.44	3.10	0.000000	0.000000	0.000000	0.992593	22.19
1.44	3.47	0.000000	0.000000	0.000000	0.992593	22.19
1.44	3.84	0.000000	0.000000	0.000000	0.992593	22.19
1.44	4.20	0.000000	0.000000	0.000000	0.992593	22.19
1.44	4.57	0.000000	0.000000	0.000000	0.992593	22.19
1.44	4.94	0.000000	0.000000	0.000000	0.992593	22.19
1.44	5.31	0.000000	0.000000	0.000000	0.992593	22.19
1.44	5.67	0.000000	0.000000	0.000000	0.992593	22.19
1.44	6.04	0.000000	0.000000	0.000000	0.992593	22.19
1.44	6.41	0.000000	0.000000	0.000000	0.992593	22.19
1.44	6.78	0.052239	0.000000	0.000000	0.992593	22.19
1.44	7.14	0.000000	0.000000	0.000000	0.992593	22.19
1.44	7.51	0.079602	0.037448	0.017617	0.992593	22.19
1.44	7.88	0.076493	0.036560	0.017474	0.992593	22.19
1.44	8.24	0.073383	0.041476	0.023442	0.992593	22.19
1.44	8.61	0.079851	0.057907	0.041993	0.992593	22.19
1.44	8.98	0.225124	0.202036	0.181315	0.992593	22.19
1.44	9.35	0.283582	0.251740	0.223473	0.992593	22.19
1.44	9.71	0.397388	0.296266	0.220877	0.992593	22.19
1.44	10.08	0.589028	0.295293	0.148037	0.992593	22.19
1.44	10.45	0.778527	0.133326	0.022833	0.992593	22.19
1.44	10.82	0.764869	0.178397	0.041609	0.992593	22.19
1.44	11.18	0.810380	0.019158	0.000453	0.992593	22.19
1.44	11.55	0.796953	0.125877	0.019882	0.992593	22.19
1.44	11.92	0.784288	0.167184	0.035638	0.992593	22.19
1.44	12.29	0.751957	0.226463	0.068203	0.992593	22.19
1.44	12.65	0.792815	0.168534	0.035827	0.992593	22.19
1.44	13.02	0.795504	0.163396	0.033561	0.992593	22.19
1.44	13.39	0.796278	0.166818	0.034948	0.992593	22.19
1.44	13.76	0.782411	0.196608	0.049405	0.992593	22.19
1.44	14.12	0.819394	0.118653	0.017182	0.992593	22.19
1.44	14.49	0.743105	0.261877	0.092288	0.992593	22.19
1.44	14.86	0.747618	0.258829	0.089608	0.992593	22.19
1.44	15.22	0.709067	0.297880	0.125139	0.992593	22.19
1.44	15.59	0.680231	0.320956	0.151438	0.992593	22.19
1.44	15.96	0.723594	0.293449	0.119006	0.992593	22.19
1.44	16.33	0.786218	0.218390	0.060663	0.992593	22.19
1.44	16.69	0.783339	0.217710	0.060507	0.992593	22.19
1.44	17.06	0.804429	0.192002	0.045827	0.992593	22.19
1.44	17.43	0.709577	0.302530	0.128984	0.992593	22.19
1.44	17.80	0.709854	0.303319	0.129607	0.992593	22.19
1.44	18.16	0.753292	0.271586	0.097915	0.992593	22.19
1.44	18.53	0.766681	0.254631	0.084569	0.992593	22.19
1.44	18.90	0.692864	0.315427	0.143599	0.992593	22.19
1.44	19.27	0.705924	0.309574	0.135760	0.992593	22.19
1.44	19.63	0.728821	0.289595	0.115069	0.992593	22.19
1.44	20.00	0.757885	0.262942	0.091225	0.992593	22.19
1.44	20.37	0.726979	0.296298	0.120763	0.992593	22.19
1.44	20.73	0.735731	0.281620	0.107797	0.992593	22.19
1.44	21.10	0.774825	0.232306	0.069649	0.992593	22.19
1.44	21.47	0.761045	0.246653	0.079940	0.992593	22.19
1.44	21.84	0.804409	0.212530	0.056152	0.992593	22.19
1.44	22.20	0.759067	0.264283	0.092015	0.992593	22.19
1.44	22.57	0.766932	0.253490	0.083785	0.992593	22.19
1.44	22.94	0.822878	0.177417	0.038252	0.992593	22.19
1.44	23.31	0.801850	0.219912	0.060312	0.992593	22.19
1.44	23.67	0.848365	0.117063	0.016153	0.992593	22.19
1.44	24.04	0.782935	0.238365	0.072570	0.992593	22.19
1.44	24.41	0.816822	0.179614	0.039496	0.992593	22.19
1.44	24.78	0.798433	0.214533	0.057643	0.992593	22.19
1.44	25.14	0.770092	0.250792	0.081674	0.992593	22.19
1.44	25.51	0.770809	0.251542	0.082087	0.992593	22.19
1.44	25.88	0.847909	0.115523	0.015739	0.992593	22.19
1.44	26.24	0.830300	0.158076	0.030095	0.992593	22.19
1.44	26.61	0.843284	0.101557	0.012230	0.992593	22.19
1.44	26.98	0.851998	0.019843	0.000462	0.992593	22.19
1.44	27.35	0.833282	0.126389	0.019170	0.992593	22.19
1.44	27.71	0.840165	0.091978	0.010069	0.992593	22.19
1.44	28.08	0.845307	0.087244	0.009004	0.992593	22.19
1.44	28.45	0.848507	0.018383	0.000398	0.992593	22.19
1.44	28.82	0.851506	0.019510	0.000447	0.992593	22.19
1.44	29.18	0.850682	0.019701	0.000456	0.992593	22.19
1.44	29.55	0.852294	0.020220	0.000480	0.992593	22.19
1.44	29.92	0.851866	0.018364	0.000396	0.992593	22.19
1.47	2.00	0.000000	0.000000	0.000000	0.992593	22.33
1.47	2.37	0.000000	0.000000	0.000000	0.992593	22.33
1.47	2.73	0.000000	0.000000	0.000000	0.992593	22.33
1.47	3.10	0.000000	0.000000	0.000000	0.992593	22.33
1.47	3.47	0.000000	0.000000	0.000000	0.992593	22.33
1.47	3.84	0.000000	0.000000	0.000000	0.992593	22.33
1.47	4.20	0.000000	0.000000	0.000000	0.992593	22.33
1.47	4.57	0.000000	0.000000	0.000000	0.992593	22.33
1.47	4.94	0.000000	0.000000	0.000000	0.992593	22.33
1.47	5.31	0.000000	0.000000	0.000000	0.992593	22.33
1.47	5.67	0.000000	0.000000	0.000000	0.992593	22.33
1.47	6.04	0.000000	0.000000	0.000000	0.992593	22.33
1.47	6.41	0.052239	0.000000	0.000000	0.992593	22.33
1.47	6.78	0.000000	0.000000	0.000000	0.992593	22.33
1.47	7.14	0.055970	0.000000	0.000000	0.992593	22.33
1.47	7.51	0.000000	0.000000	0.000000	0.992593	22.33
1.47	7.88	0.058458	0.002327	0.000093	0.992593	22.33
1.47	8.24	0.085588	0.034464	0.013878	0.992593	22.33
1.47	8.61	0.107076	0.092134	0.079276	0.992593	22.33
1.47	8.98	0.140826	0.108232	0.083182	0.992593	22.33
1.47	9.35	0.253213	0.216844	0.185699	0.992593	22.33
1.47	9.71	0.427294	0.270899	0.171746	0.992593	22.33
1.47	10.08	0.521710	0.279625	0.149873	0.992593	22.33
1.47	10.45	0.657090	0.255320	0.099207	0.992593	22.33
1.47	10.82	0.768547	0.127594	0.021183	0.992593	22.33
1.47	11.18	0.724889	0.230632	0.073379	0.992593	22.33
1.47	11.55	0.784256	0.169150	0.036483	0.992593	22.33
1.47	11.92	0.787313	0.172364	0.037735	0.992593	22.33
1.47	12.29	0.791143	0.171161	0.037030	0.992593	22.33
1.47	12.65	0.690340	0.290713	0.122423	0.992593	22.33
1.47	13.02	0.654229	0.319871	0.156394	0.992593	22.33
1.47	13.39	0.734994	0.257345	0.090105	0.992593	22.33
1.47	13.76	0.738198	0.257564	0.089867	0.992593	22.33
1.47	14.12	0.727651	0.272308	0.101906	0.992593	22.33
1.47	14.49	0.747124	0.256368	0.087970	0.992593	22.33
1.47	14.86	0.710000	0.295259	0.122786	0.992593	22.33
1.47	15.22	0.740443	0.271041	0.099215	0.992593	22.33
1.47	15.59	0.773658	0.242135	0.075782	0.992593	22.33
1.47	15.96	0.742887	0.275235	0.101973	0.992593	22.33
1.47	16.33	0.779493	0.240484	0.074192	0.992593	22.33
1.47	16.69	0.814782	0.194819	0.046582	0.992593	22.33
1.47	17.06	0.832367	0.161643	0.031391	0.992593	22.33
1.47	17.43	0.712134	0.303762	0.129571	0.992593	22.33
1.47	17.80	0.782799	0.227205	0.065945	0.992593	22.33
1.47	18.16	0.740772	0.268347	0.097209	0.992593	22.33
1.47	18.53	0.790496	0.218123	0.060187	0.992593	22.33
1.47	18.90	0.759017	0.264499	0.092172	0.992593	22.33
1.47	19.27	0.720649	0.300818	0.125570	0.992593	22.33
1.47	19.63	0.783097	0.237886	0.072264	0.992593	22.33
1.47	20.00	0.782761	0.235661	0.070949	0.992593	22.33
1.47	20.37	0.759109	0.263919	0.091757	0.992593	22.33
1.47	20.73	0.762778	0.265443	0.092373	0.992593	22.33
1.47	21.10	0.758202	0.257093	0.087176	0.992593	22.33
1.47	21.47	0.764230	0.248209	0.080614	0.992593	22.33
1.47	21.84	0.822127	0.187386	0.042711	0.992593	22.33
1.47	22.20	0.792398	0.232562	0.068255	0.992593	22.33
1.47	22.57	0.829859	0.160239	0.030941	0.992593	22.33
1.47	22.94	0.794975	0.217350	0.059424	0.992593	22.33
1.47	23.31	0.823833	0.185469	0.041755	0.992593	22.33
1.47	23.67	0.823793	0.184291	0.041228	0.992593	22.33
1.47	24.04	0.851720	0.118432	0.016468	0.992593	22.33
1.47	24.41	0.822837	0.180096	0.039418	0.992593	22.33
1.47	24.78	0.823937	0.162625	0.032098	0.992593	22.33
1.47	25.14	0.806465	0.212523	0.056005	0.992593	22.33
1.47	25.51	0.835199	0.156806	0.029440	0.992593	22.33
1.47	25.88	0.797325	0.193625	0.047021	0.992593	22.33
1.47	26.24	0.804204	0.191189	0.045453	0.992593	22.33
1.47	26.61	0.798777	0.194730	0.047472	0.992593	22.33
1.47	26.98	0.854409	0.021641	0.000548	0.992593	22.33
1.47	27.35	0.834409	0.123889	0.018394	0.992593	22.33
1.47	27.71	0.854332	0.020123	0.000474	0.992593	22.33
1.47	28.08	0.852529	0.019799	0.000460	0.992593	22.33
1.47	28.45	0.854454	0.020415	0.000488	0.992593	22.33
1.47	28.82	0.860541	0.022403	0.000583	0.992593	22.33
1.47	29.18	0.854796	0.021133	0.000522	0.992593	22.33
1.47	29.55	0.848570	0.019323	0.000440	0.992593	22.33
1.47	29.92	0.852376	0.018935	0.000421	0.992593	22.33
1.50	2.00	0.000000	0.000000	0.000000	0.992593	22.49
1.50	2.37	0.055970	0.000000	0.000000	0.992593	22.49
1.50	2.73	0.057836	0.000000	0.000000	0.992593	22.49
1.50	3.10	0.057836	0.000000	0.000000	0.992593	22.49
1.50	3.47	0.057836	0.000000	0.000000	0.992593	22.49
1.50	3.84	0.000000	0.000000	0.000000	0.992593	22.49
1.50	4.20	0.000000	0.000000	0.000000	0.992593	22.49
1.50	4.57	0.052239	0.000000	0.000000	0.992593	22.49
1.50	4.94	0.050373	0.000000	0.000000	0.992593	22.49
1.50	5.31	0.050373	0.000000	0.000000	0.992593	22.49
1.50	5.67	0.000000	0.000000	0.000000	0.992593	22.49
1.50	6.04	0.000000	0.000000	0.000000	0.992593	22.49
1.50	6.41	0.000000	0.000000	0.000000	0.992593	22.49
1.50	6.78	0.000000	0.000000	0.000000	0.992593	22.49
1.50	7.14	0.056592	0.005350	0.000506	0.992593	22.49
1.50	7.51	0.070896	0.015904	0.003568	0.992593	22.49
1.50	7.88	0.072761	0.027504	0.010397	0.992593	22.49
1.50	8.24	0.098881	0.057908	0.033912	0.992593	22.49
1.50	8.61	0.153335	0.103141	0.069378	0.992593	22.49
1.50	8.98	0.149609	0.112788	0.085029	0.992593	22.49
1.50	9.35	0.232276	0.193912	0.161885	0.992593	22.49
1.50	9.71	0.314832	0.268192	0.228462	0.992593	22.49
1.50	10.08	0.451662	0.294503	0.192029	0.992593	22.49
1.50	10.45	0.677530	0.228678	0.077183	0.992593	22.49
1.50	10.82	0.799408	0.017953	0.000403	0.992593	22.49
1.50	11.18	0.787879	0.124609	0.019708	0.992593	22.49
1.50	11.55	0.758240	0.208000	0.057058	0.992593	22.49
1.50	11.92	0.806488	0.125263	0.019456	0.992593	22.49
1.50	12.29	0.833209	0.008080	0.000078	0.992593	22.49
1.50	12.65	0.795015	0.170659	0.036634	0.992593	22.49
1.50	13.02	0.766658	0.227104	0.067274	0.992593	22.49
1.50	13.39	0.738467	0.262096	0.093023	0.992593	22.49
1.50	13.76	0.726760	0.276817	0.105437	0.992593	22.49
1.50	14.12	0.795253	0.190217	0.045498	0.992593	22.49
1.50	14.49	0.792698	0.196248	0.048585	0.992593	22.49
1.50	14.86	0.768697	0.244354	0.077676	0.992593	22.49
1.50	15.22	0.786786	0.219851	0.061433	0.992593	22.49
1.50	15.59	0.731526	0.281531	0.108349	0.992593	22.49
1.50	15.96	0.715270	0.294142	0.120960	0.992593	22.49
1.50	16.33	0.732075	0.285948	0.111691	0.992593	22.49
1.50	16.69	0.802360	0.192384	0.046128	0.992593	22.49
1.50	17.06	0.774059	0.236597	0.072317	0.992593	22.49
1.50	17.43	0.789139	0.210636	0.056223	0.992593	22.49
1.50	17.80	0.729865	0.295031	0.119259	0.992593	22.49
1.50	18.16	0.715070	0.304018	0.129256	0.992593	22.49
1.50	18.53	0.808987	0.192183	0.045655	0.992593	22.49
1.50	18.90	0.795864	0.212922	0.056964	0.992593	22.49
1.50	19.27	0.717765	0.305683	0.130184	0.992593	22.49
1.50	19.63	0.741587	0.281625	0.106950	0.992593	22.49
1.50	20.00	0.746550	0.279506	0.104646	0.992593	22.49
1.50	20.37	0.774003	0.251893	0.081976	0.992593	22.49
1.50	20.73	0.765805	0.260217	0.088421	0.992593	22.49
1.50	21.10	0.762235	0.264271	0.091624	0.992593	22.49
1.50	21.47	0.769697	0.251034	0.081874	0.992593	22.49
1.50	21.84	0.832351	0.155750	0.029144	0.992593	22.49
1.50	22.20	0.746902	0.277296	0.102950	0.992593	22.49
1.50	22.57	0.775868	0.247816	0.079154	0.992593	22.49
1.50	22.94	0.801493	0.214749	0.057539	0.992593	22.49
1.50	23.31	0.771693	0.253993	0.083599	0.992593	22.49
1.50	23.67	0.751091	0.279403	0.103937	0.992593	22.49
1.50	24.04	0.740533	0.277482	0.103974	0.992593	22.49
1.50	24.41	0.794814	0.215522	0.058441	0.992593	22.49
1.50	24.78	0.858742	0.020918	0.000510	0.992593	22.49
1.50	25.14	0.803885	0.206112	0.052846	0.992593	22.49
1.50	25.51	0.833460	0.159030	0.030344	0.992593	22.49
1.50	25.88	0.858853	0.022718	0.000601	0.992593	22.49
1.50	26.24	0.846785	0.017953	0.000381	0.992593	22.49
1.50	26.61	0.857241	0.020735	0.000502	0.992593	22.49
1.50	26.98	0.842121	0.085745	0.008731	0.992593	22.49
1.50	27.35	0.837734	0.114798	0.015731	0.992593	22.49
1.50	27.71	0.851480	0.019882	0.000464	0.992593	22.49
1.50	28.08	0.853726	0.022131	0.000574	0.992593	22.49
1.50	28.45	0.854312	0.019382	0.000440	0.992593	22.49
1.50	28.82	0.846969	0.086422	0.008818	0.992593	22.49
1.50	29.18	0.853331	0.018485	0.000400	0.992593	22.49
1.50	29.55	0.852438	0.019772	0.000459	0.992593	22.49
1.50	29.92	0.851793	0.020032	0.000471	0.992593	22.49
